timestamp,run_name,algo,env_id,seed,eval_episodes,is_perturbed,model_label,scenario_label,model_path,norm_stats_path,eval_raw_rewards,deterministic_eval,xml_perturb,obs_noise_std,reward_noise_std,action_noise_std,action_replace_prob,xml_total_mass_scale,xml_body_mass_scale,xml_body_name_selector,xml_geom_friction_scale,xml_geom_friction_component,xml_geom_name_selector,xml_gravity_component_index,xml_gravity_component_value,xml_joint_damping_scale,xml_joint_name_selector,xml_actuator_gain_scale,xml_actuator_bias_scale,mean_return,std_return,median_return,iqm_return,min_return,max_return,xml_actuator_joint_selector
1779589964,eval__HalfCheetah-v4__ppo_cont__a2p55__actuator_gain_0p5__seed10__pid3328489,ppo_cont,HalfCheetah-v4,10,30,1,a2p55,actuator_gain_0p5,/home/users/am1015/rl_runs_halfcheetah_confirm_30seed_20260521/HalfCheetah-v4__ppo_alpha_a2p55__10__1779452337/ppo_alpha_a2p55.cleanrl_model,/home/users/am1015/rl_runs_halfcheetah_confirm_30seed_20260521/HalfCheetah-v4__ppo_alpha_a2p55__10__1779452337/ppo_alpha_a2p55.cleanrl_model.norm_stats.npz,1,1,1,0.0,0.0,0.0,0.0,1.0,1.0,,1.0,-1,,-1,,1.0,,0.5,1.0,-254.5447346237792,5.900784383781492,-254.8007367202688,-254.74479691051152,-265.26671319789034,-244.41598622186788,
1779589964,eval__HalfCheetah-v4__ppo_cont__a2p55__mass_damping_0p5__seed10__pid495079,ppo_cont,HalfCheetah-v4,10,30,1,a2p55,mass_damping_0p5,/home/users/am1015/rl_runs_halfcheetah_confirm_30seed_20260521/HalfCheetah-v4__ppo_alpha_a2p55__10__1779452337/ppo_alpha_a2p55.cleanrl_model,/home/users/am1015/rl_runs_halfcheetah_confirm_30seed_20260521/HalfCheetah-v4__ppo_alpha_a2p55__10__1779452337/ppo_alpha_a2p55.cleanrl_model.norm_stats.npz,1,1,1,0.0,0.0,0.0,0.0,1.0,0.5,,1.0,-1,,-1,,0.5,,1.0,1.0,949.2380565558368,404.4045906498472,1081.2510872644275,1079.0337841608025,-243.6413032428186,1262.7827344408222,
1779589961,eval__HalfCheetah-v4__ppo_cont__a2p55__actuator_gain_0p5__seed11__pid815112,ppo_cont,HalfCheetah-v4,11,30,1,a2p55,actuator_gain_0p5,/home/users/am1015/rl_runs_halfcheetah_confirm_30seed_20260521/HalfCheetah-v4__ppo_alpha_a2p55__11__1779452337/ppo_alpha_a2p55.cleanrl_model,/home/users/am1015/rl_runs_halfcheetah_confirm_30seed_20260521/HalfCheetah-v4__ppo_alpha_a2p55__11__1779452337/ppo_alpha_a2p55.cleanrl_model.norm_stats.npz,1,1,1,0.0,0.0,0.0,0.0,1.0,1.0,,1.0,-1,,-1,,1.0,,0.5,1.0,-282.3762982526365,64.85745143148903,-296.1687421241262,-295.1797872935991,-328.2720409163723,39.831330551225406,
1779589960,eval__HalfCheetah-v4__ppo_cont__a2p55__mass_damping_0p5__seed11__pid1449090,ppo_cont,HalfCheetah-v4,11,30,1,a2p55,mass_damping_0p5,/home/users/am1015/rl_runs_halfcheetah_confirm_30seed_20260521/HalfCheetah-v4__ppo_alpha_a2p55__11__1779452337/ppo_alpha_a2p55.cleanrl_model,/home/users/am1015/rl_runs_halfcheetah_confirm_30seed_20260521/HalfCheetah-v4__ppo_alpha_a2p55__11__1779452337/ppo_alpha_a2p55.cleanrl_model.norm_stats.npz,1,1,1,0.0,0.0,0.0,0.0,1.0,0.5,,1.0,-1,,-1,,0.5,,1.0,1.0,1784.75527439817,911.2611929219778,1652.1049828075886,1692.493095184166,-265.475541469727,3610.673772036085,
1779589962,eval__HalfCheetah-v4__ppo_cont__a2p55__actuator_gain_0p5__seed12__pid1318140,ppo_cont,HalfCheetah-v4,12,30,1,a2p55,actuator_gain_0p5,/home/users/am1015/rl_runs_halfcheetah_confirm_30seed_20260521/HalfCheetah-v4__ppo_alpha_a2p55__12__1779452338/ppo_alpha_a2p55.cleanrl_model,/home/users/am1015/rl_runs_halfcheetah_confirm_30seed_20260521/HalfCheetah-v4__ppo_alpha_a2p55__12__1779452338/ppo_alpha_a2p55.cleanrl_model.norm_stats.npz,1,1,1,0.0,0.0,0.0,0.0,1.0,1.0,,1.0,-1,,-1,,1.0,,0.5,1.0,-230.73710979897567,1.5739057837821455,-230.89217011396167,-230.828620221508,-234.522329790161,-227.20363209111423,
1779589965,eval__HalfCheetah-v4__ppo_cont__a2p55__mass_damping_0p5__seed12__pid2111410,ppo_cont,HalfCheetah-v4,12,30,1,a2p55,mass_damping_0p5,/home/users/am1015/rl_runs_halfcheetah_confirm_30seed_20260521/HalfCheetah-v4__ppo_alpha_a2p55__12__1779452338/ppo_alpha_a2p55.cleanrl_model,/home/users/am1015/rl_runs_halfcheetah_confirm_30seed_20260521/HalfCheetah-v4__ppo_alpha_a2p55__12__1779452338/ppo_alpha_a2p55.cleanrl_model.norm_stats.npz,1,1,1,0.0,0.0,0.0,0.0,1.0,0.5,,1.0,-1,,-1,,0.5,,1.0,1.0,820.7301097675164,259.9525796893454,784.14890671965,781.1132865976136,498.2963263389463,1636.4408674399497,
1779589965,eval__HalfCheetah-v4__ppo_cont__a2p55__actuator_gain_0p5__seed13__pid2111425,ppo_cont,HalfCheetah-v4,13,30,1,a2p55,actuator_gain_0p5,/home/users/am1015/rl_runs_halfcheetah_confirm_30seed_20260521/HalfCheetah-v4__ppo_alpha_a2p55__13__1779452398/ppo_alpha_a2p55.cleanrl_model,/home/users/am1015/rl_runs_halfcheetah_confirm_30seed_20260521/HalfCheetah-v4__ppo_alpha_a2p55__13__1779452398/ppo_alpha_a2p55.cleanrl_model.norm_stats.npz,1,1,1,0.0,0.0,0.0,0.0,1.0,1.0,,1.0,-1,,-1,,1.0,,0.5,1.0,-307.0434934033578,4.469780026275704,-306.930970685844,-306.98096440650363,-314.604308611392,-299.7814962658193,
1779589964,eval__HalfCheetah-v4__ppo_cont__a2p55__mass_damping_0p5__seed13__pid3767826,ppo_cont,HalfCheetah-v4,13,30,1,a2p55,mass_damping_0p5,/home/users/am1015/rl_runs_halfcheetah_confirm_30seed_20260521/HalfCheetah-v4__ppo_alpha_a2p55__13__1779452398/ppo_alpha_a2p55.cleanrl_model,/home/users/am1015/rl_runs_halfcheetah_confirm_30seed_20260521/HalfCheetah-v4__ppo_alpha_a2p55__13__1779452398/ppo_alpha_a2p55.cleanrl_model.norm_stats.npz,1,1,1,0.0,0.0,0.0,0.0,1.0,0.5,,1.0,-1,,-1,,0.5,,1.0,1.0,1319.5677110425916,310.1667759155821,1378.3984090479437,1373.896101086979,-217.9652030794473,1655.6601239981972,
1779589975,eval__HalfCheetah-v4__ppo_cont__a2p55__actuator_gain_0p5__seed14__pid3845040,ppo_cont,HalfCheetah-v4,14,30,1,a2p55,actuator_gain_0p5,/home/users/am1015/rl_runs_halfcheetah_confirm_30seed_20260521/HalfCheetah-v4__ppo_alpha_a2p55__14__1779452397/ppo_alpha_a2p55.cleanrl_model,/home/users/am1015/rl_runs_halfcheetah_confirm_30seed_20260521/HalfCheetah-v4__ppo_alpha_a2p55__14__1779452397/ppo_alpha_a2p55.cleanrl_model.norm_stats.npz,1,1,1,0.0,0.0,0.0,0.0,1.0,1.0,,1.0,-1,,-1,,1.0,,0.5,1.0,-379.3757097234787,0.7191048289106236,-379.3642335846056,-379.3314674644889,-380.93429490479457,-378.1180607484622,
1779589964,eval__HalfCheetah-v4__ppo_cont__a2p55__mass_damping_0p5__seed14__pid1858560,ppo_cont,HalfCheetah-v4,14,30,1,a2p55,mass_damping_0p5,/home/users/am1015/rl_runs_halfcheetah_confirm_30seed_20260521/HalfCheetah-v4__ppo_alpha_a2p55__14__1779452397/ppo_alpha_a2p55.cleanrl_model,/home/users/am1015/rl_runs_halfcheetah_confirm_30seed_20260521/HalfCheetah-v4__ppo_alpha_a2p55__14__1779452397/ppo_alpha_a2p55.cleanrl_model.norm_stats.npz,1,1,1,0.0,0.0,0.0,0.0,1.0,0.5,,1.0,-1,,-1,,0.5,,1.0,1.0,996.0237052511352,255.8585399319084,1026.7963349711426,1029.8658006648564,-321.3548692237422,1167.5597837518708,
1779589966,eval__HalfCheetah-v4__ppo_cont__a2p55__actuator_gain_0p5__seed15__pid1858582,ppo_cont,HalfCheetah-v4,15,30,1,a2p55,actuator_gain_0p5,/home/users/am1015/rl_runs_halfcheetah_confirm_30seed_20260521/HalfCheetah-v4__ppo_alpha_a2p55__15__1779452488/ppo_alpha_a2p55.cleanrl_model,/home/users/am1015/rl_runs_halfcheetah_confirm_30seed_20260521/HalfCheetah-v4__ppo_alpha_a2p55__15__1779452488/ppo_alpha_a2p55.cleanrl_model.norm_stats.npz,1,1,1,0.0,0.0,0.0,0.0,1.0,1.0,,1.0,-1,,-1,,1.0,,0.5,1.0,-359.7147352839162,38.780826642019136,-369.4430193508776,-368.51317282849686,-397.2603311303035,-239.0372007199318,
1779589964,eval__HalfCheetah-v4__ppo_cont__a2p55__mass_damping_0p5__seed15__pid1858590,ppo_cont,HalfCheetah-v4,15,30,1,a2p55,mass_damping_0p5,/home/users/am1015/rl_runs_halfcheetah_confirm_30seed_20260521/HalfCheetah-v4__ppo_alpha_a2p55__15__1779452488/ppo_alpha_a2p55.cleanrl_model,/home/users/am1015/rl_runs_halfcheetah_confirm_30seed_20260521/HalfCheetah-v4__ppo_alpha_a2p55__15__1779452488/ppo_alpha_a2p55.cleanrl_model.norm_stats.npz,1,1,1,0.0,0.0,0.0,0.0,1.0,0.5,,1.0,-1,,-1,,0.5,,1.0,1.0,219.66970824445667,745.6715804444104,-10.516148381596974,74.622267707282,-563.9075025152913,2585.291346754655,
1779589964,eval__HalfCheetah-v4__ppo_cont__a2p55__actuator_gain_0p5__seed16__pid4186448,ppo_cont,HalfCheetah-v4,16,30,1,a2p55,actuator_gain_0p5,/home/users/am1015/rl_runs_halfcheetah_confirm_30seed_20260521/HalfCheetah-v4__ppo_alpha_a2p55__16__1779452517/ppo_alpha_a2p55.cleanrl_model,/home/users/am1015/rl_runs_halfcheetah_confirm_30seed_20260521/HalfCheetah-v4__ppo_alpha_a2p55__16__1779452517/ppo_alpha_a2p55.cleanrl_model.norm_stats.npz,1,1,1,0.0,0.0,0.0,0.0,1.0,1.0,,1.0,-1,,-1,,1.0,,0.5,1.0,-321.2459399207692,24.631168127070666,-327.6974702319494,-327.7644531487255,-329.6626985818958,-224.22116873956887,
1779589963,eval__HalfCheetah-v4__ppo_cont__a2p55__mass_damping_0p5__seed16__pid20933,ppo_cont,HalfCheetah-v4,16,30,1,a2p55,mass_damping_0p5,/home/users/am1015/rl_runs_halfcheetah_confirm_30seed_20260521/HalfCheetah-v4__ppo_alpha_a2p55__16__1779452517/ppo_alpha_a2p55.cleanrl_model,/home/users/am1015/rl_runs_halfcheetah_confirm_30seed_20260521/HalfCheetah-v4__ppo_alpha_a2p55__16__1779452517/ppo_alpha_a2p55.cleanrl_model.norm_stats.npz,1,1,1,0.0,0.0,0.0,0.0,1.0,0.5,,1.0,-1,,-1,,0.5,,1.0,1.0,702.8492874228873,265.9099273701998,681.4143743387475,660.4601841956198,316.18211865291494,1396.823420814284,
1779589964,eval__HalfCheetah-v4__ppo_cont__a2p55__actuator_gain_0p5__seed17__pid20918,ppo_cont,HalfCheetah-v4,17,30,1,a2p55,actuator_gain_0p5,/home/users/am1015/rl_runs_halfcheetah_confirm_30seed_20260521/HalfCheetah-v4__ppo_alpha_a2p55__17__1779452638/ppo_alpha_a2p55.cleanrl_model,/home/users/am1015/rl_runs_halfcheetah_confirm_30seed_20260521/HalfCheetah-v4__ppo_alpha_a2p55__17__1779452638/ppo_alpha_a2p55.cleanrl_model.norm_stats.npz,1,1,1,0.0,0.0,0.0,0.0,1.0,1.0,,1.0,-1,,-1,,1.0,,0.5,1.0,-40.386281599637,33.66145277966508,-34.34933327980428,-33.847241272378575,-155.6738643978372,-6.028325333959937,
1779589964,eval__HalfCheetah-v4__ppo_cont__a2p55__mass_damping_0p5__seed17__pid1913776,ppo_cont,HalfCheetah-v4,17,30,1,a2p55,mass_damping_0p5,/home/users/am1015/rl_runs_halfcheetah_confirm_30seed_20260521/HalfCheetah-v4__ppo_alpha_a2p55__17__1779452638/ppo_alpha_a2p55.cleanrl_model,/home/users/am1015/rl_runs_halfcheetah_confirm_30seed_20260521/HalfCheetah-v4__ppo_alpha_a2p55__17__1779452638/ppo_alpha_a2p55.cleanrl_model.norm_stats.npz,1,1,1,0.0,0.0,0.0,0.0,1.0,0.5,,1.0,-1,,-1,,0.5,,1.0,1.0,1276.024016566366,73.55025953367769,1287.1633493530978,1280.3112190094082,1127.7558583158825,1440.024893810542,
1779589964,eval__HalfCheetah-v4__ppo_cont__a2p55__actuator_gain_0p5__seed18__pid1913777,ppo_cont,HalfCheetah-v4,18,30,1,a2p55,actuator_gain_0p5,/home/users/am1015/rl_runs_halfcheetah_confirm_30seed_20260521/HalfCheetah-v4__ppo_alpha_a2p55__18__1779452848/ppo_alpha_a2p55.cleanrl_model,/home/users/am1015/rl_runs_halfcheetah_confirm_30seed_20260521/HalfCheetah-v4__ppo_alpha_a2p55__18__1779452848/ppo_alpha_a2p55.cleanrl_model.norm_stats.npz,1,1,1,0.0,0.0,0.0,0.0,1.0,1.0,,1.0,-1,,-1,,1.0,,0.5,1.0,803.8037717439668,10.812899121228966,804.7058648854734,804.7101650460024,781.6277635850358,829.5355573679994,
1779589963,eval__HalfCheetah-v4__ppo_cont__a2p55__mass_damping_0p5__seed18__pid1913775,ppo_cont,HalfCheetah-v4,18,30,1,a2p55,mass_damping_0p5,/home/users/am1015/rl_runs_halfcheetah_confirm_30seed_20260521/HalfCheetah-v4__ppo_alpha_a2p55__18__1779452848/ppo_alpha_a2p55.cleanrl_model,/home/users/am1015/rl_runs_halfcheetah_confirm_30seed_20260521/HalfCheetah-v4__ppo_alpha_a2p55__18__1779452848/ppo_alpha_a2p55.cleanrl_model.norm_stats.npz,1,1,1,0.0,0.0,0.0,0.0,1.0,0.5,,1.0,-1,,-1,,0.5,,1.0,1.0,249.3598841050171,238.51945428095172,195.00473047022103,202.19440954510875,-7.804444755413948,1048.0963462877985,
1779589964,eval__HalfCheetah-v4__ppo_cont__a2p55__actuator_gain_0p5__seed19__pid3041581,ppo_cont,HalfCheetah-v4,19,30,1,a2p55,actuator_gain_0p5,/home/users/am1015/rl_runs_halfcheetah_confirm_30seed_20260521/HalfCheetah-v4__ppo_alpha_a2p55__19__1779453118/ppo_alpha_a2p55.cleanrl_model,/home/users/am1015/rl_runs_halfcheetah_confirm_30seed_20260521/HalfCheetah-v4__ppo_alpha_a2p55__19__1779453118/ppo_alpha_a2p55.cleanrl_model.norm_stats.npz,1,1,1,0.0,0.0,0.0,0.0,1.0,1.0,,1.0,-1,,-1,,1.0,,0.5,1.0,-160.79591432882395,6.983819011977421,-161.8753573094159,-161.68723573552847,-169.91020779448564,-143.62168224579864,
1779589964,eval__HalfCheetah-v4__ppo_cont__a2p55__mass_damping_0p5__seed19__pid3041599,ppo_cont,HalfCheetah-v4,19,30,1,a2p55,mass_damping_0p5,/home/users/am1015/rl_runs_halfcheetah_confirm_30seed_20260521/HalfCheetah-v4__ppo_alpha_a2p55__19__1779453118/ppo_alpha_a2p55.cleanrl_model,/home/users/am1015/rl_runs_halfcheetah_confirm_30seed_20260521/HalfCheetah-v4__ppo_alpha_a2p55__19__1779453118/ppo_alpha_a2p55.cleanrl_model.norm_stats.npz,1,1,1,0.0,0.0,0.0,0.0,1.0,0.5,,1.0,-1,,-1,,0.5,,1.0,1.0,1440.036979239048,105.1301692802683,1434.9626673287537,1441.5763981439873,1206.9574548898645,1626.2602156847638,
1779589961,eval__HalfCheetah-v4__ppo_cont__a2p55__actuator_gain_0p5__seed1__pid1449089,ppo_cont,HalfCheetah-v4,1,30,1,a2p55,actuator_gain_0p5,/home/users/am1015/rl_runs_halfcheetah_confirm_30seed_20260521/HalfCheetah-v4__ppo_alpha_a2p55__1__1779451407/ppo_alpha_a2p55.cleanrl_model,/home/users/am1015/rl_runs_halfcheetah_confirm_30seed_20260521/HalfCheetah-v4__ppo_alpha_a2p55__1__1779451407/ppo_alpha_a2p55.cleanrl_model.norm_stats.npz,1,1,1,0.0,0.0,0.0,0.0,1.0,1.0,,1.0,-1,,-1,,1.0,,0.5,1.0,-260.70364944789594,26.67493593513162,-245.91028033851623,-249.4272680181629,-303.4016685296197,-235.9570583330081,
1779589962,eval__HalfCheetah-v4__ppo_cont__a2p55__mass_damping_0p5__seed1__pid1318139,ppo_cont,HalfCheetah-v4,1,30,1,a2p55,mass_damping_0p5,/home/users/am1015/rl_runs_halfcheetah_confirm_30seed_20260521/HalfCheetah-v4__ppo_alpha_a2p55__1__1779451407/ppo_alpha_a2p55.cleanrl_model,/home/users/am1015/rl_runs_halfcheetah_confirm_30seed_20260521/HalfCheetah-v4__ppo_alpha_a2p55__1__1779451407/ppo_alpha_a2p55.cleanrl_model.norm_stats.npz,1,1,1,0.0,0.0,0.0,0.0,1.0,0.5,,1.0,-1,,-1,,0.5,,1.0,1.0,951.3805611184296,940.9466717351256,586.9000409138373,657.7476203909579,-36.57237715967096,3177.19475013426,
1779589964,eval__HalfCheetah-v4__ppo_cont__a2p55__actuator_gain_0p5__seed20__pid3041582,ppo_cont,HalfCheetah-v4,20,30,1,a2p55,actuator_gain_0p5,/home/users/am1015/rl_runs_halfcheetah_confirm_30seed_20260521/HalfCheetah-v4__ppo_alpha_a2p55__20__1779453148/ppo_alpha_a2p55.cleanrl_model,/home/users/am1015/rl_runs_halfcheetah_confirm_30seed_20260521/HalfCheetah-v4__ppo_alpha_a2p55__20__1779453148/ppo_alpha_a2p55.cleanrl_model.norm_stats.npz,1,1,1,0.0,0.0,0.0,0.0,1.0,1.0,,1.0,-1,,-1,,1.0,,0.5,1.0,-361.5339136459754,6.561119231631274,-360.7504235344397,-361.1884651068822,-372.2833093964268,-348.2354408508924,
1779589964,eval__HalfCheetah-v4__ppo_cont__a2p55__mass_damping_0p5__seed20__pid3041583,ppo_cont,HalfCheetah-v4,20,30,1,a2p55,mass_damping_0p5,/home/users/am1015/rl_runs_halfcheetah_confirm_30seed_20260521/HalfCheetah-v4__ppo_alpha_a2p55__20__1779453148/ppo_alpha_a2p55.cleanrl_model,/home/users/am1015/rl_runs_halfcheetah_confirm_30seed_20260521/HalfCheetah-v4__ppo_alpha_a2p55__20__1779453148/ppo_alpha_a2p55.cleanrl_model.norm_stats.npz,1,1,1,0.0,0.0,0.0,0.0,1.0,0.5,,1.0,-1,,-1,,0.5,,1.0,1.0,1204.0715389821687,394.8667758222715,1278.6117574053833,1290.1910556170817,-338.24240315066425,1473.3067607442408,
1779589964,eval__HalfCheetah-v4__ppo_cont__a2p55__actuator_gain_0p5__seed21__pid637173,ppo_cont,HalfCheetah-v4,21,30,1,a2p55,actuator_gain_0p5,/home/users/am1015/rl_runs_halfcheetah_confirm_30seed_20260521/HalfCheetah-v4__ppo_alpha_a2p55__21__1779469145/ppo_alpha_a2p55.cleanrl_model,/home/users/am1015/rl_runs_halfcheetah_confirm_30seed_20260521/HalfCheetah-v4__ppo_alpha_a2p55__21__1779469145/ppo_alpha_a2p55.cleanrl_model.norm_stats.npz,1,1,1,0.0,0.0,0.0,0.0,1.0,1.0,,1.0,-1,,-1,,1.0,,0.5,1.0,-454.9815699504782,2.914396091714116,-454.9558632319949,-455.2017976659899,-459.39720186202425,-449.6018998543432,
1779589964,eval__HalfCheetah-v4__ppo_cont__a2p55__mass_damping_0p5__seed21__pid637174,ppo_cont,HalfCheetah-v4,21,30,1,a2p55,mass_damping_0p5,/home/users/am1015/rl_runs_halfcheetah_confirm_30seed_20260521/HalfCheetah-v4__ppo_alpha_a2p55__21__1779469145/ppo_alpha_a2p55.cleanrl_model,/home/users/am1015/rl_runs_halfcheetah_confirm_30seed_20260521/HalfCheetah-v4__ppo_alpha_a2p55__21__1779469145/ppo_alpha_a2p55.cleanrl_model.norm_stats.npz,1,1,1,0.0,0.0,0.0,0.0,1.0,0.5,,1.0,-1,,-1,,0.5,,1.0,1.0,475.1038613478135,511.42911947675134,566.2507512404125,577.6733848999887,-434.9164667473208,1109.6255625403082,
1779589965,eval__HalfCheetah-v4__ppo_cont__a2p55__actuator_gain_0p5__seed22__pid3922141,ppo_cont,HalfCheetah-v4,22,30,1,a2p55,actuator_gain_0p5,/home/users/am1015/rl_runs_halfcheetah_confirm_30seed_20260521/HalfCheetah-v4__ppo_alpha_a2p55__22__1779469174/ppo_alpha_a2p55.cleanrl_model,/home/users/am1015/rl_runs_halfcheetah_confirm_30seed_20260521/HalfCheetah-v4__ppo_alpha_a2p55__22__1779469174/ppo_alpha_a2p55.cleanrl_model.norm_stats.npz,1,1,1,0.0,0.0,0.0,0.0,1.0,1.0,,1.0,-1,,-1,,1.0,,0.5,1.0,-433.9554805005818,0.87328310081614,-434.0065345233302,-433.97326423104585,-435.2753641434037,-432.0985928529434,
1779589965,eval__HalfCheetah-v4__ppo_cont__a2p55__mass_damping_0p5__seed22__pid3922168,ppo_cont,HalfCheetah-v4,22,30,1,a2p55,mass_damping_0p5,/home/users/am1015/rl_runs_halfcheetah_confirm_30seed_20260521/HalfCheetah-v4__ppo_alpha_a2p55__22__1779469174/ppo_alpha_a2p55.cleanrl_model,/home/users/am1015/rl_runs_halfcheetah_confirm_30seed_20260521/HalfCheetah-v4__ppo_alpha_a2p55__22__1779469174/ppo_alpha_a2p55.cleanrl_model.norm_stats.npz,1,1,1,0.0,0.0,0.0,0.0,1.0,0.5,,1.0,-1,,-1,,0.5,,1.0,1.0,961.4756627119408,105.93514750370475,962.6435184872304,956.853662472513,734.7031746398962,1137.7637948402707,
1779589965,eval__HalfCheetah-v4__ppo_cont__a2p55__actuator_gain_0p5__seed23__pid3922190,ppo_cont,HalfCheetah-v4,23,30,1,a2p55,actuator_gain_0p5,/home/users/am1015/rl_runs_halfcheetah_confirm_30seed_20260521/HalfCheetah-v4__ppo_alpha_a2p55__23__1779469174/ppo_alpha_a2p55.cleanrl_model,/home/users/am1015/rl_runs_halfcheetah_confirm_30seed_20260521/HalfCheetah-v4__ppo_alpha_a2p55__23__1779469174/ppo_alpha_a2p55.cleanrl_model.norm_stats.npz,1,1,1,0.0,0.0,0.0,0.0,1.0,1.0,,1.0,-1,,-1,,1.0,,0.5,1.0,-287.38690249440134,23.427081352706097,-288.504202428378,-288.1615104468856,-330.7888171616209,-228.99242704884645,
1779589961,eval__HalfCheetah-v4__ppo_cont__a2p55__mass_damping_0p5__seed23__pid3850950,ppo_cont,HalfCheetah-v4,23,30,1,a2p55,mass_damping_0p5,/home/users/am1015/rl_runs_halfcheetah_confirm_30seed_20260521/HalfCheetah-v4__ppo_alpha_a2p55__23__1779469174/ppo_alpha_a2p55.cleanrl_model,/home/users/am1015/rl_runs_halfcheetah_confirm_30seed_20260521/HalfCheetah-v4__ppo_alpha_a2p55__23__1779469174/ppo_alpha_a2p55.cleanrl_model.norm_stats.npz,1,1,1,0.0,0.0,0.0,0.0,1.0,0.5,,1.0,-1,,-1,,0.5,,1.0,1.0,519.1093588168181,420.12863294623287,468.2507117732736,484.36551903101065,-320.47509276668893,1677.577808456724,
1779589961,eval__HalfCheetah-v4__ppo_cont__a2p55__actuator_gain_0p5__seed24__pid3850980,ppo_cont,HalfCheetah-v4,24,30,1,a2p55,actuator_gain_0p5,/home/users/am1015/rl_runs_halfcheetah_confirm_30seed_20260521/HalfCheetah-v4__ppo_alpha_a2p55__24__1779469204/ppo_alpha_a2p55.cleanrl_model,/home/users/am1015/rl_runs_halfcheetah_confirm_30seed_20260521/HalfCheetah-v4__ppo_alpha_a2p55__24__1779469204/ppo_alpha_a2p55.cleanrl_model.norm_stats.npz,1,1,1,0.0,0.0,0.0,0.0,1.0,1.0,,1.0,-1,,-1,,1.0,,0.5,1.0,-292.1741097281792,7.610273700668505,-293.4776064001527,-292.9462687131202,-302.892910112514,-276.52061200150126,
1779589961,eval__HalfCheetah-v4__ppo_cont__a2p55__mass_damping_0p5__seed24__pid3850978,ppo_cont,HalfCheetah-v4,24,30,1,a2p55,mass_damping_0p5,/home/users/am1015/rl_runs_halfcheetah_confirm_30seed_20260521/HalfCheetah-v4__ppo_alpha_a2p55__24__1779469204/ppo_alpha_a2p55.cleanrl_model,/home/users/am1015/rl_runs_halfcheetah_confirm_30seed_20260521/HalfCheetah-v4__ppo_alpha_a2p55__24__1779469204/ppo_alpha_a2p55.cleanrl_model.norm_stats.npz,1,1,1,0.0,0.0,0.0,0.0,1.0,0.5,,1.0,-1,,-1,,0.5,,1.0,1.0,642.3492080391054,209.672798968346,691.4788094827452,673.9999137938381,-337.35154041805725,866.4752458073538,
1779589961,eval__HalfCheetah-v4__ppo_cont__a2p55__actuator_gain_0p5__seed25__pid691064,ppo_cont,HalfCheetah-v4,25,30,1,a2p55,actuator_gain_0p5,/home/users/am1015/rl_runs_halfcheetah_confirm_30seed_20260521/HalfCheetah-v4__ppo_alpha_a2p55__25__1779469233/ppo_alpha_a2p55.cleanrl_model,/home/users/am1015/rl_runs_halfcheetah_confirm_30seed_20260521/HalfCheetah-v4__ppo_alpha_a2p55__25__1779469233/ppo_alpha_a2p55.cleanrl_model.norm_stats.npz,1,1,1,0.0,0.0,0.0,0.0,1.0,1.0,,1.0,-1,,-1,,1.0,,0.5,1.0,37.2868046048091,25.940841959533284,36.671673868383984,38.18518336123953,-17.838162363060377,82.93581202615066,
1779589961,eval__HalfCheetah-v4__ppo_cont__a2p55__mass_damping_0p5__seed25__pid691109,ppo_cont,HalfCheetah-v4,25,30,1,a2p55,mass_damping_0p5,/home/users/am1015/rl_runs_halfcheetah_confirm_30seed_20260521/HalfCheetah-v4__ppo_alpha_a2p55__25__1779469233/ppo_alpha_a2p55.cleanrl_model,/home/users/am1015/rl_runs_halfcheetah_confirm_30seed_20260521/HalfCheetah-v4__ppo_alpha_a2p55__25__1779469233/ppo_alpha_a2p55.cleanrl_model.norm_stats.npz,1,1,1,0.0,0.0,0.0,0.0,1.0,0.5,,1.0,-1,,-1,,0.5,,1.0,1.0,982.1655036335604,549.5423404491058,994.288250820148,956.8452114305092,33.472524177699846,2243.9156713639272,
1779589961,eval__HalfCheetah-v4__ppo_cont__a2p55__actuator_gain_0p5__seed26__pid691095,ppo_cont,HalfCheetah-v4,26,30,1,a2p55,actuator_gain_0p5,/home/users/am1015/rl_runs_halfcheetah_confirm_30seed_20260521/HalfCheetah-v4__ppo_alpha_a2p55__26__1779469264/ppo_alpha_a2p55.cleanrl_model,/home/users/am1015/rl_runs_halfcheetah_confirm_30seed_20260521/HalfCheetah-v4__ppo_alpha_a2p55__26__1779469264/ppo_alpha_a2p55.cleanrl_model.norm_stats.npz,1,1,1,0.0,0.0,0.0,0.0,1.0,1.0,,1.0,-1,,-1,,1.0,,0.5,1.0,-241.5747676141888,6.565960453878524,-240.82732337954505,-241.49920534329863,-253.9164231033336,-231.43513861612,
1779589961,eval__HalfCheetah-v4__ppo_cont__a2p55__mass_damping_0p5__seed26__pid691092,ppo_cont,HalfCheetah-v4,26,30,1,a2p55,mass_damping_0p5,/home/users/am1015/rl_runs_halfcheetah_confirm_30seed_20260521/HalfCheetah-v4__ppo_alpha_a2p55__26__1779469264/ppo_alpha_a2p55.cleanrl_model,/home/users/am1015/rl_runs_halfcheetah_confirm_30seed_20260521/HalfCheetah-v4__ppo_alpha_a2p55__26__1779469264/ppo_alpha_a2p55.cleanrl_model.norm_stats.npz,1,1,1,0.0,0.0,0.0,0.0,1.0,0.5,,1.0,-1,,-1,,0.5,,1.0,1.0,1009.1470459261096,391.0894189198309,1088.7194725790123,1095.352711288618,-418.8804740080428,1234.947983959872,
1779589961,eval__HalfCheetah-v4__ppo_cont__a2p55__actuator_gain_0p5__seed27__pid646205,ppo_cont,HalfCheetah-v4,27,30,1,a2p55,actuator_gain_0p5,/home/users/am1015/rl_runs_halfcheetah_confirm_30seed_20260521/HalfCheetah-v4__ppo_alpha_a2p55__27__1779469294/ppo_alpha_a2p55.cleanrl_model,/home/users/am1015/rl_runs_halfcheetah_confirm_30seed_20260521/HalfCheetah-v4__ppo_alpha_a2p55__27__1779469294/ppo_alpha_a2p55.cleanrl_model.norm_stats.npz,1,1,1,0.0,0.0,0.0,0.0,1.0,1.0,,1.0,-1,,-1,,1.0,,0.5,1.0,-339.61101952853465,44.96958203103837,-335.6775645624101,-337.5578141223671,-433.5545741682121,-267.1425735034987,
1779589961,eval__HalfCheetah-v4__ppo_cont__a2p55__mass_damping_0p5__seed27__pid646250,ppo_cont,HalfCheetah-v4,27,30,1,a2p55,mass_damping_0p5,/home/users/am1015/rl_runs_halfcheetah_confirm_30seed_20260521/HalfCheetah-v4__ppo_alpha_a2p55__27__1779469294/ppo_alpha_a2p55.cleanrl_model,/home/users/am1015/rl_runs_halfcheetah_confirm_30seed_20260521/HalfCheetah-v4__ppo_alpha_a2p55__27__1779469294/ppo_alpha_a2p55.cleanrl_model.norm_stats.npz,1,1,1,0.0,0.0,0.0,0.0,1.0,0.5,,1.0,-1,,-1,,0.5,,1.0,1.0,1025.8728395049006,63.78379765954583,1022.2711075647348,1020.7502917306912,922.8597973236078,1161.5996224701146,
1779589961,eval__HalfCheetah-v4__ppo_cont__a2p55__actuator_gain_0p5__seed28__pid646251,ppo_cont,HalfCheetah-v4,28,30,1,a2p55,actuator_gain_0p5,/home/users/am1015/rl_runs_halfcheetah_confirm_30seed_20260521/HalfCheetah-v4__ppo_alpha_a2p55__28__1779469295/ppo_alpha_a2p55.cleanrl_model,/home/users/am1015/rl_runs_halfcheetah_confirm_30seed_20260521/HalfCheetah-v4__ppo_alpha_a2p55__28__1779469295/ppo_alpha_a2p55.cleanrl_model.norm_stats.npz,1,1,1,0.0,0.0,0.0,0.0,1.0,1.0,,1.0,-1,,-1,,1.0,,0.5,1.0,-253.1032373550169,4.564129588822042,-252.63363331516447,-253.00103816729376,-260.43442759541546,-245.0955826308605,
1779589961,eval__HalfCheetah-v4__ppo_cont__a2p55__mass_damping_0p5__seed28__pid646241,ppo_cont,HalfCheetah-v4,28,30,1,a2p55,mass_damping_0p5,/home/users/am1015/rl_runs_halfcheetah_confirm_30seed_20260521/HalfCheetah-v4__ppo_alpha_a2p55__28__1779469295/ppo_alpha_a2p55.cleanrl_model,/home/users/am1015/rl_runs_halfcheetah_confirm_30seed_20260521/HalfCheetah-v4__ppo_alpha_a2p55__28__1779469295/ppo_alpha_a2p55.cleanrl_model.norm_stats.npz,1,1,1,0.0,0.0,0.0,0.0,1.0,0.5,,1.0,-1,,-1,,0.5,,1.0,1.0,924.0577935095846,155.13789753865709,947.3188223313584,941.8464427152728,232.35643274839128,1146.9038043727758,
1779589965,eval__HalfCheetah-v4__ppo_cont__a2p55__actuator_gain_0p5__seed29__pid2351827,ppo_cont,HalfCheetah-v4,29,30,1,a2p55,actuator_gain_0p5,/home/users/am1015/rl_runs_halfcheetah_confirm_30seed_20260521/HalfCheetah-v4__ppo_alpha_a2p55__29__1779469594/ppo_alpha_a2p55.cleanrl_model,/home/users/am1015/rl_runs_halfcheetah_confirm_30seed_20260521/HalfCheetah-v4__ppo_alpha_a2p55__29__1779469594/ppo_alpha_a2p55.cleanrl_model.norm_stats.npz,1,1,1,0.0,0.0,0.0,0.0,1.0,1.0,,1.0,-1,,-1,,1.0,,0.5,1.0,-230.48803956798693,15.211682240804793,-233.3824648726464,-232.3288834215409,-255.0445307000648,-179.0119938977984,
1779589966,eval__HalfCheetah-v4__ppo_cont__a2p55__mass_damping_0p5__seed29__pid2351787,ppo_cont,HalfCheetah-v4,29,30,1,a2p55,mass_damping_0p5,/home/users/am1015/rl_runs_halfcheetah_confirm_30seed_20260521/HalfCheetah-v4__ppo_alpha_a2p55__29__1779469594/ppo_alpha_a2p55.cleanrl_model,/home/users/am1015/rl_runs_halfcheetah_confirm_30seed_20260521/HalfCheetah-v4__ppo_alpha_a2p55__29__1779469594/ppo_alpha_a2p55.cleanrl_model.norm_stats.npz,1,1,1,0.0,0.0,0.0,0.0,1.0,0.5,,1.0,-1,,-1,,0.5,,1.0,1.0,1009.7558271619076,678.7510071232792,1089.7942889172532,1075.160558873475,-147.8065334721106,2025.7346563408823,
1779589965,eval__HalfCheetah-v4__ppo_cont__a2p55__actuator_gain_0p5__seed2__pid637142,ppo_cont,HalfCheetah-v4,2,30,1,a2p55,actuator_gain_0p5,/home/users/am1015/rl_runs_halfcheetah_confirm_30seed_20260521/HalfCheetah-v4__ppo_alpha_a2p55__2__1779451888/ppo_alpha_a2p55.cleanrl_model,/home/users/am1015/rl_runs_halfcheetah_confirm_30seed_20260521/HalfCheetah-v4__ppo_alpha_a2p55__2__1779451888/ppo_alpha_a2p55.cleanrl_model.norm_stats.npz,1,1,1,0.0,0.0,0.0,0.0,1.0,1.0,,1.0,-1,,-1,,1.0,,0.5,1.0,-250.10274967969443,2.6245145914978685,-250.46383119447472,-250.5403650082456,-254.0543233984091,-243.831603590321,
1779589965,eval__HalfCheetah-v4__ppo_cont__a2p55__mass_damping_0p5__seed2__pid3922189,ppo_cont,HalfCheetah-v4,2,30,1,a2p55,mass_damping_0p5,/home/users/am1015/rl_runs_halfcheetah_confirm_30seed_20260521/HalfCheetah-v4__ppo_alpha_a2p55__2__1779451888/ppo_alpha_a2p55.cleanrl_model,/home/users/am1015/rl_runs_halfcheetah_confirm_30seed_20260521/HalfCheetah-v4__ppo_alpha_a2p55__2__1779451888/ppo_alpha_a2p55.cleanrl_model.norm_stats.npz,1,1,1,0.0,0.0,0.0,0.0,1.0,0.5,,1.0,-1,,-1,,0.5,,1.0,1.0,611.880304365616,744.4367121935949,510.2968802044083,483.6018802848025,-476.72902970406267,2638.8503236710567,
1779589965,eval__HalfCheetah-v4__ppo_cont__a2p55__actuator_gain_0p5__seed30__pid2351832,ppo_cont,HalfCheetah-v4,30,30,1,a2p55,actuator_gain_0p5,/home/users/am1015/rl_runs_halfcheetah_confirm_30seed_20260521/HalfCheetah-v4__ppo_alpha_a2p55__30__1779471817/ppo_alpha_a2p55.cleanrl_model,/home/users/am1015/rl_runs_halfcheetah_confirm_30seed_20260521/HalfCheetah-v4__ppo_alpha_a2p55__30__1779471817/ppo_alpha_a2p55.cleanrl_model.norm_stats.npz,1,1,1,0.0,0.0,0.0,0.0,1.0,1.0,,1.0,-1,,-1,,1.0,,0.5,1.0,854.1581586976429,428.0180700542397,994.0604837016658,992.9642466816456,-409.95077753807993,1015.7441088784068,
1779589965,eval__HalfCheetah-v4__ppo_cont__a2p55__mass_damping_0p5__seed30__pid2351833,ppo_cont,HalfCheetah-v4,30,30,1,a2p55,mass_damping_0p5,/home/users/am1015/rl_runs_halfcheetah_confirm_30seed_20260521/HalfCheetah-v4__ppo_alpha_a2p55__30__1779471817/ppo_alpha_a2p55.cleanrl_model,/home/users/am1015/rl_runs_halfcheetah_confirm_30seed_20260521/HalfCheetah-v4__ppo_alpha_a2p55__30__1779471817/ppo_alpha_a2p55.cleanrl_model.norm_stats.npz,1,1,1,0.0,0.0,0.0,0.0,1.0,0.5,,1.0,-1,,-1,,0.5,,1.0,1.0,753.1003855101133,460.24528967404336,902.5797519385552,883.0715214324351,-536.3439264923196,1333.5485692325556,
1779589960,eval__HalfCheetah-v4__ppo_cont__a2p55__actuator_gain_0p5__seed3__pid1209315,ppo_cont,HalfCheetah-v4,3,30,1,a2p55,actuator_gain_0p5,/home/users/am1015/rl_runs_halfcheetah_confirm_30seed_20260521/HalfCheetah-v4__ppo_alpha_a2p55__3__1779452008/ppo_alpha_a2p55.cleanrl_model,/home/users/am1015/rl_runs_halfcheetah_confirm_30seed_20260521/HalfCheetah-v4__ppo_alpha_a2p55__3__1779452008/ppo_alpha_a2p55.cleanrl_model.norm_stats.npz,1,1,1,0.0,0.0,0.0,0.0,1.0,1.0,,1.0,-1,,-1,,1.0,,0.5,1.0,-333.3758572609113,2.124532138744411,-332.98291332087604,-333.2686182796398,-336.92288815703,-329.7594229757831,
1779589960,eval__HalfCheetah-v4__ppo_cont__a2p55__mass_damping_0p5__seed3__pid1209358,ppo_cont,HalfCheetah-v4,3,30,1,a2p55,mass_damping_0p5,/home/users/am1015/rl_runs_halfcheetah_confirm_30seed_20260521/HalfCheetah-v4__ppo_alpha_a2p55__3__1779452008/ppo_alpha_a2p55.cleanrl_model,/home/users/am1015/rl_runs_halfcheetah_confirm_30seed_20260521/HalfCheetah-v4__ppo_alpha_a2p55__3__1779452008/ppo_alpha_a2p55.cleanrl_model.norm_stats.npz,1,1,1,0.0,0.0,0.0,0.0,1.0,0.5,,1.0,-1,,-1,,0.5,,1.0,1.0,1092.716811700286,54.18794420741223,1095.085034856013,1097.0828998831978,967.9395858982572,1197.9996981543252,
1779589961,eval__HalfCheetah-v4__ppo_cont__a2p55__actuator_gain_0p5__seed4__pid1209360,ppo_cont,HalfCheetah-v4,4,30,1,a2p55,actuator_gain_0p5,/home/users/am1015/rl_runs_halfcheetah_confirm_30seed_20260521/HalfCheetah-v4__ppo_alpha_a2p55__4__1779452247/ppo_alpha_a2p55.cleanrl_model,/home/users/am1015/rl_runs_halfcheetah_confirm_30seed_20260521/HalfCheetah-v4__ppo_alpha_a2p55__4__1779452247/ppo_alpha_a2p55.cleanrl_model.norm_stats.npz,1,1,1,0.0,0.0,0.0,0.0,1.0,1.0,,1.0,-1,,-1,,1.0,,0.5,1.0,731.5105549929616,15.54596491095845,732.2916935071557,732.4914360792721,690.9793856540934,761.3815665284428,
1779589960,eval__HalfCheetah-v4__ppo_cont__a2p55__mass_damping_0p5__seed4__pid1209330,ppo_cont,HalfCheetah-v4,4,30,1,a2p55,mass_damping_0p5,/home/users/am1015/rl_runs_halfcheetah_confirm_30seed_20260521/HalfCheetah-v4__ppo_alpha_a2p55__4__1779452247/ppo_alpha_a2p55.cleanrl_model,/home/users/am1015/rl_runs_halfcheetah_confirm_30seed_20260521/HalfCheetah-v4__ppo_alpha_a2p55__4__1779452247/ppo_alpha_a2p55.cleanrl_model.norm_stats.npz,1,1,1,0.0,0.0,0.0,0.0,1.0,0.5,,1.0,-1,,-1,,0.5,,1.0,1.0,527.9035361602274,419.4521471837572,502.4088525595872,512.7981249040997,-525.3060598541579,1650.6695993300505,
1779589990,eval__HalfCheetah-v4__ppo_cont__a2p55__actuator_gain_0p5__seed5__pid3768270,ppo_cont,HalfCheetah-v4,5,30,1,a2p55,actuator_gain_0p5,/home/users/am1015/rl_runs_halfcheetah_confirm_30seed_20260521/HalfCheetah-v4__ppo_alpha_a2p55__5__1779452247/ppo_alpha_a2p55.cleanrl_model,/home/users/am1015/rl_runs_halfcheetah_confirm_30seed_20260521/HalfCheetah-v4__ppo_alpha_a2p55__5__1779452247/ppo_alpha_a2p55.cleanrl_model.norm_stats.npz,1,1,1,0.0,0.0,0.0,0.0,1.0,1.0,,1.0,-1,,-1,,1.0,,0.5,1.0,-204.1342898485349,1.6896364371595884,-204.3834700340049,-204.25197476825983,-207.16589749335884,-200.33232350044395,
1779589988,eval__HalfCheetah-v4__ppo_cont__a2p55__mass_damping_0p5__seed5__pid3328605,ppo_cont,HalfCheetah-v4,5,30,1,a2p55,mass_damping_0p5,/home/users/am1015/rl_runs_halfcheetah_confirm_30seed_20260521/HalfCheetah-v4__ppo_alpha_a2p55__5__1779452247/ppo_alpha_a2p55.cleanrl_model,/home/users/am1015/rl_runs_halfcheetah_confirm_30seed_20260521/HalfCheetah-v4__ppo_alpha_a2p55__5__1779452247/ppo_alpha_a2p55.cleanrl_model.norm_stats.npz,1,1,1,0.0,0.0,0.0,0.0,1.0,0.5,,1.0,-1,,-1,,0.5,,1.0,1.0,1103.4244714345175,52.43270506499071,1108.6914339946495,1106.4849353478062,1027.7068587837243,1204.46841892587,
1779589988,eval__HalfCheetah-v4__ppo_cont__a2p55__actuator_gain_0p5__seed6__pid495180,ppo_cont,HalfCheetah-v4,6,30,1,a2p55,actuator_gain_0p5,/home/users/am1015/rl_runs_halfcheetah_confirm_30seed_20260521/HalfCheetah-v4__ppo_alpha_a2p55__6__1779452247/ppo_alpha_a2p55.cleanrl_model,/home/users/am1015/rl_runs_halfcheetah_confirm_30seed_20260521/HalfCheetah-v4__ppo_alpha_a2p55__6__1779452247/ppo_alpha_a2p55.cleanrl_model.norm_stats.npz,1,1,1,0.0,0.0,0.0,0.0,1.0,1.0,,1.0,-1,,-1,,1.0,,0.5,1.0,175.19598389109984,198.59665022728583,271.64665012121884,270.43775206383026,-217.89818697060204,285.7323866722409,
1779589987,eval__HalfCheetah-v4__ppo_cont__a2p55__mass_damping_0p5__seed6__pid815198,ppo_cont,HalfCheetah-v4,6,30,1,a2p55,mass_damping_0p5,/home/users/am1015/rl_runs_halfcheetah_confirm_30seed_20260521/HalfCheetah-v4__ppo_alpha_a2p55__6__1779452247/ppo_alpha_a2p55.cleanrl_model,/home/users/am1015/rl_runs_halfcheetah_confirm_30seed_20260521/HalfCheetah-v4__ppo_alpha_a2p55__6__1779452247/ppo_alpha_a2p55.cleanrl_model.norm_stats.npz,1,1,1,0.0,0.0,0.0,0.0,1.0,0.5,,1.0,-1,,-1,,0.5,,1.0,1.0,939.684179373169,75.8556283437108,945.5507023681836,939.7001747996802,822.7015474060023,1103.2772043439734,
1779589988,eval__HalfCheetah-v4__ppo_cont__a2p55__actuator_gain_0p5__seed7__pid1449261,ppo_cont,HalfCheetah-v4,7,30,1,a2p55,actuator_gain_0p5,/home/users/am1015/rl_runs_halfcheetah_confirm_30seed_20260521/HalfCheetah-v4__ppo_alpha_a2p55__7__1779452278/ppo_alpha_a2p55.cleanrl_model,/home/users/am1015/rl_runs_halfcheetah_confirm_30seed_20260521/HalfCheetah-v4__ppo_alpha_a2p55__7__1779452278/ppo_alpha_a2p55.cleanrl_model.norm_stats.npz,1,1,1,0.0,0.0,0.0,0.0,1.0,1.0,,1.0,-1,,-1,,1.0,,0.5,1.0,-176.33653762635868,17.378554460018652,-173.1428099665337,-173.53645270563337,-247.91096779676667,-149.50340859092665,
1779589987,eval__HalfCheetah-v4__ppo_cont__a2p55__mass_damping_0p5__seed7__pid1449246,ppo_cont,HalfCheetah-v4,7,30,1,a2p55,mass_damping_0p5,/home/users/am1015/rl_runs_halfcheetah_confirm_30seed_20260521/HalfCheetah-v4__ppo_alpha_a2p55__7__1779452278/ppo_alpha_a2p55.cleanrl_model,/home/users/am1015/rl_runs_halfcheetah_confirm_30seed_20260521/HalfCheetah-v4__ppo_alpha_a2p55__7__1779452278/ppo_alpha_a2p55.cleanrl_model.norm_stats.npz,1,1,1,0.0,0.0,0.0,0.0,1.0,0.5,,1.0,-1,,-1,,0.5,,1.0,1.0,1076.8052320165932,554.3837681540163,962.4918384615838,966.351846180711,122.01753242059448,2821.7853127178428,
1779589988,eval__HalfCheetah-v4__ppo_cont__a2p55__actuator_gain_0p5__seed8__pid1318302,ppo_cont,HalfCheetah-v4,8,30,1,a2p55,actuator_gain_0p5,/home/users/am1015/rl_runs_halfcheetah_confirm_30seed_20260521/HalfCheetah-v4__ppo_alpha_a2p55__8__1779452308/ppo_alpha_a2p55.cleanrl_model,/home/users/am1015/rl_runs_halfcheetah_confirm_30seed_20260521/HalfCheetah-v4__ppo_alpha_a2p55__8__1779452308/ppo_alpha_a2p55.cleanrl_model.norm_stats.npz,1,1,1,0.0,0.0,0.0,0.0,1.0,1.0,,1.0,-1,,-1,,1.0,,0.5,1.0,-300.1520922172778,3.3665310666332555,-300.6143480259758,-300.43282447635966,-305.66500380761954,-290.9951953342602,
1779589988,eval__HalfCheetah-v4__ppo_cont__a2p55__mass_damping_0p5__seed8__pid1318287,ppo_cont,HalfCheetah-v4,8,30,1,a2p55,mass_damping_0p5,/home/users/am1015/rl_runs_halfcheetah_confirm_30seed_20260521/HalfCheetah-v4__ppo_alpha_a2p55__8__1779452308/ppo_alpha_a2p55.cleanrl_model,/home/users/am1015/rl_runs_halfcheetah_confirm_30seed_20260521/HalfCheetah-v4__ppo_alpha_a2p55__8__1779452308/ppo_alpha_a2p55.cleanrl_model.norm_stats.npz,1,1,1,0.0,0.0,0.0,0.0,1.0,0.5,,1.0,-1,,-1,,0.5,,1.0,1.0,1316.740704588162,87.31175532531708,1313.916053663547,1316.297606197984,1160.9070274718258,1541.6727626610489,
1779589989,eval__HalfCheetah-v4__ppo_cont__a2p55__actuator_gain_0p5__seed9__pid2111609,ppo_cont,HalfCheetah-v4,9,30,1,a2p55,actuator_gain_0p5,/home/users/am1015/rl_runs_halfcheetah_confirm_30seed_20260521/HalfCheetah-v4__ppo_alpha_a2p55__9__1779452307/ppo_alpha_a2p55.cleanrl_model,/home/users/am1015/rl_runs_halfcheetah_confirm_30seed_20260521/HalfCheetah-v4__ppo_alpha_a2p55__9__1779452307/ppo_alpha_a2p55.cleanrl_model.norm_stats.npz,1,1,1,0.0,0.0,0.0,0.0,1.0,1.0,,1.0,-1,,-1,,1.0,,0.5,1.0,-201.2712286428813,0.9790191566479916,-201.18035980926325,-201.2200867896616,-203.23942507590016,-199.4190637563956,
1779589989,eval__HalfCheetah-v4__ppo_cont__a2p55__mass_damping_0p5__seed9__pid2111595,ppo_cont,HalfCheetah-v4,9,30,1,a2p55,mass_damping_0p5,/home/users/am1015/rl_runs_halfcheetah_confirm_30seed_20260521/HalfCheetah-v4__ppo_alpha_a2p55__9__1779452307/ppo_alpha_a2p55.cleanrl_model,/home/users/am1015/rl_runs_halfcheetah_confirm_30seed_20260521/HalfCheetah-v4__ppo_alpha_a2p55__9__1779452307/ppo_alpha_a2p55.cleanrl_model.norm_stats.npz,1,1,1,0.0,0.0,0.0,0.0,1.0,0.5,,1.0,-1,,-1,,0.5,,1.0,1.0,1196.814654299926,49.40284480587403,1211.3885101348449,1205.6827355164305,1083.7890840328728,1271.492547305246,
1779589991,eval__HalfCheetah-v4__ppo_cont__a2p65__actuator_gain_0p5__seed10__pid4186519,ppo_cont,HalfCheetah-v4,10,30,1,a2p65,actuator_gain_0p5,/home/users/am1015/rl_runs_halfcheetah_confirm_30seed_20260521/HalfCheetah-v4__ppo_alpha_a2p65__10__1779474099/ppo_alpha_a2p65.cleanrl_model,/home/users/am1015/rl_runs_halfcheetah_confirm_30seed_20260521/HalfCheetah-v4__ppo_alpha_a2p65__10__1779474099/ppo_alpha_a2p65.cleanrl_model.norm_stats.npz,1,1,1,0.0,0.0,0.0,0.0,1.0,1.0,,1.0,-1,,-1,,1.0,,0.5,1.0,-272.29711019941413,0.9908884363052816,-272.3882839724422,-272.36033882586315,-274.6774421181945,-270.5298943464589,
1779589990,eval__HalfCheetah-v4__ppo_cont__a2p65__mass_damping_0p5__seed10__pid21086,ppo_cont,HalfCheetah-v4,10,30,1,a2p65,mass_damping_0p5,/home/users/am1015/rl_runs_halfcheetah_confirm_30seed_20260521/HalfCheetah-v4__ppo_alpha_a2p65__10__1779474099/ppo_alpha_a2p65.cleanrl_model,/home/users/am1015/rl_runs_halfcheetah_confirm_30seed_20260521/HalfCheetah-v4__ppo_alpha_a2p65__10__1779474099/ppo_alpha_a2p65.cleanrl_model.norm_stats.npz,1,1,1,0.0,0.0,0.0,0.0,1.0,0.5,,1.0,-1,,-1,,0.5,,1.0,1.0,983.1557998972952,57.00319535505892,988.627604731046,984.7138864443948,859.5318689531905,1101.1879398672152,
1779589991,eval__HalfCheetah-v4__ppo_cont__a2p65__actuator_gain_0p5__seed11__pid21071,ppo_cont,HalfCheetah-v4,11,30,1,a2p65,actuator_gain_0p5,/home/users/am1015/rl_runs_halfcheetah_confirm_30seed_20260521/HalfCheetah-v4__ppo_alpha_a2p65__11__1779474158/ppo_alpha_a2p65.cleanrl_model,/home/users/am1015/rl_runs_halfcheetah_confirm_30seed_20260521/HalfCheetah-v4__ppo_alpha_a2p65__11__1779474158/ppo_alpha_a2p65.cleanrl_model.norm_stats.npz,1,1,1,0.0,0.0,0.0,0.0,1.0,1.0,,1.0,-1,,-1,,1.0,,0.5,1.0,-383.2799077993659,10.69064661935682,-385.5094972624828,-384.0682207819169,-407.75058450727016,-362.4103131102031,
1779589991,eval__HalfCheetah-v4__ppo_cont__a2p65__mass_damping_0p5__seed11__pid1913974,ppo_cont,HalfCheetah-v4,11,30,1,a2p65,mass_damping_0p5,/home/users/am1015/rl_runs_halfcheetah_confirm_30seed_20260521/HalfCheetah-v4__ppo_alpha_a2p65__11__1779474158/ppo_alpha_a2p65.cleanrl_model,/home/users/am1015/rl_runs_halfcheetah_confirm_30seed_20260521/HalfCheetah-v4__ppo_alpha_a2p65__11__1779474158/ppo_alpha_a2p65.cleanrl_model.norm_stats.npz,1,1,1,0.0,0.0,0.0,0.0,1.0,0.5,,1.0,-1,,-1,,0.5,,1.0,1.0,351.72101501303695,500.2419919011913,252.7974074219541,251.1076205510392,-210.02813632739628,2227.757312561252,
1779589992,eval__HalfCheetah-v4__ppo_cont__a2p65__actuator_gain_0p5__seed12__pid3041880,ppo_cont,HalfCheetah-v4,12,30,1,a2p65,actuator_gain_0p5,/home/users/am1015/rl_runs_halfcheetah_confirm_30seed_20260521/HalfCheetah-v4__ppo_alpha_a2p65__12__1779474158/ppo_alpha_a2p65.cleanrl_model,/home/users/am1015/rl_runs_halfcheetah_confirm_30seed_20260521/HalfCheetah-v4__ppo_alpha_a2p65__12__1779474158/ppo_alpha_a2p65.cleanrl_model.norm_stats.npz,1,1,1,0.0,0.0,0.0,0.0,1.0,1.0,,1.0,-1,,-1,,1.0,,0.5,1.0,219.23838967386075,127.371318997401,262.90957639784256,261.2116105155404,-142.82673157869633,332.39913691856617,
1779589992,eval__HalfCheetah-v4__ppo_cont__a2p65__mass_damping_0p5__seed12__pid3041864,ppo_cont,HalfCheetah-v4,12,30,1,a2p65,mass_damping_0p5,/home/users/am1015/rl_runs_halfcheetah_confirm_30seed_20260521/HalfCheetah-v4__ppo_alpha_a2p65__12__1779474158/ppo_alpha_a2p65.cleanrl_model,/home/users/am1015/rl_runs_halfcheetah_confirm_30seed_20260521/HalfCheetah-v4__ppo_alpha_a2p65__12__1779474158/ppo_alpha_a2p65.cleanrl_model.norm_stats.npz,1,1,1,0.0,0.0,0.0,0.0,1.0,0.5,,1.0,-1,,-1,,0.5,,1.0,1.0,-148.24887450606332,304.6947238577564,-257.7729985640589,-230.58833415594967,-486.34819820961593,519.5180621220074,
1779589992,eval__HalfCheetah-v4__ppo_cont__a2p65__actuator_gain_0p5__seed13__pid3041857,ppo_cont,HalfCheetah-v4,13,30,1,a2p65,actuator_gain_0p5,/home/users/am1015/rl_runs_halfcheetah_confirm_30seed_20260521/HalfCheetah-v4__ppo_alpha_a2p65__13__1779474219/ppo_alpha_a2p65.cleanrl_model,/home/users/am1015/rl_runs_halfcheetah_confirm_30seed_20260521/HalfCheetah-v4__ppo_alpha_a2p65__13__1779474219/ppo_alpha_a2p65.cleanrl_model.norm_stats.npz,1,1,1,0.0,0.0,0.0,0.0,1.0,1.0,,1.0,-1,,-1,,1.0,,0.5,1.0,-488.7844759948942,19.72106975475881,-488.1214381879608,-488.11006010561806,-522.0575478976389,-458.76231589653656,
1779589991,eval__HalfCheetah-v4__ppo_cont__a2p65__mass_damping_0p5__seed13__pid3041863,ppo_cont,HalfCheetah-v4,13,30,1,a2p65,mass_damping_0p5,/home/users/am1015/rl_runs_halfcheetah_confirm_30seed_20260521/HalfCheetah-v4__ppo_alpha_a2p65__13__1779474219/ppo_alpha_a2p65.cleanrl_model,/home/users/am1015/rl_runs_halfcheetah_confirm_30seed_20260521/HalfCheetah-v4__ppo_alpha_a2p65__13__1779474219/ppo_alpha_a2p65.cleanrl_model.norm_stats.npz,1,1,1,0.0,0.0,0.0,0.0,1.0,0.5,,1.0,-1,,-1,,0.5,,1.0,1.0,1037.6363151309165,295.857709769707,1099.1094960264822,1088.3647616284577,-477.3900115829608,1246.3288829104902,
1779589991,eval__HalfCheetah-v4__ppo_cont__a2p65__actuator_gain_0p5__seed14__pid637375,ppo_cont,HalfCheetah-v4,14,30,1,a2p65,actuator_gain_0p5,/home/users/am1015/rl_runs_halfcheetah_confirm_30seed_20260521/HalfCheetah-v4__ppo_alpha_a2p65__14__1779474309/ppo_alpha_a2p65.cleanrl_model,/home/users/am1015/rl_runs_halfcheetah_confirm_30seed_20260521/HalfCheetah-v4__ppo_alpha_a2p65__14__1779474309/ppo_alpha_a2p65.cleanrl_model.norm_stats.npz,1,1,1,0.0,0.0,0.0,0.0,1.0,1.0,,1.0,-1,,-1,,1.0,,0.5,1.0,-322.4095928286968,0.885737239422289,-322.16613583814075,-322.27847425685513,-324.15397378596305,-320.68783385163766,
1779589994,eval__HalfCheetah-v4__ppo_cont__a2p65__mass_damping_0p5__seed14__pid637389,ppo_cont,HalfCheetah-v4,14,30,1,a2p65,mass_damping_0p5,/home/users/am1015/rl_runs_halfcheetah_confirm_30seed_20260521/HalfCheetah-v4__ppo_alpha_a2p65__14__1779474309/ppo_alpha_a2p65.cleanrl_model,/home/users/am1015/rl_runs_halfcheetah_confirm_30seed_20260521/HalfCheetah-v4__ppo_alpha_a2p65__14__1779474309/ppo_alpha_a2p65.cleanrl_model.norm_stats.npz,1,1,1,0.0,0.0,0.0,0.0,1.0,0.5,,1.0,-1,,-1,,0.5,,1.0,1.0,443.7886078330184,271.570897169968,492.576755495932,489.6433904032029,-234.7135494374494,1140.7286444088877,
1779589992,eval__HalfCheetah-v4__ppo_cont__a2p65__actuator_gain_0p5__seed15__pid637363,ppo_cont,HalfCheetah-v4,15,30,1,a2p65,actuator_gain_0p5,/home/users/am1015/rl_runs_halfcheetah_confirm_30seed_20260521/HalfCheetah-v4__ppo_alpha_a2p65__15__1779474338/ppo_alpha_a2p65.cleanrl_model,/home/users/am1015/rl_runs_halfcheetah_confirm_30seed_20260521/HalfCheetah-v4__ppo_alpha_a2p65__15__1779474338/ppo_alpha_a2p65.cleanrl_model.norm_stats.npz,1,1,1,0.0,0.0,0.0,0.0,1.0,1.0,,1.0,-1,,-1,,1.0,,0.5,1.0,-324.5212468146348,1.3350163464765112,-324.98254942740584,-324.78857096660767,-326.4021725012573,-321.33969552956245,
1779589988,eval__HalfCheetah-v4__ppo_cont__a2p65__mass_damping_0p5__seed15__pid3922501,ppo_cont,HalfCheetah-v4,15,30,1,a2p65,mass_damping_0p5,/home/users/am1015/rl_runs_halfcheetah_confirm_30seed_20260521/HalfCheetah-v4__ppo_alpha_a2p65__15__1779474338/ppo_alpha_a2p65.cleanrl_model,/home/users/am1015/rl_runs_halfcheetah_confirm_30seed_20260521/HalfCheetah-v4__ppo_alpha_a2p65__15__1779474338/ppo_alpha_a2p65.cleanrl_model.norm_stats.npz,1,1,1,0.0,0.0,0.0,0.0,1.0,0.5,,1.0,-1,,-1,,0.5,,1.0,1.0,458.9532937450432,450.9434944435852,346.8341481905986,409.6040172945199,-484.14187172458304,1644.924357534859,
1779589988,eval__HalfCheetah-v4__ppo_cont__a2p65__actuator_gain_0p5__seed16__pid3922461,ppo_cont,HalfCheetah-v4,16,30,1,a2p65,actuator_gain_0p5,/home/users/am1015/rl_runs_halfcheetah_confirm_30seed_20260521/HalfCheetah-v4__ppo_alpha_a2p65__16__1779474369/ppo_alpha_a2p65.cleanrl_model,/home/users/am1015/rl_runs_halfcheetah_confirm_30seed_20260521/HalfCheetah-v4__ppo_alpha_a2p65__16__1779474369/ppo_alpha_a2p65.cleanrl_model.norm_stats.npz,1,1,1,0.0,0.0,0.0,0.0,1.0,1.0,,1.0,-1,,-1,,1.0,,0.5,1.0,-26.97023612095034,13.52513532720534,-28.926547716786416,-28.4218490459288,-48.47291473715927,9.124092706299322,
1779589988,eval__HalfCheetah-v4__ppo_cont__a2p65__mass_damping_0p5__seed16__pid3922506,ppo_cont,HalfCheetah-v4,16,30,1,a2p65,mass_damping_0p5,/home/users/am1015/rl_runs_halfcheetah_confirm_30seed_20260521/HalfCheetah-v4__ppo_alpha_a2p65__16__1779474369/ppo_alpha_a2p65.cleanrl_model,/home/users/am1015/rl_runs_halfcheetah_confirm_30seed_20260521/HalfCheetah-v4__ppo_alpha_a2p65__16__1779474369/ppo_alpha_a2p65.cleanrl_model.norm_stats.npz,1,1,1,0.0,0.0,0.0,0.0,1.0,0.5,,1.0,-1,,-1,,0.5,,1.0,1.0,435.6881040759489,425.0258240367232,352.91148489999466,403.80051813841874,-325.6079806395535,1394.3385704127388,
1779589989,eval__HalfCheetah-v4__ppo_cont__a2p65__actuator_gain_0p5__seed17__pid3922494,ppo_cont,HalfCheetah-v4,17,30,1,a2p65,actuator_gain_0p5,/home/users/am1015/rl_runs_halfcheetah_confirm_30seed_20260521/HalfCheetah-v4__ppo_alpha_a2p65__17__1779474368/ppo_alpha_a2p65.cleanrl_model,/home/users/am1015/rl_runs_halfcheetah_confirm_30seed_20260521/HalfCheetah-v4__ppo_alpha_a2p65__17__1779474368/ppo_alpha_a2p65.cleanrl_model.norm_stats.npz,1,1,1,0.0,0.0,0.0,0.0,1.0,1.0,,1.0,-1,,-1,,1.0,,0.5,1.0,-954.9069896087352,96.3854724851294,-965.3537875974624,-958.4609474293514,-1114.7042180000203,-676.5528658576485,
1779589987,eval__HalfCheetah-v4__ppo_cont__a2p65__mass_damping_0p5__seed17__pid3851225,ppo_cont,HalfCheetah-v4,17,30,1,a2p65,mass_damping_0p5,/home/users/am1015/rl_runs_halfcheetah_confirm_30seed_20260521/HalfCheetah-v4__ppo_alpha_a2p65__17__1779474368/ppo_alpha_a2p65.cleanrl_model,/home/users/am1015/rl_runs_halfcheetah_confirm_30seed_20260521/HalfCheetah-v4__ppo_alpha_a2p65__17__1779474368/ppo_alpha_a2p65.cleanrl_model.norm_stats.npz,1,1,1,0.0,0.0,0.0,0.0,1.0,0.5,,1.0,-1,,-1,,0.5,,1.0,1.0,1976.804704744333,761.1702980733256,2038.6224083678107,2011.38397359306,-424.61550561741495,3178.800182450497,
1779589987,eval__HalfCheetah-v4__ppo_cont__a2p65__actuator_gain_0p5__seed18__pid3851190,ppo_cont,HalfCheetah-v4,18,30,1,a2p65,actuator_gain_0p5,/home/users/am1015/rl_runs_halfcheetah_confirm_30seed_20260521/HalfCheetah-v4__ppo_alpha_a2p65__18__1779474488/ppo_alpha_a2p65.cleanrl_model,/home/users/am1015/rl_runs_halfcheetah_confirm_30seed_20260521/HalfCheetah-v4__ppo_alpha_a2p65__18__1779474488/ppo_alpha_a2p65.cleanrl_model.norm_stats.npz,1,1,1,0.0,0.0,0.0,0.0,1.0,1.0,,1.0,-1,,-1,,1.0,,0.5,1.0,-122.05733368206243,1.3933640152241415,-122.10927548472068,-122.07829147438892,-124.30196619954825,-118.63642124244129,
1779589987,eval__HalfCheetah-v4__ppo_cont__a2p65__mass_damping_0p5__seed18__pid3851206,ppo_cont,HalfCheetah-v4,18,30,1,a2p65,mass_damping_0p5,/home/users/am1015/rl_runs_halfcheetah_confirm_30seed_20260521/HalfCheetah-v4__ppo_alpha_a2p65__18__1779474488/ppo_alpha_a2p65.cleanrl_model,/home/users/am1015/rl_runs_halfcheetah_confirm_30seed_20260521/HalfCheetah-v4__ppo_alpha_a2p65__18__1779474488/ppo_alpha_a2p65.cleanrl_model.norm_stats.npz,1,1,1,0.0,0.0,0.0,0.0,1.0,0.5,,1.0,-1,,-1,,0.5,,1.0,1.0,1115.442246041022,66.50514854367056,1133.6949682690067,1129.4372631304068,944.7557224696244,1215.918523823527,
1779589988,eval__HalfCheetah-v4__ppo_cont__a2p65__actuator_gain_0p5__seed19__pid691379,ppo_cont,HalfCheetah-v4,19,30,1,a2p65,actuator_gain_0p5,/home/users/am1015/rl_runs_halfcheetah_confirm_30seed_20260521/HalfCheetah-v4__ppo_alpha_a2p65__19__1779475029/ppo_alpha_a2p65.cleanrl_model,/home/users/am1015/rl_runs_halfcheetah_confirm_30seed_20260521/HalfCheetah-v4__ppo_alpha_a2p65__19__1779475029/ppo_alpha_a2p65.cleanrl_model.norm_stats.npz,1,1,1,0.0,0.0,0.0,0.0,1.0,1.0,,1.0,-1,,-1,,1.0,,0.5,1.0,-291.4572236111599,0.99445846780334,-291.5183573853895,-291.5296195065272,-293.65365356035954,-289.43915184177666,
1779589988,eval__HalfCheetah-v4__ppo_cont__a2p65__mass_damping_0p5__seed19__pid691402,ppo_cont,HalfCheetah-v4,19,30,1,a2p65,mass_damping_0p5,/home/users/am1015/rl_runs_halfcheetah_confirm_30seed_20260521/HalfCheetah-v4__ppo_alpha_a2p65__19__1779475029/ppo_alpha_a2p65.cleanrl_model,/home/users/am1015/rl_runs_halfcheetah_confirm_30seed_20260521/HalfCheetah-v4__ppo_alpha_a2p65__19__1779475029/ppo_alpha_a2p65.cleanrl_model.norm_stats.npz,1,1,1,0.0,0.0,0.0,0.0,1.0,0.5,,1.0,-1,,-1,,0.5,,1.0,1.0,999.3308071469368,83.00935404724423,1006.6645147049584,1005.8781235102444,840.900012754419,1169.9339696232148,
1779589992,eval__HalfCheetah-v4__ppo_cont__a2p65__actuator_gain_0p5__seed1__pid1913976,ppo_cont,HalfCheetah-v4,1,30,1,a2p65,actuator_gain_0p5,/home/users/am1015/rl_runs_halfcheetah_confirm_30seed_20260521/HalfCheetah-v4__ppo_alpha_a2p65__1__1779471845/ppo_alpha_a2p65.cleanrl_model,/home/users/am1015/rl_runs_halfcheetah_confirm_30seed_20260521/HalfCheetah-v4__ppo_alpha_a2p65__1__1779471845/ppo_alpha_a2p65.cleanrl_model.norm_stats.npz,1,1,1,0.0,0.0,0.0,0.0,1.0,1.0,,1.0,-1,,-1,,1.0,,0.5,1.0,-207.434637064282,13.530862631391592,-211.8205156033652,-212.0898740432023,-216.6167554774318,-172.1414064578911,
1779589991,eval__HalfCheetah-v4__ppo_cont__a2p65__mass_damping_0p5__seed1__pid1913991,ppo_cont,HalfCheetah-v4,1,30,1,a2p65,mass_damping_0p5,/home/users/am1015/rl_runs_halfcheetah_confirm_30seed_20260521/HalfCheetah-v4__ppo_alpha_a2p65__1__1779471845/ppo_alpha_a2p65.cleanrl_model,/home/users/am1015/rl_runs_halfcheetah_confirm_30seed_20260521/HalfCheetah-v4__ppo_alpha_a2p65__1__1779471845/ppo_alpha_a2p65.cleanrl_model.norm_stats.npz,1,1,1,0.0,0.0,0.0,0.0,1.0,0.5,,1.0,-1,,-1,,0.5,,1.0,1.0,988.4693050345712,79.29376448399718,977.1182821077534,978.4140352921826,812.2251599041443,1179.018815396513,
1779589989,eval__HalfCheetah-v4__ppo_cont__a2p65__actuator_gain_0p5__seed20__pid691391,ppo_cont,HalfCheetah-v4,20,30,1,a2p65,actuator_gain_0p5,/home/users/am1015/rl_runs_halfcheetah_confirm_30seed_20260521/HalfCheetah-v4__ppo_alpha_a2p65__20__1779475689/ppo_alpha_a2p65.cleanrl_model,/home/users/am1015/rl_runs_halfcheetah_confirm_30seed_20260521/HalfCheetah-v4__ppo_alpha_a2p65__20__1779475689/ppo_alpha_a2p65.cleanrl_model.norm_stats.npz,1,1,1,0.0,0.0,0.0,0.0,1.0,1.0,,1.0,-1,,-1,,1.0,,0.5,1.0,-406.7778324526408,51.90584875950155,-416.62426679518194,-416.4778054969379,-423.0146762753888,-132.9129297858241,
1779589988,eval__HalfCheetah-v4__ppo_cont__a2p65__mass_damping_0p5__seed20__pid691413,ppo_cont,HalfCheetah-v4,20,30,1,a2p65,mass_damping_0p5,/home/users/am1015/rl_runs_halfcheetah_confirm_30seed_20260521/HalfCheetah-v4__ppo_alpha_a2p65__20__1779475689/ppo_alpha_a2p65.cleanrl_model,/home/users/am1015/rl_runs_halfcheetah_confirm_30seed_20260521/HalfCheetah-v4__ppo_alpha_a2p65__20__1779475689/ppo_alpha_a2p65.cleanrl_model.norm_stats.npz,1,1,1,0.0,0.0,0.0,0.0,1.0,0.5,,1.0,-1,,-1,,0.5,,1.0,1.0,1401.0612630402363,59.3249859269523,1395.356041621606,1399.6157126369842,1251.5699176368198,1514.7842527852442,
1779589988,eval__HalfCheetah-v4__ppo_cont__a2p65__actuator_gain_0p5__seed21__pid646547,ppo_cont,HalfCheetah-v4,21,30,1,a2p65,actuator_gain_0p5,/home/users/am1015/rl_runs_halfcheetah_confirm_30seed_20260521/HalfCheetah-v4__ppo_alpha_a2p65__21__1779475871/ppo_alpha_a2p65.cleanrl_model,/home/users/am1015/rl_runs_halfcheetah_confirm_30seed_20260521/HalfCheetah-v4__ppo_alpha_a2p65__21__1779475871/ppo_alpha_a2p65.cleanrl_model.norm_stats.npz,1,1,1,0.0,0.0,0.0,0.0,1.0,1.0,,1.0,-1,,-1,,1.0,,0.5,1.0,-244.26095845138195,10.7096860899602,-243.8743922923019,-243.5746862697448,-261.4279665928135,-227.70313044151607,
1779589988,eval__HalfCheetah-v4__ppo_cont__a2p65__mass_damping_0p5__seed21__pid646517,ppo_cont,HalfCheetah-v4,21,30,1,a2p65,mass_damping_0p5,/home/users/am1015/rl_runs_halfcheetah_confirm_30seed_20260521/HalfCheetah-v4__ppo_alpha_a2p65__21__1779475871/ppo_alpha_a2p65.cleanrl_model,/home/users/am1015/rl_runs_halfcheetah_confirm_30seed_20260521/HalfCheetah-v4__ppo_alpha_a2p65__21__1779475871/ppo_alpha_a2p65.cleanrl_model.norm_stats.npz,1,1,1,0.0,0.0,0.0,0.0,1.0,0.5,,1.0,-1,,-1,,0.5,,1.0,1.0,940.573900505637,79.86864073580936,929.3970550168964,932.7878323403028,807.6718735347168,1100.209339045869,
1779589986,eval__HalfCheetah-v4__ppo_cont__a2p65__actuator_gain_0p5__seed22__pid2352160,ppo_cont,HalfCheetah-v4,22,30,1,a2p65,actuator_gain_0p5,/home/users/am1015/rl_runs_halfcheetah_confirm_30seed_20260521/HalfCheetah-v4__ppo_alpha_a2p65__22__1779476500/ppo_alpha_a2p65.cleanrl_model,/home/users/am1015/rl_runs_halfcheetah_confirm_30seed_20260521/HalfCheetah-v4__ppo_alpha_a2p65__22__1779476500/ppo_alpha_a2p65.cleanrl_model.norm_stats.npz,1,1,1,0.0,0.0,0.0,0.0,1.0,1.0,,1.0,-1,,-1,,1.0,,0.5,1.0,-314.60022505706706,7.535556523464828,-315.0889407852954,-314.36908697043776,-327.6833600129174,-303.3269997923161,
1779589986,eval__HalfCheetah-v4__ppo_cont__a2p65__mass_damping_0p5__seed22__pid2352124,ppo_cont,HalfCheetah-v4,22,30,1,a2p65,mass_damping_0p5,/home/users/am1015/rl_runs_halfcheetah_confirm_30seed_20260521/HalfCheetah-v4__ppo_alpha_a2p65__22__1779476500/ppo_alpha_a2p65.cleanrl_model,/home/users/am1015/rl_runs_halfcheetah_confirm_30seed_20260521/HalfCheetah-v4__ppo_alpha_a2p65__22__1779476500/ppo_alpha_a2p65.cleanrl_model.norm_stats.npz,1,1,1,0.0,0.0,0.0,0.0,1.0,0.5,,1.0,-1,,-1,,0.5,,1.0,1.0,1122.6224652644528,98.4338472308494,1118.4695470443485,1118.1717412085832,890.8811570823236,1313.1556645415112,
1779589986,eval__HalfCheetah-v4__ppo_cont__a2p65__actuator_gain_0p5__seed23__pid2352146,ppo_cont,HalfCheetah-v4,23,30,1,a2p65,actuator_gain_0p5,/home/users/am1015/rl_runs_halfcheetah_confirm_30seed_20260521/HalfCheetah-v4__ppo_alpha_a2p65__23__1779476712/ppo_alpha_a2p65.cleanrl_model,/home/users/am1015/rl_runs_halfcheetah_confirm_30seed_20260521/HalfCheetah-v4__ppo_alpha_a2p65__23__1779476712/ppo_alpha_a2p65.cleanrl_model.norm_stats.npz,1,1,1,0.0,0.0,0.0,0.0,1.0,1.0,,1.0,-1,,-1,,1.0,,0.5,1.0,-221.1400973557074,480.23188660660713,-653.7545200972452,-260.25881251949056,-669.6939255535065,318.71273430666275,
1779589987,eval__HalfCheetah-v4__ppo_cont__a2p65__mass_damping_0p5__seed23__pid2352126,ppo_cont,HalfCheetah-v4,23,30,1,a2p65,mass_damping_0p5,/home/users/am1015/rl_runs_halfcheetah_confirm_30seed_20260521/HalfCheetah-v4__ppo_alpha_a2p65__23__1779476712/ppo_alpha_a2p65.cleanrl_model,/home/users/am1015/rl_runs_halfcheetah_confirm_30seed_20260521/HalfCheetah-v4__ppo_alpha_a2p65__23__1779476712/ppo_alpha_a2p65.cleanrl_model.norm_stats.npz,1,1,1,0.0,0.0,0.0,0.0,1.0,0.5,,1.0,-1,,-1,,0.5,,1.0,1.0,322.3655935431822,790.4160256579702,-51.18133557807367,15.91532461848674,-421.704142657093,2102.84773309204,
1779589985,eval__HalfCheetah-v4__ppo_cont__a2p65__actuator_gain_0p5__seed24__pid1211224,ppo_cont,HalfCheetah-v4,24,30,1,a2p65,actuator_gain_0p5,/home/users/am1015/rl_runs_halfcheetah_confirm_30seed_20260521/HalfCheetah-v4__ppo_alpha_a2p65__24__1779476771/ppo_alpha_a2p65.cleanrl_model,/home/users/am1015/rl_runs_halfcheetah_confirm_30seed_20260521/HalfCheetah-v4__ppo_alpha_a2p65__24__1779476771/ppo_alpha_a2p65.cleanrl_model.norm_stats.npz,1,1,1,0.0,0.0,0.0,0.0,1.0,1.0,,1.0,-1,,-1,,1.0,,0.5,1.0,-322.1903298202651,9.4887273668995,-324.78456981810604,-324.7426210046746,-328.14078508210406,-290.737792406738,
1779589985,eval__HalfCheetah-v4__ppo_cont__a2p65__mass_damping_0p5__seed24__pid1211272,ppo_cont,HalfCheetah-v4,24,30,1,a2p65,mass_damping_0p5,/home/users/am1015/rl_runs_halfcheetah_confirm_30seed_20260521/HalfCheetah-v4__ppo_alpha_a2p65__24__1779476771/ppo_alpha_a2p65.cleanrl_model,/home/users/am1015/rl_runs_halfcheetah_confirm_30seed_20260521/HalfCheetah-v4__ppo_alpha_a2p65__24__1779476771/ppo_alpha_a2p65.cleanrl_model.norm_stats.npz,1,1,1,0.0,0.0,0.0,0.0,1.0,0.5,,1.0,-1,,-1,,0.5,,1.0,1.0,934.4489302515608,248.92291004722352,977.6718789395364,973.3405750293196,-260.0852191008405,1189.625684304021,
1779589986,eval__HalfCheetah-v4__ppo_cont__a2p65__actuator_gain_0p5__seed25__pid1211254,ppo_cont,HalfCheetah-v4,25,30,1,a2p65,actuator_gain_0p5,/home/users/am1015/rl_runs_halfcheetah_confirm_30seed_20260521/HalfCheetah-v4__ppo_alpha_a2p65__25__1779476801/ppo_alpha_a2p65.cleanrl_model,/home/users/am1015/rl_runs_halfcheetah_confirm_30seed_20260521/HalfCheetah-v4__ppo_alpha_a2p65__25__1779476801/ppo_alpha_a2p65.cleanrl_model.norm_stats.npz,1,1,1,0.0,0.0,0.0,0.0,1.0,1.0,,1.0,-1,,-1,,1.0,,0.5,1.0,-409.46013526652285,0.7648380692840171,-409.5506713806694,-409.5294211863792,-410.895011774932,-407.1448612538064,
1779589985,eval__HalfCheetah-v4__ppo_cont__a2p65__mass_damping_0p5__seed25__pid1211257,ppo_cont,HalfCheetah-v4,25,30,1,a2p65,mass_damping_0p5,/home/users/am1015/rl_runs_halfcheetah_confirm_30seed_20260521/HalfCheetah-v4__ppo_alpha_a2p65__25__1779476801/ppo_alpha_a2p65.cleanrl_model,/home/users/am1015/rl_runs_halfcheetah_confirm_30seed_20260521/HalfCheetah-v4__ppo_alpha_a2p65__25__1779476801/ppo_alpha_a2p65.cleanrl_model.norm_stats.npz,1,1,1,0.0,0.0,0.0,0.0,1.0,0.5,,1.0,-1,,-1,,0.5,,1.0,1.0,1069.9785453904062,273.22353501119323,1134.7721187976304,1139.965243750734,47.79766432615977,1309.7946735754665,
1779589989,eval__HalfCheetah-v4__ppo_cont__a2p65__actuator_gain_0p5__seed26__pid4179552,ppo_cont,HalfCheetah-v4,26,30,1,a2p65,actuator_gain_0p5,/home/users/am1015/rl_runs_halfcheetah_confirm_30seed_20260521/HalfCheetah-v4__ppo_alpha_a2p65__26__1779476921/ppo_alpha_a2p65.cleanrl_model,/home/users/am1015/rl_runs_halfcheetah_confirm_30seed_20260521/HalfCheetah-v4__ppo_alpha_a2p65__26__1779476921/ppo_alpha_a2p65.cleanrl_model.norm_stats.npz,1,1,1,0.0,0.0,0.0,0.0,1.0,1.0,,1.0,-1,,-1,,1.0,,0.5,1.0,38.34296161495897,59.74947878307496,50.8694285805539,49.86814399450442,-275.7428875763131,60.8129569475107,
1779589989,eval__HalfCheetah-v4__ppo_cont__a2p65__mass_damping_0p5__seed26__pid4179543,ppo_cont,HalfCheetah-v4,26,30,1,a2p65,mass_damping_0p5,/home/users/am1015/rl_runs_halfcheetah_confirm_30seed_20260521/HalfCheetah-v4__ppo_alpha_a2p65__26__1779476921/ppo_alpha_a2p65.cleanrl_model,/home/users/am1015/rl_runs_halfcheetah_confirm_30seed_20260521/HalfCheetah-v4__ppo_alpha_a2p65__26__1779476921/ppo_alpha_a2p65.cleanrl_model.norm_stats.npz,1,1,1,0.0,0.0,0.0,0.0,1.0,0.5,,1.0,-1,,-1,,0.5,,1.0,1.0,1036.844127300037,273.79883191906686,1084.954252802745,1081.5993654926444,-362.0931526366566,1278.7433368214618,
1779589989,eval__HalfCheetah-v4__ppo_cont__a2p65__actuator_gain_0p5__seed27__pid4179548,ppo_cont,HalfCheetah-v4,27,30,1,a2p65,actuator_gain_0p5,/home/users/am1015/rl_runs_halfcheetah_confirm_30seed_20260521/HalfCheetah-v4__ppo_alpha_a2p65__27__1779477011/ppo_alpha_a2p65.cleanrl_model,/home/users/am1015/rl_runs_halfcheetah_confirm_30seed_20260521/HalfCheetah-v4__ppo_alpha_a2p65__27__1779477011/ppo_alpha_a2p65.cleanrl_model.norm_stats.npz,1,1,1,0.0,0.0,0.0,0.0,1.0,1.0,,1.0,-1,,-1,,1.0,,0.5,1.0,-247.4715606225681,11.01428999834991,-244.39976740834288,-245.22168724016427,-299.0109174853964,-239.1524596985407,
1779590019,eval__HalfCheetah-v4__ppo_cont__a2p65__mass_damping_0p5__seed27__pid3328710,ppo_cont,HalfCheetah-v4,27,30,1,a2p65,mass_damping_0p5,/home/users/am1015/rl_runs_halfcheetah_confirm_30seed_20260521/HalfCheetah-v4__ppo_alpha_a2p65__27__1779477011/ppo_alpha_a2p65.cleanrl_model,/home/users/am1015/rl_runs_halfcheetah_confirm_30seed_20260521/HalfCheetah-v4__ppo_alpha_a2p65__27__1779477011/ppo_alpha_a2p65.cleanrl_model.norm_stats.npz,1,1,1,0.0,0.0,0.0,0.0,1.0,0.5,,1.0,-1,,-1,,0.5,,1.0,1.0,850.1410711669733,79.07880029507814,843.6969310757414,845.8243275670002,715.4373833394797,1066.9068266798647,
1779590019,eval__HalfCheetah-v4__ppo_cont__a2p65__actuator_gain_0p5__seed28__pid495272,ppo_cont,HalfCheetah-v4,28,30,1,a2p65,actuator_gain_0p5,/home/users/am1015/rl_runs_halfcheetah_confirm_30seed_20260521/HalfCheetah-v4__ppo_alpha_a2p65__28__1779477010/ppo_alpha_a2p65.cleanrl_model,/home/users/am1015/rl_runs_halfcheetah_confirm_30seed_20260521/HalfCheetah-v4__ppo_alpha_a2p65__28__1779477010/ppo_alpha_a2p65.cleanrl_model.norm_stats.npz,1,1,1,0.0,0.0,0.0,0.0,1.0,1.0,,1.0,-1,,-1,,1.0,,0.5,1.0,-381.9052054951588,64.83769060511038,-408.9008733653434,-407.3285493405581,-437.2259230860303,-169.27498780330262,
1779590019,eval__HalfCheetah-v4__ppo_cont__a2p65__mass_damping_0p5__seed28__pid815287,ppo_cont,HalfCheetah-v4,28,30,1,a2p65,mass_damping_0p5,/home/users/am1015/rl_runs_halfcheetah_confirm_30seed_20260521/HalfCheetah-v4__ppo_alpha_a2p65__28__1779477010/ppo_alpha_a2p65.cleanrl_model,/home/users/am1015/rl_runs_halfcheetah_confirm_30seed_20260521/HalfCheetah-v4__ppo_alpha_a2p65__28__1779477010/ppo_alpha_a2p65.cleanrl_model.norm_stats.npz,1,1,1,0.0,0.0,0.0,0.0,1.0,0.5,,1.0,-1,,-1,,0.5,,1.0,1.0,992.110474540597,99.83190545387605,980.3049989221652,995.5248590679668,733.1133429939442,1165.4624225791042,
1779590019,eval__HalfCheetah-v4__ppo_cont__a2p65__actuator_gain_0p5__seed29__pid1449416,ppo_cont,HalfCheetah-v4,29,30,1,a2p65,actuator_gain_0p5,/home/users/am1015/rl_runs_halfcheetah_confirm_30seed_20260521/HalfCheetah-v4__ppo_alpha_a2p65__29__1779477041/ppo_alpha_a2p65.cleanrl_model,/home/users/am1015/rl_runs_halfcheetah_confirm_30seed_20260521/HalfCheetah-v4__ppo_alpha_a2p65__29__1779477041/ppo_alpha_a2p65.cleanrl_model.norm_stats.npz,1,1,1,0.0,0.0,0.0,0.0,1.0,1.0,,1.0,-1,,-1,,1.0,,0.5,1.0,1385.5773037519414,42.09085613571638,1383.7714725043766,1382.5289205838524,1292.7801877240718,1462.2378279142638,
1779590020,eval__HalfCheetah-v4__ppo_cont__a2p65__mass_damping_0p5__seed29__pid1449401,ppo_cont,HalfCheetah-v4,29,30,1,a2p65,mass_damping_0p5,/home/users/am1015/rl_runs_halfcheetah_confirm_30seed_20260521/HalfCheetah-v4__ppo_alpha_a2p65__29__1779477041/ppo_alpha_a2p65.cleanrl_model,/home/users/am1015/rl_runs_halfcheetah_confirm_30seed_20260521/HalfCheetah-v4__ppo_alpha_a2p65__29__1779477041/ppo_alpha_a2p65.cleanrl_model.norm_stats.npz,1,1,1,0.0,0.0,0.0,0.0,1.0,0.5,,1.0,-1,,-1,,0.5,,1.0,1.0,438.9238664088634,675.781660141815,106.5635341374487,304.1106210140977,-273.18003527255985,2208.615882926077,
1779589987,eval__HalfCheetah-v4__ppo_cont__a2p65__actuator_gain_0p5__seed2__pid646551,ppo_cont,HalfCheetah-v4,2,30,1,a2p65,actuator_gain_0p5,/home/users/am1015/rl_runs_halfcheetah_confirm_30seed_20260521/HalfCheetah-v4__ppo_alpha_a2p65__2__1779473113/ppo_alpha_a2p65.cleanrl_model,/home/users/am1015/rl_runs_halfcheetah_confirm_30seed_20260521/HalfCheetah-v4__ppo_alpha_a2p65__2__1779473113/ppo_alpha_a2p65.cleanrl_model.norm_stats.npz,1,1,1,0.0,0.0,0.0,0.0,1.0,1.0,,1.0,-1,,-1,,1.0,,0.5,1.0,-348.4154752278164,3.5201129812141545,-347.66992416678795,-347.9412308082703,-354.4193069585278,-342.5756625322698,
1779589988,eval__HalfCheetah-v4__ppo_cont__a2p65__mass_damping_0p5__seed2__pid646562,ppo_cont,HalfCheetah-v4,2,30,1,a2p65,mass_damping_0p5,/home/users/am1015/rl_runs_halfcheetah_confirm_30seed_20260521/HalfCheetah-v4__ppo_alpha_a2p65__2__1779473113/ppo_alpha_a2p65.cleanrl_model,/home/users/am1015/rl_runs_halfcheetah_confirm_30seed_20260521/HalfCheetah-v4__ppo_alpha_a2p65__2__1779473113/ppo_alpha_a2p65.cleanrl_model.norm_stats.npz,1,1,1,0.0,0.0,0.0,0.0,1.0,0.5,,1.0,-1,,-1,,0.5,,1.0,1.0,1664.5376012351055,55.542375769133294,1669.6586869350467,1668.683604958455,1512.4588086698018,1773.2322440388562,
1779590021,eval__HalfCheetah-v4__ppo_cont__a2p65__actuator_gain_0p5__seed30__pid1318461,ppo_cont,HalfCheetah-v4,30,30,1,a2p65,actuator_gain_0p5,/home/users/am1015/rl_runs_halfcheetah_confirm_30seed_20260521/HalfCheetah-v4__ppo_alpha_a2p65__30__1779477131/ppo_alpha_a2p65.cleanrl_model,/home/users/am1015/rl_runs_halfcheetah_confirm_30seed_20260521/HalfCheetah-v4__ppo_alpha_a2p65__30__1779477131/ppo_alpha_a2p65.cleanrl_model.norm_stats.npz,1,1,1,0.0,0.0,0.0,0.0,1.0,1.0,,1.0,-1,,-1,,1.0,,0.5,1.0,219.15620767253665,13.292585410354675,212.38885843224205,215.34198859130527,204.96993555490343,241.6247314087728,
1779590020,eval__HalfCheetah-v4__ppo_cont__a2p65__mass_damping_0p5__seed30__pid1318446,ppo_cont,HalfCheetah-v4,30,30,1,a2p65,mass_damping_0p5,/home/users/am1015/rl_runs_halfcheetah_confirm_30seed_20260521/HalfCheetah-v4__ppo_alpha_a2p65__30__1779477131/ppo_alpha_a2p65.cleanrl_model,/home/users/am1015/rl_runs_halfcheetah_confirm_30seed_20260521/HalfCheetah-v4__ppo_alpha_a2p65__30__1779477131/ppo_alpha_a2p65.cleanrl_model.norm_stats.npz,1,1,1,0.0,0.0,0.0,0.0,1.0,0.5,,1.0,-1,,-1,,0.5,,1.0,1.0,1130.6918454777165,247.7037462724352,1064.854666286008,1065.217645592707,844.6231079328953,1770.7390659089383,
1779590020,eval__HalfCheetah-v4__ppo_cont__a2p65__actuator_gain_0p5__seed3__pid2111773,ppo_cont,HalfCheetah-v4,3,30,1,a2p65,actuator_gain_0p5,/home/users/am1015/rl_runs_halfcheetah_confirm_30seed_20260521/HalfCheetah-v4__ppo_alpha_a2p65__3__1779473497/ppo_alpha_a2p65.cleanrl_model,/home/users/am1015/rl_runs_halfcheetah_confirm_30seed_20260521/HalfCheetah-v4__ppo_alpha_a2p65__3__1779473497/ppo_alpha_a2p65.cleanrl_model.norm_stats.npz,1,1,1,0.0,0.0,0.0,0.0,1.0,1.0,,1.0,-1,,-1,,1.0,,0.5,1.0,-492.6779893898514,1.6129592333810112,-493.0446299034627,-492.9728645512969,-495.0453786352975,-488.1390737866852,
1779590020,eval__HalfCheetah-v4__ppo_cont__a2p65__mass_damping_0p5__seed3__pid2111760,ppo_cont,HalfCheetah-v4,3,30,1,a2p65,mass_damping_0p5,/home/users/am1015/rl_runs_halfcheetah_confirm_30seed_20260521/HalfCheetah-v4__ppo_alpha_a2p65__3__1779473497/ppo_alpha_a2p65.cleanrl_model,/home/users/am1015/rl_runs_halfcheetah_confirm_30seed_20260521/HalfCheetah-v4__ppo_alpha_a2p65__3__1779473497/ppo_alpha_a2p65.cleanrl_model.norm_stats.npz,1,1,1,0.0,0.0,0.0,0.0,1.0,0.5,,1.0,-1,,-1,,0.5,,1.0,1.0,868.5045605690108,79.66908806774224,861.87037416261,861.3936797266616,702.0887248550005,1079.364510223913,
1779590018,eval__HalfCheetah-v4__ppo_cont__a2p65__actuator_gain_0p5__seed4__pid3768695,ppo_cont,HalfCheetah-v4,4,30,1,a2p65,actuator_gain_0p5,/home/users/am1015/rl_runs_halfcheetah_confirm_30seed_20260521/HalfCheetah-v4__ppo_alpha_a2p65__4__1779473708/ppo_alpha_a2p65.cleanrl_model,/home/users/am1015/rl_runs_halfcheetah_confirm_30seed_20260521/HalfCheetah-v4__ppo_alpha_a2p65__4__1779473708/ppo_alpha_a2p65.cleanrl_model.norm_stats.npz,1,1,1,0.0,0.0,0.0,0.0,1.0,1.0,,1.0,-1,,-1,,1.0,,0.5,1.0,1450.305707019595,14.183506255739236,1450.1830296002422,1450.0701842845915,1417.320159779351,1482.603759113441,
1779590023,eval__HalfCheetah-v4__ppo_cont__a2p65__mass_damping_0p5__seed4__pid3845118,ppo_cont,HalfCheetah-v4,4,30,1,a2p65,mass_damping_0p5,/home/users/am1015/rl_runs_halfcheetah_confirm_30seed_20260521/HalfCheetah-v4__ppo_alpha_a2p65__4__1779473708/ppo_alpha_a2p65.cleanrl_model,/home/users/am1015/rl_runs_halfcheetah_confirm_30seed_20260521/HalfCheetah-v4__ppo_alpha_a2p65__4__1779473708/ppo_alpha_a2p65.cleanrl_model.norm_stats.npz,1,1,1,0.0,0.0,0.0,0.0,1.0,0.5,,1.0,-1,,-1,,0.5,,1.0,1.0,344.8249785906752,359.116662637952,373.9522201372075,394.6986448340757,-465.22770940284414,1015.9047017435036,
1779590022,eval__HalfCheetah-v4__ppo_cont__a2p65__actuator_gain_0p5__seed5__pid1858780,ppo_cont,HalfCheetah-v4,5,30,1,a2p65,actuator_gain_0p5,/home/users/am1015/rl_runs_halfcheetah_confirm_30seed_20260521/HalfCheetah-v4__ppo_alpha_a2p65__5__1779474008/ppo_alpha_a2p65.cleanrl_model,/home/users/am1015/rl_runs_halfcheetah_confirm_30seed_20260521/HalfCheetah-v4__ppo_alpha_a2p65__5__1779474008/ppo_alpha_a2p65.cleanrl_model.norm_stats.npz,1,1,1,0.0,0.0,0.0,0.0,1.0,1.0,,1.0,-1,,-1,,1.0,,0.5,1.0,-84.13734923744677,1.8070419143545284,-83.99864382272992,-83.99458219237802,-87.18087755325588,-81.21958417743583,
1779590022,eval__HalfCheetah-v4__ppo_cont__a2p65__mass_damping_0p5__seed5__pid1858797,ppo_cont,HalfCheetah-v4,5,30,1,a2p65,mass_damping_0p5,/home/users/am1015/rl_runs_halfcheetah_confirm_30seed_20260521/HalfCheetah-v4__ppo_alpha_a2p65__5__1779474008/ppo_alpha_a2p65.cleanrl_model,/home/users/am1015/rl_runs_halfcheetah_confirm_30seed_20260521/HalfCheetah-v4__ppo_alpha_a2p65__5__1779474008/ppo_alpha_a2p65.cleanrl_model.norm_stats.npz,1,1,1,0.0,0.0,0.0,0.0,1.0,0.5,,1.0,-1,,-1,,0.5,,1.0,1.0,1019.760674987042,79.44997875251745,1035.643753085049,1029.2052195300932,768.3864807507301,1139.0604263812531,
1779590022,eval__HalfCheetah-v4__ppo_cont__a2p65__actuator_gain_0p5__seed6__pid1858812,ppo_cont,HalfCheetah-v4,6,30,1,a2p65,actuator_gain_0p5,/home/users/am1015/rl_runs_halfcheetah_confirm_30seed_20260521/HalfCheetah-v4__ppo_alpha_a2p65__6__1779474009/ppo_alpha_a2p65.cleanrl_model,/home/users/am1015/rl_runs_halfcheetah_confirm_30seed_20260521/HalfCheetah-v4__ppo_alpha_a2p65__6__1779474009/ppo_alpha_a2p65.cleanrl_model.norm_stats.npz,1,1,1,0.0,0.0,0.0,0.0,1.0,1.0,,1.0,-1,,-1,,1.0,,0.5,1.0,-158.5670023748885,4.370719581578679,-158.07842551350248,-158.53385881894624,-165.1329450991471,-151.3839358425803,
1779590021,eval__HalfCheetah-v4__ppo_cont__a2p65__mass_damping_0p5__seed6__pid4186590,ppo_cont,HalfCheetah-v4,6,30,1,a2p65,mass_damping_0p5,/home/users/am1015/rl_runs_halfcheetah_confirm_30seed_20260521/HalfCheetah-v4__ppo_alpha_a2p65__6__1779474009/ppo_alpha_a2p65.cleanrl_model,/home/users/am1015/rl_runs_halfcheetah_confirm_30seed_20260521/HalfCheetah-v4__ppo_alpha_a2p65__6__1779474009/ppo_alpha_a2p65.cleanrl_model.norm_stats.npz,1,1,1,0.0,0.0,0.0,0.0,1.0,0.5,,1.0,-1,,-1,,0.5,,1.0,1.0,1121.4787726296474,71.29401294841836,1114.436450710467,1123.634430964778,945.2080258792568,1234.860768529623,
1779590022,eval__HalfCheetah-v4__ppo_cont__a2p65__actuator_gain_0p5__seed7__pid21228,ppo_cont,HalfCheetah-v4,7,30,1,a2p65,actuator_gain_0p5,/home/users/am1015/rl_runs_halfcheetah_confirm_30seed_20260521/HalfCheetah-v4__ppo_alpha_a2p65__7__1779474068/ppo_alpha_a2p65.cleanrl_model,/home/users/am1015/rl_runs_halfcheetah_confirm_30seed_20260521/HalfCheetah-v4__ppo_alpha_a2p65__7__1779474068/ppo_alpha_a2p65.cleanrl_model.norm_stats.npz,1,1,1,0.0,0.0,0.0,0.0,1.0,1.0,,1.0,-1,,-1,,1.0,,0.5,1.0,-235.2656019997208,5.185436563334575,-234.88186529584408,-235.1361010648233,-243.78407526987263,-226.70332617705927,
1779590021,eval__HalfCheetah-v4__ppo_cont__a2p65__mass_damping_0p5__seed7__pid21227,ppo_cont,HalfCheetah-v4,7,30,1,a2p65,mass_damping_0p5,/home/users/am1015/rl_runs_halfcheetah_confirm_30seed_20260521/HalfCheetah-v4__ppo_alpha_a2p65__7__1779474068/ppo_alpha_a2p65.cleanrl_model,/home/users/am1015/rl_runs_halfcheetah_confirm_30seed_20260521/HalfCheetah-v4__ppo_alpha_a2p65__7__1779474068/ppo_alpha_a2p65.cleanrl_model.norm_stats.npz,1,1,1,0.0,0.0,0.0,0.0,1.0,0.5,,1.0,-1,,-1,,0.5,,1.0,1.0,959.7394974093584,308.2919883693061,1010.8877254799296,1014.6918608715736,-602.1234917399227,1156.1756635979675,
1779590022,eval__HalfCheetah-v4__ppo_cont__a2p65__actuator_gain_0p5__seed8__pid1914168,ppo_cont,HalfCheetah-v4,8,30,1,a2p65,actuator_gain_0p5,/home/users/am1015/rl_runs_halfcheetah_confirm_30seed_20260521/HalfCheetah-v4__ppo_alpha_a2p65__8__1779474068/ppo_alpha_a2p65.cleanrl_model,/home/users/am1015/rl_runs_halfcheetah_confirm_30seed_20260521/HalfCheetah-v4__ppo_alpha_a2p65__8__1779474068/ppo_alpha_a2p65.cleanrl_model.norm_stats.npz,1,1,1,0.0,0.0,0.0,0.0,1.0,1.0,,1.0,-1,,-1,,1.0,,0.5,1.0,-259.6068424970832,1.885610841345412,-260.1461461828379,-260.0305044661304,-262.4236482371372,-255.40259709684264,
1779590022,eval__HalfCheetah-v4__ppo_cont__a2p65__mass_damping_0p5__seed8__pid1914190,ppo_cont,HalfCheetah-v4,8,30,1,a2p65,mass_damping_0p5,/home/users/am1015/rl_runs_halfcheetah_confirm_30seed_20260521/HalfCheetah-v4__ppo_alpha_a2p65__8__1779474068/ppo_alpha_a2p65.cleanrl_model,/home/users/am1015/rl_runs_halfcheetah_confirm_30seed_20260521/HalfCheetah-v4__ppo_alpha_a2p65__8__1779474068/ppo_alpha_a2p65.cleanrl_model.norm_stats.npz,1,1,1,0.0,0.0,0.0,0.0,1.0,0.5,,1.0,-1,,-1,,0.5,,1.0,1.0,1015.5594954163436,121.79094248559208,1018.9183444514985,1018.801605020696,746.594146340758,1209.804347028123,
1779590022,eval__HalfCheetah-v4__ppo_cont__a2p65__actuator_gain_0p5__seed9__pid1914198,ppo_cont,HalfCheetah-v4,9,30,1,a2p65,actuator_gain_0p5,/home/users/am1015/rl_runs_halfcheetah_confirm_30seed_20260521/HalfCheetah-v4__ppo_alpha_a2p65__9__1779474099/ppo_alpha_a2p65.cleanrl_model,/home/users/am1015/rl_runs_halfcheetah_confirm_30seed_20260521/HalfCheetah-v4__ppo_alpha_a2p65__9__1779474099/ppo_alpha_a2p65.cleanrl_model.norm_stats.npz,1,1,1,0.0,0.0,0.0,0.0,1.0,1.0,,1.0,-1,,-1,,1.0,,0.5,1.0,-288.6917761639181,20.300115145707583,-283.07592278475204,-285.10754070907615,-325.80528539407203,-252.8751779583876,
1779590022,eval__HalfCheetah-v4__ppo_cont__a2p65__mass_damping_0p5__seed9__pid3042151,ppo_cont,HalfCheetah-v4,9,30,1,a2p65,mass_damping_0p5,/home/users/am1015/rl_runs_halfcheetah_confirm_30seed_20260521/HalfCheetah-v4__ppo_alpha_a2p65__9__1779474099/ppo_alpha_a2p65.cleanrl_model,/home/users/am1015/rl_runs_halfcheetah_confirm_30seed_20260521/HalfCheetah-v4__ppo_alpha_a2p65__9__1779474099/ppo_alpha_a2p65.cleanrl_model.norm_stats.npz,1,1,1,0.0,0.0,0.0,0.0,1.0,0.5,,1.0,-1,,-1,,0.5,,1.0,1.0,1041.7892424424135,645.5627981043048,876.6190430691264,882.7074200870585,295.82014583203585,3284.5183690789927,
1779590023,eval__HalfCheetah-v4__ppo_cont__a2p75__actuator_gain_0p5__seed10__pid3042105,ppo_cont,HalfCheetah-v4,10,30,1,a2p75,actuator_gain_0p5,/home/users/am1015/rl_runs_halfcheetah_confirm_30seed_20260521/HalfCheetah-v4__ppo_alpha_a2p75__10__1779478540/ppo_alpha_a2p75.cleanrl_model,/home/users/am1015/rl_runs_halfcheetah_confirm_30seed_20260521/HalfCheetah-v4__ppo_alpha_a2p75__10__1779478540/ppo_alpha_a2p75.cleanrl_model.norm_stats.npz,1,1,1,0.0,0.0,0.0,0.0,1.0,1.0,,1.0,-1,,-1,,1.0,,0.5,1.0,-176.4215506306783,5.77029177352288,-177.0296747425072,-176.70814165639473,-186.99598216491603,-166.34029527759898,
1779590022,eval__HalfCheetah-v4__ppo_cont__a2p75__mass_damping_0p5__seed10__pid3042150,ppo_cont,HalfCheetah-v4,10,30,1,a2p75,mass_damping_0p5,/home/users/am1015/rl_runs_halfcheetah_confirm_30seed_20260521/HalfCheetah-v4__ppo_alpha_a2p75__10__1779478540/ppo_alpha_a2p75.cleanrl_model,/home/users/am1015/rl_runs_halfcheetah_confirm_30seed_20260521/HalfCheetah-v4__ppo_alpha_a2p75__10__1779478540/ppo_alpha_a2p75.cleanrl_model.norm_stats.npz,1,1,1,0.0,0.0,0.0,0.0,1.0,0.5,,1.0,-1,,-1,,0.5,,1.0,1.0,809.643311049458,571.5201289090593,1044.7138879971571,1043.002026958061,-443.3204970992393,1208.6642181842578,
1779590023,eval__HalfCheetah-v4__ppo_cont__a2p75__actuator_gain_0p5__seed11__pid3042149,ppo_cont,HalfCheetah-v4,11,30,1,a2p75,actuator_gain_0p5,/home/users/am1015/rl_runs_halfcheetah_confirm_30seed_20260521/HalfCheetah-v4__ppo_alpha_a2p75__11__1779493936/ppo_alpha_a2p75.cleanrl_model,/home/users/am1015/rl_runs_halfcheetah_confirm_30seed_20260521/HalfCheetah-v4__ppo_alpha_a2p75__11__1779493936/ppo_alpha_a2p75.cleanrl_model.norm_stats.npz,1,1,1,0.0,0.0,0.0,0.0,1.0,1.0,,1.0,-1,,-1,,1.0,,0.5,1.0,8.262503572888589,62.43946667808769,19.05149238185828,19.41563578320061,-309.01680779253525,57.60601754839316,
1779590019,eval__HalfCheetah-v4__ppo_cont__a2p75__mass_damping_0p5__seed11__pid3922824,ppo_cont,HalfCheetah-v4,11,30,1,a2p75,mass_damping_0p5,/home/users/am1015/rl_runs_halfcheetah_confirm_30seed_20260521/HalfCheetah-v4__ppo_alpha_a2p75__11__1779493936/ppo_alpha_a2p75.cleanrl_model,/home/users/am1015/rl_runs_halfcheetah_confirm_30seed_20260521/HalfCheetah-v4__ppo_alpha_a2p75__11__1779493936/ppo_alpha_a2p75.cleanrl_model.norm_stats.npz,1,1,1,0.0,0.0,0.0,0.0,1.0,0.5,,1.0,-1,,-1,,0.5,,1.0,1.0,23.96556424411516,214.646127323283,-16.472062212626902,-24.42414353833,-326.72921224682665,542.4195850701802,
1779590020,eval__HalfCheetah-v4__ppo_cont__a2p75__actuator_gain_0p5__seed12__pid3922787,ppo_cont,HalfCheetah-v4,12,30,1,a2p75,actuator_gain_0p5,/home/users/am1015/rl_runs_halfcheetah_confirm_30seed_20260521/HalfCheetah-v4__ppo_alpha_a2p75__12__1779494056/ppo_alpha_a2p75.cleanrl_model,/home/users/am1015/rl_runs_halfcheetah_confirm_30seed_20260521/HalfCheetah-v4__ppo_alpha_a2p75__12__1779494056/ppo_alpha_a2p75.cleanrl_model.norm_stats.npz,1,1,1,0.0,0.0,0.0,0.0,1.0,1.0,,1.0,-1,,-1,,1.0,,0.5,1.0,-264.1275913150368,1.0400928266267262,-264.30091004582664,-264.233229872628,-265.8164647504622,-261.8314092573888,
1779590018,eval__HalfCheetah-v4__ppo_cont__a2p75__mass_damping_0p5__seed12__pid3851423,ppo_cont,HalfCheetah-v4,12,30,1,a2p75,mass_damping_0p5,/home/users/am1015/rl_runs_halfcheetah_confirm_30seed_20260521/HalfCheetah-v4__ppo_alpha_a2p75__12__1779494056/ppo_alpha_a2p75.cleanrl_model,/home/users/am1015/rl_runs_halfcheetah_confirm_30seed_20260521/HalfCheetah-v4__ppo_alpha_a2p75__12__1779494056/ppo_alpha_a2p75.cleanrl_model.norm_stats.npz,1,1,1,0.0,0.0,0.0,0.0,1.0,0.5,,1.0,-1,,-1,,0.5,,1.0,1.0,309.65388717978726,383.0970881342991,179.60319310092814,250.2264058277817,-181.79477053836936,965.7052994783934,
1779590018,eval__HalfCheetah-v4__ppo_cont__a2p75__actuator_gain_0p5__seed13__pid3851449,ppo_cont,HalfCheetah-v4,13,30,1,a2p75,actuator_gain_0p5,/home/users/am1015/rl_runs_halfcheetah_confirm_30seed_20260521/HalfCheetah-v4__ppo_alpha_a2p75__13__1779494206/ppo_alpha_a2p75.cleanrl_model,/home/users/am1015/rl_runs_halfcheetah_confirm_30seed_20260521/HalfCheetah-v4__ppo_alpha_a2p75__13__1779494206/ppo_alpha_a2p75.cleanrl_model.norm_stats.npz,1,1,1,0.0,0.0,0.0,0.0,1.0,1.0,,1.0,-1,,-1,,1.0,,0.5,1.0,162.6090750355422,214.4397349529353,277.1882041714567,277.039450207891,-223.4031199874057,285.5567457698135,
1779590018,eval__HalfCheetah-v4__ppo_cont__a2p75__mass_damping_0p5__seed13__pid3851445,ppo_cont,HalfCheetah-v4,13,30,1,a2p75,mass_damping_0p5,/home/users/am1015/rl_runs_halfcheetah_confirm_30seed_20260521/HalfCheetah-v4__ppo_alpha_a2p75__13__1779494206/ppo_alpha_a2p75.cleanrl_model,/home/users/am1015/rl_runs_halfcheetah_confirm_30seed_20260521/HalfCheetah-v4__ppo_alpha_a2p75__13__1779494206/ppo_alpha_a2p75.cleanrl_model.norm_stats.npz,1,1,1,0.0,0.0,0.0,0.0,1.0,0.5,,1.0,-1,,-1,,0.5,,1.0,1.0,1095.6538983611754,99.60988179780836,1095.2194449936096,1093.271506682546,855.1844816690252,1301.3077593874386,
1779590019,eval__HalfCheetah-v4__ppo_cont__a2p75__actuator_gain_0p5__seed14__pid691699,ppo_cont,HalfCheetah-v4,14,30,1,a2p75,actuator_gain_0p5,/home/users/am1015/rl_runs_halfcheetah_confirm_30seed_20260521/HalfCheetah-v4__ppo_alpha_a2p75__14__1779494747/ppo_alpha_a2p75.cleanrl_model,/home/users/am1015/rl_runs_halfcheetah_confirm_30seed_20260521/HalfCheetah-v4__ppo_alpha_a2p75__14__1779494747/ppo_alpha_a2p75.cleanrl_model.norm_stats.npz,1,1,1,0.0,0.0,0.0,0.0,1.0,1.0,,1.0,-1,,-1,,1.0,,0.5,1.0,-234.25968375866404,24.955149489832124,-224.63245458910265,-226.6020241903258,-296.01350812361187,-210.5377426305423,
1779590019,eval__HalfCheetah-v4__ppo_cont__a2p75__mass_damping_0p5__seed14__pid691671,ppo_cont,HalfCheetah-v4,14,30,1,a2p75,mass_damping_0p5,/home/users/am1015/rl_runs_halfcheetah_confirm_30seed_20260521/HalfCheetah-v4__ppo_alpha_a2p75__14__1779494747/ppo_alpha_a2p75.cleanrl_model,/home/users/am1015/rl_runs_halfcheetah_confirm_30seed_20260521/HalfCheetah-v4__ppo_alpha_a2p75__14__1779494747/ppo_alpha_a2p75.cleanrl_model.norm_stats.npz,1,1,1,0.0,0.0,0.0,0.0,1.0,0.5,,1.0,-1,,-1,,0.5,,1.0,1.0,992.0354026356612,70.99711062570867,1013.404673914687,1002.2971647654884,853.531890755933,1111.053806789559,
1779590019,eval__HalfCheetah-v4__ppo_cont__a2p75__actuator_gain_0p5__seed15__pid691715,ppo_cont,HalfCheetah-v4,15,30,1,a2p75,actuator_gain_0p5,/home/users/am1015/rl_runs_halfcheetah_confirm_30seed_20260521/HalfCheetah-v4__ppo_alpha_a2p75__15__1779494837/ppo_alpha_a2p75.cleanrl_model,/home/users/am1015/rl_runs_halfcheetah_confirm_30seed_20260521/HalfCheetah-v4__ppo_alpha_a2p75__15__1779494837/ppo_alpha_a2p75.cleanrl_model.norm_stats.npz,1,1,1,0.0,0.0,0.0,0.0,1.0,1.0,,1.0,-1,,-1,,1.0,,0.5,1.0,-482.6411144045426,3.743774663416534,-483.09639200346254,-482.6146200938246,-490.7374475506549,-475.5071108731353,
1779590019,eval__HalfCheetah-v4__ppo_cont__a2p75__mass_damping_0p5__seed15__pid691702,ppo_cont,HalfCheetah-v4,15,30,1,a2p75,mass_damping_0p5,/home/users/am1015/rl_runs_halfcheetah_confirm_30seed_20260521/HalfCheetah-v4__ppo_alpha_a2p75__15__1779494837/ppo_alpha_a2p75.cleanrl_model,/home/users/am1015/rl_runs_halfcheetah_confirm_30seed_20260521/HalfCheetah-v4__ppo_alpha_a2p75__15__1779494837/ppo_alpha_a2p75.cleanrl_model.norm_stats.npz,1,1,1,0.0,0.0,0.0,0.0,1.0,0.5,,1.0,-1,,-1,,0.5,,1.0,1.0,1137.4933999442037,86.39752533237521,1143.8512808985088,1133.8165741245707,958.1441256454784,1332.3820717363174,
1779590018,eval__HalfCheetah-v4__ppo_cont__a2p75__actuator_gain_0p5__seed16__pid646847,ppo_cont,HalfCheetah-v4,16,30,1,a2p75,actuator_gain_0p5,/home/users/am1015/rl_runs_halfcheetah_confirm_30seed_20260521/HalfCheetah-v4__ppo_alpha_a2p75__16__1779495047/ppo_alpha_a2p75.cleanrl_model,/home/users/am1015/rl_runs_halfcheetah_confirm_30seed_20260521/HalfCheetah-v4__ppo_alpha_a2p75__16__1779495047/ppo_alpha_a2p75.cleanrl_model.norm_stats.npz,1,1,1,0.0,0.0,0.0,0.0,1.0,1.0,,1.0,-1,,-1,,1.0,,0.5,1.0,-419.04285630039095,2.111762217899517,-419.0639509432176,-419.2830194724223,-423.0654396145484,-414.18168868854326,
1779590018,eval__HalfCheetah-v4__ppo_cont__a2p75__mass_damping_0p5__seed16__pid646862,ppo_cont,HalfCheetah-v4,16,30,1,a2p75,mass_damping_0p5,/home/users/am1015/rl_runs_halfcheetah_confirm_30seed_20260521/HalfCheetah-v4__ppo_alpha_a2p75__16__1779495047/ppo_alpha_a2p75.cleanrl_model,/home/users/am1015/rl_runs_halfcheetah_confirm_30seed_20260521/HalfCheetah-v4__ppo_alpha_a2p75__16__1779495047/ppo_alpha_a2p75.cleanrl_model.norm_stats.npz,1,1,1,0.0,0.0,0.0,0.0,1.0,0.5,,1.0,-1,,-1,,0.5,,1.0,1.0,303.2969234010039,543.2386058343259,206.2542855229772,217.2027227819256,-615.7240430852389,1705.4475406212744,
1779590019,eval__HalfCheetah-v4__ppo_cont__a2p75__actuator_gain_0p5__seed17__pid646816,ppo_cont,HalfCheetah-v4,17,30,1,a2p75,actuator_gain_0p5,/home/users/am1015/rl_runs_halfcheetah_confirm_30seed_20260521/HalfCheetah-v4__ppo_alpha_a2p75__17__1779495137/ppo_alpha_a2p75.cleanrl_model,/home/users/am1015/rl_runs_halfcheetah_confirm_30seed_20260521/HalfCheetah-v4__ppo_alpha_a2p75__17__1779495137/ppo_alpha_a2p75.cleanrl_model.norm_stats.npz,1,1,1,0.0,0.0,0.0,0.0,1.0,1.0,,1.0,-1,,-1,,1.0,,0.5,1.0,360.18490702417125,87.79627081033703,378.9545737515516,377.4369517012105,-95.20902200408244,403.366621475519,
1779590018,eval__HalfCheetah-v4__ppo_cont__a2p75__mass_damping_0p5__seed17__pid646842,ppo_cont,HalfCheetah-v4,17,30,1,a2p75,mass_damping_0p5,/home/users/am1015/rl_runs_halfcheetah_confirm_30seed_20260521/HalfCheetah-v4__ppo_alpha_a2p75__17__1779495137/ppo_alpha_a2p75.cleanrl_model,/home/users/am1015/rl_runs_halfcheetah_confirm_30seed_20260521/HalfCheetah-v4__ppo_alpha_a2p75__17__1779495137/ppo_alpha_a2p75.cleanrl_model.norm_stats.npz,1,1,1,0.0,0.0,0.0,0.0,1.0,0.5,,1.0,-1,,-1,,0.5,,1.0,1.0,312.92831401581844,257.66838037950896,253.3201246708519,252.8544816936439,-114.69989163748612,1108.56699207403,
1779590020,eval__HalfCheetah-v4__ppo_cont__a2p75__actuator_gain_0p5__seed18__pid2352442,ppo_cont,HalfCheetah-v4,18,30,1,a2p75,actuator_gain_0p5,/home/users/am1015/rl_runs_halfcheetah_confirm_30seed_20260521/HalfCheetah-v4__ppo_alpha_a2p75__18__1779495647/ppo_alpha_a2p75.cleanrl_model,/home/users/am1015/rl_runs_halfcheetah_confirm_30seed_20260521/HalfCheetah-v4__ppo_alpha_a2p75__18__1779495647/ppo_alpha_a2p75.cleanrl_model.norm_stats.npz,1,1,1,0.0,0.0,0.0,0.0,1.0,1.0,,1.0,-1,,-1,,1.0,,0.5,1.0,-271.47084961119475,8.54597623815133,-271.5101015126924,-271.09752055645873,-285.1678781052626,-256.9649749171635,
1779590020,eval__HalfCheetah-v4__ppo_cont__a2p75__mass_damping_0p5__seed18__pid2352415,ppo_cont,HalfCheetah-v4,18,30,1,a2p75,mass_damping_0p5,/home/users/am1015/rl_runs_halfcheetah_confirm_30seed_20260521/HalfCheetah-v4__ppo_alpha_a2p75__18__1779495647/ppo_alpha_a2p75.cleanrl_model,/home/users/am1015/rl_runs_halfcheetah_confirm_30seed_20260521/HalfCheetah-v4__ppo_alpha_a2p75__18__1779495647/ppo_alpha_a2p75.cleanrl_model.norm_stats.npz,1,1,1,0.0,0.0,0.0,0.0,1.0,0.5,,1.0,-1,,-1,,0.5,,1.0,1.0,1089.0686342335885,56.73486441030468,1086.3175620882407,1085.698545740808,976.2251993055024,1209.987494526731,
1779590020,eval__HalfCheetah-v4__ppo_cont__a2p75__actuator_gain_0p5__seed19__pid2352447,ppo_cont,HalfCheetah-v4,19,30,1,a2p75,actuator_gain_0p5,/home/users/am1015/rl_runs_halfcheetah_confirm_30seed_20260521/HalfCheetah-v4__ppo_alpha_a2p75__19__1779495797/ppo_alpha_a2p75.cleanrl_model,/home/users/am1015/rl_runs_halfcheetah_confirm_30seed_20260521/HalfCheetah-v4__ppo_alpha_a2p75__19__1779495797/ppo_alpha_a2p75.cleanrl_model.norm_stats.npz,1,1,1,0.0,0.0,0.0,0.0,1.0,1.0,,1.0,-1,,-1,,1.0,,0.5,1.0,-409.8246112894567,1.2956857393404344,-409.5183469300881,-409.71204625641286,-412.46079683634485,-407.4937653127072,
1779590020,eval__HalfCheetah-v4__ppo_cont__a2p75__mass_damping_0p5__seed19__pid2352417,ppo_cont,HalfCheetah-v4,19,30,1,a2p75,mass_damping_0p5,/home/users/am1015/rl_runs_halfcheetah_confirm_30seed_20260521/HalfCheetah-v4__ppo_alpha_a2p75__19__1779495797/ppo_alpha_a2p75.cleanrl_model,/home/users/am1015/rl_runs_halfcheetah_confirm_30seed_20260521/HalfCheetah-v4__ppo_alpha_a2p75__19__1779495797/ppo_alpha_a2p75.cleanrl_model.norm_stats.npz,1,1,1,0.0,0.0,0.0,0.0,1.0,0.5,,1.0,-1,,-1,,0.5,,1.0,1.0,796.1537870918789,182.5990874747496,817.4329088056429,816.6602240298051,-29.79466754120628,1020.9375907336,
1779590020,eval__HalfCheetah-v4__ppo_cont__a2p75__actuator_gain_0p5__seed1__pid3922816,ppo_cont,HalfCheetah-v4,1,30,1,a2p75,actuator_gain_0p5,/home/users/am1015/rl_runs_halfcheetah_confirm_30seed_20260521/HalfCheetah-v4__ppo_alpha_a2p75__1__1779477190/ppo_alpha_a2p75.cleanrl_model,/home/users/am1015/rl_runs_halfcheetah_confirm_30seed_20260521/HalfCheetah-v4__ppo_alpha_a2p75__1__1779477190/ppo_alpha_a2p75.cleanrl_model.norm_stats.npz,1,1,1,0.0,0.0,0.0,0.0,1.0,1.0,,1.0,-1,,-1,,1.0,,0.5,1.0,-391.7363045169457,3.891960048245169,-391.78451179592105,-391.7541669301564,-398.3956335515289,-385.5227076697437,
1779590019,eval__HalfCheetah-v4__ppo_cont__a2p75__mass_damping_0p5__seed1__pid3922815,ppo_cont,HalfCheetah-v4,1,30,1,a2p75,mass_damping_0p5,/home/users/am1015/rl_runs_halfcheetah_confirm_30seed_20260521/HalfCheetah-v4__ppo_alpha_a2p75__1__1779477190/ppo_alpha_a2p75.cleanrl_model,/home/users/am1015/rl_runs_halfcheetah_confirm_30seed_20260521/HalfCheetah-v4__ppo_alpha_a2p75__1__1779477190/ppo_alpha_a2p75.cleanrl_model.norm_stats.npz,1,1,1,0.0,0.0,0.0,0.0,1.0,0.5,,1.0,-1,,-1,,0.5,,1.0,1.0,1017.738258026769,84.337467358038,1002.9421046689793,1008.5020579335576,877.2540731885231,1203.1492077538448,
1779590020,eval__HalfCheetah-v4__ppo_cont__a2p75__actuator_gain_0p5__seed20__pid1213061,ppo_cont,HalfCheetah-v4,20,30,1,a2p75,actuator_gain_0p5,/home/users/am1015/rl_runs_halfcheetah_confirm_30seed_20260521/HalfCheetah-v4__ppo_alpha_a2p75__20__1779496757/ppo_alpha_a2p75.cleanrl_model,/home/users/am1015/rl_runs_halfcheetah_confirm_30seed_20260521/HalfCheetah-v4__ppo_alpha_a2p75__20__1779496757/ppo_alpha_a2p75.cleanrl_model.norm_stats.npz,1,1,1,0.0,0.0,0.0,0.0,1.0,1.0,,1.0,-1,,-1,,1.0,,0.5,1.0,-229.0458575407686,1.960118450230996,-228.8960397062873,-228.8462513606925,-232.77054918805408,-225.0739147328331,
1779590020,eval__HalfCheetah-v4__ppo_cont__a2p75__mass_damping_0p5__seed20__pid1213044,ppo_cont,HalfCheetah-v4,20,30,1,a2p75,mass_damping_0p5,/home/users/am1015/rl_runs_halfcheetah_confirm_30seed_20260521/HalfCheetah-v4__ppo_alpha_a2p75__20__1779496757/ppo_alpha_a2p75.cleanrl_model,/home/users/am1015/rl_runs_halfcheetah_confirm_30seed_20260521/HalfCheetah-v4__ppo_alpha_a2p75__20__1779496757/ppo_alpha_a2p75.cleanrl_model.norm_stats.npz,1,1,1,0.0,0.0,0.0,0.0,1.0,0.5,,1.0,-1,,-1,,0.5,,1.0,1.0,1280.3201156960365,83.46283590056939,1285.0953305587027,1285.9908911557702,1063.7981393873558,1421.4872709151273,
1779590020,eval__HalfCheetah-v4__ppo_cont__a2p75__actuator_gain_0p5__seed21__pid1213016,ppo_cont,HalfCheetah-v4,21,30,1,a2p75,actuator_gain_0p5,/home/users/am1015/rl_runs_halfcheetah_confirm_30seed_20260521/HalfCheetah-v4__ppo_alpha_a2p75__21__1779497087/ppo_alpha_a2p75.cleanrl_model,/home/users/am1015/rl_runs_halfcheetah_confirm_30seed_20260521/HalfCheetah-v4__ppo_alpha_a2p75__21__1779497087/ppo_alpha_a2p75.cleanrl_model.norm_stats.npz,1,1,1,0.0,0.0,0.0,0.0,1.0,1.0,,1.0,-1,,-1,,1.0,,0.5,1.0,-114.2618089608422,16.57823944485021,-114.94205868778138,-114.6190846156506,-140.0080689236353,-80.19484970311191,
1779590019,eval__HalfCheetah-v4__ppo_cont__a2p75__mass_damping_0p5__seed21__pid1213047,ppo_cont,HalfCheetah-v4,21,30,1,a2p75,mass_damping_0p5,/home/users/am1015/rl_runs_halfcheetah_confirm_30seed_20260521/HalfCheetah-v4__ppo_alpha_a2p75__21__1779497087/ppo_alpha_a2p75.cleanrl_model,/home/users/am1015/rl_runs_halfcheetah_confirm_30seed_20260521/HalfCheetah-v4__ppo_alpha_a2p75__21__1779497087/ppo_alpha_a2p75.cleanrl_model.norm_stats.npz,1,1,1,0.0,0.0,0.0,0.0,1.0,0.5,,1.0,-1,,-1,,0.5,,1.0,1.0,1198.8332714270086,77.23259888348342,1208.1177000059968,1204.361476506066,939.4286573792488,1344.442463269473,
1779590017,eval__HalfCheetah-v4__ppo_cont__a2p75__actuator_gain_0p5__seed22__pid4179760,ppo_cont,HalfCheetah-v4,22,30,1,a2p75,actuator_gain_0p5,/home/users/am1015/rl_runs_halfcheetah_confirm_30seed_20260521/HalfCheetah-v4__ppo_alpha_a2p75__22__1779497447/ppo_alpha_a2p75.cleanrl_model,/home/users/am1015/rl_runs_halfcheetah_confirm_30seed_20260521/HalfCheetah-v4__ppo_alpha_a2p75__22__1779497447/ppo_alpha_a2p75.cleanrl_model.norm_stats.npz,1,1,1,0.0,0.0,0.0,0.0,1.0,1.0,,1.0,-1,,-1,,1.0,,0.5,1.0,-430.464431798775,1.4983662136797071,-430.50713638434354,-430.4796907729976,-433.1874937278123,-428.1454811004341,
1779590049,eval__HalfCheetah-v4__ppo_cont__a2p75__mass_damping_0p5__seed22__pid3328818,ppo_cont,HalfCheetah-v4,22,30,1,a2p75,mass_damping_0p5,/home/users/am1015/rl_runs_halfcheetah_confirm_30seed_20260521/HalfCheetah-v4__ppo_alpha_a2p75__22__1779497447/ppo_alpha_a2p75.cleanrl_model,/home/users/am1015/rl_runs_halfcheetah_confirm_30seed_20260521/HalfCheetah-v4__ppo_alpha_a2p75__22__1779497447/ppo_alpha_a2p75.cleanrl_model.norm_stats.npz,1,1,1,0.0,0.0,0.0,0.0,1.0,0.5,,1.0,-1,,-1,,0.5,,1.0,1.0,1334.4939399822458,101.52623410713784,1341.1071584616298,1338.9870994595967,1139.2524453622636,1538.3545593605656,
1779590049,eval__HalfCheetah-v4__ppo_cont__a2p75__actuator_gain_0p5__seed23__pid495373,ppo_cont,HalfCheetah-v4,23,30,1,a2p75,actuator_gain_0p5,/home/users/am1015/rl_runs_halfcheetah_confirm_30seed_20260521/HalfCheetah-v4__ppo_alpha_a2p75__23__1779497507/ppo_alpha_a2p75.cleanrl_model,/home/users/am1015/rl_runs_halfcheetah_confirm_30seed_20260521/HalfCheetah-v4__ppo_alpha_a2p75__23__1779497507/ppo_alpha_a2p75.cleanrl_model.norm_stats.npz,1,1,1,0.0,0.0,0.0,0.0,1.0,1.0,,1.0,-1,,-1,,1.0,,0.5,1.0,-330.81060822368414,3.574984241243276,-330.35488119137005,-330.26388891541507,-340.1932338490873,-325.4953175063866,
1779590048,eval__HalfCheetah-v4__ppo_cont__a2p75__mass_damping_0p5__seed23__pid815367,ppo_cont,HalfCheetah-v4,23,30,1,a2p75,mass_damping_0p5,/home/users/am1015/rl_runs_halfcheetah_confirm_30seed_20260521/HalfCheetah-v4__ppo_alpha_a2p75__23__1779497507/ppo_alpha_a2p75.cleanrl_model,/home/users/am1015/rl_runs_halfcheetah_confirm_30seed_20260521/HalfCheetah-v4__ppo_alpha_a2p75__23__1779497507/ppo_alpha_a2p75.cleanrl_model.norm_stats.npz,1,1,1,0.0,0.0,0.0,0.0,1.0,0.5,,1.0,-1,,-1,,0.5,,1.0,1.0,985.287051789886,311.1853016635392,1061.8739270845897,1060.4726008286395,-316.2453999092048,1162.5870041898738,
1779590048,eval__HalfCheetah-v4__ppo_cont__a2p75__actuator_gain_0p5__seed24__pid1449575,ppo_cont,HalfCheetah-v4,24,30,1,a2p75,actuator_gain_0p5,/home/users/am1015/rl_runs_halfcheetah_confirm_30seed_20260521/HalfCheetah-v4__ppo_alpha_a2p75__24__1779497658/ppo_alpha_a2p75.cleanrl_model,/home/users/am1015/rl_runs_halfcheetah_confirm_30seed_20260521/HalfCheetah-v4__ppo_alpha_a2p75__24__1779497658/ppo_alpha_a2p75.cleanrl_model.norm_stats.npz,1,1,1,0.0,0.0,0.0,0.0,1.0,1.0,,1.0,-1,,-1,,1.0,,0.5,1.0,-315.9513820085163,0.8631977912118879,-315.9721749103126,-316.07078227992,-317.75708165533484,-314.0294559656231,
1779590048,eval__HalfCheetah-v4__ppo_cont__a2p75__mass_damping_0p5__seed24__pid1449559,ppo_cont,HalfCheetah-v4,24,30,1,a2p75,mass_damping_0p5,/home/users/am1015/rl_runs_halfcheetah_confirm_30seed_20260521/HalfCheetah-v4__ppo_alpha_a2p75__24__1779497658/ppo_alpha_a2p75.cleanrl_model,/home/users/am1015/rl_runs_halfcheetah_confirm_30seed_20260521/HalfCheetah-v4__ppo_alpha_a2p75__24__1779497658/ppo_alpha_a2p75.cleanrl_model.norm_stats.npz,1,1,1,0.0,0.0,0.0,0.0,1.0,0.5,,1.0,-1,,-1,,0.5,,1.0,1.0,707.8054522764531,88.6809874404716,687.7323565502682,701.0598971017714,534.3558756050617,912.6276554673204,
1779590049,eval__HalfCheetah-v4__ppo_cont__a2p75__actuator_gain_0p5__seed25__pid1318617,ppo_cont,HalfCheetah-v4,25,30,1,a2p75,actuator_gain_0p5,/home/users/am1015/rl_runs_halfcheetah_confirm_30seed_20260521/HalfCheetah-v4__ppo_alpha_a2p75__25__1779497748/ppo_alpha_a2p75.cleanrl_model,/home/users/am1015/rl_runs_halfcheetah_confirm_30seed_20260521/HalfCheetah-v4__ppo_alpha_a2p75__25__1779497748/ppo_alpha_a2p75.cleanrl_model.norm_stats.npz,1,1,1,0.0,0.0,0.0,0.0,1.0,1.0,,1.0,-1,,-1,,1.0,,0.5,1.0,-212.7731576326172,6.02431888298894,-215.387048706689,-214.83534612470456,-217.6239166941857,-188.92521472559497,
1779590049,eval__HalfCheetah-v4__ppo_cont__a2p75__mass_damping_0p5__seed25__pid1318612,ppo_cont,HalfCheetah-v4,25,30,1,a2p75,mass_damping_0p5,/home/users/am1015/rl_runs_halfcheetah_confirm_30seed_20260521/HalfCheetah-v4__ppo_alpha_a2p75__25__1779497748/ppo_alpha_a2p75.cleanrl_model,/home/users/am1015/rl_runs_halfcheetah_confirm_30seed_20260521/HalfCheetah-v4__ppo_alpha_a2p75__25__1779497748/ppo_alpha_a2p75.cleanrl_model.norm_stats.npz,1,1,1,0.0,0.0,0.0,0.0,1.0,0.5,,1.0,-1,,-1,,0.5,,1.0,1.0,855.0795841407377,358.0695926365853,1019.0911227384688,983.8020597901658,248.3625346451238,1218.6879761117948,
1779590050,eval__HalfCheetah-v4__ppo_cont__a2p75__actuator_gain_0p5__seed26__pid2111935,ppo_cont,HalfCheetah-v4,26,30,1,a2p75,actuator_gain_0p5,/home/users/am1015/rl_runs_halfcheetah_confirm_30seed_20260521/HalfCheetah-v4__ppo_alpha_a2p75__26__1779497748/ppo_alpha_a2p75.cleanrl_model,/home/users/am1015/rl_runs_halfcheetah_confirm_30seed_20260521/HalfCheetah-v4__ppo_alpha_a2p75__26__1779497748/ppo_alpha_a2p75.cleanrl_model.norm_stats.npz,1,1,1,0.0,0.0,0.0,0.0,1.0,1.0,,1.0,-1,,-1,,1.0,,0.5,1.0,111.12190263221343,15.415993304060043,107.18181499064974,110.29243899448296,84.70456666186578,135.97533562575055,
1779590050,eval__HalfCheetah-v4__ppo_cont__a2p75__mass_damping_0p5__seed26__pid2111930,ppo_cont,HalfCheetah-v4,26,30,1,a2p75,mass_damping_0p5,/home/users/am1015/rl_runs_halfcheetah_confirm_30seed_20260521/HalfCheetah-v4__ppo_alpha_a2p75__26__1779497748/ppo_alpha_a2p75.cleanrl_model,/home/users/am1015/rl_runs_halfcheetah_confirm_30seed_20260521/HalfCheetah-v4__ppo_alpha_a2p75__26__1779497748/ppo_alpha_a2p75.cleanrl_model.norm_stats.npz,1,1,1,0.0,0.0,0.0,0.0,1.0,0.5,,1.0,-1,,-1,,0.5,,1.0,1.0,423.3110964642107,80.8886971284512,424.686603836956,419.8286067542759,290.66348841035256,579.7030193125986,
1779590052,eval__HalfCheetah-v4__ppo_cont__a2p75__actuator_gain_0p5__seed27__pid4186660,ppo_cont,HalfCheetah-v4,27,30,1,a2p75,actuator_gain_0p5,/home/users/am1015/rl_runs_halfcheetah_confirm_30seed_20260521/HalfCheetah-v4__ppo_alpha_a2p75__27__1779498047/ppo_alpha_a2p75.cleanrl_model,/home/users/am1015/rl_runs_halfcheetah_confirm_30seed_20260521/HalfCheetah-v4__ppo_alpha_a2p75__27__1779498047/ppo_alpha_a2p75.cleanrl_model.norm_stats.npz,1,1,1,0.0,0.0,0.0,0.0,1.0,1.0,,1.0,-1,,-1,,1.0,,0.5,1.0,-468.2447046041447,20.73091088440177,-472.3109953540792,-472.11095777419297,-474.5874780932073,-358.6795130713171,
1779590052,eval__HalfCheetah-v4__ppo_cont__a2p75__mass_damping_0p5__seed27__pid21368,ppo_cont,HalfCheetah-v4,27,30,1,a2p75,mass_damping_0p5,/home/users/am1015/rl_runs_halfcheetah_confirm_30seed_20260521/HalfCheetah-v4__ppo_alpha_a2p75__27__1779498047/ppo_alpha_a2p75.cleanrl_model,/home/users/am1015/rl_runs_halfcheetah_confirm_30seed_20260521/HalfCheetah-v4__ppo_alpha_a2p75__27__1779498047/ppo_alpha_a2p75.cleanrl_model.norm_stats.npz,1,1,1,0.0,0.0,0.0,0.0,1.0,0.5,,1.0,-1,,-1,,0.5,,1.0,1.0,1012.5980874442467,66.19037172268861,1014.2644287509625,1004.372284267434,865.7831505448733,1176.273487853041,
1779590052,eval__HalfCheetah-v4__ppo_cont__a2p75__actuator_gain_0p5__seed28__pid21352,ppo_cont,HalfCheetah-v4,28,30,1,a2p75,actuator_gain_0p5,/home/users/am1015/rl_runs_halfcheetah_confirm_30seed_20260521/HalfCheetah-v4__ppo_alpha_a2p75__28__1779498288/ppo_alpha_a2p75.cleanrl_model,/home/users/am1015/rl_runs_halfcheetah_confirm_30seed_20260521/HalfCheetah-v4__ppo_alpha_a2p75__28__1779498288/ppo_alpha_a2p75.cleanrl_model.norm_stats.npz,1,1,1,0.0,0.0,0.0,0.0,1.0,1.0,,1.0,-1,,-1,,1.0,,0.5,1.0,-311.8420088486818,7.937556014825904,-311.26211753740387,-311.8018764584958,-325.9434980351496,-297.09116975204086,
1779590049,eval__HalfCheetah-v4__ppo_cont__a2p75__mass_damping_0p5__seed28__pid3769602,ppo_cont,HalfCheetah-v4,28,30,1,a2p75,mass_damping_0p5,/home/users/am1015/rl_runs_halfcheetah_confirm_30seed_20260521/HalfCheetah-v4__ppo_alpha_a2p75__28__1779498288/ppo_alpha_a2p75.cleanrl_model,/home/users/am1015/rl_runs_halfcheetah_confirm_30seed_20260521/HalfCheetah-v4__ppo_alpha_a2p75__28__1779498288/ppo_alpha_a2p75.cleanrl_model.norm_stats.npz,1,1,1,0.0,0.0,0.0,0.0,1.0,0.5,,1.0,-1,,-1,,0.5,,1.0,1.0,1164.5647562082115,58.644881148786666,1160.5603624917776,1159.6288741786434,1059.30199566302,1295.5823834840346,
1779590052,eval__HalfCheetah-v4__ppo_cont__a2p75__actuator_gain_0p5__seed29__pid3845186,ppo_cont,HalfCheetah-v4,29,30,1,a2p75,actuator_gain_0p5,/home/users/am1015/rl_runs_halfcheetah_confirm_30seed_20260521/HalfCheetah-v4__ppo_alpha_a2p75__29__1779498468/ppo_alpha_a2p75.cleanrl_model,/home/users/am1015/rl_runs_halfcheetah_confirm_30seed_20260521/HalfCheetah-v4__ppo_alpha_a2p75__29__1779498468/ppo_alpha_a2p75.cleanrl_model.norm_stats.npz,1,1,1,0.0,0.0,0.0,0.0,1.0,1.0,,1.0,-1,,-1,,1.0,,0.5,1.0,585.5912947417739,24.110253579331097,585.3162780536588,584.2647464711418,545.9603128296941,632.2764375855799,
1779590053,eval__HalfCheetah-v4__ppo_cont__a2p75__mass_damping_0p5__seed29__pid1858999,ppo_cont,HalfCheetah-v4,29,30,1,a2p75,mass_damping_0p5,/home/users/am1015/rl_runs_halfcheetah_confirm_30seed_20260521/HalfCheetah-v4__ppo_alpha_a2p75__29__1779498468/ppo_alpha_a2p75.cleanrl_model,/home/users/am1015/rl_runs_halfcheetah_confirm_30seed_20260521/HalfCheetah-v4__ppo_alpha_a2p75__29__1779498468/ppo_alpha_a2p75.cleanrl_model.norm_stats.npz,1,1,1,0.0,0.0,0.0,0.0,1.0,0.5,,1.0,-1,,-1,,0.5,,1.0,1.0,798.7392769511918,742.2624828730593,899.9656995650957,826.5290558945334,-438.55891150417807,2113.2534988664524,
1779590017,eval__HalfCheetah-v4__ppo_cont__a2p75__actuator_gain_0p5__seed2__pid4179758,ppo_cont,HalfCheetah-v4,2,30,1,a2p75,actuator_gain_0p5,/home/users/am1015/rl_runs_halfcheetah_confirm_30seed_20260521/HalfCheetah-v4__ppo_alpha_a2p75__2__1779477191/ppo_alpha_a2p75.cleanrl_model,/home/users/am1015/rl_runs_halfcheetah_confirm_30seed_20260521/HalfCheetah-v4__ppo_alpha_a2p75__2__1779477191/ppo_alpha_a2p75.cleanrl_model.norm_stats.npz,1,1,1,0.0,0.0,0.0,0.0,1.0,1.0,,1.0,-1,,-1,,1.0,,0.5,1.0,-195.20952954349715,5.944179057634755,-195.44303211221225,-194.9803608195776,-207.00573699006907,-183.85959988858392,
1779590018,eval__HalfCheetah-v4__ppo_cont__a2p75__mass_damping_0p5__seed2__pid4179775,ppo_cont,HalfCheetah-v4,2,30,1,a2p75,mass_damping_0p5,/home/users/am1015/rl_runs_halfcheetah_confirm_30seed_20260521/HalfCheetah-v4__ppo_alpha_a2p75__2__1779477191/ppo_alpha_a2p75.cleanrl_model,/home/users/am1015/rl_runs_halfcheetah_confirm_30seed_20260521/HalfCheetah-v4__ppo_alpha_a2p75__2__1779477191/ppo_alpha_a2p75.cleanrl_model.norm_stats.npz,1,1,1,0.0,0.0,0.0,0.0,1.0,0.5,,1.0,-1,,-1,,0.5,,1.0,1.0,1140.9807691564963,226.11557967340224,1199.926141389201,1196.455872883649,107.25218529256844,1382.5439851646624,
1779590055,eval__HalfCheetah-v4__ppo_cont__a2p75__actuator_gain_0p5__seed30__pid1859014,ppo_cont,HalfCheetah-v4,30,30,1,a2p75,actuator_gain_0p5,/home/users/am1015/rl_runs_halfcheetah_confirm_30seed_20260521/HalfCheetah-v4__ppo_alpha_a2p75__30__1779498678/ppo_alpha_a2p75.cleanrl_model,/home/users/am1015/rl_runs_halfcheetah_confirm_30seed_20260521/HalfCheetah-v4__ppo_alpha_a2p75__30__1779498678/ppo_alpha_a2p75.cleanrl_model.norm_stats.npz,1,1,1,0.0,0.0,0.0,0.0,1.0,1.0,,1.0,-1,,-1,,1.0,,0.5,1.0,-272.3435424869228,3.665916105159457,-272.2773509330161,-272.1998605614968,-278.0895326417335,-264.21090642379994,
1779590053,eval__HalfCheetah-v4__ppo_cont__a2p75__mass_damping_0p5__seed30__pid1858988,ppo_cont,HalfCheetah-v4,30,30,1,a2p75,mass_damping_0p5,/home/users/am1015/rl_runs_halfcheetah_confirm_30seed_20260521/HalfCheetah-v4__ppo_alpha_a2p75__30__1779498678/ppo_alpha_a2p75.cleanrl_model,/home/users/am1015/rl_runs_halfcheetah_confirm_30seed_20260521/HalfCheetah-v4__ppo_alpha_a2p75__30__1779498678/ppo_alpha_a2p75.cleanrl_model.norm_stats.npz,1,1,1,0.0,0.0,0.0,0.0,1.0,0.5,,1.0,-1,,-1,,0.5,,1.0,1.0,1031.9358947702556,56.649481285367365,1024.282220863101,1028.7763334067467,928.5839906581172,1159.823684161234,
1779590053,eval__HalfCheetah-v4__ppo_cont__a2p75__actuator_gain_0p5__seed3__pid3042417,ppo_cont,HalfCheetah-v4,3,30,1,a2p75,actuator_gain_0p5,/home/users/am1015/rl_runs_halfcheetah_confirm_30seed_20260521/HalfCheetah-v4__ppo_alpha_a2p75__3__1779477220/ppo_alpha_a2p75.cleanrl_model,/home/users/am1015/rl_runs_halfcheetah_confirm_30seed_20260521/HalfCheetah-v4__ppo_alpha_a2p75__3__1779477220/ppo_alpha_a2p75.cleanrl_model.norm_stats.npz,1,1,1,0.0,0.0,0.0,0.0,1.0,1.0,,1.0,-1,,-1,,1.0,,0.5,1.0,-314.7833561388832,1.7702105302020774,-315.2157568749113,-315.1776021379902,-317.4386224368289,-308.8314303863611,
1779590053,eval__HalfCheetah-v4__ppo_cont__a2p75__mass_damping_0p5__seed3__pid3042384,ppo_cont,HalfCheetah-v4,3,30,1,a2p75,mass_damping_0p5,/home/users/am1015/rl_runs_halfcheetah_confirm_30seed_20260521/HalfCheetah-v4__ppo_alpha_a2p75__3__1779477220/ppo_alpha_a2p75.cleanrl_model,/home/users/am1015/rl_runs_halfcheetah_confirm_30seed_20260521/HalfCheetah-v4__ppo_alpha_a2p75__3__1779477220/ppo_alpha_a2p75.cleanrl_model.norm_stats.npz,1,1,1,0.0,0.0,0.0,0.0,1.0,0.5,,1.0,-1,,-1,,0.5,,1.0,1.0,1270.793680479027,116.65669720446954,1286.987210355977,1282.700934385044,984.8415878495656,1478.483120414714,
1779590053,eval__HalfCheetah-v4__ppo_cont__a2p75__actuator_gain_0p5__seed4__pid3042402,ppo_cont,HalfCheetah-v4,4,30,1,a2p75,actuator_gain_0p5,/home/users/am1015/rl_runs_halfcheetah_confirm_30seed_20260521/HalfCheetah-v4__ppo_alpha_a2p75__4__1779477311/ppo_alpha_a2p75.cleanrl_model,/home/users/am1015/rl_runs_halfcheetah_confirm_30seed_20260521/HalfCheetah-v4__ppo_alpha_a2p75__4__1779477311/ppo_alpha_a2p75.cleanrl_model.norm_stats.npz,1,1,1,0.0,0.0,0.0,0.0,1.0,1.0,,1.0,-1,,-1,,1.0,,0.5,1.0,1189.1246275485018,9.637729501981743,1188.6547684648367,1189.3712320313423,1165.5242885811929,1206.7203998079026,
1779590053,eval__HalfCheetah-v4__ppo_cont__a2p75__mass_damping_0p5__seed4__pid3042385,ppo_cont,HalfCheetah-v4,4,30,1,a2p75,mass_damping_0p5,/home/users/am1015/rl_runs_halfcheetah_confirm_30seed_20260521/HalfCheetah-v4__ppo_alpha_a2p75__4__1779477311/ppo_alpha_a2p75.cleanrl_model,/home/users/am1015/rl_runs_halfcheetah_confirm_30seed_20260521/HalfCheetah-v4__ppo_alpha_a2p75__4__1779477311/ppo_alpha_a2p75.cleanrl_model.norm_stats.npz,1,1,1,0.0,0.0,0.0,0.0,1.0,0.5,,1.0,-1,,-1,,0.5,,1.0,1.0,446.7343077866078,399.20614672142375,597.1988952365242,574.6853915707198,-395.1120182653274,1042.6725408108014,
1779590054,eval__HalfCheetah-v4__ppo_cont__a2p75__actuator_gain_0p5__seed5__pid637589,ppo_cont,HalfCheetah-v4,5,30,1,a2p75,actuator_gain_0p5,/home/users/am1015/rl_runs_halfcheetah_confirm_30seed_20260521/HalfCheetah-v4__ppo_alpha_a2p75__5__1779477431/ppo_alpha_a2p75.cleanrl_model,/home/users/am1015/rl_runs_halfcheetah_confirm_30seed_20260521/HalfCheetah-v4__ppo_alpha_a2p75__5__1779477431/ppo_alpha_a2p75.cleanrl_model.norm_stats.npz,1,1,1,0.0,0.0,0.0,0.0,1.0,1.0,,1.0,-1,,-1,,1.0,,0.5,1.0,500.9207390135541,28.277099466264044,502.5574263046108,503.2483170517515,443.066374232593,544.2022000701462,
1779590054,eval__HalfCheetah-v4__ppo_cont__a2p75__mass_damping_0p5__seed5__pid637604,ppo_cont,HalfCheetah-v4,5,30,1,a2p75,mass_damping_0p5,/home/users/am1015/rl_runs_halfcheetah_confirm_30seed_20260521/HalfCheetah-v4__ppo_alpha_a2p75__5__1779477431/ppo_alpha_a2p75.cleanrl_model,/home/users/am1015/rl_runs_halfcheetah_confirm_30seed_20260521/HalfCheetah-v4__ppo_alpha_a2p75__5__1779477431/ppo_alpha_a2p75.cleanrl_model.norm_stats.npz,1,1,1,0.0,0.0,0.0,0.0,1.0,0.5,,1.0,-1,,-1,,0.5,,1.0,1.0,1519.4148505667736,71.50293225261986,1523.2688614977546,1527.1667912440555,1384.4519248934764,1654.533927200995,
1779590054,eval__HalfCheetah-v4__ppo_cont__a2p75__actuator_gain_0p5__seed6__pid637578,ppo_cont,HalfCheetah-v4,6,30,1,a2p75,actuator_gain_0p5,/home/users/am1015/rl_runs_halfcheetah_confirm_30seed_20260521/HalfCheetah-v4__ppo_alpha_a2p75__6__1779477431/ppo_alpha_a2p75.cleanrl_model,/home/users/am1015/rl_runs_halfcheetah_confirm_30seed_20260521/HalfCheetah-v4__ppo_alpha_a2p75__6__1779477431/ppo_alpha_a2p75.cleanrl_model.norm_stats.npz,1,1,1,0.0,0.0,0.0,0.0,1.0,1.0,,1.0,-1,,-1,,1.0,,0.5,1.0,-253.10579031773497,2.9794735216995694,-252.67198972612243,-253.1346004903846,-257.5623732089566,-247.29406063354168,
1779590050,eval__HalfCheetah-v4__ppo_cont__a2p75__mass_damping_0p5__seed6__pid3923123,ppo_cont,HalfCheetah-v4,6,30,1,a2p75,mass_damping_0p5,/home/users/am1015/rl_runs_halfcheetah_confirm_30seed_20260521/HalfCheetah-v4__ppo_alpha_a2p75__6__1779477431/ppo_alpha_a2p75.cleanrl_model,/home/users/am1015/rl_runs_halfcheetah_confirm_30seed_20260521/HalfCheetah-v4__ppo_alpha_a2p75__6__1779477431/ppo_alpha_a2p75.cleanrl_model.norm_stats.npz,1,1,1,0.0,0.0,0.0,0.0,1.0,0.5,,1.0,-1,,-1,,0.5,,1.0,1.0,876.9953083671008,112.73234764214352,878.6872496379083,889.7922034185642,621.1715586189247,1101.3436959726434,
1779590049,eval__HalfCheetah-v4__ppo_cont__a2p75__actuator_gain_0p5__seed7__pid3923107,ppo_cont,HalfCheetah-v4,7,30,1,a2p75,actuator_gain_0p5,/home/users/am1015/rl_runs_halfcheetah_confirm_30seed_20260521/HalfCheetah-v4__ppo_alpha_a2p75__7__1779477431/ppo_alpha_a2p75.cleanrl_model,/home/users/am1015/rl_runs_halfcheetah_confirm_30seed_20260521/HalfCheetah-v4__ppo_alpha_a2p75__7__1779477431/ppo_alpha_a2p75.cleanrl_model.norm_stats.npz,1,1,1,0.0,0.0,0.0,0.0,1.0,1.0,,1.0,-1,,-1,,1.0,,0.5,1.0,-197.5579304260013,7.606908871333101,-196.43499804703072,-196.831285909318,-210.78785544779024,-183.4820821540361,
1779590049,eval__HalfCheetah-v4__ppo_cont__a2p75__mass_damping_0p5__seed7__pid3923078,ppo_cont,HalfCheetah-v4,7,30,1,a2p75,mass_damping_0p5,/home/users/am1015/rl_runs_halfcheetah_confirm_30seed_20260521/HalfCheetah-v4__ppo_alpha_a2p75__7__1779477431/ppo_alpha_a2p75.cleanrl_model,/home/users/am1015/rl_runs_halfcheetah_confirm_30seed_20260521/HalfCheetah-v4__ppo_alpha_a2p75__7__1779477431/ppo_alpha_a2p75.cleanrl_model.norm_stats.npz,1,1,1,0.0,0.0,0.0,0.0,1.0,0.5,,1.0,-1,,-1,,0.5,,1.0,1.0,1153.7204090609553,268.9337888345882,1191.785611510145,1193.0298271731626,-239.4547179283486,1313.6394832439844,
1779590049,eval__HalfCheetah-v4__ppo_cont__a2p75__actuator_gain_0p5__seed8__pid3923122,ppo_cont,HalfCheetah-v4,8,30,1,a2p75,actuator_gain_0p5,/home/users/am1015/rl_runs_halfcheetah_confirm_30seed_20260521/HalfCheetah-v4__ppo_alpha_a2p75__8__1779477701/ppo_alpha_a2p75.cleanrl_model,/home/users/am1015/rl_runs_halfcheetah_confirm_30seed_20260521/HalfCheetah-v4__ppo_alpha_a2p75__8__1779477701/ppo_alpha_a2p75.cleanrl_model.norm_stats.npz,1,1,1,0.0,0.0,0.0,0.0,1.0,1.0,,1.0,-1,,-1,,1.0,,0.5,1.0,183.2569422120199,111.06264292280532,181.7112772301072,187.30812586497143,-278.23721058675,333.66073714978546,
1779590049,eval__HalfCheetah-v4__ppo_cont__a2p75__mass_damping_0p5__seed8__pid3851676,ppo_cont,HalfCheetah-v4,8,30,1,a2p75,mass_damping_0p5,/home/users/am1015/rl_runs_halfcheetah_confirm_30seed_20260521/HalfCheetah-v4__ppo_alpha_a2p75__8__1779477701/ppo_alpha_a2p75.cleanrl_model,/home/users/am1015/rl_runs_halfcheetah_confirm_30seed_20260521/HalfCheetah-v4__ppo_alpha_a2p75__8__1779477701/ppo_alpha_a2p75.cleanrl_model.norm_stats.npz,1,1,1,0.0,0.0,0.0,0.0,1.0,0.5,,1.0,-1,,-1,,0.5,,1.0,1.0,948.831869309994,439.9855601077557,1109.5180435729176,1089.2726734654236,-327.565658018348,1289.3762381620277,
1779590049,eval__HalfCheetah-v4__ppo_cont__a2p75__actuator_gain_0p5__seed9__pid3851645,ppo_cont,HalfCheetah-v4,9,30,1,a2p75,actuator_gain_0p5,/home/users/am1015/rl_runs_halfcheetah_confirm_30seed_20260521/HalfCheetah-v4__ppo_alpha_a2p75__9__1779477791/ppo_alpha_a2p75.cleanrl_model,/home/users/am1015/rl_runs_halfcheetah_confirm_30seed_20260521/HalfCheetah-v4__ppo_alpha_a2p75__9__1779477791/ppo_alpha_a2p75.cleanrl_model.norm_stats.npz,1,1,1,0.0,0.0,0.0,0.0,1.0,1.0,,1.0,-1,,-1,,1.0,,0.5,1.0,-266.17289254349424,1.5926637979747036,-265.9628855847796,-265.99045215821496,-269.38106131913423,-263.1850094484477,
1779590049,eval__HalfCheetah-v4__ppo_cont__a2p75__mass_damping_0p5__seed9__pid3851662,ppo_cont,HalfCheetah-v4,9,30,1,a2p75,mass_damping_0p5,/home/users/am1015/rl_runs_halfcheetah_confirm_30seed_20260521/HalfCheetah-v4__ppo_alpha_a2p75__9__1779477791/ppo_alpha_a2p75.cleanrl_model,/home/users/am1015/rl_runs_halfcheetah_confirm_30seed_20260521/HalfCheetah-v4__ppo_alpha_a2p75__9__1779477791/ppo_alpha_a2p75.cleanrl_model.norm_stats.npz,1,1,1,0.0,0.0,0.0,0.0,1.0,0.5,,1.0,-1,,-1,,0.5,,1.0,1.0,1028.2563603202975,77.58065517345884,1028.8880776725446,1024.1576172260914,886.5232604781309,1219.9657222485937,
1779590050,eval__HalfCheetah-v4__ppo_cont__vanilla__actuator_gain_0p5__seed10__pid691973,ppo_cont,HalfCheetah-v4,10,30,1,vanilla,actuator_gain_0p5,/home/users/am1015/rl_runs_halfcheetah_confirm_30seed_20260521/HalfCheetah-v4__ppo_alpha_vanilla__10__1779446695/ppo_alpha_vanilla.cleanrl_model,/home/users/am1015/rl_runs_halfcheetah_confirm_30seed_20260521/HalfCheetah-v4__ppo_alpha_vanilla__10__1779446695/ppo_alpha_vanilla.cleanrl_model.norm_stats.npz,1,1,1,0.0,0.0,0.0,0.0,1.0,1.0,,1.0,-1,,-1,,1.0,,0.5,1.0,-365.0023837609813,81.33529916532115,-394.40560174407176,-394.2153885454074,-404.05156690319416,-128.83913582027003,
1779590049,eval__HalfCheetah-v4__ppo_cont__vanilla__mass_damping_0p5__seed10__pid692009,ppo_cont,HalfCheetah-v4,10,30,1,vanilla,mass_damping_0p5,/home/users/am1015/rl_runs_halfcheetah_confirm_30seed_20260521/HalfCheetah-v4__ppo_alpha_vanilla__10__1779446695/ppo_alpha_vanilla.cleanrl_model,/home/users/am1015/rl_runs_halfcheetah_confirm_30seed_20260521/HalfCheetah-v4__ppo_alpha_vanilla__10__1779446695/ppo_alpha_vanilla.cleanrl_model.norm_stats.npz,1,1,1,0.0,0.0,0.0,0.0,1.0,0.5,,1.0,-1,,-1,,0.5,,1.0,1.0,1016.4247142773984,105.78765161840198,1040.989130556267,1032.9763158102674,796.2676118711032,1193.5309458465204,
1779590050,eval__HalfCheetah-v4__ppo_cont__vanilla__actuator_gain_0p5__seed11__pid692017,ppo_cont,HalfCheetah-v4,11,30,1,vanilla,actuator_gain_0p5,/home/users/am1015/rl_runs_halfcheetah_confirm_30seed_20260521/HalfCheetah-v4__ppo_alpha_vanilla__11__1779448315/ppo_alpha_vanilla.cleanrl_model,/home/users/am1015/rl_runs_halfcheetah_confirm_30seed_20260521/HalfCheetah-v4__ppo_alpha_vanilla__11__1779448315/ppo_alpha_vanilla.cleanrl_model.norm_stats.npz,1,1,1,0.0,0.0,0.0,0.0,1.0,1.0,,1.0,-1,,-1,,1.0,,0.5,1.0,-252.09533929360492,10.22961792161808,-252.2474523318847,-252.0048803520168,-271.6944968100368,-225.0699784002784,
1779590050,eval__HalfCheetah-v4__ppo_cont__vanilla__mass_damping_0p5__seed11__pid691991,ppo_cont,HalfCheetah-v4,11,30,1,vanilla,mass_damping_0p5,/home/users/am1015/rl_runs_halfcheetah_confirm_30seed_20260521/HalfCheetah-v4__ppo_alpha_vanilla__11__1779448315/ppo_alpha_vanilla.cleanrl_model,/home/users/am1015/rl_runs_halfcheetah_confirm_30seed_20260521/HalfCheetah-v4__ppo_alpha_vanilla__11__1779448315/ppo_alpha_vanilla.cleanrl_model.norm_stats.npz,1,1,1,0.0,0.0,0.0,0.0,1.0,0.5,,1.0,-1,,-1,,0.5,,1.0,1.0,651.29983364635,504.799168659276,507.6450611031142,564.0327939926208,93.79647495218532,2404.89894995356,
1779590051,eval__HalfCheetah-v4__ppo_cont__vanilla__actuator_gain_0p5__seed12__pid647146,ppo_cont,HalfCheetah-v4,12,30,1,vanilla,actuator_gain_0p5,/home/users/am1015/rl_runs_halfcheetah_confirm_30seed_20260521/HalfCheetah-v4__ppo_alpha_vanilla__12__1779448616/ppo_alpha_vanilla.cleanrl_model,/home/users/am1015/rl_runs_halfcheetah_confirm_30seed_20260521/HalfCheetah-v4__ppo_alpha_vanilla__12__1779448616/ppo_alpha_vanilla.cleanrl_model.norm_stats.npz,1,1,1,0.0,0.0,0.0,0.0,1.0,1.0,,1.0,-1,,-1,,1.0,,0.5,1.0,-314.5558520985922,2.352529755626672,-314.3505207544342,-314.5091554890866,-319.40504295356834,-309.5755258608545,
1779590050,eval__HalfCheetah-v4__ppo_cont__vanilla__mass_damping_0p5__seed12__pid647154,ppo_cont,HalfCheetah-v4,12,30,1,vanilla,mass_damping_0p5,/home/users/am1015/rl_runs_halfcheetah_confirm_30seed_20260521/HalfCheetah-v4__ppo_alpha_vanilla__12__1779448616/ppo_alpha_vanilla.cleanrl_model,/home/users/am1015/rl_runs_halfcheetah_confirm_30seed_20260521/HalfCheetah-v4__ppo_alpha_vanilla__12__1779448616/ppo_alpha_vanilla.cleanrl_model.norm_stats.npz,1,1,1,0.0,0.0,0.0,0.0,1.0,0.5,,1.0,-1,,-1,,0.5,,1.0,1.0,617.4020319658729,195.9908026999634,624.8842258644671,627.6434730155177,86.72047031745561,963.7345048061732,
1779590050,eval__HalfCheetah-v4__ppo_cont__vanilla__actuator_gain_0p5__seed13__pid2352747,ppo_cont,HalfCheetah-v4,13,30,1,vanilla,actuator_gain_0p5,/home/users/am1015/rl_runs_halfcheetah_confirm_30seed_20260521/HalfCheetah-v4__ppo_alpha_vanilla__13__1779449157/ppo_alpha_vanilla.cleanrl_model,/home/users/am1015/rl_runs_halfcheetah_confirm_30seed_20260521/HalfCheetah-v4__ppo_alpha_vanilla__13__1779449157/ppo_alpha_vanilla.cleanrl_model.norm_stats.npz,1,1,1,0.0,0.0,0.0,0.0,1.0,1.0,,1.0,-1,,-1,,1.0,,0.5,1.0,-169.44730282638747,23.338265486917617,-174.6032203236864,-174.23454210382624,-218.25370236721304,-110.6221504008804,
1779590050,eval__HalfCheetah-v4__ppo_cont__vanilla__mass_damping_0p5__seed13__pid2352736,ppo_cont,HalfCheetah-v4,13,30,1,vanilla,mass_damping_0p5,/home/users/am1015/rl_runs_halfcheetah_confirm_30seed_20260521/HalfCheetah-v4__ppo_alpha_vanilla__13__1779449157/ppo_alpha_vanilla.cleanrl_model,/home/users/am1015/rl_runs_halfcheetah_confirm_30seed_20260521/HalfCheetah-v4__ppo_alpha_vanilla__13__1779449157/ppo_alpha_vanilla.cleanrl_model.norm_stats.npz,1,1,1,0.0,0.0,0.0,0.0,1.0,0.5,,1.0,-1,,-1,,0.5,,1.0,1.0,925.6661442560924,84.77908132333589,927.341140462974,926.0384263410588,793.6376439463924,1123.881563469928,
1779590050,eval__HalfCheetah-v4__ppo_cont__vanilla__actuator_gain_0p5__seed14__pid2352702,ppo_cont,HalfCheetah-v4,14,30,1,vanilla,actuator_gain_0p5,/home/users/am1015/rl_runs_halfcheetah_confirm_30seed_20260521/HalfCheetah-v4__ppo_alpha_vanilla__14__1779449307/ppo_alpha_vanilla.cleanrl_model,/home/users/am1015/rl_runs_halfcheetah_confirm_30seed_20260521/HalfCheetah-v4__ppo_alpha_vanilla__14__1779449307/ppo_alpha_vanilla.cleanrl_model.norm_stats.npz,1,1,1,0.0,0.0,0.0,0.0,1.0,1.0,,1.0,-1,,-1,,1.0,,0.5,1.0,-284.9342490782938,22.025859022918503,-278.39756353159726,-279.2006691130797,-345.23851893112203,-262.2091618917036,
1779590049,eval__HalfCheetah-v4__ppo_cont__vanilla__mass_damping_0p5__seed14__pid2352745,ppo_cont,HalfCheetah-v4,14,30,1,vanilla,mass_damping_0p5,/home/users/am1015/rl_runs_halfcheetah_confirm_30seed_20260521/HalfCheetah-v4__ppo_alpha_vanilla__14__1779449307/ppo_alpha_vanilla.cleanrl_model,/home/users/am1015/rl_runs_halfcheetah_confirm_30seed_20260521/HalfCheetah-v4__ppo_alpha_vanilla__14__1779449307/ppo_alpha_vanilla.cleanrl_model.norm_stats.npz,1,1,1,0.0,0.0,0.0,0.0,1.0,0.5,,1.0,-1,,-1,,0.5,,1.0,1.0,978.2841261036884,94.31866120003863,992.3460647830703,992.2553615599528,736.2250632350691,1146.2736440149677,
1779590048,eval__HalfCheetah-v4__ppo_cont__vanilla__actuator_gain_0p5__seed15__pid1215494,ppo_cont,HalfCheetah-v4,15,30,1,vanilla,actuator_gain_0p5,/home/users/am1015/rl_runs_halfcheetah_confirm_30seed_20260521/HalfCheetah-v4__ppo_alpha_vanilla__15__1779449336/ppo_alpha_vanilla.cleanrl_model,/home/users/am1015/rl_runs_halfcheetah_confirm_30seed_20260521/HalfCheetah-v4__ppo_alpha_vanilla__15__1779449336/ppo_alpha_vanilla.cleanrl_model.norm_stats.npz,1,1,1,0.0,0.0,0.0,0.0,1.0,1.0,,1.0,-1,,-1,,1.0,,0.5,1.0,-359.96846250333954,10.491223271286229,-361.8785576881079,-361.978636502789,-371.15493151944366,-323.304191871604,
1779590049,eval__HalfCheetah-v4__ppo_cont__vanilla__mass_damping_0p5__seed15__pid1215479,ppo_cont,HalfCheetah-v4,15,30,1,vanilla,mass_damping_0p5,/home/users/am1015/rl_runs_halfcheetah_confirm_30seed_20260521/HalfCheetah-v4__ppo_alpha_vanilla__15__1779449336/ppo_alpha_vanilla.cleanrl_model,/home/users/am1015/rl_runs_halfcheetah_confirm_30seed_20260521/HalfCheetah-v4__ppo_alpha_vanilla__15__1779449336/ppo_alpha_vanilla.cleanrl_model.norm_stats.npz,1,1,1,0.0,0.0,0.0,0.0,1.0,0.5,,1.0,-1,,-1,,0.5,,1.0,1.0,217.78556656115208,467.4448357310269,103.70788646455892,114.98542298833074,-572.176452560563,1483.9499746645697,
1779590048,eval__HalfCheetah-v4__ppo_cont__vanilla__actuator_gain_0p5__seed16__pid1215505,ppo_cont,HalfCheetah-v4,16,30,1,vanilla,actuator_gain_0p5,/home/users/am1015/rl_runs_halfcheetah_confirm_30seed_20260521/HalfCheetah-v4__ppo_alpha_vanilla__16__1779449336/ppo_alpha_vanilla.cleanrl_model,/home/users/am1015/rl_runs_halfcheetah_confirm_30seed_20260521/HalfCheetah-v4__ppo_alpha_vanilla__16__1779449336/ppo_alpha_vanilla.cleanrl_model.norm_stats.npz,1,1,1,0.0,0.0,0.0,0.0,1.0,1.0,,1.0,-1,,-1,,1.0,,0.5,1.0,-211.7856139848805,25.393408479335392,-212.4264651174312,-211.56910227789248,-263.06282961722496,-158.83279202140017,
1779590048,eval__HalfCheetah-v4__ppo_cont__vanilla__mass_damping_0p5__seed16__pid1215465,ppo_cont,HalfCheetah-v4,16,30,1,vanilla,mass_damping_0p5,/home/users/am1015/rl_runs_halfcheetah_confirm_30seed_20260521/HalfCheetah-v4__ppo_alpha_vanilla__16__1779449336/ppo_alpha_vanilla.cleanrl_model,/home/users/am1015/rl_runs_halfcheetah_confirm_30seed_20260521/HalfCheetah-v4__ppo_alpha_vanilla__16__1779449336/ppo_alpha_vanilla.cleanrl_model.norm_stats.npz,1,1,1,0.0,0.0,0.0,0.0,1.0,0.5,,1.0,-1,,-1,,0.5,,1.0,1.0,604.8657101951143,583.0099457037277,577.5728367085194,545.7659632832471,-414.5457715225944,1785.625028429317,
1779590050,eval__HalfCheetah-v4__ppo_cont__vanilla__actuator_gain_0p5__seed17__pid4179975,ppo_cont,HalfCheetah-v4,17,30,1,vanilla,actuator_gain_0p5,/home/users/am1015/rl_runs_halfcheetah_confirm_30seed_20260521/HalfCheetah-v4__ppo_alpha_vanilla__17__1779449365/ppo_alpha_vanilla.cleanrl_model,/home/users/am1015/rl_runs_halfcheetah_confirm_30seed_20260521/HalfCheetah-v4__ppo_alpha_vanilla__17__1779449365/ppo_alpha_vanilla.cleanrl_model.norm_stats.npz,1,1,1,0.0,0.0,0.0,0.0,1.0,1.0,,1.0,-1,,-1,,1.0,,0.5,1.0,-189.82420862692064,3.2975965284437416,-189.90251009337487,-189.9232575619396,-195.55048199196267,-184.15218922223417,
1779590050,eval__HalfCheetah-v4__ppo_cont__vanilla__mass_damping_0p5__seed17__pid4179976,ppo_cont,HalfCheetah-v4,17,30,1,vanilla,mass_damping_0p5,/home/users/am1015/rl_runs_halfcheetah_confirm_30seed_20260521/HalfCheetah-v4__ppo_alpha_vanilla__17__1779449365/ppo_alpha_vanilla.cleanrl_model,/home/users/am1015/rl_runs_halfcheetah_confirm_30seed_20260521/HalfCheetah-v4__ppo_alpha_vanilla__17__1779449365/ppo_alpha_vanilla.cleanrl_model.norm_stats.npz,1,1,1,0.0,0.0,0.0,0.0,1.0,0.5,,1.0,-1,,-1,,0.5,,1.0,1.0,1179.2913327195288,66.30663245797804,1184.343625387084,1178.5703823340675,1018.9578170903836,1377.395061011608,
1779590050,eval__HalfCheetah-v4__ppo_cont__vanilla__actuator_gain_0p5__seed18__pid4179991,ppo_cont,HalfCheetah-v4,18,30,1,vanilla,actuator_gain_0p5,/home/users/am1015/rl_runs_halfcheetah_confirm_30seed_20260521/HalfCheetah-v4__ppo_alpha_vanilla__18__1779449366/ppo_alpha_vanilla.cleanrl_model,/home/users/am1015/rl_runs_halfcheetah_confirm_30seed_20260521/HalfCheetah-v4__ppo_alpha_vanilla__18__1779449366/ppo_alpha_vanilla.cleanrl_model.norm_stats.npz,1,1,1,0.0,0.0,0.0,0.0,1.0,1.0,,1.0,-1,,-1,,1.0,,0.5,1.0,-287.9109982885108,18.415214462328827,-291.8725944888205,-291.1247733588818,-306.5370674539286,-219.28264194031,
1779590078,eval__HalfCheetah-v4__ppo_cont__vanilla__mass_damping_0p5__seed18__pid3328925,ppo_cont,HalfCheetah-v4,18,30,1,vanilla,mass_damping_0p5,/home/users/am1015/rl_runs_halfcheetah_confirm_30seed_20260521/HalfCheetah-v4__ppo_alpha_vanilla__18__1779449366/ppo_alpha_vanilla.cleanrl_model,/home/users/am1015/rl_runs_halfcheetah_confirm_30seed_20260521/HalfCheetah-v4__ppo_alpha_vanilla__18__1779449366/ppo_alpha_vanilla.cleanrl_model.norm_stats.npz,1,1,1,0.0,0.0,0.0,0.0,1.0,0.5,,1.0,-1,,-1,,0.5,,1.0,1.0,1044.1881081729778,88.28545572990949,1057.2029777122016,1055.669737473099,868.995600547999,1235.9330490710915,
1779590079,eval__HalfCheetah-v4__ppo_cont__vanilla__actuator_gain_0p5__seed19__pid495473,ppo_cont,HalfCheetah-v4,19,30,1,vanilla,actuator_gain_0p5,/home/users/am1015/rl_runs_halfcheetah_confirm_30seed_20260521/HalfCheetah-v4__ppo_alpha_vanilla__19__1779449367/ppo_alpha_vanilla.cleanrl_model,/home/users/am1015/rl_runs_halfcheetah_confirm_30seed_20260521/HalfCheetah-v4__ppo_alpha_vanilla__19__1779449367/ppo_alpha_vanilla.cleanrl_model.norm_stats.npz,1,1,1,0.0,0.0,0.0,0.0,1.0,1.0,,1.0,-1,,-1,,1.0,,0.5,1.0,-289.8239971047597,2.8890140155959,-289.80057423176964,-289.6926031227847,-294.4828590609437,-285.0639806185404,
1779590078,eval__HalfCheetah-v4__ppo_cont__vanilla__mass_damping_0p5__seed19__pid3770081,ppo_cont,HalfCheetah-v4,19,30,1,vanilla,mass_damping_0p5,/home/users/am1015/rl_runs_halfcheetah_confirm_30seed_20260521/HalfCheetah-v4__ppo_alpha_vanilla__19__1779449367/ppo_alpha_vanilla.cleanrl_model,/home/users/am1015/rl_runs_halfcheetah_confirm_30seed_20260521/HalfCheetah-v4__ppo_alpha_vanilla__19__1779449367/ppo_alpha_vanilla.cleanrl_model.norm_stats.npz,1,1,1,0.0,0.0,0.0,0.0,1.0,0.5,,1.0,-1,,-1,,0.5,,1.0,1.0,1644.8628384770234,77.61340651461765,1633.0493459284633,1638.6726189165456,1502.7238086031232,1829.149900364226,
1779590050,eval__HalfCheetah-v4__ppo_cont__vanilla__actuator_gain_0p5__seed1__pid647137,ppo_cont,HalfCheetah-v4,1,30,1,vanilla,actuator_gain_0p5,/home/users/am1015/rl_runs_halfcheetah_confirm_30seed_20260521/HalfCheetah-v4__ppo_alpha_vanilla__1__1779444416/ppo_alpha_vanilla.cleanrl_model,/home/users/am1015/rl_runs_halfcheetah_confirm_30seed_20260521/HalfCheetah-v4__ppo_alpha_vanilla__1__1779444416/ppo_alpha_vanilla.cleanrl_model.norm_stats.npz,1,1,1,0.0,0.0,0.0,0.0,1.0,1.0,,1.0,-1,,-1,,1.0,,0.5,1.0,-450.2064780274033,2.074444186499273,-450.05672446380447,-450.2283148012173,-454.2616802124682,-447.2159193358752,
1779590050,eval__HalfCheetah-v4__ppo_cont__vanilla__mass_damping_0p5__seed1__pid647168,ppo_cont,HalfCheetah-v4,1,30,1,vanilla,mass_damping_0p5,/home/users/am1015/rl_runs_halfcheetah_confirm_30seed_20260521/HalfCheetah-v4__ppo_alpha_vanilla__1__1779444416/ppo_alpha_vanilla.cleanrl_model,/home/users/am1015/rl_runs_halfcheetah_confirm_30seed_20260521/HalfCheetah-v4__ppo_alpha_vanilla__1__1779444416/ppo_alpha_vanilla.cleanrl_model.norm_stats.npz,1,1,1,0.0,0.0,0.0,0.0,1.0,0.5,,1.0,-1,,-1,,0.5,,1.0,1.0,1100.716012484599,95.4764554639218,1126.5640161485148,1112.1570433349918,896.3928889516543,1248.5177892018094,
1779590082,eval__HalfCheetah-v4__ppo_cont__vanilla__actuator_gain_0p5__seed20__pid1859168,ppo_cont,HalfCheetah-v4,20,30,1,vanilla,actuator_gain_0p5,/home/users/am1015/rl_runs_halfcheetah_confirm_30seed_20260521/HalfCheetah-v4__ppo_alpha_vanilla__20__1779449396/ppo_alpha_vanilla.cleanrl_model,/home/users/am1015/rl_runs_halfcheetah_confirm_30seed_20260521/HalfCheetah-v4__ppo_alpha_vanilla__20__1779449396/ppo_alpha_vanilla.cleanrl_model.norm_stats.npz,1,1,1,0.0,0.0,0.0,0.0,1.0,1.0,,1.0,-1,,-1,,1.0,,0.5,1.0,37.46364791474867,12.085143220976107,40.87227145734337,40.257112011715954,3.655916423008693,52.68811686762303,
1779590082,eval__HalfCheetah-v4__ppo_cont__vanilla__mass_damping_0p5__seed20__pid1859153,ppo_cont,HalfCheetah-v4,20,30,1,vanilla,mass_damping_0p5,/home/users/am1015/rl_runs_halfcheetah_confirm_30seed_20260521/HalfCheetah-v4__ppo_alpha_vanilla__20__1779449396/ppo_alpha_vanilla.cleanrl_model,/home/users/am1015/rl_runs_halfcheetah_confirm_30seed_20260521/HalfCheetah-v4__ppo_alpha_vanilla__20__1779449396/ppo_alpha_vanilla.cleanrl_model.norm_stats.npz,1,1,1,0.0,0.0,0.0,0.0,1.0,0.5,,1.0,-1,,-1,,0.5,,1.0,1.0,1268.4958278464155,111.0003959834286,1293.586933086191,1277.5697834400346,1062.1011950321576,1458.532449745109,
1779590080,eval__HalfCheetah-v4__ppo_cont__vanilla__actuator_gain_0p5__seed21__pid815449,ppo_cont,HalfCheetah-v4,21,30,1,vanilla,actuator_gain_0p5,/home/users/am1015/rl_runs_halfcheetah_confirm_30seed_20260521/HalfCheetah-v4__ppo_alpha_vanilla__21__1779449397/ppo_alpha_vanilla.cleanrl_model,/home/users/am1015/rl_runs_halfcheetah_confirm_30seed_20260521/HalfCheetah-v4__ppo_alpha_vanilla__21__1779449397/ppo_alpha_vanilla.cleanrl_model.norm_stats.npz,1,1,1,0.0,0.0,0.0,0.0,1.0,1.0,,1.0,-1,,-1,,1.0,,0.5,1.0,-238.31956991502244,11.608571449552128,-236.6263376931824,-237.37578707203448,-258.7990686262413,-221.30029045046524,
1779590079,eval__HalfCheetah-v4__ppo_cont__vanilla__mass_damping_0p5__seed21__pid1449723,ppo_cont,HalfCheetah-v4,21,30,1,vanilla,mass_damping_0p5,/home/users/am1015/rl_runs_halfcheetah_confirm_30seed_20260521/HalfCheetah-v4__ppo_alpha_vanilla__21__1779449397/ppo_alpha_vanilla.cleanrl_model,/home/users/am1015/rl_runs_halfcheetah_confirm_30seed_20260521/HalfCheetah-v4__ppo_alpha_vanilla__21__1779449397/ppo_alpha_vanilla.cleanrl_model.norm_stats.npz,1,1,1,0.0,0.0,0.0,0.0,1.0,0.5,,1.0,-1,,-1,,0.5,,1.0,1.0,985.9732601283928,71.15806643151063,989.1126648986672,987.0156212094314,848.2324180605121,1132.79835753249,
1779590081,eval__HalfCheetah-v4__ppo_cont__vanilla__actuator_gain_0p5__seed22__pid1318760,ppo_cont,HalfCheetah-v4,22,30,1,vanilla,actuator_gain_0p5,/home/users/am1015/rl_runs_halfcheetah_confirm_30seed_20260521/HalfCheetah-v4__ppo_alpha_vanilla__22__1779449397/ppo_alpha_vanilla.cleanrl_model,/home/users/am1015/rl_runs_halfcheetah_confirm_30seed_20260521/HalfCheetah-v4__ppo_alpha_vanilla__22__1779449397/ppo_alpha_vanilla.cleanrl_model.norm_stats.npz,1,1,1,0.0,0.0,0.0,0.0,1.0,1.0,,1.0,-1,,-1,,1.0,,0.5,1.0,-46.95085298881813,106.93442503202122,-103.70365143448632,-99.21917073010782,-119.3028211688808,176.37917613606194,
1779590079,eval__HalfCheetah-v4__ppo_cont__vanilla__mass_damping_0p5__seed22__pid2112083,ppo_cont,HalfCheetah-v4,22,30,1,vanilla,mass_damping_0p5,/home/users/am1015/rl_runs_halfcheetah_confirm_30seed_20260521/HalfCheetah-v4__ppo_alpha_vanilla__22__1779449397/ppo_alpha_vanilla.cleanrl_model,/home/users/am1015/rl_runs_halfcheetah_confirm_30seed_20260521/HalfCheetah-v4__ppo_alpha_vanilla__22__1779449397/ppo_alpha_vanilla.cleanrl_model.norm_stats.npz,1,1,1,0.0,0.0,0.0,0.0,1.0,0.5,,1.0,-1,,-1,,0.5,,1.0,1.0,1399.850547503351,308.98473854091696,1460.427411020455,1458.5591038740988,-139.73005029996276,1622.4946663479643,
1779590079,eval__HalfCheetah-v4__ppo_cont__vanilla__actuator_gain_0p5__seed23__pid2112098,ppo_cont,HalfCheetah-v4,23,30,1,vanilla,actuator_gain_0p5,/home/users/am1015/rl_runs_halfcheetah_confirm_30seed_20260521/HalfCheetah-v4__ppo_alpha_vanilla__23__1779449427/ppo_alpha_vanilla.cleanrl_model,/home/users/am1015/rl_runs_halfcheetah_confirm_30seed_20260521/HalfCheetah-v4__ppo_alpha_vanilla__23__1779449427/ppo_alpha_vanilla.cleanrl_model.norm_stats.npz,1,1,1,0.0,0.0,0.0,0.0,1.0,1.0,,1.0,-1,,-1,,1.0,,0.5,1.0,737.9536865346612,5.831350424973522,738.6158753236392,738.8338892135076,724.3897556508689,749.0931232552593,
1779590081,eval__HalfCheetah-v4__ppo_cont__vanilla__mass_damping_0p5__seed23__pid4186729,ppo_cont,HalfCheetah-v4,23,30,1,vanilla,mass_damping_0p5,/home/users/am1015/rl_runs_halfcheetah_confirm_30seed_20260521/HalfCheetah-v4__ppo_alpha_vanilla__23__1779449427/ppo_alpha_vanilla.cleanrl_model,/home/users/am1015/rl_runs_halfcheetah_confirm_30seed_20260521/HalfCheetah-v4__ppo_alpha_vanilla__23__1779449427/ppo_alpha_vanilla.cleanrl_model.norm_stats.npz,1,1,1,0.0,0.0,0.0,0.0,1.0,0.5,,1.0,-1,,-1,,0.5,,1.0,1.0,611.2608820072743,617.6113835250213,406.63116423365074,421.6887963114057,-39.68348891334911,2756.143260521525,
1779590081,eval__HalfCheetah-v4__ppo_cont__vanilla__actuator_gain_0p5__seed24__pid21509,ppo_cont,HalfCheetah-v4,24,30,1,vanilla,actuator_gain_0p5,/home/users/am1015/rl_runs_halfcheetah_confirm_30seed_20260521/HalfCheetah-v4__ppo_alpha_vanilla__24__1779449426/ppo_alpha_vanilla.cleanrl_model,/home/users/am1015/rl_runs_halfcheetah_confirm_30seed_20260521/HalfCheetah-v4__ppo_alpha_vanilla__24__1779449426/ppo_alpha_vanilla.cleanrl_model.norm_stats.npz,1,1,1,0.0,0.0,0.0,0.0,1.0,1.0,,1.0,-1,,-1,,1.0,,0.5,1.0,-289.0806914533419,3.9788849236507486,-289.29265268964656,-289.64998939419,-294.82476037771886,-281.7118044881982,
1779590081,eval__HalfCheetah-v4__ppo_cont__vanilla__mass_damping_0p5__seed24__pid21494,ppo_cont,HalfCheetah-v4,24,30,1,vanilla,mass_damping_0p5,/home/users/am1015/rl_runs_halfcheetah_confirm_30seed_20260521/HalfCheetah-v4__ppo_alpha_vanilla__24__1779449426/ppo_alpha_vanilla.cleanrl_model,/home/users/am1015/rl_runs_halfcheetah_confirm_30seed_20260521/HalfCheetah-v4__ppo_alpha_vanilla__24__1779449426/ppo_alpha_vanilla.cleanrl_model.norm_stats.npz,1,1,1,0.0,0.0,0.0,0.0,1.0,0.5,,1.0,-1,,-1,,0.5,,1.0,1.0,1136.7753492225104,56.68766051074798,1139.6832342556536,1140.1768141957696,1017.7694601912768,1256.9141671406571,
1779590084,eval__HalfCheetah-v4__ppo_cont__vanilla__actuator_gain_0p5__seed25__pid1914384,ppo_cont,HalfCheetah-v4,25,30,1,vanilla,actuator_gain_0p5,/home/users/am1015/rl_runs_halfcheetah_confirm_30seed_20260521/HalfCheetah-v4__ppo_alpha_vanilla__25__1779449455/ppo_alpha_vanilla.cleanrl_model,/home/users/am1015/rl_runs_halfcheetah_confirm_30seed_20260521/HalfCheetah-v4__ppo_alpha_vanilla__25__1779449455/ppo_alpha_vanilla.cleanrl_model.norm_stats.npz,1,1,1,0.0,0.0,0.0,0.0,1.0,1.0,,1.0,-1,,-1,,1.0,,0.5,1.0,-208.9337220994417,113.1243649025738,-156.3781398696726,-156.69539567590155,-432.621676205274,-132.02076782681817,
1779590085,eval__HalfCheetah-v4__ppo_cont__vanilla__mass_damping_0p5__seed25__pid1914407,ppo_cont,HalfCheetah-v4,25,30,1,vanilla,mass_damping_0p5,/home/users/am1015/rl_runs_halfcheetah_confirm_30seed_20260521/HalfCheetah-v4__ppo_alpha_vanilla__25__1779449455/ppo_alpha_vanilla.cleanrl_model,/home/users/am1015/rl_runs_halfcheetah_confirm_30seed_20260521/HalfCheetah-v4__ppo_alpha_vanilla__25__1779449455/ppo_alpha_vanilla.cleanrl_model.norm_stats.npz,1,1,1,0.0,0.0,0.0,0.0,1.0,0.5,,1.0,-1,,-1,,0.5,,1.0,1.0,1230.0084202806474,807.5850832293115,1231.5498236757053,1188.166838876745,84.65873512352827,3093.214683758707,
1779590083,eval__HalfCheetah-v4__ppo_cont__vanilla__actuator_gain_0p5__seed26__pid1914385,ppo_cont,HalfCheetah-v4,26,30,1,vanilla,actuator_gain_0p5,/home/users/am1015/rl_runs_halfcheetah_confirm_30seed_20260521/HalfCheetah-v4__ppo_alpha_vanilla__26__1779450566/ppo_alpha_vanilla.cleanrl_model,/home/users/am1015/rl_runs_halfcheetah_confirm_30seed_20260521/HalfCheetah-v4__ppo_alpha_vanilla__26__1779450566/ppo_alpha_vanilla.cleanrl_model.norm_stats.npz,1,1,1,0.0,0.0,0.0,0.0,1.0,1.0,,1.0,-1,,-1,,1.0,,0.5,1.0,-195.2462319667714,2.7951242159595173,-195.22060489692063,-195.2366404875568,-201.1366827816669,-190.39832001639653,
1779590082,eval__HalfCheetah-v4__ppo_cont__vanilla__mass_damping_0p5__seed26__pid3042654,ppo_cont,HalfCheetah-v4,26,30,1,vanilla,mass_damping_0p5,/home/users/am1015/rl_runs_halfcheetah_confirm_30seed_20260521/HalfCheetah-v4__ppo_alpha_vanilla__26__1779450566/ppo_alpha_vanilla.cleanrl_model,/home/users/am1015/rl_runs_halfcheetah_confirm_30seed_20260521/HalfCheetah-v4__ppo_alpha_vanilla__26__1779450566/ppo_alpha_vanilla.cleanrl_model.norm_stats.npz,1,1,1,0.0,0.0,0.0,0.0,1.0,0.5,,1.0,-1,,-1,,0.5,,1.0,1.0,1043.1596209151508,54.98827450016194,1038.1297419748016,1040.8921356489714,903.9535237137436,1158.3623344569758,
1779590083,eval__HalfCheetah-v4__ppo_cont__vanilla__actuator_gain_0p5__seed27__pid3042679,ppo_cont,HalfCheetah-v4,27,30,1,vanilla,actuator_gain_0p5,/home/users/am1015/rl_runs_halfcheetah_confirm_30seed_20260521/HalfCheetah-v4__ppo_alpha_vanilla__27__1779450626/ppo_alpha_vanilla.cleanrl_model,/home/users/am1015/rl_runs_halfcheetah_confirm_30seed_20260521/HalfCheetah-v4__ppo_alpha_vanilla__27__1779450626/ppo_alpha_vanilla.cleanrl_model.norm_stats.npz,1,1,1,0.0,0.0,0.0,0.0,1.0,1.0,,1.0,-1,,-1,,1.0,,0.5,1.0,-223.06883689099595,7.324314988533326,-224.42677523350653,-224.3715056717264,-238.9112174720356,-201.1495626427888,
1779590083,eval__HalfCheetah-v4__ppo_cont__vanilla__mass_damping_0p5__seed27__pid3042685,ppo_cont,HalfCheetah-v4,27,30,1,vanilla,mass_damping_0p5,/home/users/am1015/rl_runs_halfcheetah_confirm_30seed_20260521/HalfCheetah-v4__ppo_alpha_vanilla__27__1779450626/ppo_alpha_vanilla.cleanrl_model,/home/users/am1015/rl_runs_halfcheetah_confirm_30seed_20260521/HalfCheetah-v4__ppo_alpha_vanilla__27__1779450626/ppo_alpha_vanilla.cleanrl_model.norm_stats.npz,1,1,1,0.0,0.0,0.0,0.0,1.0,0.5,,1.0,-1,,-1,,0.5,,1.0,1.0,1419.5868826948708,67.1920615882042,1424.9060235289062,1421.6880220870626,1282.964441112734,1575.970051796257,
1779590083,eval__HalfCheetah-v4__ppo_cont__vanilla__actuator_gain_0p5__seed28__pid3042655,ppo_cont,HalfCheetah-v4,28,30,1,vanilla,actuator_gain_0p5,/home/users/am1015/rl_runs_halfcheetah_confirm_30seed_20260521/HalfCheetah-v4__ppo_alpha_vanilla__28__1779450882/ppo_alpha_vanilla.cleanrl_model,/home/users/am1015/rl_runs_halfcheetah_confirm_30seed_20260521/HalfCheetah-v4__ppo_alpha_vanilla__28__1779450882/ppo_alpha_vanilla.cleanrl_model.norm_stats.npz,1,1,1,0.0,0.0,0.0,0.0,1.0,1.0,,1.0,-1,,-1,,1.0,,0.5,1.0,-334.7391701393825,12.713616341353022,-337.61561073747055,-337.21033188060045,-351.02163915949865,-308.2545953034653,
1779590082,eval__HalfCheetah-v4__ppo_cont__vanilla__mass_damping_0p5__seed28__pid637791,ppo_cont,HalfCheetah-v4,28,30,1,vanilla,mass_damping_0p5,/home/users/am1015/rl_runs_halfcheetah_confirm_30seed_20260521/HalfCheetah-v4__ppo_alpha_vanilla__28__1779450882/ppo_alpha_vanilla.cleanrl_model,/home/users/am1015/rl_runs_halfcheetah_confirm_30seed_20260521/HalfCheetah-v4__ppo_alpha_vanilla__28__1779450882/ppo_alpha_vanilla.cleanrl_model.norm_stats.npz,1,1,1,0.0,0.0,0.0,0.0,1.0,0.5,,1.0,-1,,-1,,0.5,,1.0,1.0,756.4767043071039,83.07271467717644,731.0725314704143,744.81479321243,641.2558353519144,968.4275019075192,
1779590082,eval__HalfCheetah-v4__ppo_cont__vanilla__actuator_gain_0p5__seed29__pid637774,ppo_cont,HalfCheetah-v4,29,30,1,vanilla,actuator_gain_0p5,/home/users/am1015/rl_runs_halfcheetah_confirm_30seed_20260521/HalfCheetah-v4__ppo_alpha_vanilla__29__1779450882/ppo_alpha_vanilla.cleanrl_model,/home/users/am1015/rl_runs_halfcheetah_confirm_30seed_20260521/HalfCheetah-v4__ppo_alpha_vanilla__29__1779450882/ppo_alpha_vanilla.cleanrl_model.norm_stats.npz,1,1,1,0.0,0.0,0.0,0.0,1.0,1.0,,1.0,-1,,-1,,1.0,,0.5,1.0,841.4175918541445,15.35442715079254,841.722571721192,840.9895381756909,811.4178667992653,872.4526964328594,
1779590083,eval__HalfCheetah-v4__ppo_cont__vanilla__mass_damping_0p5__seed29__pid637806,ppo_cont,HalfCheetah-v4,29,30,1,vanilla,mass_damping_0p5,/home/users/am1015/rl_runs_halfcheetah_confirm_30seed_20260521/HalfCheetah-v4__ppo_alpha_vanilla__29__1779450882/ppo_alpha_vanilla.cleanrl_model,/home/users/am1015/rl_runs_halfcheetah_confirm_30seed_20260521/HalfCheetah-v4__ppo_alpha_vanilla__29__1779450882/ppo_alpha_vanilla.cleanrl_model.norm_stats.npz,1,1,1,0.0,0.0,0.0,0.0,1.0,0.5,,1.0,-1,,-1,,0.5,,1.0,1.0,5.465661951294966,248.6914718263195,-105.87759330266071,-57.83964618676516,-262.7620977898136,678.3424198761744,
1779590079,eval__HalfCheetah-v4__ppo_cont__vanilla__actuator_gain_0p5__seed2__pid1449734,ppo_cont,HalfCheetah-v4,2,30,1,vanilla,actuator_gain_0p5,/home/users/am1015/rl_runs_halfcheetah_confirm_30seed_20260521/HalfCheetah-v4__ppo_alpha_vanilla__2__1779444414/ppo_alpha_vanilla.cleanrl_model,/home/users/am1015/rl_runs_halfcheetah_confirm_30seed_20260521/HalfCheetah-v4__ppo_alpha_vanilla__2__1779444414/ppo_alpha_vanilla.cleanrl_model.norm_stats.npz,1,1,1,0.0,0.0,0.0,0.0,1.0,1.0,,1.0,-1,,-1,,1.0,,0.5,1.0,178.1840035036802,5.512351071081256,179.41485272729489,178.5539154342662,166.150770938149,190.6121486622043,
1779590080,eval__HalfCheetah-v4__ppo_cont__vanilla__mass_damping_0p5__seed2__pid1318779,ppo_cont,HalfCheetah-v4,2,30,1,vanilla,mass_damping_0p5,/home/users/am1015/rl_runs_halfcheetah_confirm_30seed_20260521/HalfCheetah-v4__ppo_alpha_vanilla__2__1779444414/ppo_alpha_vanilla.cleanrl_model,/home/users/am1015/rl_runs_halfcheetah_confirm_30seed_20260521/HalfCheetah-v4__ppo_alpha_vanilla__2__1779444414/ppo_alpha_vanilla.cleanrl_model.norm_stats.npz,1,1,1,0.0,0.0,0.0,0.0,1.0,0.5,,1.0,-1,,-1,,0.5,,1.0,1.0,927.164444557462,185.8458346512746,932.1723206207092,928.2313473220668,630.6452055120735,1361.1280216319078,
1779590079,eval__HalfCheetah-v4__ppo_cont__vanilla__actuator_gain_0p5__seed30__pid3923419,ppo_cont,HalfCheetah-v4,30,30,1,vanilla,actuator_gain_0p5,/home/users/am1015/rl_runs_halfcheetah_confirm_30seed_20260521/HalfCheetah-v4__ppo_alpha_vanilla__30__1779451244/ppo_alpha_vanilla.cleanrl_model,/home/users/am1015/rl_runs_halfcheetah_confirm_30seed_20260521/HalfCheetah-v4__ppo_alpha_vanilla__30__1779451244/ppo_alpha_vanilla.cleanrl_model.norm_stats.npz,1,1,1,0.0,0.0,0.0,0.0,1.0,1.0,,1.0,-1,,-1,,1.0,,0.5,1.0,34.70312479289194,165.01788029323149,-98.0896291958222,10.666929896568238,-116.0206480006226,229.85637655821603,
1779590079,eval__HalfCheetah-v4__ppo_cont__vanilla__mass_damping_0p5__seed30__pid3923423,ppo_cont,HalfCheetah-v4,30,30,1,vanilla,mass_damping_0p5,/home/users/am1015/rl_runs_halfcheetah_confirm_30seed_20260521/HalfCheetah-v4__ppo_alpha_vanilla__30__1779451244/ppo_alpha_vanilla.cleanrl_model,/home/users/am1015/rl_runs_halfcheetah_confirm_30seed_20260521/HalfCheetah-v4__ppo_alpha_vanilla__30__1779451244/ppo_alpha_vanilla.cleanrl_model.norm_stats.npz,1,1,1,0.0,0.0,0.0,0.0,1.0,0.5,,1.0,-1,,-1,,0.5,,1.0,1.0,1093.7387529227046,79.75566263210625,1090.4374492321365,1086.3205700459844,960.3176194596076,1298.8590700046998,
1779590079,eval__HalfCheetah-v4__ppo_cont__vanilla__actuator_gain_0p5__seed3__pid3923422,ppo_cont,HalfCheetah-v4,3,30,1,vanilla,actuator_gain_0p5,/home/users/am1015/rl_runs_halfcheetah_confirm_30seed_20260521/HalfCheetah-v4__ppo_alpha_vanilla__3__1779444415/ppo_alpha_vanilla.cleanrl_model,/home/users/am1015/rl_runs_halfcheetah_confirm_30seed_20260521/HalfCheetah-v4__ppo_alpha_vanilla__3__1779444415/ppo_alpha_vanilla.cleanrl_model.norm_stats.npz,1,1,1,0.0,0.0,0.0,0.0,1.0,1.0,,1.0,-1,,-1,,1.0,,0.5,1.0,-213.1100814144112,11.72177049178326,-212.91803330981045,-212.85469246671616,-232.25419486283008,-194.5923820856924,
1779590079,eval__HalfCheetah-v4__ppo_cont__vanilla__mass_damping_0p5__seed3__pid3923379,ppo_cont,HalfCheetah-v4,3,30,1,vanilla,mass_damping_0p5,/home/users/am1015/rl_runs_halfcheetah_confirm_30seed_20260521/HalfCheetah-v4__ppo_alpha_vanilla__3__1779444415/ppo_alpha_vanilla.cleanrl_model,/home/users/am1015/rl_runs_halfcheetah_confirm_30seed_20260521/HalfCheetah-v4__ppo_alpha_vanilla__3__1779444415/ppo_alpha_vanilla.cleanrl_model.norm_stats.npz,1,1,1,0.0,0.0,0.0,0.0,1.0,0.5,,1.0,-1,,-1,,0.5,,1.0,1.0,1112.4043452653132,119.33599897935792,1114.640720445984,1117.0025585774722,829.684647806392,1326.8331691918554,
1779590078,eval__HalfCheetah-v4__ppo_cont__vanilla__actuator_gain_0p5__seed4__pid3851874,ppo_cont,HalfCheetah-v4,4,30,1,vanilla,actuator_gain_0p5,/home/users/am1015/rl_runs_halfcheetah_confirm_30seed_20260521/HalfCheetah-v4__ppo_alpha_vanilla__4__1779444415/ppo_alpha_vanilla.cleanrl_model,/home/users/am1015/rl_runs_halfcheetah_confirm_30seed_20260521/HalfCheetah-v4__ppo_alpha_vanilla__4__1779444415/ppo_alpha_vanilla.cleanrl_model.norm_stats.npz,1,1,1,0.0,0.0,0.0,0.0,1.0,1.0,,1.0,-1,,-1,,1.0,,0.5,1.0,964.7868531798338,811.5533179475107,1403.2967206014284,1401.482573187038,-483.1307037590869,1424.046425193296,
1779590078,eval__HalfCheetah-v4__ppo_cont__vanilla__mass_damping_0p5__seed4__pid3851890,ppo_cont,HalfCheetah-v4,4,30,1,vanilla,mass_damping_0p5,/home/users/am1015/rl_runs_halfcheetah_confirm_30seed_20260521/HalfCheetah-v4__ppo_alpha_vanilla__4__1779444415/ppo_alpha_vanilla.cleanrl_model,/home/users/am1015/rl_runs_halfcheetah_confirm_30seed_20260521/HalfCheetah-v4__ppo_alpha_vanilla__4__1779444415/ppo_alpha_vanilla.cleanrl_model.norm_stats.npz,1,1,1,0.0,0.0,0.0,0.0,1.0,0.5,,1.0,-1,,-1,,0.5,,1.0,1.0,-169.76623649234344,179.15246320656513,-184.356514624924,-196.48205055950115,-448.6075359652458,150.775221117277,
1779590079,eval__HalfCheetah-v4__ppo_cont__vanilla__actuator_gain_0p5__seed5__pid3851904,ppo_cont,HalfCheetah-v4,5,30,1,vanilla,actuator_gain_0p5,/home/users/am1015/rl_runs_halfcheetah_confirm_30seed_20260521/HalfCheetah-v4__ppo_alpha_vanilla__5__1779444415/ppo_alpha_vanilla.cleanrl_model,/home/users/am1015/rl_runs_halfcheetah_confirm_30seed_20260521/HalfCheetah-v4__ppo_alpha_vanilla__5__1779444415/ppo_alpha_vanilla.cleanrl_model.norm_stats.npz,1,1,1,0.0,0.0,0.0,0.0,1.0,1.0,,1.0,-1,,-1,,1.0,,0.5,1.0,-256.6231300087122,8.175852320614505,-256.8516925203313,-256.34901636263214,-269.4122358183063,-244.4925180163678,
1779590079,eval__HalfCheetah-v4__ppo_cont__vanilla__mass_damping_0p5__seed5__pid692308,ppo_cont,HalfCheetah-v4,5,30,1,vanilla,mass_damping_0p5,/home/users/am1015/rl_runs_halfcheetah_confirm_30seed_20260521/HalfCheetah-v4__ppo_alpha_vanilla__5__1779444415/ppo_alpha_vanilla.cleanrl_model,/home/users/am1015/rl_runs_halfcheetah_confirm_30seed_20260521/HalfCheetah-v4__ppo_alpha_vanilla__5__1779444415/ppo_alpha_vanilla.cleanrl_model.norm_stats.npz,1,1,1,0.0,0.0,0.0,0.0,1.0,0.5,,1.0,-1,,-1,,0.5,,1.0,1.0,970.0019706693784,53.59401723219454,974.006359786146,971.4659643620832,879.1204241626012,1094.47698256138,
1779590079,eval__HalfCheetah-v4__ppo_cont__vanilla__actuator_gain_0p5__seed6__pid692272,ppo_cont,HalfCheetah-v4,6,30,1,vanilla,actuator_gain_0p5,/home/users/am1015/rl_runs_halfcheetah_confirm_30seed_20260521/HalfCheetah-v4__ppo_alpha_vanilla__6__1779444445/ppo_alpha_vanilla.cleanrl_model,/home/users/am1015/rl_runs_halfcheetah_confirm_30seed_20260521/HalfCheetah-v4__ppo_alpha_vanilla__6__1779444445/ppo_alpha_vanilla.cleanrl_model.norm_stats.npz,1,1,1,0.0,0.0,0.0,0.0,1.0,1.0,,1.0,-1,,-1,,1.0,,0.5,1.0,-370.8885972891095,10.837790638674562,-368.62237205854825,-369.4696301826517,-390.8589135563229,-354.08261806876425,
1779590079,eval__HalfCheetah-v4__ppo_cont__vanilla__mass_damping_0p5__seed6__pid692316,ppo_cont,HalfCheetah-v4,6,30,1,vanilla,mass_damping_0p5,/home/users/am1015/rl_runs_halfcheetah_confirm_30seed_20260521/HalfCheetah-v4__ppo_alpha_vanilla__6__1779444445/ppo_alpha_vanilla.cleanrl_model,/home/users/am1015/rl_runs_halfcheetah_confirm_30seed_20260521/HalfCheetah-v4__ppo_alpha_vanilla__6__1779444445/ppo_alpha_vanilla.cleanrl_model.norm_stats.npz,1,1,1,0.0,0.0,0.0,0.0,1.0,0.5,,1.0,-1,,-1,,0.5,,1.0,1.0,863.5799451934612,251.7641026140968,931.1941214196434,929.1731999053168,-65.3552511659578,1074.5106282782067,
1779590079,eval__HalfCheetah-v4__ppo_cont__vanilla__actuator_gain_0p5__seed7__pid692300,ppo_cont,HalfCheetah-v4,7,30,1,vanilla,actuator_gain_0p5,/home/users/am1015/rl_runs_halfcheetah_confirm_30seed_20260521/HalfCheetah-v4__ppo_alpha_vanilla__7__1779444445/ppo_alpha_vanilla.cleanrl_model,/home/users/am1015/rl_runs_halfcheetah_confirm_30seed_20260521/HalfCheetah-v4__ppo_alpha_vanilla__7__1779444445/ppo_alpha_vanilla.cleanrl_model.norm_stats.npz,1,1,1,0.0,0.0,0.0,0.0,1.0,1.0,,1.0,-1,,-1,,1.0,,0.5,1.0,-175.2159232394221,77.38487128104141,-242.7328324868547,-185.6576007122949,-250.2036339861459,-78.24643420861173,
1779590079,eval__HalfCheetah-v4__ppo_cont__vanilla__mass_damping_0p5__seed7__pid647435,ppo_cont,HalfCheetah-v4,7,30,1,vanilla,mass_damping_0p5,/home/users/am1015/rl_runs_halfcheetah_confirm_30seed_20260521/HalfCheetah-v4__ppo_alpha_vanilla__7__1779444445/ppo_alpha_vanilla.cleanrl_model,/home/users/am1015/rl_runs_halfcheetah_confirm_30seed_20260521/HalfCheetah-v4__ppo_alpha_vanilla__7__1779444445/ppo_alpha_vanilla.cleanrl_model.norm_stats.npz,1,1,1,0.0,0.0,0.0,0.0,1.0,0.5,,1.0,-1,,-1,,0.5,,1.0,1.0,341.7508211268669,280.8626033026696,353.6831837692722,360.3009959442677,-420.83280403448464,985.708754974082,
1779590079,eval__HalfCheetah-v4__ppo_cont__vanilla__actuator_gain_0p5__seed8__pid647457,ppo_cont,HalfCheetah-v4,8,30,1,vanilla,actuator_gain_0p5,/home/users/am1015/rl_runs_halfcheetah_confirm_30seed_20260521/HalfCheetah-v4__ppo_alpha_vanilla__8__1779444445/ppo_alpha_vanilla.cleanrl_model,/home/users/am1015/rl_runs_halfcheetah_confirm_30seed_20260521/HalfCheetah-v4__ppo_alpha_vanilla__8__1779444445/ppo_alpha_vanilla.cleanrl_model.norm_stats.npz,1,1,1,0.0,0.0,0.0,0.0,1.0,1.0,,1.0,-1,,-1,,1.0,,0.5,1.0,-240.935844896671,3.381831065973892,-240.915433034427,-241.0458204198061,-246.62011950263656,-233.89238500961864,
1779590078,eval__HalfCheetah-v4__ppo_cont__vanilla__mass_damping_0p5__seed8__pid647465,ppo_cont,HalfCheetah-v4,8,30,1,vanilla,mass_damping_0p5,/home/users/am1015/rl_runs_halfcheetah_confirm_30seed_20260521/HalfCheetah-v4__ppo_alpha_vanilla__8__1779444445/ppo_alpha_vanilla.cleanrl_model,/home/users/am1015/rl_runs_halfcheetah_confirm_30seed_20260521/HalfCheetah-v4__ppo_alpha_vanilla__8__1779444445/ppo_alpha_vanilla.cleanrl_model.norm_stats.npz,1,1,1,0.0,0.0,0.0,0.0,1.0,0.5,,1.0,-1,,-1,,0.5,,1.0,1.0,1243.3175724010528,88.00920131505347,1253.3482928625967,1243.75364816153,1079.8110688687866,1401.8857132832777,
1779590079,eval__HalfCheetah-v4__ppo_cont__vanilla__actuator_gain_0p5__seed9__pid647432,ppo_cont,HalfCheetah-v4,9,30,1,vanilla,actuator_gain_0p5,/home/users/am1015/rl_runs_halfcheetah_confirm_30seed_20260521/HalfCheetah-v4__ppo_alpha_vanilla__9__1779444536/ppo_alpha_vanilla.cleanrl_model,/home/users/am1015/rl_runs_halfcheetah_confirm_30seed_20260521/HalfCheetah-v4__ppo_alpha_vanilla__9__1779444536/ppo_alpha_vanilla.cleanrl_model.norm_stats.npz,1,1,1,0.0,0.0,0.0,0.0,1.0,1.0,,1.0,-1,,-1,,1.0,,0.5,1.0,-238.4050102121212,3.978166587861121,-238.32171004121705,-238.2224783242305,-245.6294384639896,-232.5775751190496,
1779590080,eval__HalfCheetah-v4__ppo_cont__vanilla__mass_damping_0p5__seed9__pid2352920,ppo_cont,HalfCheetah-v4,9,30,1,vanilla,mass_damping_0p5,/home/users/am1015/rl_runs_halfcheetah_confirm_30seed_20260521/HalfCheetah-v4__ppo_alpha_vanilla__9__1779444536/ppo_alpha_vanilla.cleanrl_model,/home/users/am1015/rl_runs_halfcheetah_confirm_30seed_20260521/HalfCheetah-v4__ppo_alpha_vanilla__9__1779444536/ppo_alpha_vanilla.cleanrl_model.norm_stats.npz,1,1,1,0.0,0.0,0.0,0.0,1.0,0.5,,1.0,-1,,-1,,0.5,,1.0,1.0,1453.6564248309494,101.77702213303698,1472.0234568848675,1460.388386946846,1215.452862513422,1657.602421348548,
1779680650,eval__HalfCheetah-v4__ppo_cont__a2p20__actuator_gain_0p5__seed10__pid2460470,ppo_cont,HalfCheetah-v4,10,30,1,a2p20,actuator_gain_0p5,/home/users/am1015/rl_runs_halfcheetah_confirm_30seed_extra_caps_20260523/HalfCheetah-v4__ppo_alpha_a2p20__10__1779609928/ppo_alpha_a2p20.cleanrl_model,/home/users/am1015/rl_runs_halfcheetah_confirm_30seed_extra_caps_20260523/HalfCheetah-v4__ppo_alpha_a2p20__10__1779609928/ppo_alpha_a2p20.cleanrl_model.norm_stats.npz,1,1,1,0.0,0.0,0.0,0.0,1.0,1.0,,1.0,-1,,-1,,1.0,,0.5,1.0,-302.76080600817414,2.082804887799265,-303.1111853125441,-302.92611581451405,-306.2769035571409,-298.503418658924,
1779680649,eval__HalfCheetah-v4__ppo_cont__a2p20__mass_damping_0p5__seed10__pid1158305,ppo_cont,HalfCheetah-v4,10,30,1,a2p20,mass_damping_0p5,/home/users/am1015/rl_runs_halfcheetah_confirm_30seed_extra_caps_20260523/HalfCheetah-v4__ppo_alpha_a2p20__10__1779609928/ppo_alpha_a2p20.cleanrl_model,/home/users/am1015/rl_runs_halfcheetah_confirm_30seed_extra_caps_20260523/HalfCheetah-v4__ppo_alpha_a2p20__10__1779609928/ppo_alpha_a2p20.cleanrl_model.norm_stats.npz,1,1,1,0.0,0.0,0.0,0.0,1.0,0.5,,1.0,-1,,-1,,0.5,,1.0,1.0,1041.3650029496553,422.9327630324167,1181.1308909890422,1170.8189339008866,-311.05184664627467,1341.5884526383293,
1779680651,eval__HalfCheetah-v4__ppo_cont__a2p20__actuator_gain_0p5__seed11__pid1158307,ppo_cont,HalfCheetah-v4,11,30,1,a2p20,actuator_gain_0p5,/home/users/am1015/rl_runs_halfcheetah_confirm_30seed_extra_caps_20260523/HalfCheetah-v4__ppo_alpha_a2p20__11__1779612868/ppo_alpha_a2p20.cleanrl_model,/home/users/am1015/rl_runs_halfcheetah_confirm_30seed_extra_caps_20260523/HalfCheetah-v4__ppo_alpha_a2p20__11__1779612868/ppo_alpha_a2p20.cleanrl_model.norm_stats.npz,1,1,1,0.0,0.0,0.0,0.0,1.0,1.0,,1.0,-1,,-1,,1.0,,0.5,1.0,722.7607284456111,312.7317339641031,823.6805067736004,820.6794111315681,-50.3573270675707,1050.7421025620888,
1779680649,eval__HalfCheetah-v4__ppo_cont__a2p20__mass_damping_0p5__seed11__pid414263,ppo_cont,HalfCheetah-v4,11,30,1,a2p20,mass_damping_0p5,/home/users/am1015/rl_runs_halfcheetah_confirm_30seed_extra_caps_20260523/HalfCheetah-v4__ppo_alpha_a2p20__11__1779612868/ppo_alpha_a2p20.cleanrl_model,/home/users/am1015/rl_runs_halfcheetah_confirm_30seed_extra_caps_20260523/HalfCheetah-v4__ppo_alpha_a2p20__11__1779612868/ppo_alpha_a2p20.cleanrl_model.norm_stats.npz,1,1,1,0.0,0.0,0.0,0.0,1.0,0.5,,1.0,-1,,-1,,0.5,,1.0,1.0,884.1152134454352,1019.616211340053,701.6720752816451,685.8130005613009,-374.1698326514924,3455.1088322155115,
1779680649,eval__HalfCheetah-v4__ppo_cont__a2p20__actuator_gain_0p5__seed12__pid2476357,ppo_cont,HalfCheetah-v4,12,30,1,a2p20,actuator_gain_0p5,/home/users/am1015/rl_runs_halfcheetah_confirm_30seed_extra_caps_20260523/HalfCheetah-v4__ppo_alpha_a2p20__12__1779612928/ppo_alpha_a2p20.cleanrl_model,/home/users/am1015/rl_runs_halfcheetah_confirm_30seed_extra_caps_20260523/HalfCheetah-v4__ppo_alpha_a2p20__12__1779612928/ppo_alpha_a2p20.cleanrl_model.norm_stats.npz,1,1,1,0.0,0.0,0.0,0.0,1.0,1.0,,1.0,-1,,-1,,1.0,,0.5,1.0,-426.7741813700761,6.692503369258978,-426.83671099272937,-426.8061041635528,-438.1959418658453,-413.9136589284807,
1779680649,eval__HalfCheetah-v4__ppo_cont__a2p20__mass_damping_0p5__seed12__pid2476343,ppo_cont,HalfCheetah-v4,12,30,1,a2p20,mass_damping_0p5,/home/users/am1015/rl_runs_halfcheetah_confirm_30seed_extra_caps_20260523/HalfCheetah-v4__ppo_alpha_a2p20__12__1779612928/ppo_alpha_a2p20.cleanrl_model,/home/users/am1015/rl_runs_halfcheetah_confirm_30seed_extra_caps_20260523/HalfCheetah-v4__ppo_alpha_a2p20__12__1779612928/ppo_alpha_a2p20.cleanrl_model.norm_stats.npz,1,1,1,0.0,0.0,0.0,0.0,1.0,0.5,,1.0,-1,,-1,,0.5,,1.0,1.0,707.3889824521768,100.1560419581876,696.4769065785124,699.2677045159797,532.5812868966004,949.5630895423692,
1779680651,eval__HalfCheetah-v4__ppo_cont__a2p20__actuator_gain_0p5__seed13__pid992110,ppo_cont,HalfCheetah-v4,13,30,1,a2p20,actuator_gain_0p5,/home/users/am1015/rl_runs_halfcheetah_confirm_30seed_extra_caps_20260523/HalfCheetah-v4__ppo_alpha_a2p20__13__1779613528/ppo_alpha_a2p20.cleanrl_model,/home/users/am1015/rl_runs_halfcheetah_confirm_30seed_extra_caps_20260523/HalfCheetah-v4__ppo_alpha_a2p20__13__1779613528/ppo_alpha_a2p20.cleanrl_model.norm_stats.npz,1,1,1,0.0,0.0,0.0,0.0,1.0,1.0,,1.0,-1,,-1,,1.0,,0.5,1.0,-446.0278291134404,1.6419950872561566,-446.0366398894524,-446.1908281121551,-449.2165156429148,-441.9044518296896,
1779680646,eval__HalfCheetah-v4__ppo_cont__a2p20__mass_damping_0p5__seed13__pid3814381,ppo_cont,HalfCheetah-v4,13,30,1,a2p20,mass_damping_0p5,/home/users/am1015/rl_runs_halfcheetah_confirm_30seed_extra_caps_20260523/HalfCheetah-v4__ppo_alpha_a2p20__13__1779613528/ppo_alpha_a2p20.cleanrl_model,/home/users/am1015/rl_runs_halfcheetah_confirm_30seed_extra_caps_20260523/HalfCheetah-v4__ppo_alpha_a2p20__13__1779613528/ppo_alpha_a2p20.cleanrl_model.norm_stats.npz,1,1,1,0.0,0.0,0.0,0.0,1.0,0.5,,1.0,-1,,-1,,0.5,,1.0,1.0,323.3753537971458,206.1185489221322,327.1871505815833,316.95038997897154,-132.8128087672807,653.3803587865558,
1779680647,eval__HalfCheetah-v4__ppo_cont__a2p20__actuator_gain_0p5__seed14__pid3814397,ppo_cont,HalfCheetah-v4,14,30,1,a2p20,actuator_gain_0p5,/home/users/am1015/rl_runs_halfcheetah_confirm_30seed_extra_caps_20260523/HalfCheetah-v4__ppo_alpha_a2p20__14__1779614248/ppo_alpha_a2p20.cleanrl_model,/home/users/am1015/rl_runs_halfcheetah_confirm_30seed_extra_caps_20260523/HalfCheetah-v4__ppo_alpha_a2p20__14__1779614248/ppo_alpha_a2p20.cleanrl_model.norm_stats.npz,1,1,1,0.0,0.0,0.0,0.0,1.0,1.0,,1.0,-1,,-1,,1.0,,0.5,1.0,-300.2524406311496,0.801659595239696,-300.46504432154427,-300.3490697570793,-301.8163865349848,-298.8077537871412,
1779680646,eval__HalfCheetah-v4__ppo_cont__a2p20__mass_damping_0p5__seed14__pid730935,ppo_cont,HalfCheetah-v4,14,30,1,a2p20,mass_damping_0p5,/home/users/am1015/rl_runs_halfcheetah_confirm_30seed_extra_caps_20260523/HalfCheetah-v4__ppo_alpha_a2p20__14__1779614248/ppo_alpha_a2p20.cleanrl_model,/home/users/am1015/rl_runs_halfcheetah_confirm_30seed_extra_caps_20260523/HalfCheetah-v4__ppo_alpha_a2p20__14__1779614248/ppo_alpha_a2p20.cleanrl_model.norm_stats.npz,1,1,1,0.0,0.0,0.0,0.0,1.0,0.5,,1.0,-1,,-1,,0.5,,1.0,1.0,925.4471956104136,114.82054070892592,956.166128114684,953.5009322311392,582.3069880516213,1071.971099946055,
1779680646,eval__HalfCheetah-v4__ppo_cont__a2p20__actuator_gain_0p5__seed15__pid730934,ppo_cont,HalfCheetah-v4,15,30,1,a2p20,actuator_gain_0p5,/home/users/am1015/rl_runs_halfcheetah_confirm_30seed_extra_caps_20260523/HalfCheetah-v4__ppo_alpha_a2p20__15__1779614308/ppo_alpha_a2p20.cleanrl_model,/home/users/am1015/rl_runs_halfcheetah_confirm_30seed_extra_caps_20260523/HalfCheetah-v4__ppo_alpha_a2p20__15__1779614308/ppo_alpha_a2p20.cleanrl_model.norm_stats.npz,1,1,1,0.0,0.0,0.0,0.0,1.0,1.0,,1.0,-1,,-1,,1.0,,0.5,1.0,492.9519839292653,73.12908974254114,493.9675686410373,499.78629240892434,205.6789103292549,582.9013436633046,
1779680646,eval__HalfCheetah-v4__ppo_cont__a2p20__mass_damping_0p5__seed15__pid2495765,ppo_cont,HalfCheetah-v4,15,30,1,a2p20,mass_damping_0p5,/home/users/am1015/rl_runs_halfcheetah_confirm_30seed_extra_caps_20260523/HalfCheetah-v4__ppo_alpha_a2p20__15__1779614308/ppo_alpha_a2p20.cleanrl_model,/home/users/am1015/rl_runs_halfcheetah_confirm_30seed_extra_caps_20260523/HalfCheetah-v4__ppo_alpha_a2p20__15__1779614308/ppo_alpha_a2p20.cleanrl_model.norm_stats.npz,1,1,1,0.0,0.0,0.0,0.0,1.0,0.5,,1.0,-1,,-1,,0.5,,1.0,1.0,-309.1220636046641,307.32140651229014,-335.78594423859045,-343.3121176027794,-685.2158925230463,669.134819885802,
1779680647,eval__HalfCheetah-v4__ppo_cont__a2p20__actuator_gain_0p5__seed16__pid1838352,ppo_cont,HalfCheetah-v4,16,30,1,a2p20,actuator_gain_0p5,/home/users/am1015/rl_runs_halfcheetah_confirm_30seed_extra_caps_20260523/HalfCheetah-v4__ppo_alpha_a2p20__16__1779614308/ppo_alpha_a2p20.cleanrl_model,/home/users/am1015/rl_runs_halfcheetah_confirm_30seed_extra_caps_20260523/HalfCheetah-v4__ppo_alpha_a2p20__16__1779614308/ppo_alpha_a2p20.cleanrl_model.norm_stats.npz,1,1,1,0.0,0.0,0.0,0.0,1.0,1.0,,1.0,-1,,-1,,1.0,,0.5,1.0,-39.05954554821862,100.79449392908784,30.27623418489696,-2.99164617715251,-206.84897406740345,56.83570338906131,
1779680647,eval__HalfCheetah-v4__ppo_cont__a2p20__mass_damping_0p5__seed16__pid1838351,ppo_cont,HalfCheetah-v4,16,30,1,a2p20,mass_damping_0p5,/home/users/am1015/rl_runs_halfcheetah_confirm_30seed_extra_caps_20260523/HalfCheetah-v4__ppo_alpha_a2p20__16__1779614308/ppo_alpha_a2p20.cleanrl_model,/home/users/am1015/rl_runs_halfcheetah_confirm_30seed_extra_caps_20260523/HalfCheetah-v4__ppo_alpha_a2p20__16__1779614308/ppo_alpha_a2p20.cleanrl_model.norm_stats.npz,1,1,1,0.0,0.0,0.0,0.0,1.0,0.5,,1.0,-1,,-1,,0.5,,1.0,1.0,1224.3610558408425,467.1613990758688,1088.5453347341686,1132.8740859164725,404.4918914422907,2736.5993223351747,
1779680647,eval__HalfCheetah-v4__ppo_cont__a2p20__actuator_gain_0p5__seed17__pid1980435,ppo_cont,HalfCheetah-v4,17,30,1,a2p20,actuator_gain_0p5,/home/users/am1015/rl_runs_halfcheetah_confirm_30seed_extra_caps_20260523/HalfCheetah-v4__ppo_alpha_a2p20__17__1779614308/ppo_alpha_a2p20.cleanrl_model,/home/users/am1015/rl_runs_halfcheetah_confirm_30seed_extra_caps_20260523/HalfCheetah-v4__ppo_alpha_a2p20__17__1779614308/ppo_alpha_a2p20.cleanrl_model.norm_stats.npz,1,1,1,0.0,0.0,0.0,0.0,1.0,1.0,,1.0,-1,,-1,,1.0,,0.5,1.0,-183.918369772062,3.5099938118171585,-182.685653913162,-182.76160971740137,-194.6714242449777,-180.1964378246045,
1779680646,eval__HalfCheetah-v4__ppo_cont__a2p20__mass_damping_0p5__seed17__pid1980436,ppo_cont,HalfCheetah-v4,17,30,1,a2p20,mass_damping_0p5,/home/users/am1015/rl_runs_halfcheetah_confirm_30seed_extra_caps_20260523/HalfCheetah-v4__ppo_alpha_a2p20__17__1779614308/ppo_alpha_a2p20.cleanrl_model,/home/users/am1015/rl_runs_halfcheetah_confirm_30seed_extra_caps_20260523/HalfCheetah-v4__ppo_alpha_a2p20__17__1779614308/ppo_alpha_a2p20.cleanrl_model.norm_stats.npz,1,1,1,0.0,0.0,0.0,0.0,1.0,0.5,,1.0,-1,,-1,,0.5,,1.0,1.0,1418.480552830844,753.8039155629326,1292.3450886092114,1339.173386048447,-160.31730635432243,3153.918607606739,
1779680647,eval__HalfCheetah-v4__ppo_cont__a2p20__actuator_gain_0p5__seed18__pid1153828,ppo_cont,HalfCheetah-v4,18,30,1,a2p20,actuator_gain_0p5,/home/users/am1015/rl_runs_halfcheetah_confirm_30seed_extra_caps_20260523/HalfCheetah-v4__ppo_alpha_a2p20__18__1779614339/ppo_alpha_a2p20.cleanrl_model,/home/users/am1015/rl_runs_halfcheetah_confirm_30seed_extra_caps_20260523/HalfCheetah-v4__ppo_alpha_a2p20__18__1779614339/ppo_alpha_a2p20.cleanrl_model.norm_stats.npz,1,1,1,0.0,0.0,0.0,0.0,1.0,1.0,,1.0,-1,,-1,,1.0,,0.5,1.0,-268.09032392716364,0.997148918495986,-267.94646901995225,-268.0063049987954,-269.97990909314115,-266.23235638766147,
1779680647,eval__HalfCheetah-v4__ppo_cont__a2p20__mass_damping_0p5__seed18__pid1153813,ppo_cont,HalfCheetah-v4,18,30,1,a2p20,mass_damping_0p5,/home/users/am1015/rl_runs_halfcheetah_confirm_30seed_extra_caps_20260523/HalfCheetah-v4__ppo_alpha_a2p20__18__1779614339/ppo_alpha_a2p20.cleanrl_model,/home/users/am1015/rl_runs_halfcheetah_confirm_30seed_extra_caps_20260523/HalfCheetah-v4__ppo_alpha_a2p20__18__1779614339/ppo_alpha_a2p20.cleanrl_model.norm_stats.npz,1,1,1,0.0,0.0,0.0,0.0,1.0,0.5,,1.0,-1,,-1,,0.5,,1.0,1.0,891.8663111438279,231.13415552875315,933.320825848515,936.8855279327252,-16.040589988427346,1280.151555179825,
1779680651,eval__HalfCheetah-v4__ppo_cont__a2p20__actuator_gain_0p5__seed19__pid1307030,ppo_cont,HalfCheetah-v4,19,30,1,a2p20,actuator_gain_0p5,/home/users/am1015/rl_runs_halfcheetah_confirm_30seed_extra_caps_20260523/HalfCheetah-v4__ppo_alpha_a2p20__19__1779614338/ppo_alpha_a2p20.cleanrl_model,/home/users/am1015/rl_runs_halfcheetah_confirm_30seed_extra_caps_20260523/HalfCheetah-v4__ppo_alpha_a2p20__19__1779614338/ppo_alpha_a2p20.cleanrl_model.norm_stats.npz,1,1,1,0.0,0.0,0.0,0.0,1.0,1.0,,1.0,-1,,-1,,1.0,,0.5,1.0,-202.92894145257452,29.32605974401073,-212.4276580938736,-210.6799281386272,-222.7937433839245,-61.370177243106895,
1779680651,eval__HalfCheetah-v4__ppo_cont__a2p20__mass_damping_0p5__seed19__pid1307015,ppo_cont,HalfCheetah-v4,19,30,1,a2p20,mass_damping_0p5,/home/users/am1015/rl_runs_halfcheetah_confirm_30seed_extra_caps_20260523/HalfCheetah-v4__ppo_alpha_a2p20__19__1779614338/ppo_alpha_a2p20.cleanrl_model,/home/users/am1015/rl_runs_halfcheetah_confirm_30seed_extra_caps_20260523/HalfCheetah-v4__ppo_alpha_a2p20__19__1779614338/ppo_alpha_a2p20.cleanrl_model.norm_stats.npz,1,1,1,0.0,0.0,0.0,0.0,1.0,0.5,,1.0,-1,,-1,,0.5,,1.0,1.0,1315.7695059011114,305.7044204779938,1359.0963451255147,1354.0370096377262,-208.92978248499617,1599.8302334440496,
1779680649,eval__HalfCheetah-v4__ppo_cont__a2p20__actuator_gain_0p5__seed1__pid414268,ppo_cont,HalfCheetah-v4,1,30,1,a2p20,actuator_gain_0p5,/home/users/am1015/rl_runs_halfcheetah_confirm_30seed_extra_caps_20260523/HalfCheetah-v4__ppo_alpha_a2p20__1__1779609538/ppo_alpha_a2p20.cleanrl_model,/home/users/am1015/rl_runs_halfcheetah_confirm_30seed_extra_caps_20260523/HalfCheetah-v4__ppo_alpha_a2p20__1__1779609538/ppo_alpha_a2p20.cleanrl_model.norm_stats.npz,1,1,1,0.0,0.0,0.0,0.0,1.0,1.0,,1.0,-1,,-1,,1.0,,0.5,1.0,-308.155685618469,54.86424847173642,-298.00161083089404,-296.6057653128053,-405.3583187014692,-191.8423834123452,
1779680649,eval__HalfCheetah-v4__ppo_cont__a2p20__mass_damping_0p5__seed1__pid2476342,ppo_cont,HalfCheetah-v4,1,30,1,a2p20,mass_damping_0p5,/home/users/am1015/rl_runs_halfcheetah_confirm_30seed_extra_caps_20260523/HalfCheetah-v4__ppo_alpha_a2p20__1__1779609538/ppo_alpha_a2p20.cleanrl_model,/home/users/am1015/rl_runs_halfcheetah_confirm_30seed_extra_caps_20260523/HalfCheetah-v4__ppo_alpha_a2p20__1__1779609538/ppo_alpha_a2p20.cleanrl_model.norm_stats.npz,1,1,1,0.0,0.0,0.0,0.0,1.0,0.5,,1.0,-1,,-1,,0.5,,1.0,1.0,407.33708884590106,408.6588270354464,268.62449817671063,323.0099045876523,-153.612235385085,1817.7129710688969,
1779680650,eval__HalfCheetah-v4__ppo_cont__a2p20__actuator_gain_0p5__seed20__pid3536094,ppo_cont,HalfCheetah-v4,20,30,1,a2p20,actuator_gain_0p5,/home/users/am1015/rl_runs_halfcheetah_confirm_30seed_extra_caps_20260523/HalfCheetah-v4__ppo_alpha_a2p20__20__1779614339/ppo_alpha_a2p20.cleanrl_model,/home/users/am1015/rl_runs_halfcheetah_confirm_30seed_extra_caps_20260523/HalfCheetah-v4__ppo_alpha_a2p20__20__1779614339/ppo_alpha_a2p20.cleanrl_model.norm_stats.npz,1,1,1,0.0,0.0,0.0,0.0,1.0,1.0,,1.0,-1,,-1,,1.0,,0.5,1.0,-155.23515757141158,294.516820834056,-390.2790587873268,-197.5230197813175,-421.720604994006,187.42267853763124,
1779680649,eval__HalfCheetah-v4__ppo_cont__a2p20__mass_damping_0p5__seed20__pid3536125,ppo_cont,HalfCheetah-v4,20,30,1,a2p20,mass_damping_0p5,/home/users/am1015/rl_runs_halfcheetah_confirm_30seed_extra_caps_20260523/HalfCheetah-v4__ppo_alpha_a2p20__20__1779614339/ppo_alpha_a2p20.cleanrl_model,/home/users/am1015/rl_runs_halfcheetah_confirm_30seed_extra_caps_20260523/HalfCheetah-v4__ppo_alpha_a2p20__20__1779614339/ppo_alpha_a2p20.cleanrl_model.norm_stats.npz,1,1,1,0.0,0.0,0.0,0.0,1.0,0.5,,1.0,-1,,-1,,0.5,,1.0,1.0,1072.443741139777,86.99116590102685,1069.095933744077,1069.4916820823566,910.2155295702332,1234.0304568915665,
1779680649,eval__HalfCheetah-v4__ppo_cont__a2p20__actuator_gain_0p5__seed21__pid3536093,ppo_cont,HalfCheetah-v4,21,30,1,a2p20,actuator_gain_0p5,/home/users/am1015/rl_runs_halfcheetah_confirm_30seed_extra_caps_20260523/HalfCheetah-v4__ppo_alpha_a2p20__21__1779614343/ppo_alpha_a2p20.cleanrl_model,/home/users/am1015/rl_runs_halfcheetah_confirm_30seed_extra_caps_20260523/HalfCheetah-v4__ppo_alpha_a2p20__21__1779614343/ppo_alpha_a2p20.cleanrl_model.norm_stats.npz,1,1,1,0.0,0.0,0.0,0.0,1.0,1.0,,1.0,-1,,-1,,1.0,,0.5,1.0,-34.776368370029225,153.71270523560116,45.127344556649,42.95694866160376,-342.79799990524003,62.8798517282716,
1779680649,eval__HalfCheetah-v4__ppo_cont__a2p20__mass_damping_0p5__seed21__pid3536122,ppo_cont,HalfCheetah-v4,21,30,1,a2p20,mass_damping_0p5,/home/users/am1015/rl_runs_halfcheetah_confirm_30seed_extra_caps_20260523/HalfCheetah-v4__ppo_alpha_a2p20__21__1779614343/ppo_alpha_a2p20.cleanrl_model,/home/users/am1015/rl_runs_halfcheetah_confirm_30seed_extra_caps_20260523/HalfCheetah-v4__ppo_alpha_a2p20__21__1779614343/ppo_alpha_a2p20.cleanrl_model.norm_stats.npz,1,1,1,0.0,0.0,0.0,0.0,1.0,0.5,,1.0,-1,,-1,,0.5,,1.0,1.0,1443.4887573024928,95.72713604243252,1460.5589659666384,1454.0398984512103,1160.4605174294536,1588.3004531129905,
1779680650,eval__HalfCheetah-v4__ppo_cont__a2p20__actuator_gain_0p5__seed22__pid805552,ppo_cont,HalfCheetah-v4,22,30,1,a2p20,actuator_gain_0p5,/home/users/am1015/rl_runs_halfcheetah_confirm_30seed_extra_caps_20260523/HalfCheetah-v4__ppo_alpha_a2p20__22__1779614344/ppo_alpha_a2p20.cleanrl_model,/home/users/am1015/rl_runs_halfcheetah_confirm_30seed_extra_caps_20260523/HalfCheetah-v4__ppo_alpha_a2p20__22__1779614344/ppo_alpha_a2p20.cleanrl_model.norm_stats.npz,1,1,1,0.0,0.0,0.0,0.0,1.0,1.0,,1.0,-1,,-1,,1.0,,0.5,1.0,-200.1286267227367,58.78510399535213,-210.84219532202283,-210.64694914051933,-216.85856170807523,110.5229072563855,
1779680645,eval__HalfCheetah-v4__ppo_cont__a2p20__mass_damping_0p5__seed22__pid3696430,ppo_cont,HalfCheetah-v4,22,30,1,a2p20,mass_damping_0p5,/home/users/am1015/rl_runs_halfcheetah_confirm_30seed_extra_caps_20260523/HalfCheetah-v4__ppo_alpha_a2p20__22__1779614344/ppo_alpha_a2p20.cleanrl_model,/home/users/am1015/rl_runs_halfcheetah_confirm_30seed_extra_caps_20260523/HalfCheetah-v4__ppo_alpha_a2p20__22__1779614344/ppo_alpha_a2p20.cleanrl_model.norm_stats.npz,1,1,1,0.0,0.0,0.0,0.0,1.0,0.5,,1.0,-1,,-1,,0.5,,1.0,1.0,1327.4135966173246,68.78108585003763,1324.0961524060922,1326.5900043285842,1190.2847536090726,1447.7977041423655,
1779680646,eval__HalfCheetah-v4__ppo_cont__a2p20__actuator_gain_0p5__seed23__pid3696438,ppo_cont,HalfCheetah-v4,23,30,1,a2p20,actuator_gain_0p5,/home/users/am1015/rl_runs_halfcheetah_confirm_30seed_extra_caps_20260523/HalfCheetah-v4__ppo_alpha_a2p20__23__1779614368/ppo_alpha_a2p20.cleanrl_model,/home/users/am1015/rl_runs_halfcheetah_confirm_30seed_extra_caps_20260523/HalfCheetah-v4__ppo_alpha_a2p20__23__1779614368/ppo_alpha_a2p20.cleanrl_model.norm_stats.npz,1,1,1,0.0,0.0,0.0,0.0,1.0,1.0,,1.0,-1,,-1,,1.0,,0.5,1.0,-331.50662615187474,24.865845095549236,-319.99309839856835,-319.88115821699574,-382.0393313180349,-316.18964452624147,
1779680645,eval__HalfCheetah-v4__ppo_cont__a2p20__mass_damping_0p5__seed23__pid3696418,ppo_cont,HalfCheetah-v4,23,30,1,a2p20,mass_damping_0p5,/home/users/am1015/rl_runs_halfcheetah_confirm_30seed_extra_caps_20260523/HalfCheetah-v4__ppo_alpha_a2p20__23__1779614368/ppo_alpha_a2p20.cleanrl_model,/home/users/am1015/rl_runs_halfcheetah_confirm_30seed_extra_caps_20260523/HalfCheetah-v4__ppo_alpha_a2p20__23__1779614368/ppo_alpha_a2p20.cleanrl_model.norm_stats.npz,1,1,1,0.0,0.0,0.0,0.0,1.0,0.5,,1.0,-1,,-1,,0.5,,1.0,1.0,785.9181104357941,109.0712560061945,783.8120488348952,785.2946909664842,602.9192345292638,1038.6542195820073,
1779680645,eval__HalfCheetah-v4__ppo_cont__a2p20__actuator_gain_0p5__seed24__pid3696393,ppo_cont,HalfCheetah-v4,24,30,1,a2p20,actuator_gain_0p5,/home/users/am1015/rl_runs_halfcheetah_confirm_30seed_extra_caps_20260523/HalfCheetah-v4__ppo_alpha_a2p20__24__1779614368/ppo_alpha_a2p20.cleanrl_model,/home/users/am1015/rl_runs_halfcheetah_confirm_30seed_extra_caps_20260523/HalfCheetah-v4__ppo_alpha_a2p20__24__1779614368/ppo_alpha_a2p20.cleanrl_model.norm_stats.npz,1,1,1,0.0,0.0,0.0,0.0,1.0,1.0,,1.0,-1,,-1,,1.0,,0.5,1.0,13.039369034497051,81.27015346679828,11.961681011351008,16.544055146195124,-113.44287743601954,120.44127638423348,
1779680646,eval__HalfCheetah-v4__ppo_cont__a2p20__mass_damping_0p5__seed24__pid420066,ppo_cont,HalfCheetah-v4,24,30,1,a2p20,mass_damping_0p5,/home/users/am1015/rl_runs_halfcheetah_confirm_30seed_extra_caps_20260523/HalfCheetah-v4__ppo_alpha_a2p20__24__1779614368/ppo_alpha_a2p20.cleanrl_model,/home/users/am1015/rl_runs_halfcheetah_confirm_30seed_extra_caps_20260523/HalfCheetah-v4__ppo_alpha_a2p20__24__1779614368/ppo_alpha_a2p20.cleanrl_model.norm_stats.npz,1,1,1,0.0,0.0,0.0,0.0,1.0,0.5,,1.0,-1,,-1,,0.5,,1.0,1.0,843.8316833779492,101.71237476221332,837.7792003849918,849.045741728033,581.8241439560866,989.4942698805488,
1779680646,eval__HalfCheetah-v4__ppo_cont__a2p20__actuator_gain_0p5__seed25__pid420036,ppo_cont,HalfCheetah-v4,25,30,1,a2p20,actuator_gain_0p5,/home/users/am1015/rl_runs_halfcheetah_confirm_30seed_extra_caps_20260523/HalfCheetah-v4__ppo_alpha_a2p20__25__1779614368/ppo_alpha_a2p20.cleanrl_model,/home/users/am1015/rl_runs_halfcheetah_confirm_30seed_extra_caps_20260523/HalfCheetah-v4__ppo_alpha_a2p20__25__1779614368/ppo_alpha_a2p20.cleanrl_model.norm_stats.npz,1,1,1,0.0,0.0,0.0,0.0,1.0,1.0,,1.0,-1,,-1,,1.0,,0.5,1.0,-232.27562808190416,3.646376632192161,-232.0102540823865,-231.78692305698135,-240.77748728203096,-225.2914579989792,
1779680647,eval__HalfCheetah-v4__ppo_cont__a2p20__mass_damping_0p5__seed25__pid420035,ppo_cont,HalfCheetah-v4,25,30,1,a2p20,mass_damping_0p5,/home/users/am1015/rl_runs_halfcheetah_confirm_30seed_extra_caps_20260523/HalfCheetah-v4__ppo_alpha_a2p20__25__1779614368/ppo_alpha_a2p20.cleanrl_model,/home/users/am1015/rl_runs_halfcheetah_confirm_30seed_extra_caps_20260523/HalfCheetah-v4__ppo_alpha_a2p20__25__1779614368/ppo_alpha_a2p20.cleanrl_model.norm_stats.npz,1,1,1,0.0,0.0,0.0,0.0,1.0,0.5,,1.0,-1,,-1,,0.5,,1.0,1.0,891.5761644762276,426.45461065168416,1017.3689432833396,1016.7838903498116,-328.57428260108446,1224.3001555773358,
1779680647,eval__HalfCheetah-v4__ppo_cont__a2p20__actuator_gain_0p5__seed26__pid420067,ppo_cont,HalfCheetah-v4,26,30,1,a2p20,actuator_gain_0p5,/home/users/am1015/rl_runs_halfcheetah_confirm_30seed_extra_caps_20260523/HalfCheetah-v4__ppo_alpha_a2p20__26__1779614368/ppo_alpha_a2p20.cleanrl_model,/home/users/am1015/rl_runs_halfcheetah_confirm_30seed_extra_caps_20260523/HalfCheetah-v4__ppo_alpha_a2p20__26__1779614368/ppo_alpha_a2p20.cleanrl_model.norm_stats.npz,1,1,1,0.0,0.0,0.0,0.0,1.0,1.0,,1.0,-1,,-1,,1.0,,0.5,1.0,-309.2860227317533,1.4511362493540014,-309.40127792503614,-309.3282604389996,-313.0180704728972,-306.4125463709788,
1779680646,eval__HalfCheetah-v4__ppo_cont__a2p20__mass_damping_0p5__seed26__pid4160278,ppo_cont,HalfCheetah-v4,26,30,1,a2p20,mass_damping_0p5,/home/users/am1015/rl_runs_halfcheetah_confirm_30seed_extra_caps_20260523/HalfCheetah-v4__ppo_alpha_a2p20__26__1779614368/ppo_alpha_a2p20.cleanrl_model,/home/users/am1015/rl_runs_halfcheetah_confirm_30seed_extra_caps_20260523/HalfCheetah-v4__ppo_alpha_a2p20__26__1779614368/ppo_alpha_a2p20.cleanrl_model.norm_stats.npz,1,1,1,0.0,0.0,0.0,0.0,1.0,0.5,,1.0,-1,,-1,,0.5,,1.0,1.0,945.2649591441004,179.37901736604113,985.7575126066324,982.9593527734806,98.79764414035218,1137.3973217946136,
1779680646,eval__HalfCheetah-v4__ppo_cont__a2p20__actuator_gain_0p5__seed27__pid4160272,ppo_cont,HalfCheetah-v4,27,30,1,a2p20,actuator_gain_0p5,/home/users/am1015/rl_runs_halfcheetah_confirm_30seed_extra_caps_20260523/HalfCheetah-v4__ppo_alpha_a2p20__27__1779614368/ppo_alpha_a2p20.cleanrl_model,/home/users/am1015/rl_runs_halfcheetah_confirm_30seed_extra_caps_20260523/HalfCheetah-v4__ppo_alpha_a2p20__27__1779614368/ppo_alpha_a2p20.cleanrl_model.norm_stats.npz,1,1,1,0.0,0.0,0.0,0.0,1.0,1.0,,1.0,-1,,-1,,1.0,,0.5,1.0,-298.9784038007184,2.0328881111509665,-299.16961619994504,-299.0957871522611,-302.5822531479942,-293.94797113383765,
1779680646,eval__HalfCheetah-v4__ppo_cont__a2p20__mass_damping_0p5__seed27__pid4160251,ppo_cont,HalfCheetah-v4,27,30,1,a2p20,mass_damping_0p5,/home/users/am1015/rl_runs_halfcheetah_confirm_30seed_extra_caps_20260523/HalfCheetah-v4__ppo_alpha_a2p20__27__1779614368/ppo_alpha_a2p20.cleanrl_model,/home/users/am1015/rl_runs_halfcheetah_confirm_30seed_extra_caps_20260523/HalfCheetah-v4__ppo_alpha_a2p20__27__1779614368/ppo_alpha_a2p20.cleanrl_model.norm_stats.npz,1,1,1,0.0,0.0,0.0,0.0,1.0,0.5,,1.0,-1,,-1,,0.5,,1.0,1.0,1168.2188752683116,77.0751415954647,1179.6486010287667,1180.133566926188,837.8354215129217,1257.494010836124,
1779680646,eval__HalfCheetah-v4__ppo_cont__a2p20__actuator_gain_0p5__seed28__pid4160250,ppo_cont,HalfCheetah-v4,28,30,1,a2p20,actuator_gain_0p5,/home/users/am1015/rl_runs_halfcheetah_confirm_30seed_extra_caps_20260523/HalfCheetah-v4__ppo_alpha_a2p20__28__1779614368/ppo_alpha_a2p20.cleanrl_model,/home/users/am1015/rl_runs_halfcheetah_confirm_30seed_extra_caps_20260523/HalfCheetah-v4__ppo_alpha_a2p20__28__1779614368/ppo_alpha_a2p20.cleanrl_model.norm_stats.npz,1,1,1,0.0,0.0,0.0,0.0,1.0,1.0,,1.0,-1,,-1,,1.0,,0.5,1.0,-211.01953435141735,1.6447086215199267,-210.5784216564584,-210.7979241375401,-215.40836271394147,-207.85543273393563,
1779680645,eval__HalfCheetah-v4__ppo_cont__a2p20__mass_damping_0p5__seed28__pid3976678,ppo_cont,HalfCheetah-v4,28,30,1,a2p20,mass_damping_0p5,/home/users/am1015/rl_runs_halfcheetah_confirm_30seed_extra_caps_20260523/HalfCheetah-v4__ppo_alpha_a2p20__28__1779614368/ppo_alpha_a2p20.cleanrl_model,/home/users/am1015/rl_runs_halfcheetah_confirm_30seed_extra_caps_20260523/HalfCheetah-v4__ppo_alpha_a2p20__28__1779614368/ppo_alpha_a2p20.cleanrl_model.norm_stats.npz,1,1,1,0.0,0.0,0.0,0.0,1.0,0.5,,1.0,-1,,-1,,0.5,,1.0,1.0,882.9693157336749,96.8181353725877,913.0430612078196,895.4512409365631,689.7828328097889,1067.1598433064726,
1779680645,eval__HalfCheetah-v4__ppo_cont__a2p20__actuator_gain_0p5__seed29__pid3976683,ppo_cont,HalfCheetah-v4,29,30,1,a2p20,actuator_gain_0p5,/home/users/am1015/rl_runs_halfcheetah_confirm_30seed_extra_caps_20260523/HalfCheetah-v4__ppo_alpha_a2p20__29__1779614368/ppo_alpha_a2p20.cleanrl_model,/home/users/am1015/rl_runs_halfcheetah_confirm_30seed_extra_caps_20260523/HalfCheetah-v4__ppo_alpha_a2p20__29__1779614368/ppo_alpha_a2p20.cleanrl_model.norm_stats.npz,1,1,1,0.0,0.0,0.0,0.0,1.0,1.0,,1.0,-1,,-1,,1.0,,0.5,1.0,335.6729564164873,94.655196046499,363.0911513367595,363.8178494047728,-46.4161980718949,382.0297530466489,
1779680645,eval__HalfCheetah-v4__ppo_cont__a2p20__mass_damping_0p5__seed29__pid3976658,ppo_cont,HalfCheetah-v4,29,30,1,a2p20,mass_damping_0p5,/home/users/am1015/rl_runs_halfcheetah_confirm_30seed_extra_caps_20260523/HalfCheetah-v4__ppo_alpha_a2p20__29__1779614368/ppo_alpha_a2p20.cleanrl_model,/home/users/am1015/rl_runs_halfcheetah_confirm_30seed_extra_caps_20260523/HalfCheetah-v4__ppo_alpha_a2p20__29__1779614368/ppo_alpha_a2p20.cleanrl_model.norm_stats.npz,1,1,1,0.0,0.0,0.0,0.0,1.0,0.5,,1.0,-1,,-1,,0.5,,1.0,1.0,-8.519449821057666,165.5807718838921,-32.46231664148338,-29.98066140323007,-214.06794607971048,356.7390299072798,
1779680650,eval__HalfCheetah-v4__ppo_cont__a2p20__actuator_gain_0p5__seed2__pid805582,ppo_cont,HalfCheetah-v4,2,30,1,a2p20,actuator_gain_0p5,/home/users/am1015/rl_runs_halfcheetah_confirm_30seed_extra_caps_20260523/HalfCheetah-v4__ppo_alpha_a2p20__2__1779609567/ppo_alpha_a2p20.cleanrl_model,/home/users/am1015/rl_runs_halfcheetah_confirm_30seed_extra_caps_20260523/HalfCheetah-v4__ppo_alpha_a2p20__2__1779609567/ppo_alpha_a2p20.cleanrl_model.norm_stats.npz,1,1,1,0.0,0.0,0.0,0.0,1.0,1.0,,1.0,-1,,-1,,1.0,,0.5,1.0,-253.9798876971545,181.07239008587487,-198.689862126965,-202.9135518963529,-521.6112646669609,185.27950641368108,
1779680649,eval__HalfCheetah-v4__ppo_cont__a2p20__mass_damping_0p5__seed2__pid805581,ppo_cont,HalfCheetah-v4,2,30,1,a2p20,mass_damping_0p5,/home/users/am1015/rl_runs_halfcheetah_confirm_30seed_extra_caps_20260523/HalfCheetah-v4__ppo_alpha_a2p20__2__1779609567/ppo_alpha_a2p20.cleanrl_model,/home/users/am1015/rl_runs_halfcheetah_confirm_30seed_extra_caps_20260523/HalfCheetah-v4__ppo_alpha_a2p20__2__1779609567/ppo_alpha_a2p20.cleanrl_model.norm_stats.npz,1,1,1,0.0,0.0,0.0,0.0,1.0,0.5,,1.0,-1,,-1,,0.5,,1.0,1.0,1353.501508235155,145.59916936219193,1363.2176713371782,1352.5851868087468,1030.9169756349515,1702.8739937577757,
1779680646,eval__HalfCheetah-v4__ppo_cont__a2p20__actuator_gain_0p5__seed30__pid3976636,ppo_cont,HalfCheetah-v4,30,30,1,a2p20,actuator_gain_0p5,/home/users/am1015/rl_runs_halfcheetah_confirm_30seed_extra_caps_20260523/HalfCheetah-v4__ppo_alpha_a2p20__30__1779614398/ppo_alpha_a2p20.cleanrl_model,/home/users/am1015/rl_runs_halfcheetah_confirm_30seed_extra_caps_20260523/HalfCheetah-v4__ppo_alpha_a2p20__30__1779614398/ppo_alpha_a2p20.cleanrl_model.norm_stats.npz,1,1,1,0.0,0.0,0.0,0.0,1.0,1.0,,1.0,-1,,-1,,1.0,,0.5,1.0,-353.4278617829034,1.3840082703569203,-353.4915496841785,-353.53599689768805,-356.1546422465597,-350.4911217574977,
1779680646,eval__HalfCheetah-v4__ppo_cont__a2p20__mass_damping_0p5__seed30__pid803763,ppo_cont,HalfCheetah-v4,30,30,1,a2p20,mass_damping_0p5,/home/users/am1015/rl_runs_halfcheetah_confirm_30seed_extra_caps_20260523/HalfCheetah-v4__ppo_alpha_a2p20__30__1779614398/ppo_alpha_a2p20.cleanrl_model,/home/users/am1015/rl_runs_halfcheetah_confirm_30seed_extra_caps_20260523/HalfCheetah-v4__ppo_alpha_a2p20__30__1779614398/ppo_alpha_a2p20.cleanrl_model.norm_stats.npz,1,1,1,0.0,0.0,0.0,0.0,1.0,0.5,,1.0,-1,,-1,,0.5,,1.0,1.0,1188.436685416371,105.7466164360234,1180.4644580678928,1184.6679399321322,949.501810863906,1410.0314899135474,
1779680646,eval__HalfCheetah-v4__ppo_cont__a2p20__actuator_gain_0p5__seed3__pid803782,ppo_cont,HalfCheetah-v4,3,30,1,a2p20,actuator_gain_0p5,/home/users/am1015/rl_runs_halfcheetah_confirm_30seed_extra_caps_20260523/HalfCheetah-v4__ppo_alpha_a2p20__3__1779609567/ppo_alpha_a2p20.cleanrl_model,/home/users/am1015/rl_runs_halfcheetah_confirm_30seed_extra_caps_20260523/HalfCheetah-v4__ppo_alpha_a2p20__3__1779609567/ppo_alpha_a2p20.cleanrl_model.norm_stats.npz,1,1,1,0.0,0.0,0.0,0.0,1.0,1.0,,1.0,-1,,-1,,1.0,,0.5,1.0,-379.372799428696,8.166594025774321,-378.5386152234795,-378.7762091805267,-393.5563580182024,-366.6378676718594,
1779680646,eval__HalfCheetah-v4__ppo_cont__a2p20__mass_damping_0p5__seed3__pid803774,ppo_cont,HalfCheetah-v4,3,30,1,a2p20,mass_damping_0p5,/home/users/am1015/rl_runs_halfcheetah_confirm_30seed_extra_caps_20260523/HalfCheetah-v4__ppo_alpha_a2p20__3__1779609567/ppo_alpha_a2p20.cleanrl_model,/home/users/am1015/rl_runs_halfcheetah_confirm_30seed_extra_caps_20260523/HalfCheetah-v4__ppo_alpha_a2p20__3__1779609567/ppo_alpha_a2p20.cleanrl_model.norm_stats.npz,1,1,1,0.0,0.0,0.0,0.0,1.0,0.5,,1.0,-1,,-1,,0.5,,1.0,1.0,1076.6182622895608,95.99558995186663,1060.1015506249707,1070.3606633512404,823.3784084765218,1287.318821633809,
1779680646,eval__HalfCheetah-v4__ppo_cont__a2p20__actuator_gain_0p5__seed4__pid803791,ppo_cont,HalfCheetah-v4,4,30,1,a2p20,actuator_gain_0p5,/home/users/am1015/rl_runs_halfcheetah_confirm_30seed_extra_caps_20260523/HalfCheetah-v4__ppo_alpha_a2p20__4__1779609598/ppo_alpha_a2p20.cleanrl_model,/home/users/am1015/rl_runs_halfcheetah_confirm_30seed_extra_caps_20260523/HalfCheetah-v4__ppo_alpha_a2p20__4__1779609598/ppo_alpha_a2p20.cleanrl_model.norm_stats.npz,1,1,1,0.0,0.0,0.0,0.0,1.0,1.0,,1.0,-1,,-1,,1.0,,0.5,1.0,-332.68615254188603,2.452192119473843,-332.90975874204685,-332.8100245248529,-336.5021268231774,-327.33273093808214,
1779680647,eval__HalfCheetah-v4__ppo_cont__a2p20__mass_damping_0p5__seed4__pid772076,ppo_cont,HalfCheetah-v4,4,30,1,a2p20,mass_damping_0p5,/home/users/am1015/rl_runs_halfcheetah_confirm_30seed_extra_caps_20260523/HalfCheetah-v4__ppo_alpha_a2p20__4__1779609598/ppo_alpha_a2p20.cleanrl_model,/home/users/am1015/rl_runs_halfcheetah_confirm_30seed_extra_caps_20260523/HalfCheetah-v4__ppo_alpha_a2p20__4__1779609598/ppo_alpha_a2p20.cleanrl_model.norm_stats.npz,1,1,1,0.0,0.0,0.0,0.0,1.0,0.5,,1.0,-1,,-1,,0.5,,1.0,1.0,1076.420934986382,603.2436937393231,1328.7226538157752,1330.5535877609293,-306.1416913062821,1440.6931681327574,
1779680665,eval__HalfCheetah-v4__ppo_cont__a2p20__actuator_gain_0p5__seed5__pid4160454,ppo_cont,HalfCheetah-v4,5,30,1,a2p20,actuator_gain_0p5,/home/users/am1015/rl_runs_halfcheetah_confirm_30seed_extra_caps_20260523/HalfCheetah-v4__ppo_alpha_a2p20__5__1779609598/ppo_alpha_a2p20.cleanrl_model,/home/users/am1015/rl_runs_halfcheetah_confirm_30seed_extra_caps_20260523/HalfCheetah-v4__ppo_alpha_a2p20__5__1779609598/ppo_alpha_a2p20.cleanrl_model.norm_stats.npz,1,1,1,0.0,0.0,0.0,0.0,1.0,1.0,,1.0,-1,,-1,,1.0,,0.5,1.0,-258.90629800446203,8.7891080509662,-255.15781135140543,-255.81117043223296,-273.45912634972046,-245.91399924708847,
1779680665,eval__HalfCheetah-v4__ppo_cont__a2p20__mass_damping_0p5__seed5__pid3696753,ppo_cont,HalfCheetah-v4,5,30,1,a2p20,mass_damping_0p5,/home/users/am1015/rl_runs_halfcheetah_confirm_30seed_extra_caps_20260523/HalfCheetah-v4__ppo_alpha_a2p20__5__1779609598/ppo_alpha_a2p20.cleanrl_model,/home/users/am1015/rl_runs_halfcheetah_confirm_30seed_extra_caps_20260523/HalfCheetah-v4__ppo_alpha_a2p20__5__1779609598/ppo_alpha_a2p20.cleanrl_model.norm_stats.npz,1,1,1,0.0,0.0,0.0,0.0,1.0,0.5,,1.0,-1,,-1,,0.5,,1.0,1.0,1055.891203119275,516.7136291768717,1244.3447193222682,1235.5090938688954,-248.31298663261424,1395.345098340887,
1779680665,eval__HalfCheetah-v4__ppo_cont__a2p20__actuator_gain_0p5__seed6__pid3696731,ppo_cont,HalfCheetah-v4,6,30,1,a2p20,actuator_gain_0p5,/home/users/am1015/rl_runs_halfcheetah_confirm_30seed_extra_caps_20260523/HalfCheetah-v4__ppo_alpha_a2p20__6__1779609598/ppo_alpha_a2p20.cleanrl_model,/home/users/am1015/rl_runs_halfcheetah_confirm_30seed_extra_caps_20260523/HalfCheetah-v4__ppo_alpha_a2p20__6__1779609598/ppo_alpha_a2p20.cleanrl_model.norm_stats.npz,1,1,1,0.0,0.0,0.0,0.0,1.0,1.0,,1.0,-1,,-1,,1.0,,0.5,1.0,-170.5956413743386,0.7299765723592183,-170.74286256260697,-170.6731643901764,-171.87364469353037,-169.04150668852864,
1779680665,eval__HalfCheetah-v4__ppo_cont__a2p20__mass_damping_0p5__seed6__pid3696729,ppo_cont,HalfCheetah-v4,6,30,1,a2p20,mass_damping_0p5,/home/users/am1015/rl_runs_halfcheetah_confirm_30seed_extra_caps_20260523/HalfCheetah-v4__ppo_alpha_a2p20__6__1779609598/ppo_alpha_a2p20.cleanrl_model,/home/users/am1015/rl_runs_halfcheetah_confirm_30seed_extra_caps_20260523/HalfCheetah-v4__ppo_alpha_a2p20__6__1779609598/ppo_alpha_a2p20.cleanrl_model.norm_stats.npz,1,1,1,0.0,0.0,0.0,0.0,1.0,0.5,,1.0,-1,,-1,,0.5,,1.0,1.0,1022.4586091017084,422.0213780612928,1179.345908179052,1186.0823638797945,109.52562079418828,1436.6652680402267,
1779680666,eval__HalfCheetah-v4__ppo_cont__a2p20__actuator_gain_0p5__seed7__pid3696715,ppo_cont,HalfCheetah-v4,7,30,1,a2p20,actuator_gain_0p5,/home/users/am1015/rl_runs_halfcheetah_confirm_30seed_extra_caps_20260523/HalfCheetah-v4__ppo_alpha_a2p20__7__1779609718/ppo_alpha_a2p20.cleanrl_model,/home/users/am1015/rl_runs_halfcheetah_confirm_30seed_extra_caps_20260523/HalfCheetah-v4__ppo_alpha_a2p20__7__1779609718/ppo_alpha_a2p20.cleanrl_model.norm_stats.npz,1,1,1,0.0,0.0,0.0,0.0,1.0,1.0,,1.0,-1,,-1,,1.0,,0.5,1.0,-350.08714308159864,4.4772725373859,-349.60857598918915,-349.8614447951708,-357.56590971838386,-341.87372051985113,
1779680666,eval__HalfCheetah-v4__ppo_cont__a2p20__mass_damping_0p5__seed7__pid3976996,ppo_cont,HalfCheetah-v4,7,30,1,a2p20,mass_damping_0p5,/home/users/am1015/rl_runs_halfcheetah_confirm_30seed_extra_caps_20260523/HalfCheetah-v4__ppo_alpha_a2p20__7__1779609718/ppo_alpha_a2p20.cleanrl_model,/home/users/am1015/rl_runs_halfcheetah_confirm_30seed_extra_caps_20260523/HalfCheetah-v4__ppo_alpha_a2p20__7__1779609718/ppo_alpha_a2p20.cleanrl_model.norm_stats.npz,1,1,1,0.0,0.0,0.0,0.0,1.0,0.5,,1.0,-1,,-1,,0.5,,1.0,1.0,795.8208698203049,440.5771212999116,939.1077399330824,932.6369405280408,-496.5459165797163,1056.0341688389587,
1779680666,eval__HalfCheetah-v4__ppo_cont__a2p20__actuator_gain_0p5__seed8__pid3976997,ppo_cont,HalfCheetah-v4,8,30,1,a2p20,actuator_gain_0p5,/home/users/am1015/rl_runs_halfcheetah_confirm_30seed_extra_caps_20260523/HalfCheetah-v4__ppo_alpha_a2p20__8__1779609808/ppo_alpha_a2p20.cleanrl_model,/home/users/am1015/rl_runs_halfcheetah_confirm_30seed_extra_caps_20260523/HalfCheetah-v4__ppo_alpha_a2p20__8__1779609808/ppo_alpha_a2p20.cleanrl_model.norm_stats.npz,1,1,1,0.0,0.0,0.0,0.0,1.0,1.0,,1.0,-1,,-1,,1.0,,0.5,1.0,-321.02549851983747,2.493790029413496,-321.1971475131961,-321.0476989277,-325.25880067253,-316.7367614466856,
1779680666,eval__HalfCheetah-v4__ppo_cont__a2p20__mass_damping_0p5__seed8__pid3976981,ppo_cont,HalfCheetah-v4,8,30,1,a2p20,mass_damping_0p5,/home/users/am1015/rl_runs_halfcheetah_confirm_30seed_extra_caps_20260523/HalfCheetah-v4__ppo_alpha_a2p20__8__1779609808/ppo_alpha_a2p20.cleanrl_model,/home/users/am1015/rl_runs_halfcheetah_confirm_30seed_extra_caps_20260523/HalfCheetah-v4__ppo_alpha_a2p20__8__1779609808/ppo_alpha_a2p20.cleanrl_model.norm_stats.npz,1,1,1,0.0,0.0,0.0,0.0,1.0,0.5,,1.0,-1,,-1,,0.5,,1.0,1.0,1340.449980624275,77.78869824614223,1346.319015908619,1351.9322282396513,1098.769611023657,1456.7540168764472,
1779680667,eval__HalfCheetah-v4__ppo_cont__a2p20__actuator_gain_0p5__seed9__pid3976952,ppo_cont,HalfCheetah-v4,9,30,1,a2p20,actuator_gain_0p5,/home/users/am1015/rl_runs_halfcheetah_confirm_30seed_extra_caps_20260523/HalfCheetah-v4__ppo_alpha_a2p20__9__1779609844/ppo_alpha_a2p20.cleanrl_model,/home/users/am1015/rl_runs_halfcheetah_confirm_30seed_extra_caps_20260523/HalfCheetah-v4__ppo_alpha_a2p20__9__1779609844/ppo_alpha_a2p20.cleanrl_model.norm_stats.npz,1,1,1,0.0,0.0,0.0,0.0,1.0,1.0,,1.0,-1,,-1,,1.0,,0.5,1.0,-274.3519375746752,218.6416267510816,-375.99243685385295,-375.3940967351763,-436.0393617787624,153.9471411527808,
1779680666,eval__HalfCheetah-v4__ppo_cont__a2p20__mass_damping_0p5__seed9__pid804003,ppo_cont,HalfCheetah-v4,9,30,1,a2p20,mass_damping_0p5,/home/users/am1015/rl_runs_halfcheetah_confirm_30seed_extra_caps_20260523/HalfCheetah-v4__ppo_alpha_a2p20__9__1779609844/ppo_alpha_a2p20.cleanrl_model,/home/users/am1015/rl_runs_halfcheetah_confirm_30seed_extra_caps_20260523/HalfCheetah-v4__ppo_alpha_a2p20__9__1779609844/ppo_alpha_a2p20.cleanrl_model.norm_stats.npz,1,1,1,0.0,0.0,0.0,0.0,1.0,0.5,,1.0,-1,,-1,,0.5,,1.0,1.0,1073.6983071932464,90.48429864992085,1072.2530337184712,1077.4747553327377,916.005529290196,1251.859042033194,
1779680666,eval__HalfCheetah-v4__ppo_cont__a2p40__actuator_gain_0p5__seed10__pid804001,ppo_cont,HalfCheetah-v4,10,30,1,a2p40,actuator_gain_0p5,/home/users/am1015/rl_runs_halfcheetah_confirm_30seed_extra_caps_20260523/HalfCheetah-v4__ppo_alpha_a2p40__10__1779614458/ppo_alpha_a2p40.cleanrl_model,/home/users/am1015/rl_runs_halfcheetah_confirm_30seed_extra_caps_20260523/HalfCheetah-v4__ppo_alpha_a2p40__10__1779614458/ppo_alpha_a2p40.cleanrl_model.norm_stats.npz,1,1,1,0.0,0.0,0.0,0.0,1.0,1.0,,1.0,-1,,-1,,1.0,,0.5,1.0,-90.7751811850383,2.399111312275579,-90.69383249873448,-90.85842291417096,-95.01422574768569,-86.92359263313672,
1779680701,eval__HalfCheetah-v4__ppo_cont__a2p40__mass_damping_0p5__seed10__pid2460555,ppo_cont,HalfCheetah-v4,10,30,1,a2p40,mass_damping_0p5,/home/users/am1015/rl_runs_halfcheetah_confirm_30seed_extra_caps_20260523/HalfCheetah-v4__ppo_alpha_a2p40__10__1779614458/ppo_alpha_a2p40.cleanrl_model,/home/users/am1015/rl_runs_halfcheetah_confirm_30seed_extra_caps_20260523/HalfCheetah-v4__ppo_alpha_a2p40__10__1779614458/ppo_alpha_a2p40.cleanrl_model.norm_stats.npz,1,1,1,0.0,0.0,0.0,0.0,1.0,0.5,,1.0,-1,,-1,,0.5,,1.0,1.0,1034.369844414789,77.68342657540711,1025.622289299998,1033.7094568701357,871.0044234640735,1175.1940346454087,
1779680700,eval__HalfCheetah-v4__ppo_cont__a2p40__actuator_gain_0p5__seed11__pid1158454,ppo_cont,HalfCheetah-v4,11,30,1,a2p40,actuator_gain_0p5,/home/users/am1015/rl_runs_halfcheetah_confirm_30seed_extra_caps_20260523/HalfCheetah-v4__ppo_alpha_a2p40__11__1779614548/ppo_alpha_a2p40.cleanrl_model,/home/users/am1015/rl_runs_halfcheetah_confirm_30seed_extra_caps_20260523/HalfCheetah-v4__ppo_alpha_a2p40__11__1779614548/ppo_alpha_a2p40.cleanrl_model.norm_stats.npz,1,1,1,0.0,0.0,0.0,0.0,1.0,1.0,,1.0,-1,,-1,,1.0,,0.5,1.0,-363.81495114221593,6.0759337780963545,-363.9044495654252,-363.88113613068487,-376.7986590209335,-348.3873194927064,
1779680701,eval__HalfCheetah-v4__ppo_cont__a2p40__mass_damping_0p5__seed11__pid1158438,ppo_cont,HalfCheetah-v4,11,30,1,a2p40,mass_damping_0p5,/home/users/am1015/rl_runs_halfcheetah_confirm_30seed_extra_caps_20260523/HalfCheetah-v4__ppo_alpha_a2p40__11__1779614548/ppo_alpha_a2p40.cleanrl_model,/home/users/am1015/rl_runs_halfcheetah_confirm_30seed_extra_caps_20260523/HalfCheetah-v4__ppo_alpha_a2p40__11__1779614548/ppo_alpha_a2p40.cleanrl_model.norm_stats.npz,1,1,1,0.0,0.0,0.0,0.0,1.0,0.5,,1.0,-1,,-1,,0.5,,1.0,1.0,476.7026524438315,494.2173119919557,357.6889207436008,340.29256136222114,-22.032294709353955,2025.7591179699384,
1779680701,eval__HalfCheetah-v4__ppo_cont__a2p40__actuator_gain_0p5__seed12__pid2476541,ppo_cont,HalfCheetah-v4,12,30,1,a2p40,actuator_gain_0p5,/home/users/am1015/rl_runs_halfcheetah_confirm_30seed_extra_caps_20260523/HalfCheetah-v4__ppo_alpha_a2p40__12__1779614548/ppo_alpha_a2p40.cleanrl_model,/home/users/am1015/rl_runs_halfcheetah_confirm_30seed_extra_caps_20260523/HalfCheetah-v4__ppo_alpha_a2p40__12__1779614548/ppo_alpha_a2p40.cleanrl_model.norm_stats.npz,1,1,1,0.0,0.0,0.0,0.0,1.0,1.0,,1.0,-1,,-1,,1.0,,0.5,1.0,-263.5401926514458,1.1105625612805046,-263.57272285907163,-263.6027006056415,-266.13467726335455,-261.1743721749087,
1779680704,eval__HalfCheetah-v4__ppo_cont__a2p40__mass_damping_0p5__seed12__pid2476572,ppo_cont,HalfCheetah-v4,12,30,1,a2p40,mass_damping_0p5,/home/users/am1015/rl_runs_halfcheetah_confirm_30seed_extra_caps_20260523/HalfCheetah-v4__ppo_alpha_a2p40__12__1779614548/ppo_alpha_a2p40.cleanrl_model,/home/users/am1015/rl_runs_halfcheetah_confirm_30seed_extra_caps_20260523/HalfCheetah-v4__ppo_alpha_a2p40__12__1779614548/ppo_alpha_a2p40.cleanrl_model.norm_stats.npz,1,1,1,0.0,0.0,0.0,0.0,1.0,0.5,,1.0,-1,,-1,,0.5,,1.0,1.0,732.2163817370288,452.67292586775153,754.250968479972,781.0693436832555,-126.2997755904832,1388.4327533890555,
1779680701,eval__HalfCheetah-v4__ppo_cont__a2p40__actuator_gain_0p5__seed13__pid2476557,ppo_cont,HalfCheetah-v4,13,30,1,a2p40,actuator_gain_0p5,/home/users/am1015/rl_runs_halfcheetah_confirm_30seed_extra_caps_20260523/HalfCheetah-v4__ppo_alpha_a2p40__13__1779614668/ppo_alpha_a2p40.cleanrl_model,/home/users/am1015/rl_runs_halfcheetah_confirm_30seed_extra_caps_20260523/HalfCheetah-v4__ppo_alpha_a2p40__13__1779614668/ppo_alpha_a2p40.cleanrl_model.norm_stats.npz,1,1,1,0.0,0.0,0.0,0.0,1.0,1.0,,1.0,-1,,-1,,1.0,,0.5,1.0,-350.19757464344355,1.9654418366063031,-350.1271904746495,-350.1883049571288,-354.79316307305265,-346.08929751945925,
1779680699,eval__HalfCheetah-v4__ppo_cont__a2p40__mass_damping_0p5__seed13__pid992219,ppo_cont,HalfCheetah-v4,13,30,1,a2p40,mass_damping_0p5,/home/users/am1015/rl_runs_halfcheetah_confirm_30seed_extra_caps_20260523/HalfCheetah-v4__ppo_alpha_a2p40__13__1779614668/ppo_alpha_a2p40.cleanrl_model,/home/users/am1015/rl_runs_halfcheetah_confirm_30seed_extra_caps_20260523/HalfCheetah-v4__ppo_alpha_a2p40__13__1779614668/ppo_alpha_a2p40.cleanrl_model.norm_stats.npz,1,1,1,0.0,0.0,0.0,0.0,1.0,0.5,,1.0,-1,,-1,,0.5,,1.0,1.0,966.2359326206916,160.64687698619693,1003.8881112473684,993.2832249505112,373.00142525375975,1192.903830724594,
1779680698,eval__HalfCheetah-v4__ppo_cont__a2p40__actuator_gain_0p5__seed14__pid3814571,ppo_cont,HalfCheetah-v4,14,30,1,a2p40,actuator_gain_0p5,/home/users/am1015/rl_runs_halfcheetah_confirm_30seed_extra_caps_20260523/HalfCheetah-v4__ppo_alpha_a2p40__14__1779614728/ppo_alpha_a2p40.cleanrl_model,/home/users/am1015/rl_runs_halfcheetah_confirm_30seed_extra_caps_20260523/HalfCheetah-v4__ppo_alpha_a2p40__14__1779614728/ppo_alpha_a2p40.cleanrl_model.norm_stats.npz,1,1,1,0.0,0.0,0.0,0.0,1.0,1.0,,1.0,-1,,-1,,1.0,,0.5,1.0,-566.6347269077376,96.30684229989944,-602.4111352522696,-601.280514419131,-631.114781030764,-318.3775265505581,
1779680698,eval__HalfCheetah-v4__ppo_cont__a2p40__mass_damping_0p5__seed14__pid3814557,ppo_cont,HalfCheetah-v4,14,30,1,a2p40,mass_damping_0p5,/home/users/am1015/rl_runs_halfcheetah_confirm_30seed_extra_caps_20260523/HalfCheetah-v4__ppo_alpha_a2p40__14__1779614728/ppo_alpha_a2p40.cleanrl_model,/home/users/am1015/rl_runs_halfcheetah_confirm_30seed_extra_caps_20260523/HalfCheetah-v4__ppo_alpha_a2p40__14__1779614728/ppo_alpha_a2p40.cleanrl_model.norm_stats.npz,1,1,1,0.0,0.0,0.0,0.0,1.0,0.5,,1.0,-1,,-1,,0.5,,1.0,1.0,952.0515069835176,56.76416274904426,941.6956766794016,949.9932279204796,828.2103742180254,1101.6691501278026,
1779680697,eval__HalfCheetah-v4__ppo_cont__a2p40__actuator_gain_0p5__seed15__pid731091,ppo_cont,HalfCheetah-v4,15,30,1,a2p40,actuator_gain_0p5,/home/users/am1015/rl_runs_halfcheetah_confirm_30seed_extra_caps_20260523/HalfCheetah-v4__ppo_alpha_a2p40__15__1779614818/ppo_alpha_a2p40.cleanrl_model,/home/users/am1015/rl_runs_halfcheetah_confirm_30seed_extra_caps_20260523/HalfCheetah-v4__ppo_alpha_a2p40__15__1779614818/ppo_alpha_a2p40.cleanrl_model.norm_stats.npz,1,1,1,0.0,0.0,0.0,0.0,1.0,1.0,,1.0,-1,,-1,,1.0,,0.5,1.0,-255.7059724174106,1.042318966003556,-255.65005505057803,-255.68838550346987,-257.66467084366224,-253.47606416123668,
1779680697,eval__HalfCheetah-v4__ppo_cont__a2p40__mass_damping_0p5__seed15__pid731092,ppo_cont,HalfCheetah-v4,15,30,1,a2p40,mass_damping_0p5,/home/users/am1015/rl_runs_halfcheetah_confirm_30seed_extra_caps_20260523/HalfCheetah-v4__ppo_alpha_a2p40__15__1779614818/ppo_alpha_a2p40.cleanrl_model,/home/users/am1015/rl_runs_halfcheetah_confirm_30seed_extra_caps_20260523/HalfCheetah-v4__ppo_alpha_a2p40__15__1779614818/ppo_alpha_a2p40.cleanrl_model.norm_stats.npz,1,1,1,0.0,0.0,0.0,0.0,1.0,0.5,,1.0,-1,,-1,,0.5,,1.0,1.0,873.4952647772484,333.3555448195595,954.61040139879,958.7390211868776,-372.056747272802,1080.2502207065345,
1779680697,eval__HalfCheetah-v4__ppo_cont__a2p40__actuator_gain_0p5__seed16__pid2495896,ppo_cont,HalfCheetah-v4,16,30,1,a2p40,actuator_gain_0p5,/home/users/am1015/rl_runs_halfcheetah_confirm_30seed_extra_caps_20260523/HalfCheetah-v4__ppo_alpha_a2p40__16__1779614878/ppo_alpha_a2p40.cleanrl_model,/home/users/am1015/rl_runs_halfcheetah_confirm_30seed_extra_caps_20260523/HalfCheetah-v4__ppo_alpha_a2p40__16__1779614878/ppo_alpha_a2p40.cleanrl_model.norm_stats.npz,1,1,1,0.0,0.0,0.0,0.0,1.0,1.0,,1.0,-1,,-1,,1.0,,0.5,1.0,-376.0229888245496,9.366630852765429,-376.062485103267,-376.9313865983318,-391.0206689783508,-356.09290246343056,
1779680698,eval__HalfCheetah-v4__ppo_cont__a2p40__mass_damping_0p5__seed16__pid1838515,ppo_cont,HalfCheetah-v4,16,30,1,a2p40,mass_damping_0p5,/home/users/am1015/rl_runs_halfcheetah_confirm_30seed_extra_caps_20260523/HalfCheetah-v4__ppo_alpha_a2p40__16__1779614878/ppo_alpha_a2p40.cleanrl_model,/home/users/am1015/rl_runs_halfcheetah_confirm_30seed_extra_caps_20260523/HalfCheetah-v4__ppo_alpha_a2p40__16__1779614878/ppo_alpha_a2p40.cleanrl_model.norm_stats.npz,1,1,1,0.0,0.0,0.0,0.0,1.0,0.5,,1.0,-1,,-1,,0.5,,1.0,1.0,362.2600209450655,497.6261364742281,159.76252239090613,200.1289942705829,-110.42911575971152,2334.8912767629886,
1779680698,eval__HalfCheetah-v4__ppo_cont__a2p40__actuator_gain_0p5__seed17__pid1838530,ppo_cont,HalfCheetah-v4,17,30,1,a2p40,actuator_gain_0p5,/home/users/am1015/rl_runs_halfcheetah_confirm_30seed_extra_caps_20260523/HalfCheetah-v4__ppo_alpha_a2p40__17__1779615058/ppo_alpha_a2p40.cleanrl_model,/home/users/am1015/rl_runs_halfcheetah_confirm_30seed_extra_caps_20260523/HalfCheetah-v4__ppo_alpha_a2p40__17__1779615058/ppo_alpha_a2p40.cleanrl_model.norm_stats.npz,1,1,1,0.0,0.0,0.0,0.0,1.0,1.0,,1.0,-1,,-1,,1.0,,0.5,1.0,-205.752284769615,1.1017777836529925,-205.54063528252823,-205.5918073491962,-209.56486088523943,-204.15338073029343,
1779680697,eval__HalfCheetah-v4__ppo_cont__a2p40__mass_damping_0p5__seed17__pid1980599,ppo_cont,HalfCheetah-v4,17,30,1,a2p40,mass_damping_0p5,/home/users/am1015/rl_runs_halfcheetah_confirm_30seed_extra_caps_20260523/HalfCheetah-v4__ppo_alpha_a2p40__17__1779615058/ppo_alpha_a2p40.cleanrl_model,/home/users/am1015/rl_runs_halfcheetah_confirm_30seed_extra_caps_20260523/HalfCheetah-v4__ppo_alpha_a2p40__17__1779615058/ppo_alpha_a2p40.cleanrl_model.norm_stats.npz,1,1,1,0.0,0.0,0.0,0.0,1.0,0.5,,1.0,-1,,-1,,0.5,,1.0,1.0,999.9105644876,84.5448898210183,997.2043528830192,1000.3663697442302,804.7214482042159,1146.411639968373,
1779680697,eval__HalfCheetah-v4__ppo_cont__a2p40__actuator_gain_0p5__seed18__pid1980584,ppo_cont,HalfCheetah-v4,18,30,1,a2p40,actuator_gain_0p5,/home/users/am1015/rl_runs_halfcheetah_confirm_30seed_extra_caps_20260523/HalfCheetah-v4__ppo_alpha_a2p40__18__1779615058/ppo_alpha_a2p40.cleanrl_model,/home/users/am1015/rl_runs_halfcheetah_confirm_30seed_extra_caps_20260523/HalfCheetah-v4__ppo_alpha_a2p40__18__1779615058/ppo_alpha_a2p40.cleanrl_model.norm_stats.npz,1,1,1,0.0,0.0,0.0,0.0,1.0,1.0,,1.0,-1,,-1,,1.0,,0.5,1.0,888.0738857131123,14.962245837474017,890.3809005775395,890.900037561727,857.6213776868984,913.301362723971,
1779680697,eval__HalfCheetah-v4__ppo_cont__a2p40__mass_damping_0p5__seed18__pid1153981,ppo_cont,HalfCheetah-v4,18,30,1,a2p40,mass_damping_0p5,/home/users/am1015/rl_runs_halfcheetah_confirm_30seed_extra_caps_20260523/HalfCheetah-v4__ppo_alpha_a2p40__18__1779615058/ppo_alpha_a2p40.cleanrl_model,/home/users/am1015/rl_runs_halfcheetah_confirm_30seed_extra_caps_20260523/HalfCheetah-v4__ppo_alpha_a2p40__18__1779615058/ppo_alpha_a2p40.cleanrl_model.norm_stats.npz,1,1,1,0.0,0.0,0.0,0.0,1.0,0.5,,1.0,-1,,-1,,0.5,,1.0,1.0,648.5552910173941,114.52923917938318,655.3765545488459,647.8899765697764,430.0635334269519,1026.5631783589415,
1779680698,eval__HalfCheetah-v4__ppo_cont__a2p40__actuator_gain_0p5__seed19__pid1153996,ppo_cont,HalfCheetah-v4,19,30,1,a2p40,actuator_gain_0p5,/home/users/am1015/rl_runs_halfcheetah_confirm_30seed_extra_caps_20260523/HalfCheetah-v4__ppo_alpha_a2p40__19__1779615118/ppo_alpha_a2p40.cleanrl_model,/home/users/am1015/rl_runs_halfcheetah_confirm_30seed_extra_caps_20260523/HalfCheetah-v4__ppo_alpha_a2p40__19__1779615118/ppo_alpha_a2p40.cleanrl_model.norm_stats.npz,1,1,1,0.0,0.0,0.0,0.0,1.0,1.0,,1.0,-1,,-1,,1.0,,0.5,1.0,-582.391083586083,0.8643638668119323,-582.4730379710993,-582.4426986651505,-583.9094854264574,-580.5718463367305,
1779680700,eval__HalfCheetah-v4__ppo_cont__a2p40__mass_damping_0p5__seed19__pid1307209,ppo_cont,HalfCheetah-v4,19,30,1,a2p40,mass_damping_0p5,/home/users/am1015/rl_runs_halfcheetah_confirm_30seed_extra_caps_20260523/HalfCheetah-v4__ppo_alpha_a2p40__19__1779615118/ppo_alpha_a2p40.cleanrl_model,/home/users/am1015/rl_runs_halfcheetah_confirm_30seed_extra_caps_20260523/HalfCheetah-v4__ppo_alpha_a2p40__19__1779615118/ppo_alpha_a2p40.cleanrl_model.norm_stats.npz,1,1,1,0.0,0.0,0.0,0.0,1.0,0.5,,1.0,-1,,-1,,0.5,,1.0,1.0,1153.7167158347484,434.4475591364536,1272.9880330019337,1271.6785120857635,-538.715559971214,1424.2207278480028,
1779680700,eval__HalfCheetah-v4__ppo_cont__a2p40__actuator_gain_0p5__seed1__pid414406,ppo_cont,HalfCheetah-v4,1,30,1,a2p40,actuator_gain_0p5,/home/users/am1015/rl_runs_halfcheetah_confirm_30seed_extra_caps_20260523/HalfCheetah-v4__ppo_alpha_a2p40__1__1779614398/ppo_alpha_a2p40.cleanrl_model,/home/users/am1015/rl_runs_halfcheetah_confirm_30seed_extra_caps_20260523/HalfCheetah-v4__ppo_alpha_a2p40__1__1779614398/ppo_alpha_a2p40.cleanrl_model.norm_stats.npz,1,1,1,0.0,0.0,0.0,0.0,1.0,1.0,,1.0,-1,,-1,,1.0,,0.5,1.0,-311.3039984492664,2.7960298915310395,-311.23155176861474,-311.18646214521647,-317.15415473245406,-306.95508509741154,
1779680700,eval__HalfCheetah-v4__ppo_cont__a2p40__mass_damping_0p5__seed1__pid414421,ppo_cont,HalfCheetah-v4,1,30,1,a2p40,mass_damping_0p5,/home/users/am1015/rl_runs_halfcheetah_confirm_30seed_extra_caps_20260523/HalfCheetah-v4__ppo_alpha_a2p40__1__1779614398/ppo_alpha_a2p40.cleanrl_model,/home/users/am1015/rl_runs_halfcheetah_confirm_30seed_extra_caps_20260523/HalfCheetah-v4__ppo_alpha_a2p40__1__1779614398/ppo_alpha_a2p40.cleanrl_model.norm_stats.npz,1,1,1,0.0,0.0,0.0,0.0,1.0,0.5,,1.0,-1,,-1,,0.5,,1.0,1.0,1118.1913558912836,80.72480395221743,1115.6629981446454,1111.498368202498,1000.9176914992186,1285.4017605803192,
1779680700,eval__HalfCheetah-v4__ppo_cont__a2p40__actuator_gain_0p5__seed20__pid1307194,ppo_cont,HalfCheetah-v4,20,30,1,a2p40,actuator_gain_0p5,/home/users/am1015/rl_runs_halfcheetah_confirm_30seed_extra_caps_20260523/HalfCheetah-v4__ppo_alpha_a2p40__20__1779615118/ppo_alpha_a2p40.cleanrl_model,/home/users/am1015/rl_runs_halfcheetah_confirm_30seed_extra_caps_20260523/HalfCheetah-v4__ppo_alpha_a2p40__20__1779615118/ppo_alpha_a2p40.cleanrl_model.norm_stats.npz,1,1,1,0.0,0.0,0.0,0.0,1.0,1.0,,1.0,-1,,-1,,1.0,,0.5,1.0,-365.6488989914493,3.504482296805289,-365.3464500224871,-365.19843258515135,-371.9227329516144,-360.3575732544403,
1779680702,eval__HalfCheetah-v4__ppo_cont__a2p40__mass_damping_0p5__seed20__pid3536399,ppo_cont,HalfCheetah-v4,20,30,1,a2p40,mass_damping_0p5,/home/users/am1015/rl_runs_halfcheetah_confirm_30seed_extra_caps_20260523/HalfCheetah-v4__ppo_alpha_a2p40__20__1779615118/ppo_alpha_a2p40.cleanrl_model,/home/users/am1015/rl_runs_halfcheetah_confirm_30seed_extra_caps_20260523/HalfCheetah-v4__ppo_alpha_a2p40__20__1779615118/ppo_alpha_a2p40.cleanrl_model.norm_stats.npz,1,1,1,0.0,0.0,0.0,0.0,1.0,0.5,,1.0,-1,,-1,,0.5,,1.0,1.0,860.0431927137727,330.64045057662554,968.1614727273889,952.0538953461416,-277.087819053829,1180.9113994359748,
1779680704,eval__HalfCheetah-v4__ppo_cont__a2p40__actuator_gain_0p5__seed21__pid3536384,ppo_cont,HalfCheetah-v4,21,30,1,a2p40,actuator_gain_0p5,/home/users/am1015/rl_runs_halfcheetah_confirm_30seed_extra_caps_20260523/HalfCheetah-v4__ppo_alpha_a2p40__21__1779633276/ppo_alpha_a2p40.cleanrl_model,/home/users/am1015/rl_runs_halfcheetah_confirm_30seed_extra_caps_20260523/HalfCheetah-v4__ppo_alpha_a2p40__21__1779633276/ppo_alpha_a2p40.cleanrl_model.norm_stats.npz,1,1,1,0.0,0.0,0.0,0.0,1.0,1.0,,1.0,-1,,-1,,1.0,,0.5,1.0,-414.3489664837141,94.41171749877245,-442.3600474560466,-442.31626515957134,-446.85939825443023,46.87810940943012,
1779680701,eval__HalfCheetah-v4__ppo_cont__a2p40__mass_damping_0p5__seed21__pid3536370,ppo_cont,HalfCheetah-v4,21,30,1,a2p40,mass_damping_0p5,/home/users/am1015/rl_runs_halfcheetah_confirm_30seed_extra_caps_20260523/HalfCheetah-v4__ppo_alpha_a2p40__21__1779633276/ppo_alpha_a2p40.cleanrl_model,/home/users/am1015/rl_runs_halfcheetah_confirm_30seed_extra_caps_20260523/HalfCheetah-v4__ppo_alpha_a2p40__21__1779633276/ppo_alpha_a2p40.cleanrl_model.norm_stats.npz,1,1,1,0.0,0.0,0.0,0.0,1.0,0.5,,1.0,-1,,-1,,0.5,,1.0,1.0,842.0341993853149,77.82761657690953,855.2198670985866,850.3540939692666,710.5300564943284,1033.5528573735637,
1779680703,eval__HalfCheetah-v4__ppo_cont__a2p40__actuator_gain_0p5__seed22__pid805783,ppo_cont,HalfCheetah-v4,22,30,1,a2p40,actuator_gain_0p5,/home/users/am1015/rl_runs_halfcheetah_confirm_30seed_extra_caps_20260523/HalfCheetah-v4__ppo_alpha_a2p40__22__1779633575/ppo_alpha_a2p40.cleanrl_model,/home/users/am1015/rl_runs_halfcheetah_confirm_30seed_extra_caps_20260523/HalfCheetah-v4__ppo_alpha_a2p40__22__1779633575/ppo_alpha_a2p40.cleanrl_model.norm_stats.npz,1,1,1,0.0,0.0,0.0,0.0,1.0,1.0,,1.0,-1,,-1,,1.0,,0.5,1.0,-467.00241001764726,1.3559905616602457,-467.1663664964098,-467.20982763823775,-469.43921654235913,-463.9047078417388,
1779680702,eval__HalfCheetah-v4__ppo_cont__a2p40__mass_damping_0p5__seed22__pid805768,ppo_cont,HalfCheetah-v4,22,30,1,a2p40,mass_damping_0p5,/home/users/am1015/rl_runs_halfcheetah_confirm_30seed_extra_caps_20260523/HalfCheetah-v4__ppo_alpha_a2p40__22__1779633575/ppo_alpha_a2p40.cleanrl_model,/home/users/am1015/rl_runs_halfcheetah_confirm_30seed_extra_caps_20260523/HalfCheetah-v4__ppo_alpha_a2p40__22__1779633575/ppo_alpha_a2p40.cleanrl_model.norm_stats.npz,1,1,1,0.0,0.0,0.0,0.0,1.0,0.5,,1.0,-1,,-1,,0.5,,1.0,1.0,766.9653831380335,624.5701890736708,1058.773908855611,1056.9205770380022,-354.1458262097885,1466.5125700633716,
1779680697,eval__HalfCheetah-v4__ppo_cont__a2p40__actuator_gain_0p5__seed23__pid3696989,ppo_cont,HalfCheetah-v4,23,30,1,a2p40,actuator_gain_0p5,/home/users/am1015/rl_runs_halfcheetah_confirm_30seed_extra_caps_20260523/HalfCheetah-v4__ppo_alpha_a2p40__23__1779634235/ppo_alpha_a2p40.cleanrl_model,/home/users/am1015/rl_runs_halfcheetah_confirm_30seed_extra_caps_20260523/HalfCheetah-v4__ppo_alpha_a2p40__23__1779634235/ppo_alpha_a2p40.cleanrl_model.norm_stats.npz,1,1,1,0.0,0.0,0.0,0.0,1.0,1.0,,1.0,-1,,-1,,1.0,,0.5,1.0,-355.3095481658368,36.43802357716999,-350.7042020708674,-349.93388586822255,-420.7764705093615,-306.5848511102219,
1779680697,eval__HalfCheetah-v4__ppo_cont__a2p40__mass_damping_0p5__seed23__pid3697015,ppo_cont,HalfCheetah-v4,23,30,1,a2p40,mass_damping_0p5,/home/users/am1015/rl_runs_halfcheetah_confirm_30seed_extra_caps_20260523/HalfCheetah-v4__ppo_alpha_a2p40__23__1779634235/ppo_alpha_a2p40.cleanrl_model,/home/users/am1015/rl_runs_halfcheetah_confirm_30seed_extra_caps_20260523/HalfCheetah-v4__ppo_alpha_a2p40__23__1779634235/ppo_alpha_a2p40.cleanrl_model.norm_stats.npz,1,1,1,0.0,0.0,0.0,0.0,1.0,0.5,,1.0,-1,,-1,,0.5,,1.0,1.0,1139.552325754679,70.11551901196408,1141.0150093267252,1140.9378784810983,1003.7023480186224,1289.5983097883664,
1779680697,eval__HalfCheetah-v4__ppo_cont__a2p40__actuator_gain_0p5__seed24__pid3697024,ppo_cont,HalfCheetah-v4,24,30,1,a2p40,actuator_gain_0p5,/home/users/am1015/rl_runs_halfcheetah_confirm_30seed_extra_caps_20260523/HalfCheetah-v4__ppo_alpha_a2p40__24__1779634565/ppo_alpha_a2p40.cleanrl_model,/home/users/am1015/rl_runs_halfcheetah_confirm_30seed_extra_caps_20260523/HalfCheetah-v4__ppo_alpha_a2p40__24__1779634565/ppo_alpha_a2p40.cleanrl_model.norm_stats.npz,1,1,1,0.0,0.0,0.0,0.0,1.0,1.0,,1.0,-1,,-1,,1.0,,0.5,1.0,-255.92813632688168,2.1687230301403653,-256.0738238587569,-256.0393086061803,-259.9875042343152,-251.51386487406052,
1779680697,eval__HalfCheetah-v4__ppo_cont__a2p40__mass_damping_0p5__seed24__pid3697035,ppo_cont,HalfCheetah-v4,24,30,1,a2p40,mass_damping_0p5,/home/users/am1015/rl_runs_halfcheetah_confirm_30seed_extra_caps_20260523/HalfCheetah-v4__ppo_alpha_a2p40__24__1779634565/ppo_alpha_a2p40.cleanrl_model,/home/users/am1015/rl_runs_halfcheetah_confirm_30seed_extra_caps_20260523/HalfCheetah-v4__ppo_alpha_a2p40__24__1779634565/ppo_alpha_a2p40.cleanrl_model.norm_stats.npz,1,1,1,0.0,0.0,0.0,0.0,1.0,0.5,,1.0,-1,,-1,,0.5,,1.0,1.0,1374.4580174806724,113.6641710380144,1367.720998618943,1371.148892864965,1144.959869937938,1671.3270706274018,
1779680697,eval__HalfCheetah-v4__ppo_cont__a2p40__actuator_gain_0p5__seed25__pid420374,ppo_cont,HalfCheetah-v4,25,30,1,a2p40,actuator_gain_0p5,/home/users/am1015/rl_runs_halfcheetah_confirm_30seed_extra_caps_20260523/HalfCheetah-v4__ppo_alpha_a2p40__25__1779634775/ppo_alpha_a2p40.cleanrl_model,/home/users/am1015/rl_runs_halfcheetah_confirm_30seed_extra_caps_20260523/HalfCheetah-v4__ppo_alpha_a2p40__25__1779634775/ppo_alpha_a2p40.cleanrl_model.norm_stats.npz,1,1,1,0.0,0.0,0.0,0.0,1.0,1.0,,1.0,-1,,-1,,1.0,,0.5,1.0,-336.620940826966,6.315945481629001,-339.5524481095523,-337.97252513596885,-344.75662490994387,-323.90065140072056,
1779680698,eval__HalfCheetah-v4__ppo_cont__a2p40__mass_damping_0p5__seed25__pid420357,ppo_cont,HalfCheetah-v4,25,30,1,a2p40,mass_damping_0p5,/home/users/am1015/rl_runs_halfcheetah_confirm_30seed_extra_caps_20260523/HalfCheetah-v4__ppo_alpha_a2p40__25__1779634775/ppo_alpha_a2p40.cleanrl_model,/home/users/am1015/rl_runs_halfcheetah_confirm_30seed_extra_caps_20260523/HalfCheetah-v4__ppo_alpha_a2p40__25__1779634775/ppo_alpha_a2p40.cleanrl_model.norm_stats.npz,1,1,1,0.0,0.0,0.0,0.0,1.0,0.5,,1.0,-1,,-1,,0.5,,1.0,1.0,1174.468254928877,357.31004326307664,1269.056660521615,1259.6844296684287,-306.3126846676048,1468.9227465517351,
1779680697,eval__HalfCheetah-v4__ppo_cont__a2p40__actuator_gain_0p5__seed26__pid420325,ppo_cont,HalfCheetah-v4,26,30,1,a2p40,actuator_gain_0p5,/home/users/am1015/rl_runs_halfcheetah_confirm_30seed_extra_caps_20260523/HalfCheetah-v4__ppo_alpha_a2p40__26__1779634775/ppo_alpha_a2p40.cleanrl_model,/home/users/am1015/rl_runs_halfcheetah_confirm_30seed_extra_caps_20260523/HalfCheetah-v4__ppo_alpha_a2p40__26__1779634775/ppo_alpha_a2p40.cleanrl_model.norm_stats.npz,1,1,1,0.0,0.0,0.0,0.0,1.0,1.0,,1.0,-1,,-1,,1.0,,0.5,1.0,-379.0451473698378,3.719784463875936,-378.3287877824954,-378.7012699732135,-386.5840495740538,-372.3625883688858,
1779680698,eval__HalfCheetah-v4__ppo_cont__a2p40__mass_damping_0p5__seed26__pid420356,ppo_cont,HalfCheetah-v4,26,30,1,a2p40,mass_damping_0p5,/home/users/am1015/rl_runs_halfcheetah_confirm_30seed_extra_caps_20260523/HalfCheetah-v4__ppo_alpha_a2p40__26__1779634775/ppo_alpha_a2p40.cleanrl_model,/home/users/am1015/rl_runs_halfcheetah_confirm_30seed_extra_caps_20260523/HalfCheetah-v4__ppo_alpha_a2p40__26__1779634775/ppo_alpha_a2p40.cleanrl_model.norm_stats.npz,1,1,1,0.0,0.0,0.0,0.0,1.0,0.5,,1.0,-1,,-1,,0.5,,1.0,1.0,958.6547869770844,80.60684544328338,959.7916025824742,954.4995586388414,818.6254973605656,1174.836664350757,
1779680697,eval__HalfCheetah-v4__ppo_cont__a2p40__actuator_gain_0p5__seed27__pid4160614,ppo_cont,HalfCheetah-v4,27,30,1,a2p40,actuator_gain_0p5,/home/users/am1015/rl_runs_halfcheetah_confirm_30seed_extra_caps_20260523/HalfCheetah-v4__ppo_alpha_a2p40__27__1779634776/ppo_alpha_a2p40.cleanrl_model,/home/users/am1015/rl_runs_halfcheetah_confirm_30seed_extra_caps_20260523/HalfCheetah-v4__ppo_alpha_a2p40__27__1779634776/ppo_alpha_a2p40.cleanrl_model.norm_stats.npz,1,1,1,0.0,0.0,0.0,0.0,1.0,1.0,,1.0,-1,,-1,,1.0,,0.5,1.0,-355.9130582940183,8.456658507597467,-357.0852241564472,-356.7543841833584,-367.8334932717548,-340.4208120654734,
1779680697,eval__HalfCheetah-v4__ppo_cont__a2p40__mass_damping_0p5__seed27__pid4160629,ppo_cont,HalfCheetah-v4,27,30,1,a2p40,mass_damping_0p5,/home/users/am1015/rl_runs_halfcheetah_confirm_30seed_extra_caps_20260523/HalfCheetah-v4__ppo_alpha_a2p40__27__1779634776/ppo_alpha_a2p40.cleanrl_model,/home/users/am1015/rl_runs_halfcheetah_confirm_30seed_extra_caps_20260523/HalfCheetah-v4__ppo_alpha_a2p40__27__1779634776/ppo_alpha_a2p40.cleanrl_model.norm_stats.npz,1,1,1,0.0,0.0,0.0,0.0,1.0,0.5,,1.0,-1,,-1,,0.5,,1.0,1.0,757.4794822298936,307.2687551622288,837.8543979848685,827.061163729713,-340.3223197740243,1021.2666697694292,
1779680698,eval__HalfCheetah-v4__ppo_cont__a2p40__actuator_gain_0p5__seed28__pid4160659,ppo_cont,HalfCheetah-v4,28,30,1,a2p40,actuator_gain_0p5,/home/users/am1015/rl_runs_halfcheetah_confirm_30seed_extra_caps_20260523/HalfCheetah-v4__ppo_alpha_a2p40__28__1779635404/ppo_alpha_a2p40.cleanrl_model,/home/users/am1015/rl_runs_halfcheetah_confirm_30seed_extra_caps_20260523/HalfCheetah-v4__ppo_alpha_a2p40__28__1779635404/ppo_alpha_a2p40.cleanrl_model.norm_stats.npz,1,1,1,0.0,0.0,0.0,0.0,1.0,1.0,,1.0,-1,,-1,,1.0,,0.5,1.0,-350.2415986960109,33.9813291230006,-330.1487757020872,-334.5882737283277,-406.1737189022596,-322.9666618202192,
1779680697,eval__HalfCheetah-v4__ppo_cont__a2p40__mass_damping_0p5__seed28__pid4160654,ppo_cont,HalfCheetah-v4,28,30,1,a2p40,mass_damping_0p5,/home/users/am1015/rl_runs_halfcheetah_confirm_30seed_extra_caps_20260523/HalfCheetah-v4__ppo_alpha_a2p40__28__1779635404/ppo_alpha_a2p40.cleanrl_model,/home/users/am1015/rl_runs_halfcheetah_confirm_30seed_extra_caps_20260523/HalfCheetah-v4__ppo_alpha_a2p40__28__1779635404/ppo_alpha_a2p40.cleanrl_model.norm_stats.npz,1,1,1,0.0,0.0,0.0,0.0,1.0,0.5,,1.0,-1,,-1,,0.5,,1.0,1.0,1137.7727951027025,63.467591170346736,1142.9410964498463,1130.0470119273766,1045.9722972151897,1305.682227997158,
1779680697,eval__HalfCheetah-v4__ppo_cont__a2p40__actuator_gain_0p5__seed29__pid3977249,ppo_cont,HalfCheetah-v4,29,30,1,a2p40,actuator_gain_0p5,/home/users/am1015/rl_runs_halfcheetah_confirm_30seed_extra_caps_20260523/HalfCheetah-v4__ppo_alpha_a2p40__29__1779635645/ppo_alpha_a2p40.cleanrl_model,/home/users/am1015/rl_runs_halfcheetah_confirm_30seed_extra_caps_20260523/HalfCheetah-v4__ppo_alpha_a2p40__29__1779635645/ppo_alpha_a2p40.cleanrl_model.norm_stats.npz,1,1,1,0.0,0.0,0.0,0.0,1.0,1.0,,1.0,-1,,-1,,1.0,,0.5,1.0,-184.98519775616188,7.967267295978808,-187.31782584414705,-187.199777589263,-193.76768083281164,-163.70454596719134,
1779680697,eval__HalfCheetah-v4__ppo_cont__a2p40__mass_damping_0p5__seed29__pid3977290,ppo_cont,HalfCheetah-v4,29,30,1,a2p40,mass_damping_0p5,/home/users/am1015/rl_runs_halfcheetah_confirm_30seed_extra_caps_20260523/HalfCheetah-v4__ppo_alpha_a2p40__29__1779635645/ppo_alpha_a2p40.cleanrl_model,/home/users/am1015/rl_runs_halfcheetah_confirm_30seed_extra_caps_20260523/HalfCheetah-v4__ppo_alpha_a2p40__29__1779635645/ppo_alpha_a2p40.cleanrl_model.norm_stats.npz,1,1,1,0.0,0.0,0.0,0.0,1.0,0.5,,1.0,-1,,-1,,0.5,,1.0,1.0,804.5533723140004,197.40636115062583,750.3875417183224,756.5433791655154,557.4298746339598,1463.0460972025442,
1779680702,eval__HalfCheetah-v4__ppo_cont__a2p40__actuator_gain_0p5__seed2__pid3536353,ppo_cont,HalfCheetah-v4,2,30,1,a2p40,actuator_gain_0p5,/home/users/am1015/rl_runs_halfcheetah_confirm_30seed_extra_caps_20260523/HalfCheetah-v4__ppo_alpha_a2p40__2__1779614398/ppo_alpha_a2p40.cleanrl_model,/home/users/am1015/rl_runs_halfcheetah_confirm_30seed_extra_caps_20260523/HalfCheetah-v4__ppo_alpha_a2p40__2__1779614398/ppo_alpha_a2p40.cleanrl_model.norm_stats.npz,1,1,1,0.0,0.0,0.0,0.0,1.0,1.0,,1.0,-1,,-1,,1.0,,0.5,1.0,-341.2945433334843,0.9183288081651562,-341.3001887676855,-341.29546821759834,-343.1545018608154,-339.2969430451286,
1779680702,eval__HalfCheetah-v4__ppo_cont__a2p40__mass_damping_0p5__seed2__pid805798,ppo_cont,HalfCheetah-v4,2,30,1,a2p40,mass_damping_0p5,/home/users/am1015/rl_runs_halfcheetah_confirm_30seed_extra_caps_20260523/HalfCheetah-v4__ppo_alpha_a2p40__2__1779614398/ppo_alpha_a2p40.cleanrl_model,/home/users/am1015/rl_runs_halfcheetah_confirm_30seed_extra_caps_20260523/HalfCheetah-v4__ppo_alpha_a2p40__2__1779614398/ppo_alpha_a2p40.cleanrl_model.norm_stats.npz,1,1,1,0.0,0.0,0.0,0.0,1.0,0.5,,1.0,-1,,-1,,0.5,,1.0,1.0,400.1063414226888,229.44020394014947,401.1909820025363,407.1406887142636,-98.84389961795316,733.6621164904536,
1779680697,eval__HalfCheetah-v4__ppo_cont__a2p40__actuator_gain_0p5__seed30__pid3977282,ppo_cont,HalfCheetah-v4,30,30,1,a2p40,actuator_gain_0p5,/home/users/am1015/rl_runs_halfcheetah_confirm_30seed_extra_caps_20260523/HalfCheetah-v4__ppo_alpha_a2p40__30__1779636004/ppo_alpha_a2p40.cleanrl_model,/home/users/am1015/rl_runs_halfcheetah_confirm_30seed_extra_caps_20260523/HalfCheetah-v4__ppo_alpha_a2p40__30__1779636004/ppo_alpha_a2p40.cleanrl_model.norm_stats.npz,1,1,1,0.0,0.0,0.0,0.0,1.0,1.0,,1.0,-1,,-1,,1.0,,0.5,1.0,-250.53459483180416,3.3581365946605795,-249.58321868896329,-249.51684930709416,-258.9600515142173,-247.04064150681,
1779680697,eval__HalfCheetah-v4__ppo_cont__a2p40__mass_damping_0p5__seed30__pid3977274,ppo_cont,HalfCheetah-v4,30,30,1,a2p40,mass_damping_0p5,/home/users/am1015/rl_runs_halfcheetah_confirm_30seed_extra_caps_20260523/HalfCheetah-v4__ppo_alpha_a2p40__30__1779636004/ppo_alpha_a2p40.cleanrl_model,/home/users/am1015/rl_runs_halfcheetah_confirm_30seed_extra_caps_20260523/HalfCheetah-v4__ppo_alpha_a2p40__30__1779636004/ppo_alpha_a2p40.cleanrl_model.norm_stats.npz,1,1,1,0.0,0.0,0.0,0.0,1.0,0.5,,1.0,-1,,-1,,0.5,,1.0,1.0,1207.162140078204,128.70482296168967,1237.5147792665362,1225.8962881453265,877.7689697965666,1445.317459264499,
1779680698,eval__HalfCheetah-v4__ppo_cont__a2p40__actuator_gain_0p5__seed3__pid804221,ppo_cont,HalfCheetah-v4,3,30,1,a2p40,actuator_gain_0p5,/home/users/am1015/rl_runs_halfcheetah_confirm_30seed_extra_caps_20260523/HalfCheetah-v4__ppo_alpha_a2p40__3__1779614398/ppo_alpha_a2p40.cleanrl_model,/home/users/am1015/rl_runs_halfcheetah_confirm_30seed_extra_caps_20260523/HalfCheetah-v4__ppo_alpha_a2p40__3__1779614398/ppo_alpha_a2p40.cleanrl_model.norm_stats.npz,1,1,1,0.0,0.0,0.0,0.0,1.0,1.0,,1.0,-1,,-1,,1.0,,0.5,1.0,-300.241313411659,8.024540276449459,-303.42903544707053,-300.52968964936764,-311.2609559462713,-288.28712201622324,
1779680697,eval__HalfCheetah-v4__ppo_cont__a2p40__mass_damping_0p5__seed3__pid804227,ppo_cont,HalfCheetah-v4,3,30,1,a2p40,mass_damping_0p5,/home/users/am1015/rl_runs_halfcheetah_confirm_30seed_extra_caps_20260523/HalfCheetah-v4__ppo_alpha_a2p40__3__1779614398/ppo_alpha_a2p40.cleanrl_model,/home/users/am1015/rl_runs_halfcheetah_confirm_30seed_extra_caps_20260523/HalfCheetah-v4__ppo_alpha_a2p40__3__1779614398/ppo_alpha_a2p40.cleanrl_model.norm_stats.npz,1,1,1,0.0,0.0,0.0,0.0,1.0,0.5,,1.0,-1,,-1,,0.5,,1.0,1.0,757.2388322849745,402.3032085944983,686.0891656235899,681.6299430867518,74.80764378659912,1653.8642056733838,
1779680698,eval__HalfCheetah-v4__ppo_cont__a2p40__actuator_gain_0p5__seed4__pid804244,ppo_cont,HalfCheetah-v4,4,30,1,a2p40,actuator_gain_0p5,/home/users/am1015/rl_runs_halfcheetah_confirm_30seed_extra_caps_20260523/HalfCheetah-v4__ppo_alpha_a2p40__4__1779614398/ppo_alpha_a2p40.cleanrl_model,/home/users/am1015/rl_runs_halfcheetah_confirm_30seed_extra_caps_20260523/HalfCheetah-v4__ppo_alpha_a2p40__4__1779614398/ppo_alpha_a2p40.cleanrl_model.norm_stats.npz,1,1,1,0.0,0.0,0.0,0.0,1.0,1.0,,1.0,-1,,-1,,1.0,,0.5,1.0,1009.0228805304396,17.72783018599733,1012.5339279254804,1011.7285340539636,974.6877901624844,1036.2381647331638,
1779680698,eval__HalfCheetah-v4__ppo_cont__a2p40__mass_damping_0p5__seed4__pid804194,ppo_cont,HalfCheetah-v4,4,30,1,a2p40,mass_damping_0p5,/home/users/am1015/rl_runs_halfcheetah_confirm_30seed_extra_caps_20260523/HalfCheetah-v4__ppo_alpha_a2p40__4__1779614398/ppo_alpha_a2p40.cleanrl_model,/home/users/am1015/rl_runs_halfcheetah_confirm_30seed_extra_caps_20260523/HalfCheetah-v4__ppo_alpha_a2p40__4__1779614398/ppo_alpha_a2p40.cleanrl_model.norm_stats.npz,1,1,1,0.0,0.0,0.0,0.0,1.0,0.5,,1.0,-1,,-1,,0.5,,1.0,1.0,391.1298792113704,278.18407020222054,451.5077687456612,431.2515098150992,-312.03296700946083,887.4300365247491,
1779680696,eval__HalfCheetah-v4__ppo_cont__a2p40__actuator_gain_0p5__seed5__pid772171,ppo_cont,HalfCheetah-v4,5,30,1,a2p40,actuator_gain_0p5,/home/users/am1015/rl_runs_halfcheetah_confirm_30seed_extra_caps_20260523/HalfCheetah-v4__ppo_alpha_a2p40__5__1779614404/ppo_alpha_a2p40.cleanrl_model,/home/users/am1015/rl_runs_halfcheetah_confirm_30seed_extra_caps_20260523/HalfCheetah-v4__ppo_alpha_a2p40__5__1779614404/ppo_alpha_a2p40.cleanrl_model.norm_stats.npz,1,1,1,0.0,0.0,0.0,0.0,1.0,1.0,,1.0,-1,,-1,,1.0,,0.5,1.0,-435.3968471992924,4.148675026670599,-435.4841226549579,-435.46540776052217,-442.6129455722601,-427.621864551972,
1779680729,eval__HalfCheetah-v4__ppo_cont__a2p40__mass_damping_0p5__seed5__pid2460630,ppo_cont,HalfCheetah-v4,5,30,1,a2p40,mass_damping_0p5,/home/users/am1015/rl_runs_halfcheetah_confirm_30seed_extra_caps_20260523/HalfCheetah-v4__ppo_alpha_a2p40__5__1779614404/ppo_alpha_a2p40.cleanrl_model,/home/users/am1015/rl_runs_halfcheetah_confirm_30seed_extra_caps_20260523/HalfCheetah-v4__ppo_alpha_a2p40__5__1779614404/ppo_alpha_a2p40.cleanrl_model.norm_stats.npz,1,1,1,0.0,0.0,0.0,0.0,1.0,0.5,,1.0,-1,,-1,,0.5,,1.0,1.0,1027.935747639844,115.13256266810752,1041.9701097154475,1034.8997927830471,706.7402688637482,1208.407892911532,
1779680728,eval__HalfCheetah-v4__ppo_cont__a2p40__actuator_gain_0p5__seed6__pid1158579,ppo_cont,HalfCheetah-v4,6,30,1,a2p40,actuator_gain_0p5,/home/users/am1015/rl_runs_halfcheetah_confirm_30seed_extra_caps_20260523/HalfCheetah-v4__ppo_alpha_a2p40__6__1779614405/ppo_alpha_a2p40.cleanrl_model,/home/users/am1015/rl_runs_halfcheetah_confirm_30seed_extra_caps_20260523/HalfCheetah-v4__ppo_alpha_a2p40__6__1779614405/ppo_alpha_a2p40.cleanrl_model.norm_stats.npz,1,1,1,0.0,0.0,0.0,0.0,1.0,1.0,,1.0,-1,,-1,,1.0,,0.5,1.0,958.836695228048,43.26971858536958,962.8358658008194,960.1272760400764,872.0245583846854,1041.6762203355258,
1779680731,eval__HalfCheetah-v4__ppo_cont__a2p40__mass_damping_0p5__seed6__pid1158594,ppo_cont,HalfCheetah-v4,6,30,1,a2p40,mass_damping_0p5,/home/users/am1015/rl_runs_halfcheetah_confirm_30seed_extra_caps_20260523/HalfCheetah-v4__ppo_alpha_a2p40__6__1779614405/ppo_alpha_a2p40.cleanrl_model,/home/users/am1015/rl_runs_halfcheetah_confirm_30seed_extra_caps_20260523/HalfCheetah-v4__ppo_alpha_a2p40__6__1779614405/ppo_alpha_a2p40.cleanrl_model.norm_stats.npz,1,1,1,0.0,0.0,0.0,0.0,1.0,0.5,,1.0,-1,,-1,,0.5,,1.0,1.0,1070.939914370044,80.1711075661573,1061.3959477568055,1066.1986335321055,928.2920259281308,1260.503827233568,
1779680729,eval__HalfCheetah-v4__ppo_cont__a2p40__actuator_gain_0p5__seed7__pid414562,ppo_cont,HalfCheetah-v4,7,30,1,a2p40,actuator_gain_0p5,/home/users/am1015/rl_runs_halfcheetah_confirm_30seed_extra_caps_20260523/HalfCheetah-v4__ppo_alpha_a2p40__7__1779614405/ppo_alpha_a2p40.cleanrl_model,/home/users/am1015/rl_runs_halfcheetah_confirm_30seed_extra_caps_20260523/HalfCheetah-v4__ppo_alpha_a2p40__7__1779614405/ppo_alpha_a2p40.cleanrl_model.norm_stats.npz,1,1,1,0.0,0.0,0.0,0.0,1.0,1.0,,1.0,-1,,-1,,1.0,,0.5,1.0,173.12567656687787,6.248036076473785,174.75069868605385,174.43606273065942,155.37266038225113,180.68984533703284,
1779680728,eval__HalfCheetah-v4__ppo_cont__a2p40__mass_damping_0p5__seed7__pid414563,ppo_cont,HalfCheetah-v4,7,30,1,a2p40,mass_damping_0p5,/home/users/am1015/rl_runs_halfcheetah_confirm_30seed_extra_caps_20260523/HalfCheetah-v4__ppo_alpha_a2p40__7__1779614405/ppo_alpha_a2p40.cleanrl_model,/home/users/am1015/rl_runs_halfcheetah_confirm_30seed_extra_caps_20260523/HalfCheetah-v4__ppo_alpha_a2p40__7__1779614405/ppo_alpha_a2p40.cleanrl_model.norm_stats.npz,1,1,1,0.0,0.0,0.0,0.0,1.0,0.5,,1.0,-1,,-1,,0.5,,1.0,1.0,118.299803817146,301.93901180080263,51.95616654739263,54.30767296090443,-283.99499715418824,878.3044452701092,
1779680728,eval__HalfCheetah-v4__ppo_cont__a2p40__actuator_gain_0p5__seed8__pid2476758,ppo_cont,HalfCheetah-v4,8,30,1,a2p40,actuator_gain_0p5,/home/users/am1015/rl_runs_halfcheetah_confirm_30seed_extra_caps_20260523/HalfCheetah-v4__ppo_alpha_a2p40__8__1779614404/ppo_alpha_a2p40.cleanrl_model,/home/users/am1015/rl_runs_halfcheetah_confirm_30seed_extra_caps_20260523/HalfCheetah-v4__ppo_alpha_a2p40__8__1779614404/ppo_alpha_a2p40.cleanrl_model.norm_stats.npz,1,1,1,0.0,0.0,0.0,0.0,1.0,1.0,,1.0,-1,,-1,,1.0,,0.5,1.0,-266.7315549297781,1.232009316668376,-266.4953342463688,-266.5483729557575,-269.92678596988907,-264.70998973442335,
1779680728,eval__HalfCheetah-v4__ppo_cont__a2p40__mass_damping_0p5__seed8__pid2476742,ppo_cont,HalfCheetah-v4,8,30,1,a2p40,mass_damping_0p5,/home/users/am1015/rl_runs_halfcheetah_confirm_30seed_extra_caps_20260523/HalfCheetah-v4__ppo_alpha_a2p40__8__1779614404/ppo_alpha_a2p40.cleanrl_model,/home/users/am1015/rl_runs_halfcheetah_confirm_30seed_extra_caps_20260523/HalfCheetah-v4__ppo_alpha_a2p40__8__1779614404/ppo_alpha_a2p40.cleanrl_model.norm_stats.npz,1,1,1,0.0,0.0,0.0,0.0,1.0,0.5,,1.0,-1,,-1,,0.5,,1.0,1.0,848.3711959269274,431.485388457627,977.466371785264,981.4765724645551,-414.4000705127686,1131.5763154475178,
1779680725,eval__HalfCheetah-v4__ppo_cont__a2p40__actuator_gain_0p5__seed9__pid992309,ppo_cont,HalfCheetah-v4,9,30,1,a2p40,actuator_gain_0p5,/home/users/am1015/rl_runs_halfcheetah_confirm_30seed_extra_caps_20260523/HalfCheetah-v4__ppo_alpha_a2p40__9__1779614428/ppo_alpha_a2p40.cleanrl_model,/home/users/am1015/rl_runs_halfcheetah_confirm_30seed_extra_caps_20260523/HalfCheetah-v4__ppo_alpha_a2p40__9__1779614428/ppo_alpha_a2p40.cleanrl_model.norm_stats.npz,1,1,1,0.0,0.0,0.0,0.0,1.0,1.0,,1.0,-1,,-1,,1.0,,0.5,1.0,-253.5386078840453,1.629968607294032,-253.44200314317263,-253.433519929426,-258.137431692474,-249.83526681898945,
1779680725,eval__HalfCheetah-v4__ppo_cont__a2p40__mass_damping_0p5__seed9__pid3814725,ppo_cont,HalfCheetah-v4,9,30,1,a2p40,mass_damping_0p5,/home/users/am1015/rl_runs_halfcheetah_confirm_30seed_extra_caps_20260523/HalfCheetah-v4__ppo_alpha_a2p40__9__1779614428/ppo_alpha_a2p40.cleanrl_model,/home/users/am1015/rl_runs_halfcheetah_confirm_30seed_extra_caps_20260523/HalfCheetah-v4__ppo_alpha_a2p40__9__1779614428/ppo_alpha_a2p40.cleanrl_model.norm_stats.npz,1,1,1,0.0,0.0,0.0,0.0,1.0,0.5,,1.0,-1,,-1,,0.5,,1.0,1.0,1395.5556245352434,429.6436690083676,1462.4561262140603,1468.5422357600037,-797.1931290287648,1727.3717757039574,
1779680725,eval__HalfCheetah-v4__ppo_cont__a2p80__actuator_gain_0p5__seed10__pid3814710,ppo_cont,HalfCheetah-v4,10,30,1,a2p80,actuator_gain_0p5,/home/users/am1015/rl_runs_halfcheetah_confirm_30seed_extra_caps_20260523/HalfCheetah-v4__ppo_alpha_a2p80__10__1779639005/ppo_alpha_a2p80.cleanrl_model,/home/users/am1015/rl_runs_halfcheetah_confirm_30seed_extra_caps_20260523/HalfCheetah-v4__ppo_alpha_a2p80__10__1779639005/ppo_alpha_a2p80.cleanrl_model.norm_stats.npz,1,1,1,0.0,0.0,0.0,0.0,1.0,1.0,,1.0,-1,,-1,,1.0,,0.5,1.0,-199.11341081663244,11.546707945033528,-198.98478756712285,-200.3362226074981,-218.34917628757188,-176.22779627375706,
1779680725,eval__HalfCheetah-v4__ppo_cont__a2p80__mass_damping_0p5__seed10__pid731228,ppo_cont,HalfCheetah-v4,10,30,1,a2p80,mass_damping_0p5,/home/users/am1015/rl_runs_halfcheetah_confirm_30seed_extra_caps_20260523/HalfCheetah-v4__ppo_alpha_a2p80__10__1779639005/ppo_alpha_a2p80.cleanrl_model,/home/users/am1015/rl_runs_halfcheetah_confirm_30seed_extra_caps_20260523/HalfCheetah-v4__ppo_alpha_a2p80__10__1779639005/ppo_alpha_a2p80.cleanrl_model.norm_stats.npz,1,1,1,0.0,0.0,0.0,0.0,1.0,0.5,,1.0,-1,,-1,,0.5,,1.0,1.0,905.536248758221,413.8001152045221,903.3512216358068,919.056872903332,-51.18239674867708,1933.2882168186395,
1779680725,eval__HalfCheetah-v4__ppo_cont__a2p80__actuator_gain_0p5__seed11__pid731243,ppo_cont,HalfCheetah-v4,11,30,1,a2p80,actuator_gain_0p5,/home/users/am1015/rl_runs_halfcheetah_confirm_30seed_extra_caps_20260523/HalfCheetah-v4__ppo_alpha_a2p80__11__1779639005/ppo_alpha_a2p80.cleanrl_model,/home/users/am1015/rl_runs_halfcheetah_confirm_30seed_extra_caps_20260523/HalfCheetah-v4__ppo_alpha_a2p80__11__1779639005/ppo_alpha_a2p80.cleanrl_model.norm_stats.npz,1,1,1,0.0,0.0,0.0,0.0,1.0,1.0,,1.0,-1,,-1,,1.0,,0.5,1.0,-299.16282873839583,4.229692020208921,-299.2313222075924,-299.28691694021074,-305.9429833975344,-290.82829794032256,
1779680725,eval__HalfCheetah-v4__ppo_cont__a2p80__mass_damping_0p5__seed11__pid2496000,ppo_cont,HalfCheetah-v4,11,30,1,a2p80,mass_damping_0p5,/home/users/am1015/rl_runs_halfcheetah_confirm_30seed_extra_caps_20260523/HalfCheetah-v4__ppo_alpha_a2p80__11__1779639005/ppo_alpha_a2p80.cleanrl_model,/home/users/am1015/rl_runs_halfcheetah_confirm_30seed_extra_caps_20260523/HalfCheetah-v4__ppo_alpha_a2p80__11__1779639005/ppo_alpha_a2p80.cleanrl_model.norm_stats.npz,1,1,1,0.0,0.0,0.0,0.0,1.0,0.5,,1.0,-1,,-1,,0.5,,1.0,1.0,640.5252150826616,525.4181358387177,593.0467816245559,571.510767736378,-420.9662345141695,1891.0083251588376,
1779680726,eval__HalfCheetah-v4__ppo_cont__a2p80__actuator_gain_0p5__seed12__pid1980759,ppo_cont,HalfCheetah-v4,12,30,1,a2p80,actuator_gain_0p5,/home/users/am1015/rl_runs_halfcheetah_confirm_30seed_extra_caps_20260523/HalfCheetah-v4__ppo_alpha_a2p80__12__1779639035/ppo_alpha_a2p80.cleanrl_model,/home/users/am1015/rl_runs_halfcheetah_confirm_30seed_extra_caps_20260523/HalfCheetah-v4__ppo_alpha_a2p80__12__1779639035/ppo_alpha_a2p80.cleanrl_model.norm_stats.npz,1,1,1,0.0,0.0,0.0,0.0,1.0,1.0,,1.0,-1,,-1,,1.0,,0.5,1.0,-279.61172117110897,2.495518538755868,-279.73658719867353,-279.66769235838507,-284.898235827695,-274.738046848082,
1779680726,eval__HalfCheetah-v4__ppo_cont__a2p80__mass_damping_0p5__seed12__pid1980744,ppo_cont,HalfCheetah-v4,12,30,1,a2p80,mass_damping_0p5,/home/users/am1015/rl_runs_halfcheetah_confirm_30seed_extra_caps_20260523/HalfCheetah-v4__ppo_alpha_a2p80__12__1779639035/ppo_alpha_a2p80.cleanrl_model,/home/users/am1015/rl_runs_halfcheetah_confirm_30seed_extra_caps_20260523/HalfCheetah-v4__ppo_alpha_a2p80__12__1779639035/ppo_alpha_a2p80.cleanrl_model.norm_stats.npz,1,1,1,0.0,0.0,0.0,0.0,1.0,0.5,,1.0,-1,,-1,,0.5,,1.0,1.0,823.2425525688171,367.8537754898138,924.3236547341636,906.0727598943836,-114.16898923561462,1407.9469565684303,
1779680726,eval__HalfCheetah-v4__ppo_cont__a2p80__actuator_gain_0p5__seed13__pid1154146,ppo_cont,HalfCheetah-v4,13,30,1,a2p80,actuator_gain_0p5,/home/users/am1015/rl_runs_halfcheetah_confirm_30seed_extra_caps_20260523/HalfCheetah-v4__ppo_alpha_a2p80__13__1779639036/ppo_alpha_a2p80.cleanrl_model,/home/users/am1015/rl_runs_halfcheetah_confirm_30seed_extra_caps_20260523/HalfCheetah-v4__ppo_alpha_a2p80__13__1779639036/ppo_alpha_a2p80.cleanrl_model.norm_stats.npz,1,1,1,0.0,0.0,0.0,0.0,1.0,1.0,,1.0,-1,,-1,,1.0,,0.5,1.0,-201.71804521071823,0.6623083309464939,-201.7773606419862,-201.80597139319727,-202.7533383442595,-200.23406256441095,
1779680726,eval__HalfCheetah-v4__ppo_cont__a2p80__mass_damping_0p5__seed13__pid1154144,ppo_cont,HalfCheetah-v4,13,30,1,a2p80,mass_damping_0p5,/home/users/am1015/rl_runs_halfcheetah_confirm_30seed_extra_caps_20260523/HalfCheetah-v4__ppo_alpha_a2p80__13__1779639036/ppo_alpha_a2p80.cleanrl_model,/home/users/am1015/rl_runs_halfcheetah_confirm_30seed_extra_caps_20260523/HalfCheetah-v4__ppo_alpha_a2p80__13__1779639036/ppo_alpha_a2p80.cleanrl_model.norm_stats.npz,1,1,1,0.0,0.0,0.0,0.0,1.0,0.5,,1.0,-1,,-1,,0.5,,1.0,1.0,950.537996475004,491.9427985364862,1102.533146503376,1112.2834217926036,-339.01564361236154,1348.292134405427,
1779680725,eval__HalfCheetah-v4__ppo_cont__a2p80__actuator_gain_0p5__seed14__pid1307359,ppo_cont,HalfCheetah-v4,14,30,1,a2p80,actuator_gain_0p5,/home/users/am1015/rl_runs_halfcheetah_confirm_30seed_extra_caps_20260523/HalfCheetah-v4__ppo_alpha_a2p80__14__1779639065/ppo_alpha_a2p80.cleanrl_model,/home/users/am1015/rl_runs_halfcheetah_confirm_30seed_extra_caps_20260523/HalfCheetah-v4__ppo_alpha_a2p80__14__1779639065/ppo_alpha_a2p80.cleanrl_model.norm_stats.npz,1,1,1,0.0,0.0,0.0,0.0,1.0,1.0,,1.0,-1,,-1,,1.0,,0.5,1.0,-365.0862444087031,1.2039456566979312,-364.94201875297085,-364.96544338375,-367.5575664327128,-363.3236394481569,
1779680725,eval__HalfCheetah-v4__ppo_cont__a2p80__mass_damping_0p5__seed14__pid1307344,ppo_cont,HalfCheetah-v4,14,30,1,a2p80,mass_damping_0p5,/home/users/am1015/rl_runs_halfcheetah_confirm_30seed_extra_caps_20260523/HalfCheetah-v4__ppo_alpha_a2p80__14__1779639065/ppo_alpha_a2p80.cleanrl_model,/home/users/am1015/rl_runs_halfcheetah_confirm_30seed_extra_caps_20260523/HalfCheetah-v4__ppo_alpha_a2p80__14__1779639065/ppo_alpha_a2p80.cleanrl_model.norm_stats.npz,1,1,1,0.0,0.0,0.0,0.0,1.0,0.5,,1.0,-1,,-1,,0.5,,1.0,1.0,1037.9516652944376,74.98679412742385,1030.699909665315,1037.326692579906,856.0914125874813,1204.8151913038769,
1779680729,eval__HalfCheetah-v4__ppo_cont__a2p80__actuator_gain_0p5__seed15__pid3536534,ppo_cont,HalfCheetah-v4,15,30,1,a2p80,actuator_gain_0p5,/home/users/am1015/rl_runs_halfcheetah_confirm_30seed_extra_caps_20260523/HalfCheetah-v4__ppo_alpha_a2p80__15__1779639097/ppo_alpha_a2p80.cleanrl_model,/home/users/am1015/rl_runs_halfcheetah_confirm_30seed_extra_caps_20260523/HalfCheetah-v4__ppo_alpha_a2p80__15__1779639097/ppo_alpha_a2p80.cleanrl_model.norm_stats.npz,1,1,1,0.0,0.0,0.0,0.0,1.0,1.0,,1.0,-1,,-1,,1.0,,0.5,1.0,-339.6967091032932,4.71192379173929,-341.04576038509765,-340.98193063829046,-345.23736202907065,-325.536631138564,
1779680725,eval__HalfCheetah-v4__ppo_cont__a2p80__mass_damping_0p5__seed15__pid3697279,ppo_cont,HalfCheetah-v4,15,30,1,a2p80,mass_damping_0p5,/home/users/am1015/rl_runs_halfcheetah_confirm_30seed_extra_caps_20260523/HalfCheetah-v4__ppo_alpha_a2p80__15__1779639097/ppo_alpha_a2p80.cleanrl_model,/home/users/am1015/rl_runs_halfcheetah_confirm_30seed_extra_caps_20260523/HalfCheetah-v4__ppo_alpha_a2p80__15__1779639097/ppo_alpha_a2p80.cleanrl_model.norm_stats.npz,1,1,1,0.0,0.0,0.0,0.0,1.0,0.5,,1.0,-1,,-1,,0.5,,1.0,1.0,461.443060266339,618.5562284697024,242.4253729051897,298.75567822226554,-556.0045762239724,2260.294812962816,
1779680725,eval__HalfCheetah-v4__ppo_cont__a2p80__actuator_gain_0p5__seed16__pid3697309,ppo_cont,HalfCheetah-v4,16,30,1,a2p80,actuator_gain_0p5,/home/users/am1015/rl_runs_halfcheetah_confirm_30seed_extra_caps_20260523/HalfCheetah-v4__ppo_alpha_a2p80__16__1779639126/ppo_alpha_a2p80.cleanrl_model,/home/users/am1015/rl_runs_halfcheetah_confirm_30seed_extra_caps_20260523/HalfCheetah-v4__ppo_alpha_a2p80__16__1779639126/ppo_alpha_a2p80.cleanrl_model.norm_stats.npz,1,1,1,0.0,0.0,0.0,0.0,1.0,1.0,,1.0,-1,,-1,,1.0,,0.5,1.0,-308.5867089732297,32.309044000226535,-288.81154332063664,-293.32588026271486,-360.4968031106383,-283.24799579178097,
1779680724,eval__HalfCheetah-v4__ppo_cont__a2p80__mass_damping_0p5__seed16__pid3697324,ppo_cont,HalfCheetah-v4,16,30,1,a2p80,mass_damping_0p5,/home/users/am1015/rl_runs_halfcheetah_confirm_30seed_extra_caps_20260523/HalfCheetah-v4__ppo_alpha_a2p80__16__1779639126/ppo_alpha_a2p80.cleanrl_model,/home/users/am1015/rl_runs_halfcheetah_confirm_30seed_extra_caps_20260523/HalfCheetah-v4__ppo_alpha_a2p80__16__1779639126/ppo_alpha_a2p80.cleanrl_model.norm_stats.npz,1,1,1,0.0,0.0,0.0,0.0,1.0,0.5,,1.0,-1,,-1,,0.5,,1.0,1.0,945.0242501658192,223.74650370120136,942.9757332421984,952.8636075508524,603.9947320860342,1382.3578780344685,
1779680725,eval__HalfCheetah-v4__ppo_cont__a2p80__actuator_gain_0p5__seed17__pid3697310,ppo_cont,HalfCheetah-v4,17,30,1,a2p80,actuator_gain_0p5,/home/users/am1015/rl_runs_halfcheetah_confirm_30seed_extra_caps_20260523/HalfCheetah-v4__ppo_alpha_a2p80__17__1779639126/ppo_alpha_a2p80.cleanrl_model,/home/users/am1015/rl_runs_halfcheetah_confirm_30seed_extra_caps_20260523/HalfCheetah-v4__ppo_alpha_a2p80__17__1779639126/ppo_alpha_a2p80.cleanrl_model.norm_stats.npz,1,1,1,0.0,0.0,0.0,0.0,1.0,1.0,,1.0,-1,,-1,,1.0,,0.5,1.0,-395.18674228144135,3.963041666349532,-395.0306996381205,-395.3573273272741,-402.2585872793893,-386.0710965295025,
1779680726,eval__HalfCheetah-v4__ppo_cont__a2p80__mass_damping_0p5__seed17__pid420666,ppo_cont,HalfCheetah-v4,17,30,1,a2p80,mass_damping_0p5,/home/users/am1015/rl_runs_halfcheetah_confirm_30seed_extra_caps_20260523/HalfCheetah-v4__ppo_alpha_a2p80__17__1779639126/ppo_alpha_a2p80.cleanrl_model,/home/users/am1015/rl_runs_halfcheetah_confirm_30seed_extra_caps_20260523/HalfCheetah-v4__ppo_alpha_a2p80__17__1779639126/ppo_alpha_a2p80.cleanrl_model.norm_stats.npz,1,1,1,0.0,0.0,0.0,0.0,1.0,0.5,,1.0,-1,,-1,,0.5,,1.0,1.0,1075.8751257938754,46.14709010215132,1066.5971885634826,1066.4671482384535,1005.5191892630417,1194.985977427748,
1779680726,eval__HalfCheetah-v4__ppo_cont__a2p80__actuator_gain_0p5__seed18__pid420677,ppo_cont,HalfCheetah-v4,18,30,1,a2p80,actuator_gain_0p5,/home/users/am1015/rl_runs_halfcheetah_confirm_30seed_extra_caps_20260523/HalfCheetah-v4__ppo_alpha_a2p80__18__1779639156/ppo_alpha_a2p80.cleanrl_model,/home/users/am1015/rl_runs_halfcheetah_confirm_30seed_extra_caps_20260523/HalfCheetah-v4__ppo_alpha_a2p80__18__1779639156/ppo_alpha_a2p80.cleanrl_model.norm_stats.npz,1,1,1,0.0,0.0,0.0,0.0,1.0,1.0,,1.0,-1,,-1,,1.0,,0.5,1.0,-386.80413477170185,4.072833114325752,-387.1826931943594,-386.8604627475456,-392.6029513380956,-380.19467028093663,
1779680725,eval__HalfCheetah-v4__ppo_cont__a2p80__mass_damping_0p5__seed18__pid420632,ppo_cont,HalfCheetah-v4,18,30,1,a2p80,mass_damping_0p5,/home/users/am1015/rl_runs_halfcheetah_confirm_30seed_extra_caps_20260523/HalfCheetah-v4__ppo_alpha_a2p80__18__1779639156/ppo_alpha_a2p80.cleanrl_model,/home/users/am1015/rl_runs_halfcheetah_confirm_30seed_extra_caps_20260523/HalfCheetah-v4__ppo_alpha_a2p80__18__1779639156/ppo_alpha_a2p80.cleanrl_model.norm_stats.npz,1,1,1,0.0,0.0,0.0,0.0,1.0,0.5,,1.0,-1,,-1,,0.5,,1.0,1.0,1008.1000747777246,508.5662436205984,1213.7266354540632,1206.0261489603945,-291.62914146408326,1446.3373494903908,
1779680726,eval__HalfCheetah-v4__ppo_cont__a2p80__actuator_gain_0p5__seed19__pid420651,ppo_cont,HalfCheetah-v4,19,30,1,a2p80,actuator_gain_0p5,/home/users/am1015/rl_runs_halfcheetah_confirm_30seed_extra_caps_20260523/HalfCheetah-v4__ppo_alpha_a2p80__19__1779639157/ppo_alpha_a2p80.cleanrl_model,/home/users/am1015/rl_runs_halfcheetah_confirm_30seed_extra_caps_20260523/HalfCheetah-v4__ppo_alpha_a2p80__19__1779639157/ppo_alpha_a2p80.cleanrl_model.norm_stats.npz,1,1,1,0.0,0.0,0.0,0.0,1.0,1.0,,1.0,-1,,-1,,1.0,,0.5,1.0,240.61819969805805,22.37103040684226,235.65204468142184,237.0694349102773,202.6914933316859,278.4791234204303,
1779680725,eval__HalfCheetah-v4__ppo_cont__a2p80__mass_damping_0p5__seed19__pid4160948,ppo_cont,HalfCheetah-v4,19,30,1,a2p80,mass_damping_0p5,/home/users/am1015/rl_runs_halfcheetah_confirm_30seed_extra_caps_20260523/HalfCheetah-v4__ppo_alpha_a2p80__19__1779639157/ppo_alpha_a2p80.cleanrl_model,/home/users/am1015/rl_runs_halfcheetah_confirm_30seed_extra_caps_20260523/HalfCheetah-v4__ppo_alpha_a2p80__19__1779639157/ppo_alpha_a2p80.cleanrl_model.norm_stats.npz,1,1,1,0.0,0.0,0.0,0.0,1.0,0.5,,1.0,-1,,-1,,0.5,,1.0,1.0,1221.4034220648848,393.3087694779072,1361.2207340705904,1354.1406311427804,83.0187006834061,1680.098621307654,
1779680726,eval__HalfCheetah-v4__ppo_cont__a2p80__actuator_gain_0p5__seed1__pid1838677,ppo_cont,HalfCheetah-v4,1,30,1,a2p80,actuator_gain_0p5,/home/users/am1015/rl_runs_halfcheetah_confirm_30seed_extra_caps_20260523/HalfCheetah-v4__ppo_alpha_a2p80__1__1779636244/ppo_alpha_a2p80.cleanrl_model,/home/users/am1015/rl_runs_halfcheetah_confirm_30seed_extra_caps_20260523/HalfCheetah-v4__ppo_alpha_a2p80__1__1779636244/ppo_alpha_a2p80.cleanrl_model.norm_stats.npz,1,1,1,0.0,0.0,0.0,0.0,1.0,1.0,,1.0,-1,,-1,,1.0,,0.5,1.0,-342.904991682746,51.493715815312896,-354.24559858005983,-349.6288206212892,-421.88770556718873,-158.8432980496771,
1779680726,eval__HalfCheetah-v4__ppo_cont__a2p80__mass_damping_0p5__seed1__pid1838692,ppo_cont,HalfCheetah-v4,1,30,1,a2p80,mass_damping_0p5,/home/users/am1015/rl_runs_halfcheetah_confirm_30seed_extra_caps_20260523/HalfCheetah-v4__ppo_alpha_a2p80__1__1779636244/ppo_alpha_a2p80.cleanrl_model,/home/users/am1015/rl_runs_halfcheetah_confirm_30seed_extra_caps_20260523/HalfCheetah-v4__ppo_alpha_a2p80__1__1779636244/ppo_alpha_a2p80.cleanrl_model.norm_stats.npz,1,1,1,0.0,0.0,0.0,0.0,1.0,0.5,,1.0,-1,,-1,,0.5,,1.0,1.0,414.8851688107858,244.9797493468268,383.3932235851715,382.0257408114209,-51.28855589960372,1066.7118664985912,
1779680725,eval__HalfCheetah-v4__ppo_cont__a2p80__actuator_gain_0p5__seed20__pid4160928,ppo_cont,HalfCheetah-v4,20,30,1,a2p80,actuator_gain_0p5,/home/users/am1015/rl_runs_halfcheetah_confirm_30seed_extra_caps_20260523/HalfCheetah-v4__ppo_alpha_a2p80__20__1779639217/ppo_alpha_a2p80.cleanrl_model,/home/users/am1015/rl_runs_halfcheetah_confirm_30seed_extra_caps_20260523/HalfCheetah-v4__ppo_alpha_a2p80__20__1779639217/ppo_alpha_a2p80.cleanrl_model.norm_stats.npz,1,1,1,0.0,0.0,0.0,0.0,1.0,1.0,,1.0,-1,,-1,,1.0,,0.5,1.0,-269.255854213681,9.79177299030211,-269.5135673555244,-268.578113267944,-284.88402812765355,-255.634278640873,
1779680725,eval__HalfCheetah-v4__ppo_cont__a2p80__mass_damping_0p5__seed20__pid4160905,ppo_cont,HalfCheetah-v4,20,30,1,a2p80,mass_damping_0p5,/home/users/am1015/rl_runs_halfcheetah_confirm_30seed_extra_caps_20260523/HalfCheetah-v4__ppo_alpha_a2p80__20__1779639217/ppo_alpha_a2p80.cleanrl_model,/home/users/am1015/rl_runs_halfcheetah_confirm_30seed_extra_caps_20260523/HalfCheetah-v4__ppo_alpha_a2p80__20__1779639217/ppo_alpha_a2p80.cleanrl_model.norm_stats.npz,1,1,1,0.0,0.0,0.0,0.0,1.0,0.5,,1.0,-1,,-1,,0.5,,1.0,1.0,1354.1534874830263,84.8889077064107,1337.416165566057,1346.4218390933115,1176.935848469799,1556.1345691358945,
1779680725,eval__HalfCheetah-v4__ppo_cont__a2p80__actuator_gain_0p5__seed21__pid4160950,ppo_cont,HalfCheetah-v4,21,30,1,a2p80,actuator_gain_0p5,/home/users/am1015/rl_runs_halfcheetah_confirm_30seed_extra_caps_20260523/HalfCheetah-v4__ppo_alpha_a2p80__21__1779639216/ppo_alpha_a2p80.cleanrl_model,/home/users/am1015/rl_runs_halfcheetah_confirm_30seed_extra_caps_20260523/HalfCheetah-v4__ppo_alpha_a2p80__21__1779639216/ppo_alpha_a2p80.cleanrl_model.norm_stats.npz,1,1,1,0.0,0.0,0.0,0.0,1.0,1.0,,1.0,-1,,-1,,1.0,,0.5,1.0,-325.99397673663464,36.2398203456654,-315.81826895749066,-317.2354586217234,-404.2789578085782,-285.04566077010884,
1779680725,eval__HalfCheetah-v4__ppo_cont__a2p80__mass_damping_0p5__seed21__pid3977556,ppo_cont,HalfCheetah-v4,21,30,1,a2p80,mass_damping_0p5,/home/users/am1015/rl_runs_halfcheetah_confirm_30seed_extra_caps_20260523/HalfCheetah-v4__ppo_alpha_a2p80__21__1779639216/ppo_alpha_a2p80.cleanrl_model,/home/users/am1015/rl_runs_halfcheetah_confirm_30seed_extra_caps_20260523/HalfCheetah-v4__ppo_alpha_a2p80__21__1779639216/ppo_alpha_a2p80.cleanrl_model.norm_stats.npz,1,1,1,0.0,0.0,0.0,0.0,1.0,0.5,,1.0,-1,,-1,,0.5,,1.0,1.0,1044.9691057584944,250.48016246552865,1089.2149808081972,1088.264082319344,-184.44763829111267,1261.3535852754555,
1779680725,eval__HalfCheetah-v4__ppo_cont__a2p80__actuator_gain_0p5__seed22__pid3977555,ppo_cont,HalfCheetah-v4,22,30,1,a2p80,actuator_gain_0p5,/home/users/am1015/rl_runs_halfcheetah_confirm_30seed_extra_caps_20260523/HalfCheetah-v4__ppo_alpha_a2p80__22__1779639216/ppo_alpha_a2p80.cleanrl_model,/home/users/am1015/rl_runs_halfcheetah_confirm_30seed_extra_caps_20260523/HalfCheetah-v4__ppo_alpha_a2p80__22__1779639216/ppo_alpha_a2p80.cleanrl_model.norm_stats.npz,1,1,1,0.0,0.0,0.0,0.0,1.0,1.0,,1.0,-1,,-1,,1.0,,0.5,1.0,-359.7303331689492,0.8023346157290308,-359.8106566568814,-359.8079081355864,-361.0648582182969,-358.02771590218487,
1779680725,eval__HalfCheetah-v4__ppo_cont__a2p80__mass_damping_0p5__seed22__pid804544,ppo_cont,HalfCheetah-v4,22,30,1,a2p80,mass_damping_0p5,/home/users/am1015/rl_runs_halfcheetah_confirm_30seed_extra_caps_20260523/HalfCheetah-v4__ppo_alpha_a2p80__22__1779639216/ppo_alpha_a2p80.cleanrl_model,/home/users/am1015/rl_runs_halfcheetah_confirm_30seed_extra_caps_20260523/HalfCheetah-v4__ppo_alpha_a2p80__22__1779639216/ppo_alpha_a2p80.cleanrl_model.norm_stats.npz,1,1,1,0.0,0.0,0.0,0.0,1.0,0.5,,1.0,-1,,-1,,0.5,,1.0,1.0,1069.5733671175617,343.7893878147848,1166.098424095952,1157.7784683542227,-156.65248799754602,1322.470981610314,
1779680726,eval__HalfCheetah-v4__ppo_cont__a2p80__actuator_gain_0p5__seed23__pid804499,ppo_cont,HalfCheetah-v4,23,30,1,a2p80,actuator_gain_0p5,/home/users/am1015/rl_runs_halfcheetah_confirm_30seed_extra_caps_20260523/HalfCheetah-v4__ppo_alpha_a2p80__23__1779639216/ppo_alpha_a2p80.cleanrl_model,/home/users/am1015/rl_runs_halfcheetah_confirm_30seed_extra_caps_20260523/HalfCheetah-v4__ppo_alpha_a2p80__23__1779639216/ppo_alpha_a2p80.cleanrl_model.norm_stats.npz,1,1,1,0.0,0.0,0.0,0.0,1.0,1.0,,1.0,-1,,-1,,1.0,,0.5,1.0,-208.660042461764,2.616304686837766,-208.6237433253665,-208.76253118293317,-213.02029383450565,-203.5364507653404,
1779680725,eval__HalfCheetah-v4__ppo_cont__a2p80__mass_damping_0p5__seed23__pid804528,ppo_cont,HalfCheetah-v4,23,30,1,a2p80,mass_damping_0p5,/home/users/am1015/rl_runs_halfcheetah_confirm_30seed_extra_caps_20260523/HalfCheetah-v4__ppo_alpha_a2p80__23__1779639216/ppo_alpha_a2p80.cleanrl_model,/home/users/am1015/rl_runs_halfcheetah_confirm_30seed_extra_caps_20260523/HalfCheetah-v4__ppo_alpha_a2p80__23__1779639216/ppo_alpha_a2p80.cleanrl_model.norm_stats.npz,1,1,1,0.0,0.0,0.0,0.0,1.0,0.5,,1.0,-1,,-1,,0.5,,1.0,1.0,1058.0772905139704,79.96473400911398,1057.503346102802,1060.7448992566333,757.0621577644306,1184.467247241865,
1779680726,eval__HalfCheetah-v4__ppo_cont__a2p80__actuator_gain_0p5__seed24__pid804529,ppo_cont,HalfCheetah-v4,24,30,1,a2p80,actuator_gain_0p5,/home/users/am1015/rl_runs_halfcheetah_confirm_30seed_extra_caps_20260523/HalfCheetah-v4__ppo_alpha_a2p80__24__1779639216/ppo_alpha_a2p80.cleanrl_model,/home/users/am1015/rl_runs_halfcheetah_confirm_30seed_extra_caps_20260523/HalfCheetah-v4__ppo_alpha_a2p80__24__1779639216/ppo_alpha_a2p80.cleanrl_model.norm_stats.npz,1,1,1,0.0,0.0,0.0,0.0,1.0,1.0,,1.0,-1,,-1,,1.0,,0.5,1.0,-296.9765176962929,4.183485569061534,-297.3818981855529,-297.51754540759305,-304.71021297202145,-289.1311719017365,
1779680725,eval__HalfCheetah-v4__ppo_cont__a2p80__mass_damping_0p5__seed24__pid772258,ppo_cont,HalfCheetah-v4,24,30,1,a2p80,mass_damping_0p5,/home/users/am1015/rl_runs_halfcheetah_confirm_30seed_extra_caps_20260523/HalfCheetah-v4__ppo_alpha_a2p80__24__1779639216/ppo_alpha_a2p80.cleanrl_model,/home/users/am1015/rl_runs_halfcheetah_confirm_30seed_extra_caps_20260523/HalfCheetah-v4__ppo_alpha_a2p80__24__1779639216/ppo_alpha_a2p80.cleanrl_model.norm_stats.npz,1,1,1,0.0,0.0,0.0,0.0,1.0,0.5,,1.0,-1,,-1,,0.5,,1.0,1.0,1101.0136951121306,300.7064937782964,1147.3601700845577,1146.968086575799,-408.1008350293909,1363.7361111851503,
1779680731,eval__HalfCheetah-v4__ppo_cont__a2p80__actuator_gain_0p5__seed25__pid2476816,ppo_cont,HalfCheetah-v4,25,30,1,a2p80,actuator_gain_0p5,/home/users/am1015/rl_runs_halfcheetah_confirm_30seed_extra_caps_20260523/HalfCheetah-v4__ppo_alpha_a2p80__25__1779639276/ppo_alpha_a2p80.cleanrl_model,/home/users/am1015/rl_runs_halfcheetah_confirm_30seed_extra_caps_20260523/HalfCheetah-v4__ppo_alpha_a2p80__25__1779639276/ppo_alpha_a2p80.cleanrl_model.norm_stats.npz,1,1,1,0.0,0.0,0.0,0.0,1.0,1.0,,1.0,-1,,-1,,1.0,,0.5,1.0,-273.4922299880136,15.92689607505184,-277.13358001555935,-276.950364514838,-281.80659636738085,-193.16639714277653,
1779680734,eval__HalfCheetah-v4__ppo_cont__a2p80__mass_damping_0p5__seed25__pid3536674,ppo_cont,HalfCheetah-v4,25,30,1,a2p80,mass_damping_0p5,/home/users/am1015/rl_runs_halfcheetah_confirm_30seed_extra_caps_20260523/HalfCheetah-v4__ppo_alpha_a2p80__25__1779639276/ppo_alpha_a2p80.cleanrl_model,/home/users/am1015/rl_runs_halfcheetah_confirm_30seed_extra_caps_20260523/HalfCheetah-v4__ppo_alpha_a2p80__25__1779639276/ppo_alpha_a2p80.cleanrl_model.norm_stats.npz,1,1,1,0.0,0.0,0.0,0.0,1.0,0.5,,1.0,-1,,-1,,0.5,,1.0,1.0,415.6396405539012,146.32874056839503,434.3621076181266,432.72825315460966,-144.64882284022045,652.9518665746715,
1779680732,eval__HalfCheetah-v4__ppo_cont__a2p80__actuator_gain_0p5__seed26__pid3536644,ppo_cont,HalfCheetah-v4,26,30,1,a2p80,actuator_gain_0p5,/home/users/am1015/rl_runs_halfcheetah_confirm_30seed_extra_caps_20260523/HalfCheetah-v4__ppo_alpha_a2p80__26__1779639277/ppo_alpha_a2p80.cleanrl_model,/home/users/am1015/rl_runs_halfcheetah_confirm_30seed_extra_caps_20260523/HalfCheetah-v4__ppo_alpha_a2p80__26__1779639277/ppo_alpha_a2p80.cleanrl_model.norm_stats.npz,1,1,1,0.0,0.0,0.0,0.0,1.0,1.0,,1.0,-1,,-1,,1.0,,0.5,1.0,-332.5900304590983,0.9480069231749024,-332.4478244923777,-332.5669440847397,-335.10903673294155,-330.66633248120735,
1779680731,eval__HalfCheetah-v4__ppo_cont__a2p80__mass_damping_0p5__seed26__pid3536659,ppo_cont,HalfCheetah-v4,26,30,1,a2p80,mass_damping_0p5,/home/users/am1015/rl_runs_halfcheetah_confirm_30seed_extra_caps_20260523/HalfCheetah-v4__ppo_alpha_a2p80__26__1779639277/ppo_alpha_a2p80.cleanrl_model,/home/users/am1015/rl_runs_halfcheetah_confirm_30seed_extra_caps_20260523/HalfCheetah-v4__ppo_alpha_a2p80__26__1779639277/ppo_alpha_a2p80.cleanrl_model.norm_stats.npz,1,1,1,0.0,0.0,0.0,0.0,1.0,0.5,,1.0,-1,,-1,,0.5,,1.0,1.0,1169.5803000001315,66.29871465374903,1169.4082429597768,1165.861158833435,1011.721816391283,1287.952026345498,
1779680733,eval__HalfCheetah-v4__ppo_cont__a2p80__actuator_gain_0p5__seed27__pid805987,ppo_cont,HalfCheetah-v4,27,30,1,a2p80,actuator_gain_0p5,/home/users/am1015/rl_runs_halfcheetah_confirm_30seed_extra_caps_20260523/HalfCheetah-v4__ppo_alpha_a2p80__27__1779639304/ppo_alpha_a2p80.cleanrl_model,/home/users/am1015/rl_runs_halfcheetah_confirm_30seed_extra_caps_20260523/HalfCheetah-v4__ppo_alpha_a2p80__27__1779639304/ppo_alpha_a2p80.cleanrl_model.norm_stats.npz,1,1,1,0.0,0.0,0.0,0.0,1.0,1.0,,1.0,-1,,-1,,1.0,,0.5,1.0,-148.5681022986674,177.6179005166221,-27.77600470650161,-99.4088785884072,-389.70733083547606,39.70184156620879,
1779680735,eval__HalfCheetah-v4__ppo_cont__a2p80__mass_damping_0p5__seed27__pid805972,ppo_cont,HalfCheetah-v4,27,30,1,a2p80,mass_damping_0p5,/home/users/am1015/rl_runs_halfcheetah_confirm_30seed_extra_caps_20260523/HalfCheetah-v4__ppo_alpha_a2p80__27__1779639304/ppo_alpha_a2p80.cleanrl_model,/home/users/am1015/rl_runs_halfcheetah_confirm_30seed_extra_caps_20260523/HalfCheetah-v4__ppo_alpha_a2p80__27__1779639304/ppo_alpha_a2p80.cleanrl_model.norm_stats.npz,1,1,1,0.0,0.0,0.0,0.0,1.0,0.5,,1.0,-1,,-1,,0.5,,1.0,1.0,301.5636485542119,462.732094605774,203.6317771359444,221.4559673637989,-171.70147482321144,2224.988700565189,
1779680733,eval__HalfCheetah-v4__ppo_cont__a2p80__actuator_gain_0p5__seed28__pid806002,ppo_cont,HalfCheetah-v4,28,30,1,a2p80,actuator_gain_0p5,/home/users/am1015/rl_runs_halfcheetah_confirm_30seed_extra_caps_20260523/HalfCheetah-v4__ppo_alpha_a2p80__28__1779639336/ppo_alpha_a2p80.cleanrl_model,/home/users/am1015/rl_runs_halfcheetah_confirm_30seed_extra_caps_20260523/HalfCheetah-v4__ppo_alpha_a2p80__28__1779639336/ppo_alpha_a2p80.cleanrl_model.norm_stats.npz,1,1,1,0.0,0.0,0.0,0.0,1.0,1.0,,1.0,-1,,-1,,1.0,,0.5,1.0,539.1362700933172,23.135100264293012,533.9160514443254,534.8196939769483,500.3376399219391,601.3957425952806,
1779680761,eval__HalfCheetah-v4__ppo_cont__a2p80__mass_damping_0p5__seed28__pid2460708,ppo_cont,HalfCheetah-v4,28,30,1,a2p80,mass_damping_0p5,/home/users/am1015/rl_runs_halfcheetah_confirm_30seed_extra_caps_20260523/HalfCheetah-v4__ppo_alpha_a2p80__28__1779639336/ppo_alpha_a2p80.cleanrl_model,/home/users/am1015/rl_runs_halfcheetah_confirm_30seed_extra_caps_20260523/HalfCheetah-v4__ppo_alpha_a2p80__28__1779639336/ppo_alpha_a2p80.cleanrl_model.norm_stats.npz,1,1,1,0.0,0.0,0.0,0.0,1.0,0.5,,1.0,-1,,-1,,0.5,,1.0,1.0,869.0872528942006,238.36138935721624,892.403969824883,908.4737542192568,179.59429148773478,1141.1168110193769,
1779680761,eval__HalfCheetah-v4__ppo_cont__a2p80__actuator_gain_0p5__seed29__pid1158731,ppo_cont,HalfCheetah-v4,29,30,1,a2p80,actuator_gain_0p5,/home/users/am1015/rl_runs_halfcheetah_confirm_30seed_extra_caps_20260523/HalfCheetah-v4__ppo_alpha_a2p80__29__1779639456/ppo_alpha_a2p80.cleanrl_model,/home/users/am1015/rl_runs_halfcheetah_confirm_30seed_extra_caps_20260523/HalfCheetah-v4__ppo_alpha_a2p80__29__1779639456/ppo_alpha_a2p80.cleanrl_model.norm_stats.npz,1,1,1,0.0,0.0,0.0,0.0,1.0,1.0,,1.0,-1,,-1,,1.0,,0.5,1.0,992.7290961157216,41.48845383567147,992.7708563727384,992.8956826949196,910.8276694089718,1071.0070704537368,
1779680761,eval__HalfCheetah-v4__ppo_cont__a2p80__mass_damping_0p5__seed29__pid1158716,ppo_cont,HalfCheetah-v4,29,30,1,a2p80,mass_damping_0p5,/home/users/am1015/rl_runs_halfcheetah_confirm_30seed_extra_caps_20260523/HalfCheetah-v4__ppo_alpha_a2p80__29__1779639456/ppo_alpha_a2p80.cleanrl_model,/home/users/am1015/rl_runs_halfcheetah_confirm_30seed_extra_caps_20260523/HalfCheetah-v4__ppo_alpha_a2p80__29__1779639456/ppo_alpha_a2p80.cleanrl_model.norm_stats.npz,1,1,1,0.0,0.0,0.0,0.0,1.0,0.5,,1.0,-1,,-1,,0.5,,1.0,1.0,753.7922512294574,609.1936239495543,876.3058383306782,778.7184165099188,-355.67042401880184,2221.511538609333,
1779680725,eval__HalfCheetah-v4__ppo_cont__a2p80__actuator_gain_0p5__seed2__pid3977579,ppo_cont,HalfCheetah-v4,2,30,1,a2p80,actuator_gain_0p5,/home/users/am1015/rl_runs_halfcheetah_confirm_30seed_extra_caps_20260523/HalfCheetah-v4__ppo_alpha_a2p80__2__1779636576/ppo_alpha_a2p80.cleanrl_model,/home/users/am1015/rl_runs_halfcheetah_confirm_30seed_extra_caps_20260523/HalfCheetah-v4__ppo_alpha_a2p80__2__1779636576/ppo_alpha_a2p80.cleanrl_model.norm_stats.npz,1,1,1,0.0,0.0,0.0,0.0,1.0,1.0,,1.0,-1,,-1,,1.0,,0.5,1.0,-307.29973140531314,2.2663185033373607,-308.09736090858763,-307.8766108010988,-310.046373102911,-301.3035037079571,
1779680725,eval__HalfCheetah-v4__ppo_cont__a2p80__mass_damping_0p5__seed2__pid3977586,ppo_cont,HalfCheetah-v4,2,30,1,a2p80,mass_damping_0p5,/home/users/am1015/rl_runs_halfcheetah_confirm_30seed_extra_caps_20260523/HalfCheetah-v4__ppo_alpha_a2p80__2__1779636576/ppo_alpha_a2p80.cleanrl_model,/home/users/am1015/rl_runs_halfcheetah_confirm_30seed_extra_caps_20260523/HalfCheetah-v4__ppo_alpha_a2p80__2__1779636576/ppo_alpha_a2p80.cleanrl_model.norm_stats.npz,1,1,1,0.0,0.0,0.0,0.0,1.0,0.5,,1.0,-1,,-1,,0.5,,1.0,1.0,1175.4598715683264,281.7437777645048,1144.0012784761884,1151.9513044046864,181.2702041972776,1738.6039827205548,
1779680760,eval__HalfCheetah-v4__ppo_cont__a2p80__actuator_gain_0p5__seed30__pid414688,ppo_cont,HalfCheetah-v4,30,30,1,a2p80,actuator_gain_0p5,/home/users/am1015/rl_runs_halfcheetah_confirm_30seed_extra_caps_20260523/HalfCheetah-v4__ppo_alpha_a2p80__30__1779639577/ppo_alpha_a2p80.cleanrl_model,/home/users/am1015/rl_runs_halfcheetah_confirm_30seed_extra_caps_20260523/HalfCheetah-v4__ppo_alpha_a2p80__30__1779639577/ppo_alpha_a2p80.cleanrl_model.norm_stats.npz,1,1,1,0.0,0.0,0.0,0.0,1.0,1.0,,1.0,-1,,-1,,1.0,,0.5,1.0,-156.39381380260411,40.331965707983926,-179.5583189506455,-175.66607263865748,-188.17923644221716,-43.68460940385435,
1779680760,eval__HalfCheetah-v4__ppo_cont__a2p80__mass_damping_0p5__seed30__pid414704,ppo_cont,HalfCheetah-v4,30,30,1,a2p80,mass_damping_0p5,/home/users/am1015/rl_runs_halfcheetah_confirm_30seed_extra_caps_20260523/HalfCheetah-v4__ppo_alpha_a2p80__30__1779639577/ppo_alpha_a2p80.cleanrl_model,/home/users/am1015/rl_runs_halfcheetah_confirm_30seed_extra_caps_20260523/HalfCheetah-v4__ppo_alpha_a2p80__30__1779639577/ppo_alpha_a2p80.cleanrl_model.norm_stats.npz,1,1,1,0.0,0.0,0.0,0.0,1.0,0.5,,1.0,-1,,-1,,0.5,,1.0,1.0,2337.36710012952,1137.6169744449742,2491.8310224235347,2465.6955642193548,-300.19269581630743,3813.6023018710553,
1779680762,eval__HalfCheetah-v4__ppo_cont__a2p80__actuator_gain_0p5__seed3__pid2477013,ppo_cont,HalfCheetah-v4,3,30,1,a2p80,actuator_gain_0p5,/home/users/am1015/rl_runs_halfcheetah_confirm_30seed_extra_caps_20260523/HalfCheetah-v4__ppo_alpha_a2p80__3__1779636876/ppo_alpha_a2p80.cleanrl_model,/home/users/am1015/rl_runs_halfcheetah_confirm_30seed_extra_caps_20260523/HalfCheetah-v4__ppo_alpha_a2p80__3__1779636876/ppo_alpha_a2p80.cleanrl_model.norm_stats.npz,1,1,1,0.0,0.0,0.0,0.0,1.0,1.0,,1.0,-1,,-1,,1.0,,0.5,1.0,-247.55325425137693,8.924880118266454,-247.6882416236484,-247.41160752516024,-262.21224851398455,-232.0933266738984,
1779680761,eval__HalfCheetah-v4__ppo_cont__a2p80__mass_damping_0p5__seed3__pid2477014,ppo_cont,HalfCheetah-v4,3,30,1,a2p80,mass_damping_0p5,/home/users/am1015/rl_runs_halfcheetah_confirm_30seed_extra_caps_20260523/HalfCheetah-v4__ppo_alpha_a2p80__3__1779636876/ppo_alpha_a2p80.cleanrl_model,/home/users/am1015/rl_runs_halfcheetah_confirm_30seed_extra_caps_20260523/HalfCheetah-v4__ppo_alpha_a2p80__3__1779636876/ppo_alpha_a2p80.cleanrl_model.norm_stats.npz,1,1,1,0.0,0.0,0.0,0.0,1.0,0.5,,1.0,-1,,-1,,0.5,,1.0,1.0,1115.8837257650464,70.0396852171395,1124.199085627526,1121.2165041646012,946.8244852763644,1258.3187279026863,
1779680761,eval__HalfCheetah-v4__ppo_cont__a2p80__actuator_gain_0p5__seed4__pid2476983,ppo_cont,HalfCheetah-v4,4,30,1,a2p80,actuator_gain_0p5,/home/users/am1015/rl_runs_halfcheetah_confirm_30seed_extra_caps_20260523/HalfCheetah-v4__ppo_alpha_a2p80__4__1779638916/ppo_alpha_a2p80.cleanrl_model,/home/users/am1015/rl_runs_halfcheetah_confirm_30seed_extra_caps_20260523/HalfCheetah-v4__ppo_alpha_a2p80__4__1779638916/ppo_alpha_a2p80.cleanrl_model.norm_stats.npz,1,1,1,0.0,0.0,0.0,0.0,1.0,1.0,,1.0,-1,,-1,,1.0,,0.5,1.0,-271.148011777373,2.0618954849838445,-270.702922045911,-270.8314046440315,-275.5739268625395,-268.2924793825848,
1779680759,eval__HalfCheetah-v4__ppo_cont__a2p80__mass_damping_0p5__seed4__pid992402,ppo_cont,HalfCheetah-v4,4,30,1,a2p80,mass_damping_0p5,/home/users/am1015/rl_runs_halfcheetah_confirm_30seed_extra_caps_20260523/HalfCheetah-v4__ppo_alpha_a2p80__4__1779638916/ppo_alpha_a2p80.cleanrl_model,/home/users/am1015/rl_runs_halfcheetah_confirm_30seed_extra_caps_20260523/HalfCheetah-v4__ppo_alpha_a2p80__4__1779638916/ppo_alpha_a2p80.cleanrl_model.norm_stats.npz,1,1,1,0.0,0.0,0.0,0.0,1.0,0.5,,1.0,-1,,-1,,0.5,,1.0,1.0,1234.0425676353382,60.99183569739284,1259.2007884001073,1246.854259223126,1062.2903029212346,1321.378554571971,
1779680757,eval__HalfCheetah-v4__ppo_cont__a2p80__actuator_gain_0p5__seed5__pid3814878,ppo_cont,HalfCheetah-v4,5,30,1,a2p80,actuator_gain_0p5,/home/users/am1015/rl_runs_halfcheetah_confirm_30seed_extra_caps_20260523/HalfCheetah-v4__ppo_alpha_a2p80__5__1779638916/ppo_alpha_a2p80.cleanrl_model,/home/users/am1015/rl_runs_halfcheetah_confirm_30seed_extra_caps_20260523/HalfCheetah-v4__ppo_alpha_a2p80__5__1779638916/ppo_alpha_a2p80.cleanrl_model.norm_stats.npz,1,1,1,0.0,0.0,0.0,0.0,1.0,1.0,,1.0,-1,,-1,,1.0,,0.5,1.0,-316.42960692942,0.972986767553654,-316.4033573651936,-316.538029435584,-317.7805617145427,-314.1486853992493,
1779680757,eval__HalfCheetah-v4__ppo_cont__a2p80__mass_damping_0p5__seed5__pid3814879,ppo_cont,HalfCheetah-v4,5,30,1,a2p80,mass_damping_0p5,/home/users/am1015/rl_runs_halfcheetah_confirm_30seed_extra_caps_20260523/HalfCheetah-v4__ppo_alpha_a2p80__5__1779638916/ppo_alpha_a2p80.cleanrl_model,/home/users/am1015/rl_runs_halfcheetah_confirm_30seed_extra_caps_20260523/HalfCheetah-v4__ppo_alpha_a2p80__5__1779638916/ppo_alpha_a2p80.cleanrl_model.norm_stats.npz,1,1,1,0.0,0.0,0.0,0.0,1.0,0.5,,1.0,-1,,-1,,0.5,,1.0,1.0,960.1130006484564,453.8404887399065,1099.915911710165,1101.4255768505398,-369.4755522852149,1196.9375067251608,
1779680757,eval__HalfCheetah-v4__ppo_cont__a2p80__actuator_gain_0p5__seed6__pid731387,ppo_cont,HalfCheetah-v4,6,30,1,a2p80,actuator_gain_0p5,/home/users/am1015/rl_runs_halfcheetah_confirm_30seed_extra_caps_20260523/HalfCheetah-v4__ppo_alpha_a2p80__6__1779638917/ppo_alpha_a2p80.cleanrl_model,/home/users/am1015/rl_runs_halfcheetah_confirm_30seed_extra_caps_20260523/HalfCheetah-v4__ppo_alpha_a2p80__6__1779638917/ppo_alpha_a2p80.cleanrl_model.norm_stats.npz,1,1,1,0.0,0.0,0.0,0.0,1.0,1.0,,1.0,-1,,-1,,1.0,,0.5,1.0,1029.312605245179,13.489954238782945,1033.1521647806194,1031.3309408935515,1003.7289413144936,1049.699207308897,
1779680757,eval__HalfCheetah-v4__ppo_cont__a2p80__mass_damping_0p5__seed6__pid731373,ppo_cont,HalfCheetah-v4,6,30,1,a2p80,mass_damping_0p5,/home/users/am1015/rl_runs_halfcheetah_confirm_30seed_extra_caps_20260523/HalfCheetah-v4__ppo_alpha_a2p80__6__1779638917/ppo_alpha_a2p80.cleanrl_model,/home/users/am1015/rl_runs_halfcheetah_confirm_30seed_extra_caps_20260523/HalfCheetah-v4__ppo_alpha_a2p80__6__1779638917/ppo_alpha_a2p80.cleanrl_model.norm_stats.npz,1,1,1,0.0,0.0,0.0,0.0,1.0,0.5,,1.0,-1,,-1,,0.5,,1.0,1.0,800.4582151637971,266.82694877869665,842.0666550507085,837.0522206229533,-534.7970312572239,1039.9517977319144,
1779680758,eval__HalfCheetah-v4__ppo_cont__a2p80__actuator_gain_0p5__seed7__pid2496099,ppo_cont,HalfCheetah-v4,7,30,1,a2p80,actuator_gain_0p5,/home/users/am1015/rl_runs_halfcheetah_confirm_30seed_extra_caps_20260523/HalfCheetah-v4__ppo_alpha_a2p80__7__1779638976/ppo_alpha_a2p80.cleanrl_model,/home/users/am1015/rl_runs_halfcheetah_confirm_30seed_extra_caps_20260523/HalfCheetah-v4__ppo_alpha_a2p80__7__1779638976/ppo_alpha_a2p80.cleanrl_model.norm_stats.npz,1,1,1,0.0,0.0,0.0,0.0,1.0,1.0,,1.0,-1,,-1,,1.0,,0.5,1.0,-240.2638923116573,6.181488384202222,-240.6092419778912,-240.27075493196392,-251.6513755189941,-227.0914849613436,
1779680758,eval__HalfCheetah-v4__ppo_cont__a2p80__mass_damping_0p5__seed7__pid1838840,ppo_cont,HalfCheetah-v4,7,30,1,a2p80,mass_damping_0p5,/home/users/am1015/rl_runs_halfcheetah_confirm_30seed_extra_caps_20260523/HalfCheetah-v4__ppo_alpha_a2p80__7__1779638976/ppo_alpha_a2p80.cleanrl_model,/home/users/am1015/rl_runs_halfcheetah_confirm_30seed_extra_caps_20260523/HalfCheetah-v4__ppo_alpha_a2p80__7__1779638976/ppo_alpha_a2p80.cleanrl_model.norm_stats.npz,1,1,1,0.0,0.0,0.0,0.0,1.0,0.5,,1.0,-1,,-1,,0.5,,1.0,1.0,915.8945781602066,420.8895613156855,1049.1527612941995,1044.4025252090894,-424.5199650291685,1156.82356876564,
1779680758,eval__HalfCheetah-v4__ppo_cont__a2p80__actuator_gain_0p5__seed8__pid1838855,ppo_cont,HalfCheetah-v4,8,30,1,a2p80,actuator_gain_0p5,/home/users/am1015/rl_runs_halfcheetah_confirm_30seed_extra_caps_20260523/HalfCheetah-v4__ppo_alpha_a2p80__8__1779638976/ppo_alpha_a2p80.cleanrl_model,/home/users/am1015/rl_runs_halfcheetah_confirm_30seed_extra_caps_20260523/HalfCheetah-v4__ppo_alpha_a2p80__8__1779638976/ppo_alpha_a2p80.cleanrl_model.norm_stats.npz,1,1,1,0.0,0.0,0.0,0.0,1.0,1.0,,1.0,-1,,-1,,1.0,,0.5,1.0,-362.5040342315421,4.1415719285714365,-362.74091039468567,-362.7950625951762,-369.63748772689326,-351.19789654493644,
1779680757,eval__HalfCheetah-v4__ppo_cont__a2p80__mass_damping_0p5__seed8__pid1980912,ppo_cont,HalfCheetah-v4,8,30,1,a2p80,mass_damping_0p5,/home/users/am1015/rl_runs_halfcheetah_confirm_30seed_extra_caps_20260523/HalfCheetah-v4__ppo_alpha_a2p80__8__1779638976/ppo_alpha_a2p80.cleanrl_model,/home/users/am1015/rl_runs_halfcheetah_confirm_30seed_extra_caps_20260523/HalfCheetah-v4__ppo_alpha_a2p80__8__1779638976/ppo_alpha_a2p80.cleanrl_model.norm_stats.npz,1,1,1,0.0,0.0,0.0,0.0,1.0,0.5,,1.0,-1,,-1,,0.5,,1.0,1.0,1094.1980670138255,78.13149530164007,1091.5541624294085,1091.437060582745,965.4588617349774,1282.405219279927,
1779680757,eval__HalfCheetah-v4__ppo_cont__a2p80__actuator_gain_0p5__seed9__pid1980917,ppo_cont,HalfCheetah-v4,9,30,1,a2p80,actuator_gain_0p5,/home/users/am1015/rl_runs_halfcheetah_confirm_30seed_extra_caps_20260523/HalfCheetah-v4__ppo_alpha_a2p80__9__1779639005/ppo_alpha_a2p80.cleanrl_model,/home/users/am1015/rl_runs_halfcheetah_confirm_30seed_extra_caps_20260523/HalfCheetah-v4__ppo_alpha_a2p80__9__1779639005/ppo_alpha_a2p80.cleanrl_model.norm_stats.npz,1,1,1,0.0,0.0,0.0,0.0,1.0,1.0,,1.0,-1,,-1,,1.0,,0.5,1.0,-410.5370547182629,6.917263939543272,-409.26210182505054,-409.527125905071,-424.4657978340289,-401.3058539904528,
1779680758,eval__HalfCheetah-v4__ppo_cont__a2p80__mass_damping_0p5__seed9__pid1154268,ppo_cont,HalfCheetah-v4,9,30,1,a2p80,mass_damping_0p5,/home/users/am1015/rl_runs_halfcheetah_confirm_30seed_extra_caps_20260523/HalfCheetah-v4__ppo_alpha_a2p80__9__1779639005/ppo_alpha_a2p80.cleanrl_model,/home/users/am1015/rl_runs_halfcheetah_confirm_30seed_extra_caps_20260523/HalfCheetah-v4__ppo_alpha_a2p80__9__1779639005/ppo_alpha_a2p80.cleanrl_model.norm_stats.npz,1,1,1,0.0,0.0,0.0,0.0,1.0,0.5,,1.0,-1,,-1,,0.5,,1.0,1.0,1211.3589540174178,83.84069149724013,1211.809518713194,1217.2985901093969,1002.6299141812332,1329.713590849649,
