axis,model_label,nominal_mean_return,nominal_mean_return_ci95,avg_gain_mean_return,avg_gain_mean_return_ci95,positive_gain_scenarios,perturbed_scenarios
damping,vanilla,2830.422532158485,392.26051577262825,0.0,0.0,0,0
damping,a1e9,2740.6156083411915,355.99966245539315,161.51247117639033,264.4590362768276,8,10
damping,a3p05,2671.8676415857885,710.8004257268175,13.443108712116864,433.80131614425375,5,10
friction,vanilla,2801.2567206362014,463.5565203630611,0.0,0.0,0,0
friction,a1e9,2858.9342604045087,424.5748360427799,-42.872065385417926,364.4032167205406,2,10
friction,a3p05,2692.178293385858,705.664622245981,89.98535896719645,805.9522474198902,6,10
mass,vanilla,2932.2647875979783,680.8548584900539,0.0,0.0,0,0
mass,a1e9,2894.0544573795896,540.8063777740784,51.07692833926819,370.0641742512249,6,10
mass,a3p05,2568.5293890256726,546.4502607729518,286.18287983434726,480.47277983198126,9,10
