model_label,axis,factor,scenario_label,n,drop_mean_return_mean,drop_mean_return_ci95,drop_median_return_mean,drop_median_return_ci95,drop_iqm_return_mean,drop_iqm_return_ci95,rel_drop_mean_return_mean,rel_drop_mean_return_ci95
a2p20,bfoot_actuator_gain,0.0,bfoot_actuator_gain_0,5,417.5830561613253,474.05547637478566,419.98117955777917,475.21115964362457,417.1240467653797,473.3640229321664,0.15310175118974081,0.10582364398550831
a2p20,bfoot_actuator_gain,0.1,bfoot_actuator_gain_0p1,5,346.7131693053856,387.21306682938916,346.5922754138684,394.2813967542178,345.0122336875148,390.2540678079254,0.12848426922744055,0.08998090567941917
a2p20,bfoot_actuator_gain,0.2,bfoot_actuator_gain_0p2,5,283.9519893077606,304.17814627975423,267.6872453193619,281.1881279405249,266.999759022163,280.8564388595199,0.107319005108844,0.07153956271770613
a2p20,bfoot_actuator_gain,0.3,bfoot_actuator_gain_0p3,5,215.62155490709438,228.10412382432315,197.45725225991433,196.11585217234125,196.54662799405287,194.2084531807028,0.08189666023862657,0.05356414369804655
a2p20,bfoot_actuator_gain,0.4,bfoot_actuator_gain_0p4,5,135.69351260588633,109.79580859091699,134.61126358093597,111.40785330342837,135.2339592793441,110.35824202517833,0.0576205820665492,0.03103541214117769
a2p20,bfoot_actuator_gain,0.5,bfoot_actuator_gain_0p5,5,92.99163938878283,60.45119059010698,91.95144814883088,62.81122303458914,92.79458476972886,62.25025362108276,0.04288412909298837,0.024069353562325316
a2p20,bfoot_actuator_gain,0.6,bfoot_actuator_gain_0p6,5,56.085733240477886,35.93743841144915,56.641480667364206,34.8361220960283,56.41405269233205,36.972572484479315,0.026308461717697035,0.01630213134086814
a2p20,bfoot_actuator_gain,0.7,bfoot_actuator_gain_0p7,5,34.28785366608513,25.21524174905482,39.727465585741996,27.09797091728289,35.39175158691182,22.007197527547117,0.016284574190078303,0.012679246491646519
a2p20,bfoot_actuator_gain,0.8,bfoot_actuator_gain_0p8,5,11.758054184991352,9.75042719966752,16.138605091188765,14.047283387291236,13.167421572362354,13.994479818077384,0.005152889840982723,0.004077349047474718
a2p20,bfoot_actuator_gain,0.9,bfoot_actuator_gain_0p9,5,10.1639126628309,10.48311323851975,13.987483652726677,12.813327264566366,11.207653552621924,10.921527360512922,0.004118775125252704,0.003508136239079481
a2p20,bfoot_actuator_gain,1.0,bfoot_actuator_gain_1,5,0.0,0.0,0.0,0.0,0.0,0.0,0.0,0.0
a2p20,bfoot_actuator_gain,1.1,bfoot_actuator_gain_1p1,5,-28.717038908544282,23.898337772985478,-21.220964575224478,17.848553026956004,-22.628404308685184,18.389854261103267,-0.011998490400644882,0.005734359551850615
a2p20,bfoot_actuator_gain,1.3,bfoot_actuator_gain_1p3,5,-35.59249152755952,30.162984149733276,-35.71055479705042,32.45733463212721,-35.004212853105216,30.680257465212943,-0.014783756669329426,0.0065622262968651
a2p20,bfoot_actuator_gain,1.5,bfoot_actuator_gain_1p5,5,-28.049642893840655,26.32787143320067,-39.71272153614932,49.96766490311627,-40.42877001920338,50.714553017413834,-0.01117069586935338,0.004469113023724798
a2p20,bfoot_actuator_gain,1.7,bfoot_actuator_gain_1p7,5,-32.44410122267514,25.579144321976834,-27.566820248414295,21.00323622533744,-29.136042793864636,21.504506466344036,-0.013784941481533202,0.005075890874779033
a2p20,bfoot_actuator_gain,2.0,bfoot_actuator_gain_2,5,-10.789158061100533,25.25005209714453,1.0958219519369776,40.94785280834195,-5.866463268037433,31.977621131251247,-0.009045812981441392,0.011204444808321279
a2p20,bfoot_damping,0.0,bfoot_damping_0,5,320.10020270567736,237.9406336048568,307.23623278780883,258.68101421762515,304.1933218978578,253.96184183613434,0.13631059700703857,0.0336388894955856
a2p20,bfoot_damping,0.1,bfoot_damping_0p1,5,216.38138100736109,209.30659086338588,198.36575304405545,177.9335943438011,200.77309306815832,179.9857507298936,0.08454966532312716,0.0376956040016692
a2p20,bfoot_damping,0.2,bfoot_damping_0p2,5,140.6198651077299,146.00938594476682,126.04935726302361,116.6154616230708,120.93316944223739,110.02174798931803,0.05373910901322161,0.03314636923206142
a2p20,bfoot_damping,0.3,bfoot_damping_0p3,5,60.123620179638465,64.52982456849931,59.584274033482686,66.23612542540906,59.37551111555672,65.90873693611366,0.02302507221543393,0.01862916975052176
a2p20,bfoot_damping,0.4,bfoot_damping_0p4,5,61.069109188048785,103.30118638865564,41.520741989940916,65.24520528482543,42.45000353065552,70.07484724596333,0.0170415294783696,0.02648704118381405
a2p20,bfoot_damping,0.5,bfoot_damping_0p5,5,-12.59987188534642,19.13729993660407,-7.394078610411225,16.67735658260606,-10.543374822279656,16.80186445564695,-0.005032744499214406,0.00877084769940716
a2p20,bfoot_damping,0.6,bfoot_damping_0p6,5,-24.960755388565303,33.26342964935861,-45.38184986695978,71.03153978533989,-46.86498886799727,71.28605950917445,-0.009208999536532104,0.010846809958433444
a2p20,bfoot_damping,0.7,bfoot_damping_0p7,5,-9.51677774868681,11.51228639654969,-34.79363281417168,42.02325842508176,-37.55211502613306,45.39309015004015,-0.006551181377678611,0.006979941105852624
a2p20,bfoot_damping,0.8,bfoot_damping_0p8,5,-30.95294822247329,26.286977713579933,-28.796719890394435,14.13538402224126,-26.766048505603976,16.30515711401384,-0.01289783488730593,0.005498012612477461
a2p20,bfoot_damping,0.9,bfoot_damping_0p9,5,-21.71190700836155,13.093721422686952,-23.027694573479675,17.629339263857577,-22.481042852398197,14.062589288934966,-0.009873270037614863,0.002997208316143793
a2p20,bfoot_damping,1.0,bfoot_damping_1,5,0.0,0.0,0.0,0.0,0.0,0.0,0.0,0.0
a2p20,bfoot_damping,1.1,bfoot_damping_1p1,5,-1.0030312154656258,7.279054481245378,3.3669797489778377,9.675117112343681,1.2781561986630094,7.941365274091985,8.462939344723517e-05,0.004406603344703578
a2p20,bfoot_damping,1.3,bfoot_damping_1p3,5,11.70379746260637,14.279148892594952,14.310740033791172,17.609164830023605,13.773751898434966,14.369909957869496,0.005526523775545277,0.007876352029413418
a2p20,bfoot_damping,1.5,bfoot_damping_1p5,5,35.636390965003194,25.01412069132693,35.47723950951972,28.801506226907925,36.2680319892248,27.502968226562253,0.01603602437131845,0.009397014517169445
a2p20,bfoot_damping,1.7,bfoot_damping_1p7,5,47.30984219098177,33.24077766516989,43.59223976051025,38.03124803627532,45.08658746477208,35.55976854266441,0.022740603592132005,0.017176951732444698
a2p20,bfoot_damping,2.0,bfoot_damping_2,5,84.60216501079108,50.41800183775665,87.97656318766653,55.061974966314644,84.16169664029799,51.89610952306426,0.03987858858628671,0.021332831739525025
a2p20,bfoot_friction,0.0,bfoot_friction_0,5,0.0,0.0,0.0,0.0,0.0,0.0,0.0,0.0
a2p20,bfoot_friction,0.1,bfoot_friction_0p1,5,0.0,0.0,0.0,0.0,0.0,0.0,0.0,0.0
a2p20,bfoot_friction,0.2,bfoot_friction_0p2,5,2.522475127410871,4.944051249725307,1.4411570156862126,2.8246677507449767,1.9533915399970738,3.8286474183942643,0.0016664066460304696,0.0032661570262197204
a2p20,bfoot_friction,0.3,bfoot_friction_0p3,5,14.485285899423843,8.93501171955767,9.168993186703755,10.686709558236029,12.637476579446774,9.612469753468742,0.006732578589374686,0.003275522731114982
a2p20,bfoot_friction,0.4,bfoot_friction_0p4,5,14.485285899423843,8.93501171955767,9.168993186703755,10.686709558236029,12.637476579446774,9.612469753468742,0.006732578589374686,0.003275522731114982
a2p20,bfoot_friction,0.5,bfoot_friction_0p5,5,14.485285899423843,8.93501171955767,9.168993186703755,10.686709558236029,12.637476579446774,9.612469753468742,0.006732578589374686,0.003275522731114982
a2p20,bfoot_friction,0.6,bfoot_friction_0p6,5,14.485285899423843,8.93501171955767,9.168993186703755,10.686709558236029,12.637476579446774,9.612469753468742,0.006732578589374686,0.003275522731114982
a2p20,bfoot_friction,0.7,bfoot_friction_0p7,5,14.485285899423843,8.93501171955767,9.168993186703755,10.686709558236029,12.637476579446774,9.612469753468742,0.006732578589374686,0.003275522731114982
a2p20,bfoot_friction,0.8,bfoot_friction_0p8,5,14.485285899423843,8.93501171955767,9.168993186703755,10.686709558236029,12.637476579446774,9.612469753468742,0.006732578589374686,0.003275522731114982
a2p20,bfoot_friction,0.9,bfoot_friction_0p9,5,9.112614923408136,11.490578541513457,5.217756291101705,11.338945973865016,7.782705734078855,11.351770835036247,0.0033277030438567377,0.003972267608634337
a2p20,bfoot_friction,1.0,bfoot_friction_1,5,0.0,0.0,0.0,0.0,0.0,0.0,0.0,0.0
a2p20,bfoot_friction,1.1,bfoot_friction_1p1,5,0.0,0.0,0.0,0.0,0.0,0.0,0.0,0.0
a2p20,bfoot_friction,1.3,bfoot_friction_1p3,5,2.522475127410871,4.944051249725307,1.4411570156862126,2.8246677507449767,1.9533915399970738,3.8286474183942643,0.0016664066460304696,0.0032661570262197204
a2p20,bfoot_friction,1.5,bfoot_friction_1p5,5,14.485285899423843,8.93501171955767,9.168993186703755,10.686709558236029,12.637476579446774,9.612469753468742,0.006732578589374686,0.003275522731114982
a2p20,bfoot_friction,1.7,bfoot_friction_1p7,5,14.485285899423843,8.93501171955767,9.168993186703755,10.686709558236029,12.637476579446774,9.612469753468742,0.006732578589374686,0.003275522731114982
a2p20,bfoot_friction,2.0,bfoot_friction_2,5,14.485285899423843,8.93501171955767,9.168993186703755,10.686709558236029,12.637476579446774,9.612469753468742,0.006732578589374686,0.003275522731114982
a2p20,bshin_actuator_gain,0.0,bshin_actuator_gain_0,5,2370.4604905281885,931.3747212911737,2398.27066501434,994.8654738420674,2392.0229154598237,993.9800878203405,1.1413697625996657,0.1601206764400641
a2p20,bshin_actuator_gain,0.1,bshin_actuator_gain_0p1,5,1984.834122264332,413.09153317172286,1751.718987839688,319.7826082261885,1957.6193731672272,370.91717723159707,1.0251493911015983,0.270654614984913
a2p20,bshin_actuator_gain,0.2,bshin_actuator_gain_0p2,5,1590.2973917687646,243.8225120143107,1500.8595856474917,273.27576230141426,1503.682022286855,281.04385365697493,0.8556490447861913,0.2822402078893686
a2p20,bshin_actuator_gain,0.3,bshin_actuator_gain_0p3,5,1176.1858738326252,178.50011990449352,1151.3445668169816,169.17640360670987,1150.2165536339905,167.7338960798778,0.6427615515458769,0.2306480396838234
a2p20,bshin_actuator_gain,0.4,bshin_actuator_gain_0p4,5,933.2371816134746,74.16444072243253,917.8028085920199,59.867962393627565,918.3794927228831,60.35431681110857,0.5009676930545306,0.1430966896095235
a2p20,bshin_actuator_gain,0.5,bshin_actuator_gain_0p5,5,733.1007476575758,76.55684416499976,729.8385754481818,85.17379020278386,732.788964992731,79.03044615722263,0.3872228736812329,0.09560678871027747
a2p20,bshin_actuator_gain,0.6,bshin_actuator_gain_0p6,5,540.151087538562,84.60091613134682,542.8768818666895,86.39517567475595,542.404077709685,85.52732253010518,0.2864107976371472,0.08192207745678749
a2p20,bshin_actuator_gain,0.7,bshin_actuator_gain_0p7,5,359.05505376757617,83.92396167891246,363.2015788535219,87.9805465392276,358.4630915114283,85.92683662546035,0.1921541372227562,0.06905043016807912
a2p20,bshin_actuator_gain,0.8,bshin_actuator_gain_0p8,5,186.03919354173937,63.44193519548443,190.9107258753101,65.80193679047356,187.68847258631428,67.22088982243056,0.1027424815989737,0.04691553035275551
a2p20,bshin_actuator_gain,0.9,bshin_actuator_gain_0p9,5,58.10663172017621,52.58195481425401,61.38474952060583,55.78455330248345,60.35069190964846,55.41241253637892,0.03705969100662789,0.027707344172168427
a2p20,bshin_actuator_gain,1.0,bshin_actuator_gain_1,5,0.0,0.0,0.0,0.0,0.0,0.0,0.0,0.0
a2p20,bshin_actuator_gain,1.1,bshin_actuator_gain_1p1,5,-8.935395226306127,97.65483311258285,-24.219959088689258,58.0996457212746,-26.116436314114615,60.199743172218575,-0.018462257706029234,0.034424225783023676
a2p20,bshin_actuator_gain,1.3,bshin_actuator_gain_1p3,5,-50.17217004377731,100.60562943330845,-49.863736875340145,101.0281450328909,-49.85548983851895,102.06143387851802,-0.038230323252222795,0.048278123251143126
a2p20,bshin_actuator_gain,1.5,bshin_actuator_gain_1p5,5,25.856361733886935,103.03267111785827,29.430161777581542,103.42786221617182,25.331024856700605,104.47124980447349,0.0001045157095745257,0.03370464997803035
a2p20,bshin_actuator_gain,1.7,bshin_actuator_gain_1p7,5,366.8246142640499,538.8585578525217,364.1154062632478,532.5286349672009,350.5263970163406,502.3745855541125,0.1150070639923586,0.12109786723073301
a2p20,bshin_actuator_gain,2.0,bshin_actuator_gain_2,5,724.778087691103,799.4315260949608,725.4499039948363,797.8852602851565,742.8310496903887,826.9671694885401,0.2676242970092163,0.16719292095950158
a2p20,bshin_damping,0.0,bshin_damping_0,5,1447.0983909394477,1209.4668206562746,1450.908731646125,1235.275607257353,1455.1818727396537,1237.2643117750208,0.5976340211612985,0.19607138781862052
a2p20,bshin_damping,0.1,bshin_damping_0p1,5,1351.9978949123843,1214.2396900889717,1347.8396948643604,1230.1339976162558,1348.6843550139988,1220.766393073655,0.5458133794477902,0.20680424456973298
a2p20,bshin_damping,0.2,bshin_damping_0p2,5,1170.1842327842437,1162.5530587632913,1209.5301875473851,1247.0759121191038,1212.8137948291358,1246.803123570482,0.4564870271970925,0.21516473786594825
a2p20,bshin_damping,0.3,bshin_damping_0p3,5,751.3559959115871,779.6152305851627,699.416865719304,680.2989255547105,720.2194135968764,722.3841767401949,0.2912366699327381,0.16594829352991525
a2p20,bshin_damping,0.4,bshin_damping_0p4,5,410.0782031780124,524.5544303943913,372.1991713348085,465.7860958271472,376.9548395793812,474.69791437528073,0.14917549168546218,0.14671837747181682
a2p20,bshin_damping,0.5,bshin_damping_0p5,5,308.3968435540692,559.4478385888348,248.60999963767352,463.42160689546444,250.52664645518752,462.9014596937112,0.09079126078104853,0.17161745808749543
a2p20,bshin_damping,0.6,bshin_damping_0p6,5,187.06440560562888,442.5048640490616,138.44907307342902,351.35026294269375,139.26211588024563,351.8693785889725,0.04073142427540426,0.1379980316419392
a2p20,bshin_damping,0.7,bshin_damping_0p7,5,66.10542150816168,234.87744807066468,56.1274324865502,221.8906747440251,56.865789695345526,222.91881056542772,0.008462478281264296,0.09362779973524282
a2p20,bshin_damping,0.8,bshin_damping_0p8,5,3.313231182097661,108.85096651909903,1.7981959767150328,116.56508166388707,2.576452931712038,113.77426421962309,-0.008801958451335194,0.050691458182929576
a2p20,bshin_damping,0.9,bshin_damping_0p9,5,-21.452175735017544,37.28982674317074,-23.75603271059058,40.50904157911796,-22.286748684612895,39.15172919598168,-0.015073862831966142,0.018731751519690178
a2p20,bshin_damping,1.0,bshin_damping_1,5,0.0,0.0,0.0,0.0,0.0,0.0,0.0,0.0
a2p20,bshin_damping,1.1,bshin_damping_1p1,5,49.804302599171706,29.75226315815114,37.07554961549185,35.01760800534177,43.28973050604763,32.64081033982247,0.028132072284346443,0.018820747704359687
a2p20,bshin_damping,1.3,bshin_damping_1p3,5,162.287884842055,75.27737264472334,159.04575534935188,70.63742761624421,158.71884482464256,72.82975206846774,0.09428811094803433,0.04837219489449247
a2p20,bshin_damping,1.5,bshin_damping_1p5,5,328.0253006676181,79.62497493830207,308.7554192306601,103.18619898739243,316.1795016889052,100.53555571474008,0.18401895710893376,0.07160151706674714
a2p20,bshin_damping,1.7,bshin_damping_1p7,5,543.9115459201737,106.0144470700931,471.72126591128324,117.98019795118542,476.6003709055343,109.22184665311356,0.28462504314890613,0.08899145386949242
a2p20,bshin_damping,2.0,bshin_damping_2,5,909.6191244555212,360.7751211116822,779.7350034321395,305.9705977297966,833.2976678722853,306.26008173084915,0.46612092849306447,0.2285889510517256
a2p20,bshin_friction,0.0,bshin_friction_0,5,0.0,0.0,0.0,0.0,0.0,0.0,0.0,0.0
a2p20,bshin_friction,0.1,bshin_friction_0p1,5,-5.372670976015707,6.468511681009148,-3.951236895602051,5.023386676590608,-4.854770845367921,6.0092383737529875,-0.0034341206352395586,0.004123368002431955
a2p20,bshin_friction,0.2,bshin_friction_0p2,5,-14.485285899423843,8.93501171955767,-9.168993186703755,10.686709558236029,-12.637476579446774,9.612469753468742,-0.006789564669235923,0.0033058351103974377
a2p20,bshin_friction,0.3,bshin_friction_0p3,5,-14.485285899423843,8.93501171955767,-9.168993186703755,10.686709558236029,-12.637476579446774,9.612469753468742,-0.006789564669235923,0.0033058351103974377
a2p20,bshin_friction,0.4,bshin_friction_0p4,5,-11.962810772012972,10.646719974967345,-7.727836171017543,11.296858479373904,-10.684085039449702,10.854884449826466,-0.005109156809074378,0.004070837044756557
a2p20,bshin_friction,0.5,bshin_friction_0p5,5,0.0,0.0,0.0,0.0,0.0,0.0,0.0,0.0
a2p20,bshin_friction,0.6,bshin_friction_0p6,5,0.0,0.0,0.0,0.0,0.0,0.0,0.0,0.0
a2p20,bshin_friction,0.7,bshin_friction_0p7,5,0.0,0.0,0.0,0.0,0.0,0.0,0.0,0.0
a2p20,bshin_friction,0.8,bshin_friction_0p8,5,0.0,0.0,0.0,0.0,0.0,0.0,0.0,0.0
a2p20,bshin_friction,0.9,bshin_friction_0p9,5,0.0,0.0,0.0,0.0,0.0,0.0,0.0,0.0
a2p20,bshin_friction,1.0,bshin_friction_1,5,0.0,0.0,0.0,0.0,0.0,0.0,0.0,0.0
a2p20,bshin_friction,1.1,bshin_friction_1p1,5,-5.372670976015707,6.468511681009148,-3.951236895602051,5.023386676590608,-4.854770845367921,6.0092383737529875,-0.0034341206352395586,0.004123368002431955
a2p20,bshin_friction,1.3,bshin_friction_1p3,5,-14.485285899423843,8.93501171955767,-9.168993186703755,10.686709558236029,-12.637476579446774,9.612469753468742,-0.006789564669235923,0.0033058351103974377
a2p20,bshin_friction,1.5,bshin_friction_1p5,5,-14.485285899423843,8.93501171955767,-9.168993186703755,10.686709558236029,-12.637476579446774,9.612469753468742,-0.006789564669235923,0.0033058351103974377
a2p20,bshin_friction,1.7,bshin_friction_1p7,5,-11.962810772012972,10.646719974967345,-7.727836171017543,11.296858479373904,-10.684085039449702,10.854884449826466,-0.005109156809074378,0.004070837044756557
a2p20,bshin_friction,2.0,bshin_friction_2,5,0.0,0.0,0.0,0.0,0.0,0.0,0.0,0.0
a2p20,bthigh_actuator_gain,0.0,bthigh_actuator_gain_0,5,1601.7430605389613,1115.852847178775,1649.204840594824,1215.2866856802798,1640.4026617147017,1199.2667111104784,0.7057242732238799,0.2528211024264741
a2p20,bthigh_actuator_gain,0.1,bthigh_actuator_gain_0p1,5,1389.5400901213122,996.5802811672298,1408.910107019742,1038.0960236714689,1414.2332741145663,1050.7444830285326,0.6071466350979142,0.2200207075271565
a2p20,bthigh_actuator_gain,0.2,bthigh_actuator_gain_0p2,5,1143.029029586228,885.3460018498768,1189.7678121297934,972.528921954662,1162.5650072646147,922.0546332386124,0.48583360447238766,0.16827161303260374
a2p20,bthigh_actuator_gain,0.3,bthigh_actuator_gain_0p3,5,833.7889353272064,657.0892923166023,748.2125641246164,498.0300435846641,773.1640535522731,545.0151412738438,0.34971432968853644,0.1141814698167619
a2p20,bthigh_actuator_gain,0.4,bthigh_actuator_gain_0p4,5,618.199192498384,511.7883682593937,563.1890951518799,405.4289774786464,567.7328877362036,417.5571802856476,0.25456543620574923,0.09173578292023592
a2p20,bthigh_actuator_gain,0.5,bthigh_actuator_gain_0p5,5,440.1889002886909,317.5504080299491,443.56228085500186,317.7854471062345,441.87698604331035,319.44178087596583,0.18882214959627547,0.052185752360920455
a2p20,bthigh_actuator_gain,0.6,bthigh_actuator_gain_0p6,5,369.3086475216091,283.684879096088,339.3178364733562,229.2239792832874,339.70990602593133,229.29293063934156,0.15570882100261568,0.042602787327446066
a2p20,bthigh_actuator_gain,0.7,bthigh_actuator_gain_0p7,5,278.34551546061425,247.67743235532026,248.52205070357257,175.47688928305473,247.481742597928,180.77716855489234,0.1121790314200422,0.041510146051275044
a2p20,bthigh_actuator_gain,0.8,bthigh_actuator_gain_0p8,5,146.61109335487163,108.6343131356184,146.70495404893114,109.25622337554937,148.70607734576438,112.41465907040617,0.06270934942724413,0.016321567020311758
a2p20,bthigh_actuator_gain,0.9,bthigh_actuator_gain_0p9,5,79.63559921820497,96.2781012704081,53.958491348962525,40.801089448205694,49.4137381605648,34.91587073575922,0.028362541918506835,0.018915875651428174
a2p20,bthigh_actuator_gain,1.0,bthigh_actuator_gain_1,5,0.0,0.0,0.0,0.0,0.0,0.0,0.0,0.0
a2p20,bthigh_actuator_gain,1.1,bthigh_actuator_gain_1p1,5,-22.1730266697798,10.3375928157108,-27.08261092616567,16.273423905852916,-23.465766540773302,11.78222434026371,-0.011003546929059518,0.005573124302435917
a2p20,bthigh_actuator_gain,1.3,bthigh_actuator_gain_1p3,5,76.00016487852808,158.05240414987344,45.98751636335419,100.61191842882921,48.204010962563416,106.59153626658599,0.017027749052129504,0.03963882442313971
a2p20,bthigh_actuator_gain,1.5,bthigh_actuator_gain_1p5,5,193.2005306890022,173.598285524352,167.8043665813838,127.85385939522018,167.9052113915156,130.31988568045705,0.07806854576230202,0.030682813862603277
a2p20,bthigh_actuator_gain,1.7,bthigh_actuator_gain_1p7,5,395.87611242637576,242.10468703127623,324.0155804927179,100.35643316068303,324.2146875567329,106.7857115672541,0.17751966954086082,0.03342209449871878
a2p20,bthigh_actuator_gain,2.0,bthigh_actuator_gain_2,5,876.6757139830688,613.8747806686554,910.0452064036111,702.513580618956,905.1897131645932,693.8555540731733,0.3822201354081073,0.09659065095535303
a2p20,bthigh_damping,0.0,bthigh_damping_0,5,1872.7388622519077,1472.4583797282337,1987.2409353046205,1618.2765284922486,1916.551872423976,1531.051810775952,0.8369723428396603,0.5502700872697734
a2p20,bthigh_damping,0.1,bthigh_damping_0p1,5,1723.0294463010891,1442.6773629138615,1757.3819515552343,1510.3654613932576,1761.5164864566018,1515.0536268785231,0.7489791602174607,0.4839170066754378
a2p20,bthigh_damping,0.2,bthigh_damping_0p2,5,1245.973209133288,1140.4404365818352,1218.6936615873572,1096.2192028800619,1273.0726483270587,1201.9200205269133,0.5055396880477625,0.23887326407204748
a2p20,bthigh_damping,0.3,bthigh_damping_0p3,5,978.3029617588094,978.3084794037754,1018.2782380907499,1064.9644893817754,1014.605164932825,1054.6007666324524,0.37984665543700613,0.18249783302226372
a2p20,bthigh_damping,0.4,bthigh_damping_0p4,5,546.6586748965642,383.60971747843473,408.21290894422003,159.09344566600024,461.2753001026496,235.30260064583945,0.23922016822042008,0.08053171399181115
a2p20,bthigh_damping,0.5,bthigh_damping_0p5,5,336.89638356620736,237.82033704810567,270.66543433699474,135.1973423430222,276.54205895838675,134.98301612774375,0.14632036710489915,0.04424763206577117
a2p20,bthigh_damping,0.6,bthigh_damping_0p6,5,214.1284040642035,184.74114901468283,176.1403787999819,118.83039413630696,177.77179688330972,120.90610340315642,0.08735631830352483,0.033573817453338865
a2p20,bthigh_damping,0.7,bthigh_damping_0p7,5,145.15599391562742,178.02955497817462,110.72943688059982,127.80610039858524,116.79176885343536,133.16085998049917,0.05109879251183654,0.04027446268526527
a2p20,bthigh_damping,0.8,bthigh_damping_0p8,5,44.79295280153374,45.342680745166696,43.81971714175366,50.51172541545272,44.11041072994139,48.77764759821393,0.017368744079220587,0.010596236742262953
a2p20,bthigh_damping,0.9,bthigh_damping_0p9,5,2.027624491499182,2.973953456467159,-4.126873642218788,6.576342538607428,-0.8521892380867484,4.911342391454188,0.0009611384688300308,0.001827002426619955
a2p20,bthigh_damping,1.0,bthigh_damping_1,5,0.0,0.0,0.0,0.0,0.0,0.0,0.0,0.0
a2p20,bthigh_damping,1.1,bthigh_damping_1p1,5,65.76310026884161,91.26963651731167,34.34297862254148,32.73584901858135,33.90944908457195,31.918422794401106,0.021450997661237762,0.019041672120733093
a2p20,bthigh_damping,1.3,bthigh_damping_1p3,5,126.51890363212087,126.3049825058338,121.54158160163756,121.97302985263578,121.63062560274007,120.78796314012904,0.049930553253162493,0.029202247115105887
a2p20,bthigh_damping,1.5,bthigh_damping_1p5,5,243.21850841826176,259.0460070698391,222.25520815509208,227.01592866584366,224.45330851707143,227.85533142631024,0.09225656217708565,0.05184886742355563
a2p20,bthigh_damping,1.7,bthigh_damping_1p7,5,326.80005639389486,298.72596687259994,327.9787899878719,300.1471903620648,327.744434654105,301.7575825364614,0.1310394984132012,0.05460493904231372
a2p20,bthigh_damping,2.0,bthigh_damping_2,5,471.5882015607973,424.80388296233,456.6126010848842,396.201093907027,457.8075546742892,395.1960563834036,0.18886260043707848,0.07081170855334966
a2p20,bthigh_friction,0.0,bthigh_friction_0,5,0.0,0.0,0.0,0.0,0.0,0.0,0.0,0.0
a2p20,bthigh_friction,0.1,bthigh_friction_0p1,5,0.0,0.0,0.0,0.0,0.0,0.0,0.0,0.0
a2p20,bthigh_friction,0.2,bthigh_friction_0p2,5,0.0,0.0,0.0,0.0,0.0,0.0,0.0,0.0
a2p20,bthigh_friction,0.3,bthigh_friction_0p3,5,-5.372670976015707,6.468511681009148,-3.951236895602051,5.023386676590608,-4.854770845367921,6.0092383737529875,-0.0034341206352395586,0.004123368002431955
a2p20,bthigh_friction,0.4,bthigh_friction_0p4,5,-14.485285899423843,8.93501171955767,-9.168993186703755,10.686709558236029,-12.637476579446774,9.612469753468742,-0.006789564669235923,0.0033058351103974377
a2p20,bthigh_friction,0.5,bthigh_friction_0p5,5,-14.485285899423843,8.93501171955767,-9.168993186703755,10.686709558236029,-12.637476579446774,9.612469753468742,-0.006789564669235923,0.0033058351103974377
a2p20,bthigh_friction,0.6,bthigh_friction_0p6,5,-14.485285899423843,8.93501171955767,-9.168993186703755,10.686709558236029,-12.637476579446774,9.612469753468742,-0.006789564669235923,0.0033058351103974377
a2p20,bthigh_friction,0.7,bthigh_friction_0p7,5,0.0,0.0,0.0,0.0,0.0,0.0,0.0,0.0
a2p20,bthigh_friction,0.8,bthigh_friction_0p8,5,0.0,0.0,0.0,0.0,0.0,0.0,0.0,0.0
a2p20,bthigh_friction,0.9,bthigh_friction_0p9,5,0.0,0.0,0.0,0.0,0.0,0.0,0.0,0.0
a2p20,bthigh_friction,1.0,bthigh_friction_1,5,0.0,0.0,0.0,0.0,0.0,0.0,0.0,0.0
a2p20,bthigh_friction,1.1,bthigh_friction_1p1,5,0.0,0.0,0.0,0.0,0.0,0.0,0.0,0.0
a2p20,bthigh_friction,1.3,bthigh_friction_1p3,5,0.0,0.0,0.0,0.0,0.0,0.0,0.0,0.0
a2p20,bthigh_friction,1.5,bthigh_friction_1p5,5,-5.372670976015707,6.468511681009148,-3.951236895602051,5.023386676590608,-4.854770845367921,6.0092383737529875,-0.0034341206352395586,0.004123368002431955
a2p20,bthigh_friction,1.7,bthigh_friction_1p7,5,-14.485285899423843,8.93501171955767,-9.168993186703755,10.686709558236029,-12.637476579446774,9.612469753468742,-0.006789564669235923,0.0033058351103974377
a2p20,bthigh_friction,2.0,bthigh_friction_2,5,-14.485285899423843,8.93501171955767,-9.168993186703755,10.686709558236029,-12.637476579446774,9.612469753468742,-0.006789564669235923,0.0033058351103974377
a2p20,damping,0.0,damping_0,5,2074.15086937763,1140.9734050909253,2103.7828063153947,1140.4928890380402,2087.049070509014,1139.2433134532014,0.9427521471764984,0.14627122196389428
a2p20,damping,0.1,damping_0p1,5,1901.4611175441544,1183.111075302433,1877.4054391041286,1210.2754360802005,1877.5196473981919,1192.2498360446325,0.8443946604281287,0.17504243775900138
a2p20,damping,0.2,damping_0p2,5,1635.0132959343005,1193.1998055189022,1580.7819757784807,1199.3642324119155,1595.106414241212,1208.9490153637637,0.6978224992502305,0.17336239860098904
a2p20,damping,0.3,damping_0p3,5,1418.3501672709215,1114.104322532487,1395.98535613581,1119.72004060398,1397.2297920256256,1124.661347624136,0.5926398637936983,0.1663998678112657
a2p20,damping,0.4,damping_0p4,5,1229.488085147863,1082.9282737778985,1218.4156181884118,1110.314627938161,1231.8717110975933,1121.181101637679,0.4945638434498799,0.17162103367753054
a2p20,damping,0.5,damping_0p5,5,962.8477236712293,1072.0342032639026,1031.898817147519,1201.073568530853,1023.8877069058886,1184.869969375706,0.3522752841387652,0.19651590540488892
a2p20,damping,0.6,damping_0p6,5,687.8185661007565,976.4863287400054,759.1963913402259,1122.0591612198623,734.1683626736069,1066.7015164534423,0.22017761229320781,0.20602641545300715
a2p20,damping,0.7,damping_0p7,5,445.8653324336343,783.0739627430448,424.95705364668765,746.1299672441484,442.01706766696844,779.136236735771,0.12087760305781288,0.1809202220707215
a2p20,damping,0.8,damping_0p8,5,152.52967746492595,366.5805855011245,72.35334161085525,223.7233754444145,77.58127968443996,225.43794719806075,0.026987834823071644,0.09377864946165894
a2p20,damping,0.9,damping_0p9,5,-5.319398926826716,96.6970246177845,-11.674173939987487,94.27542964340698,-8.311039521228395,95.85275113985622,-0.016693663647594198,0.032276710981487114
a2p20,damping,1.0,damping_1,5,0.0,0.0,0.0,0.0,0.0,0.0,0.0,0.0
a2p20,damping,1.1,damping_1p1,5,138.41267118299075,49.34667740180768,106.03608020888237,41.57536200390686,109.37274014310711,41.32038600645144,0.06810438473418694,0.021036603172334942
a2p20,damping,1.3,damping_1p3,5,580.9543304969751,271.88157849329184,505.95413619938915,153.90778897241165,526.1904198556358,181.59817843423366,0.270035122556738,0.048590854532994686
a2p20,damping,1.5,damping_1p5,5,1084.5450300179887,654.9123723137225,1078.5178710510577,652.7414131062988,1054.6257547886253,604.113295041381,0.48099026934019096,0.11570222142392686
a2p20,damping,1.7,damping_1p7,5,1727.2896671962594,1436.2852786546287,1697.5233480736904,1463.061536190856,1698.9324611233394,1464.0030131874753,0.7041620981743175,0.2360077186762977
a2p20,damping,2.0,damping_2,5,1938.6500023695655,1326.3712986055068,1912.3673704988141,1364.078084421612,1913.6312003834107,1363.5346359264524,0.8345868653034267,0.18844329078422478
a2p20,ffoot_actuator_gain,0.0,ffoot_actuator_gain_0,5,227.6594274450212,430.7083379339059,224.35610467318602,422.5811165602025,226.2522255982777,426.3232086202254,0.0568465347749821,0.10249577664769048
a2p20,ffoot_actuator_gain,0.1,ffoot_actuator_gain_0p1,5,190.99092977434498,364.1430589385046,191.1268611469365,367.54618410856807,190.64583542030618,367.44233936583686,0.04717575364825661,0.08695533914446615
a2p20,ffoot_actuator_gain,0.2,ffoot_actuator_gain_0p2,5,174.77400572092816,332.1416174187754,178.9370486867058,328.419055964247,177.93600684654342,330.827577593961,0.04358667103516453,0.07890083712185748
a2p20,ffoot_actuator_gain,0.3,ffoot_actuator_gain_0p3,5,153.02368690123404,290.5399886875468,149.81289873689383,285.01778061324853,152.4878318533023,290.47776794815076,0.038043467009493584,0.06909577631816431
a2p20,ffoot_actuator_gain,0.4,ffoot_actuator_gain_0p4,5,117.78451486826057,221.8201551661638,124.87395326161882,228.88608987517622,120.91906993005641,224.03701240780595,0.029688011538441535,0.052618094705094764
a2p20,ffoot_actuator_gain,0.5,ffoot_actuator_gain_0p5,5,97.52154749776273,194.34892887209764,105.99686190331245,206.61844621902108,101.29153068052346,203.12628028722972,0.022967911674560887,0.046854466534409694
a2p20,ffoot_actuator_gain,0.6,ffoot_actuator_gain_0p6,5,72.77294067158923,140.5605777596601,69.43053979681899,133.25832620026486,71.06233949416101,139.37602148148576,0.01782276237134308,0.033597329697324395
a2p20,ffoot_actuator_gain,0.7,ffoot_actuator_gain_0p7,5,32.6094514194494,91.58336799268709,32.61831420875028,95.00583818067621,32.80672366412868,92.83227073766538,0.003500916561761171,0.02439083640547553
a2p20,ffoot_actuator_gain,0.8,ffoot_actuator_gain_0p8,5,22.647947575688384,59.838470591587765,25.807142595912865,65.61933345243972,25.004369801480472,63.244712730905505,0.003292115177859712,0.01581481513026695
a2p20,ffoot_actuator_gain,0.9,ffoot_actuator_gain_0p9,5,32.659347701839806,80.1886223225298,2.242336738966924,19.348893108226385,3.664549430480929,20.60921547467476,0.005291935086414025,0.02069234526155883
a2p20,ffoot_actuator_gain,1.0,ffoot_actuator_gain_1,5,0.0,0.0,0.0,0.0,0.0,0.0,0.0,0.0
a2p20,ffoot_actuator_gain,1.1,ffoot_actuator_gain_1p1,5,-11.549461659134204,14.528849935858359,-11.243105902611614,16.83774634085477,-10.216221557459175,13.517703973384426,-0.004338580795453966,0.0044377063885850734
a2p20,ffoot_actuator_gain,1.3,ffoot_actuator_gain_1p3,5,-3.6457673974568023,10.409365720416966,-16.836367606868635,27.38883194906493,-19.12120116867586,28.699040390010442,-0.003280507862495179,0.005390084698707941
a2p20,ffoot_actuator_gain,1.5,ffoot_actuator_gain_1p5,5,28.03724217740528,56.695325520973924,15.28133554742426,24.636569784763797,8.028061778570645,17.793909663655164,0.006386001206263636,0.014021542229888332
a2p20,ffoot_actuator_gain,1.7,ffoot_actuator_gain_1p7,5,37.05194871525132,92.35345667347853,18.527045727157564,52.625446493420796,15.96772351793661,49.58112413978051,0.005762755359425498,0.024046762482114094
a2p20,ffoot_actuator_gain,2.0,ffoot_actuator_gain_2,5,91.85831784947023,211.81361453567186,50.83286919626803,132.8546083134842,54.799230312390634,138.9622978625527,0.016998594823620806,0.05354170421737609
a2p20,ffoot_damping,0.0,ffoot_damping_0,5,106.61796356304103,126.26385354185086,101.20741066752876,111.50949879103703,89.81196873907088,97.05946616821589,0.03849659252767927,0.03262547500729138
a2p20,ffoot_damping,0.1,ffoot_damping_0p1,5,65.3073512953898,83.45937118174348,64.90710054648707,90.6237961259543,62.5072326796183,83.83613610794896,0.022619534096911316,0.022975333428942493
a2p20,ffoot_damping,0.2,ffoot_damping_0p2,5,51.08807349790008,75.67794642148813,42.66429712907607,59.432229050507004,42.29115128507156,58.512985974661355,0.016154252465985272,0.01881821143686227
a2p20,ffoot_damping,0.3,ffoot_damping_0p3,5,22.039350651335873,55.56187968839221,26.273230448132928,63.16761817601708,23.171138251616867,60.20450441197846,0.0033919348859565586,0.015843221576909546
a2p20,ffoot_damping,0.4,ffoot_damping_0p4,5,3.156027642846175,16.5590204883517,4.004554946333838,15.505514963012084,2.3568472269702396,17.619778179768034,-0.0001446899288665259,0.007298834426733408
a2p20,ffoot_damping,0.5,ffoot_damping_0p5,5,10.147366432541139,39.29268256103454,20.371522114560094,44.465123712453284,14.353700263718064,41.51295175876316,-0.00035414879205089014,0.011959705585021217
a2p20,ffoot_damping,0.6,ffoot_damping_0p6,5,-4.972032572936177,11.889886272093337,-7.979944766295921,13.064820824079478,-7.999724280100645,11.500883111943796,-0.003460315298071366,0.00649140699746466
a2p20,ffoot_damping,0.7,ffoot_damping_0p7,5,-3.8456595971442766,11.957458889351049,2.7815337325458587,19.85731920439605,-0.5520656425183461,18.966035046073703,-0.003416253161456895,0.006427378655390472
a2p20,ffoot_damping,0.8,ffoot_damping_0p8,5,5.54195311857693,37.87956567299578,-7.992246704178069,6.852890139850377,-14.164279804080616,8.141484897222464,-0.0024710102429654794,0.011873819957028693
a2p20,ffoot_damping,0.9,ffoot_damping_0p9,5,12.453528562572956,35.985622742350444,-5.551302417283023,4.035526033886456,-7.712342926971087,3.406318331280245,0.001164704657431436,0.009793369335928365
a2p20,ffoot_damping,1.0,ffoot_damping_1,5,0.0,0.0,0.0,0.0,0.0,0.0,0.0,0.0
a2p20,ffoot_damping,1.1,ffoot_damping_1p1,5,-17.07798549392437,12.788210780546963,-14.667087843769469,21.123073437223557,-16.156619594737684,15.046421734325094,-0.0077146881840316,0.004748136597712704
a2p20,ffoot_damping,1.3,ffoot_damping_1p3,5,0.8865682883943464,6.5696716147096605,4.16979430733295,11.80210783494048,2.233759906460591,6.2334287581975,-0.00026456176178922314,0.0029781020648355205
a2p20,ffoot_damping,1.5,ffoot_damping_1p5,5,0.9373980682703404,8.26620139351234,0.6949480658116499,9.52973726285725,-0.048432072595323915,7.956969215594952,-0.0005491615146479643,0.003998738659688689
a2p20,ffoot_damping,1.7,ffoot_damping_1p7,5,-1.184913915498737,7.318648388885817,-1.001173436306999,11.21860441667671,-2.0898235073415434,7.310505096787674,-0.0014616908337563247,0.003611500215533792
a2p20,ffoot_damping,2.0,ffoot_damping_2,5,8.923320848430649,16.39443337086692,11.485698495851466,17.982882292850938,11.031455204653094,16.75199104932016,0.002823590415927372,0.006204170321406048
a2p20,ffoot_friction,0.0,ffoot_friction_0,5,0.0,0.0,0.0,0.0,0.0,0.0,0.0,0.0
a2p20,ffoot_friction,0.1,ffoot_friction_0p1,5,0.0,0.0,0.0,0.0,0.0,0.0,0.0,0.0
a2p20,ffoot_friction,0.2,ffoot_friction_0p2,5,0.0,0.0,0.0,0.0,0.0,0.0,0.0,0.0
a2p20,ffoot_friction,0.3,ffoot_friction_0p3,5,14.485285899423843,8.93501171955767,9.168993186703755,10.686709558236029,12.637476579446774,9.612469753468742,0.006732578589374686,0.003275522731114982
a2p20,ffoot_friction,0.4,ffoot_friction_0p4,5,14.485285899423843,8.93501171955767,9.168993186703755,10.686709558236029,12.637476579446774,9.612469753468742,0.006732578589374686,0.003275522731114982
a2p20,ffoot_friction,0.5,ffoot_friction_0p5,5,14.485285899423843,8.93501171955767,9.168993186703755,10.686709558236029,12.637476579446774,9.612469753468742,0.006732578589374686,0.003275522731114982
a2p20,ffoot_friction,0.6,ffoot_friction_0p6,5,14.485285899423843,8.93501171955767,9.168993186703755,10.686709558236029,12.637476579446774,9.612469753468742,0.006732578589374686,0.003275522731114982
a2p20,ffoot_friction,0.7,ffoot_friction_0p7,5,14.485285899423843,8.93501171955767,9.168993186703755,10.686709558236029,12.637476579446774,9.612469753468742,0.006732578589374686,0.003275522731114982
a2p20,ffoot_friction,0.8,ffoot_friction_0p8,5,14.485285899423843,8.93501171955767,9.168993186703755,10.686709558236029,12.637476579446774,9.612469753468742,0.006732578589374686,0.003275522731114982
a2p20,ffoot_friction,0.9,ffoot_friction_0p9,5,9.112614923408136,11.490578541513457,5.217756291101705,11.338945973865016,7.782705734078855,11.351770835036247,0.0033277030438567377,0.003972267608634337
a2p20,ffoot_friction,1.0,ffoot_friction_1,5,0.0,0.0,0.0,0.0,0.0,0.0,0.0,0.0
a2p20,ffoot_friction,1.1,ffoot_friction_1p1,5,0.0,0.0,0.0,0.0,0.0,0.0,0.0,0.0
a2p20,ffoot_friction,1.3,ffoot_friction_1p3,5,0.0,0.0,0.0,0.0,0.0,0.0,0.0,0.0
a2p20,ffoot_friction,1.5,ffoot_friction_1p5,5,14.485285899423843,8.93501171955767,9.168993186703755,10.686709558236029,12.637476579446774,9.612469753468742,0.006732578589374686,0.003275522731114982
a2p20,ffoot_friction,1.7,ffoot_friction_1p7,5,14.485285899423843,8.93501171955767,9.168993186703755,10.686709558236029,12.637476579446774,9.612469753468742,0.006732578589374686,0.003275522731114982
a2p20,ffoot_friction,2.0,ffoot_friction_2,5,14.485285899423843,8.93501171955767,9.168993186703755,10.686709558236029,12.637476579446774,9.612469753468742,0.006732578589374686,0.003275522731114982
a2p20,friction,0.0,friction_0,5,-4427.0200716516865,4620.511466640675,-4593.192297673625,4461.05297012655,-4564.825608298551,4511.781536468601,-2.9035956172382895,2.440067227011155
a2p20,friction,0.1,friction_0p1,5,-3064.8200497306075,2719.2264209282075,-3132.622241060967,2631.20750222384,-3127.5538001944687,2641.131125828352,-1.8951118877585162,1.552633551706562
a2p20,friction,0.2,friction_0p2,5,-1837.7989507111529,1555.564196332382,-1853.6266913318182,1552.2691849271707,-1854.9936855204294,1554.6089063327756,-1.1072002591523051,0.9035885839174974
a2p20,friction,0.3,friction_0p3,5,-451.2864566833985,430.58880845139754,-482.83771975495404,373.9290403210982,-484.9943555923131,380.112562079182,-0.28422419759880035,0.23532137005159118
a2p20,friction,0.4,friction_0p4,5,-296.4831221561718,164.01318152853227,-290.5110959960481,163.96647751719948,-295.62393431642806,162.65282742569738,-0.17110888817577102,0.1050748737684818
a2p20,friction,0.5,friction_0p5,5,-233.91205061594897,97.60710460253605,-238.7848599802648,91.64534384035375,-239.39952644842242,96.66040917770387,-0.1319179882343576,0.06805453198005443
a2p20,friction,0.6,friction_0p6,5,-154.0546495005044,105.58935257437444,-185.69049401568572,60.18302734314954,-187.3456559783941,59.89543220630359,-0.09549928578495931,0.058620983906117086
a2p20,friction,0.7,friction_0p7,5,-135.94648694136862,37.95477876128844,-135.35833821425922,39.760285681520436,-136.31208141194793,38.60386078321556,-0.07419836047914947,0.030429782372400016
a2p20,friction,0.8,friction_0p8,5,-87.62191594121063,22.458497970232845,-84.18869067450586,20.316257230813207,-86.32427943228831,20.853203412354684,-0.04747984378356217,0.018497219169222326
a2p20,friction,0.9,friction_0p9,5,-49.80199134916916,8.7254151843021,-46.90562564942015,8.807591040042812,-50.10996371837969,9.811402748040166,-0.027006395425324486,0.008873486347827794
a2p20,friction,1.0,friction_1,5,0.0,0.0,0.0,0.0,0.0,0.0,0.0,0.0
a2p20,friction,1.1,friction_1p1,5,29.463917550560744,9.00775891025878,29.654554539300126,13.685324358631796,27.855037810294426,11.376214103496856,0.015032437668501005,0.00519404885935194
a2p20,friction,1.3,friction_1p3,5,93.21671995819952,15.966977293814248,100.16863388532802,17.1250984444756,96.9775977271187,16.516763736636886,0.05073592891448355,0.01703184124894312
a2p20,friction,1.5,friction_1p5,5,175.3355453001721,57.45844186744665,157.1890004153131,31.606698466366357,155.17731901790884,29.70670272236761,0.086365137020127,0.01819050494393052
a2p20,friction,1.7,friction_1p7,5,212.62954117180067,58.91197166426084,207.7130454486243,57.745980429038184,210.55492689606473,58.02391196259355,0.10811276612441896,0.03238778696001277
a2p20,friction,2.0,friction_2,5,297.2799280523817,46.68368410077425,284.938459620413,69.84457285667713,284.02200548290864,73.27662899456213,0.15533262058719693,0.039361654695284895
a2p20,friction_damping,0.0,friction_damping_0,5,-2038.8957217372486,6594.80182760334,-3043.5474164721863,7601.026806828267,-3054.8999077583535,7600.361194410548,-1.6068315183484418,3.4294847667005297
a2p20,friction_damping,0.1,friction_damping_0p1,5,-207.29400941675945,3601.1387442017726,-346.74362811656124,4151.498354787666,-396.67531383206347,4043.6720614495825,-0.44863620254419445,1.7099503825636666
a2p20,friction_damping,0.2,friction_damping_0p2,5,146.93849949447147,2892.4077417917956,27.089572684489962,3030.627540971828,34.59943682435316,3018.0818557440307,-0.20427893705981673,1.3231343288814976
a2p20,friction_damping,0.3,friction_damping_0p3,5,399.70877807609554,2236.2276237006868,355.35472951909344,2271.5177999021003,371.491021758249,2273.271000635818,-0.035839255447745286,0.9208876378642828
a2p20,friction_damping,0.4,friction_damping_0p4,5,756.713253154415,1611.1269336086116,787.1274442443124,1594.1897421030262,762.6056993871432,1629.0368865168057,0.1826185574997131,0.46726801526071715
a2p20,friction_damping,0.5,friction_damping_0p5,5,689.4162026643189,1415.3386331068004,697.23841794074,1436.6370361514355,697.9151279195488,1440.27015575527,0.1605188347373979,0.35290968244042564
a2p20,friction_damping,0.6,friction_damping_0p6,5,476.51623046910515,1138.0065810059182,506.21588082301093,1199.569316195475,486.27268406915175,1162.150511145063,0.0876165489778921,0.2950921879260423
a2p20,friction_damping,0.7,friction_damping_0p7,5,324.754434392962,881.6030893301713,313.77825913738167,873.3465473015167,304.1510372883967,846.7887432242508,0.043090092465312625,0.2315075119174405
a2p20,friction_damping,0.8,friction_damping_0p8,5,29.53917156720386,325.9625105071084,7.114112756519671,288.6854358444102,8.281531382912135,287.263843939414,-0.031633543675285564,0.10042125913146127
a2p20,friction_damping,0.9,friction_damping_0p9,5,-40.543756049342434,101.53772898979454,-40.2794576577066,108.23810425117425,-40.22086905672454,104.2980040851286,-0.0358482556423418,0.039554515285108484
a2p20,friction_damping,1.0,friction_damping_1,5,0.0,0.0,0.0,0.0,0.0,0.0,0.0,0.0
a2p20,friction_damping,1.1,friction_damping_1p1,5,155.0138092790186,44.36910588694002,152.56673328826173,46.330814412847346,153.4584035368079,45.90318823795191,0.08386728028805808,0.03424970281042331
a2p20,friction_damping,1.3,friction_damping_1p3,5,624.8587634794507,225.95986719626367,575.4411110254174,161.3165650467541,581.9727949597797,167.4964764757678,0.30248511232562014,0.06890230808002941
a2p20,friction_damping,1.5,friction_damping_1p5,5,1220.2624396997428,776.689775045546,1313.0927630614212,955.123264019215,1262.5394562746562,858.4933740399705,0.535017745602743,0.13902918395212596
a2p20,friction_damping,1.7,friction_damping_1p7,5,1748.8804396237047,1360.104309546221,1766.128808997503,1399.7060081345821,1767.2879592570673,1397.9140114834793,0.7273691385737174,0.22565149198842738
a2p20,friction_damping,2.0,friction_damping_2,5,2004.2913701896366,1268.529934759104,2021.9944112725323,1301.4317669646136,2022.9431868810875,1301.4769056084076,0.8790492640423825,0.19068484867315036
a2p20,fshin_actuator_gain,0.0,fshin_actuator_gain_0,5,1774.9981709361527,915.628897528116,1722.3984992716382,998.578397327626,1736.3279085735078,962.816773493755,0.8496884583167587,0.3566827840987187
a2p20,fshin_actuator_gain,0.1,fshin_actuator_gain_0p1,5,1522.7179068604364,882.3375584126129,1500.361275012474,840.2105397917659,1510.3086296397244,854.8119203687462,0.7302484615269657,0.4137966264322621
a2p20,fshin_actuator_gain,0.2,fshin_actuator_gain_0p2,5,1261.556415838871,745.7450736129163,1365.0380753938489,808.8769423901566,1361.7859291739878,810.2396642124105,0.603726973979956,0.35083031819428484
a2p20,fshin_actuator_gain,0.3,fshin_actuator_gain_0p3,5,932.824398573913,646.5359944861624,817.9247836689617,664.069674728059,870.0601475349276,620.8064019594908,0.4161483178505742,0.2058484157155229
a2p20,fshin_actuator_gain,0.4,fshin_actuator_gain_0p4,5,637.1917488905219,559.6941468668646,540.7569161288877,575.7353774302412,574.1933643841073,562.4041525664455,0.26327199078421376,0.14322469996906695
a2p20,fshin_actuator_gain,0.5,fshin_actuator_gain_0p5,5,424.2968434603864,456.7831321856236,428.3264083845599,452.0101966165907,428.9727568655997,453.8507186465471,0.15838305203505193,0.08382935683291108
a2p20,fshin_actuator_gain,0.6,fshin_actuator_gain_0p6,5,299.8107212274031,337.004166031142,302.67725583186336,343.40391931094956,298.924577936439,337.0853643577197,0.10970220383956748,0.06342269947702255
a2p20,fshin_actuator_gain,0.7,fshin_actuator_gain_0p7,5,191.0756656591587,214.27128719441728,196.76697332856034,222.34179309595226,193.76194972933854,220.34287655692026,0.07007218328225118,0.040337969286601785
a2p20,fshin_actuator_gain,0.8,fshin_actuator_gain_0p8,5,84.5493260876729,99.36886875004254,87.82712069631953,100.16705569163996,86.16036767025898,100.59732325009607,0.030276123720733582,0.019337809101085252
a2p20,fshin_actuator_gain,0.9,fshin_actuator_gain_0p9,5,23.954959275003283,32.691294168020384,26.268504335740182,36.4928343877358,24.34065139012723,34.53700563125983,0.007845178095158934,0.007614700283010974
a2p20,fshin_actuator_gain,1.0,fshin_actuator_gain_1,5,0.0,0.0,0.0,0.0,0.0,0.0,0.0,0.0
a2p20,fshin_actuator_gain,1.1,fshin_actuator_gain_1p1,5,-23.504416927318424,15.147488863315663,-22.844803818983472,15.255865689672916,-21.495450559553454,10.802191890730354,-0.010758489998868763,0.006276693479080632
a2p20,fshin_actuator_gain,1.3,fshin_actuator_gain_1p3,5,28.806290236941457,124.37233754047915,-19.482317901502846,41.36724615030287,-21.133806377943028,37.61085584797269,-0.0027268042236410156,0.03672065204390977
a2p20,fshin_actuator_gain,1.5,fshin_actuator_gain_1p5,5,206.5965996980271,451.71904467180497,66.80515588796793,169.83539811967984,113.09487380846949,263.4641906560954,0.04319408665357237,0.11280450581512518
a2p20,fshin_actuator_gain,1.7,fshin_actuator_gain_1p7,5,281.7844981651805,526.8691633937891,145.43299704065598,288.1844235841041,178.8363972214892,358.27180314400124,0.07352549013898561,0.12938611601937644
a2p20,fshin_actuator_gain,2.0,fshin_actuator_gain_2,5,516.5819732090573,820.2486772220512,485.3881914716454,808.6223721618131,495.1552494257511,827.5146870993593,0.15430678080582017,0.1839692299693184
a2p20,fshin_damping,0.0,fshin_damping_0,5,933.0510138174948,1065.6719984498945,927.154510794357,1110.912166645037,923.1932859711421,1110.5126503365236,0.33989598238542096,0.19978745270263246
a2p20,fshin_damping,0.1,fshin_damping_0p1,5,758.2442536499242,951.3156611280837,703.9060153505794,841.9643619492463,733.5810891542269,903.3452642189577,0.2619094271635448,0.1954171211937089
a2p20,fshin_damping,0.2,fshin_damping_0p2,5,734.8846908796855,1011.0927379025833,748.7818531784619,1033.0712038372294,747.4362412677212,1034.2639908106014,0.2403417090328801,0.21444554747335484
a2p20,fshin_damping,0.3,fshin_damping_0p3,5,576.4470763003799,828.4402267002383,578.8372166691088,828.267683869061,560.4456639782913,796.8035049817533,0.1831068047562229,0.1793351662377463
a2p20,fshin_damping,0.4,fshin_damping_0p4,5,502.24925088605085,795.6795549460948,542.9006396016048,874.4703792431496,502.45985893193694,794.2923103784212,0.14847549389577502,0.17848213944931582
a2p20,fshin_damping,0.5,fshin_damping_0p5,5,336.5726599747953,564.5051729514473,227.97641606297734,352.8742886822531,267.8816590345053,434.07247440023,0.09495855190993367,0.12882683305676654
a2p20,fshin_damping,0.6,fshin_damping_0p6,5,144.41918698698737,246.7371696571323,112.62850130559063,184.91430894585878,109.91493101993073,179.43824746222833,0.040070741496851255,0.0569397013541729
a2p20,fshin_damping,0.7,fshin_damping_0p7,5,139.80412727445295,275.97354123042595,53.85309890468879,104.49630134184443,63.15173206952541,125.89759386988352,0.03314550751875428,0.06654482396172298
a2p20,fshin_damping,0.8,fshin_damping_0p8,5,53.55104180708022,115.60208699569576,8.42172307693436,15.150702559492538,0.947370655706527,9.332422998910355,0.011267202884044578,0.029023087697788906
a2p20,fshin_damping,0.9,fshin_damping_0p9,5,-3.7095750452876928,7.076127739889347,-10.736139729015758,13.616237802607595,-9.449628648510451,7.4095753384135845,-0.00294297840004712,0.0030124389948545023
a2p20,fshin_damping,1.0,fshin_damping_1,5,0.0,0.0,0.0,0.0,0.0,0.0,0.0,0.0
a2p20,fshin_damping,1.1,fshin_damping_1p1,5,17.393455726455613,18.120570277463028,19.1173470602349,20.337750443596025,18.736398862081295,19.1501036882537,0.006814897384452533,0.004982100309728949
a2p20,fshin_damping,1.3,fshin_damping_1p3,5,88.50392533867762,92.98035258663093,92.70782897091885,95.92306037611732,89.70249899502036,92.16054591104246,0.033448944500507,0.020564532227685967
a2p20,fshin_damping,1.5,fshin_damping_1p5,5,206.35406868367545,260.64628998208724,207.8612100512149,260.5886840664253,207.03387797690993,262.22359758852815,0.07088692856579545,0.056642822129727356
a2p20,fshin_damping,1.7,fshin_damping_1p7,5,278.9801942665754,345.76526427347295,283.66058977923285,348.6373704187389,280.9481326057902,348.05684811280645,0.0968969750385956,0.07361781553468529
a2p20,fshin_damping,2.0,fshin_damping_2,5,400.5454002353017,493.2346662964015,387.06138088018963,466.898067033843,390.63960173067454,475.3012831275666,0.139605862882271,0.10341362046615812
a2p20,fshin_friction,0.0,fshin_friction_0,5,0.0,0.0,0.0,0.0,0.0,0.0,0.0,0.0
a2p20,fshin_friction,0.1,fshin_friction_0p1,5,0.0,0.0,0.0,0.0,0.0,0.0,0.0,0.0
a2p20,fshin_friction,0.2,fshin_friction_0p2,5,0.0,0.0,0.0,0.0,0.0,0.0,0.0,0.0
a2p20,fshin_friction,0.3,fshin_friction_0p3,5,14.485285899423843,8.93501171955767,9.168993186703755,10.686709558236029,12.637476579446774,9.612469753468742,0.006732578589374686,0.003275522731114982
a2p20,fshin_friction,0.4,fshin_friction_0p4,5,14.485285899423843,8.93501171955767,9.168993186703755,10.686709558236029,12.637476579446774,9.612469753468742,0.006732578589374686,0.003275522731114982
a2p20,fshin_friction,0.5,fshin_friction_0p5,5,14.485285899423843,8.93501171955767,9.168993186703755,10.686709558236029,12.637476579446774,9.612469753468742,0.006732578589374686,0.003275522731114982
a2p20,fshin_friction,0.6,fshin_friction_0p6,5,14.485285899423843,8.93501171955767,9.168993186703755,10.686709558236029,12.637476579446774,9.612469753468742,0.006732578589374686,0.003275522731114982
a2p20,fshin_friction,0.7,fshin_friction_0p7,5,14.485285899423843,8.93501171955767,9.168993186703755,10.686709558236029,12.637476579446774,9.612469753468742,0.006732578589374686,0.003275522731114982
a2p20,fshin_friction,0.8,fshin_friction_0p8,5,14.485285899423843,8.93501171955767,9.168993186703755,10.686709558236029,12.637476579446774,9.612469753468742,0.006732578589374686,0.003275522731114982
a2p20,fshin_friction,0.9,fshin_friction_0p9,5,9.112614923408136,11.490578541513457,5.217756291101705,11.338945973865016,7.782705734078855,11.351770835036247,0.0033277030438567377,0.003972267608634337
a2p20,fshin_friction,1.0,fshin_friction_1,5,0.0,0.0,0.0,0.0,0.0,0.0,0.0,0.0
a2p20,fshin_friction,1.1,fshin_friction_1p1,5,0.0,0.0,0.0,0.0,0.0,0.0,0.0,0.0
a2p20,fshin_friction,1.3,fshin_friction_1p3,5,0.0,0.0,0.0,0.0,0.0,0.0,0.0,0.0
a2p20,fshin_friction,1.5,fshin_friction_1p5,5,14.485285899423843,8.93501171955767,9.168993186703755,10.686709558236029,12.637476579446774,9.612469753468742,0.006732578589374686,0.003275522731114982
a2p20,fshin_friction,1.7,fshin_friction_1p7,5,14.485285899423843,8.93501171955767,9.168993186703755,10.686709558236029,12.637476579446774,9.612469753468742,0.006732578589374686,0.003275522731114982
a2p20,fshin_friction,2.0,fshin_friction_2,5,14.485285899423843,8.93501171955767,9.168993186703755,10.686709558236029,12.637476579446774,9.612469753468742,0.006732578589374686,0.003275522731114982
a2p20,fthigh_actuator_gain,0.0,fthigh_actuator_gain_0,5,2039.9223327146333,134.553024490197,2035.2874190982006,123.55300418221361,2034.6340860475677,125.03788847339563,1.08170482703919,0.2646776007389674
a2p20,fthigh_actuator_gain,0.1,fthigh_actuator_gain_0p1,5,2014.531481444367,106.40416436682558,2015.6652853707976,105.2051313915116,2014.2519619733612,106.36119562316757,1.0780856093323732,0.2834461688506999
a2p20,fthigh_actuator_gain,0.2,fthigh_actuator_gain_0p2,5,1972.9187637686707,93.93802040976998,1975.1394296717808,92.45507692582292,1972.2942708767957,93.717543758697,1.0654077692090187,0.2966953832969662
a2p20,fthigh_actuator_gain,0.3,fthigh_actuator_gain_0p3,5,1873.85736880837,108.25784142764277,1873.8702419859414,115.12328475151459,1873.7078000323977,112.39092598772925,1.0207434392040808,0.2987465226016959
a2p20,fthigh_actuator_gain,0.4,fthigh_actuator_gain_0p4,5,1754.7054484002256,172.76320291720046,1793.5109595621975,185.37595646367157,1790.7266715443257,187.88582138865465,0.9703747704713596,0.31139952920910063
a2p20,fthigh_actuator_gain,0.5,fthigh_actuator_gain_0p5,5,1460.7640904170403,401.11346796543125,1444.1443041949763,445.4766271309507,1444.8964707644786,445.12720703083625,0.8220825707047149,0.363874477898883
a2p20,fthigh_actuator_gain,0.6,fthigh_actuator_gain_0p6,5,1078.2078067321913,533.4120508695887,1108.3249460232882,586.1725990857655,1105.6733099406702,587.2375378811354,0.6176895882856256,0.40173577319909975
a2p20,fthigh_actuator_gain,0.7,fthigh_actuator_gain_0p7,5,734.3691071930523,507.3410848551438,680.9323157395195,516.6473529304682,692.2168189926135,512.4866861104692,0.4246893491375535,0.3699080178345388
a2p20,fthigh_actuator_gain,0.8,fthigh_actuator_gain_0p8,5,299.67333843323377,174.1257151397614,206.51250617344505,66.93017407910277,237.50454013819814,88.38544043257367,0.16369385266872422,0.12589484382654453
a2p20,fthigh_actuator_gain,0.9,fthigh_actuator_gain_0p9,5,77.5041015820539,70.46538370544111,76.10662958320636,67.73045868738643,77.09419965590537,66.47504830181744,0.03185275410284208,0.016431391968732577
a2p20,fthigh_actuator_gain,1.0,fthigh_actuator_gain_1,5,0.0,0.0,0.0,0.0,0.0,0.0,0.0,0.0
a2p20,fthigh_actuator_gain,1.1,fthigh_actuator_gain_1p1,5,-30.394694399138736,23.69674261701641,-30.847124966469437,25.6432792674181,-30.029199895045032,26.488030305203036,-0.01671803880143784,0.015608586955393862
a2p20,fthigh_actuator_gain,1.3,fthigh_actuator_gain_1p3,5,136.64804431015023,216.50550355287825,-9.472132704831756,38.95011265273072,23.559070565650245,84.40671072285812,0.07181207037639746,0.1349009483591203
a2p20,fthigh_actuator_gain,1.5,fthigh_actuator_gain_1p5,5,579.5722867480954,657.2449370362943,513.8715082563173,694.4820599426546,516.6362781409032,694.6463104877889,0.2981807201248866,0.4050104958609164
a2p20,fthigh_actuator_gain,1.7,fthigh_actuator_gain_1p7,5,1341.0660260902605,793.728604441046,1316.077634543017,863.514642946966,1316.6526575134908,871.2568786026309,0.6532878433148203,0.40252002030559697
a2p20,fthigh_actuator_gain,2.0,fthigh_actuator_gain_2,5,1693.8309153368616,758.5213771449864,1834.128506293382,747.3470886626393,1797.5234423371403,775.5491212199687,0.8243115595625918,0.2871064501433748
a2p20,fthigh_damping,0.0,fthigh_damping_0,5,773.3657961820243,792.9579930027938,760.5179592503584,754.5485835562374,759.876561381235,761.5897673505436,0.29789922678495817,0.15345146291672604
a2p20,fthigh_damping,0.1,fthigh_damping_0p1,5,611.1235274371317,676.8688401416225,564.1804850160332,605.5784639187976,574.4544599301881,607.7310265941005,0.22645872872643888,0.12853048109897477
a2p20,fthigh_damping,0.2,fthigh_damping_0p2,5,468.2410833308448,499.9961974257973,448.4192423763801,479.0277644417402,452.94953493690616,477.8641595642952,0.1757600877943069,0.09204236990431415
a2p20,fthigh_damping,0.3,fthigh_damping_0p3,5,329.6532149911644,386.32333281855585,321.1850253923367,374.4224462487182,323.0565954622926,378.5347602947688,0.11922696085981895,0.07986426013719164
a2p20,fthigh_damping,0.4,fthigh_damping_0p4,5,270.56180377578556,328.8862014650102,255.954878724218,341.1384105930949,257.2942025896544,338.69862879281396,0.09624387542357873,0.07167754343765308
a2p20,fthigh_damping,0.5,fthigh_damping_0p5,5,170.3126825440244,285.91514316518976,169.16108844362407,281.9078079944998,170.2182506581085,283.0868011478695,0.04909631233967547,0.07105149927178583
a2p20,fthigh_damping,0.6,fthigh_damping_0p6,5,125.98674374671036,233.29250124102936,127.44637153923263,230.97641107811208,126.87566576522526,235.18835902814678,0.03337199604076299,0.061221745959111167
a2p20,fthigh_damping,0.7,fthigh_damping_0p7,5,65.17237556443338,142.0362841333577,64.9463481587085,151.09517076560613,64.17820418923911,147.08020750582133,0.01465021657344131,0.041570210984995803
a2p20,fthigh_damping,0.8,fthigh_damping_0p8,5,31.294295736543063,93.66870126745776,28.466878391569345,91.73651144312826,31.824999317318543,94.11005333318016,0.004223840257528127,0.033244385003660525
a2p20,fthigh_damping,0.9,fthigh_damping_0p9,5,5.604056557112744,40.48169044503976,0.09239127512437335,33.46509948781913,2.1609318357295253,33.6887544082365,-0.0024400562069468172,0.014307910573351968
a2p20,fthigh_damping,1.0,fthigh_damping_1,5,0.0,0.0,0.0,0.0,0.0,0.0,0.0,0.0
a2p20,fthigh_damping,1.1,fthigh_damping_1p1,5,22.28342213410142,21.536495480417376,17.862842570464682,19.574132787108393,19.608124605096418,21.65447758176689,0.013740264658468912,0.012523478911859657
a2p20,fthigh_damping,1.3,fthigh_damping_1p3,5,125.45841637438939,66.15573092832543,117.86821733258657,72.97975691309128,123.52019737830952,68.51638632828558,0.07118322188841618,0.04331916720469191
a2p20,fthigh_damping,1.5,fthigh_damping_1p5,5,286.88439547528,121.75333426570808,244.39439086844908,117.68877904976652,249.0677057486668,116.985520365091,0.14450723453227962,0.07078836804573943
a2p20,fthigh_damping,1.7,fthigh_damping_1p7,5,414.3916977056151,155.8097204577998,380.1115757246288,154.6236031988354,386.97264454332327,154.73565366887723,0.2144460285573778,0.10173000389717626
a2p20,fthigh_damping,2.0,fthigh_damping_2,5,585.5038904244095,204.5279767380564,577.9999787548621,206.2815024405727,579.403857598368,205.70809961849608,0.30746460842726386,0.14207718650631868
a2p20,fthigh_friction,0.0,fthigh_friction_0,5,0.0,0.0,0.0,0.0,0.0,0.0,0.0,0.0
a2p20,fthigh_friction,0.1,fthigh_friction_0p1,5,-2.522475127410871,4.944051249725307,-1.4411570156862126,2.8246677507449767,-1.9533915399970738,3.8286474183942643,-0.0016804078601615445,0.003293599405916627
a2p20,fthigh_friction,0.2,fthigh_friction_0p2,5,-14.485285899423843,8.93501171955767,-9.168993186703755,10.686709558236029,-12.637476579446774,9.612469753468742,-0.006789564669235923,0.0033058351103974377
a2p20,fthigh_friction,0.3,fthigh_friction_0p3,5,-14.485285899423843,8.93501171955767,-9.168993186703755,10.686709558236029,-12.637476579446774,9.612469753468742,-0.006789564669235923,0.0033058351103974377
a2p20,fthigh_friction,0.4,fthigh_friction_0p4,5,-14.485285899423843,8.93501171955767,-9.168993186703755,10.686709558236029,-12.637476579446774,9.612469753468742,-0.006789564669235923,0.0033058351103974377
a2p20,fthigh_friction,0.5,fthigh_friction_0p5,5,-5.810279234844165,11.388147300294564,-4.887431793192991,9.579366314658262,-5.799718404735176,11.367448073280945,-0.001394045438915238,0.002732329060273866
a2p20,fthigh_friction,0.6,fthigh_friction_0p6,5,0.0,0.0,0.0,0.0,0.0,0.0,0.0,0.0
a2p20,fthigh_friction,0.7,fthigh_friction_0p7,5,0.0,0.0,0.0,0.0,0.0,0.0,0.0,0.0
a2p20,fthigh_friction,0.8,fthigh_friction_0p8,5,0.0,0.0,0.0,0.0,0.0,0.0,0.0,0.0
a2p20,fthigh_friction,0.9,fthigh_friction_0p9,5,0.0,0.0,0.0,0.0,0.0,0.0,0.0,0.0
a2p20,fthigh_friction,1.0,fthigh_friction_1,5,0.0,0.0,0.0,0.0,0.0,0.0,0.0,0.0
a2p20,fthigh_friction,1.1,fthigh_friction_1p1,5,-2.522475127410871,4.944051249725307,-1.4411570156862126,2.8246677507449767,-1.9533915399970738,3.8286474183942643,-0.0016804078601615445,0.003293599405916627
a2p20,fthigh_friction,1.3,fthigh_friction_1p3,5,-14.485285899423843,8.93501171955767,-9.168993186703755,10.686709558236029,-12.637476579446774,9.612469753468742,-0.006789564669235923,0.0033058351103974377
a2p20,fthigh_friction,1.5,fthigh_friction_1p5,5,-14.485285899423843,8.93501171955767,-9.168993186703755,10.686709558236029,-12.637476579446774,9.612469753468742,-0.006789564669235923,0.0033058351103974377
a2p20,fthigh_friction,1.7,fthigh_friction_1p7,5,-14.485285899423843,8.93501171955767,-9.168993186703755,10.686709558236029,-12.637476579446774,9.612469753468742,-0.006789564669235923,0.0033058351103974377
a2p20,fthigh_friction,2.0,fthigh_friction_2,5,-5.810279234844165,11.388147300294564,-4.887431793192991,9.579366314658262,-5.799718404735176,11.367448073280945,-0.001394045438915238,0.002732329060273866
a2p20,gear,0.0,gear_0,5,2457.171943648328,1034.9040634420592,2460.7205237721746,1037.1565955711194,2458.9693511149826,1036.3231232767303,1.167544074846359,0.07636221541044229
a2p20,gear,0.1,gear_0p1,5,2468.5949956535924,1031.6543188607113,2472.0848961259035,1033.9257355164225,2470.388937724778,1033.0525528827354,1.1740137931896266,0.07513477093215759
a2p20,gear,0.2,gear_0p2,5,2478.338655844202,1039.0734828184718,2481.7618180480636,1041.299801592683,2480.0999715751645,1040.46465263242,1.1779216280749598,0.06862894710928022
a2p20,gear,0.3,gear_0p3,5,2483.8379673480945,1045.3730250060867,2487.3195067496904,1047.5513285047318,2485.6171364907855,1046.7984823550369,1.1797012286801827,0.06074747049300106
a2p20,gear,0.4,gear_0p4,5,2472.235177838153,1033.5533167439023,2475.7615872805995,1035.7282920533944,2474.0663069405296,1035.0008667726086,1.1750750467729965,0.05555151838965545
a2p20,gear,0.5,gear_0p5,5,2399.229827497095,1034.8865533155147,2398.0073869783823,1041.0624093896224,2396.021771939276,1040.629151978282,1.1350816894476918,0.037315218783909504
a2p20,gear,0.6,gear_0p6,5,2069.6103040378575,399.73407813017354,2071.7639942250826,398.98388433448747,2069.9185171097897,398.4159490322785,1.054923771817704,0.181344806358396
a2p20,gear,0.7,gear_0p7,5,1373.340398905569,373.6693925588049,1389.810542512498,475.35899052212545,1384.4975047819298,390.6297216863848,0.6991388072646906,0.2070837645133165
a2p20,gear,0.8,gear_0p8,5,737.9781475433913,196.4470853872988,654.5094390768343,245.47786190339102,661.3946578773517,242.37992044538103,0.37034626045027597,0.06776805661587812
a2p20,gear,0.9,gear_0p9,5,293.2424817902885,101.43254916914772,251.910785634397,69.88594589770675,249.94813887111667,68.342482345432,0.1427803407204975,0.015387912878867899
a2p20,gear,1.0,gear_1,5,0.0,0.0,0.0,0.0,0.0,0.0,0.0,0.0
a2p20,gear,1.1,gear_1p1,5,-99.31451105773394,30.379382264355343,-99.9478280995595,29.51192469146411,-99.31807801270907,29.261496109117687,-0.04997750580684458,0.013706642135127307
a2p20,gear,1.3,gear_1p3,5,353.32652915190874,673.2601989087148,386.97046853839447,781.2041364948573,360.67219497569675,732.16835646807,0.08592822314194512,0.1727698978177547
a2p20,gear,1.5,gear_1p5,5,967.8039094856207,1085.5810249000983,710.4693552199275,1180.2567825618648,834.4675353315073,1153.7989999561446,0.3545029573640872,0.2717971444563065
a2p20,gear,1.7,gear_1p7,5,1455.1221738946338,1341.8930125817735,1393.4104606553465,1430.1127274899127,1393.9927463157023,1395.9646365001565,0.5764445235782105,0.25552220099104306
a2p20,gear,2.0,gear_2,5,1914.9866003595412,1181.5706376036358,2018.5975637744955,1118.3930983279583,1985.6413423516817,1138.9131097656368,0.8522596221458212,0.1445254329724398
a2p20,gravity,0.0,gravity_0,5,-620.0768860151907,409.1985807441989,-538.1689004238378,418.3718182922236,-566.2914938409881,412.2878639306739,-0.43659961970176847,0.2831180904957729
a2p20,gravity,0.1,gravity_0p1,5,-572.8256572851002,375.43289411996193,-497.2376331313506,382.52888585371306,-520.0293285802233,371.1752608428787,-0.40616518300987003,0.2704026287058981
a2p20,gravity,0.2,gravity_0p2,5,-516.7342349379298,348.0461202523034,-440.98727433963876,357.68217870709026,-465.2822719419232,347.47453994999006,-0.37108472199726233,0.2670585120855052
a2p20,gravity,0.3,gravity_0p3,5,-469.1365978436594,298.00992913913694,-388.6774957264555,289.0566112102807,-420.081944258278,292.90681760563456,-0.3444451247879502,0.2555563110622729
a2p20,gravity,0.4,gravity_0p4,5,-420.38992246874716,277.75201206541743,-344.35295520176555,274.6587511948453,-370.4678186835819,270.10283221804013,-0.3130936166412347,0.2517575406712246
a2p20,gravity,0.5,gravity_0p5,5,-354.7595318081134,231.74460652884804,-292.2786847914207,221.3089344599463,-316.7095781872316,219.23942368345038,-0.2647934839137486,0.21253565329315435
a2p20,gravity,0.6,gravity_0p6,5,-305.90153857740404,193.1661041191951,-246.30187055633633,183.8185017009491,-271.28480742776736,178.53874300534378,-0.2347194814023573,0.19909342757157916
a2p20,gravity,0.7,gravity_0p7,5,-254.98821140735836,171.4884156379318,-192.37864555347375,149.41894384174813,-218.60207541358878,150.3821694994473,-0.20387187866269235,0.19721096380763986
a2p20,gravity,0.8,gravity_0p8,5,-171.609611829018,121.23614153021636,-114.75473881797011,87.78177378788818,-144.22980863701216,96.66011795567556,-0.14345418479791583,0.15312489500289003
a2p20,gravity,0.9,gravity_0p9,5,-78.0209036059126,83.2188037582143,-61.51561669736812,39.85078801062445,-87.8607765961159,66.40381582117111,-0.08091443082090878,0.11777464158692068
a2p20,gravity,1.0,gravity_1,5,0.0,0.0,0.0,0.0,0.0,0.0,0.0,0.0
a2p20,gravity,1.1,gravity_1p1,5,57.620651131245815,22.080121655881914,42.2317078948246,19.50565125911128,65.58473460538698,45.54333517683554,0.04653751905289219,0.03471854832158783
a2p20,gravity,1.3,gravity_1p3,5,185.72737562969021,132.57720836061594,174.19031107144775,120.66598282786305,199.31705952290366,123.64265956475631,0.118529318684965,0.046797623551708044
a2p20,gravity,1.5,gravity_1p5,5,369.93816608564987,237.84556979530296,544.1732358206167,468.0380700618496,449.8685665731772,323.90788651073046,0.27144214943985523,0.20336045052903653
a2p20,gravity,1.7,gravity_1p7,5,547.91331368349,378.8859536890224,676.1772772682236,508.4167250003327,649.8532510949326,475.6957747023009,0.3928288967244665,0.29015045715652454
a2p20,gravity,2.0,gravity_2,5,787.186392058174,544.8051149106695,875.4734956035711,602.8668956880917,850.9250203960491,580.0985198940718,0.5470963701066963,0.3550934133566412
a2p40,bfoot_actuator_gain,0.0,bfoot_actuator_gain_0,5,471.1210516656062,512.6605379129611,434.306651967181,482.7176379400306,435.9992002494472,485.04783515481745,0.17199287056348908,0.10242275447908689
a2p40,bfoot_actuator_gain,0.1,bfoot_actuator_gain_0p1,5,369.8881276046565,414.7096887104415,361.35293641174275,398.9252695120937,360.50766792440714,399.92883906442523,0.13328311440869264,0.0825154699704342
a2p40,bfoot_actuator_gain,0.2,bfoot_actuator_gain_0p2,5,310.5048087124514,334.0988153818377,309.28450517625424,323.2012772642134,305.7453191720858,324.8258141453109,0.11376329811570243,0.06411414001243396
a2p40,bfoot_actuator_gain,0.3,bfoot_actuator_gain_0p3,5,259.9495905153877,270.3034387872695,263.13476101883504,274.31586807911737,259.8727215346136,270.098300832768,0.09655393988044952,0.0510875965024978
a2p40,bfoot_actuator_gain,0.4,bfoot_actuator_gain_0p4,5,194.90927017936934,205.1646662581417,196.43005744197035,203.0787157529738,196.20812852759423,204.4345920262931,0.07217715658258798,0.03977842969785542
a2p40,bfoot_actuator_gain,0.5,bfoot_actuator_gain_0p5,5,156.99549699311666,149.20422973891652,156.57580837528636,146.23645863344984,154.310288694186,146.82776218917184,0.06027617395697482,0.02731672898770441
a2p40,bfoot_actuator_gain,0.6,bfoot_actuator_gain_0p6,5,100.75376375270021,91.24303150393594,97.82116238428507,89.75997620997582,97.73996922417386,87.59498769133592,0.039406105574206915,0.017831629528769308
a2p40,bfoot_actuator_gain,0.7,bfoot_actuator_gain_0p7,5,71.59419125866233,49.009354385725196,72.69669524429455,52.97483094685937,71.08197014194548,52.728825169253454,0.0302852496359665,0.00863924974373199
a2p40,bfoot_actuator_gain,0.8,bfoot_actuator_gain_0p8,5,66.1398774010479,78.86657440505398,38.76380688332665,20.526926512080472,37.790408891730614,22.87339374572566,0.023175902702478407,0.017260077214947808
a2p40,bfoot_actuator_gain,0.9,bfoot_actuator_gain_0p9,5,26.55764396734612,10.47513486808548,24.86180105202966,10.647659666730274,25.53830309604905,7.290261019894761,0.012819607746997863,0.005176678968379182
a2p40,bfoot_actuator_gain,1.0,bfoot_actuator_gain_1,5,0.0,0.0,0.0,0.0,0.0,0.0,0.0,0.0
a2p40,bfoot_actuator_gain,1.1,bfoot_actuator_gain_1p1,5,-2.3715274789198704,15.108907994169922,-3.6090893679107467,17.69616749589383,-3.501663895482261,14.067942446604693,0.00039329881536215826,0.006277697229858678
a2p40,bfoot_actuator_gain,1.3,bfoot_actuator_gain_1p3,5,11.446197589527083,16.135083956856285,6.499678688793892,16.836310144947316,7.023620511039144,16.396217485258642,0.005287106502344108,0.00898160456257954
a2p40,bfoot_actuator_gain,1.5,bfoot_actuator_gain_1p5,5,54.394777423493,70.07569899457341,52.540197144596775,59.581569132546115,51.291845507075,63.01225726754985,0.019298971573228636,0.021354181474125152
a2p40,bfoot_actuator_gain,1.7,bfoot_actuator_gain_1p7,5,55.16718275416624,88.85360554506654,56.70930705900323,86.87991242435585,55.383666717770396,91.64492748925787,0.018038186554129476,0.031796038980320115
a2p40,bfoot_actuator_gain,2.0,bfoot_actuator_gain_2,5,89.36147994169596,120.39965077896555,92.48688815301198,115.85857423758982,91.46530605799676,118.46216964349598,0.033351050130352895,0.04709932258117416
a2p40,bfoot_damping,0.0,bfoot_damping_0,5,323.59642651365516,302.3406228779107,314.2303448657886,294.79936819163095,317.0924923818377,295.218063958713,0.12716933063970487,0.06656674400531189
a2p40,bfoot_damping,0.1,bfoot_damping_0p1,5,240.57188714603436,257.0381538501073,237.1522607124059,257.53600510195713,237.86390391204736,255.20670977266644,0.09011197683294195,0.05822076635020574
a2p40,bfoot_damping,0.2,bfoot_damping_0p2,5,164.95815733748205,148.64762933692091,172.52926081652225,157.99729020106534,164.75015143990896,149.28935273069104,0.06571717025318108,0.03339814903451411
a2p40,bfoot_damping,0.3,bfoot_damping_0p3,5,114.53156434092348,116.64208095849588,116.43140141839767,125.91756500360778,114.14612560685377,121.1781575958951,0.04393653220657105,0.027800732163681025
a2p40,bfoot_damping,0.4,bfoot_damping_0p4,5,81.76931250501066,91.59233349369514,89.14474517183831,98.46167752064079,85.25876151663401,91.03427740682106,0.03028683607373537,0.02310649448401225
a2p40,bfoot_damping,0.5,bfoot_damping_0p5,5,57.50331822621479,72.12512000946577,57.101449633001494,76.58021355945554,56.33857157448779,75.32387274613319,0.020153829948672035,0.018372078465832994
a2p40,bfoot_damping,0.6,bfoot_damping_0p6,5,32.15122932380541,43.24484666346622,32.01629599653438,41.83913305702829,30.102388719220563,41.513774073705655,0.010966303613588168,0.012442061300401775
a2p40,bfoot_damping,0.7,bfoot_damping_0p7,5,6.537766324544509,12.718858902614935,13.867943522287806,15.664501711671393,7.243632176727351,12.48191514005332,0.003072009462750837,0.007284132047922017
a2p40,bfoot_damping,0.8,bfoot_damping_0p8,5,1.294001641419436,12.824555418696113,0.9975351225477425,14.18013080896079,-1.242481869637686,11.71493649442858,0.0005431816465989875,0.007501699947675446
a2p40,bfoot_damping,0.9,bfoot_damping_0p9,5,1.8327465405100611,10.397314902972509,-1.8418539869216601,13.21857157339245,-2.644652102018745,10.455747749325715,0.0006830540421117256,0.006039600008850752
a2p40,bfoot_damping,1.0,bfoot_damping_1,5,0.0,0.0,0.0,0.0,0.0,0.0,0.0,0.0
a2p40,bfoot_damping,1.1,bfoot_damping_1p1,5,12.672946150949656,8.257053380168482,13.984830552211179,12.706570471688146,9.727865177857074,8.298235690000817,0.005936336650730104,0.0040578395214237156
a2p40,bfoot_damping,1.3,bfoot_damping_1p3,5,24.34006790747585,24.16654511361424,23.345731323508197,20.937396385022677,22.335356153312794,21.692325240618135,0.0092155747453158,0.004364466190931217
a2p40,bfoot_damping,1.5,bfoot_damping_1p5,5,43.496544379327,37.777891640509154,47.30961752268517,37.4986570961221,44.61805063528222,38.581955401361924,0.017418956406636894,0.00833699696644491
a2p40,bfoot_damping,1.7,bfoot_damping_1p7,5,64.67857394569015,54.56194179221558,63.626031666806874,50.51667886096136,62.88048189738365,50.80446021975201,0.026026354756099747,0.0114653161424157
a2p40,bfoot_damping,2.0,bfoot_damping_2,5,83.7523451255477,85.60850829274472,78.57329195371521,81.85144593724613,80.65521841292107,82.80740212750277,0.03146357667615009,0.017095769697505342
a2p40,bfoot_friction,0.0,bfoot_friction_0,5,0.0,0.0,0.0,0.0,0.0,0.0,0.0,0.0
a2p40,bfoot_friction,0.1,bfoot_friction_0p1,5,-1.3980977030074881,2.740271497894677,-4.736580989542517,9.283698739503333,-2.809103411329988,5.505842686206777,-0.000808056836555502,0.0015837913996487839
a2p40,bfoot_friction,0.2,bfoot_friction_0p2,5,-1.3980977030074881,2.740271497894677,-4.736580989542517,9.283698739503333,-2.809103411329988,5.505842686206777,-0.000808056836555502,0.0015837913996487839
a2p40,bfoot_friction,0.3,bfoot_friction_0p3,5,-1.3980977030074881,2.740271497894677,-4.736580989542517,9.283698739503333,-2.809103411329988,5.505842686206777,-0.000808056836555502,0.0015837913996487839
a2p40,bfoot_friction,0.4,bfoot_friction_0p4,5,-1.3980977030074881,2.740271497894677,-4.736580989542517,9.283698739503333,-2.809103411329988,5.505842686206777,-0.000808056836555502,0.0015837913996487839
a2p40,bfoot_friction,0.5,bfoot_friction_0p5,5,-1.3980977030074881,2.740271497894677,-4.736580989542517,9.283698739503333,-2.809103411329988,5.505842686206777,-0.000808056836555502,0.0015837913996487839
a2p40,bfoot_friction,0.6,bfoot_friction_0p6,5,-1.3980977030074881,2.740271497894677,-4.736580989542517,9.283698739503333,-2.809103411329988,5.505842686206777,-0.000808056836555502,0.0015837913996487839
a2p40,bfoot_friction,0.7,bfoot_friction_0p7,5,-1.3980977030074881,2.740271497894677,-4.736580989542517,9.283698739503333,-2.809103411329988,5.505842686206777,-0.000808056836555502,0.0015837913996487839
a2p40,bfoot_friction,0.8,bfoot_friction_0p8,5,-1.3980977030074881,2.740271497894677,-4.736580989542517,9.283698739503333,-2.809103411329988,5.505842686206777,-0.000808056836555502,0.0015837913996487839
a2p40,bfoot_friction,0.9,bfoot_friction_0p9,5,-1.3980977030074881,2.740271497894677,-4.736580989542517,9.283698739503333,-2.809103411329988,5.505842686206777,-0.000808056836555502,0.0015837913996487839
a2p40,bfoot_friction,1.0,bfoot_friction_1,5,0.0,0.0,0.0,0.0,0.0,0.0,0.0,0.0
a2p40,bfoot_friction,1.1,bfoot_friction_1p1,5,-1.3980977030074881,2.740271497894677,-4.736580989542517,9.283698739503333,-2.809103411329988,5.505842686206777,-0.000808056836555502,0.0015837913996487839
a2p40,bfoot_friction,1.3,bfoot_friction_1p3,5,-1.3980977030074881,2.740271497894677,-4.736580989542517,9.283698739503333,-2.809103411329988,5.505842686206777,-0.000808056836555502,0.0015837913996487839
a2p40,bfoot_friction,1.5,bfoot_friction_1p5,5,-1.3980977030074881,2.740271497894677,-4.736580989542517,9.283698739503333,-2.809103411329988,5.505842686206777,-0.000808056836555502,0.0015837913996487839
a2p40,bfoot_friction,1.7,bfoot_friction_1p7,5,-1.3980977030074881,2.740271497894677,-4.736580989542517,9.283698739503333,-2.809103411329988,5.505842686206777,-0.000808056836555502,0.0015837913996487839
a2p40,bfoot_friction,2.0,bfoot_friction_2,5,-1.3980977030074881,2.740271497894677,-4.736580989542517,9.283698739503333,-2.809103411329988,5.505842686206777,-0.000808056836555502,0.0015837913996487839
a2p40,bshin_actuator_gain,0.0,bshin_actuator_gain_0,5,2021.7162311845325,150.4423841063974,1987.5902360685784,83.36370945100774,1989.2798719670827,91.67254475530525,1.0233913054757344,0.22783847134738752
a2p40,bshin_actuator_gain,0.1,bshin_actuator_gain_0p1,5,1777.869616184326,198.4010815758115,1771.8361743380124,208.06295384039137,1769.2341919069652,206.1233731970573,0.9400584162537842,0.29775527140277713
a2p40,bshin_actuator_gain,0.2,bshin_actuator_gain_0p2,5,1582.274040996716,358.68720643405646,1565.5913925030081,380.236685725881,1567.5469765630705,373.8562037919713,0.8546881402746557,0.33118066205203484
a2p40,bshin_actuator_gain,0.3,bshin_actuator_gain_0p3,5,1407.6813657355774,419.9807583655242,1397.1372674921372,432.0438584927309,1398.0637013281587,429.08028811632363,0.7664470181248485,0.33386174262377627
a2p40,bshin_actuator_gain,0.4,bshin_actuator_gain_0p4,5,1118.05290985909,455.77487973570703,1117.244318113128,460.52736083754195,1115.6402697487608,458.0034611009054,0.6052951285426896,0.31243426552170356
a2p40,bshin_actuator_gain,0.5,bshin_actuator_gain_0p5,5,946.2629110371174,483.9386780984982,952.7586735301508,511.9952744735265,951.5628772225893,508.6866886594883,0.5100893545528263,0.31260924827081427
a2p40,bshin_actuator_gain,0.6,bshin_actuator_gain_0p6,5,716.633393004956,386.4584370123789,806.1015434763285,565.091744565549,756.0022325854759,469.05468340082876,0.3877477558534425,0.24678223483449785
a2p40,bshin_actuator_gain,0.7,bshin_actuator_gain_0p7,5,469.00230144283216,219.2082959400427,376.0749490558237,86.10703977978042,419.5559125738315,135.3459468782271,0.2525550607384711,0.1443325073402906
a2p40,bshin_actuator_gain,0.8,bshin_actuator_gain_0p8,5,210.60059722638061,57.86550920185799,211.26670674194142,54.9760447974493,210.14403862276467,55.58461523625931,0.10938226643359164,0.044159268109027115
a2p40,bshin_actuator_gain,0.9,bshin_actuator_gain_0p9,5,74.34778516043484,35.56210408898652,78.68213737251267,32.29806686368848,75.53016179098832,33.551763788522535,0.039994125519146585,0.023360190131350645
a2p40,bshin_actuator_gain,1.0,bshin_actuator_gain_1,5,0.0,0.0,0.0,0.0,0.0,0.0,0.0,0.0
a2p40,bshin_actuator_gain,1.1,bshin_actuator_gain_1p1,5,-19.851893042116945,36.40398214071318,-23.462780065733615,41.3415633315782,-25.32820991545259,41.96450381878428,-0.006926115093819002,0.01727191090417577
a2p40,bshin_actuator_gain,1.3,bshin_actuator_gain_1p3,5,12.785322022783067,52.14611959508965,11.072725651227847,59.71697769249271,10.255819026729341,56.55842947479872,0.011015534784244465,0.02699246310349287
a2p40,bshin_actuator_gain,1.5,bshin_actuator_gain_1p5,5,80.89072318518656,62.28335404642643,78.02169132290737,72.61618749031511,79.9567681251031,68.80730146950465,0.049506773936683124,0.032625110084254734
a2p40,bshin_actuator_gain,1.7,bshin_actuator_gain_1p7,5,111.20880216228821,80.59901729855805,100.87358185584885,94.68859533537758,100.8887753800188,98.15370691704717,0.06734780951771559,0.04258427235359447
a2p40,bshin_actuator_gain,2.0,bshin_actuator_gain_2,5,210.40408610085697,92.31262865594256,171.16181853543952,142.96121546454052,172.10941561202148,143.9242590759287,0.11404318971879952,0.06189805749640153
a2p40,bshin_damping,0.0,bshin_damping_0,5,1557.2954736789252,1008.5017785304861,1564.0008699717011,1018.5723703369773,1565.1043669425712,1018.6646575385283,0.667868927392359,0.16486494535717008
a2p40,bshin_damping,0.1,bshin_damping_0p1,5,1325.6451850879148,815.220603098689,1353.9953111098234,868.1837593824628,1351.1223366897775,862.3472675733808,0.574660532671427,0.13432488807984982
a2p40,bshin_damping,0.2,bshin_damping_0p2,5,1093.083764497634,669.5832882353117,1121.9757430943714,735.8902587395285,1116.6874904587207,722.611265013734,0.47599536983701096,0.1301580218424159
a2p40,bshin_damping,0.3,bshin_damping_0p3,5,707.1804956897641,283.56147997292317,682.228621054697,253.26563089951773,680.4191971413051,245.22488945901478,0.33426420675606666,0.10650471887344351
a2p40,bshin_damping,0.4,bshin_damping_0p4,5,452.4282357390395,161.1399960160985,449.7172377328367,158.88273741797946,450.2412144615308,158.94903699797845,0.2296704433461474,0.10696374373115211
a2p40,bshin_damping,0.5,bshin_damping_0p5,5,377.68907835806556,167.2468800375601,359.1334985830557,152.03043256979439,354.2402466809268,149.57288851048662,0.18350865803199135,0.08839408938212047
a2p40,bshin_damping,0.6,bshin_damping_0p6,5,250.98451898238176,128.82919894788353,224.87322845612607,129.8074666468731,226.25712393239502,129.29367204142338,0.12694420166013115,0.07994876689092095
a2p40,bshin_damping,0.7,bshin_damping_0p7,5,126.87682898832773,108.30993652392631,126.41986666274002,104.45782496790143,124.24073901580554,106.72182841236645,0.07251908846075471,0.0664837325629726
a2p40,bshin_damping,0.8,bshin_damping_0p8,5,105.91908689982574,82.52708042290979,57.62334446730415,67.69176758519068,59.415124293738515,68.31754929271334,0.047108749296964424,0.035506021427086636
a2p40,bshin_damping,0.9,bshin_damping_0p9,5,19.548618319832713,32.90467582637567,21.42824692412528,33.48960602344974,21.780069358626452,32.96816404167283,0.011898755805014979,0.019202640418325742
a2p40,bshin_damping,1.0,bshin_damping_1,5,0.0,0.0,0.0,0.0,0.0,0.0,0.0,0.0
a2p40,bshin_damping,1.1,bshin_damping_1p1,5,52.5440200758339,25.388066357809812,53.905624861837666,26.511587967656244,54.455563162325554,25.38493625659549,0.026085830051813187,0.014817977783668296
a2p40,bshin_damping,1.3,bshin_damping_1p3,5,218.65642793198535,70.46343479628531,221.82325024376073,70.49378036858678,220.64584888919126,70.52456392565111,0.11263279643337291,0.0495385775649847
a2p40,bshin_damping,1.5,bshin_damping_1p5,5,417.10458901507843,98.0867116640091,415.5789937974126,98.02993607080401,414.201345481921,97.6450423220247,0.21302610252340246,0.07536612629784885
a2p40,bshin_damping,1.7,bshin_damping_1p7,5,599.4055446280174,120.38717213730456,598.5963596950686,121.32663988636024,599.1381854917657,120.69071682513837,0.3078986613143032,0.1030816669812168
a2p40,bshin_damping,2.0,bshin_damping_2,5,923.7486700521804,148.12568071446654,924.0558771099564,148.90043579142034,922.1789076699888,150.6431966941207,0.4783741829587827,0.1549535498739074
a2p40,bshin_friction,0.0,bshin_friction_0,5,0.0,0.0,0.0,0.0,0.0,0.0,0.0,0.0
a2p40,bshin_friction,0.1,bshin_friction_0p1,5,0.0,0.0,0.0,0.0,0.0,0.0,0.0,0.0
a2p40,bshin_friction,0.2,bshin_friction_0p2,5,1.3980977030074881,2.740271497894677,4.736580989542517,9.283698739503333,2.809103411329988,5.505842686206777,0.0008048051948565061,0.001577418181918752
a2p40,bshin_friction,0.3,bshin_friction_0p3,5,-3.881603887033589,11.347823731800599,-4.7393818182822995,22.74536748294554,-4.551345207511668,16.677906679974242,-0.0004834068794193994,0.0032946554308279224
a2p40,bshin_friction,0.4,bshin_friction_0p4,5,-7.261215438407907,10.421361993998943,-10.071936251233229,19.013306881231973,-9.139731293013346,14.055734884439964,-0.002479266772406498,0.003292339690987285
a2p40,bshin_friction,0.5,bshin_friction_0p5,5,0.0,0.0,0.0,0.0,0.0,0.0,0.0,0.0
a2p40,bshin_friction,0.6,bshin_friction_0p6,5,0.0,0.0,0.0,0.0,0.0,0.0,0.0,0.0
a2p40,bshin_friction,0.7,bshin_friction_0p7,5,0.0,0.0,0.0,0.0,0.0,0.0,0.0,0.0
a2p40,bshin_friction,0.8,bshin_friction_0p8,5,0.0,0.0,0.0,0.0,0.0,0.0,0.0,0.0
a2p40,bshin_friction,0.9,bshin_friction_0p9,5,0.0,0.0,0.0,0.0,0.0,0.0,0.0,0.0
a2p40,bshin_friction,1.0,bshin_friction_1,5,0.0,0.0,0.0,0.0,0.0,0.0,0.0,0.0
a2p40,bshin_friction,1.1,bshin_friction_1p1,5,0.0,0.0,0.0,0.0,0.0,0.0,0.0,0.0
a2p40,bshin_friction,1.3,bshin_friction_1p3,5,1.3980977030074881,2.740271497894677,4.736580989542517,9.283698739503333,2.809103411329988,5.505842686206777,0.0008048051948565061,0.001577418181918752
a2p40,bshin_friction,1.5,bshin_friction_1p5,5,-3.881603887033589,11.347823731800599,-4.7393818182822995,22.74536748294554,-4.551345207511668,16.677906679974242,-0.0004834068794193994,0.0032946554308279224
a2p40,bshin_friction,1.7,bshin_friction_1p7,5,-7.261215438407907,10.421361993998943,-10.071936251233229,19.013306881231973,-9.139731293013346,14.055734884439964,-0.002479266772406498,0.003292339690987285
a2p40,bshin_friction,2.0,bshin_friction_2,5,0.0,0.0,0.0,0.0,0.0,0.0,0.0,0.0
a2p40,bthigh_actuator_gain,0.0,bthigh_actuator_gain_0,5,1962.311980073767,976.741474490748,1976.0842331798347,968.1455279051488,1975.7022023265909,970.546757290833,0.8794459542656009,0.1271040169185039
a2p40,bthigh_actuator_gain,0.1,bthigh_actuator_gain_0p1,5,1808.2370409737669,1022.4560265200581,1867.0286206907483,1036.2724551844153,1847.969104244193,1033.5780109070104,0.7932822965075068,0.14292701874720107
a2p40,bthigh_actuator_gain,0.2,bthigh_actuator_gain_0p2,5,1626.0876074928756,1028.8652588848743,1542.221504681625,1058.7319122175832,1611.2100712160122,1041.3349031906735,0.6971727165214535,0.14492641853215713
a2p40,bthigh_actuator_gain,0.3,bthigh_actuator_gain_0p3,5,1311.055175346883,893.4612619462767,1252.0982332405554,883.9685869893376,1244.2514420780353,877.5469490725084,0.5527121294513243,0.13168194431485078
a2p40,bthigh_actuator_gain,0.4,bthigh_actuator_gain_0p4,5,993.0995718566401,700.6064096595476,945.9626041205772,679.6001881332227,946.1214680672354,678.49478671175,0.41613023946159633,0.12480192850411143
a2p40,bthigh_actuator_gain,0.5,bthigh_actuator_gain_0p5,5,682.7849108641269,491.1254960657473,666.8482979685934,498.95983883055385,670.2019713344964,503.04470733490786,0.2868467559342377,0.11622367050199309
a2p40,bthigh_actuator_gain,0.6,bthigh_actuator_gain_0p6,5,454.4399802207193,348.77352128587114,448.6688553435477,336.5436899431646,450.27196571235754,342.2128842328021,0.18843653915409536,0.08728996047167392
a2p40,bthigh_actuator_gain,0.7,bthigh_actuator_gain_0p7,5,326.81468068811876,303.69408813500644,325.84608614969704,297.92113297740934,324.0662345257821,296.24148049513065,0.12741492675290456,0.06762627400663693
a2p40,bthigh_actuator_gain,0.8,bthigh_actuator_gain_0p8,5,207.69261986018114,210.3954103279055,211.43768445605832,214.09091843550993,209.49798096604292,212.28895575320368,0.07851731505887058,0.048191304950473454
a2p40,bthigh_actuator_gain,0.9,bthigh_actuator_gain_0p9,5,40.73622414734778,32.2092271645697,38.180718467260704,29.015863736999147,36.733254998597474,26.552119972671438,0.019146264817877505,0.01755111812819407
a2p40,bthigh_actuator_gain,1.0,bthigh_actuator_gain_1,5,0.0,0.0,0.0,0.0,0.0,0.0,0.0,0.0
a2p40,bthigh_actuator_gain,1.1,bthigh_actuator_gain_1p1,5,-2.8910486798015427,53.94674488313339,-8.415118339404989,59.3540283468905,-8.302049707784363,60.28837230897855,0.005609027914746813,0.018515110737176578
a2p40,bthigh_actuator_gain,1.3,bthigh_actuator_gain_1p3,5,68.40538263800872,102.107427876347,45.52512190617622,152.75988510248902,46.682307077099495,147.11656155106294,0.0493575790664603,0.04253410649401758
a2p40,bthigh_actuator_gain,1.5,bthigh_actuator_gain_1p5,5,195.4580254267183,244.50354924358544,171.33908948603434,289.8634476213436,167.1560313855195,292.78416480879946,0.13489607170926804,0.1038553028060698
a2p40,bthigh_actuator_gain,1.7,bthigh_actuator_gain_1p7,5,740.4171369057059,314.84673569537955,723.4259627006644,280.28198567907145,704.2807334282588,252.81471477915179,0.3410000500721742,0.05920778230380192
a2p40,bthigh_actuator_gain,2.0,bthigh_actuator_gain_2,5,1297.595443658083,798.6557350163156,1331.4935417949775,885.6402926300664,1320.589947027159,856.6013679081766,0.5610141379676387,0.11613550623095859
a2p40,bthigh_damping,0.0,bthigh_damping_0,5,2468.9827504248956,1423.572711593734,2544.9780516889286,1499.7056306508405,2539.9363367283477,1504.160678382124,1.1094596138741255,0.43804156947142603
a2p40,bthigh_damping,0.1,bthigh_damping_0p1,5,2149.57600648111,1383.57725701311,2166.364674426026,1420.684647361768,2166.4770249476023,1421.4910180582474,0.9417047238790095,0.38132810840928605
a2p40,bthigh_damping,0.2,bthigh_damping_0p2,5,1753.476408539121,1243.1921927561127,1782.4921298392178,1308.6008568008897,1767.350695248643,1273.1947573946707,0.7475962264094862,0.29983552199470165
a2p40,bthigh_damping,0.3,bthigh_damping_0p3,5,1306.8739544371324,993.6294641007571,1325.8784595742984,1044.5629786011668,1318.4034159533576,1022.2262173275091,0.5467820021652978,0.22870678986044427
a2p40,bthigh_damping,0.4,bthigh_damping_0p4,5,851.4759670021274,622.568994044653,920.4353951750239,754.8906395927107,892.5516596798236,697.403635404402,0.3616473149760572,0.15810224812953244
a2p40,bthigh_damping,0.5,bthigh_damping_0p5,5,596.308925866984,485.463311801276,665.5740953229217,606.6542841888213,619.8929759041469,527.2530937207473,0.24737489641797294,0.12822626362588055
a2p40,bthigh_damping,0.6,bthigh_damping_0p6,5,123.39318159660775,219.46598770895187,85.30339162573696,265.0198187767656,89.45038630244149,263.81442303285434,0.08882887566091026,0.10889824360395174
a2p40,bthigh_damping,0.7,bthigh_damping_0p7,5,54.50071608257913,108.5242928070151,18.450680506910885,161.08199882568493,18.71330701557158,159.906865460991,0.03950593643842122,0.056182217559469776
a2p40,bthigh_damping,0.8,bthigh_damping_0p8,5,0.9302813679960309,80.72021595362746,-2.487995222734253,90.36775556838704,-4.164622111129438,87.39779989660417,0.010971169623501642,0.03095001524671404
a2p40,bthigh_damping,0.9,bthigh_damping_0p9,5,-15.125168740314848,49.572990210568854,-15.903297030707972,59.43929728931321,-16.541856058223722,54.90680930399213,-0.0010824509862943593,0.015937234162808345
a2p40,bthigh_damping,1.0,bthigh_damping_1,5,0.0,0.0,0.0,0.0,0.0,0.0,0.0,0.0
a2p40,bthigh_damping,1.1,bthigh_damping_1p1,5,18.03040691027936,16.922977113964524,11.408575872056554,13.585575732707534,12.89637719556681,13.973072408958332,0.00885042966690382,0.010033863189922049
a2p40,bthigh_damping,1.3,bthigh_damping_1p3,5,181.11789047580928,186.8973161972062,176.1595506782092,186.45336258368522,177.3716354994584,183.27604253796784,0.06748128255042676,0.03628994187088008
a2p40,bthigh_damping,1.5,bthigh_damping_1p5,5,294.4170982474363,250.84799115089353,273.7475998780891,259.7637972695252,273.107296559632,254.2421145102823,0.11722688722547474,0.04373439881990774
a2p40,bthigh_damping,1.7,bthigh_damping_1p7,5,424.44123253172876,423.95332731761806,404.89784495837944,435.86273377363585,405.53245604786787,433.791520994205,0.16010597317028386,0.07890361296322522
a2p40,bthigh_damping,2.0,bthigh_damping_2,5,619.2863848162511,695.8308638484416,607.0499164854231,678.6635915329414,606.6231423649618,673.0505300972147,0.22313108249925726,0.1371411951742248
a2p40,bthigh_friction,0.0,bthigh_friction_0,5,0.0,0.0,0.0,0.0,0.0,0.0,0.0,0.0
a2p40,bthigh_friction,0.1,bthigh_friction_0p1,5,0.0,0.0,0.0,0.0,0.0,0.0,0.0,0.0
a2p40,bthigh_friction,0.2,bthigh_friction_0p2,5,0.0,0.0,0.0,0.0,0.0,0.0,0.0,0.0
a2p40,bthigh_friction,0.3,bthigh_friction_0p3,5,0.0,0.0,0.0,0.0,0.0,0.0,0.0,0.0
a2p40,bthigh_friction,0.4,bthigh_friction_0p4,5,0.0,0.0,0.0,0.0,0.0,0.0,0.0,0.0
a2p40,bthigh_friction,0.5,bthigh_friction_0p5,5,-5.22733646446286,11.21145547693221,-3.593887042513188,23.082903448110716,-4.696369964223232,16.642281380817803,-0.0013036685868084111,0.003560598182564163
a2p40,bthigh_friction,0.6,bthigh_friction_0p6,5,-5.86311773540042,11.645326159621407,-5.335355261690711,23.22342839220971,-6.330627881683358,16.649128237435775,-0.0016744615775499921,0.004142507988697996
a2p40,bthigh_friction,0.7,bthigh_friction_0p7,5,-1.9815138483668306,4.649113747910591,-0.5959734434084112,5.234622406440174,-1.7792826741716907,3.820443340037511,-0.0011910546981305928,0.0027224153956855353
a2p40,bthigh_friction,0.8,bthigh_friction_0p8,5,0.0,0.0,0.0,0.0,0.0,0.0,0.0,0.0
a2p40,bthigh_friction,0.9,bthigh_friction_0p9,5,0.0,0.0,0.0,0.0,0.0,0.0,0.0,0.0
a2p40,bthigh_friction,1.0,bthigh_friction_1,5,0.0,0.0,0.0,0.0,0.0,0.0,0.0,0.0
a2p40,bthigh_friction,1.1,bthigh_friction_1p1,5,0.0,0.0,0.0,0.0,0.0,0.0,0.0,0.0
a2p40,bthigh_friction,1.3,bthigh_friction_1p3,5,0.0,0.0,0.0,0.0,0.0,0.0,0.0,0.0
a2p40,bthigh_friction,1.5,bthigh_friction_1p5,5,0.0,0.0,0.0,0.0,0.0,0.0,0.0,0.0
a2p40,bthigh_friction,1.7,bthigh_friction_1p7,5,0.0,0.0,0.0,0.0,0.0,0.0,0.0,0.0
a2p40,bthigh_friction,2.0,bthigh_friction_2,5,-5.22733646446286,11.21145547693221,-3.593887042513188,23.082903448110716,-4.696369964223232,16.642281380817803,-0.0013036685868084111,0.003560598182564163
a2p40,damping,0.0,damping_0,5,2180.9113276616663,943.8058237521649,2181.559439405119,961.1996656147733,2183.431792120201,951.7931427820512,0.9944548530733004,0.08681240054544132
a2p40,damping,0.1,damping_0p1,5,1918.1587249273398,1101.5020187019238,1902.47452877162,1148.4338502871017,1897.6288059844724,1137.9927771914176,0.8399362283880683,0.16463361533090531
a2p40,damping,0.2,damping_0p2,5,1753.2555891964978,1187.4318903100325,1779.6352385886246,1245.6296704911738,1767.725749870779,1219.860596642147,0.7475711505448325,0.2364095417123269
a2p40,damping,0.3,damping_0p3,5,1482.4651672254263,1210.0827422705313,1412.3994830193799,1234.3158327639933,1420.0424381184125,1232.0001352242018,0.6007945939180535,0.229831098649134
a2p40,damping,0.4,damping_0p4,5,1279.2421496362783,1214.8136826420953,1242.7583135006548,1218.7102457501676,1245.6077915988205,1214.441173423843,0.4914413302209086,0.21925876901612565
a2p40,damping,0.5,damping_0p5,5,879.2197774240301,891.0866275219764,895.3993824546662,914.5383827353355,898.930589110576,925.0037943828679,0.3307585837470436,0.17534528853598463
a2p40,damping,0.6,damping_0p6,5,580.3475054889234,625.7604504309464,659.2058181718781,788.572504541124,620.3511485479085,707.7169197145537,0.21348135706127142,0.1290513332500702
a2p40,damping,0.7,damping_0p7,5,185.0677718072577,154.02544210905992,77.11737863027324,109.23145525173376,91.64932419267265,98.01058221332075,0.07770539057534485,0.051186511613984825
a2p40,damping,0.8,damping_0p8,5,30.88307416378716,60.51635159761402,18.90675502092995,68.5732863434295,12.247271915899637,80.95034450428807,0.02040259287804019,0.034656158429938556
a2p40,damping,0.9,damping_0p9,5,32.761609703759675,98.61176455057243,-16.408881193128217,35.213447166638716,-16.451530314532693,35.82223092484715,0.00423603105008938,0.030921339032482356
a2p40,damping,1.0,damping_1,5,0.0,0.0,0.0,0.0,0.0,0.0,0.0,0.0
a2p40,damping,1.1,damping_1p1,5,100.48468478795962,48.771385520384285,98.44823265715277,52.127664916103676,98.557777618222,48.536881308078755,0.04824529906627515,0.02535483589140904
a2p40,damping,1.3,damping_1p3,5,502.12180482411804,245.0371546909721,497.85069680261165,245.45561052414823,497.946789961592,242.5314409863769,0.22860525280905813,0.07043365155223755
a2p40,damping,1.5,damping_1p5,5,1073.538090156836,787.3997541569009,1029.3383558961416,715.3547831230186,1035.2769836770217,718.8694656200142,0.4443116152662043,0.12560531647338663
a2p40,damping,1.7,damping_1p7,5,1705.8429111001162,1250.348439712789,1703.767987855969,1314.1000731727443,1699.3569198373848,1299.8953643727693,0.7065904555371996,0.17355431832150248
a2p40,damping,2.0,damping_2,5,2136.2389203197517,1264.0021477142436,2124.8049602152946,1279.0801298828537,2124.903951098645,1274.4810140204822,0.9295756187637995,0.16981687078537022
a2p40,ffoot_actuator_gain,0.0,ffoot_actuator_gain_0,5,302.34708466138335,494.85588236042804,300.11058560200456,491.55912826963225,299.6820586284754,491.92816676205797,0.08746967981593855,0.11442429860203224
a2p40,ffoot_actuator_gain,0.1,ffoot_actuator_gain_0p1,5,241.53038657504777,386.22910509522984,243.40297946673817,386.36018553886595,239.76834957555516,385.4399778730856,0.07102545443912703,0.08851301552676592
a2p40,ffoot_actuator_gain,0.2,ffoot_actuator_gain_0p2,5,191.3821643879975,316.91332861188016,189.02744430117292,309.48350977598636,189.3760408887459,313.18126098937205,0.05487079081211158,0.07361445348350033
a2p40,ffoot_actuator_gain,0.3,ffoot_actuator_gain_0p3,5,149.4662855921318,231.4263305601464,141.23797269805,222.29140427898938,145.28548896800288,227.29221836925635,0.0449748559466236,0.05249242245040229
a2p40,ffoot_actuator_gain,0.4,ffoot_actuator_gain_0p4,5,107.20777539319602,168.94015225106384,100.89019747058937,162.36183915160805,102.55423489883819,164.74333070567226,0.031898455545342645,0.039438948220028504
a2p40,ffoot_actuator_gain,0.5,ffoot_actuator_gain_0p5,5,74.5959669751879,123.44324814642292,70.85594136564723,118.47314207393596,72.21510626346621,120.85997672980282,0.021383669366906517,0.028984076795391524
a2p40,ffoot_actuator_gain,0.6,ffoot_actuator_gain_0p6,5,59.13994064532953,69.00243905325391,62.830377152682516,76.28623875787555,59.626707942588425,72.25054081269906,0.020921348074592772,0.014854237843812727
a2p40,ffoot_actuator_gain,0.7,ffoot_actuator_gain_0p7,5,26.57034356875588,29.586294158356367,28.409839430339435,35.01955729878028,27.350387230867774,29.543038246410138,0.009637455527725288,0.006768922137292215
a2p40,ffoot_actuator_gain,0.8,ffoot_actuator_gain_0p8,5,16.271913220659734,20.284061965226243,14.298833998223063,16.191975253235338,12.575096325481445,15.077456167789279,0.006040956430453817,0.008084444783781326
a2p40,ffoot_actuator_gain,0.9,ffoot_actuator_gain_0p9,5,10.027518138769755,13.238791101356057,5.661559045787863,17.414578001460686,5.833745444993928,11.81937069547332,0.004598642593726386,0.007578100568904178
a2p40,ffoot_actuator_gain,1.0,ffoot_actuator_gain_1,5,0.0,0.0,0.0,0.0,0.0,0.0,0.0,0.0
a2p40,ffoot_actuator_gain,1.1,ffoot_actuator_gain_1p1,5,4.948082621558069,16.97841814001312,6.077700741357921,20.673122369884712,4.392082529114669,19.915880993598023,0.004005237336770129,0.008510482813111833
a2p40,ffoot_actuator_gain,1.3,ffoot_actuator_gain_1p3,5,14.335232833840973,21.349767361535097,15.72795162995053,23.48796078340255,13.878758770618697,21.80751620245396,0.00459900341584828,0.006515712689215963
a2p40,ffoot_actuator_gain,1.5,ffoot_actuator_gain_1p5,5,33.28280085126221,63.29726857128652,31.847862599976633,65.30431626888155,31.968089836474245,64.29817205545821,0.008368569835636046,0.015537009171725485
a2p40,ffoot_actuator_gain,1.7,ffoot_actuator_gain_1p7,5,47.45827607166734,74.00154609102142,51.634297595046334,74.00518990173495,48.692265799652525,70.31246866433158,0.014199655390750372,0.017432051137263104
a2p40,ffoot_actuator_gain,2.0,ffoot_actuator_gain_2,5,101.81359623578223,167.90196766437595,100.88614642571261,161.90115839161172,98.56160830524595,160.81151904468797,0.0291423117902934,0.03924463741085446
a2p40,ffoot_damping,0.0,ffoot_damping_0,5,133.77374089514714,165.44953783436392,136.58832108637216,186.9139073905558,134.9144216733142,173.62675294895598,0.046400349125156615,0.03978043224634011
a2p40,ffoot_damping,0.1,ffoot_damping_0p1,5,123.31091668229347,148.89487560497014,121.29732013522789,148.42779699353292,119.03308746857401,142.55592983521638,0.04304758486163109,0.03410568562470745
a2p40,ffoot_damping,0.2,ffoot_damping_0p2,5,69.21880346464778,83.31848707411807,72.58764440379983,100.09617200639597,69.2797515083435,89.68203693712144,0.024583209796264507,0.022331116607549356
a2p40,ffoot_damping,0.3,ffoot_damping_0p3,5,50.460365814584385,66.45845422333805,53.40522700872189,80.8527903481442,50.913011446745074,67.964958174051,0.01692491114944831,0.01587527129521889
a2p40,ffoot_damping,0.4,ffoot_damping_0p4,5,33.95342255729056,42.274889471839394,32.28360405376488,55.47030754437242,33.966949419780484,50.649976299089424,0.011658533424101971,0.008828649394613865
a2p40,ffoot_damping,0.5,ffoot_damping_0p5,5,25.696845325029745,33.49325702240266,21.515268041746822,42.44726138731147,24.57787333098222,37.022965771281385,0.008772605952409357,0.008615138053116613
a2p40,ffoot_damping,0.6,ffoot_damping_0p6,5,8.893312538280497,14.037743910477882,13.404429611223076,26.92925570218767,9.91219246139176,17.478719145526053,0.003630616293509211,0.007231041327380435
a2p40,ffoot_damping,0.7,ffoot_damping_0p7,5,14.848264005540205,26.353538789526088,7.838167276107742,23.59725331586542,7.1481629636157775,16.604528322030383,0.0044807400117369165,0.009400720947241557
a2p40,ffoot_damping,0.8,ffoot_damping_0p8,5,4.099085982701854,11.232689907342165,2.7228948754655904,13.109713721452334,2.4496633989792373,9.114627568662856,0.0010197921563930388,0.0050522400268979435
a2p40,ffoot_damping,0.9,ffoot_damping_0p9,5,7.985322524335743,6.353925949962348,6.079444623653762,9.033922080707162,5.8514064802211125,5.85086587810583,0.003646878211104574,0.0032596586187227223
a2p40,ffoot_damping,1.0,ffoot_damping_1,5,0.0,0.0,0.0,0.0,0.0,0.0,0.0,0.0
a2p40,ffoot_damping,1.1,ffoot_damping_1p1,5,5.542464614550317,5.282647623555368,2.7581223129902357,9.920641132834815,5.033936128874257,8.369303797065841,0.002208057441680372,0.001651351758129732
a2p40,ffoot_damping,1.3,ffoot_damping_1p3,5,12.484125969021898,22.28974317119739,11.33448315388814,31.626372231207796,11.467041032599855,25.36360003343481,0.0037771522518318277,0.008414536074226726
a2p40,ffoot_damping,1.5,ffoot_damping_1p5,5,15.714048434499365,27.708262449302705,10.278049856029838,36.56716520490683,12.562109874564339,27.662699414903702,0.004465661503586792,0.007993732549324117
a2p40,ffoot_damping,1.7,ffoot_damping_1p7,5,25.755634855269363,32.640783378324656,30.90792876171463,43.961039715425336,30.304328732344583,39.45452232141963,0.00895549706300611,0.008596556167549643
a2p40,ffoot_damping,2.0,ffoot_damping_2,5,32.60213690030482,52.87914910365125,30.529823745887096,58.8972355385364,30.432835736037624,53.18759882629082,0.009438072772823504,0.012565386924621967
a2p40,ffoot_friction,0.0,ffoot_friction_0,5,0.0,0.0,0.0,0.0,0.0,0.0,0.0,0.0
a2p40,ffoot_friction,0.1,ffoot_friction_0p1,5,-1.3980977030074881,2.740271497894677,-4.736580989542517,9.283698739503333,-2.809103411329988,5.505842686206777,-0.000808056836555502,0.0015837913996487839
a2p40,ffoot_friction,0.2,ffoot_friction_0p2,5,-1.3980977030074881,2.740271497894677,-4.736580989542517,9.283698739503333,-2.809103411329988,5.505842686206777,-0.000808056836555502,0.0015837913996487839
a2p40,ffoot_friction,0.3,ffoot_friction_0p3,5,-1.3980977030074881,2.740271497894677,-4.736580989542517,9.283698739503333,-2.809103411329988,5.505842686206777,-0.000808056836555502,0.0015837913996487839
a2p40,ffoot_friction,0.4,ffoot_friction_0p4,5,-1.3980977030074881,2.740271497894677,-4.736580989542517,9.283698739503333,-2.809103411329988,5.505842686206777,-0.000808056836555502,0.0015837913996487839
a2p40,ffoot_friction,0.5,ffoot_friction_0p5,5,-1.3980977030074881,2.740271497894677,-4.736580989542517,9.283698739503333,-2.809103411329988,5.505842686206777,-0.000808056836555502,0.0015837913996487839
a2p40,ffoot_friction,0.6,ffoot_friction_0p6,5,-1.3980977030074881,2.740271497894677,-4.736580989542517,9.283698739503333,-2.809103411329988,5.505842686206777,-0.000808056836555502,0.0015837913996487839
a2p40,ffoot_friction,0.7,ffoot_friction_0p7,5,-1.3980977030074881,2.740271497894677,-4.736580989542517,9.283698739503333,-2.809103411329988,5.505842686206777,-0.000808056836555502,0.0015837913996487839
a2p40,ffoot_friction,0.8,ffoot_friction_0p8,5,-1.3980977030074881,2.740271497894677,-4.736580989542517,9.283698739503333,-2.809103411329988,5.505842686206777,-0.000808056836555502,0.0015837913996487839
a2p40,ffoot_friction,0.9,ffoot_friction_0p9,5,-1.3980977030074881,2.740271497894677,-4.736580989542517,9.283698739503333,-2.809103411329988,5.505842686206777,-0.000808056836555502,0.0015837913996487839
a2p40,ffoot_friction,1.0,ffoot_friction_1,5,0.0,0.0,0.0,0.0,0.0,0.0,0.0,0.0
a2p40,ffoot_friction,1.1,ffoot_friction_1p1,5,-1.3980977030074881,2.740271497894677,-4.736580989542517,9.283698739503333,-2.809103411329988,5.505842686206777,-0.000808056836555502,0.0015837913996487839
a2p40,ffoot_friction,1.3,ffoot_friction_1p3,5,-1.3980977030074881,2.740271497894677,-4.736580989542517,9.283698739503333,-2.809103411329988,5.505842686206777,-0.000808056836555502,0.0015837913996487839
a2p40,ffoot_friction,1.5,ffoot_friction_1p5,5,-1.3980977030074881,2.740271497894677,-4.736580989542517,9.283698739503333,-2.809103411329988,5.505842686206777,-0.000808056836555502,0.0015837913996487839
a2p40,ffoot_friction,1.7,ffoot_friction_1p7,5,-1.3980977030074881,2.740271497894677,-4.736580989542517,9.283698739503333,-2.809103411329988,5.505842686206777,-0.000808056836555502,0.0015837913996487839
a2p40,ffoot_friction,2.0,ffoot_friction_2,5,-1.3980977030074881,2.740271497894677,-4.736580989542517,9.283698739503333,-2.809103411329988,5.505842686206777,-0.000808056836555502,0.0015837913996487839
a2p40,friction,0.0,friction_0,5,-3671.7682472470974,1962.511653995921,-3641.94470274222,2007.1847663000806,-3679.7327051024704,1961.0595654766619,-2.1089101097018554,1.1585950468923671
a2p40,friction,0.1,friction_0p1,5,-1769.8945864327166,1323.337492347048,-1765.5524731859866,1319.4308781872808,-1769.7770631358867,1322.594143346445,-0.9927754834119022,0.7906970292347713
a2p40,friction,0.2,friction_0p2,5,-880.1492392573873,959.9624517778813,-883.59012912294,966.0395527093435,-886.8018608396512,967.2717154167802,-0.4999201461470192,0.5602391426417356
a2p40,friction,0.3,friction_0p3,5,-423.1037993824026,362.58577529937,-425.4773324661458,362.0938229243155,-425.7126918358532,359.5128274252272,-0.23477403053513912,0.21676399644020286
a2p40,friction,0.4,friction_0p4,5,-214.9940717750347,89.77488863273042,-215.4641656433029,89.66517380797889,-215.79610911760102,90.66531633150228,-0.11506451199804432,0.060972631426695754
a2p40,friction,0.5,friction_0p5,5,-165.58635877965662,58.885145930897096,-165.57562362191598,57.81020815342819,-167.38139203721056,59.22395687818206,-0.08798352080061309,0.041960363974387016
a2p40,friction,0.6,friction_0p6,5,-130.87820771954452,39.361122448657035,-125.27561640989688,45.436649806187695,-130.56956802168216,39.88394922113762,-0.07032705780072623,0.030075482216837923
a2p40,friction,0.7,friction_0p7,5,-94.20497974051864,24.346847525306575,-100.23469565616824,24.729702995515268,-98.32903854738406,26.11062151449311,-0.04945060315039361,0.019557366363129873
a2p40,friction,0.8,friction_0p8,5,-58.165734539539244,14.867239681004085,-56.791667929107916,17.344863650640242,-57.964659428993585,15.275240931321449,-0.031218042570201866,0.012558140576208457
a2p40,friction,0.9,friction_0p9,5,-29.41969642724166,11.376223754884148,-32.63262122872561,11.561682630053582,-32.48296630813852,9.252503735315885,-0.014884402284256904,0.007263754266806111
a2p40,friction,1.0,friction_1,5,0.0,0.0,0.0,0.0,0.0,0.0,0.0,0.0
a2p40,friction,1.1,friction_1p1,5,33.81067317946181,18.82649340437503,30.48316888357467,22.113271793695322,29.2077059491226,19.818276853407795,0.018922321550619736,0.011560838009794615
a2p40,friction,1.3,friction_1p3,5,96.44034496456588,19.463431127242526,103.62498086309992,14.24459437855,96.41470617277801,17.069750455495374,0.050123079544446524,0.017402003387017393
a2p40,friction,1.5,friction_1p5,5,126.59754409999582,26.587926656487777,118.7004120712841,35.25529675699314,124.3476220906357,28.503415567266288,0.06779852618343142,0.024741714865210037
a2p40,friction,1.7,friction_1p7,5,151.71362173871762,53.58240754081479,147.99865443197328,54.189878473336876,147.7707567472201,51.61726564203175,0.08354534787428479,0.03811756989599138
a2p40,friction,2.0,friction_2,5,198.689026501743,71.89093599511588,199.39775587342442,73.43948401812524,195.09103075875728,75.15862152982447,0.11004701130670698,0.05038098763490873
a2p40,friction_damping,0.0,friction_damping_0,5,-524.9008508063822,2617.30986638886,-888.9257694250522,2088.6593475890427,-702.9575369770489,2388.4339441879397,-0.5066512331128541,1.2554129086864176
a2p40,friction_damping,0.1,friction_damping_0p1,5,698.1737986969978,1971.2999554478315,876.5555412266137,1777.6421332364066,822.2383705395466,1823.1273159930165,0.1589930587751897,0.8255720907078407
a2p40,friction_damping,0.2,friction_damping_0p2,5,1036.1933955603513,2015.2449706599602,1026.86759728188,2013.6258667591153,1039.6606563901864,2013.6071413672223,0.31065760272920173,0.7633135925233647
a2p40,friction_damping,0.3,friction_damping_0p3,5,873.8441288444167,2108.480560175208,814.7803593852246,2279.8209908187414,842.2775476102495,2249.191687871274,0.22781603913229906,0.8543954105040051
a2p40,friction_damping,0.4,friction_damping_0p4,5,920.783014890374,1578.060042231813,890.4873393475598,1583.1528352245034,908.3510336279694,1585.8902438244202,0.28488244773426363,0.5242422132524793
a2p40,friction_damping,0.5,friction_damping_0p5,5,702.4394566147564,996.028838333349,802.5180963280845,1215.0503352218527,759.1076338180777,1132.5998850160588,0.23512223219805625,0.28222407593715204
a2p40,friction_damping,0.6,friction_damping_0p6,5,123.4790219280901,222.1532646995773,-68.6235952083006,406.2363031346214,32.996557810774355,265.3768508034509,0.06084567335593649,0.13036544724177984
a2p40,friction_damping,0.7,friction_damping_0p7,5,-49.76424042221906,133.17218857982522,-117.13552152166244,213.2757751096802,-114.08652199814901,205.84820994411353,-0.018142265463764573,0.07422661962648515
a2p40,friction_damping,0.8,friction_damping_0p8,5,-61.79437429068694,87.5935916292763,-72.61585248985902,102.61075098121665,-75.75361070760964,105.32790541113272,-0.026107252439344315,0.04746635488430946
a2p40,friction_damping,0.9,friction_damping_0p9,5,-64.01751937991313,41.93379865339423,-65.70526886383796,51.70233597179814,-67.93861694922171,50.79227153001746,-0.029861950485719234,0.021699734187156438
a2p40,friction_damping,1.0,friction_damping_1,5,0.0,0.0,0.0,0.0,0.0,0.0,0.0,0.0
a2p40,friction_damping,1.1,friction_damping_1p1,5,115.23701317518494,50.93922596355456,116.54810485102662,48.79081511477053,114.5590013079288,48.299633416127264,0.05809513120171802,0.03180963378582067
a2p40,friction_damping,1.3,friction_damping_1p3,5,520.8689121707185,231.46756692427124,516.8090619726229,223.97425377162463,517.7172631059542,226.0446435544202,0.2423209232864622,0.0817735348365117
a2p40,friction_damping,1.5,friction_damping_1p5,5,1084.5711868604049,757.5764336758576,1085.0636817685997,761.2898067467523,1082.1191360865628,756.7798873602372,0.45522136886243836,0.11925481136939
a2p40,friction_damping,1.7,friction_damping_1p7,5,1695.116666340354,1174.4194976473673,1692.90688205013,1197.1038888424202,1687.9973526956496,1190.7152597339953,0.7134962569754651,0.15853577948298436
a2p40,friction_damping,2.0,friction_damping_2,5,2107.7699186790624,1164.2192426925362,2072.7131386845767,1186.10432292279,2071.449036331235,1186.3675961714941,0.9319272592767044,0.17104817457016314
a2p40,fshin_actuator_gain,0.0,fshin_actuator_gain_0,5,1429.186087095969,556.6877024013558,1401.5067438645594,717.8909798136767,1432.5401393854054,586.8908362273784,0.6983861632465487,0.3035540317384448
a2p40,fshin_actuator_gain,0.1,fshin_actuator_gain_0p1,5,1209.2884095865938,605.7471567981157,1322.6280141360694,745.1707871420415,1199.5208447271211,656.0901495387347,0.5854385679345524,0.32514449984447835
a2p40,fshin_actuator_gain,0.2,fshin_actuator_gain_0p2,5,1114.0693343843445,625.6563890425335,1263.5766727727794,766.3651532791345,1126.382060331786,665.967326503119,0.5407827664162099,0.3444861010546201
a2p40,fshin_actuator_gain,0.3,fshin_actuator_gain_0p3,5,970.1486855961459,591.0149488580789,1022.2116963580813,659.4421565169187,1018.4998054875056,658.0310122807174,0.46994409722838276,0.3261304494137052
a2p40,fshin_actuator_gain,0.4,fshin_actuator_gain_0p4,5,817.4150210890296,514.1160847510953,773.2426559249446,708.8694149018736,868.3831100058529,640.7995869513024,0.3939659062328395,0.2809333398248658
a2p40,fshin_actuator_gain,0.5,fshin_actuator_gain_0p5,5,637.7403894769608,404.61877399928034,691.772848673414,707.1118653859096,582.6747088027703,439.98351596194686,0.302647363706906,0.21163874150834644
a2p40,fshin_actuator_gain,0.6,fshin_actuator_gain_0p6,5,345.57856352111673,235.42474259886603,205.39201837805166,210.71684744419716,243.17412904737088,204.36804423506433,0.1577974191826758,0.10812136333788878
a2p40,fshin_actuator_gain,0.7,fshin_actuator_gain_0p7,5,87.3674547917768,70.9401098522509,81.96568623805538,66.5998493406733,82.69149554606402,69.06590921282302,0.03589871680396894,0.016462912675370135
a2p40,fshin_actuator_gain,0.8,fshin_actuator_gain_0p8,5,35.37641720965057,23.946324511302958,34.553623705171546,27.114070865246223,33.6673000643561,25.336943077828323,0.016928149220260407,0.012705617315323707
a2p40,fshin_actuator_gain,0.9,fshin_actuator_gain_0p9,5,15.244124508409822,8.499253205684207,8.89265142899635,13.446766478901974,10.034550416174033,9.902576207353018,0.007335788043379102,0.00446228639189763
a2p40,fshin_actuator_gain,1.0,fshin_actuator_gain_1,5,0.0,0.0,0.0,0.0,0.0,0.0,0.0,0.0
a2p40,fshin_actuator_gain,1.1,fshin_actuator_gain_1p1,5,-1.4300882705123967,19.169866513931076,1.294760959027144,21.76052558138691,-4.38901876630307,20.659592752543617,0.0014594642993248108,0.0074768155219426605
a2p40,fshin_actuator_gain,1.3,fshin_actuator_gain_1p3,5,24.966248345460507,22.230841553536596,30.260914958650027,25.54682083310416,24.064358511619456,25.56811472790547,0.014959667970497767,0.012018928957859068
a2p40,fshin_actuator_gain,1.5,fshin_actuator_gain_1p5,5,73.78581411136865,28.231451030688465,65.32182364236056,23.67938942110004,67.55892603738167,25.02665538042317,0.03757508650851093,0.018494936260695545
a2p40,fshin_actuator_gain,1.7,fshin_actuator_gain_1p7,5,193.18177935205577,108.56495269028422,158.5607137488285,76.76156327474331,159.55336122376178,84.63331536284824,0.08893608145193857,0.04628732744048473
a2p40,fshin_actuator_gain,2.0,fshin_actuator_gain_2,5,480.7343862901197,443.58731820515186,359.0149544527137,344.2257925778243,368.4857525022007,361.75569799432833,0.19047054651795686,0.11763848604891017
a2p40,fshin_damping,0.0,fshin_damping_0,5,861.0221235869949,854.9945135126313,788.1961989473648,859.3337787241703,812.3591998110204,853.1375162751382,0.3272420247530084,0.1898425173559866
a2p40,fshin_damping,0.1,fshin_damping_0p1,5,705.1924435996295,744.9741188578644,615.4547710352505,697.0208997099733,648.6902435650966,721.5529249941904,0.2619018182895298,0.1679118156427521
a2p40,fshin_damping,0.2,fshin_damping_0p2,5,484.5284756511672,553.371378684973,450.2092671284907,511.07670667244867,452.4846713266085,515.2202821516235,0.1731738252811094,0.11641507331139335
a2p40,fshin_damping,0.3,fshin_damping_0p3,5,365.9659104634336,438.2243354522754,285.62882088704333,316.86807117662073,302.13586815223636,350.2303062588354,0.12797018251084336,0.09436790956703174
a2p40,fshin_damping,0.4,fshin_damping_0p4,5,183.7288577741925,177.1676194837501,172.5551640251759,156.97605991124502,172.37168281102413,160.78499116882614,0.07042589409501118,0.03706227990633603
a2p40,fshin_damping,0.5,fshin_damping_0p5,5,126.76212381019995,110.72699676777583,111.0416589406611,104.07766784484448,104.35103936620594,94.5203139414432,0.050856637574592,0.02873323716492706
a2p40,fshin_damping,0.6,fshin_damping_0p6,5,100.55272011540573,82.44854610657279,87.13423717519773,92.13584953481171,81.06634045497408,82.34701178448002,0.04158885431359059,0.02445824577296386
a2p40,fshin_damping,0.7,fshin_damping_0p7,5,72.6094324022603,103.42990846207924,44.43064171446358,50.86423650867688,44.031457161132224,51.41603684203801,0.023133009818448017,0.023200879741104314
a2p40,fshin_damping,0.8,fshin_damping_0p8,5,23.66586920063878,43.15654070511331,23.81825330374745,37.70157985440493,21.48871532234698,37.15562179159468,0.006579344352155238,0.013453991954812611
a2p40,fshin_damping,0.9,fshin_damping_0p9,5,9.772657345834068,15.072266274050683,5.380346816259862,10.652515874299475,8.053942956557648,10.801392831806812,0.00361710957787077,0.007222493019686239
a2p40,fshin_damping,1.0,fshin_damping_1,5,0.0,0.0,0.0,0.0,0.0,0.0,0.0,0.0
a2p40,fshin_damping,1.1,fshin_damping_1p1,5,5.868386886141207,12.932687875011615,1.1594298563624306,18.13259672445292,2.3877578511980118,14.434013027862534,0.003455974746710358,0.007422722940917099
a2p40,fshin_damping,1.3,fshin_damping_1p3,5,15.646526068593676,28.116548163805746,17.724433784058874,29.842583932805706,15.133951027810417,29.820895370501237,0.004848329146150474,0.010426226726553333
a2p40,fshin_damping,1.5,fshin_damping_1p5,5,53.52313629713185,65.96993590564722,55.27996857691674,68.25438757850853,53.595546710469804,64.99075820295097,0.0199661119136329,0.023642389032393622
a2p40,fshin_damping,1.7,fshin_damping_1p7,5,129.31552926446824,155.172805248312,129.27045652087492,157.8858330677787,128.161935694266,158.5245435591501,0.045971708785254264,0.03887949768176627
a2p40,fshin_damping,2.0,fshin_damping_2,5,210.86166391013336,239.88208131574288,210.73278073170303,238.49247857825628,211.321369266792,239.88637656413997,0.07639188499498947,0.05737601205515837
a2p40,fshin_friction,0.0,fshin_friction_0,5,0.0,0.0,0.0,0.0,0.0,0.0,0.0,0.0
a2p40,fshin_friction,0.1,fshin_friction_0p1,5,1.3980977030074881,2.740271497894677,4.736580989542517,9.283698739503333,2.809103411329988,5.505842686206777,0.0008048051948565061,0.001577418181918752
a2p40,fshin_friction,0.2,fshin_friction_0p2,5,-5.86311773540042,11.645326159621407,-5.335355261690711,23.22342839220971,-6.330627881683358,16.649128237435775,-0.0016744615775499921,0.004142507988697996
a2p40,fshin_friction,0.3,fshin_friction_0p3,5,-0.6357812709375594,4.037394709355971,-1.7414682191775228,4.3045081641945915,-1.6342579174601268,3.8691387650255433,-0.0003707929907415811,0.0023261579452446683
a2p40,fshin_friction,0.4,fshin_friction_0p4,5,0.0,0.0,0.0,0.0,0.0,0.0,0.0,0.0
a2p40,fshin_friction,0.5,fshin_friction_0p5,5,0.0,0.0,0.0,0.0,0.0,0.0,0.0,0.0
a2p40,fshin_friction,0.6,fshin_friction_0p6,5,0.0,0.0,0.0,0.0,0.0,0.0,0.0,0.0
a2p40,fshin_friction,0.7,fshin_friction_0p7,5,0.0,0.0,0.0,0.0,0.0,0.0,0.0,0.0
a2p40,fshin_friction,0.8,fshin_friction_0p8,5,0.0,0.0,0.0,0.0,0.0,0.0,0.0,0.0
a2p40,fshin_friction,0.9,fshin_friction_0p9,5,0.0,0.0,0.0,0.0,0.0,0.0,0.0,0.0
a2p40,fshin_friction,1.0,fshin_friction_1,5,0.0,0.0,0.0,0.0,0.0,0.0,0.0,0.0
a2p40,fshin_friction,1.1,fshin_friction_1p1,5,1.3980977030074881,2.740271497894677,4.736580989542517,9.283698739503333,2.809103411329988,5.505842686206777,0.0008048051948565061,0.001577418181918752
a2p40,fshin_friction,1.3,fshin_friction_1p3,5,-5.86311773540042,11.645326159621407,-5.335355261690711,23.22342839220971,-6.330627881683358,16.649128237435775,-0.0016744615775499921,0.004142507988697996
a2p40,fshin_friction,1.5,fshin_friction_1p5,5,-5.86311773540042,11.645326159621407,-5.335355261690711,23.22342839220971,-6.330627881683358,16.649128237435775,-0.0016744615775499921,0.004142507988697996
a2p40,fshin_friction,1.7,fshin_friction_1p7,5,0.0,0.0,0.0,0.0,0.0,0.0,0.0,0.0
a2p40,fshin_friction,2.0,fshin_friction_2,5,0.0,0.0,0.0,0.0,0.0,0.0,0.0,0.0
a2p40,fthigh_actuator_gain,0.0,fthigh_actuator_gain_0,5,2061.03277396143,106.09999875131889,2061.920456795625,106.19522681819548,2060.817533770234,104.46643718119996,1.0564381986727096,0.2634070498168252
a2p40,fthigh_actuator_gain,0.1,fthigh_actuator_gain_0p1,5,2027.054227569887,115.1204100528628,2027.514938111374,112.9590045415559,2026.0894066802389,111.95544884834862,1.048620358147402,0.2821000774859965
a2p40,fthigh_actuator_gain,0.2,fthigh_actuator_gain_0p2,5,1980.8497894145366,166.41783058436332,1985.9006582882707,178.3184206402534,1985.9961455475827,177.6717855710691,1.0363004616384237,0.30292419136622933
a2p40,fthigh_actuator_gain,0.3,fthigh_actuator_gain_0p3,5,1889.242661521177,193.49334336170153,1916.5482495541157,198.78320269360003,1914.0633177732343,197.05859442249346,0.9966499673920509,0.30612012874210914
a2p40,fthigh_actuator_gain,0.4,fthigh_actuator_gain_0p4,5,1856.1287972356295,266.9380593364196,1870.8025557301662,287.33257384077393,1868.6068890123363,281.74470370713624,0.9931471029006026,0.3290496662568165
a2p40,fthigh_actuator_gain,0.5,fthigh_actuator_gain_0p5,5,1711.8995351094286,345.1395145565158,1772.7205723345735,358.4199390103144,1779.9452360193523,364.80602242260056,0.927947114714296,0.3358247485899063
a2p40,fthigh_actuator_gain,0.6,fthigh_actuator_gain_0p6,5,1113.0911574869756,472.7195658333079,1111.8501337924522,688.1518730465748,1115.2978125444047,691.1968177964824,0.5935254287823064,0.318106588849383
a2p40,fthigh_actuator_gain,0.7,fthigh_actuator_gain_0p7,5,481.36805209816555,266.7690336891748,317.28737503936287,104.36380434274928,415.05950359247834,228.09642369111458,0.24408200916513584,0.16231872115680787
a2p40,fthigh_actuator_gain,0.8,fthigh_actuator_gain_0p8,5,237.6532746992772,91.6181635344937,187.6452582719665,51.04580524590981,187.1649829393553,50.90223841690549,0.11938732793940768,0.056901303727676635
a2p40,fthigh_actuator_gain,0.9,fthigh_actuator_gain_0p9,5,75.33607940089783,26.91894522154434,77.23963609355187,28.33822532770506,75.59944734122232,26.133030802198682,0.037760880847614135,0.016827942276870175
a2p40,fthigh_actuator_gain,1.0,fthigh_actuator_gain_1,5,0.0,0.0,0.0,0.0,0.0,0.0,0.0,0.0
a2p40,fthigh_actuator_gain,1.1,fthigh_actuator_gain_1p1,5,-35.624212787551144,17.99547130311167,-36.68717909692905,24.449173775735147,-37.46515243874783,23.485204540691125,-0.01689493120117228,0.00889634930444195
a2p40,fthigh_actuator_gain,1.3,fthigh_actuator_gain_1p3,5,15.7523461763064,82.99974703190324,5.837625060020537,62.77349346790379,3.994543718823979,64.49543788764095,-0.002412195997795623,0.027929727590209095
a2p40,fthigh_actuator_gain,1.5,fthigh_actuator_gain_1p5,5,141.19508750476803,159.62784669193448,95.02600432510181,111.90158896923191,95.53594081772471,114.21191932722687,0.05115288086574341,0.03694568458716022
a2p40,fthigh_actuator_gain,1.7,fthigh_actuator_gain_1p7,5,288.88029220711576,218.87905275256054,185.58662921687784,114.78221042348183,194.0105516000961,124.27221157875248,0.1199876076023179,0.04126813077519351
a2p40,fthigh_actuator_gain,2.0,fthigh_actuator_gain_2,5,698.8845893444525,502.40928199660885,481.92098949126665,374.4823452819337,650.8695867802955,456.29656017088615,0.302403574646699,0.15541014650361354
a2p40,fthigh_damping,0.0,fthigh_damping_0,5,646.0690439361018,369.67765462481003,595.5911918811744,310.4026911704904,596.115185099804,307.9948774925331,0.29171314966119377,0.13231339705449333
a2p40,fthigh_damping,0.1,fthigh_damping_0p1,5,462.5843541819666,240.66311323223894,424.65450647516866,222.6994702508413,429.0687068591559,217.2413415349791,0.21341807412057112,0.0948958696359862
a2p40,fthigh_damping,0.2,fthigh_damping_0p2,5,336.06551939414555,171.79246368441983,314.7094064599141,177.62588519759868,314.42489189719,171.39405677467562,0.1518494819543986,0.04647600408570774
a2p40,fthigh_damping,0.3,fthigh_damping_0p3,5,270.54369850107656,165.00773527131264,220.50733283861035,141.53027207269335,223.09834514418768,136.5959205398308,0.12346180446534334,0.06952130694322663
a2p40,fthigh_damping,0.4,fthigh_damping_0p4,5,194.57607887845757,87.45110685974932,154.5148959796878,122.21645711543677,156.51183824592817,115.80739290471826,0.08919846251028292,0.02204590187183113
a2p40,fthigh_damping,0.5,fthigh_damping_0p5,5,110.58561953094745,84.34327893778071,94.4803344956932,103.16381164510715,97.01428037590912,94.53713207691264,0.046709312146232515,0.025016657347308457
a2p40,fthigh_damping,0.6,fthigh_damping_0p6,5,70.39674038001635,64.87349018540372,67.22071479388073,71.36346151024262,71.11267523531464,70.03162297874447,0.02927346371113132,0.02412755447378391
a2p40,fthigh_damping,0.7,fthigh_damping_0p7,5,36.07292538094248,59.88834346322944,38.58181901686235,57.98734113044356,35.577729875048725,59.3423690493503,0.012641578900644435,0.025407201354849664
a2p40,fthigh_damping,0.8,fthigh_damping_0p8,5,3.4638997049673437,34.153763716179085,-1.8390793561549343,40.82263347066543,1.803006748955113,36.67318167143194,6.973886808432777e-05,0.01863830111999813
a2p40,fthigh_damping,0.9,fthigh_damping_0p9,5,-13.299390743526875,22.65713764244967,-15.621764012445556,21.575019465273588,-15.135618899775181,22.972899025415405,-0.008603210281859041,0.012062766918973249
a2p40,fthigh_damping,1.0,fthigh_damping_1,5,0.0,0.0,0.0,0.0,0.0,0.0,0.0,0.0
a2p40,fthigh_damping,1.1,fthigh_damping_1p1,5,49.70287205080895,43.70666642950666,49.89977105133903,44.198905112390094,48.70244960973669,43.50381174659065,0.027418452121177828,0.026137486006004285
a2p40,fthigh_damping,1.3,fthigh_damping_1p3,5,123.7874480434627,80.95852866592068,121.7882772039507,78.45825398558354,122.19595209106532,80.0036154277505,0.06668001933403325,0.0502809926031262
a2p40,fthigh_damping,1.5,fthigh_damping_1p5,5,201.77476904992295,88.83414339166018,190.82785589947713,87.99293002701118,195.6973800562529,88.60373713569187,0.10485460309509045,0.058432684953950285
a2p40,fthigh_damping,1.7,fthigh_damping_1p7,5,316.9834982739602,126.29398315564961,309.8812816598384,122.78223235422016,309.839313652555,121.37950625634095,0.15952249791527973,0.07900948581219394
a2p40,fthigh_damping,2.0,fthigh_damping_2,5,496.8028568783117,162.55889081222955,465.5868725669201,173.84311190964797,475.6452671283117,173.44671625977188,0.24931013513929728,0.10373249693767206
a2p40,fthigh_friction,0.0,fthigh_friction_0,5,0.0,0.0,0.0,0.0,0.0,0.0,0.0,0.0
a2p40,fthigh_friction,0.1,fthigh_friction_0p1,5,0.0,0.0,0.0,0.0,0.0,0.0,0.0,0.0
a2p40,fthigh_friction,0.2,fthigh_friction_0p2,5,0.0,0.0,0.0,0.0,0.0,0.0,0.0,0.0
a2p40,fthigh_friction,0.3,fthigh_friction_0p3,5,1.3980977030074881,2.740271497894677,4.736580989542517,9.283698739503333,2.809103411329988,5.505842686206777,0.0008048051948565061,0.001577418181918752
a2p40,fthigh_friction,0.4,fthigh_friction_0p4,5,-5.86311773540042,11.645326159621407,-5.335355261690711,23.22342839220971,-6.330627881683358,16.649128237435775,-0.0016744615775499921,0.004142507988697996
a2p40,fthigh_friction,0.5,fthigh_friction_0p5,5,-5.86311773540042,11.645326159621407,-5.335355261690711,23.22342839220971,-6.330627881683358,16.649128237435775,-0.0016744615775499921,0.004142507988697996
a2p40,fthigh_friction,0.6,fthigh_friction_0p6,5,-5.86311773540042,11.645326159621407,-5.335355261690711,23.22342839220971,-6.330627881683358,16.649128237435775,-0.0016744615775499921,0.004142507988697996
a2p40,fthigh_friction,0.7,fthigh_friction_0p7,5,0.9614196157962397,1.8843824469606294,0.34350299561988323,0.6732658714149711,0.25903559016128386,0.5077097567161164,0.0005513457156615857,0.0010806376026967078
a2p40,fthigh_friction,0.8,fthigh_friction_0p8,5,0.0,0.0,0.0,0.0,0.0,0.0,0.0,0.0
a2p40,fthigh_friction,0.9,fthigh_friction_0p9,5,0.0,0.0,0.0,0.0,0.0,0.0,0.0,0.0
a2p40,fthigh_friction,1.0,fthigh_friction_1,5,0.0,0.0,0.0,0.0,0.0,0.0,0.0,0.0
a2p40,fthigh_friction,1.1,fthigh_friction_1p1,5,0.0,0.0,0.0,0.0,0.0,0.0,0.0,0.0
a2p40,fthigh_friction,1.3,fthigh_friction_1p3,5,0.0,0.0,0.0,0.0,0.0,0.0,0.0,0.0
a2p40,fthigh_friction,1.5,fthigh_friction_1p5,5,1.3980977030074881,2.740271497894677,4.736580989542517,9.283698739503333,2.809103411329988,5.505842686206777,0.0008048051948565061,0.001577418181918752
a2p40,fthigh_friction,1.7,fthigh_friction_1p7,5,-5.86311773540042,11.645326159621407,-5.335355261690711,23.22342839220971,-6.330627881683358,16.649128237435775,-0.0016744615775499921,0.004142507988697996
a2p40,fthigh_friction,2.0,fthigh_friction_2,5,-5.86311773540042,11.645326159621407,-5.335355261690711,23.22342839220971,-6.330627881683358,16.649128237435775,-0.0016744615775499921,0.004142507988697996
a2p40,gear,0.0,gear_0,5,2545.680979032217,1059.4890404196735,2545.243485559848,1066.9977795884913,2545.1581413280937,1061.939972151796,1.1643132418335322,0.03530608579534749
a2p40,gear,0.1,gear_0p1,5,2544.0269752911804,1046.4705947295092,2543.575495594892,1054.015647945361,2543.5353226630787,1048.9356411402148,1.1652700897060915,0.03468040265802051
a2p40,gear,0.2,gear_0p2,5,2540.633573768763,1029.8264181210122,2540.122106490625,1037.4011824056101,2540.1467989350976,1032.329528460571,1.1658212654640343,0.03467010667983919
a2p40,gear,0.3,gear_0p3,5,2537.6532787261444,1012.7484600987468,2537.1599412652813,1020.4110297758989,2537.1832421498593,1015.3076292482502,1.1666654628473405,0.035481331857823345
a2p40,gear,0.4,gear_0p4,5,2532.273869602006,995.552603204595,2531.263958893135,1002.1172495594323,2531.3948141589144,997.3590028207618,1.1663305149017416,0.038056940321191536
a2p40,gear,0.5,gear_0p5,5,2559.9960360530395,1061.4512932950627,2579.58985749757,1104.4123185997505,2579.7457373188854,1099.6442526440458,1.1713977707806644,0.026816268174090222
a2p40,gear,0.6,gear_0p6,5,2338.701591762507,1077.3208930707399,2293.144173300671,1158.8608001406133,2313.996719287044,1132.1293802816965,1.057452656600475,0.15381245544895603
a2p40,gear,0.7,gear_0p7,5,1721.4260446330904,599.8814908729463,1808.2788913698248,608.5468935471857,1780.0956507605893,601.0922058694819,0.8272113383602235,0.2748389644257833
a2p40,gear,0.8,gear_0p8,5,880.2342211563107,488.1393601860761,989.2305691012455,639.6106609043878,906.2057331464526,524.5855809529063,0.40792311592401187,0.21324870663669007
a2p40,gear,0.9,gear_0p9,5,274.20350852387327,160.01088187031405,273.9332816421273,166.6374378700053,274.1354218677617,162.77989214734095,0.12010916993573402,0.032985571677764426
a2p40,gear,1.0,gear_1,5,0.0,0.0,0.0,0.0,0.0,0.0,0.0,0.0
a2p40,gear,1.1,gear_1p1,5,-26.595959211729998,24.5812136965091,-53.151107458942576,45.471861233369964,-56.23776671623627,48.85215620665809,-0.015089457586963456,0.014360922291917712
a2p40,gear,1.3,gear_1p3,5,413.45910338121774,605.1894549122854,434.920613985117,763.8560554363825,406.2870833033049,703.4739785938508,0.12921500860309276,0.14195158555933277
a2p40,gear,1.5,gear_1p5,5,602.1433722131081,877.1258617959746,560.4070528338167,932.2692545263048,550.3186124653648,899.9988054149537,0.18798148934491382,0.19827231999650335
a2p40,gear,1.7,gear_1p7,5,969.7732466109503,1305.7014889853158,814.2952469676196,1342.033422155593,817.7520176393858,1333.0600326821461,0.31874463508515816,0.2811788214291653
a2p40,gear,2.0,gear_2,5,1578.8684783190017,1423.6992433433181,1578.0939593071757,1479.7736418431214,1546.1320156517,1476.971912722913,0.6270463260055565,0.3372670214114015
a2p40,gravity,0.0,gravity_0,5,-495.3352355726216,263.57931236377937,-450.7582893903842,285.83947224867745,-449.2830466118761,283.1158033344181,-0.2855924866769234,0.06537660291496122
a2p40,gravity,0.1,gravity_0p1,5,-451.266179832275,236.01061349926272,-406.1237402672551,264.0749696934508,-407.2309132656104,258.4476618495375,-0.2613400654484749,0.06185049300447144
a2p40,gravity,0.2,gravity_0p2,5,-380.04324459779343,209.44564127395725,-353.5063990656121,228.09617787587513,-353.10159765804303,228.90202473690644,-0.21654658583189698,0.038514862152138715
a2p40,gravity,0.3,gravity_0p3,5,-370.006106086228,185.463914416869,-324.2405115681055,197.71076609265887,-324.0926431584524,198.86312993092574,-0.21672670216985104,0.0573942497415756
a2p40,gravity,0.4,gravity_0p4,5,-318.16926101821207,151.11878912946187,-271.4150573392977,163.23568663692154,-272.80285463837663,166.07627933169346,-0.18779781505067233,0.04887390719755843
a2p40,gravity,0.5,gravity_0p5,5,-277.8239811236169,130.5999936403696,-236.29898131449562,153.26621029851896,-233.4998643147779,146.97146230378675,-0.16639179171530896,0.05622768304524793
a2p40,gravity,0.6,gravity_0p6,5,-232.72415523957534,101.89565877188015,-188.91251336858394,118.34489745144431,-188.51650069226676,115.32070568738017,-0.14102611085220862,0.048049403876640945
a2p40,gravity,0.7,gravity_0p7,5,-181.2331378078821,77.01427980562765,-140.47435134158314,93.70152746442135,-138.99098103433252,91.33204416432682,-0.11140645707687055,0.04269402796029575
a2p40,gravity,0.8,gravity_0p8,5,-120.75512695964457,52.643248330545326,-87.79555585584308,59.484353186958174,-90.73873209645231,60.15635408681652,-0.0733241202052176,0.02518615647222049
a2p40,gravity,0.9,gravity_0p9,5,-59.896510074384835,33.2395608496647,-47.06090134689062,36.405193369254164,-45.45097675640013,33.96230948165019,-0.03662896708278811,0.021182962133388474
a2p40,gravity,1.0,gravity_1,5,0.0,0.0,0.0,0.0,0.0,0.0,0.0,0.0
a2p40,gravity,1.1,gravity_1p1,5,82.78232810532181,39.50754662747563,44.48868615371039,13.354321065825014,46.80123196162663,17.365099533195558,0.05316560229484744,0.03124233700532994
a2p40,gravity,1.3,gravity_1p3,5,234.02130611259093,81.11051575252436,169.45378292998856,89.99323895378895,173.945892846713,90.93714527553404,0.14335556914904704,0.040671188922008085
a2p40,gravity,1.5,gravity_1p5,5,427.42571507193645,128.64209167767982,279.0894636538527,136.64225465626816,340.3673219784911,160.79862456729938,0.26934903710290586,0.09100517073767765
a2p40,gravity,1.7,gravity_1p7,5,609.1170192879632,202.0183114599066,413.11803032270655,211.06061705844482,522.3002075584789,267.9939152588301,0.382493677450789,0.13867466675502516
a2p40,gravity,2.0,gravity_2,5,955.7537061439953,344.9141804283903,878.0027887161839,523.8861820588327,904.0089095629268,514.5308941538879,0.6050896739327335,0.26202410552732724
a2p55,bfoot_actuator_gain,0.0,bfoot_actuator_gain_0,5,670.9112937542728,660.5615301794996,663.5899506220857,653.7972505929986,664.5274048064023,652.8266664418394,0.19148232714197266,0.13798563750162873
a2p55,bfoot_actuator_gain,0.1,bfoot_actuator_gain_0p1,5,583.875645809096,568.9442101387501,571.4066544239317,560.2086463699554,578.1038527593895,565.032040761681,0.1669420182355444,0.11812874927161378
a2p55,bfoot_actuator_gain,0.2,bfoot_actuator_gain_0p2,5,510.98701320255367,499.82520232314164,512.1120990394103,497.64889213246374,512.2529483296395,497.7904823623124,0.14556896065988995,0.10409875185066927
a2p55,bfoot_actuator_gain,0.3,bfoot_actuator_gain_0p3,5,421.1635873891877,408.3525470796367,411.32653469302386,402.92492031909023,414.2384663548273,401.47390629704535,0.12046193327141541,0.08452201693543926
a2p55,bfoot_actuator_gain,0.4,bfoot_actuator_gain_0p4,5,354.08845650925025,342.2655430353236,353.14757621603815,343.6827631624328,354.11958442733106,342.24399001055065,0.1015008953432521,0.0702796168078204
a2p55,bfoot_actuator_gain,0.5,bfoot_actuator_gain_0p5,5,259.3658545251362,252.21058198971457,251.0057146708644,245.899466126447,252.2417647986049,246.60224221685783,0.07432043009550734,0.052062593437748
a2p55,bfoot_actuator_gain,0.6,bfoot_actuator_gain_0p6,5,188.91545722446705,176.7172328932954,187.0451973555038,169.61954721990608,189.00631559496773,170.97487146334458,0.055437391725644526,0.03526536764950644
a2p55,bfoot_actuator_gain,0.7,bfoot_actuator_gain_0p7,5,123.96230200748673,103.89345869442,120.18967654640224,97.26255679575314,122.07793584324013,99.4117719877432,0.03912539620617523,0.019891004344814535
a2p55,bfoot_actuator_gain,0.8,bfoot_actuator_gain_0p8,5,59.1761955769889,49.74002865081052,54.957175466016224,45.04000990649726,56.73120910755765,46.291004040476096,0.018812015579338745,0.008781549328739095
a2p55,bfoot_actuator_gain,0.9,bfoot_actuator_gain_0p9,5,21.2359502485614,15.075776086165053,16.403869819523926,10.16765563612388,15.37881805040629,9.581122265825138,0.007202302387973776,0.002552707668571304
a2p55,bfoot_actuator_gain,1.0,bfoot_actuator_gain_1,5,0.0,0.0,0.0,0.0,0.0,0.0,0.0,0.0
a2p55,bfoot_actuator_gain,1.1,bfoot_actuator_gain_1p1,5,-29.029891991193608,42.10959885831588,-32.245329898503634,41.66757183305411,-32.27798435987379,44.35625140476471,-0.006782280936528509,0.011762567277631265
a2p55,bfoot_actuator_gain,1.3,bfoot_actuator_gain_1p3,5,-58.591321247210864,78.58320443853282,-64.61168696533869,86.59577886041595,-61.56358795914734,83.99067267154322,-0.017197600437742527,0.018303504822128624
a2p55,bfoot_actuator_gain,1.5,bfoot_actuator_gain_1p5,5,-65.26484149600178,107.17928301757888,-68.78724952229072,119.3702688493088,-63.905748476619735,113.3480075395103,-0.02122884828132001,0.024770485084400586
a2p55,bfoot_actuator_gain,1.7,bfoot_actuator_gain_1p7,5,-61.04812238239401,142.5882955098389,-64.87669154623268,155.45775777901656,-62.81924694121585,149.68026531473,-0.019915774764906434,0.033351781803677226
a2p55,bfoot_actuator_gain,2.0,bfoot_actuator_gain_2,5,-64.56074703807803,175.04070319006078,-77.47046259711502,182.05779870726232,-72.74048851119946,178.23288750178102,-0.023971449047948627,0.0418349656519002
a2p55,bfoot_damping,0.0,bfoot_damping_0,5,310.35432321657663,332.2885947783786,230.31699889520058,247.2843383072395,237.9971591562822,250.38119668312993,0.08284188851115046,0.07511658637879803
a2p55,bfoot_damping,0.1,bfoot_damping_0p1,5,197.18082035272437,214.314787704386,148.14762166260567,153.04832426363177,152.6305382015079,157.18097321989558,0.05360429762845374,0.05067506334814436
a2p55,bfoot_damping,0.2,bfoot_damping_0p2,5,68.9568489841054,119.16793425477758,53.91081832541372,98.91077631521294,59.17463624596671,101.32970807165644,0.019799191587854554,0.0324707535054281
a2p55,bfoot_damping,0.3,bfoot_damping_0p3,5,24.30278583319923,122.80867502396167,19.84475196872436,126.17196777797714,24.801358789812866,123.98713163876326,0.011115478454839976,0.034770859839294434
a2p55,bfoot_damping,0.4,bfoot_damping_0p4,5,0.7172225007834641,113.39080754795154,-0.413003919648645,110.47722951423886,0.7855436668500261,109.11622547608108,0.002658838815207774,0.032002142928260986
a2p55,bfoot_damping,0.5,bfoot_damping_0p5,5,-26.08772481849055,94.45772431516606,-25.35653080878719,91.01149218081794,-25.04406421998069,93.87949170990402,-0.004577009376140618,0.025577504440499665
a2p55,bfoot_damping,0.6,bfoot_damping_0p6,5,-1.517203435217425,113.73710658195183,-46.36633761400676,82.99087324256529,-38.43012880385595,80.22681598388719,-0.00024880292815996214,0.028992192550325896
a2p55,bfoot_damping,0.7,bfoot_damping_0p7,5,-45.24783760162495,64.21803052502496,-52.18938509411769,70.22403553065037,-44.54880145761554,62.44284730879798,-0.010075086108941152,0.017952252442517108
a2p55,bfoot_damping,0.8,bfoot_damping_0p8,5,-33.42639803000634,46.27291752865449,-31.97137669964477,39.10787850265478,-28.84366096590579,38.97789106750171,-0.007655358737555816,0.012499045587464279
a2p55,bfoot_damping,0.9,bfoot_damping_0p9,5,-14.011802741027987,28.36541128410079,-15.46504438311904,24.249816508778345,-10.50871510601437,25.095931974880983,-0.002840267630914625,0.007756189206823528
a2p55,bfoot_damping,1.0,bfoot_damping_1,5,0.0,0.0,0.0,0.0,0.0,0.0,0.0,0.0
a2p55,bfoot_damping,1.1,bfoot_damping_1p1,5,21.18244827343965,22.249128691527364,21.223152975099083,25.703778429242238,24.73435205220262,26.17547090761949,0.007696655386375815,0.004631804798106943
a2p55,bfoot_damping,1.3,bfoot_damping_1p3,5,60.52213187939465,85.60347323188104,58.85496776239897,90.8567220625772,60.62526868357759,87.76182297033816,0.016883427861897022,0.019367852505086953
a2p55,bfoot_damping,1.5,bfoot_damping_1p5,5,118.52177860865527,137.57546517061198,114.08978908942795,133.34322717747153,120.20430526658178,136.0343611337337,0.03226593151084365,0.03063849964215028
a2p55,bfoot_damping,1.7,bfoot_damping_1p7,5,168.0725557449432,180.94445330078366,165.69948829395804,178.58409880428601,170.6978945743377,180.3076165785926,0.047268471407519434,0.03827623618272474
a2p55,bfoot_damping,2.0,bfoot_damping_2,5,226.3030440102891,235.74378505620493,222.3032788784652,236.0051674957761,228.32657837356177,239.886558653451,0.06383680801854633,0.04976730353739685
a2p55,bfoot_friction,0.0,bfoot_friction_0,5,0.0,0.0,0.0,0.0,0.0,0.0,0.0,0.0
a2p55,bfoot_friction,0.1,bfoot_friction_0p1,5,0.0,0.0,0.0,0.0,0.0,0.0,0.0,0.0
a2p55,bfoot_friction,0.2,bfoot_friction_0p2,5,0.0,0.0,0.0,0.0,0.0,0.0,0.0,0.0
a2p55,bfoot_friction,0.3,bfoot_friction_0p3,5,0.5459189217975109,1.0700010867231213,0.24676437624443678,0.4836581774390961,-0.18523068251010955,0.36305213771981465,0.00034763117080803074,0.0006813570947837403
a2p55,bfoot_friction,0.4,bfoot_friction_0p4,5,-6.473083317125656,15.072451376482979,-8.427441229308807,19.402177184415773,-10.888058068323517,18.2539457681941,-0.002648454829761637,0.004636518569622302
a2p55,bfoot_friction,0.5,bfoot_friction_0p5,5,-6.473083317125656,15.072451376482979,-8.427441229308807,19.402177184415773,-10.888058068323517,18.2539457681941,-0.002648454829761637,0.004636518569622302
a2p55,bfoot_friction,0.6,bfoot_friction_0p6,5,-6.473083317125656,15.072451376482979,-8.427441229308807,19.402177184415773,-10.888058068323517,18.2539457681941,-0.002648454829761637,0.004636518569622302
a2p55,bfoot_friction,0.7,bfoot_friction_0p7,5,-6.256448284210274,12.262638637052136,-8.703356562948466,17.058578863378997,-9.0858886715896,17.808341796315617,-0.0014961336596769558,0.0029324219729668336
a2p55,bfoot_friction,0.8,bfoot_friction_0p8,5,0.0,0.0,0.0,0.0,0.0,0.0,0.0,0.0
a2p55,bfoot_friction,0.9,bfoot_friction_0p9,5,0.0,0.0,0.0,0.0,0.0,0.0,0.0,0.0
a2p55,bfoot_friction,1.0,bfoot_friction_1,5,0.0,0.0,0.0,0.0,0.0,0.0,0.0,0.0
a2p55,bfoot_friction,1.1,bfoot_friction_1p1,5,0.0,0.0,0.0,0.0,0.0,0.0,0.0,0.0
a2p55,bfoot_friction,1.3,bfoot_friction_1p3,5,0.0,0.0,0.0,0.0,0.0,0.0,0.0,0.0
a2p55,bfoot_friction,1.5,bfoot_friction_1p5,5,0.5459189217975109,1.0700010867231213,0.24676437624443678,0.4836581774390961,-0.18523068251010955,0.36305213771981465,0.00034763117080803074,0.0006813570947837403
a2p55,bfoot_friction,1.7,bfoot_friction_1p7,5,-6.473083317125656,15.072451376482979,-8.427441229308807,19.402177184415773,-10.888058068323517,18.2539457681941,-0.002648454829761637,0.004636518569622302
a2p55,bfoot_friction,2.0,bfoot_friction_2,5,-6.473083317125656,15.072451376482979,-8.427441229308807,19.402177184415773,-10.888058068323517,18.2539457681941,-0.002648454829761637,0.004636518569622302
a2p55,bshin_actuator_gain,0.0,bshin_actuator_gain_0,5,2212.419355131506,679.1069922520774,2159.4546676650148,708.7426169644666,2165.297205322596,704.9083999740569,0.9268944569362663,0.2042071219281046
a2p55,bshin_actuator_gain,0.1,bshin_actuator_gain_0p1,5,1920.5902775825912,603.7088995871437,1855.5504113266197,638.8723340234767,1879.0013364223178,639.5933337323709,0.8085867968196899,0.21201434243624692
a2p55,bshin_actuator_gain,0.2,bshin_actuator_gain_0p2,5,1411.5969977613215,438.14401287109933,1315.7666109912439,307.4972448413339,1350.2128236622216,368.2836500043759,0.6005087652106325,0.14727814968649885
a2p55,bshin_actuator_gain,0.3,bshin_actuator_gain_0p3,5,1071.3014340075222,227.0287812179398,1026.4995432814649,149.4389756329874,1029.3281104962973,151.23894147227477,0.47304430237008965,0.1408566433877738
a2p55,bshin_actuator_gain,0.4,bshin_actuator_gain_0p4,5,855.4941065984219,159.77600246492446,816.0758061703799,106.94459558187201,819.4457714862874,106.56475401391023,0.3791092263676521,0.11475983021353238
a2p55,bshin_actuator_gain,0.5,bshin_actuator_gain_0p5,5,713.2360743724928,186.20660589094493,656.0578327271985,105.30850826688194,659.3754068235825,107.31602076448047,0.30638103924446036,0.0818539024754503
a2p55,bshin_actuator_gain,0.6,bshin_actuator_gain_0p6,5,537.493325131061,134.48867322303337,486.65913807765145,79.482685418707,491.1274774832418,80.21426505588006,0.23485780196230138,0.07514818517830964
a2p55,bshin_actuator_gain,0.7,bshin_actuator_gain_0p7,5,325.55245737340454,65.02540518472912,320.37769050123654,70.1920589549395,324.4185195206643,66.52950630405867,0.1543658369136131,0.07122616394234371
a2p55,bshin_actuator_gain,0.8,bshin_actuator_gain_0p8,5,186.22582880769573,52.06974634871133,184.3546816279135,53.881320928778784,189.75323760814476,51.48660480676877,0.08890548019067435,0.047007060114808506
a2p55,bshin_actuator_gain,0.9,bshin_actuator_gain_0p9,5,66.63190480896264,39.905794234862384,54.04739523735002,43.00798478536167,62.10276698793441,40.79524832669292,0.03414405764195265,0.026696746141790666
a2p55,bshin_actuator_gain,1.0,bshin_actuator_gain_1,5,0.0,0.0,0.0,0.0,0.0,0.0,0.0,0.0
a2p55,bshin_actuator_gain,1.1,bshin_actuator_gain_1p1,5,-33.708857413907666,27.792991907769945,-31.313149342042514,25.442937046992363,-30.337272097950244,27.07111811640411,-0.015822451078023138,0.010826892746100731
a2p55,bshin_actuator_gain,1.3,bshin_actuator_gain_1p3,5,-29.82795405754664,25.072754994058055,-36.571908322567744,27.65037199459846,-28.92046393178116,24.187522003740977,-0.012614078773739828,0.01111095486527236
a2p55,bshin_actuator_gain,1.5,bshin_actuator_gain_1p5,5,24.626671333254855,54.17528422621765,6.252999114907743,74.58504705406227,11.639901639537493,71.65444093369962,0.019337148580117702,0.0278122995184936
a2p55,bshin_actuator_gain,1.7,bshin_actuator_gain_1p7,5,253.8471843108842,157.9301161403756,99.10803942602729,134.3865068101805,117.87837386441342,116.1677010756378,0.09329718354980183,0.052036089826872474
a2p55,bshin_actuator_gain,2.0,bshin_actuator_gain_2,5,1149.1204931974735,1046.423252665391,1227.0679391880353,1154.5243375756975,1187.7642243674052,1106.1858533156076,0.34557009650866527,0.21700382033651616
a2p55,bshin_damping,0.0,bshin_damping_0,5,2079.0322457014163,1505.0894202856864,2079.042438512949,1515.8740370038329,2080.9217605399162,1521.0872909078985,0.6939260724627496,0.21415950830008293
a2p55,bshin_damping,0.1,bshin_damping_0p1,5,1957.4105994319457,1530.3312968735213,1951.937773503582,1532.0097474885663,1957.6201025827438,1538.2168945637843,0.6316781069001001,0.24842051339132873
a2p55,bshin_damping,0.2,bshin_damping_0p2,5,1783.3663817030033,1501.8038412738824,1810.2373351391063,1540.3385844273569,1822.176638742673,1548.253923505458,0.5555723083622255,0.27022026678853817
a2p55,bshin_damping,0.3,bshin_damping_0p3,5,1541.3131199441323,1422.4272324563929,1577.4848051798078,1457.557290880558,1583.3254942399878,1466.2272683035271,0.45777285020196085,0.28181843877728185
a2p55,bshin_damping,0.4,bshin_damping_0p4,5,1290.6759969172595,1277.4951225601228,1369.9235527605238,1344.4295287403825,1313.7280446529112,1299.1000419563331,0.3718324410669135,0.26960403572114244
a2p55,bshin_damping,0.5,bshin_damping_0p5,5,1111.3911978468088,1164.8822859926622,990.9337211823338,1116.9862284815838,1082.215010075843,1163.4234434424695,0.3113068409831777,0.25512330411007295
a2p55,bshin_damping,0.6,bshin_damping_0p6,5,846.8964619055694,970.9331392813076,717.2406090686037,957.2581395618913,770.2003739774709,986.802896768678,0.22878352236121371,0.22294465550340317
a2p55,bshin_damping,0.7,bshin_damping_0p7,5,323.53646391500513,459.9996491656513,233.38393948073485,296.17806378346324,277.4054096407632,376.5282719059623,0.0870926908130166,0.11497175663965736
a2p55,bshin_damping,0.8,bshin_damping_0p8,5,61.70269540080617,101.24066959466266,25.183180437803593,79.63599210931412,27.738238700252122,83.20029818474681,0.012114884779394614,0.03710379675011085
a2p55,bshin_damping,0.9,bshin_damping_0p9,5,-5.154124425764212,32.84663237850387,-4.561053430294305,38.136213681539516,-4.608808500513033,33.87151585507381,-0.006339354246394614,0.015551095193807003
a2p55,bshin_damping,1.0,bshin_damping_1,5,0.0,0.0,0.0,0.0,0.0,0.0,0.0,0.0
a2p55,bshin_damping,1.1,bshin_damping_1p1,5,31.421232544569147,20.77351556129102,27.705074787127796,26.649290765286555,28.73021395394676,25.154821389404773,0.01788120519098352,0.013583386631104605
a2p55,bshin_damping,1.3,bshin_damping_1p3,5,143.12400114998522,68.27670155906492,138.23093555155248,74.60891617531702,140.61124490468416,69.76863090100272,0.07763689473218256,0.04902343723009691
a2p55,bshin_damping,1.5,bshin_damping_1p5,5,277.213406302841,93.63946023713184,273.7924143226297,98.29429444655872,273.19863893051865,97.24523525851554,0.14037921126582778,0.07366941251219845
a2p55,bshin_damping,1.7,bshin_damping_1p7,5,392.9197880377613,107.75333745371758,392.01340379874875,115.43693145536872,388.9193554026595,112.36170375476435,0.19708887998348498,0.1000802107430956
a2p55,bshin_damping,2.0,bshin_damping_2,5,568.8910653468134,151.83232355686982,557.6217510573204,151.1334969481524,559.9692218915352,151.4488374412923,0.2816792617706007,0.14198002428981688
a2p55,bshin_friction,0.0,bshin_friction_0,5,0.0,0.0,0.0,0.0,0.0,0.0,0.0,0.0
a2p55,bshin_friction,0.1,bshin_friction_0p1,5,0.0,0.0,0.0,0.0,0.0,0.0,0.0,0.0
a2p55,bshin_friction,0.2,bshin_friction_0p2,5,0.0,0.0,0.0,0.0,0.0,0.0,0.0,0.0
a2p55,bshin_friction,0.3,bshin_friction_0p3,5,0.0,0.0,0.0,0.0,0.0,0.0,0.0,0.0
a2p55,bshin_friction,0.4,bshin_friction_0p4,5,0.0,0.0,0.0,0.0,0.0,0.0,0.0,0.0
a2p55,bshin_friction,0.5,bshin_friction_0p5,5,0.5459189217975109,1.0700010867231213,0.24676437624443678,0.4836581774390961,-0.18523068251010955,0.36305213771981465,0.00034763117080803074,0.0006813570947837403
a2p55,bshin_friction,0.6,bshin_friction_0p6,5,-6.473083317125656,15.072451376482979,-8.427441229308807,19.402177184415773,-10.888058068323517,18.2539457681941,-0.002648454829761637,0.004636518569622302
a2p55,bshin_friction,0.7,bshin_friction_0p7,5,-6.473083317125656,15.072451376482979,-8.427441229308807,19.402177184415773,-10.888058068323517,18.2539457681941,-0.002648454829761637,0.004636518569622302
a2p55,bshin_friction,0.8,bshin_friction_0p8,5,-6.473083317125656,15.072451376482979,-8.427441229308807,19.402177184415773,-10.888058068323517,18.2539457681941,-0.002648454829761637,0.004636518569622302
a2p55,bshin_friction,0.9,bshin_friction_0p9,5,-6.256448284210274,12.262638637052136,-8.703356562948466,17.058578863378997,-9.0858886715896,17.808341796315617,-0.0014961336596769558,0.0029324219729668336
a2p55,bshin_friction,1.0,bshin_friction_1,5,0.0,0.0,0.0,0.0,0.0,0.0,0.0,0.0
a2p55,bshin_friction,1.1,bshin_friction_1p1,5,0.0,0.0,0.0,0.0,0.0,0.0,0.0,0.0
a2p55,bshin_friction,1.3,bshin_friction_1p3,5,0.0,0.0,0.0,0.0,0.0,0.0,0.0,0.0
a2p55,bshin_friction,1.5,bshin_friction_1p5,5,0.0,0.0,0.0,0.0,0.0,0.0,0.0,0.0
a2p55,bshin_friction,1.7,bshin_friction_1p7,5,0.0,0.0,0.0,0.0,0.0,0.0,0.0,0.0
a2p55,bshin_friction,2.0,bshin_friction_2,5,0.5459189217975109,1.0700010867231213,0.24676437624443678,0.4836581774390961,-0.18523068251010955,0.36305213771981465,0.00034763117080803074,0.0006813570947837403
a2p55,bthigh_actuator_gain,0.0,bthigh_actuator_gain_0,5,2052.6199195703475,1109.835635030949,2047.7944915392054,1112.512484655225,2075.1550092041134,1137.1976374174806,0.7778515761427831,0.25188047898010446
a2p55,bthigh_actuator_gain,0.1,bthigh_actuator_gain_0p1,5,1817.3694350265591,1011.9952212720387,1890.6913140620577,1099.1102580736842,1828.3896426800948,1029.7664939669257,0.683546911808525,0.21989943671556572
a2p55,bthigh_actuator_gain,0.2,bthigh_actuator_gain_0p2,5,1466.9618185579038,774.6203134611139,1305.8015138756532,707.8706599902054,1406.7920768636327,737.7830030129799,0.5626557711017665,0.1801723235786013
a2p55,bthigh_actuator_gain,0.3,bthigh_actuator_gain_0p3,5,1009.2694664503281,427.1195993609346,902.9701064213968,341.86398744053696,909.535254864724,346.419130249335,0.40695203557809656,0.14085799587907036
a2p55,bthigh_actuator_gain,0.4,bthigh_actuator_gain_0p4,5,753.6741586262551,351.28488015196035,667.2143958684867,308.0660587420513,674.8001298395717,311.57115426342847,0.2943109839442234,0.09087915568229736
a2p55,bthigh_actuator_gain,0.5,bthigh_actuator_gain_0p5,5,552.2997147677146,251.8428111998953,527.3426922074493,259.25726834274224,532.7517172190212,263.53595377567854,0.21359219080203448,0.0400543341564619
a2p55,bthigh_actuator_gain,0.6,bthigh_actuator_gain_0p6,5,431.14833282760264,235.09512439758487,423.20258007653973,227.56422427490574,429.1475821497996,233.5363812875878,0.15878574331376366,0.02259792683392257
a2p55,bthigh_actuator_gain,0.7,bthigh_actuator_gain_0p7,5,328.9884272060516,207.74272105957354,322.1007894149445,203.61961914894968,329.2736523860465,210.29654006239963,0.11559110291713359,0.023170672911031216
a2p55,bthigh_actuator_gain,0.8,bthigh_actuator_gain_0p8,5,191.60542361426837,139.42476782041885,185.26548579739278,134.27009839241774,190.11194316135015,138.1444381095814,0.06446059896201825,0.02025346956410663
a2p55,bthigh_actuator_gain,0.9,bthigh_actuator_gain_0p9,5,91.0718933939459,75.90025453499791,80.96649740953721,69.58578385328639,90.89916286970106,77.2699848001623,0.02884203450890522,0.013126539604464563
a2p55,bthigh_actuator_gain,1.0,bthigh_actuator_gain_1,5,0.0,0.0,0.0,0.0,0.0,0.0,0.0,0.0
a2p55,bthigh_actuator_gain,1.1,bthigh_actuator_gain_1p1,5,-78.7079713099935,84.79618917534435,-74.15014427730912,81.64068496100322,-77.34313846803025,83.90511537686206,-0.021433481586808047,0.021874074065217054
a2p55,bthigh_actuator_gain,1.3,bthigh_actuator_gain_1p3,5,-157.0273525036102,204.2873491874178,-180.82674657979356,221.7565213661517,-171.29618516046713,214.24227191177843,-0.0380470924602367,0.054411567756098574
a2p55,bthigh_actuator_gain,1.5,bthigh_actuator_gain_1p5,5,24.51469567519039,324.63674222894826,-73.98212644419831,266.7694714286991,-52.44743421543753,277.35828549645754,0.019617001706592814,0.0873129439835494
a2p55,bthigh_actuator_gain,1.7,bthigh_actuator_gain_1p7,5,1056.5450112944677,986.6492344868639,1258.681505581411,1232.37936371475,1193.9818170419799,1151.932555516532,0.3105744626561099,0.19765098084551314
a2p55,bthigh_actuator_gain,2.0,bthigh_actuator_gain_2,5,1671.720544555552,1435.248885198347,1672.2408417889,1494.1661577002885,1672.6926837158146,1489.6627111580042,0.5151150797707078,0.26704438637749517
a2p55,bthigh_damping,0.0,bthigh_damping_0,5,2585.6190837982676,1583.0957783270883,2554.7656046642514,1586.5145641720892,2567.7585976816636,1597.62487765836,0.9381770792371318,0.35797314600818575
a2p55,bthigh_damping,0.1,bthigh_damping_0p1,5,2250.5868793951436,1546.5578417392703,2229.7148939981644,1532.42495818997,2223.8318633688823,1530.4529757687026,0.7824355653392889,0.33755848264223115
a2p55,bthigh_damping,0.2,bthigh_damping_0p2,5,1880.7022549584267,1480.7254235480416,1896.331807067978,1508.603421052063,1898.0159611346894,1502.161076798218,0.612977832307079,0.30482707874276777
a2p55,bthigh_damping,0.3,bthigh_damping_0p3,5,1634.1928776358404,1450.8894215496573,1610.3452940075786,1424.4750036830562,1630.36781760113,1445.371689339595,0.4978111160232025,0.3014268677833141
a2p55,bthigh_damping,0.4,bthigh_damping_0p4,5,1147.748087505317,1119.145386468847,1321.2858374576995,1297.4030629975532,1238.3553861435569,1210.4623040976664,0.33642255416944583,0.24796074818345124
a2p55,bthigh_damping,0.5,bthigh_damping_0p5,5,605.8000374734798,793.4129164365257,494.42306534692744,898.2188106501766,550.730764743396,895.5370281607708,0.1848487580198923,0.18251064122257105
a2p55,bthigh_damping,0.6,bthigh_damping_0p6,5,79.189418336707,285.0185547753111,-103.66165587267892,266.18235703821114,-23.5264599551183,271.713725469056,0.04027486985478338,0.08096401199473853
a2p55,bthigh_damping,0.7,bthigh_damping_0p7,5,-74.4211338078962,169.53739200698885,-118.90413341011158,200.82973058012786,-116.88325003305053,200.26711558007298,-0.007531839921963782,0.05439742231900724
a2p55,bthigh_damping,0.8,bthigh_damping_0p8,5,-48.37407895590691,116.38520521726166,-84.0807246674844,133.1847999986159,-86.18621403445354,134.8373960594845,-0.006319681154094365,0.03395562617505519
a2p55,bthigh_damping,0.9,bthigh_damping_0p9,5,-67.12351102769313,84.06849698400634,-75.24100380637091,94.02703538077407,-72.1137074005535,89.5927090392661,-0.015660425981913223,0.021460728653842277
a2p55,bthigh_damping,1.0,bthigh_damping_1,5,0.0,0.0,0.0,0.0,0.0,0.0,0.0,0.0
a2p55,bthigh_damping,1.1,bthigh_damping_1p1,5,54.492251154612816,52.93220745963161,51.027057205735176,47.768121765692406,51.33196089572566,48.576867616627965,0.015853917576504343,0.011350704521887947
a2p55,bthigh_damping,1.3,bthigh_damping_1p3,5,189.87569721934406,174.35705935788621,180.19727091778336,162.92896030883696,184.87606522033542,167.51633010827797,0.05664636516755149,0.0354679238432418
a2p55,bthigh_damping,1.5,bthigh_damping_1p5,5,316.8892707121324,246.64893260739066,314.195176824404,246.72073182220353,315.9524038224881,245.52687765603073,0.10396872229505597,0.04886560662375793
a2p55,bthigh_damping,1.7,bthigh_damping_1p7,5,431.1543044962926,297.9263079282694,422.367564251478,287.10488033293814,424.0628044401613,289.3392772422733,0.14864536635916337,0.05477922567494664
a2p55,bthigh_damping,2.0,bthigh_damping_2,5,605.6380449102695,412.74448245755855,542.9554398980948,329.27873085214634,545.0725065589025,328.9550103684383,0.21259283004631468,0.07700105480213695
a2p55,bthigh_friction,0.0,bthigh_friction_0,5,0.0,0.0,0.0,0.0,0.0,0.0,0.0,0.0
a2p55,bthigh_friction,0.1,bthigh_friction_0p1,5,-2.5365812872439166,6.0725096763569,-2.559757485652517,7.040602776457582,-1.178631211127049,2.5767649723480974,-0.0005134902114631329,0.0019969679837704923
a2p55,bthigh_friction,0.2,bthigh_friction_0p2,5,6.473083317125656,15.072451376482979,8.427441229308807,19.402177184415773,10.888058068323517,18.2539457681941,0.0026192479831957955,0.00461296061599629
a2p55,bthigh_friction,0.3,bthigh_friction_0p3,5,6.473083317125656,15.072451376482979,8.427441229308807,19.402177184415773,10.888058068323517,18.2539457681941,0.0026192479831957955,0.00461296061599629
a2p55,bthigh_friction,0.4,bthigh_friction_0p4,5,6.473083317125656,15.072451376482979,8.427441229308807,19.402177184415773,10.888058068323517,18.2539457681941,0.0026192479831957955,0.00461296061599629
a2p55,bthigh_friction,0.5,bthigh_friction_0p5,5,6.473083317125656,15.072451376482979,8.427441229308807,19.402177184415773,10.888058068323517,18.2539457681941,0.0026192479831957955,0.00461296061599629
a2p55,bthigh_friction,0.6,bthigh_friction_0p6,5,6.473083317125656,15.072451376482979,8.427441229308807,19.402177184415773,10.888058068323517,18.2539457681941,0.0026192479831957955,0.00461296061599629
a2p55,bthigh_friction,0.7,bthigh_friction_0p7,5,6.473083317125656,15.072451376482979,8.427441229308807,19.402177184415773,10.888058068323517,18.2539457681941,0.0026192479831957955,0.00461296061599629
a2p55,bthigh_friction,0.8,bthigh_friction_0p8,5,0.0,0.0,0.0,0.0,0.0,0.0,0.0,0.0
a2p55,bthigh_friction,0.9,bthigh_friction_0p9,5,0.0,0.0,0.0,0.0,0.0,0.0,0.0,0.0
a2p55,bthigh_friction,1.0,bthigh_friction_1,5,0.0,0.0,0.0,0.0,0.0,0.0,0.0,0.0
a2p55,bthigh_friction,1.1,bthigh_friction_1p1,5,-2.5365812872439166,6.0725096763569,-2.559757485652517,7.040602776457582,-1.178631211127049,2.5767649723480974,-0.0005134902114631329,0.0019969679837704923
a2p55,bthigh_friction,1.3,bthigh_friction_1p3,5,6.473083317125656,15.072451376482979,8.427441229308807,19.402177184415773,10.888058068323517,18.2539457681941,0.0026192479831957955,0.00461296061599629
a2p55,bthigh_friction,1.5,bthigh_friction_1p5,5,6.473083317125656,15.072451376482979,8.427441229308807,19.402177184415773,10.888058068323517,18.2539457681941,0.0026192479831957955,0.00461296061599629
a2p55,bthigh_friction,1.7,bthigh_friction_1p7,5,6.473083317125656,15.072451376482979,8.427441229308807,19.402177184415773,10.888058068323517,18.2539457681941,0.0026192479831957955,0.00461296061599629
a2p55,bthigh_friction,2.0,bthigh_friction_2,5,6.473083317125656,15.072451376482979,8.427441229308807,19.402177184415773,10.888058068323517,18.2539457681941,0.0026192479831957955,0.00461296061599629
a2p55,damping,0.0,damping_0,5,2696.8661432311596,1406.607895490011,2650.3764579572753,1399.1437241085264,2670.619768127839,1399.3267473459098,1.0053280337891948,0.144427450375968
a2p55,damping,0.1,damping_0p1,5,2546.4935942927377,1569.6071422653383,2543.101592533806,1598.1240066643338,2549.233971411614,1580.9486876030155,0.9064105251572612,0.2588815343315756
a2p55,damping,0.2,damping_0p2,5,2341.4080287317724,1630.9368112567176,2283.1021904999016,1657.1871819803637,2297.1203012148785,1663.2775819665912,0.7954075577543565,0.2752791869981794
a2p55,damping,0.3,damping_0p3,5,2080.676644653569,1627.9435859760672,2069.870332401487,1643.1130461467042,2075.457180079525,1645.0791382505581,0.6733174884692679,0.3115634542477402
a2p55,damping,0.4,damping_0p4,5,1832.9306256332104,1642.5167763092024,1831.8025912891003,1681.5577276765553,1818.9667995982459,1665.4223401983327,0.5509260830217826,0.32685303302419183
a2p55,damping,0.5,damping_0p5,5,1596.8832451082044,1612.479202466833,1598.7112062349956,1627.4091908966388,1591.341356396127,1615.6438470524909,0.44549664864192673,0.34689412290839466
a2p55,damping,0.6,damping_0p6,5,1350.2469741471336,1452.4640378997972,1381.1721897195089,1486.2177632946252,1362.8257595591592,1464.565724095652,0.36064732551811196,0.3262574849374605
a2p55,damping,0.7,damping_0p7,5,774.8099654002724,988.0623044099707,689.3640291085391,1031.235682663046,696.264278952173,989.0228147321767,0.19759026643961908,0.23076065510225405
a2p55,damping,0.8,damping_0p8,5,126.80311390539468,230.35282890608215,-102.40524463790803,117.41361708997752,-55.4148394213511,97.99560245632806,0.025317011498000835,0.06273288065740247
a2p55,damping,0.9,damping_0p9,5,-63.382592990500235,44.45169890648094,-107.9282013579148,73.18449723616695,-105.40320922981587,72.67380194538218,-0.02793547654168404,0.023228163325018363
a2p55,damping,1.0,damping_1,5,0.0,0.0,0.0,0.0,0.0,0.0,0.0,0.0
a2p55,damping,1.1,damping_1p1,5,144.79326872281348,61.770997378165895,137.5429061793237,59.48381614716101,142.06052896961856,60.721141499533154,0.06059879117960544,0.026704521636039116
a2p55,damping,1.3,damping_1p3,5,520.5961844985608,304.44645918893445,506.288959348091,290.4024700382082,511.6470862902091,294.69520967357727,0.209203069403796,0.07196200131136536
a2p55,damping,1.5,damping_1p5,5,1409.288844170852,1023.9281751834733,1378.0765061082645,1008.7183554152257,1395.9612106413897,1031.698069749955,0.4850813350065447,0.16795781280218203
a2p55,damping,1.7,damping_1p7,5,2034.5138861685803,1412.0477227498018,2034.3993904329466,1413.8226807283522,2037.2746337114881,1416.0919696733888,0.6928470120173843,0.2222631034639394
a2p55,damping,2.0,damping_2,5,2592.1823341810336,1396.875101429374,2674.5606757927044,1329.8374384018357,2611.144823392049,1375.7738426406993,0.9583762381098403,0.10172110307868681
a2p55,ffoot_actuator_gain,0.0,ffoot_actuator_gain_0,5,557.5137758414573,643.3148069757527,551.3475837910543,641.7466653338117,553.127574908354,641.1320009147124,0.14480102205053597,0.14950141636932104
a2p55,ffoot_actuator_gain,0.1,ffoot_actuator_gain_0p1,5,479.4932798031017,556.0132765737993,478.85111010257316,561.6757598369433,478.9653006541013,555.0600749834435,0.12329798938957434,0.13005840802065285
a2p55,ffoot_actuator_gain,0.2,ffoot_actuator_gain_0p2,5,407.4322925287386,468.2914505700214,398.577669418732,458.89267375312784,404.8036038547906,463.0662015368752,0.10578537446572493,0.10878959485201833
a2p55,ffoot_actuator_gain,0.3,ffoot_actuator_gain_0p3,5,338.8231366601363,393.57223464878774,333.36370715561685,386.71891676322036,333.6441854452518,384.9734001414307,0.08648127408420798,0.09249068258395718
a2p55,ffoot_actuator_gain,0.4,ffoot_actuator_gain_0p4,5,264.94863823394655,304.1476668856227,259.1292116386348,295.7451786628628,260.5914648330328,300.021908919252,0.0676910891281841,0.07142734026987303
a2p55,ffoot_actuator_gain,0.5,ffoot_actuator_gain_0p5,5,206.08661380903578,231.63166729249392,202.4780296580488,227.85639929635852,201.53948187213558,227.35482341853245,0.05306500758276782,0.053826401468066574
a2p55,ffoot_actuator_gain,0.6,ffoot_actuator_gain_0p6,5,153.2024195199026,173.13041427399642,145.94585492492894,162.83285884057426,147.87616194664997,165.89824940681163,0.03932315170192861,0.040533464448936865
a2p55,ffoot_actuator_gain,0.7,ffoot_actuator_gain_0p7,5,102.15098627318943,113.69571354445527,102.61388648257775,110.7763543346114,101.27653543690153,109.6624608755949,0.02738959013171577,0.025540319142869854
a2p55,ffoot_actuator_gain,0.8,ffoot_actuator_gain_0p8,5,57.637836815532,74.62231457006958,48.51178280171926,66.53845399705278,52.328082693836315,69.34715168075252,0.013725507685737664,0.018856601613469217
a2p55,ffoot_actuator_gain,0.9,ffoot_actuator_gain_0p9,5,27.474896559343232,31.004282686117968,20.44934381356261,24.773808378959146,23.02609880882087,26.37924209428734,0.007571508892042863,0.008353094266105164
a2p55,ffoot_actuator_gain,1.0,ffoot_actuator_gain_1,5,0.0,0.0,0.0,0.0,0.0,0.0,0.0,0.0
a2p55,ffoot_actuator_gain,1.1,ffoot_actuator_gain_1p1,5,-36.399867092754945,41.72197065008028,-41.04226879376033,47.26577557097584,-38.681117282037256,44.984350671184096,-0.009312494066551807,0.010063948485178616
a2p55,ffoot_actuator_gain,1.3,ffoot_actuator_gain_1p3,5,-47.61155977038438,71.07011595997517,-49.89966068282324,74.76267724478512,-47.677958011312924,73.58156747020271,-0.01344736056699378,0.01610608267627717
a2p55,ffoot_actuator_gain,1.5,ffoot_actuator_gain_1p5,5,-28.56525094497447,116.56517093879692,-30.74423853549083,129.11282809550679,-31.614473023812707,121.1462406133696,-0.005692700504128801,0.02847288329754982
a2p55,ffoot_actuator_gain,1.7,ffoot_actuator_gain_1p7,5,34.17055652165796,175.8315236958182,31.694458850071214,190.3198234385347,32.45058864906696,181.75144331248893,0.01110189282792072,0.042977199211804304
a2p55,ffoot_actuator_gain,2.0,ffoot_actuator_gain_2,5,118.99498492752468,241.24575230913763,111.779233553423,238.66729860074247,117.19950147872859,240.69160171479552,0.03227413717887727,0.058394949805327175
a2p55,ffoot_damping,0.0,ffoot_damping_0,5,291.14077012720475,380.9273478171512,282.4274226539947,365.6175314785349,284.1495311180082,367.1715293841363,0.0863666507146815,0.08638569802084872
a2p55,ffoot_damping,0.1,ffoot_damping_0p1,5,190.0562840049776,247.10752795422445,173.0072690339016,223.19472461925758,184.06342562244177,238.59846765879036,0.058176374351426044,0.05650926403904062
a2p55,ffoot_damping,0.2,ffoot_damping_0p2,5,159.31549870443064,207.9315229594226,145.57688998267864,184.1492354672629,150.64506737686457,192.08227980306398,0.04850641691575068,0.04722749518753479
a2p55,ffoot_damping,0.3,ffoot_damping_0p3,5,85.73058491245061,109.33082844220611,83.95056442208829,105.6926991914496,86.60978911726583,105.63032452472966,0.026647166885053558,0.024806736063409968
a2p55,ffoot_damping,0.4,ffoot_damping_0p4,5,58.87878165021366,66.6517141685872,45.55916617282892,57.0476242920237,56.109165638023704,68.74926654559152,0.017953202454145358,0.015117660032783767
a2p55,ffoot_damping,0.5,ffoot_damping_0p5,5,54.86508949682957,86.66308390614813,11.968249597781096,14.204481279146954,20.171340059748946,18.012160359911153,0.015327555282617871,0.02047218237592645
a2p55,ffoot_damping,0.6,ffoot_damping_0p6,5,0.004792293751052057,28.391989636536184,2.4895059504649453,32.947439195939005,4.745462557573637,30.388324263531967,0.0017262748732388665,0.00771679160316223
a2p55,ffoot_damping,0.7,ffoot_damping_0p7,5,-10.905857909558108,16.907834093573914,-14.586692255814796,23.527775175501546,-9.676706976045853,17.347902115364704,-0.00264212124592589,0.004376072603437149
a2p55,ffoot_damping,0.8,ffoot_damping_0p8,5,-6.9765851032964745,22.78075433977375,-11.715960987638391,22.900377463009615,-6.22496271715504,24.091452628377876,-0.0026913391015288383,0.00609066931039859
a2p55,ffoot_damping,0.9,ffoot_damping_0p9,5,-6.101455930341035,14.463229230694388,-9.597021209107425,20.979036426028784,-4.2457439791384335,18.77615632384186,-0.0014868618252792743,0.003933675307706692
a2p55,ffoot_damping,1.0,ffoot_damping_1,5,0.0,0.0,0.0,0.0,0.0,0.0,0.0,0.0
a2p55,ffoot_damping,1.1,ffoot_damping_1p1,5,0.4557351551133252,8.365995446452166,-2.235728481246133,11.351284811467073,1.5766197801375257,13.967105040726326,0.0009117291760248929,0.003786265374390252
a2p55,ffoot_damping,1.3,ffoot_damping_1p3,5,12.514994801185685,12.983867539532508,5.768923769592357,15.042081662499372,13.950051868979973,13.109520688004695,0.0058126851210951,0.005437272647272439
a2p55,ffoot_damping,1.5,ffoot_damping_1p5,5,36.85516324425121,30.652888950145236,37.53889515811197,33.15540399594022,40.66863023977235,34.60630988962729,0.011713309300437328,0.006832671724518937
a2p55,ffoot_damping,1.7,ffoot_damping_1p7,5,55.12498361377402,52.55764113050396,52.984427119522664,52.09138055117018,58.45733082792094,54.60434323904356,0.016378341030595572,0.012237519783085495
a2p55,ffoot_damping,2.0,ffoot_damping_2,5,85.23416067561884,88.62081368642328,78.00886970289693,81.86219623125068,85.23009339211994,88.13295341890596,0.024983868641561907,0.019387703089246117
a2p55,ffoot_friction,0.0,ffoot_friction_0,5,0.0,0.0,0.0,0.0,0.0,0.0,0.0,0.0
a2p55,ffoot_friction,0.1,ffoot_friction_0p1,5,0.0,0.0,0.0,0.0,0.0,0.0,0.0,0.0
a2p55,ffoot_friction,0.2,ffoot_friction_0p2,5,0.0,0.0,0.0,0.0,0.0,0.0,0.0,0.0
a2p55,ffoot_friction,0.3,ffoot_friction_0p3,5,0.0,0.0,0.0,0.0,0.0,0.0,0.0,0.0
a2p55,ffoot_friction,0.4,ffoot_friction_0p4,5,-6.473083317125656,15.072451376482979,-8.427441229308807,19.402177184415773,-10.888058068323517,18.2539457681941,-0.002648454829761637,0.004636518569622302
a2p55,ffoot_friction,0.5,ffoot_friction_0p5,5,-6.473083317125656,15.072451376482979,-8.427441229308807,19.402177184415773,-10.888058068323517,18.2539457681941,-0.002648454829761637,0.004636518569622302
a2p55,ffoot_friction,0.6,ffoot_friction_0p6,5,-6.473083317125656,15.072451376482979,-8.427441229308807,19.402177184415773,-10.888058068323517,18.2539457681941,-0.002648454829761637,0.004636518569622302
a2p55,ffoot_friction,0.7,ffoot_friction_0p7,5,-9.009664604369572,12.09983223773335,-10.987198714961323,16.518254423724258,-12.066689279450566,17.298810987252413,-0.003157534736742515,0.0037984731378104416
a2p55,ffoot_friction,0.8,ffoot_friction_0p8,5,0.0,0.0,0.0,0.0,0.0,0.0,0.0,0.0
a2p55,ffoot_friction,0.9,ffoot_friction_0p9,5,0.0,0.0,0.0,0.0,0.0,0.0,0.0,0.0
a2p55,ffoot_friction,1.0,ffoot_friction_1,5,0.0,0.0,0.0,0.0,0.0,0.0,0.0,0.0
a2p55,ffoot_friction,1.1,ffoot_friction_1p1,5,0.0,0.0,0.0,0.0,0.0,0.0,0.0,0.0
a2p55,ffoot_friction,1.3,ffoot_friction_1p3,5,0.0,0.0,0.0,0.0,0.0,0.0,0.0,0.0
a2p55,ffoot_friction,1.5,ffoot_friction_1p5,5,0.0,0.0,0.0,0.0,0.0,0.0,0.0,0.0
a2p55,ffoot_friction,1.7,ffoot_friction_1p7,5,-6.473083317125656,15.072451376482979,-8.427441229308807,19.402177184415773,-10.888058068323517,18.2539457681941,-0.002648454829761637,0.004636518569622302
a2p55,ffoot_friction,2.0,ffoot_friction_2,5,-6.473083317125656,15.072451376482979,-8.427441229308807,19.402177184415773,-10.888058068323517,18.2539457681941,-0.002648454829761637,0.004636518569622302
a2p55,friction,0.0,friction_0,5,-1296.5942206472107,2829.49087201458,-1263.58721131422,2902.6618136359402,-1262.8187012879257,2888.9494143557877,-0.6837057834396906,1.7825783789296363
a2p55,friction,0.1,friction_0p1,5,-1381.1265405432355,1424.2582811232226,-1424.507833339371,1394.6219588193562,-1422.3179701814865,1394.1648395904638,-0.7982048481850607,0.917237623870456
a2p55,friction,0.2,friction_0p2,5,-900.0801324256066,966.3820786645449,-941.3021132504213,936.5595612802263,-940.3289215625886,940.3100031381751,-0.5273513188997153,0.6236316859273262
a2p55,friction,0.3,friction_0p3,5,-382.9688805948128,295.8263250301271,-393.0268897200946,293.4733347825477,-388.7801102428707,295.7846911374432,-0.19672703422128177,0.20569076225977612
a2p55,friction,0.4,friction_0p4,5,-211.9393442054474,139.06637146065,-260.18689845687925,135.19629064485252,-250.35173197362602,134.13380934135523,-0.10786529853746878,0.09851792412468413
a2p55,friction,0.5,friction_0p5,5,-191.96550834398096,92.66954857234586,-200.38591742853623,92.3080345280028,-197.72922390257676,92.63723995017246,-0.0889065230814636,0.063888354200598
a2p55,friction,0.6,friction_0p6,5,-156.51172019457567,64.42840510698174,-159.284749690504,65.4357108251988,-156.2919858217055,65.38084699411685,-0.0689886739083894,0.04185325571565806
a2p55,friction,0.7,friction_0p7,5,-113.93075152789152,44.21476013894185,-122.81523117341249,45.25886583133873,-115.81381565945654,44.26988766679253,-0.050613286117206266,0.028601498094177783
a2p55,friction,0.8,friction_0p8,5,-72.99357323484146,32.02688539696613,-74.40229961097343,28.825588853901618,-70.18492013070845,28.63238785911934,-0.03174587963140444,0.016530103540401703
a2p55,friction,0.9,friction_0p9,5,-38.96731741007352,16.42686063616127,-43.068450134702836,18.695609448478514,-39.83264403045014,19.585475934739527,-0.017052273975533695,0.009072322226986113
a2p55,friction,1.0,friction_1,5,0.0,0.0,0.0,0.0,0.0,0.0,0.0,0.0
a2p55,friction,1.1,friction_1p1,5,31.150037687847135,20.296029662694092,29.16778691907448,23.956574374667827,30.359739640238832,22.808522589272854,0.014502339691288432,0.011021340725966862
a2p55,friction,1.3,friction_1p3,5,95.74473618920429,55.069612661199514,88.15738948881753,60.688571415299336,93.33476988827337,59.95275763950201,0.04295610759890721,0.02524993800393937
a2p55,friction,1.5,friction_1p5,5,156.23618175484813,79.03026762851049,159.46525677720518,76.90528360953103,159.9270313798757,79.79032943640081,0.06988030935948539,0.03728151011407967
a2p55,friction,1.7,friction_1p7,5,229.3689717604572,122.05981332740649,187.18633037899295,117.97985132000085,193.09666206275386,119.83960902709129,0.09639827916928244,0.047131678742174485
a2p55,friction,2.0,friction_2,5,277.31414748718265,101.85944635980745,248.3351745237046,130.68776927297594,248.71004145739158,130.41087789841305,0.12146979305177157,0.05688188195271515
a2p55,friction_damping,0.0,friction_damping_0,5,-917.9991771002615,4674.051230631087,-1138.6008560524529,4999.984608097462,-997.7806607187042,5058.274071332502,-1.1987203085184857,2.2660036800376777
a2p55,friction_damping,0.1,friction_damping_0p1,5,556.858723690394,4313.660187022873,36.879511872752346,4356.386438894991,86.21641007383994,4337.683799242173,-0.44432776914176914,1.901461181075991
a2p55,friction_damping,0.2,friction_damping_0p2,5,1171.6074775712975,3272.5543507261864,761.4794894489912,3599.2992760664624,992.4455189564321,3454.5781277263577,0.011064842766971773,1.3878081474855002
a2p55,friction_damping,0.3,friction_damping_0p3,5,1042.8117036382675,2937.7386401113936,991.7022671923958,3116.4277493834234,989.0413988365817,3101.104029282621,-0.006053837156319042,1.2064118257206227
a2p55,friction_damping,0.4,friction_damping_0p4,5,1150.6206003996178,2507.701218554056,1227.8770928288693,2580.4910183681004,1193.6199071065232,2573.9435118158895,0.10437796856067087,0.9592408418158093
a2p55,friction_damping,0.5,friction_damping_0p5,5,1207.8804743763474,1953.298115359396,1257.1023947280942,1989.847048148802,1249.9139922106824,1992.2837346627784,0.20909283253157823,0.6172719638796224
a2p55,friction_damping,0.6,friction_damping_0p6,5,1186.5207212467012,1620.6649191562287,1217.1540882588843,1664.6279793263545,1227.1167145521229,1671.4678694480822,0.25439885996887224,0.43969145511662966
a2p55,friction_damping,0.7,friction_damping_0p7,5,617.6831460944828,1042.5926196476687,553.8488945204483,1115.1762017164415,586.1159182271804,1098.689027181581,0.1160123175345057,0.28323612767417944
a2p55,friction_damping,0.8,friction_damping_0p8,5,-2.474416438013486,300.8690126303003,-174.17798364644347,122.64565540383862,-143.0563456408824,154.6624593556214,-0.0321755941503233,0.10090293935944429
a2p55,friction_damping,0.9,friction_damping_0p9,5,-129.50846753668338,98.00785728439281,-147.6888572027724,96.23123106257226,-143.81717657116602,98.2474476389129,-0.052201236315409474,0.03871523065823323
a2p55,friction_damping,1.0,friction_damping_1,5,0.0,0.0,0.0,0.0,0.0,0.0,0.0,0.0
a2p55,friction_damping,1.1,friction_damping_1p1,5,176.27084613131396,68.99720514202322,172.87347335730914,65.10858049864255,176.10675493095263,66.48483767605151,0.07456971521592196,0.03210444892571648
a2p55,friction_damping,1.3,friction_damping_1p3,5,640.2986216494007,307.16855439232336,610.8254199586024,292.09076242477437,612.7795360200028,291.40894686336355,0.25008512075402833,0.06448098290059386
a2p55,friction_damping,1.5,friction_damping_1p5,5,1538.080741583026,1109.6606856446358,1516.4815835935533,1114.3023503323066,1513.2838544518063,1105.6650203165689,0.5327413461867164,0.19898445469605422
a2p55,friction_damping,1.7,friction_damping_1p7,5,2070.202161452688,1399.8567239220504,2072.5507262184537,1407.1373413246085,2069.566899213901,1401.008904965604,0.7137386996011438,0.23382441218997535
a2p55,friction_damping,2.0,friction_damping_2,5,2498.3624961891996,1272.5132113396548,2508.777684614275,1280.9989031955777,2507.4380470576225,1280.7588468625481,0.9380713072644389,0.08787158201365716
a2p55,fshin_actuator_gain,0.0,fshin_actuator_gain_0,5,1360.780515100519,1053.7594743696288,1323.9853253678689,1110.7484900856773,1327.1242743296887,1100.7910279947007,0.45452982797798114,0.16811095510541404
a2p55,fshin_actuator_gain,0.1,fshin_actuator_gain_0p1,5,1209.3395117935652,1046.3847401438334,1209.8925656807887,1078.344660888529,1210.693248367984,1075.3969898124424,0.3960287855567671,0.19723921547049258
a2p55,fshin_actuator_gain,0.2,fshin_actuator_gain_0p2,5,1073.0480848510072,926.0844106074608,1061.623810508639,982.3366144798086,1062.238622244346,970.6302669239352,0.35805914899036784,0.18768536628338073
a2p55,fshin_actuator_gain,0.3,fshin_actuator_gain_0p3,5,937.1644520185888,863.2358300246317,983.8114813730347,1016.996862749928,940.1060228658791,929.8370301976798,0.3082658522902732,0.18188150900299305
a2p55,fshin_actuator_gain,0.4,fshin_actuator_gain_0p4,5,670.5663266654743,597.2423790038545,589.8317616859182,462.7810906838968,602.1910312458774,483.0464397803486,0.21481771077254397,0.1157147872121107
a2p55,fshin_actuator_gain,0.5,fshin_actuator_gain_0p5,5,546.1142055847073,530.820540729237,449.5896949929085,369.12807393027094,470.399957064437,400.80793879601407,0.1676090246073986,0.10656430900975933
a2p55,fshin_actuator_gain,0.6,fshin_actuator_gain_0p6,5,300.1448117476163,253.14888843773238,288.81663783971095,239.416687495521,290.7520102787103,241.34030108988986,0.09459282329281424,0.04900207063018988
a2p55,fshin_actuator_gain,0.7,fshin_actuator_gain_0p7,5,183.95059619521004,168.10919888324852,175.9661672063411,159.91508413981907,178.5810816149381,162.36806420720532,0.0559843007978704,0.03362321498731474
a2p55,fshin_actuator_gain,0.8,fshin_actuator_gain_0p8,5,100.5613921295314,112.10394666824031,89.85384989659755,102.11729734053748,97.9387620322415,108.77718230061615,0.028477602551073632,0.02577607389051873
a2p55,fshin_actuator_gain,0.9,fshin_actuator_gain_0p9,5,36.85484339431473,41.403705534979814,30.68167135779195,37.70574173241171,30.92200747236675,39.15947129674537,0.010983892567244649,0.010373795966326376
a2p55,fshin_actuator_gain,1.0,fshin_actuator_gain_1,5,0.0,0.0,0.0,0.0,0.0,0.0,0.0,0.0
a2p55,fshin_actuator_gain,1.1,fshin_actuator_gain_1p1,5,-33.57150914566237,57.39135063839215,-37.30413473635322,63.090582761990404,-38.7340250706603,60.82461003812884,-0.009318628332448758,0.013999466224119718
a2p55,fshin_actuator_gain,1.3,fshin_actuator_gain_1p3,5,-68.74744513412602,139.9691176367748,-71.73368837460262,139.58972995802978,-72.66094373676665,141.75096003864604,-0.013711799096007777,0.03572174480604352
a2p55,fshin_actuator_gain,1.5,fshin_actuator_gain_1p5,5,46.47065158971914,52.322392432601,-41.08471058154146,127.05282072012844,-36.80764371790665,120.99415128102176,0.028706495034601355,0.02946455778966977
a2p55,fshin_actuator_gain,1.7,fshin_actuator_gain_1p7,5,405.3463816602792,397.2916498516644,147.0897696076973,182.96706294731678,209.58032281785486,278.25537205717745,0.12771593561784222,0.07754299563402736
a2p55,fshin_actuator_gain,2.0,fshin_actuator_gain_2,5,704.1992416982943,614.4729519193552,591.0245801931048,631.9494578810607,603.6283083474082,662.3969077600432,0.23093233306630517,0.11032006263144882
a2p55,fshin_damping,0.0,fshin_damping_0,5,1475.1804148439744,1113.5342920792018,1368.5611528365857,1191.9573976316858,1386.333115667383,1202.0111055672928,0.48631377426754324,0.19538282675259822
a2p55,fshin_damping,0.1,fshin_damping_0p1,5,1191.8181973221429,1088.5048965878254,1149.9221151740023,1103.0306434599522,1181.1459860647872,1134.1395919730019,0.35442210950640474,0.22582400498177665
a2p55,fshin_damping,0.2,fshin_damping_0p2,5,944.79168074874,928.4011564438003,844.6076834067001,828.0054451923406,907.2503946847473,894.1184652809721,0.26805027458047553,0.19785601639080677
a2p55,fshin_damping,0.3,fshin_damping_0p3,5,590.6740579656541,614.4566555372412,414.5969725849451,388.7343919187227,484.3432718467804,487.5792967015413,0.16728540699651423,0.13159075931322836
a2p55,fshin_damping,0.4,fshin_damping_0p4,5,455.6941745091437,604.9499155797708,348.60347163761753,490.02954052662903,399.08004425900964,561.016002363152,0.12205688880121963,0.1369097839433098
a2p55,fshin_damping,0.5,fshin_damping_0p5,5,319.3810254958886,358.3130101059104,112.20725442132729,97.11460955582473,164.1671373360238,167.86846706492017,0.08455363052371713,0.080880688766859
a2p55,fshin_damping,0.6,fshin_damping_0p6,5,-14.5664928287149,111.78376137635588,-31.890384340412858,92.20347061342845,-30.856085296697664,92.19065653667151,8.812586493507704e-05,0.02898446738534474
a2p55,fshin_damping,0.7,fshin_damping_0p7,5,-32.87137242260278,78.59484782281096,-33.04822000648328,79.05191671965484,-33.39155243730511,77.83848252686339,-0.007051623179343515,0.019229099491955035
a2p55,fshin_damping,0.8,fshin_damping_0p8,5,-24.691009322663696,49.03603607970068,-32.10639732329523,53.15120596188702,-23.71805770418923,50.223732890226465,-0.006299425862510222,0.01178040117039964
a2p55,fshin_damping,0.9,fshin_damping_0p9,5,-13.828093032686501,38.60182618816128,-15.637123957152971,40.07148003809676,-11.084323337014984,38.01302024081248,-0.003893159111840628,0.009117388255661057
a2p55,fshin_damping,1.0,fshin_damping_1,5,0.0,0.0,0.0,0.0,0.0,0.0,0.0,0.0
a2p55,fshin_damping,1.1,fshin_damping_1p1,5,34.33452557152695,46.71183769657057,29.69270008813037,49.71622534582954,32.17158701805711,50.28128315392967,0.010606379609090819,0.011066133147572061
a2p55,fshin_damping,1.3,fshin_damping_1p3,5,90.3047748345829,122.13607088697275,83.36231503752988,124.7531972678851,88.29154507280627,123.17747966583929,0.02672817817591136,0.02758982843265151
a2p55,fshin_damping,1.5,fshin_damping_1p5,5,182.256487424068,243.3101416938149,159.85059592544675,216.90290528144138,167.46470201884358,216.34366813858855,0.05251749025797846,0.05405318799270946
a2p55,fshin_damping,1.7,fshin_damping_1p7,5,357.41482487164143,500.6434932234313,296.81616669317265,391.11364733937035,299.25360763703736,390.27411391683586,0.09606699897933037,0.1134662281643847
a2p55,fshin_damping,2.0,fshin_damping_2,5,690.037468476228,1035.3281631581576,724.4299384120025,1108.2957593123185,719.6952692960482,1095.3972876134599,0.18103114353320288,0.23697329771149828
a2p55,fshin_friction,0.0,fshin_friction_0,5,0.0,0.0,0.0,0.0,0.0,0.0,0.0,0.0
a2p55,fshin_friction,0.1,fshin_friction_0p1,5,0.0,0.0,0.0,0.0,0.0,0.0,0.0,0.0
a2p55,fshin_friction,0.2,fshin_friction_0p2,5,0.0,0.0,0.0,0.0,0.0,0.0,0.0,0.0
a2p55,fshin_friction,0.3,fshin_friction_0p3,5,0.0,0.0,0.0,0.0,0.0,0.0,0.0,0.0
a2p55,fshin_friction,0.4,fshin_friction_0p4,5,-6.473083317125656,15.072451376482979,-8.427441229308807,19.402177184415773,-10.888058068323517,18.2539457681941,-0.002648454829761637,0.004636518569622302
a2p55,fshin_friction,0.5,fshin_friction_0p5,5,-6.473083317125656,15.072451376482979,-8.427441229308807,19.402177184415773,-10.888058068323517,18.2539457681941,-0.002648454829761637,0.004636518569622302
a2p55,fshin_friction,0.6,fshin_friction_0p6,5,-6.473083317125656,15.072451376482979,-8.427441229308807,19.402177184415773,-10.888058068323517,18.2539457681941,-0.002648454829761637,0.004636518569622302
a2p55,fshin_friction,0.7,fshin_friction_0p7,5,-9.009664604369572,12.09983223773335,-10.987198714961323,16.518254423724258,-12.066689279450566,17.298810987252413,-0.003157534736742515,0.0037984731378104416
a2p55,fshin_friction,0.8,fshin_friction_0p8,5,0.0,0.0,0.0,0.0,0.0,0.0,0.0,0.0
a2p55,fshin_friction,0.9,fshin_friction_0p9,5,0.0,0.0,0.0,0.0,0.0,0.0,0.0,0.0
a2p55,fshin_friction,1.0,fshin_friction_1,5,0.0,0.0,0.0,0.0,0.0,0.0,0.0,0.0
a2p55,fshin_friction,1.1,fshin_friction_1p1,5,0.0,0.0,0.0,0.0,0.0,0.0,0.0,0.0
a2p55,fshin_friction,1.3,fshin_friction_1p3,5,0.0,0.0,0.0,0.0,0.0,0.0,0.0,0.0
a2p55,fshin_friction,1.5,fshin_friction_1p5,5,0.0,0.0,0.0,0.0,0.0,0.0,0.0,0.0
a2p55,fshin_friction,1.7,fshin_friction_1p7,5,-6.473083317125656,15.072451376482979,-8.427441229308807,19.402177184415773,-10.888058068323517,18.2539457681941,-0.002648454829761637,0.004636518569622302
a2p55,fshin_friction,2.0,fshin_friction_2,5,-6.473083317125656,15.072451376482979,-8.427441229308807,19.402177184415773,-10.888058068323517,18.2539457681941,-0.002648454829761637,0.004636518569622302
a2p55,fthigh_actuator_gain,0.0,fthigh_actuator_gain_0,5,2171.637377222527,484.0368016308655,2123.6487874375716,471.08314388871094,2162.912393959185,481.40576560068797,0.9578197612045761,0.280290178562932
a2p55,fthigh_actuator_gain,0.1,fthigh_actuator_gain_0p1,5,2123.5739322135973,535.9185711124271,2090.0257774290317,521.9975154319483,2111.553175228364,529.8838556237173,0.9405946762825744,0.28950156144199146
a2p55,fthigh_actuator_gain,0.2,fthigh_actuator_gain_0p2,5,2026.22679187522,578.7150249824059,2013.6583112585934,560.9736525399251,2020.9852333525723,567.7512652958819,0.9024930916969822,0.295470143618605
a2p55,fthigh_actuator_gain,0.3,fthigh_actuator_gain_0p3,5,1941.1511860600665,560.9140800795832,1942.0812867978088,570.0494357677048,1943.6503277903132,572.0958103340403,0.8753181207155993,0.30666710397373775
a2p55,fthigh_actuator_gain,0.4,fthigh_actuator_gain_0p4,5,1787.8393578558566,487.2271849714966,1750.160962075492,473.24007947409194,1774.5426078072912,468.9967961941248,0.8262772847736193,0.32128877372976333
a2p55,fthigh_actuator_gain,0.5,fthigh_actuator_gain_0p5,5,1625.4392894782068,438.25533258501,1704.4396609839703,453.8977590180444,1649.7035764606233,439.0824601944456,0.7746186693497615,0.3444332240369616
a2p55,fthigh_actuator_gain,0.6,fthigh_actuator_gain_0p6,5,1065.1046801627344,371.11674148177093,902.9116108876157,409.07406751131714,1016.1750704912214,403.0875862302319,0.4904427514553231,0.2111018113783397
a2p55,fthigh_actuator_gain,0.7,fthigh_actuator_gain_0p7,5,428.0756062362203,183.85457433174156,422.24575380842305,191.84796906376343,425.53082939069407,188.39030952935718,0.18617530959671316,0.07253354098985108
a2p55,fthigh_actuator_gain,0.8,fthigh_actuator_gain_0p8,5,214.91466729502062,78.689557507197,213.6808335667321,79.39920820315504,215.99605046736474,79.20953791368302,0.10040768487455418,0.04990492235718498
a2p55,fthigh_actuator_gain,0.9,fthigh_actuator_gain_0p9,5,88.8632839393168,22.699044303309112,64.13479431594301,35.74985913749971,68.89412054927365,30.87742847003579,0.04136420104395294,0.019672444930376433
a2p55,fthigh_actuator_gain,1.0,fthigh_actuator_gain_1,5,0.0,0.0,0.0,0.0,0.0,0.0,0.0,0.0
a2p55,fthigh_actuator_gain,1.1,fthigh_actuator_gain_1p1,5,-29.190279947300997,33.08472965834264,-29.74531967965463,31.584924045402307,-26.171945585984577,33.0272057688903,-0.016383781602521595,0.013292388813709394
a2p55,fthigh_actuator_gain,1.3,fthigh_actuator_gain_1p3,5,37.176624412219645,103.97089553125792,11.193762983994475,59.59165813154106,13.941569339935313,60.34147087248638,0.0016468489419022674,0.03115139479840671
a2p55,fthigh_actuator_gain,1.5,fthigh_actuator_gain_1p5,5,395.5339078454298,464.2748923284914,125.43987921541107,121.5756173540469,182.35666283232476,219.60213070005858,0.10663168864745436,0.10688472903419488
a2p55,fthigh_actuator_gain,1.7,fthigh_actuator_gain_1p7,5,1267.8588212875152,880.5988499627903,1112.7328577034161,1054.538590424293,1165.68428568165,1024.3461076568294,0.49342246698502573,0.32193297077694333
a2p55,fthigh_actuator_gain,2.0,fthigh_actuator_gain_2,5,1681.9393271876518,705.8978261172974,1720.0469029634805,791.2671387628486,1715.0415147404615,773.6415802573159,0.6922447723304961,0.28743442801786934
a2p55,fthigh_damping,0.0,fthigh_damping_0,5,711.89363274548,391.1161109212038,702.2717886410719,387.3212364060261,706.0109867217873,385.7606074447484,0.2611573544525476,0.02847896780849562
a2p55,fthigh_damping,0.1,fthigh_damping_0p1,5,619.2761987492534,403.4964903637924,606.5537453230796,376.64814463085514,598.4340590594298,375.3257097547662,0.2153160559087607,0.05162435841860966
a2p55,fthigh_damping,0.2,fthigh_damping_0p2,5,476.9572274249159,328.4634577075356,458.3098468116747,318.686908612962,466.3433997657494,321.43054146537963,0.1623196438565941,0.04272336385848701
a2p55,fthigh_damping,0.3,fthigh_damping_0p3,5,381.5491168322746,279.36314656447627,366.6752963458784,267.44028760716947,368.8282827994446,266.1061516320583,0.12797573458052722,0.040829197764284515
a2p55,fthigh_damping,0.4,fthigh_damping_0p4,5,279.1676263972254,235.13212042953708,264.19098152376614,227.83106219355093,270.6397998594296,232.1255277297598,0.08793674427488693,0.040850200352134415
a2p55,fthigh_damping,0.5,fthigh_damping_0p5,5,187.90451412627954,218.3570213413808,182.09889110690924,214.87082623629914,180.14333574230668,216.16365066857708,0.04847882046284831,0.051768008846498674
a2p55,fthigh_damping,0.6,fthigh_damping_0p6,5,111.77853075530697,176.5889692156708,107.37713108405315,177.71019788773424,110.42969912175754,176.88022421143137,0.021056133030523692,0.050591011524243126
a2p55,fthigh_damping,0.7,fthigh_damping_0p7,5,59.83513412322645,129.61677907716316,52.894685436331386,126.78706180350915,52.86633988656886,124.89492790014349,0.004941969787293608,0.04064562212217399
a2p55,fthigh_damping,0.8,fthigh_damping_0p8,5,-2.2941424942495816,70.7038567136941,-5.447239265614234,67.20010742463299,-2.0919098839755863,69.47485315872856,-0.013223231676370994,0.030424713893114626
a2p55,fthigh_damping,0.9,fthigh_damping_0p9,5,-8.866340056653916,44.15866227600324,-7.51269783632838,49.8140784381467,-9.457484209075028,45.02443007093877,-0.011829070463397328,0.021020970582222263
a2p55,fthigh_damping,1.0,fthigh_damping_1,5,0.0,0.0,0.0,0.0,0.0,0.0,0.0,0.0
a2p55,fthigh_damping,1.1,fthigh_damping_1p1,5,9.28687257339575,47.41977866506438,6.599868024461057,47.199286609482584,7.560273565467924,49.544074322209326,0.012311661140469787,0.023330773955848597
a2p55,fthigh_damping,1.3,fthigh_damping_1p3,5,80.54482558703603,103.90103682324576,71.02316505936656,111.76568331373879,76.0665031485778,109.01112276893983,0.054925571519724915,0.05977123998133236
a2p55,fthigh_damping,1.5,fthigh_damping_1p5,5,211.25878851537806,114.10367380955186,184.4053692994612,114.35630071671567,188.90211879350153,111.12628035408716,0.1071267541188814,0.07297787157421624
a2p55,fthigh_damping,1.7,fthigh_damping_1p7,5,398.83020989623554,213.3690310845558,374.29412494062495,175.23359770395237,370.4470538348472,169.5138905618233,0.1725648705368799,0.08093650960305018
a2p55,fthigh_damping,2.0,fthigh_damping_2,5,729.7840246559057,565.8114554635306,716.638057874319,545.922242124305,717.4944358685649,545.3392305717516,0.27732434855231725,0.12257315518814808
a2p55,fthigh_friction,0.0,fthigh_friction_0,5,0.0,0.0,0.0,0.0,0.0,0.0,0.0,0.0
a2p55,fthigh_friction,0.1,fthigh_friction_0p1,5,0.0,0.0,0.0,0.0,0.0,0.0,0.0,0.0
a2p55,fthigh_friction,0.2,fthigh_friction_0p2,5,0.0,0.0,0.0,0.0,0.0,0.0,0.0,0.0
a2p55,fthigh_friction,0.3,fthigh_friction_0p3,5,0.0,0.0,0.0,0.0,0.0,0.0,0.0,0.0
a2p55,fthigh_friction,0.4,fthigh_friction_0p4,5,0.0,0.0,0.0,0.0,0.0,0.0,0.0,0.0
a2p55,fthigh_friction,0.5,fthigh_friction_0p5,5,0.0,0.0,0.0,0.0,0.0,0.0,0.0,0.0
a2p55,fthigh_friction,0.6,fthigh_friction_0p6,5,-6.473083317125656,15.072451376482979,-8.427441229308807,19.402177184415773,-10.888058068323517,18.2539457681941,-0.002648454829761637,0.004636518569622302
a2p55,fthigh_friction,0.7,fthigh_friction_0p7,5,-6.473083317125656,15.072451376482979,-8.427441229308807,19.402177184415773,-10.888058068323517,18.2539457681941,-0.002648454829761637,0.004636518569622302
a2p55,fthigh_friction,0.8,fthigh_friction_0p8,5,-6.473083317125656,15.072451376482979,-8.427441229308807,19.402177184415773,-10.888058068323517,18.2539457681941,-0.002648454829761637,0.004636518569622302
a2p55,fthigh_friction,0.9,fthigh_friction_0p9,5,-9.009664604369572,12.09983223773335,-10.987198714961323,16.518254423724258,-12.066689279450566,17.298810987252413,-0.003157534736742515,0.0037984731378104416
a2p55,fthigh_friction,1.0,fthigh_friction_1,5,0.0,0.0,0.0,0.0,0.0,0.0,0.0,0.0
a2p55,fthigh_friction,1.1,fthigh_friction_1p1,5,0.0,0.0,0.0,0.0,0.0,0.0,0.0,0.0
a2p55,fthigh_friction,1.3,fthigh_friction_1p3,5,0.0,0.0,0.0,0.0,0.0,0.0,0.0,0.0
a2p55,fthigh_friction,1.5,fthigh_friction_1p5,5,0.0,0.0,0.0,0.0,0.0,0.0,0.0,0.0
a2p55,fthigh_friction,1.7,fthigh_friction_1p7,5,0.0,0.0,0.0,0.0,0.0,0.0,0.0,0.0
a2p55,fthigh_friction,2.0,fthigh_friction_2,5,0.0,0.0,0.0,0.0,0.0,0.0,0.0,0.0
a2p55,gear,0.0,gear_0,5,2962.439540277038,1373.5658079192635,2958.941918730478,1370.2677312041508,2963.2632715683,1373.9679552916423,1.132945636170377,0.04001159323738994
a2p55,gear,0.1,gear_0p1,5,2963.23334694019,1359.1978267222414,2959.679607047496,1355.9164512771317,2964.0592033639773,1359.598859213697,1.1361420775907272,0.04177166212101716
a2p55,gear,0.2,gear_0p2,5,2964.9254187099077,1347.7701901977634,2961.295577262822,1344.508585433102,2965.7290260923596,1348.1866402250987,1.1391890595689325,0.04384585661758654
a2p55,gear,0.3,gear_0p3,5,2963.2479799817966,1342.0423273504286,2959.709299221107,1338.7817261255923,2964.081592405434,1342.5021812739951,1.1394973563939532,0.04393815250653534
a2p55,gear,0.4,gear_0p4,5,2960.370619928436,1341.9306102597768,2959.0180602155297,1341.0314285348306,2963.3944642433516,1344.7807246913749,1.1380681988334285,0.042626719664376804
a2p55,gear,0.5,gear_0p5,5,2835.006370890413,1213.761133866563,2822.866431347795,1200.8569587476857,2827.324268994299,1204.7115477173563,1.1055114874594585,0.07489245450088831
a2p55,gear,0.6,gear_0p6,5,2430.953226358316,946.5686395827538,2472.825573924827,909.0866769500668,2454.7216042309087,931.5928388819906,0.9815174991800975,0.15491033333177937
a2p55,gear,0.7,gear_0p7,5,1408.3732696459597,645.4098554941368,1340.2632792685731,701.6710520566577,1342.028554194505,700.5400536593369,0.5398464252631925,0.04094101888599227
a2p55,gear,0.8,gear_0p8,5,780.1169791378237,373.2049582722487,778.8758507162516,372.1289089726282,781.6600193097823,374.0046643395366,0.30004492490369794,0.05496506338959005
a2p55,gear,0.9,gear_0p9,5,323.95544275563736,139.47336752975866,323.1049216355599,139.48090215442477,325.39598002951345,139.6210095186818,0.12735152467743344,0.029389011484923306
a2p55,gear,1.0,gear_1,5,0.0,0.0,0.0,0.0,0.0,0.0,0.0,0.0
a2p55,gear,1.1,gear_1p1,5,-199.0976109322375,165.20515802319727,-202.91796356716458,168.40143276361246,-196.40348281681355,162.91520408398725,-0.06525148981433931,0.029756729432722555
a2p55,gear,1.3,gear_1p3,5,315.1874457289114,425.9887055226454,177.27872724952,579.5968214456992,205.6895742410507,434.97256449152945,0.07178422114346873,0.10593874088363499
a2p55,gear,1.5,gear_1p5,5,1337.3880835728025,1288.952989119056,1280.0158545561458,1423.2469540178643,1360.530951194807,1342.5616668623027,0.39610618241093604,0.28743601278577857
a2p55,gear,1.7,gear_1p7,5,1978.2121000843367,1409.8695350270248,2003.6682036893071,1478.858422796569,2014.6912413328046,1493.2361925524117,0.6847575012901197,0.35705011353561233
a2p55,gear,2.0,gear_2,5,2575.078908446616,1418.700491999261,2606.6321479967346,1414.3801156823963,2609.162953346178,1418.8266880258138,0.9458687056547112,0.16685219552912692
a2p55,gravity,0.0,gravity_0,5,-663.894995086111,400.9845070381646,-642.5567165357155,408.35946016563923,-644.7867210969871,407.6711685070706,-0.31485131642716974,0.07107435487040187
a2p55,gravity,0.1,gravity_0p1,5,-604.401472245585,367.9863629146718,-595.7284087201117,390.1858194527935,-593.9075778202623,383.900328079996,-0.28605619250895087,0.06813485629842153
a2p55,gravity,0.2,gravity_0p2,5,-552.4328353662767,322.71951855608614,-536.0859565717262,334.09588557318926,-538.6057845775283,334.4761790190686,-0.2647639916904974,0.056479755396215185
a2p55,gravity,0.3,gravity_0p3,5,-487.71001478560765,291.0495018779495,-478.5247139327069,305.6917160405973,-477.2491507211742,303.3245762108051,-0.23263341069841909,0.05468421409602587
a2p55,gravity,0.4,gravity_0p4,5,-401.0655367627119,252.46717810671308,-402.28498102427534,253.1701069846768,-402.6541123136189,253.656842020723,-0.18771273276975892,0.045006906320208324
a2p55,gravity,0.5,gravity_0p5,5,-335.87492766831923,209.56433742000294,-338.827820624752,211.59311668062608,-338.58387729884754,209.55767456787936,-0.15739102440128802,0.03636909385082379
a2p55,gravity,0.6,gravity_0p6,5,-269.2852575304097,156.04189216559925,-263.990264564418,152.41688671523409,-268.74899800225694,155.1381353177717,-0.12904799903982794,0.023276222756158635
a2p55,gravity,0.7,gravity_0p7,5,-205.27187804691167,129.56642513743813,-207.3889920924393,127.51720322676312,-208.19643759638453,129.80278014952677,-0.09599086957785781,0.02301740338828584
a2p55,gravity,0.8,gravity_0p8,5,-135.15064711363894,85.84741499400192,-138.57498157046743,88.90755602543469,-137.50243936985416,86.4889154829181,-0.06280933922331698,0.015049500208670295
a2p55,gravity,0.9,gravity_0p9,5,-61.93969284503537,34.70099484297485,-62.60741002483119,35.84460059304378,-62.68918967734794,33.311136922199594,-0.030261806617614833,0.00609098087136445
a2p55,gravity,1.0,gravity_1,5,0.0,0.0,0.0,0.0,0.0,0.0,0.0,0.0
a2p55,gravity,1.1,gravity_1p1,5,57.15627350526775,56.001391821753536,71.50069598570826,35.527003220198914,72.01041420687984,37.43355965367778,0.02331908300627599,0.023504522690130022
a2p55,gravity,1.3,gravity_1p3,5,206.67710995074003,140.30594709214378,228.9837521182382,134.52105158459335,224.65236401056183,129.53475167922292,0.09413528433752252,0.029532763246281745
a2p55,gravity,1.5,gravity_1p5,5,393.5509426941199,200.94162777971283,367.588540036272,206.0162440900667,366.4825781583218,206.8934676181154,0.1971850041384038,0.057677759584963184
a2p55,gravity,1.7,gravity_1p7,5,543.2484303761164,293.5293509804571,529.2020238675785,290.8749260283897,530.2493616378179,296.67853581106226,0.26562457496034,0.05542144585289194
a2p55,gravity,2.0,gravity_2,5,843.6671544926552,488.8573292009061,835.5669804302297,486.0355083438753,829.3037942694448,481.353835742045,0.40643381307890813,0.09506100652728589
a2p65,bfoot_actuator_gain,0.0,bfoot_actuator_gain_0,5,301.76080724455994,377.99319895343694,295.4670673303039,364.9333379826293,294.5536402069839,362.08504211434337,0.10887315247215616,0.08050818876218546
a2p65,bfoot_actuator_gain,0.1,bfoot_actuator_gain_0p1,5,265.2997198355861,351.4148940866605,269.3006872822151,350.3194863057184,266.7531606426361,347.43923434439165,0.09265204768837379,0.07666388776866426
a2p65,bfoot_actuator_gain,0.2,bfoot_actuator_gain_0p2,5,234.643606739596,323.24160662279644,237.9238131961196,327.9464915523641,236.10521896425115,324.15539458651506,0.08008600230061111,0.07252119630100617
a2p65,bfoot_actuator_gain,0.3,bfoot_actuator_gain_0p3,5,196.99443181577467,276.3734471705325,199.62693719568614,277.4204850260486,199.16298075375408,275.73944764029983,0.06637001442157058,0.06200527413265741
a2p65,bfoot_actuator_gain,0.4,bfoot_actuator_gain_0p4,5,185.6767476885265,272.81197175358517,171.94313068109054,242.5417513552209,172.32225324043534,242.48635937380715,0.060502694390613475,0.06209617717611812
a2p65,bfoot_actuator_gain,0.5,bfoot_actuator_gain_0p5,5,147.92053206141622,219.61883651146493,137.63123047738728,197.328561749312,138.44783488766006,199.41020580929916,0.04788396194178909,0.05062544752726433
a2p65,bfoot_actuator_gain,0.6,bfoot_actuator_gain_0p6,5,104.17322644230316,158.71278785685047,108.83368954554221,159.94760450700545,104.29064809113666,156.6759979331953,0.03323659752089101,0.03783638514279737
a2p65,bfoot_actuator_gain,0.7,bfoot_actuator_gain_0p7,5,69.59926702941871,102.11366617522712,66.85363838351118,90.35726051103597,67.68597702380808,92.02818137986786,0.023039779109006984,0.02544390623327323
a2p65,bfoot_actuator_gain,0.8,bfoot_actuator_gain_0p8,5,42.15403941436553,62.63321495420343,41.933002221207516,59.59531612342011,42.46174942138409,57.29066512773196,0.013911697215202181,0.016341702219242794
a2p65,bfoot_actuator_gain,0.9,bfoot_actuator_gain_0p9,5,17.16293990692475,40.740470386455485,19.26052148035392,34.038536941517116,18.267008752602578,35.85544941821988,0.003123037157546972,0.011042592124927234
a2p65,bfoot_actuator_gain,1.0,bfoot_actuator_gain_1,5,0.0,0.0,0.0,0.0,0.0,0.0,0.0,0.0
a2p65,bfoot_actuator_gain,1.1,bfoot_actuator_gain_1p1,5,-5.345980634839998,10.134865640067448,-6.210323569080765,12.432400497868803,-5.390663507131149,13.108663743854954,-0.0017550919784542298,0.004573542146419713
a2p65,bfoot_actuator_gain,1.3,bfoot_actuator_gain_1p3,5,-10.225625448262871,19.471646094539388,-5.1698874056334265,15.348786793641047,-6.292466433903655,16.965190597259795,-0.0042499641141774845,0.011064082570258212
a2p65,bfoot_actuator_gain,1.5,bfoot_actuator_gain_1p5,5,6.286356629565853,32.51874738630986,6.8469336699120955,26.997168110598423,7.856293605864176,29.56995664808383,0.0002847772052604232,0.017324939105434208
a2p65,bfoot_actuator_gain,1.7,bfoot_actuator_gain_1p7,5,32.32079305602865,58.56354246343735,38.58485186587027,62.453574778286146,35.638148036587566,58.75517070510258,0.010227705845880949,0.02341527894182994
a2p65,bfoot_actuator_gain,2.0,bfoot_actuator_gain_2,5,60.28791233061984,93.74476304434447,55.34393010078115,82.0053557445824,53.47647640666305,79.84687837564586,0.019994308901072295,0.030648406613944735
a2p65,bfoot_damping,0.0,bfoot_damping_0,5,258.1732351774852,342.1146093507778,207.69360702831713,248.2341688856287,217.49904087182958,263.79618700200285,0.08941131995800844,0.0721695986220469
a2p65,bfoot_damping,0.1,bfoot_damping_0p1,5,143.4503650439833,166.76370399377274,141.67671185717163,170.67578860363946,141.35171104229852,163.12136314971826,0.05326830991349002,0.03247185541320738
a2p65,bfoot_damping,0.2,bfoot_damping_0p2,5,88.68169033785576,105.08134025069772,87.78952915297623,100.84459250587187,90.47454503070207,102.92938549744196,0.03266436286613096,0.02091266536184553
a2p65,bfoot_damping,0.3,bfoot_damping_0p3,5,68.07231713885585,104.48538358807401,63.90632150188958,100.01104063190171,65.83721306558164,100.20827900534285,0.02143154413093859,0.02473031602990731
a2p65,bfoot_damping,0.4,bfoot_damping_0p4,5,60.991157685833834,106.5690064634077,58.70157728284939,107.49164045526122,59.45201406903088,103.22571209621462,0.017092543179773576,0.02540436147236354
a2p65,bfoot_damping,0.5,bfoot_damping_0p5,5,27.110966768432082,50.82912015713726,24.011371393901207,58.72696566828411,24.365409839821858,50.886995347982754,0.007057386408424066,0.012397329849354556
a2p65,bfoot_damping,0.6,bfoot_damping_0p6,5,7.531585652497961,17.6757458294196,9.61261413993011,23.611597230401976,9.127931712555437,19.547055331701024,0.0016257947935476504,0.005844706800502733
a2p65,bfoot_damping,0.7,bfoot_damping_0p7,5,-4.971331684772759,4.913971202289905,-3.851492587287976,7.776998283303969,-2.2442465853513567,3.1802839344711384,-0.003015488831347251,0.0031631705422320517
a2p65,bfoot_damping,0.8,bfoot_damping_0p8,5,-1.2715596956550599,4.481287593288106,-3.2687443601721045,7.827761153877752,-2.153030553990311,5.905378661400801,-0.0011754499613407508,0.002484157678187787
a2p65,bfoot_damping,0.9,bfoot_damping_0p9,5,4.132490155894994,7.4838574611267354,6.4140119809322185,15.196985702481697,4.842551969944589,7.01104439790012,0.0013263135932439596,0.0028307265839710902
a2p65,bfoot_damping,1.0,bfoot_damping_1,5,0.0,0.0,0.0,0.0,0.0,0.0,0.0,0.0
a2p65,bfoot_damping,1.1,bfoot_damping_1p1,5,16.63928636638343,23.453513651258397,9.258515134689514,19.601161468061836,12.751541554093228,18.13810518989811,0.0057190108960564565,0.006520218577686603
a2p65,bfoot_damping,1.3,bfoot_damping_1p3,5,45.845336746881955,60.75949910766233,48.468056955667365,69.76242278595234,46.02040540003604,60.18314123070967,0.016198810722950225,0.015302148972709012
a2p65,bfoot_damping,1.5,bfoot_damping_1p5,5,73.6737590265207,82.83777476768792,70.42278525448401,82.58795042174555,70.98886166385145,76.79607577846748,0.028467652206497995,0.020548302983535435
a2p65,bfoot_damping,1.7,bfoot_damping_1p7,5,106.61021386006273,136.84258967798806,105.15241650627017,141.70262371205533,107.14660832768713,137.03523200266645,0.038170827066281846,0.032031465927225354
a2p65,bfoot_damping,2.0,bfoot_damping_2,5,124.94746722700515,157.74891771823852,122.13456554987492,159.49770445867694,123.11111232576658,155.39184721482565,0.04514155924440154,0.03704072637617496
a2p65,bfoot_friction,0.0,bfoot_friction_0,5,0.0,0.0,0.0,0.0,0.0,0.0,0.0,0.0
a2p65,bfoot_friction,0.1,bfoot_friction_0p1,5,0.0,0.0,0.0,0.0,0.0,0.0,0.0,0.0
a2p65,bfoot_friction,0.2,bfoot_friction_0p2,5,0.0,0.0,0.0,0.0,0.0,0.0,0.0,0.0
a2p65,bfoot_friction,0.3,bfoot_friction_0p3,5,0.0,0.0,0.0,0.0,0.0,0.0,0.0,0.0
a2p65,bfoot_friction,0.4,bfoot_friction_0p4,5,0.0,0.0,0.0,0.0,0.0,0.0,0.0,0.0
a2p65,bfoot_friction,0.5,bfoot_friction_0p5,5,0.0,0.0,0.0,0.0,0.0,0.0,0.0,0.0
a2p65,bfoot_friction,0.6,bfoot_friction_0p6,5,8.328206544438581,8.048082195673908,6.080086738477076,13.791452483205644,7.047806334218012,9.080991847245944,0.0039736394936037,0.004396512480243641
a2p65,bfoot_friction,0.7,bfoot_friction_0p7,5,8.328206544438581,8.048082195673908,6.080086738477076,13.791452483205644,7.047806334218012,9.080991847245944,0.0039736394936037,0.004396512480243641
a2p65,bfoot_friction,0.8,bfoot_friction_0p8,5,8.328206544438581,8.048082195673908,6.080086738477076,13.791452483205644,7.047806334218012,9.080991847245944,0.0039736394936037,0.004396512480243641
a2p65,bfoot_friction,0.9,bfoot_friction_0p9,5,3.8441648290099693,6.126347766738331,2.4823487140770792,4.179316935545135,3.285219915685275,5.467445133182948,0.0024288904982074293,0.00391466957030093
a2p65,bfoot_friction,1.0,bfoot_friction_1,5,0.0,0.0,0.0,0.0,0.0,0.0,0.0,0.0
a2p65,bfoot_friction,1.1,bfoot_friction_1p1,5,0.0,0.0,0.0,0.0,0.0,0.0,0.0,0.0
a2p65,bfoot_friction,1.3,bfoot_friction_1p3,5,0.0,0.0,0.0,0.0,0.0,0.0,0.0,0.0
a2p65,bfoot_friction,1.5,bfoot_friction_1p5,5,0.0,0.0,0.0,0.0,0.0,0.0,0.0,0.0
a2p65,bfoot_friction,1.7,bfoot_friction_1p7,5,0.0,0.0,0.0,0.0,0.0,0.0,0.0,0.0
a2p65,bfoot_friction,2.0,bfoot_friction_2,5,0.0,0.0,0.0,0.0,0.0,0.0,0.0,0.0
a2p65,bshin_actuator_gain,0.0,bshin_actuator_gain_0,5,1698.5126027268839,201.89397717792227,1663.463834787899,254.54393674155088,1662.5771941301289,254.85145448298536,0.9435211041109433,0.28675327038815374
a2p65,bshin_actuator_gain,0.1,bshin_actuator_gain_0p1,5,1495.1254404597944,236.98640546632132,1492.858400154321,236.68293123229424,1489.8189978993719,238.3594053409783,0.8251110686197638,0.2691021264291526
a2p65,bshin_actuator_gain,0.2,bshin_actuator_gain_0p2,5,1337.7142658760517,254.46371945245818,1357.7141797441086,293.2719779085533,1356.2931165178193,293.81689140848584,0.7345784579755203,0.25021138775276414
a2p65,bshin_actuator_gain,0.3,bshin_actuator_gain_0p3,5,1119.1694126953214,200.45148472489345,1048.6944881633056,142.08282733388296,1115.7202730683177,190.5513645873175,0.6063124832655796,0.1824019488321739
a2p65,bshin_actuator_gain,0.4,bshin_actuator_gain_0p4,5,889.4467798373678,118.34320318426357,859.8009354472313,125.16708997181333,857.5856314142133,119.80554918706045,0.47879350250893615,0.11562912885135654
a2p65,bshin_actuator_gain,0.5,bshin_actuator_gain_0p5,5,702.6192120829024,104.48339925012807,678.1093267603995,104.22844542841791,676.981648948594,103.52176259274005,0.37725345451896974,0.09213861782191855
a2p65,bshin_actuator_gain,0.6,bshin_actuator_gain_0p6,5,510.03027443800295,69.89442351625905,500.35543123140013,70.78630633203674,497.3667475908936,69.4765659714173,0.2743443869515918,0.066232633116107
a2p65,bshin_actuator_gain,0.7,bshin_actuator_gain_0p7,5,375.2255468476841,40.6414978892388,364.29674060736835,42.00523146494384,361.89247263795943,41.136272368907925,0.20478799350285604,0.05510471805877861
a2p65,bshin_actuator_gain,0.8,bshin_actuator_gain_0p8,5,241.9325372503331,35.1314999494123,244.28241364411255,32.82273391608063,243.35056978950493,33.87066987083966,0.13286636788814182,0.04011314757580715
a2p65,bshin_actuator_gain,0.9,bshin_actuator_gain_0p9,5,109.69941816505862,25.943581149121414,110.43495414050513,25.358884843564038,110.63303552755602,26.786386548622257,0.06152285080825872,0.024455123799106943
a2p65,bshin_actuator_gain,1.0,bshin_actuator_gain_1,5,0.0,0.0,0.0,0.0,0.0,0.0,0.0,0.0
a2p65,bshin_actuator_gain,1.1,bshin_actuator_gain_1p1,5,-75.78961049892287,37.80388965300587,-80.59072473851174,28.39952345615781,-77.28592496053452,32.34504726401544,-0.04726885854174096,0.025024014365274225
a2p65,bshin_actuator_gain,1.3,bshin_actuator_gain_1p3,5,-94.30679328537826,103.80463702752652,-114.88182271132982,65.5644792778071,-115.24753957383837,62.91065031395886,-0.06727472099060346,0.05123476780572359
a2p65,bshin_actuator_gain,1.5,bshin_actuator_gain_1p5,5,86.97716714428302,258.4661027152437,-6.05754703223879,124.57610681602554,-1.6020065898042959,130.40343556688322,0.012013046371035785,0.09792649655307807
a2p65,bshin_actuator_gain,1.7,bshin_actuator_gain_1p7,5,302.0373048214016,437.24214204420934,327.74734570525686,480.5414828428387,301.6471591051335,430.1371790561675,0.10272758367053192,0.12910130260652697
a2p65,bshin_actuator_gain,2.0,bshin_actuator_gain_2,5,784.7172902986199,794.5880148249297,812.7321961161995,945.0644390980979,804.0787707954354,925.781044339205,0.31439739245175785,0.1796329991712814
a2p65,bshin_damping,0.0,bshin_damping_0,5,1262.7643054563803,1111.1070212403233,1281.703944324246,1144.8517457909272,1274.749332194157,1125.060556684169,0.5237734200205377,0.17017125301703853
a2p65,bshin_damping,0.1,bshin_damping_0p1,5,1096.4147833134275,1041.3657897315447,1107.1861206077278,1058.8167709524896,1105.7863223558095,1060.4227136159188,0.44250866602150934,0.17098321349631013
a2p65,bshin_damping,0.2,bshin_damping_0p2,5,914.1743261399163,1005.7297166822768,943.0491023569782,1077.441512899122,940.2818391950605,1064.8249233258505,0.34732226311891584,0.18776902200004345
a2p65,bshin_damping,0.3,bshin_damping_0p3,5,622.3921076058584,780.8662857920511,646.9828933048531,849.5178692529195,654.3361700024941,850.8905146099954,0.22156207395061195,0.16003420635357984
a2p65,bshin_damping,0.4,bshin_damping_0p4,5,309.6653235855706,485.2034336918542,196.7450610256755,256.40305211471593,257.25871328765766,370.7276809316597,0.09556794831743429,0.11278077478941322
a2p65,bshin_damping,0.5,bshin_damping_0p5,5,189.88533482488546,468.8118802123377,83.82295458206686,268.96746365816335,136.49440839744202,370.0035349977635,0.03195420854765289,0.12403027494644445
a2p65,bshin_damping,0.6,bshin_damping_0p6,5,49.39480142485827,301.60623649565514,-0.5122741945768666,204.6026381916039,-2.427763026015737,198.2315953992463,-0.019471800964832777,0.09116280632653516
a2p65,bshin_damping,0.7,bshin_damping_0p7,5,28.391978189870677,299.6130623729837,-32.486348846242116,186.78350744856448,-36.48801078157412,176.93034324583545,-0.030951253814252233,0.09346382901045032
a2p65,bshin_damping,0.8,bshin_damping_0p8,5,-54.40457261064489,103.54594398711997,-62.385210912384174,101.9238092130129,-59.216689391273164,100.96008439441701,-0.04616613613809387,0.04263515564501793
a2p65,bshin_damping,0.9,bshin_damping_0p9,5,-27.33700228495686,62.33211602831147,-32.28611397303139,61.83132293137613,-32.239255126509946,55.62041417819677,-0.024475007495343603,0.02631270438721197
a2p65,bshin_damping,1.0,bshin_damping_1,5,0.0,0.0,0.0,0.0,0.0,0.0,0.0,0.0
a2p65,bshin_damping,1.1,bshin_damping_1p1,5,71.2050077359535,18.61663453964282,71.8217975463081,20.191775483597876,72.7721185913701,17.454574720990163,0.03980634639315075,0.01672849018894723
a2p65,bshin_damping,1.3,bshin_damping_1p3,5,212.32076792697882,47.47584827847652,208.81081694489876,44.59358675304972,210.0380078131363,43.03116068137245,0.11259410812888215,0.032299328435641234
a2p65,bshin_damping,1.5,bshin_damping_1p5,5,338.8694833162912,106.57523138966108,340.58815042435845,108.1848236185667,340.60175673548684,104.32247316369775,0.17216575200838508,0.034353894523575186
a2p65,bshin_damping,1.7,bshin_damping_1p7,5,486.55817789394786,164.76853151905223,484.4827548374985,171.86539280742485,486.3986696707534,165.30941811212946,0.24641028900908926,0.05641415319607143
a2p65,bshin_damping,2.0,bshin_damping_2,5,656.1831449124995,196.03461113251416,657.7078066213687,200.56971447775035,657.9590179784266,197.56254671819988,0.33549082476387715,0.0708624033251469
a2p65,bshin_friction,0.0,bshin_friction_0,5,0.0,0.0,0.0,0.0,0.0,0.0,0.0,0.0
a2p65,bshin_friction,0.1,bshin_friction_0p1,5,-4.484041715428612,7.7684669824782215,-3.597738024399996,13.780124444623356,-3.762586418532737,8.735806725816456,-0.0015588761783754596,0.0033613608914546365
a2p65,bshin_friction,0.2,bshin_friction_0p2,5,-8.328206544438581,8.048082195673908,-6.080086738477076,13.791452483205644,-7.047806334218012,9.080991847245944,-0.004009843995660006,0.004428122686233375
a2p65,bshin_friction,0.3,bshin_friction_0p3,5,-8.328206544438581,8.048082195673908,-6.080086738477076,13.791452483205644,-7.047806334218012,9.080991847245944,-0.004009843995660006,0.004428122686233375
a2p65,bshin_friction,0.4,bshin_friction_0p4,5,-8.328206544438581,8.048082195673908,-6.080086738477076,13.791452483205644,-7.047806334218012,9.080991847245944,-0.004009843995660006,0.004428122686233375
a2p65,bshin_friction,0.5,bshin_friction_0p5,5,-8.328206544438581,8.048082195673908,-6.080086738477076,13.791452483205644,-7.047806334218012,9.080991847245944,-0.004009843995660006,0.004428122686233375
a2p65,bshin_friction,0.6,bshin_friction_0p6,5,-8.328206544438581,8.048082195673908,-6.080086738477076,13.791452483205644,-7.047806334218012,9.080991847245944,-0.004009843995660006,0.004428122686233375
a2p65,bshin_friction,0.7,bshin_friction_0p7,5,-8.328206544438581,8.048082195673908,-6.080086738477076,13.791452483205644,-7.047806334218012,9.080991847245944,-0.004009843995660006,0.004428122686233375
a2p65,bshin_friction,0.8,bshin_friction_0p8,5,0.0,0.0,0.0,0.0,0.0,0.0,0.0,0.0
a2p65,bshin_friction,0.9,bshin_friction_0p9,5,0.0,0.0,0.0,0.0,0.0,0.0,0.0,0.0
a2p65,bshin_friction,1.0,bshin_friction_1,5,0.0,0.0,0.0,0.0,0.0,0.0,0.0,0.0
a2p65,bshin_friction,1.1,bshin_friction_1p1,5,-4.484041715428612,7.7684669824782215,-3.597738024399996,13.780124444623356,-3.762586418532737,8.735806725816456,-0.0015588761783754596,0.0033613608914546365
a2p65,bshin_friction,1.3,bshin_friction_1p3,5,-8.328206544438581,8.048082195673908,-6.080086738477076,13.791452483205644,-7.047806334218012,9.080991847245944,-0.004009843995660006,0.004428122686233375
a2p65,bshin_friction,1.5,bshin_friction_1p5,5,-8.328206544438581,8.048082195673908,-6.080086738477076,13.791452483205644,-7.047806334218012,9.080991847245944,-0.004009843995660006,0.004428122686233375
a2p65,bshin_friction,1.7,bshin_friction_1p7,5,-8.328206544438581,8.048082195673908,-6.080086738477076,13.791452483205644,-7.047806334218012,9.080991847245944,-0.004009843995660006,0.004428122686233375
a2p65,bshin_friction,2.0,bshin_friction_2,5,-8.328206544438581,8.048082195673908,-6.080086738477076,13.791452483205644,-7.047806334218012,9.080991847245944,-0.004009843995660006,0.004428122686233375
a2p65,bthigh_actuator_gain,0.0,bthigh_actuator_gain_0,5,1872.4991282737203,853.1076460817463,1825.5573581933727,981.6047655966596,1832.2672383591198,978.9074795982738,0.9156989168029115,0.2651580555877963
a2p65,bthigh_actuator_gain,0.1,bthigh_actuator_gain_0p1,5,1664.0418516108907,765.6102275923058,1653.0833209432299,822.9505756284522,1660.1916335686988,827.9713893725093,0.8287041895881874,0.33264862524691186
a2p65,bthigh_actuator_gain,0.2,bthigh_actuator_gain_0p2,5,1395.734742988526,622.6338861605376,1360.8759783582504,611.4656768287634,1374.0676012618276,616.6495160858308,0.7273640571922995,0.3738147143366617
a2p65,bthigh_actuator_gain,0.3,bthigh_actuator_gain_0p3,5,911.1388662743732,591.7399858405016,830.9903266381285,565.842213512504,828.6564046546089,567.7579682097221,0.48230148677886026,0.3790951905071086
a2p65,bthigh_actuator_gain,0.4,bthigh_actuator_gain_0p4,5,728.5827988415188,604.3821454017727,722.7299227000552,605.581538307038,724.0879549453887,604.7143078531212,0.4110426381544773,0.40896309489059557
a2p65,bthigh_actuator_gain,0.5,bthigh_actuator_gain_0p5,5,578.4636556028352,511.3154091341738,649.9785146944585,640.7526029902609,649.7872453010648,642.3059711776228,0.3229654822932167,0.3422595075589775
a2p65,bthigh_actuator_gain,0.6,bthigh_actuator_gain_0p6,5,373.7865009940541,266.9793517708317,235.73831778768226,128.08872465854,340.0876443707412,209.14005069503048,0.1996430851035385,0.17382855754130272
a2p65,bthigh_actuator_gain,0.7,bthigh_actuator_gain_0p7,5,215.9568340794404,135.98601999207574,159.34315479095932,116.07026233810805,163.21775912087756,112.64747604074147,0.1064412352479662,0.06865658848039916
a2p65,bthigh_actuator_gain,0.8,bthigh_actuator_gain_0p8,5,102.1575526995684,95.245504878777,107.41029871611927,106.4936460522241,106.2178833283323,99.97285414717243,0.04151908469340854,0.015482085579415945
a2p65,bthigh_actuator_gain,0.9,bthigh_actuator_gain_0p9,5,45.80393587441863,59.85124092514154,50.18873537779764,67.85300963468097,47.033966875781246,60.05449914463962,0.01605679196882528,0.013033744534242756
a2p65,bthigh_actuator_gain,1.0,bthigh_actuator_gain_1,5,0.0,0.0,0.0,0.0,0.0,0.0,0.0,0.0
a2p65,bthigh_actuator_gain,1.1,bthigh_actuator_gain_1p1,5,-0.6155074016171511,48.575198865808,0.22405141277695292,45.102371308270634,0.036442990988780365,51.12517307189235,0.006483715522852654,0.017945845617457414
a2p65,bthigh_actuator_gain,1.3,bthigh_actuator_gain_1p3,5,16.977014395807874,114.82688991505375,-16.376361829241205,167.10076874356855,-14.485397682225948,171.11262566796572,0.025433782601072097,0.04875351565396657
a2p65,bthigh_actuator_gain,1.5,bthigh_actuator_gain_1p5,5,161.49211337979364,116.04421613497995,16.386683594872693,217.26095295780118,65.2990550034514,134.70627876078424,0.07674569895307129,0.05183934057936368
a2p65,bthigh_actuator_gain,1.7,bthigh_actuator_gain_1p7,5,529.9118442063457,577.0103487816876,606.545089246339,729.7869492184327,573.4130621474667,668.1125733592514,0.20322636632714888,0.11574780261018183
a2p65,bthigh_actuator_gain,2.0,bthigh_actuator_gain_2,5,912.055573475827,999.4728467375438,911.3448725427767,1006.4445551650336,916.2657892510737,1007.9402898115494,0.34660653809165254,0.19090876071110763
a2p65,bthigh_damping,0.0,bthigh_damping_0,5,1477.4152423433088,1582.9486978145953,1495.8322036715665,1625.4146422669453,1495.6789083736062,1623.6778174108777,0.5675966025713425,0.2976058361844299
a2p65,bthigh_damping,0.1,bthigh_damping_0p1,5,1251.4344212183237,1401.4802224909972,1274.1880099888285,1454.0944012795808,1269.8766609480585,1437.5172309150141,0.47081003261998705,0.2712088777101916
a2p65,bthigh_damping,0.2,bthigh_damping_0p2,5,1015.967554522876,1280.6088472976876,1021.4720107748287,1292.8210908714523,1019.1126653238977,1284.1865159681245,0.35974615611523264,0.2639309795431692
a2p65,bthigh_damping,0.3,bthigh_damping_0p3,5,852.133252442597,1167.5776463025056,864.1880449016493,1194.8341746648127,867.3453570771004,1193.3626583511107,0.2871153949666632,0.25104954142841973
a2p65,bthigh_damping,0.4,bthigh_damping_0p4,5,570.9503936922553,782.0644556247031,649.2607014647103,943.0017484576879,599.5378261142002,837.2232288790356,0.1923499027290656,0.16892137102563712
a2p65,bthigh_damping,0.5,bthigh_damping_0p5,5,342.74905425909276,438.1473082540962,430.9504252993653,621.5866228229172,379.12533280585956,513.9269421127296,0.1203549247526952,0.093368965587268
a2p65,bthigh_damping,0.6,bthigh_damping_0p6,5,54.26085103932455,54.121334616350985,-71.10520558282496,282.7724058100195,-63.932795554613314,277.41715428274756,0.03641660552395892,0.028516307610746028
a2p65,bthigh_damping,0.7,bthigh_damping_0p7,5,-40.53194398428009,137.2976094449833,-69.17044391344515,187.80131916006474,-71.25819310032489,195.685008864006,-0.0011066708827558417,0.038349114671541014
a2p65,bthigh_damping,0.8,bthigh_damping_0p8,5,-53.22012466216934,125.20516926971624,-48.97153402586637,114.48505861513898,-51.59266021406415,125.86117025213944,-0.009773779499439406,0.03256951547014903
a2p65,bthigh_damping,0.9,bthigh_damping_0p9,5,-15.42390006409828,44.856723681221865,-14.392475401685351,39.43557453628897,-16.22255073957722,47.329320235854965,-0.001517761689505207,0.012442108209215229
a2p65,bthigh_damping,1.0,bthigh_damping_1,5,0.0,0.0,0.0,0.0,0.0,0.0,0.0,0.0
a2p65,bthigh_damping,1.1,bthigh_damping_1p1,5,35.02422260294311,62.82229275561094,38.7706008190723,72.89712694801796,37.003652057633914,63.07703547307712,0.009733028683496847,0.015923162914668203
a2p65,bthigh_damping,1.3,bthigh_damping_1p3,5,78.29954504710318,128.56292460278837,85.34767259426253,140.64524242092767,81.4439344386004,130.1850408222894,0.02316171542292538,0.030529544566963752
a2p65,bthigh_damping,1.5,bthigh_damping_1p5,5,151.73880991924403,143.7525170171748,151.84685172874953,145.9336001541581,151.24963066563268,142.24558995331947,0.061633155065446046,0.03082229731234347
a2p65,bthigh_damping,1.7,bthigh_damping_1p7,5,250.9586979472211,176.6616940412299,253.98097405232943,181.867975966651,251.8058761675678,174.90293998065547,0.115854969526722,0.06630794433043538
a2p65,bthigh_damping,2.0,bthigh_damping_2,5,358.00995723092024,214.56111846077494,365.5707494272227,220.81142783993243,361.7405028931547,216.60928490790647,0.17531979038797232,0.10370404485935684
a2p65,bthigh_friction,0.0,bthigh_friction_0,5,0.0,0.0,0.0,0.0,0.0,0.0,0.0,0.0
a2p65,bthigh_friction,0.1,bthigh_friction_0p1,5,0.0,0.0,0.0,0.0,0.0,0.0,0.0,0.0
a2p65,bthigh_friction,0.2,bthigh_friction_0p2,5,0.0,0.0,0.0,0.0,0.0,0.0,0.0,0.0
a2p65,bthigh_friction,0.3,bthigh_friction_0p3,5,-4.484041715428612,7.7684669824782215,-3.597738024399996,13.780124444623356,-3.762586418532737,8.735806725816456,-0.0015588761783754596,0.0033613608914546365
a2p65,bthigh_friction,0.4,bthigh_friction_0p4,5,-8.328206544438581,8.048082195673908,-6.080086738477076,13.791452483205644,-7.047806334218012,9.080991847245944,-0.004009843995660006,0.004428122686233375
a2p65,bthigh_friction,0.5,bthigh_friction_0p5,5,-8.328206544438581,8.048082195673908,-6.080086738477076,13.791452483205644,-7.047806334218012,9.080991847245944,-0.004009843995660006,0.004428122686233375
a2p65,bthigh_friction,0.6,bthigh_friction_0p6,5,-8.328206544438581,8.048082195673908,-6.080086738477076,13.791452483205644,-7.047806334218012,9.080991847245944,-0.004009843995660006,0.004428122686233375
a2p65,bthigh_friction,0.7,bthigh_friction_0p7,5,-8.328206544438581,8.048082195673908,-6.080086738477076,13.791452483205644,-7.047806334218012,9.080991847245944,-0.004009843995660006,0.004428122686233375
a2p65,bthigh_friction,0.8,bthigh_friction_0p8,5,-8.328206544438581,8.048082195673908,-6.080086738477076,13.791452483205644,-7.047806334218012,9.080991847245944,-0.004009843995660006,0.004428122686233375
a2p65,bthigh_friction,0.9,bthigh_friction_0p9,5,-8.328206544438581,8.048082195673908,-6.080086738477076,13.791452483205644,-7.047806334218012,9.080991847245944,-0.004009843995660006,0.004428122686233375
a2p65,bthigh_friction,1.0,bthigh_friction_1,5,0.0,0.0,0.0,0.0,0.0,0.0,0.0,0.0
a2p65,bthigh_friction,1.1,bthigh_friction_1p1,5,0.0,0.0,0.0,0.0,0.0,0.0,0.0,0.0
a2p65,bthigh_friction,1.3,bthigh_friction_1p3,5,0.0,0.0,0.0,0.0,0.0,0.0,0.0,0.0
a2p65,bthigh_friction,1.5,bthigh_friction_1p5,5,-4.484041715428612,7.7684669824782215,-3.597738024399996,13.780124444623356,-3.762586418532737,8.735806725816456,-0.0015588761783754596,0.0033613608914546365
a2p65,bthigh_friction,1.7,bthigh_friction_1p7,5,-8.328206544438581,8.048082195673908,-6.080086738477076,13.791452483205644,-7.047806334218012,9.080991847245944,-0.004009843995660006,0.004428122686233375
a2p65,bthigh_friction,2.0,bthigh_friction_2,5,-8.328206544438581,8.048082195673908,-6.080086738477076,13.791452483205644,-7.047806334218012,9.080991847245944,-0.004009843995660006,0.004428122686233375
a2p65,damping,0.0,damping_0,5,2109.71748551178,1077.9379395321514,2104.477287389793,1085.615446443104,2117.6387529857625,1077.8779881198207,0.9973933267978055,0.08704667332017149
a2p65,damping,0.1,damping_0p1,5,1834.1698522863578,1159.2907428591086,1781.5326789284256,1189.6776916775425,1783.1050120967107,1182.0357568192157,0.833781773361752,0.1444362294588778
a2p65,damping,0.2,damping_0p2,5,1625.9252727920596,1177.156181713029,1597.3342005827603,1236.9534655917882,1601.1819764444776,1210.8462009429313,0.7162975053943905,0.17595784567095482
a2p65,damping,0.3,damping_0p3,5,1402.3801975192075,1197.6794962007864,1404.9717112134842,1247.749256015672,1405.3828011693568,1236.556732985232,0.5881423416077893,0.1924601202396931
a2p65,damping,0.4,damping_0p4,5,1193.0248024588022,1202.9980485579583,1218.975879443056,1257.6442301133864,1220.175793459669,1248.5852419304672,0.47181945482821475,0.22296277730759714
a2p65,damping,0.5,damping_0p5,5,893.0835883982966,981.4571786830752,923.8010729006477,1050.19753681905,896.9698513497297,1010.1933151576628,0.3405383398483367,0.1886100791434681
a2p65,damping,0.6,damping_0p6,5,502.7109432124611,712.090560893203,590.9448327651824,906.2448865317635,571.431110621638,850.9676428061072,0.16608501193322528,0.15639987635622238
a2p65,damping,0.7,damping_0p7,5,100.31480154225233,196.0348434065551,-42.69605978315485,120.93259562725265,18.891677173148356,76.04300251425539,0.02634446315927245,0.0627714254152843
a2p65,damping,0.8,damping_0p8,5,-44.88470810810672,63.54223649754231,-90.46483142139141,52.25267187006677,-90.4393986940463,55.3773320148981,-0.033522571256387454,0.03312962686756523
a2p65,damping,0.9,damping_0p9,5,-81.71900858746994,13.317039049171619,-82.40316733998921,13.0277404103914,-81.06553075999246,12.381070733603316,-0.04349979877184068,0.010364656005868306
a2p65,damping,1.0,damping_1,5,0.0,0.0,0.0,0.0,0.0,0.0,0.0,0.0
a2p65,damping,1.1,damping_1p1,5,146.23335961489087,51.766444491440396,150.16300629223315,61.068221486337066,147.678353845785,53.201141292995665,0.07303763642817238,0.011368889080805205
a2p65,damping,1.3,damping_1p3,5,583.3047812154394,178.44374947638678,583.4603706748392,183.82407709124323,581.9605656984902,176.02755583695586,0.29778662273763207,0.06834669573508344
a2p65,damping,1.5,damping_1p5,5,898.5878144863102,266.3478570869409,882.7163527756032,240.29264619922265,883.7176702668846,236.4838878965995,0.45526870356409627,0.06266367212627394
a2p65,damping,1.7,damping_1p7,5,1686.9176575720953,1360.0990830219741,1710.0174288164453,1409.8097596353439,1709.6847852204269,1403.0196831347853,0.71849102282498,0.18828304399334628
a2p65,damping,2.0,damping_2,5,1970.6438991181028,1316.6655207942079,1972.1222142522286,1323.1497866749446,1971.9247401579971,1316.7261529232644,0.8823550458531166,0.13459847424842347
a2p65,ffoot_actuator_gain,0.0,ffoot_actuator_gain_0,5,319.35688816608166,576.8386350384712,307.898091751224,547.8198071810625,307.41781279154804,548.3050003597591,0.08651918262661665,0.1389631844666419
a2p65,ffoot_actuator_gain,0.1,ffoot_actuator_gain_0p1,5,284.3788370922351,518.4071739551894,276.5129909736571,496.55300506601765,275.2199622346585,495.4744084094503,0.07625962658452316,0.12528169969565997
a2p65,ffoot_actuator_gain,0.2,ffoot_actuator_gain_0p2,5,234.32894530001508,427.15130729560417,237.10398025656883,424.61476596964087,237.23127940502755,426.5993946366727,0.06289376403262242,0.10363925308131688
a2p65,ffoot_actuator_gain,0.3,ffoot_actuator_gain_0p3,5,200.65709374138495,355.8526148169747,202.41895720140457,347.78026475497904,201.10666567288004,349.2132972369605,0.05540539745602844,0.08549129308156199
a2p65,ffoot_actuator_gain,0.4,ffoot_actuator_gain_0p4,5,164.59248674005147,300.95397969120495,169.7052791189633,304.9436255129975,167.31755464016828,299.7296027135963,0.044106306755345784,0.07303086947889337
a2p65,ffoot_actuator_gain,0.5,ffoot_actuator_gain_0p5,5,123.23803557408618,228.48793299798774,124.2178905623477,222.35062676500272,123.26042076250137,221.92016802581955,0.03245398198631321,0.055622666088436974
a2p65,ffoot_actuator_gain,0.6,ffoot_actuator_gain_0p6,5,96.08835231928802,174.65439638030904,98.42799887854976,172.06241653294367,97.5557669158754,170.26152519268703,0.025884867385399773,0.04268756001184907
a2p65,ffoot_actuator_gain,0.7,ffoot_actuator_gain_0p7,5,69.99944668200142,135.3584205255033,74.4175411993493,139.48804529197065,71.52381490085163,135.09271015801286,0.017550161495765597,0.033292773118565815
a2p65,ffoot_actuator_gain,0.8,ffoot_actuator_gain_0p8,5,42.0401657540252,85.27015596192915,43.879687953611935,91.35064056458717,43.25243061342685,87.79696326908895,0.009885596902237153,0.021457860337922442
a2p65,ffoot_actuator_gain,0.9,ffoot_actuator_gain_0p9,5,25.98252297081108,55.761768424722696,25.709537425863164,58.23805561836495,25.465015548638483,55.82679800932395,0.005663940626750347,0.014468012929624163
a2p65,ffoot_actuator_gain,1.0,ffoot_actuator_gain_1,5,0.0,0.0,0.0,0.0,0.0,0.0,0.0,0.0
a2p65,ffoot_actuator_gain,1.1,ffoot_actuator_gain_1p1,5,-13.608939927440042,18.502668721996912,-6.414886539304416,12.129852989059485,-9.750875701794575,16.76398563170297,-0.004702709785592474,0.00444570721865269
a2p65,ffoot_actuator_gain,1.3,ffoot_actuator_gain_1p3,5,-18.379621675522138,27.8959547003601,-17.34192869405383,38.815698343394004,-18.335530974212997,34.01344925395602,-0.006047995628969719,0.008302403881331534
a2p65,ffoot_actuator_gain,1.5,ffoot_actuator_gain_1p5,5,-9.888415550296667,12.343362431384401,-2.7176896549985488,4.798919483393493,-5.558204224489737,9.61558203608598,-0.0035963920080938085,0.0031165970662230882
a2p65,ffoot_actuator_gain,1.7,ffoot_actuator_gain_1p7,5,6.821073534920015,23.35127197344577,11.405351971563277,21.765469086347686,9.350117367010034,21.918728888912383,0.00037853284671412953,0.007934343270856596
a2p65,ffoot_actuator_gain,2.0,ffoot_actuator_gain_2,5,75.60114955576337,155.0602603153218,61.498217660549564,117.24553564144222,57.76519050686848,113.21094202826487,0.017625300547489987,0.03897192411498203
a2p65,ffoot_damping,0.0,ffoot_damping_0,5,51.12424035756717,64.52708722719517,50.5960401961122,67.15314568508131,50.65487667103294,63.68416146567616,0.018903724270453934,0.019402847941399005
a2p65,ffoot_damping,0.1,ffoot_damping_0p1,5,35.35102333011355,44.535173304931604,31.765681804271253,45.12999965813764,33.94184422968842,43.184486700095746,0.01303740641963749,0.013551205478587737
a2p65,ffoot_damping,0.2,ffoot_damping_0p2,5,21.45459498829168,30.867000064281783,19.25683588869856,35.41075000512913,20.795305426455208,30.551713873529522,0.007557301427374083,0.011265952278518421
a2p65,ffoot_damping,0.3,ffoot_damping_0p3,5,14.158971487075451,22.79024940490511,14.821730351365204,28.714089967615728,13.93951538952815,21.33196996895673,0.004534144050992626,0.00791834959604122
a2p65,ffoot_damping,0.4,ffoot_damping_0p4,5,10.045007656108009,12.366826591879414,9.41985150646292,16.546221278627726,10.0652193292849,12.986531957515911,0.004481674090389553,0.0066749793753421785
a2p65,ffoot_damping,0.5,ffoot_damping_0p5,5,8.803828349103151,16.196944300285615,11.030127134674103,26.815910811507983,12.26980481067012,22.073551141400948,0.0027541918399573056,0.006540884458976609
a2p65,ffoot_damping,0.6,ffoot_damping_0p6,5,7.110874007004076,11.871674584073247,-0.050791709661552886,11.721632451335525,1.443018850567978,11.32103795331588,0.0031548100973139924,0.00693042645401129
a2p65,ffoot_damping,0.7,ffoot_damping_0p7,5,1.9993396900521474,6.475543055454549,0.37584710121227544,6.827840153642542,0.3566752415107203,8.310991876876654,0.001911506972892703,0.0030061860891002585
a2p65,ffoot_damping,0.8,ffoot_damping_0p8,5,3.354071077791423,6.067023632357546,-0.16223169147028785,13.247068786952012,1.9235101226367533,7.325626463001526,0.0009956634423066014,0.0021722061125280675
a2p65,ffoot_damping,0.9,ffoot_damping_0p9,5,1.2958670559686198,5.113936354829478,0.10911226602102034,8.17810827709316,0.6697655440886592,5.0407015036605864,0.0004928498527659311,0.0030659928801096037
a2p65,ffoot_damping,1.0,ffoot_damping_1,5,0.0,0.0,0.0,0.0,0.0,0.0,0.0,0.0
a2p65,ffoot_damping,1.1,ffoot_damping_1p1,5,19.77799992938094,23.015801728304563,22.129930069478178,29.62964534090065,20.816955334139266,23.35802859402118,0.007546939204133546,0.0059466950840895505
a2p65,ffoot_damping,1.3,ffoot_damping_1p3,5,19.702600875283316,22.971603716539793,13.149627342783514,25.581074376227917,17.551951435255113,22.029559609292217,0.00733476687526115,0.005349896958981249
a2p65,ffoot_damping,1.5,ffoot_damping_1p5,5,32.723468565390114,57.12428399315678,32.94100168377395,56.8522867053322,32.13263513106963,52.49744300707175,0.009144332794189075,0.013882573933239994
a2p65,ffoot_damping,1.7,ffoot_damping_1p7,5,42.840536984882604,60.23440418804848,39.45845308466001,61.03116196333195,39.04373262361314,55.50743797862551,0.014280114904758176,0.014093846966691742
a2p65,ffoot_damping,2.0,ffoot_damping_2,5,55.11714734900706,81.96582443395562,55.50649797265705,89.36397910158261,55.47770054028119,84.62977892030098,0.01761608609797416,0.019441391612477824
a2p65,ffoot_friction,0.0,ffoot_friction_0,5,0.0,0.0,0.0,0.0,0.0,0.0,0.0,0.0
a2p65,ffoot_friction,0.1,ffoot_friction_0p1,5,0.0,0.0,0.0,0.0,0.0,0.0,0.0,0.0
a2p65,ffoot_friction,0.2,ffoot_friction_0p2,5,0.0,0.0,0.0,0.0,0.0,0.0,0.0,0.0
a2p65,ffoot_friction,0.3,ffoot_friction_0p3,5,0.0,0.0,0.0,0.0,0.0,0.0,0.0,0.0
a2p65,ffoot_friction,0.4,ffoot_friction_0p4,5,0.0,0.0,0.0,0.0,0.0,0.0,0.0,0.0
a2p65,ffoot_friction,0.5,ffoot_friction_0p5,5,0.0,0.0,0.0,0.0,0.0,0.0,0.0,0.0
a2p65,ffoot_friction,0.6,ffoot_friction_0p6,5,8.328206544438581,8.048082195673908,6.080086738477076,13.791452483205644,7.047806334218012,9.080991847245944,0.0039736394936037,0.004396512480243641
a2p65,ffoot_friction,0.7,ffoot_friction_0p7,5,8.328206544438581,8.048082195673908,6.080086738477076,13.791452483205644,7.047806334218012,9.080991847245944,0.0039736394936037,0.004396512480243641
a2p65,ffoot_friction,0.8,ffoot_friction_0p8,5,8.328206544438581,8.048082195673908,6.080086738477076,13.791452483205644,7.047806334218012,9.080991847245944,0.0039736394936037,0.004396512480243641
a2p65,ffoot_friction,0.9,ffoot_friction_0p9,5,3.8441648290099693,6.126347766738331,2.4823487140770792,4.179316935545135,3.285219915685275,5.467445133182948,0.0024288904982074293,0.00391466957030093
a2p65,ffoot_friction,1.0,ffoot_friction_1,5,0.0,0.0,0.0,0.0,0.0,0.0,0.0,0.0
a2p65,ffoot_friction,1.1,ffoot_friction_1p1,5,0.0,0.0,0.0,0.0,0.0,0.0,0.0,0.0
a2p65,ffoot_friction,1.3,ffoot_friction_1p3,5,0.0,0.0,0.0,0.0,0.0,0.0,0.0,0.0
a2p65,ffoot_friction,1.5,ffoot_friction_1p5,5,0.0,0.0,0.0,0.0,0.0,0.0,0.0,0.0
a2p65,ffoot_friction,1.7,ffoot_friction_1p7,5,0.0,0.0,0.0,0.0,0.0,0.0,0.0,0.0
a2p65,ffoot_friction,2.0,ffoot_friction_2,5,0.0,0.0,0.0,0.0,0.0,0.0,0.0,0.0
a2p65,friction,0.0,friction_0,5,-3805.4117363063087,2710.5139597577568,-3797.4076442057967,2721.1945564715875,-3805.5102402247458,2717.574015263225,-2.4694996705881413,1.5310009164825538
a2p65,friction,0.1,friction_0p1,5,-3073.684904389262,1634.070492264393,-3071.6849002511726,1635.0197971960274,-3069.3323944946032,1632.3388557189348,-1.926771406976839,1.0493382591658085
a2p65,friction,0.2,friction_0p2,5,-2028.9723402561672,1262.6553317118235,-2015.6615188093915,1260.550509960163,-2026.007408725986,1261.4616390113708,-1.2765891507156273,0.8131343027860382
a2p65,friction,0.3,friction_0p3,5,-764.2377876229596,549.0194083562823,-778.020967737312,584.2266535351647,-768.2572033652159,554.6224846369188,-0.4723871468480961,0.3627447248846905
a2p65,friction,0.4,friction_0p4,5,-309.76302055011814,111.14442095495964,-302.3414994507644,116.48551165119449,-305.0731709442077,113.01856492429472,-0.1853765132334249,0.08925853824862041
a2p65,friction,0.5,friction_0p5,5,-237.02898846768167,72.32850405074493,-230.5113616967491,75.62779377036301,-234.4897356965317,70.59689700629926,-0.13917097711321452,0.0630401284826081
a2p65,friction,0.6,friction_0p6,5,-173.29658928980498,66.25445767897786,-173.51202647270748,64.23012943625936,-172.15203602984843,63.44280411066663,-0.10382021161708979,0.052097035920484036
a2p65,friction,0.7,friction_0p7,5,-125.23203245438708,50.59515250104141,-120.08275205171739,50.54095108621061,-121.80153040895098,50.23174493925108,-0.07588677184072731,0.03821410884054214
a2p65,friction,0.8,friction_0p8,5,-87.5804140158616,23.73561844566341,-87.12789070381764,21.4452493147624,-88.8883816171145,20.909533770148172,-0.05020376827267513,0.02178713488662706
a2p65,friction,0.9,friction_0p9,5,-32.7464290531399,22.987009524128357,-34.241130566572835,21.17237150789916,-33.30702187011889,19.453937049649134,-0.021201504470652176,0.01393363068367496
a2p65,friction,1.0,friction_1,5,0.0,0.0,0.0,0.0,0.0,0.0,0.0,0.0
a2p65,friction,1.1,friction_1p1,5,40.86578287491393,12.421273260602586,42.73240227158453,7.279949308913398,42.44528787751938,8.995060562739003,0.020874456189888476,0.004117261614665366
a2p65,friction,1.3,friction_1p3,5,104.08941073032352,13.38921432660564,105.05829480992865,14.627900459615228,105.09388044302109,13.631644989915603,0.05695476503093751,0.01643736437897243
a2p65,friction,1.5,friction_1p5,5,165.54962102081154,19.847670031295486,170.52995120655288,21.936752253690337,167.0235110800376,20.66327743967406,0.09139625014964696,0.027590926001049232
a2p65,friction,1.7,friction_1p7,5,209.54927803269638,25.672357067730452,211.94685937041035,25.149273704360255,209.81914125969925,26.977251038583116,0.11787455633841118,0.038198766340796844
a2p65,friction,2.0,friction_2,5,278.13990172653314,37.46366811698832,281.93483971371364,38.55036270125603,278.92989488378805,39.75619385587073,0.15609058319331592,0.050706355551208934
a2p65,friction_damping,0.0,friction_damping_0,5,-786.7906225656392,3640.309623060551,-298.9292612280425,4173.042901806701,-839.4998813767695,3937.0687132735757,-0.945325692835602,1.6555893672976834
a2p65,friction_damping,0.1,friction_damping_0p1,5,-1062.1067992050164,2989.1376530995985,-1421.5910076862278,3165.154088300539,-1386.3548394743761,3091.7751988836926,-1.0335845373367394,1.3074478404711556
a2p65,friction_damping,0.2,friction_damping_0p2,5,-590.4488276084545,2799.5014358869407,-733.0520702757418,3010.2107718988395,-742.2539152685249,2981.7914088354687,-0.7495613135672046,1.139427093383357
a2p65,friction_damping,0.3,friction_damping_0p3,5,-91.92688754776464,2155.770644387784,-117.0230373451922,2348.5051679454186,-149.84535554474604,2310.816183117758,-0.37938375028510196,0.8017086078769549
a2p65,friction_damping,0.4,friction_damping_0p4,5,264.20235024804026,1824.451261247507,188.03206880323742,1970.047643938794,174.79831395697323,1944.2458941317627,-0.1342320039455576,0.6140462481760779
a2p65,friction_damping,0.5,friction_damping_0p5,5,493.15499777633687,1463.532512523898,488.06870922541276,1643.0874068350313,467.44968594546464,1592.1360631750122,0.04209368919900895,0.4061328426965412
a2p65,friction_damping,0.6,friction_damping_0p6,5,64.63861424519637,670.8940888291432,89.45797103499339,735.3682895961036,66.15737200949039,692.9273251238169,-0.06817252677239014,0.22503263205069904
a2p65,friction_damping,0.7,friction_damping_0p7,5,-246.84266884479138,95.91742788482037,-278.17065052658234,115.81859603478193,-279.74666817698875,124.31188388783966,-0.1267098672301638,0.04986236293121542
a2p65,friction_damping,0.8,friction_damping_0p8,5,-148.0534917415358,84.65080690747862,-209.69978905307227,67.13716726970456,-205.94455516298962,65.95766601604659,-0.09293313411540294,0.055569113838993996
a2p65,friction_damping,0.9,friction_damping_0p9,5,-123.06763809180079,15.087908138810652,-123.14639703523422,19.966591269443704,-124.56564106967876,19.517193253255698,-0.06732439274242745,0.019788343390466524
a2p65,friction_damping,1.0,friction_damping_1,5,0.0,0.0,0.0,0.0,0.0,0.0,0.0,0.0
a2p65,friction_damping,1.1,friction_damping_1p1,5,189.19276177964676,50.058483615505764,190.81572204359333,61.939773998538314,191.26319693625948,53.70352512629773,0.0970612287251058,0.016425669883808527
a2p65,friction_damping,1.3,friction_damping_1p3,5,661.2371350448075,147.4588472267658,659.2755617009459,148.92590856202975,659.3605054383398,144.86284408679842,0.3458974610416311,0.07928030336708239
a2p65,friction_damping,1.5,friction_damping_1p5,5,1048.570728598995,322.55523018394206,1042.394642523805,316.2750642481362,1042.4880622087646,309.63231505145,0.5288095531954552,0.060120759000771566
a2p65,friction_damping,1.7,friction_damping_1p7,5,1743.9208551814233,1175.5691978919629,1750.2876465699708,1191.7494738142095,1753.4399089812555,1191.8840577329681,0.7792975849932166,0.11989420507909586
a2p65,friction_damping,2.0,friction_damping_2,5,2099.9649521957303,1187.7640229072583,2102.3138774368927,1195.3830179979195,2102.0747150193074,1189.3262459601392,0.9745004268615087,0.07692270405165959
a2p65,fshin_actuator_gain,0.0,fshin_actuator_gain_0,5,809.8430828247625,750.3479010721436,745.714200685378,736.7251875901488,748.135221917299,740.0894307677863,0.3308812015453581,0.12687444464103773
a2p65,fshin_actuator_gain,0.1,fshin_actuator_gain_0p1,5,654.1119985569366,660.2647089935102,631.4429108738134,606.9406961879097,639.176893512625,625.5177573271986,0.25866096714255704,0.12549749400646007
a2p65,fshin_actuator_gain,0.2,fshin_actuator_gain_0p2,5,530.0363940004056,516.6738946000185,502.1895900018138,453.7542010303141,502.439273660735,456.34385854460567,0.21270070218790443,0.09973639222113038
a2p65,fshin_actuator_gain,0.3,fshin_actuator_gain_0p3,5,389.27455451332474,338.72319105146425,386.76822876334734,328.41984111172144,386.12134730631965,328.4371275371043,0.16284601965835763,0.06423900786607538
a2p65,fshin_actuator_gain,0.4,fshin_actuator_gain_0p4,5,315.9404671417459,305.2302407081143,321.78548646491225,304.4070033293341,320.0057101455933,304.4155441284867,0.12723196904954345,0.06056826958608424
a2p65,fshin_actuator_gain,0.5,fshin_actuator_gain_0p5,5,244.9601927373064,273.3740937043549,247.06395964790576,265.5558518772658,245.68873549781546,267.6168357580085,0.09268319506440943,0.05661608498701627
a2p65,fshin_actuator_gain,0.6,fshin_actuator_gain_0p6,5,186.72827039883387,246.11483874664398,189.69585081754263,247.75729489381618,187.95700823887805,244.35250744956272,0.06474452290676225,0.056311907426235576
a2p65,fshin_actuator_gain,0.7,fshin_actuator_gain_0p7,5,122.00861656828656,175.30857137107697,125.93187468197212,176.2981676022636,124.92459245192431,176.29276066675644,0.04003639295015606,0.042173780475073204
a2p65,fshin_actuator_gain,0.8,fshin_actuator_gain_0p8,5,71.30869682685125,121.0983896333484,74.27185799048466,112.863890325311,72.32759746990591,112.22411600262134,0.02048782392582904,0.03083731728510832
a2p65,fshin_actuator_gain,0.9,fshin_actuator_gain_0p9,5,29.766630972740494,64.70511085945925,33.49886978819791,62.0100948889384,33.05533776128682,63.59253300442909,0.00637674445550359,0.017913474381395216
a2p65,fshin_actuator_gain,1.0,fshin_actuator_gain_1,5,0.0,0.0,0.0,0.0,0.0,0.0,0.0,0.0
a2p65,fshin_actuator_gain,1.1,fshin_actuator_gain_1p1,5,-16.510957317433668,27.547901390142535,-10.06402085351283,23.88430550964106,-13.27186370501595,26.27536854395822,-0.005632843528530965,0.011138691990003615
a2p65,fshin_actuator_gain,1.3,fshin_actuator_gain_1p3,5,-38.76201496681256,102.26434329924588,-38.63397484251523,103.93331490079645,-40.21659093711855,106.71694199258975,-0.00586674960212632,0.03128466524645348
a2p65,fshin_actuator_gain,1.5,fshin_actuator_gain_1p5,5,13.531864197865115,181.42812003745135,-20.882082182976728,142.04263046802728,-21.391890192828896,146.8667849158789,0.03157789217547246,0.08288435927409682
a2p65,fshin_actuator_gain,1.7,fshin_actuator_gain_1p7,5,164.30055623033863,119.21681937238166,36.06718123529836,149.5391798294835,44.039724483330154,132.0296974892995,0.07743363483010104,0.051049318370960675
a2p65,fshin_actuator_gain,2.0,fshin_actuator_gain_2,5,325.49018979216197,225.84833971604067,198.68227099133438,91.31364554800206,210.34559631367037,108.2512095743227,0.15098788102688712,0.0772232505005575
a2p65,fshin_damping,0.0,fshin_damping_0,5,807.0185300451163,1109.739731038151,828.1992013675703,1172.274716928588,826.9757912243134,1158.290651823121,0.27203334964728837,0.24155215832094964
a2p65,fshin_damping,0.1,fshin_damping_0p1,5,703.7274953452,1001.4980445416189,719.2811952507758,1066.7100072747032,711.9471049282099,1046.9899802656637,0.23220691561106171,0.22080417686002485
a2p65,fshin_damping,0.2,fshin_damping_0p2,5,579.354715234813,877.9760368048344,608.9421403197267,943.7002002223657,611.7210293246851,941.195382884342,0.1825616499484211,0.19686801711740537
a2p65,fshin_damping,0.3,fshin_damping_0p3,5,323.1033149117253,398.78777003073594,170.4314254003732,128.15478356730517,234.3465386093767,249.3331784457668,0.1165477327083203,0.0842576346925592
a2p65,fshin_damping,0.4,fshin_damping_0p4,5,161.94046071013616,154.4554488686431,138.4473539376962,121.3612756321825,139.7755544619553,116.11925176762064,0.06561550460404399,0.029597294040699194
a2p65,fshin_damping,0.5,fshin_damping_0p5,5,93.49695214544386,71.63728464649178,96.68753830891765,78.86586793124245,96.31221190230849,75.509702119722,0.041096314178928284,0.016414396763252664
a2p65,fshin_damping,0.6,fshin_damping_0p6,5,38.71913617628316,25.312052201049156,41.35423087947238,32.821201612522685,38.22131124595562,25.126200162186972,0.019756359149116616,0.014289373763825821
a2p65,fshin_damping,0.7,fshin_damping_0p7,5,14.389309399493323,17.895268734279025,10.7030451212544,19.947600733611896,11.912515437740876,20.5407014186032,0.009053284041798813,0.011547766127877453
a2p65,fshin_damping,0.8,fshin_damping_0p8,5,12.901943202945086,14.142787651635192,11.083074593376432,12.302893724784312,10.19126432421217,12.397481544043352,0.007076322189960812,0.00917801089819975
a2p65,fshin_damping,0.9,fshin_damping_0p9,5,5.557294093022255,9.474923251338542,6.145796663742431,6.979347044699052,7.530383661686301,9.538804785981371,0.004183924711642884,0.005292632269480551
a2p65,fshin_damping,1.0,fshin_damping_1,5,0.0,0.0,0.0,0.0,0.0,0.0,0.0,0.0
a2p65,fshin_damping,1.1,fshin_damping_1p1,5,17.873392438181373,27.52041043693461,15.23541002971142,29.70269763820425,15.379497258464834,22.724263936626855,0.005592868980536269,0.0069243864324426505
a2p65,fshin_damping,1.3,fshin_damping_1p3,5,79.66691924397705,109.7032787925494,83.83514476173063,117.40796095231039,81.68540401553805,110.49375728652656,0.026842269774676287,0.026166355251592777
a2p65,fshin_damping,1.5,fshin_damping_1p5,5,125.67340883019543,169.80094685627577,124.02136943259298,173.03186323286923,125.44127845594184,167.84896469960043,0.04304123683272298,0.04257216457823501
a2p65,fshin_damping,1.7,fshin_damping_1p7,5,191.70595649256128,231.86565282648854,198.80989898642616,245.34170927847623,195.57922600064717,235.5731502344754,0.06981044406147867,0.05429447380985648
a2p65,fshin_damping,2.0,fshin_damping_2,5,274.2423806086978,319.13634576411033,257.19473941409433,290.0450979996794,257.0884523090776,285.5978996627946,0.10173094867711993,0.07240441027325518
a2p65,fshin_friction,0.0,fshin_friction_0,5,0.0,0.0,0.0,0.0,0.0,0.0,0.0,0.0
a2p65,fshin_friction,0.1,fshin_friction_0p1,5,0.0,0.0,0.0,0.0,0.0,0.0,0.0,0.0
a2p65,fshin_friction,0.2,fshin_friction_0p2,5,0.0,0.0,0.0,0.0,0.0,0.0,0.0,0.0
a2p65,fshin_friction,0.3,fshin_friction_0p3,5,0.0,0.0,0.0,0.0,0.0,0.0,0.0,0.0
a2p65,fshin_friction,0.4,fshin_friction_0p4,5,0.0,0.0,0.0,0.0,0.0,0.0,0.0,0.0
a2p65,fshin_friction,0.5,fshin_friction_0p5,5,0.0,0.0,0.0,0.0,0.0,0.0,0.0,0.0
a2p65,fshin_friction,0.6,fshin_friction_0p6,5,8.328206544438581,8.048082195673908,6.080086738477076,13.791452483205644,7.047806334218012,9.080991847245944,0.0039736394936037,0.004396512480243641
a2p65,fshin_friction,0.7,fshin_friction_0p7,5,8.328206544438581,8.048082195673908,6.080086738477076,13.791452483205644,7.047806334218012,9.080991847245944,0.0039736394936037,0.004396512480243641
a2p65,fshin_friction,0.8,fshin_friction_0p8,5,8.328206544438581,8.048082195673908,6.080086738477076,13.791452483205644,7.047806334218012,9.080991847245944,0.0039736394936037,0.004396512480243641
a2p65,fshin_friction,0.9,fshin_friction_0p9,5,3.8441648290099693,6.126347766738331,2.4823487140770792,4.179316935545135,3.285219915685275,5.467445133182948,0.0024288904982074293,0.00391466957030093
a2p65,fshin_friction,1.0,fshin_friction_1,5,0.0,0.0,0.0,0.0,0.0,0.0,0.0,0.0
a2p65,fshin_friction,1.1,fshin_friction_1p1,5,0.0,0.0,0.0,0.0,0.0,0.0,0.0,0.0
a2p65,fshin_friction,1.3,fshin_friction_1p3,5,0.0,0.0,0.0,0.0,0.0,0.0,0.0,0.0
a2p65,fshin_friction,1.5,fshin_friction_1p5,5,0.0,0.0,0.0,0.0,0.0,0.0,0.0,0.0
a2p65,fshin_friction,1.7,fshin_friction_1p7,5,0.0,0.0,0.0,0.0,0.0,0.0,0.0,0.0
a2p65,fshin_friction,2.0,fshin_friction_2,5,0.0,0.0,0.0,0.0,0.0,0.0,0.0,0.0
a2p65,fthigh_actuator_gain,0.0,fthigh_actuator_gain_0,5,1870.5684054790377,86.63147791337158,1873.025627862707,83.43662562382923,1869.6606070368864,79.0612332964403,1.0251325571197505,0.2595657450393778
a2p65,fthigh_actuator_gain,0.1,fthigh_actuator_gain_0p1,5,1865.3590050540593,66.85216334907257,1864.5952246365164,59.753555554498305,1864.2841981568508,59.257546758561574,1.0253387235214284,0.26484259269257227
a2p65,fthigh_actuator_gain,0.2,fthigh_actuator_gain_0p2,5,1815.241334883073,58.95787507822663,1814.248005482011,69.02737166995024,1811.7381222786014,71.31808179463044,1.0143132973703186,0.2916677619116159
a2p65,fthigh_actuator_gain,0.3,fthigh_actuator_gain_0p3,5,1760.9701724569993,97.55746206921812,1746.1664827809043,132.48130326863827,1748.4471566674831,128.141794188644,0.9912005345766705,0.2987740033688363
a2p65,fthigh_actuator_gain,0.4,fthigh_actuator_gain_0p4,5,1713.236165984677,190.44785518169334,1707.5415677565375,227.70893486348095,1711.0189947564147,209.52278241045175,0.9786007068487355,0.31903868540442465
a2p65,fthigh_actuator_gain,0.5,fthigh_actuator_gain_0p5,5,1330.6210995545034,356.7123780471072,1285.2344001091346,424.3976976379306,1295.2475794727586,415.47337575013444,0.761532252441081,0.3289389324814838
a2p65,fthigh_actuator_gain,0.6,fthigh_actuator_gain_0p6,5,802.8619991039017,158.9149999430768,602.4006345548954,97.77170605555368,730.0432925961862,104.93515567283642,0.4483013499629792,0.16474158342792025
a2p65,fthigh_actuator_gain,0.7,fthigh_actuator_gain_0p7,5,475.9951299538372,82.24563595965957,413.4474976510295,97.38178753086497,412.509803361802,97.60913558315258,0.2581146728202538,0.07660484030541138
a2p65,fthigh_actuator_gain,0.8,fthigh_actuator_gain_0p8,5,227.361429178303,78.92469814095072,230.24507024003438,79.7395871207124,228.09238544514997,77.28179500464512,0.11811282292245089,0.04224721922706801
a2p65,fthigh_actuator_gain,0.9,fthigh_actuator_gain_0p9,5,90.86345477555801,27.04257479686604,92.96629466166686,23.874489617074875,92.24780731997416,24.476443015701552,0.048624763983112676,0.01879677185379393
a2p65,fthigh_actuator_gain,1.0,fthigh_actuator_gain_1,5,0.0,0.0,0.0,0.0,0.0,0.0,0.0,0.0
a2p65,fthigh_actuator_gain,1.1,fthigh_actuator_gain_1p1,5,-24.206056602518903,15.47665774516843,-18.570552335094227,22.352506755914288,-21.967184390971262,16.85293444904096,-0.015280196674650243,0.010302930894500604
a2p65,fthigh_actuator_gain,1.3,fthigh_actuator_gain_1p3,5,23.383873926618072,54.6071703296002,27.23935323224946,58.562424447433095,24.188204776815883,53.79670578433388,0.006559888190533323,0.024646646752274133
a2p65,fthigh_actuator_gain,1.5,fthigh_actuator_gain_1p5,5,120.49698654476728,158.59465933041974,125.4234932725451,155.54629991035057,124.85977136870638,156.28107258639713,0.04439015222741405,0.04812310631548093
a2p65,fthigh_actuator_gain,1.7,fthigh_actuator_gain_1p7,5,222.30893943344404,211.6260610908322,207.98631362907668,180.74236105429,207.83779853680943,180.91072849916517,0.09343069383237596,0.05777412271261215
a2p65,fthigh_actuator_gain,2.0,fthigh_actuator_gain_2,5,718.94542439884,576.431742697841,630.1221603771522,594.3760998935434,663.4464851269147,605.5219432851692,0.34737430973260985,0.29481468011896644
a2p65,fthigh_damping,0.0,fthigh_damping_0,5,492.9562896299018,509.37044632537567,475.7439617418687,514.4851318639868,478.18686711960225,515.0531565201973,0.19315148098828017,0.09743533068529737
a2p65,fthigh_damping,0.1,fthigh_damping_0p1,5,401.1280768585562,449.865683970425,382.2547634619443,462.23572933516334,385.27885146170075,455.7350487166159,0.1520297524530523,0.09060519460928859
a2p65,fthigh_damping,0.2,fthigh_damping_0p2,5,287.1975527996249,379.6128501586747,285.90397270229107,383.4608966096924,284.273835351239,378.3818438175974,0.09953775342305604,0.08064693276044312
a2p65,fthigh_damping,0.3,fthigh_damping_0p3,5,211.56759289941277,311.58058704078974,213.84957819831794,323.9809899481332,214.81181716825307,316.4199255844198,0.06872934714862336,0.0711727782045748
a2p65,fthigh_damping,0.4,fthigh_damping_0p4,5,144.10576691746027,245.02662710260884,148.36762063723728,249.80704530969317,145.6391207401572,242.2820216109424,0.0419362067210275,0.06009392794867096
a2p65,fthigh_damping,0.5,fthigh_damping_0p5,5,105.81326851977833,192.6502033315619,116.71939125222252,208.79274508057884,111.49232927973353,197.18919464929795,0.028739227667956245,0.048649259882129925
a2p65,fthigh_damping,0.6,fthigh_damping_0p6,5,81.51464239609399,172.21245187337755,57.99431486135891,129.58266487711566,58.210000706297706,127.58495548894173,0.018275264567078838,0.04452625735024359
a2p65,fthigh_damping,0.7,fthigh_damping_0p7,5,18.692573023687828,82.27382976462634,18.581039421365176,99.55399349603552,18.276094255610314,82.69722733523693,-0.002327001467929725,0.025875462304393415
a2p65,fthigh_damping,0.8,fthigh_damping_0p8,5,-1.7230403295534416,66.09971255026186,0.7009325685374733,76.80931275656907,-0.15072297068650187,67.85308970578254,-0.011301133182530945,0.02295802580972119
a2p65,fthigh_damping,0.9,fthigh_damping_0p9,5,1.1510457929754465,38.923639517199774,4.908183852758429,51.3624505819852,4.271562477673524,42.33074493634216,-0.005283758020429522,0.014548952068324602
a2p65,fthigh_damping,1.0,fthigh_damping_1,5,0.0,0.0,0.0,0.0,0.0,0.0,0.0,0.0
a2p65,fthigh_damping,1.1,fthigh_damping_1p1,5,41.97215766458694,23.213512924152607,42.350748954177604,21.808003209207644,42.216202097277936,24.35386444606821,0.024968588810616428,0.016726528171636168
a2p65,fthigh_damping,1.3,fthigh_damping_1p3,5,137.8253611430644,62.667936724748515,134.64501636681035,61.782195830095596,135.04304705837768,64.96076723902937,0.0832052378235151,0.046349014905437504
a2p65,fthigh_damping,1.5,fthigh_damping_1p5,5,244.63524352479914,100.99310085403044,242.63639754505166,98.16663862057855,244.7595203011887,101.07853700436235,0.14869748232498373,0.07499257049892007
a2p65,fthigh_damping,1.7,fthigh_damping_1p7,5,350.4700108429416,139.90529295061904,353.3790060401556,131.4274127191122,352.30738260564556,138.14902028961293,0.21388326482987347,0.10267562453946578
a2p65,fthigh_damping,2.0,fthigh_damping_2,5,507.1308340527765,135.30071986604,505.2089893346116,132.52956851019292,506.24907734174906,136.96370062259726,0.3000608031926969,0.12198209385350732
a2p65,fthigh_friction,0.0,fthigh_friction_0,5,0.0,0.0,0.0,0.0,0.0,0.0,0.0,0.0
a2p65,fthigh_friction,0.1,fthigh_friction_0p1,5,-4.484041715428612,7.7684669824782215,-3.597738024399996,13.780124444623356,-3.762586418532737,8.735806725816456,-0.0015588761783754596,0.0033613608914546365
a2p65,fthigh_friction,0.2,fthigh_friction_0p2,5,-8.328206544438581,8.048082195673908,-6.080086738477076,13.791452483205644,-7.047806334218012,9.080991847245944,-0.004009843995660006,0.004428122686233375
a2p65,fthigh_friction,0.3,fthigh_friction_0p3,5,-8.328206544438581,8.048082195673908,-6.080086738477076,13.791452483205644,-7.047806334218012,9.080991847245944,-0.004009843995660006,0.004428122686233375
a2p65,fthigh_friction,0.4,fthigh_friction_0p4,5,-8.328206544438581,8.048082195673908,-6.080086738477076,13.791452483205644,-7.047806334218012,9.080991847245944,-0.004009843995660006,0.004428122686233375
a2p65,fthigh_friction,0.5,fthigh_friction_0p5,5,-8.328206544438581,8.048082195673908,-6.080086738477076,13.791452483205644,-7.047806334218012,9.080991847245944,-0.004009843995660006,0.004428122686233375
a2p65,fthigh_friction,0.6,fthigh_friction_0p6,5,-8.328206544438581,8.048082195673908,-6.080086738477076,13.791452483205644,-7.047806334218012,9.080991847245944,-0.004009843995660006,0.004428122686233375
a2p65,fthigh_friction,0.7,fthigh_friction_0p7,5,-8.328206544438581,8.048082195673908,-6.080086738477076,13.791452483205644,-7.047806334218012,9.080991847245944,-0.004009843995660006,0.004428122686233375
a2p65,fthigh_friction,0.8,fthigh_friction_0p8,5,0.0,0.0,0.0,0.0,0.0,0.0,0.0,0.0
a2p65,fthigh_friction,0.9,fthigh_friction_0p9,5,0.0,0.0,0.0,0.0,0.0,0.0,0.0,0.0
a2p65,fthigh_friction,1.0,fthigh_friction_1,5,0.0,0.0,0.0,0.0,0.0,0.0,0.0,0.0
a2p65,fthigh_friction,1.1,fthigh_friction_1p1,5,-4.484041715428612,7.7684669824782215,-3.597738024399996,13.780124444623356,-3.762586418532737,8.735806725816456,-0.0015588761783754596,0.0033613608914546365
a2p65,fthigh_friction,1.3,fthigh_friction_1p3,5,-8.328206544438581,8.048082195673908,-6.080086738477076,13.791452483205644,-7.047806334218012,9.080991847245944,-0.004009843995660006,0.004428122686233375
a2p65,fthigh_friction,1.5,fthigh_friction_1p5,5,-8.328206544438581,8.048082195673908,-6.080086738477076,13.791452483205644,-7.047806334218012,9.080991847245944,-0.004009843995660006,0.004428122686233375
a2p65,fthigh_friction,1.7,fthigh_friction_1p7,5,-8.328206544438581,8.048082195673908,-6.080086738477076,13.791452483205644,-7.047806334218012,9.080991847245944,-0.004009843995660006,0.004428122686233375
a2p65,fthigh_friction,2.0,fthigh_friction_2,5,-8.328206544438581,8.048082195673908,-6.080086738477076,13.791452483205644,-7.047806334218012,9.080991847245944,-0.004009843995660006,0.004428122686233375
a2p65,gear,0.0,gear_0,5,2389.1585400728713,1080.2632825692192,2389.9688788897174,1085.1965101504886,2389.5551793594714,1079.0312662149868,1.1505490768178641,0.02845616983160015
a2p65,gear,0.1,gear_0p1,5,2396.9225590922756,1073.518138250559,2397.7213810508297,1078.4820618903464,2397.337497437111,1072.3076442415952,1.1558055132668965,0.027816551637583415
a2p65,gear,0.2,gear_0p2,5,2403.850628311487,1065.7853921675262,2404.611809600935,1070.7713527765259,2404.2506546605773,1064.610814552706,1.1607762564034214,0.028535197227787364
a2p65,gear,0.3,gear_0p3,5,2401.915454440349,1051.8675548581618,2402.6302570088474,1056.902701553343,2402.3187333797678,1050.6936255688122,1.1618644541034169,0.030606973278684037
a2p65,gear,0.4,gear_0p4,5,2396.626894561282,1033.7737030515455,2398.0339006606464,1038.5343618946238,2397.68424570412,1032.325541130216,1.1617572923116375,0.033498586408654184
a2p65,gear,0.5,gear_0p5,5,2287.7754871733437,824.2503544034706,2289.7087487301446,828.4929797856443,2288.3878891615636,822.4190929248441,1.1352844041999792,0.09169467094385741
a2p65,gear,0.6,gear_0p6,5,1958.9018001574245,619.5652673673045,1946.6723075328023,618.6358210523797,1952.523080715398,610.2139921784731,0.9930302813773997,0.1969324215361367
a2p65,gear,0.7,gear_0p7,5,1469.815565322254,481.10269078446095,1530.4428086523965,499.88997727471315,1514.3041982664158,492.2230484708351,0.7637799715441911,0.26285670355538204
a2p65,gear,0.8,gear_0p8,5,725.1238922883184,276.1718481472215,712.7475616173793,290.36150004647476,712.2987119210867,283.7390517122131,0.35724214949249544,0.024884694159057134
a2p65,gear,0.9,gear_0p9,5,342.23873329589065,159.16888565326616,342.9502756616058,160.6545204165064,342.67230946190324,154.86811389427965,0.1645130861390754,0.019450672260987383
a2p65,gear,1.0,gear_1,5,0.0,0.0,0.0,0.0,0.0,0.0,0.0,0.0
a2p65,gear,1.1,gear_1p1,5,-137.88900130481846,85.11225513132544,-150.8920114857223,112.81430026203728,-152.26556652776617,118.11565809318583,-0.06301760661733402,0.00998120957365289
a2p65,gear,1.3,gear_1p3,5,93.82564229324353,127.12018245773152,125.26277514313934,188.9257238753564,60.0444169592774,65.6440607040356,0.032500452734683744,0.03568662422461273
a2p65,gear,1.5,gear_1p5,5,713.1663128440335,1043.8473581808803,740.2691285691004,1102.5239939260448,736.6058247196645,1094.0718686916166,0.23022083996184559,0.23158715939385036
a2p65,gear,1.7,gear_1p7,5,1089.603362616499,1203.6132239382482,1052.268394578315,1231.8483485279198,1056.6120371016889,1209.0641110594502,0.4146424451220259,0.23588243516548268
a2p65,gear,2.0,gear_2,5,1565.4636063427529,1231.291833906062,1471.203779054177,1286.763401823146,1496.359065148073,1258.7213964364616,0.6735583278531869,0.17750343259703089
a2p65,gravity,0.0,gravity_0,5,-482.4173438821666,378.1693160820582,-480.7796292407079,385.01799879652043,-479.78301594967536,374.6652084880817,-0.267405606013864,0.08795377243526409
a2p65,gravity,0.1,gravity_0p1,5,-424.35602839539143,327.1921183645482,-419.4252654596132,322.7526290967679,-420.9654034803302,322.71143605748597,-0.23611099426899468,0.07488109405008592
a2p65,gravity,0.2,gravity_0p2,5,-380.9167882901274,292.83281862750795,-382.76161576193397,303.9213312654705,-381.59292606330905,296.99243539125206,-0.21210292836419548,0.0670540026064886
a2p65,gravity,0.3,gravity_0p3,5,-337.91036478332666,256.7454244127689,-333.6453229779678,254.7732072236132,-334.07735303003176,251.99240030574904,-0.18864548162886363,0.05795491402925673
a2p65,gravity,0.4,gravity_0p4,5,-297.43461643615467,241.70236933345782,-300.1732935233393,248.55581204537185,-296.9641483067154,241.46972628662033,-0.16335813059823717,0.057741692781803904
a2p65,gravity,0.5,gravity_0p5,5,-247.01883596240427,193.11632986340845,-247.10592349189383,201.05923722195035,-246.45213120917032,194.9730145685448,-0.13695889924252042,0.04468198156894978
a2p65,gravity,0.6,gravity_0p6,5,-196.99780071928862,156.3720363563789,-192.28222031464423,154.35846568732367,-192.6343933027105,152.21657803240072,-0.1088207176833981,0.03665606510013271
a2p65,gravity,0.7,gravity_0p7,5,-153.98242250378877,128.28453997409696,-155.31861886440646,134.4417252017988,-152.16642889574123,126.34288549023526,-0.08412937500291244,0.031468741973476044
a2p65,gravity,0.8,gravity_0p8,5,-104.50985674980579,86.86287158201677,-105.14777311736684,97.45183118849242,-104.38602688541013,89.34356847177574,-0.05712170344064856,0.021562741724940132
a2p65,gravity,0.9,gravity_0p9,5,-57.54803350447278,47.88668817984771,-51.61747730182956,45.23999909067852,-53.25185934813162,44.62955682468402,-0.03150329200483315,0.012202883112113493
a2p65,gravity,1.0,gravity_1,5,0.0,0.0,0.0,0.0,0.0,0.0,0.0,0.0
a2p65,gravity,1.1,gravity_1p1,5,70.2792126290939,44.52533282792726,59.007613683334924,48.79666307628097,57.070065574807316,50.04739516537539,0.04263978292237515,0.023090460911495633
a2p65,gravity,1.3,gravity_1p3,5,187.35539877337834,119.82006963282363,158.15052017155162,121.4890396795729,157.80220583059122,124.0660948133363,0.11099219486414183,0.04691335104557864
a2p65,gravity,1.5,gravity_1p5,5,310.32654499470135,200.67273291508056,257.2952783446239,190.5155398020064,256.92511126296455,195.32901814468158,0.1858172554444454,0.09321910126416899
a2p65,gravity,1.7,gravity_1p7,5,427.2926438291899,293.2757345690474,372.97245430419605,301.7865708571098,375.3343905621712,305.8924022072377,0.24746535900678382,0.09682205650113998
a2p65,gravity,2.0,gravity_2,5,663.804320649418,445.80893164294605,555.8387888858513,439.10631306786905,635.2606836123141,432.0763100439709,0.3890805882178415,0.1675172125090109
a2p70,bfoot_actuator_gain,0.0,bfoot_actuator_gain_0,5,244.20892836025405,280.4832194877657,510.732646002606,804.0130810756102,349.6595567190147,489.86443890310477,0.16740462721880114,0.2081962217786518
a2p70,bfoot_actuator_gain,0.1,bfoot_actuator_gain_0p1,5,219.27925721210264,243.18213774442887,303.6065803453308,418.2256426182792,301.09807578804293,412.7130316221579,0.15009057471303167,0.18069986120178025
a2p70,bfoot_actuator_gain,0.2,bfoot_actuator_gain_0p2,5,247.2456510944392,320.16473453151673,497.82310868649563,811.0526626323223,372.08227827517373,567.8106594113784,0.17147675669621337,0.2362900150541382
a2p70,bfoot_actuator_gain,0.3,bfoot_actuator_gain_0p3,5,219.42325891755553,283.47563754619506,487.6716203771298,816.2772639403233,324.2992575502485,494.50343544147864,0.15226336844316374,0.20912023192042817
a2p70,bfoot_actuator_gain,0.4,bfoot_actuator_gain_0p4,5,185.03466939859518,245.99162287197706,278.1549943793081,434.1678242000628,269.843713399962,416.6723422778312,0.1287497790446695,0.1813134664339537
a2p70,bfoot_actuator_gain,0.5,bfoot_actuator_gain_0p5,5,94.0953830626328,80.66513995050153,51.86635964017387,23.998443756528733,94.28985082289864,87.99390063749718,0.0630335100483755,0.06030407183440961
a2p70,bfoot_actuator_gain,0.6,bfoot_actuator_gain_0p6,5,105.55954644400212,125.46467927058647,47.93559917745897,22.57571278761252,127.92728168547538,174.8996803875788,0.0724987500370787,0.09287941343606237
a2p70,bfoot_actuator_gain,0.7,bfoot_actuator_gain_0p7,5,91.18119141505417,122.75867087580012,31.320154634916616,16.784926627378866,111.16428858197473,170.0438595354403,0.06344495171002248,0.09035355447080265
a2p70,bfoot_actuator_gain,0.8,bfoot_actuator_gain_0p8,5,19.35134380608265,13.695922864575811,20.826553520671542,15.79793215499263,19.472265387202516,17.27486475813447,0.012456082342681729,0.00932647300300183
a2p70,bfoot_actuator_gain,0.9,bfoot_actuator_gain_0p9,5,15.343374775352004,10.659783913512303,13.421422787143001,11.481307609077373,12.52609493592954,10.922951359180228,0.009582241902880692,0.006424746185066693
a2p70,bfoot_actuator_gain,1.0,bfoot_actuator_gain_1,5,0.0,0.0,0.0,0.0,0.0,0.0,0.0,0.0
a2p70,bfoot_actuator_gain,1.1,bfoot_actuator_gain_1p1,5,-76.65014454166358,148.29325652561874,-0.7279711927564676,7.088390828667616,-0.32821856879068034,6.453788683629882,-0.055667535856302394,0.10777965634393542
a2p70,bfoot_actuator_gain,1.3,bfoot_actuator_gain_1p3,5,-95.51346911236992,157.9976863991738,-14.693856690323537,19.373634258711427,-16.310157793412465,18.877860993650405,-0.06780960156824475,0.11546448570269226
a2p70,bfoot_actuator_gain,1.5,bfoot_actuator_gain_1p5,5,-111.04326361479725,163.4912419311892,-25.90132020570827,14.065240794114443,-28.5644614779103,10.660215741347093,-0.07807320750478361,0.12005054758151756
a2p70,bfoot_actuator_gain,1.7,bfoot_actuator_gain_1p7,5,-96.91233918743515,158.24405876932218,-15.394355894632918,25.699619503721983,-15.570077267851866,22.244424160714257,-0.06878466194175425,0.11558005044445963
a2p70,bfoot_actuator_gain,2.0,bfoot_actuator_gain_2,5,-96.52789793883804,155.41733109643891,-17.192484581107966,33.98052101781678,-16.060619690339216,31.44771211266373,-0.06795099039429836,0.1134220651076623
a2p70,bfoot_damping,0.0,bfoot_damping_0,5,1.6078203168561231,184.1431984149607,77.17252015020244,57.22140177195677,81.68266619155597,53.47485432928184,-0.007814693238772957,0.12876765110825314
a2p70,bfoot_damping,0.1,bfoot_damping_0p1,5,-37.014547765009596,174.19524584227034,45.1689243237603,60.22875473115027,46.71536352317071,56.20905689303156,-0.0315696630997984,0.12328829082014878
a2p70,bfoot_damping,0.2,bfoot_damping_0p2,5,-58.36044685405773,177.1594434909474,22.541656592767914,47.151767998262414,24.738360500954286,45.838082831127416,-0.04522039034499294,0.12694957856158065
a2p70,bfoot_damping,0.3,bfoot_damping_0p3,5,-76.00741843284099,174.96731255466108,-0.3829926918462661,40.3499340082376,2.5879667229170993,37.87370859270058,-0.0563414340951144,0.12672094931374983
a2p70,bfoot_damping,0.4,bfoot_damping_0p4,5,-84.78136237024441,174.40444492377614,-0.8019753264170504,35.51889061942824,-0.13055786021077437,32.96369038333738,-0.06200366682539256,0.12674820331095482
a2p70,bfoot_damping,0.5,bfoot_damping_0p5,5,-91.48569469639101,166.65855906489105,-8.586867334190128,36.55313003240178,-7.618580540853827,31.90674077785217,-0.0657292510324797,0.1216343066476439
a2p70,bfoot_damping,0.6,bfoot_damping_0p6,5,-90.33702699246874,164.3918536705266,-9.399734628113583,22.80757275960447,-7.753964866415435,20.87507203491592,-0.06518159402182266,0.12022390920850533
a2p70,bfoot_damping,0.7,bfoot_damping_0p7,5,-90.19186524741886,159.58478455927897,-7.571523871454747,20.397366884536343,-6.414818600319677,17.939920415233733,-0.06500157173057033,0.1169030447790855
a2p70,bfoot_damping,0.8,bfoot_damping_0p8,5,-83.20509029301952,159.9758285808074,-1.2527517159287072,10.00336616186274,0.34552674300971375,7.91138059179812,-0.060704638720215844,0.11694138520828924
a2p70,bfoot_damping,0.9,bfoot_damping_0p9,5,30.160937940012808,60.22181327039557,-1.6593775144228857,11.898791279584046,18.329889767861367,38.988197176235566,0.02199567309859182,0.043995985289062144
a2p70,bfoot_damping,1.0,bfoot_damping_1,5,0.0,0.0,0.0,0.0,0.0,0.0,0.0,0.0
a2p70,bfoot_damping,1.1,bfoot_damping_1p1,5,-32.93009496502841,86.55294894451255,4.44924781387449,13.657205446959452,6.894686003746711,11.90395183100985,-0.024825907600390877,0.06269684676237387
a2p70,bfoot_damping,1.3,bfoot_damping_1p3,5,21.118097233114305,7.103080284612865,18.352985239279406,3.8813277083397115,20.976865578389926,6.213978399441833,0.013474611073365467,0.004532611205489225
a2p70,bfoot_damping,1.5,bfoot_damping_1p5,5,71.16981784168142,79.53654936580541,28.023479465062792,10.275921622639249,72.94838900660488,84.15503320139914,0.04927663394454931,0.05938899056987809
a2p70,bfoot_damping,1.7,bfoot_damping_1p7,5,30.28543026309685,10.348140840878019,31.749283477924838,8.551561655630522,32.62093911316892,5.984754516203193,0.01913866077413853,0.006321912893862005
a2p70,bfoot_damping,2.0,bfoot_damping_2,5,62.08869006311043,31.148356190586558,38.521442259620564,15.428980068826267,39.858596089027245,13.738469319535508,0.04096607003221499,0.024311822299211094
a2p70,bfoot_friction,0.0,bfoot_friction_0,5,0.0,0.0,0.0,0.0,0.0,0.0,0.0,0.0
a2p70,bfoot_friction,0.1,bfoot_friction_0p1,5,-0.8019719442747373,7.0905019715400925,0.8986131452903464,11.7457025803377,-1.1924875064436038,7.029863325486793,-0.00034723993356717273,0.00460720747845633
a2p70,bfoot_friction,0.2,bfoot_friction_0p2,5,-0.7976924099106781,8.23450524896784,1.2040286963228937,11.72961706797709,-1.7924101063465059,7.436510050581062,-0.0004812534002760655,0.0052500332719315635
a2p70,bfoot_friction,0.3,bfoot_friction_0p3,5,-0.7976924099106781,8.23450524896784,1.2040286963228937,11.72961706797709,-1.7924101063465059,7.436510050581062,-0.0004812534002760655,0.0052500332719315635
a2p70,bfoot_friction,0.4,bfoot_friction_0p4,5,-0.7976924099106781,8.23450524896784,1.2040286963228937,11.72961706797709,-1.7924101063465059,7.436510050581062,-0.0004812534002760655,0.0052500332719315635
a2p70,bfoot_friction,0.5,bfoot_friction_0p5,5,-0.7976924099106781,8.23450524896784,1.2040286963228937,11.72961706797709,-1.7924101063465059,7.436510050581062,-0.0004812534002760655,0.0052500332719315635
a2p70,bfoot_friction,0.6,bfoot_friction_0p6,5,-0.7976924099106781,8.23450524896784,1.2040286963228937,11.72961706797709,-1.7924101063465059,7.436510050581062,-0.0004812534002760655,0.0052500332719315635
a2p70,bfoot_friction,0.7,bfoot_friction_0p7,5,-0.7976924099106781,8.23450524896784,1.2040286963228937,11.72961706797709,-1.7924101063465059,7.436510050581062,-0.0004812534002760655,0.0052500332719315635
a2p70,bfoot_friction,0.8,bfoot_friction_0p8,5,0.0,0.0,0.0,0.0,0.0,0.0,0.0,0.0
a2p70,bfoot_friction,0.9,bfoot_friction_0p9,5,0.0,0.0,0.0,0.0,0.0,0.0,0.0,0.0
a2p70,bfoot_friction,1.0,bfoot_friction_1,5,0.0,0.0,0.0,0.0,0.0,0.0,0.0,0.0
a2p70,bfoot_friction,1.1,bfoot_friction_1p1,5,-0.8019719442747373,7.0905019715400925,0.8986131452903464,11.7457025803377,-1.1924875064436038,7.029863325486793,-0.00034723993356717273,0.00460720747845633
a2p70,bfoot_friction,1.3,bfoot_friction_1p3,5,-0.7976924099106781,8.23450524896784,1.2040286963228937,11.72961706797709,-1.7924101063465059,7.436510050581062,-0.0004812534002760655,0.0052500332719315635
a2p70,bfoot_friction,1.5,bfoot_friction_1p5,5,-0.7976924099106781,8.23450524896784,1.2040286963228937,11.72961706797709,-1.7924101063465059,7.436510050581062,-0.0004812534002760655,0.0052500332719315635
a2p70,bfoot_friction,1.7,bfoot_friction_1p7,5,-0.7976924099106781,8.23450524896784,1.2040286963228937,11.72961706797709,-1.7924101063465059,7.436510050581062,-0.0004812534002760655,0.0052500332719315635
a2p70,bfoot_friction,2.0,bfoot_friction_2,5,-0.7976924099106781,8.23450524896784,1.2040286963228937,11.72961706797709,-1.7924101063465059,7.436510050581062,-0.0004812534002760655,0.0052500332719315635
a2p70,bshin_actuator_gain,0.0,bshin_actuator_gain_0,5,1716.2018426484478,205.77040245599596,1812.4058692440005,256.9168739027152,1804.5801858384616,252.4172872135497,1.084869034257688,0.11346682437117586
a2p70,bshin_actuator_gain,0.1,bshin_actuator_gain_0p1,5,1556.8163530820525,255.16503920954713,1587.3639922003363,362.374486921431,1620.4179327924599,333.12438995182873,0.98698720679736,0.1698510748722762
a2p70,bshin_actuator_gain,0.2,bshin_actuator_gain_0p2,5,1275.3199021108235,217.12291451560125,1309.440827082511,393.1526995763657,1312.824829120214,393.5601519751253,0.8147339506843219,0.185932312234366
a2p70,bshin_actuator_gain,0.3,bshin_actuator_gain_0p3,5,1134.471544895626,286.8209432912593,1184.4155462826182,453.4504044236356,1187.0616675626452,455.15873638944413,0.7289777204319572,0.23617119547408785
a2p70,bshin_actuator_gain,0.4,bshin_actuator_gain_0p4,5,950.6606870410913,297.93161579700256,1046.2035539681679,515.3072816017778,1049.1088147633072,516.7126799110989,0.6152140705166387,0.24640330015023826
a2p70,bshin_actuator_gain,0.5,bshin_actuator_gain_0p5,5,725.373777534897,224.12455585625793,915.1063056856103,580.2162408858087,823.4927462102063,407.83863335678603,0.4692424054527867,0.18456226519457258
a2p70,bshin_actuator_gain,0.6,bshin_actuator_gain_0p6,5,603.1227866594088,257.93952805622536,798.3497602973727,639.398570437368,714.8078090173609,477.54681919177824,0.39439981184394923,0.20743577585304165
a2p70,bshin_actuator_gain,0.7,bshin_actuator_gain_0p7,5,451.37133322127556,208.323928027963,539.627573566321,375.4111995742682,537.5144556601997,373.2116675266397,0.2959722583724077,0.16602425217182323
a2p70,bshin_actuator_gain,0.8,bshin_actuator_gain_0p8,5,235.1435665689125,57.16892613043663,226.22789066782238,47.69384975997541,228.61134317757825,52.304045506623105,0.15125705843294507,0.046053236035490566
a2p70,bshin_actuator_gain,0.9,bshin_actuator_gain_0p9,5,118.87907609053877,40.1818574393261,101.65415080498073,24.331803393030857,104.53307244262274,27.115933839463295,0.07729827850661546,0.03197665424962789
a2p70,bshin_actuator_gain,1.0,bshin_actuator_gain_1,5,0.0,0.0,0.0,0.0,0.0,0.0,0.0,0.0
a2p70,bshin_actuator_gain,1.1,bshin_actuator_gain_1p1,5,-105.73864524582982,124.0935014460859,-49.26535310370796,53.05915741752371,-46.802907399814515,50.7362001843149,-0.07406533500566748,0.09046444425501592
a2p70,bshin_actuator_gain,1.3,bshin_actuator_gain_1p3,5,-96.3989527408326,141.61123375309293,-38.78978617521293,101.7171782985575,-36.723032859314934,101.37171885991157,-0.06900174540531782,0.09754587253826584
a2p70,bshin_actuator_gain,1.5,bshin_actuator_gain_1p5,5,-22.930097001438117,256.6519349578737,56.689416656101,199.34687195839393,59.24898562069857,200.85519162624928,-0.024853466620106967,0.1686619009136528
a2p70,bshin_actuator_gain,1.7,bshin_actuator_gain_1p7,5,79.88051834253943,273.485926156652,141.5591931677321,246.66390099413215,140.94489169568334,244.92300522006778,0.04261316374771599,0.17269335946475176
a2p70,bshin_actuator_gain,2.0,bshin_actuator_gain_2,5,199.74724113747448,347.67566970602076,287.5099006432422,289.4171824378658,287.39305755433384,292.492607668989,0.11678230662787277,0.22084084616210775
a2p70,bshin_damping,0.0,bshin_damping_0,5,791.6870861109886,336.6312219276814,871.7030476004896,332.5116643820642,875.0620046481339,331.82544191120195,0.48857183220805,0.1712984172013308
a2p70,bshin_damping,0.1,bshin_damping_0p1,5,666.1274425386634,351.1204180676081,745.6767049535362,343.8920534312896,746.0361341023797,345.20399290744496,0.40868315054810544,0.18609921113767622
a2p70,bshin_damping,0.2,bshin_damping_0p2,5,517.6799041087128,371.58188633087474,598.5510030975727,374.5306421556936,600.1183678236652,372.7200235819729,0.3139587288010914,0.20453893646622298
a2p70,bshin_damping,0.3,bshin_damping_0p3,5,372.0365338222763,371.701545672691,439.18394757835796,382.0205610956154,446.5117934063834,382.6577104854288,0.22293778856042637,0.21254865849330853
a2p70,bshin_damping,0.4,bshin_damping_0p4,5,257.4642288234755,354.91667764130614,304.40850881382346,367.9154113156575,311.17436135605317,369.84707294723466,0.15224983351159774,0.20672604644182893
a2p70,bshin_damping,0.5,bshin_damping_0p5,5,114.87306095740705,305.0012996939805,177.58995032517691,309.9405917090564,179.8103918298551,311.88677089291247,0.06100978932299583,0.17557724130793181
a2p70,bshin_damping,0.6,bshin_damping_0p6,5,22.83166464236124,250.50872363458194,84.1391702089978,268.0504618099842,84.74409709347329,265.06475850509156,0.002679020566600898,0.146402799214731
a2p70,bshin_damping,0.7,bshin_damping_0p7,5,-15.950290414019218,173.85849266737625,26.180117859111807,182.45782492335297,28.859396278889744,183.54984599646005,-0.016942258715304897,0.1013482314957674
a2p70,bshin_damping,0.8,bshin_damping_0p8,5,-62.47713934965422,141.4335600782378,-0.9714536769487495,107.03513375679312,0.675430535284977,111.42089467239896,-0.04743852877080349,0.0919020743825403
a2p70,bshin_damping,0.9,bshin_damping_0p9,5,4.657610982138704,69.87883521025644,-18.69998402862793,47.6664143225923,-13.826661399199612,49.620663939739615,0.004332791894287558,0.04730054690456583
a2p70,bshin_damping,1.0,bshin_damping_1,5,0.0,0.0,0.0,0.0,0.0,0.0,0.0,0.0
a2p70,bshin_damping,1.1,bshin_damping_1p1,5,58.90589451886531,10.697059787141644,58.98469505219045,5.821238182066895,61.6360093199346,4.7914063498049595,0.037314823197241866,0.006618109096397765
a2p70,bshin_damping,1.3,bshin_damping_1p3,5,285.06656917497537,138.5990957629538,243.87101717822543,78.23796561943301,314.81085262203595,206.5188135031634,0.18646622034347757,0.1087257850957418
a2p70,bshin_damping,1.5,bshin_damping_1p5,5,445.8134133807713,193.26014283627606,431.88927354483724,176.56348305702923,489.9398234197747,275.4076223924663,0.28916664777833245,0.14926913161588437
a2p70,bshin_damping,1.7,bshin_damping_1p7,5,579.838077564615,241.59629400291516,601.266314575618,286.5621772426586,627.1795979087174,325.4911171268412,0.37413215927285626,0.1816074505854718
a2p70,bshin_damping,2.0,bshin_damping_2,5,765.3311152170236,320.8230591540224,834.7923537514944,437.17475954377124,835.4577156303625,439.3725538392173,0.4925564013229213,0.23576792044497874
a2p70,bshin_friction,0.0,bshin_friction_0,5,0.0,0.0,0.0,0.0,0.0,0.0,0.0,0.0
a2p70,bshin_friction,0.1,bshin_friction_0p1,5,0.0,0.0,0.0,0.0,0.0,0.0,0.0,0.0
a2p70,bshin_friction,0.2,bshin_friction_0p2,5,0.0,0.0,0.0,0.0,0.0,0.0,0.0,0.0
a2p70,bshin_friction,0.3,bshin_friction_0p3,5,-0.8019719442747373,7.0905019715400925,0.8986131452903464,11.7457025803377,-1.1924875064436038,7.029863325486793,-0.00034723993356717273,0.00460720747845633
a2p70,bshin_friction,0.4,bshin_friction_0p4,5,-0.7976924099106781,8.23450524896784,1.2040286963228937,11.72961706797709,-1.7924101063465059,7.436510050581062,-0.0004812534002760655,0.0052500332719315635
a2p70,bshin_friction,0.5,bshin_friction_0p5,5,-0.7976924099106781,8.23450524896784,1.2040286963228937,11.72961706797709,-1.7924101063465059,7.436510050581062,-0.0004812534002760655,0.0052500332719315635
a2p70,bshin_friction,0.6,bshin_friction_0p6,5,-0.7976924099106781,8.23450524896784,1.2040286963228937,11.72961706797709,-1.7924101063465059,7.436510050581062,-0.0004812534002760655,0.0052500332719315635
a2p70,bshin_friction,0.7,bshin_friction_0p7,5,-0.7976924099106781,8.23450524896784,1.2040286963228937,11.72961706797709,-1.7924101063465059,7.436510050581062,-0.0004812534002760655,0.0052500332719315635
a2p70,bshin_friction,0.8,bshin_friction_0p8,5,-0.7976924099106781,8.23450524896784,1.2040286963228937,11.72961706797709,-1.7924101063465059,7.436510050581062,-0.0004812534002760655,0.0052500332719315635
a2p70,bshin_friction,0.9,bshin_friction_0p9,5,-0.7976924099106781,8.23450524896784,1.2040286963228937,11.72961706797709,-1.7924101063465059,7.436510050581062,-0.0004812534002760655,0.0052500332719315635
a2p70,bshin_friction,1.0,bshin_friction_1,5,0.0,0.0,0.0,0.0,0.0,0.0,0.0,0.0
a2p70,bshin_friction,1.1,bshin_friction_1p1,5,0.0,0.0,0.0,0.0,0.0,0.0,0.0,0.0
a2p70,bshin_friction,1.3,bshin_friction_1p3,5,0.0,0.0,0.0,0.0,0.0,0.0,0.0,0.0
a2p70,bshin_friction,1.5,bshin_friction_1p5,5,-0.8019719442747373,7.0905019715400925,0.8986131452903464,11.7457025803377,-1.1924875064436038,7.029863325486793,-0.00034723993356717273,0.00460720747845633
a2p70,bshin_friction,1.7,bshin_friction_1p7,5,-0.7976924099106781,8.23450524896784,1.2040286963228937,11.72961706797709,-1.7924101063465059,7.436510050581062,-0.0004812534002760655,0.0052500332719315635
a2p70,bshin_friction,2.0,bshin_friction_2,5,-0.7976924099106781,8.23450524896784,1.2040286963228937,11.72961706797709,-1.7924101063465059,7.436510050581062,-0.0004812534002760655,0.0052500332719315635
a2p70,bthigh_actuator_gain,0.0,bthigh_actuator_gain_0,5,1359.0152879443476,489.89943418841955,1345.5020759572953,623.248374943294,1385.0791567207434,640.8963135626676,0.8624904509870465,0.32001109442505105
a2p70,bthigh_actuator_gain,0.1,bthigh_actuator_gain_0p1,5,1226.2164108758366,453.3744711046824,1260.0637792427879,645.524523066713,1265.5185637263507,646.5063426601988,0.7810109568373728,0.30846880658849574
a2p70,bthigh_actuator_gain,0.2,bthigh_actuator_gain_0p2,5,994.2894986636481,354.8012279904142,1124.0797096237159,604.6795905279201,1051.2223597014313,525.7477855214845,0.6328833780818146,0.24020680273701636
a2p70,bthigh_actuator_gain,0.3,bthigh_actuator_gain_0p3,5,724.1394825668401,203.45574869909703,639.3146303060026,299.0530478108922,638.4075949121678,302.01934073658106,0.4597149621364284,0.13571802263055974
a2p70,bthigh_actuator_gain,0.4,bthigh_actuator_gain_0p4,5,499.9431197023575,149.23073323040734,484.6482929710617,214.5776042171206,487.77615832354013,215.70965208222867,0.3147172821343796,0.08528793222541282
a2p70,bthigh_actuator_gain,0.5,bthigh_actuator_gain_0p5,5,368.96678996629925,100.89907883915218,370.44227579659633,142.31543146645626,371.9557197517266,144.3213544307388,0.23374557103067675,0.06471998704949831
a2p70,bthigh_actuator_gain,0.6,bthigh_actuator_gain_0p6,5,237.60294172521768,48.198339127562065,242.0409412065525,66.14755109294292,243.8494862613073,63.74646203321937,0.1503480976190023,0.029783233313325115
a2p70,bthigh_actuator_gain,0.7,bthigh_actuator_gain_0p7,5,145.99748031011418,33.5423748221508,149.67159357302268,37.92482223685149,149.6007596791464,32.628540426685106,0.09205326089907703,0.01926536555483318
a2p70,bthigh_actuator_gain,0.8,bthigh_actuator_gain_0p8,5,78.58305589155547,33.92432753106726,75.02559407965478,34.75810375552786,77.82936244675166,32.498748700050335,0.04906413663458441,0.020250252112746794
a2p70,bthigh_actuator_gain,0.9,bthigh_actuator_gain_0p9,5,12.769034874194222,57.52588090765267,32.18156391492412,19.614493815372295,34.52224081995264,17.71940315223849,0.005634932848146074,0.03994842857437677
a2p70,bthigh_actuator_gain,1.0,bthigh_actuator_gain_1,5,0.0,0.0,0.0,0.0,0.0,0.0,0.0,0.0
a2p70,bthigh_actuator_gain,1.1,bthigh_actuator_gain_1p1,5,-0.8237600200687666,20.435171505248512,-3.0288118699595543,20.287303628271296,-1.1222244106661492,22.95412597157374,-0.0007867816817279978,0.012063130586765971
a2p70,bthigh_actuator_gain,1.3,bthigh_actuator_gain_1p3,5,17.94115685260713,76.70884756037528,61.394427572246194,94.49344082924348,63.02566258957704,96.32640440562632,0.00787763955474403,0.044584620930344536
a2p70,bthigh_actuator_gain,1.5,bthigh_actuator_gain_1p5,5,145.00659706945507,131.53338518527823,196.12997963380636,153.90115783290466,194.30840958968992,153.09498629788877,0.08569971032858648,0.07126909080467414
a2p70,bthigh_actuator_gain,1.7,bthigh_actuator_gain_1p7,5,366.93804525205076,243.8978963922395,389.28196937537365,255.57640999096054,394.69967067588493,259.35943103177374,0.2287807593634291,0.14023969698551436
a2p70,bthigh_actuator_gain,2.0,bthigh_actuator_gain_2,5,647.0144833815123,346.3193808759076,671.3650642514714,369.1382571538,680.7664054266916,379.75939932460113,0.40477098715673243,0.1962765499057319
a2p70,bthigh_damping,0.0,bthigh_damping_0,5,1485.1741434836056,1112.1464643674183,1574.5568581937118,1178.816261134839,1568.8122612670031,1183.3804803078226,0.9298531833605871,0.6664056651744215
a2p70,bthigh_damping,0.1,bthigh_damping_0p1,5,1297.9844358251255,975.6622220212133,1385.6874094621019,1051.0252530426949,1382.1010034158614,1048.4056653819587,0.8131722588999313,0.5873339517262732
a2p70,bthigh_damping,0.2,bthigh_damping_0p2,5,879.8931727070876,635.510652477645,945.5308485560912,662.0600795723466,959.4224760369441,678.7371584342493,0.5445228484556031,0.36114520708901726
a2p70,bthigh_damping,0.3,bthigh_damping_0p3,5,581.237786147072,424.09743815296474,664.2334839136013,441.1787450113245,664.3400867614671,443.0414996904087,0.3552127246719739,0.23274437169899886
a2p70,bthigh_damping,0.4,bthigh_damping_0p4,5,333.00826890853546,265.7347028754468,407.102776012685,262.6447273888557,405.1107895909953,265.1577585288612,0.20154415174086387,0.14832702115179325
a2p70,bthigh_damping,0.5,bthigh_damping_0p5,5,157.8624426727305,198.03560689236764,243.7037543826106,158.6207013153439,244.17566013243314,159.9810205990784,0.09088119421158515,0.11892230388776802
a2p70,bthigh_damping,0.6,bthigh_damping_0p6,5,69.32807393139078,127.07888939474584,133.83449876112095,93.1653125999066,133.02038754395636,92.25726413203127,0.03795266806667112,0.0795150366669499
a2p70,bthigh_damping,0.7,bthigh_damping_0p7,5,26.30712610411233,43.53688332911286,47.668994700737905,56.24129968534579,45.6893909596583,54.22988460080848,0.014993510910644886,0.025562519117502923
a2p70,bthigh_damping,0.8,bthigh_damping_0p8,5,-30.267477525094456,72.17297244768226,10.215708181760784,27.10382479036442,10.46325320858018,28.256790471797178,-0.023136823246066123,0.05093309005451313
a2p70,bthigh_damping,0.9,bthigh_damping_0p9,5,-20.649383771377234,38.54675692364586,2.099656979528254,14.391485517070848,-0.7766854209924532,15.430111612956123,-0.015219600551209642,0.027443395113947583
a2p70,bthigh_damping,1.0,bthigh_damping_1,5,0.0,0.0,0.0,0.0,0.0,0.0,0.0,0.0
a2p70,bthigh_damping,1.1,bthigh_damping_1p1,5,25.48979490284669,13.63412969360591,22.36909285925167,15.680256261435154,23.143543466416578,16.083405994664844,0.015972340124009048,0.007836974025401938
a2p70,bthigh_damping,1.3,bthigh_damping_1p3,5,109.12844529303307,71.18920868608878,93.3958446152371,56.66257328994803,93.2235876391328,58.06130866102479,0.0704371960684748,0.049068737650245095
a2p70,bthigh_damping,1.5,bthigh_damping_1p5,5,98.30881008565007,98.232648198133,146.79527419011316,74.81158854975561,143.66578132857472,76.8213001242609,0.05755810625677567,0.05667855973307099
a2p70,bthigh_damping,1.7,bthigh_damping_1p7,5,139.68203982000213,104.49150077757324,187.059889751247,84.08245135695469,185.3810564898469,85.94338303942142,0.0836644942954736,0.057743202068144685
a2p70,bthigh_damping,2.0,bthigh_damping_2,5,224.1923547854195,81.53896301221106,240.8219036575246,98.69753146436729,239.18788903432068,98.64622817787968,0.139741014269644,0.0411338531339706
a2p70,bthigh_friction,0.0,bthigh_friction_0,5,0.0,0.0,0.0,0.0,0.0,0.0,0.0,0.0
a2p70,bthigh_friction,0.1,bthigh_friction_0p1,5,0.0,0.0,0.0,0.0,0.0,0.0,0.0,0.0
a2p70,bthigh_friction,0.2,bthigh_friction_0p2,5,0.7976924099106781,8.23450524896784,-1.2040286963228937,11.72961706797709,1.7924101063465059,7.436510050581062,0.00045243227880524,0.005232512267115836
a2p70,bthigh_friction,0.3,bthigh_friction_0p3,5,0.7976924099106781,8.23450524896784,-1.2040286963228937,11.72961706797709,1.7924101063465059,7.436510050581062,0.00045243227880524,0.005232512267115836
a2p70,bthigh_friction,0.4,bthigh_friction_0p4,5,0.7976924099106781,8.23450524896784,-1.2040286963228937,11.72961706797709,1.7924101063465059,7.436510050581062,0.00045243227880524,0.005232512267115836
a2p70,bthigh_friction,0.5,bthigh_friction_0p5,5,-0.0042795343640591454,4.186318928789618,-0.30541555103254725,0.38671932913175944,0.5999225999029022,2.6938530159514062,0.0001273112751463681,0.0025327835882840615
a2p70,bthigh_friction,0.6,bthigh_friction_0p6,5,0.0,0.0,0.0,0.0,0.0,0.0,0.0,0.0
a2p70,bthigh_friction,0.7,bthigh_friction_0p7,5,0.0,0.0,0.0,0.0,0.0,0.0,0.0,0.0
a2p70,bthigh_friction,0.8,bthigh_friction_0p8,5,0.0,0.0,0.0,0.0,0.0,0.0,0.0,0.0
a2p70,bthigh_friction,0.9,bthigh_friction_0p9,5,0.0,0.0,0.0,0.0,0.0,0.0,0.0,0.0
a2p70,bthigh_friction,1.0,bthigh_friction_1,5,0.0,0.0,0.0,0.0,0.0,0.0,0.0,0.0
a2p70,bthigh_friction,1.1,bthigh_friction_1p1,5,0.0,0.0,0.0,0.0,0.0,0.0,0.0,0.0
a2p70,bthigh_friction,1.3,bthigh_friction_1p3,5,0.7976924099106781,8.23450524896784,-1.2040286963228937,11.72961706797709,1.7924101063465059,7.436510050581062,0.00045243227880524,0.005232512267115836
a2p70,bthigh_friction,1.5,bthigh_friction_1p5,5,0.7976924099106781,8.23450524896784,-1.2040286963228937,11.72961706797709,1.7924101063465059,7.436510050581062,0.00045243227880524,0.005232512267115836
a2p70,bthigh_friction,1.7,bthigh_friction_1p7,5,0.7976924099106781,8.23450524896784,-1.2040286963228937,11.72961706797709,1.7924101063465059,7.436510050581062,0.00045243227880524,0.005232512267115836
a2p70,bthigh_friction,2.0,bthigh_friction_2,5,-0.0042795343640591454,4.186318928789618,-0.30541555103254725,0.38671932913175944,0.5999225999029022,2.6938530159514062,0.0001273112751463681,0.0025327835882840615
a2p70,damping,0.0,damping_0,5,1481.2317279682293,164.34474980383536,1581.5255059716499,269.3135782003093,1569.326556536044,241.39825574854189,0.9376560016979747,0.1015663558759973
a2p70,damping,0.1,damping_0p1,5,1330.5379802005568,267.3324674471707,1374.363494375666,271.23584966328144,1392.4496284231657,264.57480379357304,0.8364746216577419,0.1396342168791442
a2p70,damping,0.2,damping_0p2,5,1147.0653013272622,309.6683717052769,1190.3407521435615,264.50774446984025,1190.9050224759335,275.86505657768555,0.7171727393866751,0.16322404760948406
a2p70,damping,0.3,damping_0p3,5,959.5231902512012,296.2669872688288,987.6906218726183,291.31778103653824,992.4332321869242,297.8512804485795,0.5996769376228818,0.16224614593093742
a2p70,damping,0.4,damping_0p4,5,674.4015356648117,277.77541412647673,721.7870771037711,241.8287892411892,720.5233648429268,239.93607940049776,0.4178048127392745,0.15382119333027086
a2p70,damping,0.5,damping_0p5,5,427.43925281719504,225.59560127214294,471.4977559575235,213.00875700899476,468.6990868939356,216.06049382610794,0.2596291854170364,0.12441283709585715
a2p70,damping,0.6,damping_0p6,5,239.98584305261164,197.99794951424295,298.8958220495739,194.62586580277852,298.3186826954589,190.68267610398158,0.14151901249050805,0.11503546315267817
a2p70,damping,0.7,damping_0p7,5,57.57387784053808,170.1836976518435,114.63976653891496,123.95806545141166,121.11387864586459,125.73831470276886,0.02693766361262126,0.11044275537509637
a2p70,damping,0.8,damping_0p8,5,-84.84336914925052,173.09228878499545,-4.671271512571957,80.66347293035557,-1.9755197599979966,80.5975492232922,-0.06349557914224081,0.12243231546828044
a2p70,damping,0.9,damping_0p9,5,-110.9019222978865,163.48174884040654,-52.142010350819376,40.131284649845725,-51.40288116280858,41.28844349530153,-0.07907695298548692,0.11899603292402756
a2p70,damping,1.0,damping_1,5,0.0,0.0,0.0,0.0,0.0,0.0,0.0,0.0
a2p70,damping,1.1,damping_1p1,5,93.23852031380447,118.72277976300232,135.80186225960693,43.70820588521008,136.47212061498712,44.374272348595454,0.05484080666354707,0.08028104405295486
a2p70,damping,1.3,damping_1p3,5,390.5955427543491,187.87484298752247,448.4259379080553,69.91855500574384,451.10547892776424,67.83035813822495,0.2409273119018071,0.11868586243890585
a2p70,damping,1.5,damping_1p5,5,706.0123393685557,63.82049880063795,712.6824182811358,49.62504460382413,715.0845738957736,48.46361195200582,0.44738002316060027,0.04235490286718174
a2p70,damping,1.7,damping_1p7,5,922.0682707950709,87.29134830675768,939.8605721925621,49.721604213151416,940.8613472630565,49.207027380149356,0.5822895512768798,0.03739436122572786
a2p70,damping,2.0,damping_2,5,1221.5875677707077,161.51473182135626,1286.9385213939195,100.43292948883987,1288.3795798061165,101.06896564816782,0.7713325256747539,0.08557645150781505
a2p70,ffoot_actuator_gain,0.0,ffoot_actuator_gain_0,5,114.86666012085809,144.61823142516857,57.38175867036826,39.25589814806442,136.8967017418368,189.43327290423846,0.07930372398401311,0.10686504004712863
a2p70,ffoot_actuator_gain,0.1,ffoot_actuator_gain_0p1,5,28.653585134625473,34.36332086280614,51.80906289374307,28.128471859584767,50.27754319761148,29.51225944499867,0.016514558441795647,0.021422530253340594
a2p70,ffoot_actuator_gain,0.2,ffoot_actuator_gain_0p2,5,21.303256982089714,27.49586471047562,49.390853249815834,29.244072674932223,46.5388639149945,25.795413638644135,0.012150587722162723,0.017849140373592236
a2p70,ffoot_actuator_gain,0.3,ffoot_actuator_gain_0p3,5,8.60762660708142,28.16908124104595,31.103795634820198,22.47189459466597,29.663177072127517,20.472644676050464,0.004006903402514731,0.019092109640173244
a2p70,ffoot_actuator_gain,0.4,ffoot_actuator_gain_0p4,5,6.003423113633107,31.13814339446835,29.625806915114435,18.126108567162138,26.67712160617657,15.480306838744038,0.0022402257671492428,0.02139500499884212
a2p70,ffoot_actuator_gain,0.5,ffoot_actuator_gain_0p5,5,38.74008804257473,51.00934372294506,17.393133062271907,22.103478086152844,17.531156362526144,19.819277796235397,0.026845843872246693,0.037615339339226755
a2p70,ffoot_actuator_gain,0.6,ffoot_actuator_gain_0p6,5,34.012629661246685,50.14735256077582,10.793360356264065,18.76865124930523,12.597629383590265,15.687481698971583,0.02387658369624152,0.03682670907103931
a2p70,ffoot_actuator_gain,0.7,ffoot_actuator_gain_0p7,5,30.35952014106324,48.946587184394204,9.955625791499505,20.358017331102392,9.191464776005068,18.288965220859158,0.021263401438025138,0.035513175735482704
a2p70,ffoot_actuator_gain,0.8,ffoot_actuator_gain_0p8,5,-10.154307810595947,38.88126991690331,5.495505175509652,9.180495572348427,5.979693083540542,7.941213922106662,-0.0083047026372698,0.027681552008243952
a2p70,ffoot_actuator_gain,0.9,ffoot_actuator_gain_0p9,5,-15.19387123015881,39.09763297981653,5.603133801921149,8.129761768232651,3.7579659507066028,5.6053141477048065,-0.011483744495786815,0.028195123366003026
a2p70,ffoot_actuator_gain,1.0,ffoot_actuator_gain_1,5,0.0,0.0,0.0,0.0,0.0,0.0,0.0,0.0
a2p70,ffoot_actuator_gain,1.1,ffoot_actuator_gain_1p1,5,13.530257976246821,10.371650660805303,15.56553875704958,11.08607191050375,14.025133856200046,12.206876615757771,0.00852889833923939,0.006714574570822409
a2p70,ffoot_actuator_gain,1.3,ffoot_actuator_gain_1p3,5,-34.54480449468692,86.39323852146221,9.115733339194867,11.844525482959527,7.346176523049917,13.747292800820722,-0.026130012650179824,0.062118540528134286
a2p70,ffoot_actuator_gain,1.5,ffoot_actuator_gain_1p5,5,10.309118628431907,12.35217336818683,9.71041137597399,9.124524129702603,8.669370679550548,10.991612415164472,0.006469197074563243,0.007777153795590939
a2p70,ffoot_actuator_gain,1.7,ffoot_actuator_gain_1p7,5,6.828277572823663,17.54257389617185,2.565455045608951,11.047188504386696,1.9995526709959903,11.27177846491985,0.0038677096338842615,0.010995543069455774
a2p70,ffoot_actuator_gain,2.0,ffoot_actuator_gain_2,5,-33.86322441759321,133.77537410792078,5.214879252333321,16.189335997400033,5.256145966782697,14.475620926237452,-0.027430567678402712,0.09493076909636727
a2p70,ffoot_damping,0.0,ffoot_damping_0,5,63.377598670559244,36.029779779967605,64.81085589212657,45.02873870550536,66.84613933001519,45.56575540275309,0.0409955323364538,0.025652784646884457
a2p70,ffoot_damping,0.1,ffoot_damping_0p1,5,70.59831968249769,67.00656195716405,56.98300532325034,41.45233027885619,57.4857245924989,42.45556144553207,0.04724567503736969,0.04972399501677481
a2p70,ffoot_damping,0.2,ffoot_damping_0p2,5,62.78624404498855,59.86190460681421,46.09266363034785,35.02149110959281,47.23870655499486,33.4696572575498,0.0420040961343768,0.044276578088977704
a2p70,ffoot_damping,0.3,ffoot_damping_0p3,5,92.45434993743963,136.66557630967787,36.24249402552878,34.64863370411648,117.3362521908517,187.63455439099639,0.0651326379936336,0.10088714199251464
a2p70,ffoot_damping,0.4,ffoot_damping_0p4,5,-32.922035280069124,112.07572428425593,26.938603918110903,22.203456071094365,29.050014573609587,21.337678029607844,-0.026530095711981026,0.08045728738032482
a2p70,ffoot_damping,0.5,ffoot_damping_0p5,5,-23.4460954835612,74.99910573541922,17.148111958606613,16.650498991711014,19.286905884014413,14.789844494528229,-0.018496286603693003,0.053925885830150365
a2p70,ffoot_damping,0.6,ffoot_damping_0p6,5,-47.39667860897548,124.6443834474034,12.51112519959538,17.40458440163319,15.377611429253056,13.48483774083443,-0.0361533527629282,0.09023116358609004
a2p70,ffoot_damping,0.7,ffoot_damping_0p7,5,-12.63608410799634,40.98427520480322,4.637747998174473,7.574299796109172,8.009676311402472,5.0413153667008395,-0.009906894371083259,0.029571623067970926
a2p70,ffoot_damping,0.8,ffoot_damping_0p8,5,-12.238840926114245,48.6254694167838,6.451627363316447,13.43416617170213,8.797692256964638,10.626376020195844,-0.00999962372821087,0.034910882424819
a2p70,ffoot_damping,0.9,ffoot_damping_0p9,5,-36.91298498746382,90.08704655237308,4.76746811761659,15.925613112942752,4.879835803921059,12.015450134476437,-0.02779440852705506,0.06538857688939385
a2p70,ffoot_damping,1.0,ffoot_damping_1,5,0.0,0.0,0.0,0.0,0.0,0.0,0.0,0.0
a2p70,ffoot_damping,1.1,ffoot_damping_1p1,5,-13.74416768739502,44.0322252355502,2.1284218659526686,12.532996193236272,5.286513040186719,9.396429289378222,-0.01075808448381095,0.03161461212131979
a2p70,ffoot_damping,1.3,ffoot_damping_1p3,5,-58.733699229596326,125.49104708849346,1.2654703616276493,8.800315246937123,2.6115518515011447,5.975128739308175,-0.043328618417980934,0.09145401249826321
a2p70,ffoot_damping,1.5,ffoot_damping_1p5,5,-48.658431585977404,127.10499287466534,11.65660177014006,13.903419870237462,11.788073252293316,11.064731884749587,-0.037159832902126544,0.09200663915219592
a2p70,ffoot_damping,1.7,ffoot_damping_1p7,5,-4.110009124474618,38.466643971008956,15.622798073874174,15.609635275563935,17.745213900893397,15.174713171437226,-0.004707086993370064,0.026811578656215657
a2p70,ffoot_damping,2.0,ffoot_damping_2,5,23.977531554397682,15.575084877033019,23.14125922319481,17.836053975757025,25.116168156847426,18.618381136054023,0.015298410733441997,0.010183404704071594
a2p70,ffoot_friction,0.0,ffoot_friction_0,5,0.0,0.0,0.0,0.0,0.0,0.0,0.0,0.0
a2p70,ffoot_friction,0.1,ffoot_friction_0p1,5,-0.8019719442747373,7.0905019715400925,0.8986131452903464,11.7457025803377,-1.1924875064436038,7.029863325486793,-0.00034723993356717273,0.00460720747845633
a2p70,ffoot_friction,0.2,ffoot_friction_0p2,5,-0.7976924099106781,8.23450524896784,1.2040286963228937,11.72961706797709,-1.7924101063465059,7.436510050581062,-0.0004812534002760655,0.0052500332719315635
a2p70,ffoot_friction,0.3,ffoot_friction_0p3,5,-0.7976924099106781,8.23450524896784,1.2040286963228937,11.72961706797709,-1.7924101063465059,7.436510050581062,-0.0004812534002760655,0.0052500332719315635
a2p70,ffoot_friction,0.4,ffoot_friction_0p4,5,-0.7976924099106781,8.23450524896784,1.2040286963228937,11.72961706797709,-1.7924101063465059,7.436510050581062,-0.0004812534002760655,0.0052500332719315635
a2p70,ffoot_friction,0.5,ffoot_friction_0p5,5,-0.7976924099106781,8.23450524896784,1.2040286963228937,11.72961706797709,-1.7924101063465059,7.436510050581062,-0.0004812534002760655,0.0052500332719315635
a2p70,ffoot_friction,0.6,ffoot_friction_0p6,5,-0.7976924099106781,8.23450524896784,1.2040286963228937,11.72961706797709,-1.7924101063465059,7.436510050581062,-0.0004812534002760655,0.0052500332719315635
a2p70,ffoot_friction,0.7,ffoot_friction_0p7,5,-0.7976924099106781,8.23450524896784,1.2040286963228937,11.72961706797709,-1.7924101063465059,7.436510050581062,-0.0004812534002760655,0.0052500332719315635
a2p70,ffoot_friction,0.8,ffoot_friction_0p8,5,0.0,0.0,0.0,0.0,0.0,0.0,0.0,0.0
a2p70,ffoot_friction,0.9,ffoot_friction_0p9,5,0.0,0.0,0.0,0.0,0.0,0.0,0.0,0.0
a2p70,ffoot_friction,1.0,ffoot_friction_1,5,0.0,0.0,0.0,0.0,0.0,0.0,0.0,0.0
a2p70,ffoot_friction,1.1,ffoot_friction_1p1,5,-0.8019719442747373,7.0905019715400925,0.8986131452903464,11.7457025803377,-1.1924875064436038,7.029863325486793,-0.00034723993356717273,0.00460720747845633
a2p70,ffoot_friction,1.3,ffoot_friction_1p3,5,-0.7976924099106781,8.23450524896784,1.2040286963228937,11.72961706797709,-1.7924101063465059,7.436510050581062,-0.0004812534002760655,0.0052500332719315635
a2p70,ffoot_friction,1.5,ffoot_friction_1p5,5,-0.7976924099106781,8.23450524896784,1.2040286963228937,11.72961706797709,-1.7924101063465059,7.436510050581062,-0.0004812534002760655,0.0052500332719315635
a2p70,ffoot_friction,1.7,ffoot_friction_1p7,5,-0.7976924099106781,8.23450524896784,1.2040286963228937,11.72961706797709,-1.7924101063465059,7.436510050581062,-0.0004812534002760655,0.0052500332719315635
a2p70,ffoot_friction,2.0,ffoot_friction_2,5,-0.7976924099106781,8.23450524896784,1.2040286963228937,11.72961706797709,-1.7924101063465059,7.436510050581062,-0.0004812534002760655,0.0052500332719315635
a2p70,friction,0.0,friction_0,5,-9449.863227872942,4759.877052476272,-9457.7707329694,4814.187358620914,-9444.250238138813,4804.996887625964,-6.013056367498222,3.1166701385907327
a2p70,friction,0.1,friction_0p1,5,-4717.151925388821,2866.628104581253,-4635.92608471102,2951.2485237109986,-4631.684070979905,2945.925962079725,-3.026825504413475,1.8338148615396654
a2p70,friction,0.2,friction_0p2,5,-2600.971302146102,1703.9942531133447,-2547.033083999831,1768.8703116620925,-2541.503363002603,1764.7975565953975,-1.6565577969972296,1.0834386802015994
a2p70,friction,0.3,friction_0p3,5,-1131.6923588558368,708.6646991137483,-1049.3358430538476,766.3396396185271,-1050.3698160520546,772.2761021581117,-0.7197016802423116,0.43332638449642186
a2p70,friction,0.4,friction_0p4,5,-445.9531236527126,173.1844309375767,-365.1152917904848,130.93147329582473,-362.8758565634733,135.36779656898995,-0.2913705214192263,0.13171980565797461
a2p70,friction,0.5,friction_0p5,5,-338.3688900977291,157.30558439982772,-259.4300738574379,41.70958510503745,-255.73295590974894,44.22181934914856,-0.2232839704836956,0.12630600769056496
a2p70,friction,0.6,friction_0p6,5,-233.9049854155566,117.32054759110792,-176.5825390059709,18.947949206295913,-174.91317488831123,20.351707298114327,-0.1548663269024653,0.09380037954991262
a2p70,friction,0.7,friction_0p7,5,-187.12782432665958,125.76021246439073,-128.76304617630717,17.72380629510762,-128.21522767621332,15.589870360065483,-0.1254168807872992,0.0976366115504924
a2p70,friction,0.8,friction_0p8,5,-161.5054385463915,167.11812963603504,-79.82206738498408,8.830015086992251,-78.36193774738672,8.83952759544188,-0.11091272059837184,0.1256517241425398
a2p70,friction,0.9,friction_0p9,5,-50.54706995380256,41.57279224694401,-31.423733964135,8.922316655902474,-30.157843389565823,7.803596472328723,-0.03424872447523941,0.031705639330808257
a2p70,friction,1.0,friction_1,5,0.0,0.0,0.0,0.0,0.0,0.0,0.0,0.0
a2p70,friction,1.1,friction_1p1,5,17.54584227465839,42.512829478143864,35.2669425176196,10.46680763817941,37.127694267076365,10.533765806484217,0.009449196301525097,0.02929166454071151
a2p70,friction,1.3,friction_1p3,5,77.74935676470913,60.92094758906195,92.53333165197314,25.497796923267618,97.93767198900173,21.009464152584307,0.04758444082645824,0.0400507137696473
a2p70,friction,1.5,friction_1p5,5,131.88357644511447,74.73366680483983,153.12289033926268,38.60737722298559,156.08048338188627,38.79057709642402,0.08217058620248192,0.048331593952027505
a2p70,friction,1.7,friction_1p7,5,213.50805345016428,66.64137789301476,200.49234643837804,63.649028790927034,201.40958538606492,64.74390730030213,0.13808239281542997,0.047447227752023334
a2p70,friction,2.0,friction_2,5,236.85995369662928,140.49627767756476,248.19526809224325,88.95541928449519,251.3407120077647,88.84223847750818,0.1493341968066627,0.09166975282321572
a2p70,friction_damping,0.0,friction_damping_0,5,-5736.742992530148,9236.11170381946,-6977.291596952482,11728.58285371511,-6467.972301415909,10820.152382620417,-3.660861973214248,5.707399085899463
a2p70,friction_damping,0.1,friction_damping_0p1,5,-2066.1192127423883,3694.105404347836,-2966.454455067068,4851.562784397263,-2317.297695042479,3911.4794903961215,-1.335089438925123,2.2684670348096945
a2p70,friction_damping,0.2,friction_damping_0p2,5,-1009.2379474091813,2620.159072368227,-1065.8558561563452,2857.929929870566,-1036.5738876470855,2831.1526372461926,-0.6610121697854534,1.6053686067295467
a2p70,friction_damping,0.3,friction_damping_0p3,5,-174.24384941652502,1757.1184351295474,-288.1892715002403,1952.9848313790765,-291.7117592827382,1967.1788531062732,-0.1266787785343442,1.0704865960311138
a2p70,friction_damping,0.4,friction_damping_0p4,5,-76.24206251922746,989.6596431396542,-75.7153188467259,1049.8776704510642,-64.26930259085552,1038.043526738091,-0.06691354185051206,0.5904623407630305
a2p70,friction_damping,0.5,friction_damping_0p5,5,-40.72815520787267,509.3708849419892,-2.5708674589677685,529.2438367447052,7.692343454635671,534.9469647905355,-0.04275342061304247,0.2986388117552667
a2p70,friction_damping,0.6,friction_damping_0p6,5,-101.82251041862128,341.61324677777515,-15.991040099575958,337.77219159181055,-15.345661545645452,341.21995109287377,-0.0789695639114318,0.20653228215148764
a2p70,friction_damping,0.7,friction_damping_0p7,5,-172.74132630196078,227.1927680491633,-99.70588556043262,184.51517625390494,-92.6507290990879,189.51171996434422,-0.1218269008619521,0.14938876791513755
a2p70,friction_damping,0.8,friction_damping_0p8,5,-206.49180085114563,168.308707131093,-124.46398808836985,100.55950613593315,-122.03878631336461,103.16899756843871,-0.14086088396761562,0.12230533280771382
a2p70,friction_damping,0.9,friction_damping_0p9,5,-158.106437244987,132.96661639724505,-92.5745060917267,47.846924733609846,-90.3251240885536,48.84787506395629,-0.1079879084102319,0.09971533098113967
a2p70,friction_damping,1.0,friction_damping_1,5,0.0,0.0,0.0,0.0,0.0,0.0,0.0,0.0
a2p70,friction_damping,1.1,friction_damping_1p1,5,196.8363750058424,59.082852025427016,152.57811199976027,57.65025618031671,197.7923519273605,62.73089808144124,0.12832079038689786,0.04784089661682069
a2p70,friction_damping,1.3,friction_damping_1p3,5,491.4615272820041,144.23364403419964,508.8878088867001,82.61987899072989,510.51200102755286,79.83623903772924,0.30774292760526156,0.0866376244482686
a2p70,friction_damping,1.5,friction_damping_1p5,5,767.50704487024,106.67217891636213,774.4410074164458,95.35000556163487,777.3515134306965,92.19522371534232,0.48537235700166015,0.06315876202889842
a2p70,friction_damping,1.7,friction_damping_1p7,5,1041.3257191218038,103.53093069867452,1026.207177011008,100.86349214377125,1078.6950810326193,64.10624476359712,0.6597437168668354,0.06566962324414333
a2p70,friction_damping,2.0,friction_damping_2,5,1413.0843993040264,165.02813731925144,1417.9020936155907,149.56238116839913,1475.5206310315452,108.21276669708895,0.891822983627941,0.07653187135711327
a2p70,fshin_actuator_gain,0.0,fshin_actuator_gain_0,5,1110.591596736759,428.7656154265691,1189.0245572138524,728.2348424486102,1246.3033418843934,670.3097707431567,0.7162169876940683,0.3102448659836179
a2p70,fshin_actuator_gain,0.1,fshin_actuator_gain_0p1,5,836.6623202712975,519.8519515441213,810.4268338844997,711.3518213012917,871.0465791437971,680.1762084869337,0.5476982703872479,0.3889568335538428
a2p70,fshin_actuator_gain,0.2,fshin_actuator_gain_0p2,5,648.0325085063753,550.1653769334192,743.8845656391663,737.5737589350623,744.0787961807508,734.9851543356943,0.4298157826367003,0.40749088906672054
a2p70,fshin_actuator_gain,0.3,fshin_actuator_gain_0p3,5,547.5963031685945,479.0728517118653,690.3743078617723,754.7949227343922,690.4296092159572,752.1002664263699,0.36389431292630053,0.35475457210270395
a2p70,fshin_actuator_gain,0.4,fshin_actuator_gain_0p4,5,399.002156968617,326.50792897433365,632.8991834652186,772.2349100515065,499.9573124083292,520.3614347988039,0.26369506206632826,0.24126839243176804
a2p70,fshin_actuator_gain,0.5,fshin_actuator_gain_0p5,5,287.56612824298963,218.12917311886824,232.02898465586435,135.59148724679432,335.2730457925359,313.0774395423236,0.18902852654063076,0.1608094337811209
a2p70,fshin_actuator_gain,0.6,fshin_actuator_gain_0p6,5,268.6995485091023,270.0929105986743,357.7122425212772,440.48876674072244,353.7255448119603,437.1189041019316,0.1806202008111696,0.20010750047562095
a2p70,fshin_actuator_gain,0.7,fshin_actuator_gain_0p7,5,140.72654638233604,107.60572271812276,104.20746716366179,59.075777711281845,140.3760269114958,121.06131673609573,0.09236122491881171,0.07895186707396463
a2p70,fshin_actuator_gain,0.8,fshin_actuator_gain_0p8,5,21.689897548898216,83.62574961638218,57.631944833812575,25.97747346013666,57.57722647456917,26.861264270182737,0.009294697238256386,0.05615495451264337
a2p70,fshin_actuator_gain,0.9,fshin_actuator_gain_0p9,5,3.8105206454180918,45.92638123244758,21.043983566084307,5.5766944845878035,20.024513303148616,6.949403404678322,0.0002366976831252171,0.032044502239103115
a2p70,fshin_actuator_gain,1.0,fshin_actuator_gain_1,5,0.0,0.0,0.0,0.0,0.0,0.0,0.0,0.0
a2p70,fshin_actuator_gain,1.1,fshin_actuator_gain_1p1,5,-24.08083705389613,30.455797015307326,-3.701928482981111,19.2358443428579,-3.4307428039615844,17.478096902075766,-0.016927467244446787,0.022174521665341344
a2p70,fshin_actuator_gain,1.3,fshin_actuator_gain_1p3,5,-67.23895473857242,151.20833751301655,11.753597278054713,37.77187449084812,10.778087529898539,39.85123635940937,-0.0501260138495612,0.10846374012121539
a2p70,fshin_actuator_gain,1.5,fshin_actuator_gain_1p5,5,2.2191812861242397,196.08359588687196,51.35485849254146,80.82438713641558,49.58965988506625,81.01495460329163,-0.008756253977622013,0.13031113343615502
a2p70,fshin_actuator_gain,1.7,fshin_actuator_gain_1p7,5,54.12262087023205,184.63507958395448,114.40904672111056,116.5159989719462,113.55462042684071,117.56528848256363,0.024808481044418268,0.11598508297053618
a2p70,fshin_actuator_gain,2.0,fshin_actuator_gain_2,5,203.58354726543138,280.86881526072403,196.87499681438666,119.06877258060624,200.8458100957332,124.79101482561866,0.11654768812883318,0.171643999843482
a2p70,fshin_damping,0.0,fshin_damping_0,5,422.022015740196,300.82330303548787,444.4304625269562,127.97439724143493,473.3716167823176,172.04440493988403,0.26030590730064945,0.19053503564022584
a2p70,fshin_damping,0.1,fshin_damping_0p1,5,335.00870438870254,285.13893929572606,376.10182631689605,99.16281615125071,393.42349952913986,131.9927472290314,0.20434216734860064,0.18272934800166515
a2p70,fshin_damping,0.2,fshin_damping_0p2,5,355.2358702620244,237.3925563678711,313.03397444614535,110.19295407364788,348.1900589280145,162.2955190886067,0.22352801065151967,0.1470714746538125
a2p70,fshin_damping,0.3,fshin_damping_0p3,5,182.47840947900832,170.30276477310983,208.3860980817463,48.54390848882945,207.72594706494223,47.00873904514617,0.11023772099694804,0.10949354683009718
a2p70,fshin_damping,0.4,fshin_damping_0p4,5,201.67797756674844,138.8827624477736,152.06577805594605,68.75374124520467,227.4394394811698,191.7210785175664,0.13415937666303587,0.10399471852083018
a2p70,fshin_damping,0.5,fshin_damping_0p5,5,106.64777245952723,78.42701736828047,86.64324874499493,63.029442357601134,92.30677075795447,63.77386273881547,0.0696710184460321,0.055199555581906
a2p70,fshin_damping,0.6,fshin_damping_0p6,5,16.241854013173043,94.48691803018595,57.28833012769096,63.86041450125419,57.24074077023406,63.86430937356598,0.006080895321761526,0.06274743218532458
a2p70,fshin_damping,0.7,fshin_damping_0p7,5,4.897282034937871,50.95417269823853,25.579133183401474,43.286736204821196,26.644430193899233,42.58780573322769,0.0009086508196960205,0.03319475342276876
a2p70,fshin_damping,0.8,fshin_damping_0p8,5,32.40096107315967,53.92965607400766,9.706789462831376,23.375615209899482,13.58346546507678,22.79558407483,0.022916165696721884,0.03940777597768146
a2p70,fshin_damping,0.9,fshin_damping_0p9,5,-18.481883076040685,44.30571302402763,0.4327886635395316,11.581740690588306,3.429092236290535,11.240435236186824,-0.013866877047268338,0.031804773112535906
a2p70,fshin_damping,1.0,fshin_damping_1,5,0.0,0.0,0.0,0.0,0.0,0.0,0.0,0.0
a2p70,fshin_damping,1.1,fshin_damping_1p1,5,-8.201730235552168,38.185466701869046,8.56184640341603,5.994556631828578,8.661778943437321,4.850206663527912,-0.007024788273662946,0.027392204463865207
a2p70,fshin_damping,1.3,fshin_damping_1p3,5,-0.6920355381566423,88.36681535791186,41.388974745544694,9.607113766334495,42.69008679395169,10.259740214189552,-0.004883094348331752,0.06227093877458564
a2p70,fshin_damping,1.5,fshin_damping_1p5,5,34.76168338407456,88.78201090276781,74.18379261624709,28.104637966247843,75.29181602279986,27.954682335060344,0.0173619488796689,0.0597260839741547
a2p70,fshin_damping,1.7,fshin_damping_1p7,5,57.32166623781332,116.58723731318024,115.49992735053316,40.062627292773605,118.2362914441449,44.08862729963933,0.03008327279311631,0.07696698268994454
a2p70,fshin_damping,2.0,fshin_damping_2,5,173.21581713145983,68.0395489879291,177.80620352160668,80.07514611056092,180.58577911101332,81.15030590604349,0.10939615022776054,0.04096794992006614
a2p70,fshin_friction,0.0,fshin_friction_0,5,0.7976924099106781,8.23450524896784,-1.2040286963228937,11.72961706797709,1.7924101063465059,7.436510050581062,0.00045243227880524,0.005232512267115836
a2p70,fshin_friction,0.1,fshin_friction_0p1,5,-0.0042795343640591454,4.186318928789618,-0.30541555103254725,0.38671932913175944,0.5999225999029022,2.6938530159514062,0.0001273112751463681,0.0025327835882840615
a2p70,fshin_friction,0.2,fshin_friction_0p2,5,0.0,0.0,0.0,0.0,0.0,0.0,0.0,0.0
a2p70,fshin_friction,0.3,fshin_friction_0p3,5,0.0,0.0,0.0,0.0,0.0,0.0,0.0,0.0
a2p70,fshin_friction,0.4,fshin_friction_0p4,5,0.0,0.0,0.0,0.0,0.0,0.0,0.0,0.0
a2p70,fshin_friction,0.5,fshin_friction_0p5,5,0.0,0.0,0.0,0.0,0.0,0.0,0.0,0.0
a2p70,fshin_friction,0.6,fshin_friction_0p6,5,-1.5114714118717985,2.962483967268725,-3.998129120647627,7.836333076469348,-1.6454488008462704,3.2250796496586895,-0.0011045236043993637,0.002164866264622753
a2p70,fshin_friction,0.7,fshin_friction_0p7,5,2.8313878445500906,6.9598073076795215,3.257173701543252,7.1412370252491435,3.4047649779807214,5.852105970504205,0.0018817258186882382,0.004220225125161074
a2p70,fshin_friction,0.8,fshin_friction_0p8,5,0.0,0.0,0.0,0.0,0.0,0.0,0.0,0.0
a2p70,fshin_friction,0.9,fshin_friction_0p9,5,0.0,0.0,0.0,0.0,0.0,0.0,0.0,0.0
a2p70,fshin_friction,1.0,fshin_friction_1,5,0.0,0.0,0.0,0.0,0.0,0.0,0.0,0.0
a2p70,fshin_friction,1.1,fshin_friction_1p1,5,0.0,0.0,0.0,0.0,0.0,0.0,0.0,0.0
a2p70,fshin_friction,1.3,fshin_friction_1p3,5,0.0,0.0,0.0,0.0,0.0,0.0,0.0,0.0
a2p70,fshin_friction,1.5,fshin_friction_1p5,5,0.0,0.0,0.0,0.0,0.0,0.0,0.0,0.0
a2p70,fshin_friction,1.7,fshin_friction_1p7,5,0.0,0.0,0.0,0.0,0.0,0.0,0.0,0.0
a2p70,fshin_friction,2.0,fshin_friction_2,5,0.0,0.0,0.0,0.0,0.0,0.0,0.0,0.0
a2p70,fthigh_actuator_gain,0.0,fthigh_actuator_gain_0,5,2018.312402312787,262.87313951672024,2105.51212260788,231.57383057434984,2104.7317655799416,231.9445746253759,1.2714768959652498,0.11935096414444951
a2p70,fthigh_actuator_gain,0.1,fthigh_actuator_gain_0p1,5,1960.1191264988036,226.92287236093813,2047.4894761147086,191.061952207127,2046.6059137414254,191.23174787725975,1.2354808241421147,0.09875847271436806
a2p70,fthigh_actuator_gain,0.2,fthigh_actuator_gain_0p2,5,1869.7859332856515,140.31154704625624,1954.4613786763402,141.23368694703956,1953.3822748895623,139.68842653797785,1.1812292078887958,0.06355897514027763
a2p70,fthigh_actuator_gain,0.3,fthigh_actuator_gain_0p3,5,1864.0112651458712,131.5924392326677,1927.5615411010506,130.77821525577397,1932.0126281906064,128.86698893363496,1.1776718840273517,0.05753177973175989
a2p70,fthigh_actuator_gain,0.4,fthigh_actuator_gain_0p4,5,1932.8195703941187,244.79409309608207,2021.7863145909098,231.60441510862677,2019.9111116259537,229.4240257950225,1.2204146568964291,0.1348405216517313
a2p70,fthigh_actuator_gain,0.5,fthigh_actuator_gain_0p5,5,1671.8031410014985,341.77926792955753,1790.6223823123269,601.1091304747988,1787.0890250785656,532.840861947176,1.0593315710113917,0.22138021684672077
a2p70,fthigh_actuator_gain,0.6,fthigh_actuator_gain_0p6,5,1102.937561634799,540.3345092942207,1201.1526462987956,772.7742694152992,1228.9001265366962,756.7789622090404,0.6932742374901458,0.32375041776130153
a2p70,fthigh_actuator_gain,0.7,fthigh_actuator_gain_0p7,5,300.95863574831645,239.34313045500625,326.25844616729285,53.162532840131284,324.6285366877496,55.66637139126604,0.18214711711098547,0.15410965042560243
a2p70,fthigh_actuator_gain,0.8,fthigh_actuator_gain_0p8,5,144.30997039244443,145.6757054484713,204.2091651860143,31.140384446109618,202.15802322503578,32.851909332363284,0.08601573398302212,0.09722532099453397
a2p70,fthigh_actuator_gain,0.9,fthigh_actuator_gain_0p9,5,12.65675510645192,186.6104126412181,94.53063523960263,27.706146244406167,94.52246518695556,28.80711900997345,1.3463379675227038e-05,0.13104921019793378
a2p70,fthigh_actuator_gain,1.0,fthigh_actuator_gain_1,5,0.0,0.0,0.0,0.0,0.0,0.0,0.0,0.0
a2p70,fthigh_actuator_gain,1.1,fthigh_actuator_gain_1p1,5,-1.3990589908783477,100.36435800442719,-42.58512151256009,27.475405996062964,-1.4652799656417301,105.08873128460898,0.0038412100105506496,0.07041750804982315
a2p70,fthigh_actuator_gain,1.3,fthigh_actuator_gain_1p3,5,-61.01898086258016,87.81064564757557,-39.720989543616454,31.336425360056502,-39.1471541262928,26.20351111554772,-0.04140285147364173,0.06322141336682556
a2p70,fthigh_actuator_gain,1.5,fthigh_actuator_gain_1p5,5,70.75433532864614,124.10416882599681,8.64271835767904,69.35841530775585,10.450862330113114,64.09014077917142,0.0501124371229706,0.08242247425755388
a2p70,fthigh_actuator_gain,1.7,fthigh_actuator_gain_1p7,5,264.9662990488574,200.8521172534582,128.25338885678767,94.49852135885482,130.9408500284216,92.76391932054668,0.16501275533463347,0.11852100030255076
a2p70,fthigh_actuator_gain,2.0,fthigh_actuator_gain_2,5,572.3908659198361,354.7794593617921,675.5471555532819,651.0276123189415,546.0241508427092,419.8718322052057,0.353216427706126,0.19234438855573877
a2p70,fthigh_damping,0.0,fthigh_damping_0,5,334.26832286430863,171.70153386474792,371.0643633297617,162.12227356037087,376.723958970894,156.5599674825645,0.20540709659718379,0.09402282705528126
a2p70,fthigh_damping,0.1,fthigh_damping_0p1,5,208.31161100731816,111.04481483284918,271.27450188159975,136.1382909412582,271.6844862664798,139.41198707871126,0.12965102682033505,0.06478416429613577
a2p70,fthigh_damping,0.2,fthigh_damping_0p2,5,124.26594568391155,112.62728408317591,204.66657222599588,112.5541328981015,204.80183418516103,107.06990414725044,0.07423642998332157,0.07035312077690804
a2p70,fthigh_damping,0.3,fthigh_damping_0p3,5,42.8261486443831,99.57072448097503,101.90422468035509,88.16166680907939,105.82393228502315,85.82384439380158,0.022708264707874147,0.06447783074383097
a2p70,fthigh_damping,0.4,fthigh_damping_0p4,5,-23.596732905759517,96.02855997237545,36.433177789345294,75.30987374528686,36.83272773054064,67.23396857532471,-0.019796999327844077,0.06677014716861122
a2p70,fthigh_damping,0.5,fthigh_damping_0p5,5,-68.41325686795139,112.07029486786719,-6.625270460997399,61.009232102165015,-6.625571643926105,60.1962020632056,-0.049236372462785644,0.08016256304979191
a2p70,fthigh_damping,0.6,fthigh_damping_0p6,5,-3.921929497908559,28.303108766242623,-24.14027238884696,57.14288154749357,-19.36751869368295,56.42485779462538,-0.0012313846194579787,0.01931540020956708
a2p70,fthigh_damping,0.7,fthigh_damping_0p7,5,-54.41472917315159,30.42291026295428,-41.00644573873524,35.23979750891193,-36.440347544730045,37.45527259449636,-0.03586057768126844,0.022253398609530482
a2p70,fthigh_damping,0.8,fthigh_damping_0p8,5,-64.79590048736422,35.07711719947354,-46.27480717900257,34.195925411938255,-43.685785636967054,36.335113591074844,-0.04305916364588175,0.025703490927627554
a2p70,fthigh_damping,0.9,fthigh_damping_0p9,5,-31.724321770071175,16.45948168481469,-36.14495851884349,18.456777113753997,-33.840285986166506,17.85374725313805,-0.020354446235841803,0.010298196046043437
a2p70,fthigh_damping,1.0,fthigh_damping_1,5,0.0,0.0,0.0,0.0,0.0,0.0,0.0,0.0
a2p70,fthigh_damping,1.1,fthigh_damping_1p1,5,23.422599032086918,99.36076572455647,61.9335232103741,36.11598415109148,64.25145037659755,32.75927460513997,0.010902455699651165,0.06893495618992637
a2p70,fthigh_damping,1.3,fthigh_damping_1p3,5,104.56240448252179,156.08074400503244,165.49078774726974,64.19893043626033,167.1838379754052,61.733101769617214,0.061278597540230996,0.10568304307068917
a2p70,fthigh_damping,1.5,fthigh_damping_1p5,5,247.33118739286937,105.99725222271995,272.02983681152426,79.72740612974171,272.77413418386425,78.08696815517666,0.15582134522116936,0.06651836024680925
a2p70,fthigh_damping,1.7,fthigh_damping_1p7,5,315.3031140611138,190.0885288483748,379.0370554363695,109.58787379607429,380.19754574598807,107.60952716266021,0.19563276901758422,0.1215435452194171
a2p70,fthigh_damping,2.0,fthigh_damping_2,5,525.4830011973809,139.04566175249846,524.778148684087,139.83593392858222,525.8298207021664,138.5497476210341,0.33515767853493655,0.0906036522217288
a2p70,fthigh_friction,0.0,fthigh_friction_0,5,0.0,0.0,0.0,0.0,0.0,0.0,0.0,0.0
a2p70,fthigh_friction,0.1,fthigh_friction_0p1,5,0.0,0.0,0.0,0.0,0.0,0.0,0.0,0.0
a2p70,fthigh_friction,0.2,fthigh_friction_0p2,5,0.0,0.0,0.0,0.0,0.0,0.0,0.0,0.0
a2p70,fthigh_friction,0.3,fthigh_friction_0p3,5,0.0,0.0,0.0,0.0,0.0,0.0,0.0,0.0
a2p70,fthigh_friction,0.4,fthigh_friction_0p4,5,0.0,0.0,0.0,0.0,0.0,0.0,0.0,0.0
a2p70,fthigh_friction,0.5,fthigh_friction_0p5,5,0.0,0.0,0.0,0.0,0.0,0.0,0.0,0.0
a2p70,fthigh_friction,0.6,fthigh_friction_0p6,5,0.0,0.0,0.0,0.0,0.0,0.0,0.0,0.0
a2p70,fthigh_friction,0.7,fthigh_friction_0p7,5,0.0,0.0,0.0,0.0,0.0,0.0,0.0,0.0
a2p70,fthigh_friction,0.8,fthigh_friction_0p8,5,-1.5114714118717985,2.962483967268725,-3.998129120647627,7.836333076469348,-1.6454488008462704,3.2250796496586895,-0.0011045236043993637,0.002164866264622753
a2p70,fthigh_friction,0.9,fthigh_friction_0p9,5,2.8313878445500906,6.9598073076795215,3.257173701543252,7.1412370252491435,3.4047649779807214,5.852105970504205,0.0018817258186882382,0.004220225125161074
a2p70,fthigh_friction,1.0,fthigh_friction_1,5,0.0,0.0,0.0,0.0,0.0,0.0,0.0,0.0
a2p70,fthigh_friction,1.1,fthigh_friction_1p1,5,0.0,0.0,0.0,0.0,0.0,0.0,0.0,0.0
a2p70,fthigh_friction,1.3,fthigh_friction_1p3,5,0.0,0.0,0.0,0.0,0.0,0.0,0.0,0.0
a2p70,fthigh_friction,1.5,fthigh_friction_1p5,5,0.0,0.0,0.0,0.0,0.0,0.0,0.0,0.0
a2p70,fthigh_friction,1.7,fthigh_friction_1p7,5,0.0,0.0,0.0,0.0,0.0,0.0,0.0,0.0
a2p70,fthigh_friction,2.0,fthigh_friction_2,5,0.0,0.0,0.0,0.0,0.0,0.0,0.0,0.0
a2p70,gear,0.0,gear_0,5,1858.4766531682703,106.56451665290398,1940.319263767006,138.96128546581082,1941.9578153199814,140.1688951058983,1.176206494178651,0.05033040916425984
a2p70,gear,0.1,gear_0p1,5,1867.2650198328217,119.12972863418985,1949.1189362045639,141.69654231889967,1950.7558136081473,142.74719565761157,1.1811294790705842,0.04627164276678604
a2p70,gear,0.2,gear_0p2,5,1873.6552418803378,128.1243898503591,1955.4817380255445,143.34112014642747,1957.1269386264325,144.37226166137336,1.1846695369224722,0.04253198542177108
a2p70,gear,0.3,gear_0p3,5,1880.4064034328362,135.68285259738434,1962.2106387697102,143.93119200369046,1963.8775888499993,144.9007110632646,1.1884848389691274,0.03851333481926506
a2p70,gear,0.4,gear_0p4,5,1885.3801363702546,136.63922167334707,1967.1909788950568,139.07860995162315,1968.869195476768,140.17339669776808,1.1914502911887304,0.033897517108002345
a2p70,gear,0.5,gear_0p5,5,1848.0850150106573,127.94517819236158,1930.7878826946283,147.09799231488046,1930.9715828197066,152.07980131605095,1.1689008982525586,0.05471522771619791
a2p70,gear,0.6,gear_0p6,5,1655.4326596052026,279.5650890427294,1708.6975289500497,374.74334434778183,1749.9875106578759,350.29914275607666,1.0461390341313082,0.16548262125479568
a2p70,gear,0.7,gear_0p7,5,1116.2879851055625,193.6950210546982,1135.151007926488,503.128131853299,1173.9550246681097,408.25136254859945,0.7127983688246688,0.16273934835636525
a2p70,gear,0.8,gear_0p8,5,536.0948510683214,72.47016151561706,513.7958914802415,87.2662328137987,551.274797167712,70.80081656469369,0.34200282750345695,0.05673555720682044
a2p70,gear,0.9,gear_0p9,5,247.48948680135013,48.51777311474897,225.91559079859553,60.82843185262345,229.18871828592236,58.42744589213535,0.15780757871709455,0.03354487509735578
a2p70,gear,1.0,gear_1,5,0.0,0.0,0.0,0.0,0.0,0.0,0.0,0.0
a2p70,gear,1.1,gear_1p1,5,-135.29052193986382,178.0534278805333,-94.50202066210072,38.00755402378155,-91.66374626462489,38.125019508556115,-0.0945250647986849,0.13116982505313446
a2p70,gear,1.3,gear_1p3,5,-58.45226571236767,149.8576809706164,-2.6097196539388277,91.16431526112211,1.1430003886700888,89.58959591956366,-0.04379789698370565,0.10688841326016447
a2p70,gear,1.5,gear_1p5,5,120.87927260526494,179.41903352778488,143.79365680314535,116.39753951724991,144.64312451922842,118.36687587211033,0.0716021973642583,0.11882911764603542
a2p70,gear,1.7,gear_1p7,5,412.01917055207866,366.57235222146954,326.2351800883471,251.03748065876226,366.478576632871,259.61007930317226,0.24816866358925144,0.2403862294381915
a2p70,gear,2.0,gear_2,5,1071.390876848909,385.22616762756866,1011.2526442896157,519.4775076070405,1089.5205230458691,410.5348602979952,0.6703612995273377,0.2336091424054754
a2p70,gravity,0.0,gravity_0,5,-397.67244556921383,132.97212815348269,-319.6615690897771,40.05681573483118,-427.9054274734206,232.98125147059628,-0.3909307433730847,0.25457097042463067
a2p70,gravity,0.1,gravity_0p1,5,-429.27202247523144,258.7026119820838,-294.13266935523245,45.01529358799103,-398.40977033212357,241.18293635330465,-0.4518736335367414,0.42605770844339913
a2p70,gravity,0.2,gravity_0p2,5,-359.4053637210972,183.40701200301208,-264.66699384358964,40.306286290894036,-369.9561448607411,241.2188700616247,-0.3699076696080197,0.3125616853312251
a2p70,gravity,0.3,gravity_0p3,5,-328.5292385294964,177.9059230372876,-235.75926334356117,41.67810503818647,-339.23230780413724,237.6205997409252,-0.3407355304869756,0.2992991427998367
a2p70,gravity,0.4,gravity_0p4,5,-276.5682793635572,140.124599127277,-201.14301463468323,37.02755944897279,-308.4944166677663,235.4486098190211,-0.2841973777854598,0.23865785813597293
a2p70,gravity,0.5,gravity_0p5,5,-248.96215179333745,141.38258639487154,-172.33049132892538,35.115770307402215,-278.2451397524317,237.41136284308797,-0.25976317617688893,0.23547606776970248
a2p70,gravity,0.6,gravity_0p6,5,-138.95909536906711,39.58528599119528,-141.54291165954743,28.20777593400642,-167.87938689490673,77.81481704559808,-0.13371893695126028,0.07799294554956751
a2p70,gravity,0.7,gravity_0p7,5,-104.98495555299603,41.1594095411311,-105.14072636671213,13.167253763656976,-98.44324285682005,11.481884166351664,-0.0912637733381431,0.03440622767211521
a2p70,gravity,0.8,gravity_0p8,5,-67.40504299691342,33.13835447847677,-67.07211650013251,17.29741151512011,-59.15189281105579,10.039519179164731,-0.058067810730792216,0.02698352439187651
a2p70,gravity,0.9,gravity_0p9,5,-86.60132636243404,73.07032944210269,-45.964560210938274,17.732644943499782,-113.47484046910593,153.42538797535292,-0.09516799700513998,0.1074372826129981
a2p70,gravity,1.0,gravity_1,5,0.0,0.0,0.0,0.0,0.0,0.0,0.0,0.0
a2p70,gravity,1.1,gravity_1p1,5,22.61103669237955,53.85973072072913,35.20647334989708,27.37498893648086,2.0781781516014006,89.91439533805602,0.00697090437752875,0.06273391183651013
a2p70,gravity,1.3,gravity_1p3,5,100.55433122260698,48.41011901843766,90.31139172945673,19.963472419124866,128.19276185424488,59.7420013985308,0.0973138123385784,0.06661004251170166
a2p70,gravity,1.5,gravity_1p5,5,210.19485419898692,57.89375635523635,176.29216203526192,27.711208149934656,177.636989993475,28.77222121603642,0.18133870437018218,0.04511638294045165
a2p70,gravity,1.7,gravity_1p7,5,363.9829964849314,121.9705394377568,589.0757789648812,655.5549308633133,384.3740057052602,256.4368356273278,0.35063614779724334,0.21298633163657546
a2p70,gravity,2.0,gravity_2,5,571.6313502989686,146.5851287637323,704.4476364931863,614.5264526153654,539.6307899725637,289.58678294312045,0.534307050889839,0.25135068117352877
a2p75,bfoot_actuator_gain,0.0,bfoot_actuator_gain_0,5,177.86308835634196,60.20869765036274,141.34003458997836,26.00660009004967,142.790423193344,28.51342920639353,0.11210918020877089,0.03801089356077288
a2p75,bfoot_actuator_gain,0.1,bfoot_actuator_gain_0p1,5,159.21515123112286,56.0992325926403,124.94391943339215,21.488272682940796,124.85842489802758,24.30559750219973,0.10029190584585564,0.03522353665479162
a2p75,bfoot_actuator_gain,0.2,bfoot_actuator_gain_0p2,5,144.12677820159033,53.3622675324645,111.31461903427626,19.98261168600202,109.99362700753859,20.777869373451704,0.0906373727162006,0.03329027451022969
a2p75,bfoot_actuator_gain,0.3,bfoot_actuator_gain_0p3,5,124.48640793052327,44.453922816777244,93.03902772552183,17.784214419648222,95.67286845020308,20.23088518765562,0.0781942304288047,0.026951741093505486
a2p75,bfoot_actuator_gain,0.4,bfoot_actuator_gain_0p4,5,90.33832818887113,54.31506073452738,74.36129932910039,23.919427470079214,73.4512296477757,22.79735795945893,0.0572879509048765,0.035070003304464664
a2p75,bfoot_actuator_gain,0.5,bfoot_actuator_gain_0p5,5,81.57328328962512,40.7095030707081,56.85304615259283,13.082611799391355,57.71331639229315,16.826704990325627,0.050916810864678676,0.02392642027542948
a2p75,bfoot_actuator_gain,0.6,bfoot_actuator_gain_0p6,5,52.12954098534537,23.52633892042682,46.35573284327752,11.00142777815159,45.609469880440926,13.979850789579867,0.033036091585375,0.015205388305650124
a2p75,bfoot_actuator_gain,0.7,bfoot_actuator_gain_0p7,5,31.444578748781943,10.44942699246266,27.445601512497753,6.706805697078874,29.000937349493917,6.424993411519826,0.019783400224094572,0.00649436754923788
a2p75,bfoot_actuator_gain,0.8,bfoot_actuator_gain_0p8,5,18.730363356293946,9.33915667586113,18.431622406240102,7.359336129585439,19.73023471092788,6.883028997330864,0.01173293716381826,0.0057932372974555954
a2p75,bfoot_actuator_gain,0.9,bfoot_actuator_gain_0p9,5,5.841614870198373,6.678400727842733,4.6056310465140085,7.765743023203928,5.372568557666727,6.273641844955728,0.0036888946613347407,0.004256043588624335
a2p75,bfoot_actuator_gain,1.0,bfoot_actuator_gain_1,5,0.0,0.0,0.0,0.0,0.0,0.0,0.0,0.0
a2p75,bfoot_actuator_gain,1.1,bfoot_actuator_gain_1p1,5,-8.30629665664037,7.811858786560554,-8.3898756218593,13.008207899333204,-6.695071497607932,9.945551981047057,-0.005312483759912763,0.0050350914451198995
a2p75,bfoot_actuator_gain,1.3,bfoot_actuator_gain_1p3,5,-18.327730117022476,12.436202372370762,-19.16341146637451,16.358494857657508,-17.773546153279085,13.378066241862117,-0.01185624019066705,0.008429104398551327
a2p75,bfoot_actuator_gain,1.5,bfoot_actuator_gain_1p5,5,-18.959356185452087,18.09894685114708,-18.437889632106998,22.046761362059307,-17.908491672152014,19.90482978187798,-0.012386305682433738,0.011846179910849908
a2p75,bfoot_actuator_gain,1.7,bfoot_actuator_gain_1p7,5,-18.30407639715786,24.62504875606973,-19.129954003258263,24.746564936845246,-17.007398843797546,24.6558463887116,-0.012187927858765497,0.015972114097797807
a2p75,bfoot_actuator_gain,2.0,bfoot_actuator_gain_2,5,-14.704392979525347,38.846716199710244,-15.514923329015527,34.66449703925278,-13.38758688052594,36.5730258160651,-0.010241187815364818,0.024915149221704066
a2p75,bfoot_damping,0.0,bfoot_damping_0,5,61.90164797085008,63.13075643479332,64.43101971247484,60.828712486074394,62.956945815392416,59.92319784418472,0.03797303884854115,0.038706134916441245
a2p75,bfoot_damping,0.1,bfoot_damping_0p1,5,28.80091748630475,53.84395673777154,30.550532486795326,54.14248155565118,31.01532647756435,52.99640759472889,0.01756156331014122,0.0334878233698233
a2p75,bfoot_damping,0.2,bfoot_damping_0p2,5,-2.3905611680481345,48.46875871775272,-3.0228605997409885,44.148444192336235,-2.2071421658027246,43.86668307372687,-0.0019060967869576433,0.030698109019815706
a2p75,bfoot_damping,0.3,bfoot_damping_0p3,5,-18.83016141076009,50.872440185201405,-21.051868929100145,53.0755712536701,-20.042701325839108,49.55224350044863,-0.012418218321875847,0.032455158289065526
a2p75,bfoot_damping,0.4,bfoot_damping_0p4,5,-24.652341863219043,38.442690314783,-22.17939469504381,36.926158999592246,-24.13657855164006,35.38869526635237,-0.016041742794769512,0.02462329881706587
a2p75,bfoot_damping,0.5,bfoot_damping_0p5,5,-19.907694090972974,30.844301240453373,-20.888154397664813,33.266570176496096,-19.301382782442715,31.245411960218625,-0.01301772935420072,0.019779795983090105
a2p75,bfoot_damping,0.6,bfoot_damping_0p6,5,-25.152906675281383,22.87901043892532,-24.749982196456767,23.89290009780631,-24.802353069437185,22.097558112323537,-0.01625148900615501,0.014835856673097015
a2p75,bfoot_damping,0.7,bfoot_damping_0p7,5,-20.35377809132865,14.945978796158679,-16.873098573005926,16.927774149768435,-17.196054626677686,15.183666626500221,-0.013047331634387798,0.009716921792795033
a2p75,bfoot_damping,0.8,bfoot_damping_0p8,5,-13.59457379893961,14.890343397329673,-18.002975077384644,20.1705646232264,-16.552269014478135,16.61901711505833,-0.008722022869143217,0.009567929400960169
a2p75,bfoot_damping,0.9,bfoot_damping_0p9,5,-8.000449945232322,6.130588520224459,-4.0007098498724645,10.987101969046055,-5.158873799985986,7.423802151880916,-0.005095399510094254,0.00390687115920757
a2p75,bfoot_damping,1.0,bfoot_damping_1,5,0.0,0.0,0.0,0.0,0.0,0.0,0.0,0.0
a2p75,bfoot_damping,1.1,bfoot_damping_1p1,5,2.2922901425652524,7.154743279674503,1.5628539832746355,12.560079533087084,3.251455544755072,9.23999521999821,0.0014276115449102322,0.004451164360279898
a2p75,bfoot_damping,1.3,bfoot_damping_1p3,5,9.291333054759708,9.555941444140332,9.027094455744736,12.854508178526503,9.136923162124868,11.520124514470098,0.0058907757075283935,0.005998580555723688
a2p75,bfoot_damping,1.5,bfoot_damping_1p5,5,16.65062134596974,10.695337419719355,19.516609939705223,8.518881178304348,19.867445119822378,9.724814676457552,0.01061956089832547,0.006856288797261737
a2p75,bfoot_damping,1.7,bfoot_damping_1p7,5,32.902090179047626,23.526332646728523,26.749016664104783,20.16793115103124,28.721362094528285,18.99877057015211,0.020943811204367602,0.015145275355827322
a2p75,bfoot_damping,2.0,bfoot_damping_2,5,37.33764165078619,22.135080322418013,34.88124735694559,18.755150354138877,36.845375616306,19.67695030018742,0.023817113775034645,0.014318600697848294
a2p75,bfoot_friction,0.0,bfoot_friction_0,5,0.0,0.0,0.0,0.0,0.0,0.0,0.0,0.0
a2p75,bfoot_friction,0.1,bfoot_friction_0p1,5,0.0,0.0,0.0,0.0,0.0,0.0,0.0,0.0
a2p75,bfoot_friction,0.2,bfoot_friction_0p2,5,0.0,0.0,0.0,0.0,0.0,0.0,0.0,0.0
a2p75,bfoot_friction,0.3,bfoot_friction_0p3,5,0.0,0.0,0.0,0.0,0.0,0.0,0.0,0.0
a2p75,bfoot_friction,0.4,bfoot_friction_0p4,5,0.0,0.0,0.0,0.0,0.0,0.0,0.0,0.0
a2p75,bfoot_friction,0.5,bfoot_friction_0p5,5,0.0,0.0,0.0,0.0,0.0,0.0,0.0,0.0
a2p75,bfoot_friction,0.6,bfoot_friction_0p6,5,0.0,0.0,0.0,0.0,0.0,0.0,0.0,0.0
a2p75,bfoot_friction,0.7,bfoot_friction_0p7,5,0.0,0.0,0.0,0.0,0.0,0.0,0.0,0.0
a2p75,bfoot_friction,0.8,bfoot_friction_0p8,5,-1.0374531299501542,2.033408134702302,-1.2498931433935467,2.4497905610513517,-1.4530161325030349,2.847911619705948,-0.0006230018523707557,0.0012210836306466811
a2p75,bfoot_friction,0.9,bfoot_friction_0p9,5,10.882012683395079,24.587882744453093,0.4108048711209449,8.796241788990976,1.4450292639238795,7.118373243691076,0.006867243378087758,0.015847984443451608
a2p75,bfoot_friction,1.0,bfoot_friction_1,5,0.0,0.0,0.0,0.0,0.0,0.0,0.0,0.0
a2p75,bfoot_friction,1.1,bfoot_friction_1p1,5,0.0,0.0,0.0,0.0,0.0,0.0,0.0,0.0
a2p75,bfoot_friction,1.3,bfoot_friction_1p3,5,0.0,0.0,0.0,0.0,0.0,0.0,0.0,0.0
a2p75,bfoot_friction,1.5,bfoot_friction_1p5,5,0.0,0.0,0.0,0.0,0.0,0.0,0.0,0.0
a2p75,bfoot_friction,1.7,bfoot_friction_1p7,5,0.0,0.0,0.0,0.0,0.0,0.0,0.0,0.0
a2p75,bfoot_friction,2.0,bfoot_friction_2,5,0.0,0.0,0.0,0.0,0.0,0.0,0.0,0.0
a2p75,bshin_actuator_gain,0.0,bshin_actuator_gain_0,5,1774.453033606866,179.2778630179456,1774.4175731264936,181.6148079582807,1779.5302558325202,178.89657677493503,1.1171872882442246,0.07374500145705651
a2p75,bshin_actuator_gain,0.1,bshin_actuator_gain_0p1,5,1554.6975252560737,238.44420306789877,1526.4556148183415,250.70333081606194,1528.2062999603484,250.06640296252317,0.9785224325574455,0.12202142316155846
a2p75,bshin_actuator_gain,0.2,bshin_actuator_gain_0p2,5,1339.6491570139588,314.309385735315,1339.8130412775072,334.8796241792393,1340.7735374713113,334.49295281862925,0.841813933879326,0.17203328633112822
a2p75,bshin_actuator_gain,0.3,bshin_actuator_gain_0p3,5,1141.3109849381167,361.75543159699873,1170.380833536229,419.83780341823615,1171.551088601154,419.39224052573155,0.7159047747948091,0.20391804058610932
a2p75,bshin_actuator_gain,0.4,bshin_actuator_gain_0p4,5,904.1208155823115,302.6309657584459,913.6986501968775,321.6511698920533,909.2535707477349,308.07217873953323,0.5665631719460704,0.1705995665583105
a2p75,bshin_actuator_gain,0.5,bshin_actuator_gain_0p5,5,639.9537716946043,170.27304245220466,592.4394582283851,79.74783729557836,593.6099022578043,81.35885497662974,0.40124651238286546,0.09288271045500754
a2p75,bshin_actuator_gain,0.6,bshin_actuator_gain_0p6,5,439.88390294167095,114.47927286652434,408.187862032169,69.65983373133423,407.86934102780685,68.22868157959199,0.27539515338125037,0.06154924298741111
a2p75,bshin_actuator_gain,0.7,bshin_actuator_gain_0p7,5,256.9518134571343,68.43128213978585,260.91145562769464,65.73229460200099,258.95564357167257,66.50155715011073,0.1609790252745701,0.0383740468087596
a2p75,bshin_actuator_gain,0.8,bshin_actuator_gain_0p8,5,122.11221376442795,63.886090451908004,122.97571254579543,63.84249958013812,123.55130234845838,62.37886498593747,0.07626269258897386,0.038509692999023744
a2p75,bshin_actuator_gain,0.9,bshin_actuator_gain_0p9,5,29.843801996720778,39.91592006211768,27.637105109211234,45.03116059577283,26.812107679413977,42.5620617126211,0.018151858216372118,0.024860744419087553
a2p75,bshin_actuator_gain,1.0,bshin_actuator_gain_1,5,0.0,0.0,0.0,0.0,0.0,0.0,0.0,0.0
a2p75,bshin_actuator_gain,1.1,bshin_actuator_gain_1p1,5,-3.3721687594323155,24.610718625506173,-8.67338939529659,25.580492493716573,-5.098408951434612,25.466573259436853,-0.0017925927316568043,0.015421526832898219
a2p75,bshin_actuator_gain,1.3,bshin_actuator_gain_1p3,5,29.381652720386136,36.46931836793947,30.78339275306912,36.24222238302161,32.585578383539044,37.87471438791774,0.018827198889986664,0.022893012010177623
a2p75,bshin_actuator_gain,1.5,bshin_actuator_gain_1p5,5,125.55993958031017,101.25678493480393,131.7413719210752,105.36600248613942,127.63308213596338,101.17103700841714,0.07802701833188785,0.061773466045828423
a2p75,bshin_actuator_gain,1.7,bshin_actuator_gain_1p7,5,184.49243944074883,220.48734708626023,187.37127153822317,218.79600861901613,188.30627188364093,219.0262763283893,0.11323411348783766,0.135660194199875
a2p75,bshin_actuator_gain,2.0,bshin_actuator_gain_2,5,312.3351883196779,301.19495316284815,313.98100279593376,297.4439593758356,310.8243216118072,297.8858837878167,0.19286218231837943,0.18427184382377865
a2p75,bshin_damping,0.0,bshin_damping_0,5,1159.345488315309,175.6442173131446,1157.4494894490956,178.42595772433555,1158.7793411516875,178.90303461618674,0.7347843480989704,0.12426170173318606
a2p75,bshin_damping,0.1,bshin_damping_0p1,5,1027.4850555151856,180.58056843938851,1031.1133239856583,182.24568107784805,1030.609935884197,180.77607858483333,0.6502988297158612,0.11982877336081002
a2p75,bshin_damping,0.2,bshin_damping_0p2,5,865.772486534288,127.86759377385286,861.9925470749473,123.37896468025906,864.5504244711567,128.88215416198855,0.5471454938676371,0.0827211516740734
a2p75,bshin_damping,0.3,bshin_damping_0p3,5,656.82450420891,93.59954282115469,654.1730345781455,97.73007075907684,655.1212114020087,96.71986848135377,0.41505877178090883,0.05922929609425576
a2p75,bshin_damping,0.4,bshin_damping_0p4,5,475.7202192870973,99.92611462464701,461.5721380881927,132.5808021076237,462.0317637586568,128.71408789186637,0.300687185150407,0.06251715421421179
a2p75,bshin_damping,0.5,bshin_damping_0p5,5,291.27558757694516,166.65391790710194,288.2024106673133,174.52317391446388,289.89242223349805,171.75722303070793,0.1847907802369256,0.10416032981352212
a2p75,bshin_damping,0.6,bshin_damping_0p6,5,200.69043891069018,170.86274489426103,202.3805867777167,173.76203181639548,201.8607287435072,173.18887217432146,0.12762809354008323,0.10653357411681055
a2p75,bshin_damping,0.7,bshin_damping_0p7,5,134.8273330627772,126.35162745828346,127.39991884016604,123.12742452548379,128.33596211500395,122.67756018103198,0.08593322811412236,0.07897547476923869
a2p75,bshin_damping,0.8,bshin_damping_0p8,5,78.33329509201344,74.49702148072133,81.45766103683869,77.0466025839929,80.05221317782703,76.15393453779556,0.0503957798207247,0.04749390399212097
a2p75,bshin_damping,0.9,bshin_damping_0p9,5,25.550058413292525,34.13818638205549,26.728225066314373,34.06326735969945,26.026599447790158,34.910388602369146,0.016642317098122694,0.021959099244668247
a2p75,bshin_damping,1.0,bshin_damping_1,5,0.0,0.0,0.0,0.0,0.0,0.0,0.0,0.0
a2p75,bshin_damping,1.1,bshin_damping_1p1,5,13.066183281457096,26.951047933820117,13.840258568550416,31.484748285696295,14.256570049699121,28.29502419556323,0.007850592794792494,0.017028467952704823
a2p75,bshin_damping,1.3,bshin_damping_1p3,5,110.91387012688247,44.17535075860278,113.3832721763556,45.00420557654676,111.86431702345013,44.38943187594498,0.06933252101880097,0.02629479514743933
a2p75,bshin_damping,1.5,bshin_damping_1p5,5,294.78594646666244,67.26232385302193,292.33313695392746,66.7720423137519,295.0180271575112,67.00930138237415,0.18505621119558485,0.03687311060523043
a2p75,bshin_damping,1.7,bshin_damping_1p7,5,489.8613042408034,95.14230252474829,493.53604039654454,98.45710836473911,493.4290305433953,99.58515802247065,0.3081181105245124,0.05112805265819987
a2p75,bshin_damping,2.0,bshin_damping_2,5,749.0722417777213,165.7575420629674,735.2996059019531,162.77427767132434,738.7523048658082,164.69894247224508,0.47128033297254823,0.09325708512236536
a2p75,bshin_friction,0.0,bshin_friction_0,5,0.0,0.0,0.0,0.0,0.0,0.0,0.0,0.0
a2p75,bshin_friction,0.1,bshin_friction_0p1,5,11.919465813345232,24.2283657073098,1.6606980145144916,9.076843351386845,2.8980453964269146,7.399245158206349,0.00748831060030906,0.015634838028116778
a2p75,bshin_friction,0.2,bshin_friction_0p2,5,1.0374531299501542,2.033408134702302,1.2498931433935467,2.4497905610513517,1.4530161325030349,2.847911619705948,0.0006210672222213026,0.0012172917555537531
a2p75,bshin_friction,0.3,bshin_friction_0p3,5,1.0374531299501542,2.033408134702302,1.2498931433935467,2.4497905610513517,1.4530161325030349,2.847911619705948,0.0006210672222213026,0.0012172917555537531
a2p75,bshin_friction,0.4,bshin_friction_0p4,5,1.0374531299501542,2.033408134702302,1.2498931433935467,2.4497905610513517,1.4530161325030349,2.847911619705948,0.0006210672222213026,0.0012172917555537531
a2p75,bshin_friction,0.5,bshin_friction_0p5,5,1.0374531299501542,2.033408134702302,1.2498931433935467,2.4497905610513517,1.4530161325030349,2.847911619705948,0.0006210672222213026,0.0012172917555537531
a2p75,bshin_friction,0.6,bshin_friction_0p6,5,1.0374531299501542,2.033408134702302,1.2498931433935467,2.4497905610513517,1.4530161325030349,2.847911619705948,0.0006210672222213026,0.0012172917555537531
a2p75,bshin_friction,0.7,bshin_friction_0p7,5,1.0374531299501542,2.033408134702302,1.2498931433935467,2.4497905610513517,1.4530161325030349,2.847911619705948,0.0006210672222213026,0.0012172917555537531
a2p75,bshin_friction,0.8,bshin_friction_0p8,5,1.0374531299501542,2.033408134702302,1.2498931433935467,2.4497905610513517,1.4530161325030349,2.847911619705948,0.0006210672222213026,0.0012172917555537531
a2p75,bshin_friction,0.9,bshin_friction_0p9,5,1.0374531299501542,2.033408134702302,1.2498931433935467,2.4497905610513517,1.4530161325030349,2.847911619705948,0.0006210672222213026,0.0012172917555537531
a2p75,bshin_friction,1.0,bshin_friction_1,5,0.0,0.0,0.0,0.0,0.0,0.0,0.0,0.0
a2p75,bshin_friction,1.1,bshin_friction_1p1,5,11.919465813345232,24.2283657073098,1.6606980145144916,9.076843351386845,2.8980453964269146,7.399245158206349,0.00748831060030906,0.015634838028116778
a2p75,bshin_friction,1.3,bshin_friction_1p3,5,1.0374531299501542,2.033408134702302,1.2498931433935467,2.4497905610513517,1.4530161325030349,2.847911619705948,0.0006210672222213026,0.0012172917555537531
a2p75,bshin_friction,1.5,bshin_friction_1p5,5,1.0374531299501542,2.033408134702302,1.2498931433935467,2.4497905610513517,1.4530161325030349,2.847911619705948,0.0006210672222213026,0.0012172917555537531
a2p75,bshin_friction,1.7,bshin_friction_1p7,5,1.0374531299501542,2.033408134702302,1.2498931433935467,2.4497905610513517,1.4530161325030349,2.847911619705948,0.0006210672222213026,0.0012172917555537531
a2p75,bshin_friction,2.0,bshin_friction_2,5,1.0374531299501542,2.033408134702302,1.2498931433935467,2.4497905610513517,1.4530161325030349,2.847911619705948,0.0006210672222213026,0.0012172917555537531
a2p75,bthigh_actuator_gain,0.0,bthigh_actuator_gain_0,5,1248.5421188949879,366.1629435919273,1210.4022419965675,379.1438990131705,1216.8745158924432,383.27382635259573,0.7943574494678451,0.2514419788455586
a2p75,bthigh_actuator_gain,0.1,bthigh_actuator_gain_0p1,5,1083.8811417411212,324.43702451379437,1064.9188060723293,313.89637651675304,1067.4537460392917,318.593739863955,0.6888765988519939,0.21846490108328784
a2p75,bthigh_actuator_gain,0.2,bthigh_actuator_gain_0p2,5,939.2368562433018,337.1679510275237,918.5967544927091,350.2453065660045,921.3798627664019,348.9849053318463,0.5985276302065305,0.23142078546866393
a2p75,bthigh_actuator_gain,0.3,bthigh_actuator_gain_0p3,5,790.5783556919431,398.76607245954403,774.596150944804,411.4040330742309,773.2162072378848,407.61880391883886,0.5053335162134628,0.27157208050014525
a2p75,bthigh_actuator_gain,0.4,bthigh_actuator_gain_0p4,5,518.8473263751996,209.88468298690185,489.98844732889154,223.14565252410185,491.1177016772598,220.85549599968428,0.3267354225082412,0.12588610666743688
a2p75,bthigh_actuator_gain,0.5,bthigh_actuator_gain_0p5,5,352.6778667768359,204.34456446041673,334.07926971717677,212.39389266134253,335.06910621347504,210.49565024804264,0.21884378470538818,0.1198681613909925
a2p75,bthigh_actuator_gain,0.6,bthigh_actuator_gain_0p6,5,270.40192780890834,151.67375193723456,254.64312070410028,154.36797237816046,255.65580376883372,154.69662274143562,0.168026100296203,0.08910405380527577
a2p75,bthigh_actuator_gain,0.7,bthigh_actuator_gain_0p7,5,159.09155825704738,68.100068764049,160.44098670017667,69.14890229150764,160.39979584263847,69.82557182958809,0.09921630456924439,0.03958045858114936
a2p75,bthigh_actuator_gain,0.8,bthigh_actuator_gain_0p8,5,77.77103155541658,26.359562913087142,76.93332133740356,30.863390828306247,77.13175703041279,27.917208328383595,0.04882882150942216,0.01587691917972483
a2p75,bthigh_actuator_gain,0.9,bthigh_actuator_gain_0p9,5,25.5519606963333,12.164753721141008,25.830312475730853,14.858974384539025,26.087182514890763,13.640617863254704,0.016156720264536028,0.007611189045684247
a2p75,bthigh_actuator_gain,1.0,bthigh_actuator_gain_1,5,0.0,0.0,0.0,0.0,0.0,0.0,0.0,0.0
a2p75,bthigh_actuator_gain,1.1,bthigh_actuator_gain_1p1,5,-4.159971031922533,14.325112396319229,-3.5827233161113328,16.524844164864582,-1.819697769373215,12.743833514243143,-0.0028197545365203033,0.00902921756992867
a2p75,bthigh_actuator_gain,1.3,bthigh_actuator_gain_1p3,5,31.628652255196904,29.008812779803293,25.094488318817092,35.37190109871593,22.735596531463944,33.794932158825425,0.020113187066512418,0.01804017608420608
a2p75,bthigh_actuator_gain,1.5,bthigh_actuator_gain_1p5,5,160.45720663659668,65.79350291280332,159.78430927704494,69.9021932914387,159.92838077591804,66.81336080764476,0.1019323748967939,0.04277101710279857
a2p75,bthigh_actuator_gain,1.7,bthigh_actuator_gain_1p7,5,395.7013471074603,109.53870775541571,391.03845689551423,110.15937056233341,394.72632288224156,109.6209185780858,0.2516665433289015,0.07455425605509615
a2p75,bthigh_actuator_gain,2.0,bthigh_actuator_gain_2,5,782.4696977527582,194.4991238094088,765.7964719955448,185.865428855939,774.7945903448253,189.59366903380246,0.49671749517249947,0.130801573682743
a2p75,bthigh_damping,0.0,bthigh_damping_0,5,2402.5795803034007,797.1442903892502,2412.726645499743,800.7377689384259,2406.252417415856,797.8000495913312,1.5208444461591548,0.5036093722581321
a2p75,bthigh_damping,0.1,bthigh_damping_0p1,5,2080.3640130208323,810.8304244518391,2078.230497422377,824.218506972743,2080.671851375443,822.3968332576823,1.314538274034454,0.512157850907952
a2p75,bthigh_damping,0.2,bthigh_damping_0p2,5,1503.3336252439644,571.9946104446253,1492.5561454553758,542.2560421131117,1498.654917578018,556.9044470206909,0.9497416402537425,0.3642617300493006
a2p75,bthigh_damping,0.3,bthigh_damping_0p3,5,992.5738057484823,238.91912151070596,990.605927201845,241.86350850119263,994.176462020255,245.22838482763555,0.6273704955779802,0.15319593356317363
a2p75,bthigh_damping,0.4,bthigh_damping_0p4,5,604.5029518991948,92.06731945916664,604.0348405460988,91.40845268646679,601.9149271614552,91.81133490199835,0.38255868590042674,0.06273649186413295
a2p75,bthigh_damping,0.5,bthigh_damping_0p5,5,326.8717158082213,76.54109140500341,327.66691865583584,81.38446609801476,327.8880694980375,78.82531228059155,0.20750959743302735,0.05052096208118451
a2p75,bthigh_damping,0.6,bthigh_damping_0p6,5,168.3516007183486,61.569686216424415,162.95470494069355,61.63533014921496,165.67588316130656,61.803035941309005,0.10692621100713931,0.03905400056884868
a2p75,bthigh_damping,0.7,bthigh_damping_0p7,5,49.316381788478566,43.063160774679204,51.36983809690882,44.36963951649387,48.87279692928892,43.44669608352774,0.03160258611402679,0.027140198386917048
a2p75,bthigh_damping,0.8,bthigh_damping_0p8,5,6.331015038297982,30.117100873802972,2.911911254048937,33.1423905354346,2.8020154033203655,30.583798262429344,0.004413319842771307,0.01850903331369247
a2p75,bthigh_damping,0.9,bthigh_damping_0p9,5,-9.669668562258584,17.881579256890756,-11.831839621431936,22.470536692233406,-10.004681047640952,18.258058438426527,-0.005932415957389514,0.011054442787986759
a2p75,bthigh_damping,1.0,bthigh_damping_1,5,0.0,0.0,0.0,0.0,0.0,0.0,0.0,0.0
a2p75,bthigh_damping,1.1,bthigh_damping_1p1,5,22.198448413352573,14.407317035400764,22.617088923980827,18.179235032223566,22.48994199709109,16.037666201663143,0.013992217584634824,0.00882657292526021
a2p75,bthigh_damping,1.3,bthigh_damping_1p3,5,89.72242909997085,36.61935524466491,90.93564252677466,39.18639084030771,91.05009734872529,38.06146150857527,0.056608127824388656,0.022625447766617353
a2p75,bthigh_damping,1.5,bthigh_damping_1p5,5,147.5482765650617,60.238742764234914,146.53879977618607,64.26350965805953,146.6079597890767,61.114326466686116,0.09302239892194639,0.03735713539648252
a2p75,bthigh_damping,1.7,bthigh_damping_1p7,5,191.565648882697,65.59133601191337,189.5563400548498,70.46272217423237,191.85860140537775,67.68415745389831,0.12113687433005141,0.04128832268720457
a2p75,bthigh_damping,2.0,bthigh_damping_2,5,307.77266898906936,130.17762241861828,311.36302359970205,129.56635097828425,310.6647990710248,128.9362861487644,0.19744614998373994,0.09046060784356089
a2p75,bthigh_friction,0.0,bthigh_friction_0,5,0.0,0.0,0.0,0.0,0.0,0.0,0.0,0.0
a2p75,bthigh_friction,0.1,bthigh_friction_0p1,5,0.0,0.0,0.0,0.0,0.0,0.0,0.0,0.0
a2p75,bthigh_friction,0.2,bthigh_friction_0p2,5,-1.0374531299501542,2.033408134702302,-1.2498931433935467,2.4497905610513517,-1.4530161325030349,2.847911619705948,-0.0006230018523707557,0.0012210836306466811
a2p75,bthigh_friction,0.3,bthigh_friction_0p3,5,10.882012683395079,24.587882744453093,0.4108048711209449,8.796241788990976,1.4450292639238795,7.118373243691076,0.006867243378087758,0.015847984443451608
a2p75,bthigh_friction,0.4,bthigh_friction_0p4,5,0.0,0.0,0.0,0.0,0.0,0.0,0.0,0.0
a2p75,bthigh_friction,0.5,bthigh_friction_0p5,5,0.0,0.0,0.0,0.0,0.0,0.0,0.0,0.0
a2p75,bthigh_friction,0.6,bthigh_friction_0p6,5,0.0,0.0,0.0,0.0,0.0,0.0,0.0,0.0
a2p75,bthigh_friction,0.7,bthigh_friction_0p7,5,0.0,0.0,0.0,0.0,0.0,0.0,0.0,0.0
a2p75,bthigh_friction,0.8,bthigh_friction_0p8,5,0.0,0.0,0.0,0.0,0.0,0.0,0.0,0.0
a2p75,bthigh_friction,0.9,bthigh_friction_0p9,5,0.0,0.0,0.0,0.0,0.0,0.0,0.0,0.0
a2p75,bthigh_friction,1.0,bthigh_friction_1,5,0.0,0.0,0.0,0.0,0.0,0.0,0.0,0.0
a2p75,bthigh_friction,1.1,bthigh_friction_1p1,5,0.0,0.0,0.0,0.0,0.0,0.0,0.0,0.0
a2p75,bthigh_friction,1.3,bthigh_friction_1p3,5,-1.0374531299501542,2.033408134702302,-1.2498931433935467,2.4497905610513517,-1.4530161325030349,2.847911619705948,-0.0006230018523707557,0.0012210836306466811
a2p75,bthigh_friction,1.5,bthigh_friction_1p5,5,10.882012683395079,24.587882744453093,0.4108048711209449,8.796241788990976,1.4450292639238795,7.118373243691076,0.006867243378087758,0.015847984443451608
a2p75,bthigh_friction,1.7,bthigh_friction_1p7,5,0.0,0.0,0.0,0.0,0.0,0.0,0.0,0.0
a2p75,bthigh_friction,2.0,bthigh_friction_2,5,0.0,0.0,0.0,0.0,0.0,0.0,0.0,0.0
a2p75,damping,0.0,damping_0,5,1673.4736108000732,246.81317225727256,1716.9141948601252,294.82835804058226,1696.1071051996623,265.8939021695514,1.0514763406266088,0.11485977637587722
a2p75,damping,0.1,damping_0p1,5,1526.3431484589116,227.70902237218968,1489.7838509589678,214.6606284590755,1511.7270481598275,222.78125396355216,0.9597447231689487,0.11126700704774345
a2p75,damping,0.2,damping_0p2,5,1284.3564827896498,256.98676190654334,1210.4500177743323,290.6161781135333,1213.6584304591918,292.9412012842757,0.8071424151688238,0.1408750898799377
a2p75,damping,0.3,damping_0p3,5,1041.3688685978955,179.6385080852242,982.3019664451847,219.04685048749286,979.8285881453439,218.1316056570283,0.6546927745124214,0.0938077099527628
a2p75,damping,0.4,damping_0p4,5,728.4645503201466,147.89303360282477,718.0942628037936,131.67448559696572,720.7118282604422,139.20751627488838,0.4582451403564104,0.08211320552321542
a2p75,damping,0.5,damping_0p5,5,502.8609753627099,82.91312636445335,482.57304448759976,89.34586890590933,477.7313922879436,89.18990526872996,0.3164354787970015,0.04385337594600871
a2p75,damping,0.6,damping_0p6,5,272.1726037710922,56.6400481958944,278.6024915708641,58.21851090167305,276.767674586274,57.64028763678767,0.17115838624146024,0.03135267002445359
a2p75,damping,0.7,damping_0p7,5,90.00125357573897,34.10642498508235,100.05083041733019,31.893458945124227,98.14720239411213,34.600933795101774,0.05675742549970071,0.020965538251535347
a2p75,damping,0.8,damping_0p8,5,12.641709879983818,33.60663559240989,11.107287814532128,31.39158136342136,9.521900705992675,32.87862976570665,0.008780696918255837,0.022166846191463106
a2p75,damping,0.9,damping_0p9,5,-27.697856759181786,24.397176071491778,-26.977472027238537,30.161396056205806,-27.399896471454305,29.41784149442059,-0.016878446094882937,0.015137814457145793
a2p75,damping,1.0,damping_1,5,0.0,0.0,0.0,0.0,0.0,0.0,0.0,0.0
a2p75,damping,1.1,damping_1p1,5,91.24630327302293,52.23789491296565,74.02014897752065,46.804595860441445,74.33946943360692,46.61134264997279,0.057079623208081555,0.03274988581847161
a2p75,damping,1.3,damping_1p3,5,279.67471671669125,99.94168036170745,281.66700334232985,101.67775228342191,281.8076328562173,101.028519657589,0.1751264151197117,0.05948525867767654
a2p75,damping,1.5,damping_1p5,5,511.567332592448,108.97645954385466,511.2249131624649,107.43374526868035,512.1476863716516,107.08896532141277,0.32162960150518355,0.06111883011984557
a2p75,damping,1.7,damping_1p7,5,757.8964750137244,149.76759797047762,754.9306724367871,144.51396536029847,755.0787644696778,145.2250126392073,0.47756796074605284,0.08724362466252128
a2p75,damping,2.0,damping_2,5,1069.013323782719,214.33466261512018,1061.8080825398893,217.1006580566019,1060.9824569778211,218.32543501018927,0.6730278179658288,0.12212899434660837
a2p75,ffoot_actuator_gain,0.0,ffoot_actuator_gain_0,5,178.56377210208151,194.5072080238841,158.94713076126217,204.34434128015067,162.04772813149447,203.68500811054787,0.10935326774572043,0.1153044331288612
a2p75,ffoot_actuator_gain,0.1,ffoot_actuator_gain_0p1,5,125.00066136806345,108.53179918585815,102.0669512516968,115.31966042035278,104.05164230305991,116.12486718089914,0.07691795920833017,0.0641409693343937
a2p75,ffoot_actuator_gain,0.2,ffoot_actuator_gain_0p2,5,58.19554876391567,33.16549550938448,59.250738014645734,32.53802765126255,57.975063020312426,31.63930266348731,0.0362138921827187,0.01971559499245602
a2p75,ffoot_actuator_gain,0.3,ffoot_actuator_gain_0p3,5,49.15164836128711,18.14470724643862,52.21030296122835,19.825324415579168,50.55679433445825,19.846590701418823,0.03068467150253913,0.010382708978853569
a2p75,ffoot_actuator_gain,0.4,ffoot_actuator_gain_0p4,5,30.873914526474483,17.79685054012931,30.44407108472442,24.0239419889964,32.068330726365275,20.309915669263344,0.019140778841893344,0.010593520546368754
a2p75,ffoot_actuator_gain,0.5,ffoot_actuator_gain_0p5,5,26.052029547754273,9.595218203504425,25.713096666044112,11.77884157485809,26.2753056841962,9.336049756422971,0.016419447480096466,0.005983672475035179
a2p75,ffoot_actuator_gain,0.6,ffoot_actuator_gain_0p6,5,13.710117902791671,9.49750020112618,15.247019132791138,12.691982690198325,14.70830741653258,9.06127303630744,0.008464868354192957,0.005705238680813007
a2p75,ffoot_actuator_gain,0.7,ffoot_actuator_gain_0p7,5,9.562122429249712,5.043327424676229,9.135076764020777,7.63999158838749,9.944910269041065,4.932564843708851,0.006013867883236114,0.0031631751234268727
a2p75,ffoot_actuator_gain,0.8,ffoot_actuator_gain_0p8,5,6.336350567599538,6.282815854904177,4.854327819436685,10.865047993512844,6.047581044536628,8.880521475598728,0.003925950930087484,0.00390290435017796
a2p75,ffoot_actuator_gain,0.9,ffoot_actuator_gain_0p9,5,0.019675994027284104,3.1521841739459147,1.9292490459467444,9.308478207604573,2.0215642356144143,4.23969299776026,2.7732372834714204e-05,0.001964772883880927
a2p75,ffoot_actuator_gain,1.0,ffoot_actuator_gain_1,5,0.0,0.0,0.0,0.0,0.0,0.0,0.0,0.0
a2p75,ffoot_actuator_gain,1.1,ffoot_actuator_gain_1p1,5,1.454680074721864,10.604722057932703,3.499052407273939,13.662072545652439,2.3392786611269,12.127975777167324,0.0006790197467916922,0.006531936496905883
a2p75,ffoot_actuator_gain,1.3,ffoot_actuator_gain_1p3,5,-12.55965160548767,9.716093882885442,-7.9549687773793725,15.943622791728561,-8.721494690819691,11.238448897939632,-0.00798747790102634,0.006246252171783354
a2p75,ffoot_actuator_gain,1.5,ffoot_actuator_gain_1p5,5,-7.9569827872047885,14.152720443867457,-10.394733964513671,20.58237308852645,-7.898073223923211,18.165798243752107,-0.005374174104475003,0.0090650676689638
a2p75,ffoot_actuator_gain,1.7,ffoot_actuator_gain_1p7,5,-6.953233273652041,21.79705044203318,-7.337146668486002,22.347294500463786,-5.200919568434529,22.140960085920018,-0.004798540755539293,0.013749216007212581
a2p75,ffoot_actuator_gain,2.0,ffoot_actuator_gain_2,5,14.100795586244157,18.105456843804525,7.479232425288228,29.609138157462123,9.455589464521518,25.82705561052852,0.008559547562592454,0.010904452281615452
a2p75,ffoot_damping,0.0,ffoot_damping_0,5,36.41711441267635,11.380595099896812,39.077182755746755,12.997870544882197,39.5218222145254,12.825713661443672,0.022887754688222538,0.006760743743493132
a2p75,ffoot_damping,0.1,ffoot_damping_0p1,5,17.684817458836005,4.613309041856943,13.011982020831828,12.586474855168717,13.747561793201339,9.862828864851462,0.01116702562740451,0.002941229479203406
a2p75,ffoot_damping,0.2,ffoot_damping_0p2,5,2.879387846321697,15.673974597885556,1.8363911602140888,18.387318849688576,2.2997307352297867,16.582752107746455,0.0019986476102674027,0.010212590084971438
a2p75,ffoot_damping,0.3,ffoot_damping_0p3,5,-8.007487702124445,19.340865962845697,-9.545625325103629,20.677897653015606,-7.878040138695906,19.19232074666717,-0.005152924660372162,0.01238721877667526
a2p75,ffoot_damping,0.4,ffoot_damping_0p4,5,-9.826886857232193,30.60413651548069,-9.96512446063548,32.11929505127385,-10.518881021594144,30.778691134474784,-0.006513229984284538,0.019493353567077522
a2p75,ffoot_damping,0.5,ffoot_damping_0p5,5,-18.637842630823208,27.980797399500695,-21.900889584552623,28.593532438585918,-19.852815610880405,27.007754295725924,-0.012026088361590876,0.017903751644529082
a2p75,ffoot_damping,0.6,ffoot_damping_0p6,5,-9.458204417579328,20.444894569794517,-10.181926756652137,21.383564710939066,-8.428722441169658,19.424294308473556,-0.006104480683363887,0.01305393948571188
a2p75,ffoot_damping,0.7,ffoot_damping_0p7,5,-9.74486102112869,13.76786093017374,-8.810905144315758,14.14207864467104,-8.943150299490435,13.300753280809746,-0.006252843841668176,0.008772764064105243
a2p75,ffoot_damping,0.8,ffoot_damping_0p8,5,-5.509261320107316,6.3753003249180304,-7.381307649513656,6.91452128784993,-6.193851981731996,5.736734764691211,-0.0035906599118011332,0.0042695033271897805
a2p75,ffoot_damping,0.9,ffoot_damping_0p9,5,-1.2166484114409741,4.744411233708772,-2.651666655680856,5.543531131785821,0.05396460978631694,6.548134716480586,-0.0007391703557004261,0.00294606661215279
a2p75,ffoot_damping,1.0,ffoot_damping_1,5,0.0,0.0,0.0,0.0,0.0,0.0,0.0,0.0
a2p75,ffoot_damping,1.1,ffoot_damping_1p1,5,-1.4642356689050757,7.09649206039683,-1.0958407176941365,9.944613283825662,-0.47334407277685386,7.722152726679417,-0.0010887666389464603,0.004760162839224681
a2p75,ffoot_damping,1.3,ffoot_damping_1p3,5,4.354467405885453,7.541161513862585,5.346281010332177,8.864833559200168,4.238694713747418,6.61134570869048,0.0027559602191503897,0.004704217524297188
a2p75,ffoot_damping,1.5,ffoot_damping_1p5,5,8.490728198563783,12.938703049045396,4.758823185787833,14.13834029152346,5.2189978328915005,12.63590591391926,0.005460457177892195,0.00808861572703963
a2p75,ffoot_damping,1.7,ffoot_damping_1p7,5,5.445816142197009,9.855580343934905,7.969466223689915,14.618150457237244,7.040441576658713,10.588031342550503,0.003452866458133607,0.006122702482411678
a2p75,ffoot_damping,2.0,ffoot_damping_2,5,11.515720536609479,11.904704003541312,10.488782879005612,15.927895449955098,12.549367034914122,13.664958803957882,0.00736143462776061,0.007454273555788952
a2p75,ffoot_friction,0.0,ffoot_friction_0,5,0.0,0.0,0.0,0.0,0.0,0.0,0.0,0.0
a2p75,ffoot_friction,0.1,ffoot_friction_0p1,5,0.0,0.0,0.0,0.0,0.0,0.0,0.0,0.0
a2p75,ffoot_friction,0.2,ffoot_friction_0p2,5,0.0,0.0,0.0,0.0,0.0,0.0,0.0,0.0
a2p75,ffoot_friction,0.3,ffoot_friction_0p3,5,0.0,0.0,0.0,0.0,0.0,0.0,0.0,0.0
a2p75,ffoot_friction,0.4,ffoot_friction_0p4,5,0.0,0.0,0.0,0.0,0.0,0.0,0.0,0.0
a2p75,ffoot_friction,0.5,ffoot_friction_0p5,5,0.0,0.0,0.0,0.0,0.0,0.0,0.0,0.0
a2p75,ffoot_friction,0.6,ffoot_friction_0p6,5,0.0,0.0,0.0,0.0,0.0,0.0,0.0,0.0
a2p75,ffoot_friction,0.7,ffoot_friction_0p7,5,0.0,0.0,0.0,0.0,0.0,0.0,0.0,0.0
a2p75,ffoot_friction,0.8,ffoot_friction_0p8,5,-1.0374531299501542,2.033408134702302,-1.2498931433935467,2.4497905610513517,-1.4530161325030349,2.847911619705948,-0.0006230018523707557,0.0012210836306466811
a2p75,ffoot_friction,0.9,ffoot_friction_0p9,5,10.882012683395079,24.587882744453093,0.4108048711209449,8.796241788990976,1.4450292639238795,7.118373243691076,0.006867243378087758,0.015847984443451608
a2p75,ffoot_friction,1.0,ffoot_friction_1,5,0.0,0.0,0.0,0.0,0.0,0.0,0.0,0.0
a2p75,ffoot_friction,1.1,ffoot_friction_1p1,5,0.0,0.0,0.0,0.0,0.0,0.0,0.0,0.0
a2p75,ffoot_friction,1.3,ffoot_friction_1p3,5,0.0,0.0,0.0,0.0,0.0,0.0,0.0,0.0
a2p75,ffoot_friction,1.5,ffoot_friction_1p5,5,0.0,0.0,0.0,0.0,0.0,0.0,0.0,0.0
a2p75,ffoot_friction,1.7,ffoot_friction_1p7,5,0.0,0.0,0.0,0.0,0.0,0.0,0.0,0.0
a2p75,ffoot_friction,2.0,ffoot_friction_2,5,0.0,0.0,0.0,0.0,0.0,0.0,0.0,0.0
a2p75,friction,0.0,friction_0,5,-2334.197544567309,6344.016703810948,-2225.8782556927904,6501.459821393293,-2209.077951434948,6500.493047206312,-1.393968638741128,3.916882739262579
a2p75,friction,0.1,friction_0p1,5,-1910.5800847271366,2620.7345453391154,-1908.931210749774,2628.0488885502573,-1910.3307045359609,2626.374780491113,-1.167923457960565,1.6124456934134495
a2p75,friction,0.2,friction_0p2,5,-805.8473714977087,1347.3336482738546,-804.6799664393918,1346.9574741320753,-803.8479920522532,1346.8279489120064,-0.4933774020573292,0.8303970262447286
a2p75,friction,0.3,friction_0p3,5,-307.6414371447578,454.30142733730145,-310.0528735030356,458.5235520119084,-306.79228482099154,453.2495711922529,-0.18789696017254987,0.27990262913547137
a2p75,friction,0.4,friction_0p4,5,-131.63075791544725,142.8034487878476,-130.11640150867873,144.214286706493,-129.82565270631616,141.96348383366796,-0.08040601903900475,0.08724868224840883
a2p75,friction,0.5,friction_0p5,5,-106.20339143352786,96.03692731396295,-106.30541690925565,100.28380728019822,-105.7981105462251,98.38383020850482,-0.06510904857112224,0.058405749144560565
a2p75,friction,0.6,friction_0p6,5,-77.90599632061121,63.58124238086076,-79.02932387018663,65.35366340360785,-77.45058129007103,65.30863354684075,-0.04791831240051039,0.038471296639797085
a2p75,friction,0.7,friction_0p7,5,-66.56044096081473,37.675656900248214,-66.77052106077244,37.604510988112104,-67.05161006338895,38.01989131950302,-0.041245037505873466,0.022440935056375365
a2p75,friction,0.8,friction_0p8,5,-39.25231214614373,22.8919207674586,-34.55309635981475,23.864094416097107,-35.68325859635174,23.173908058956673,-0.024352407603124092,0.013728768407377757
a2p75,friction,0.9,friction_0p9,5,-20.207853472699753,12.815067068493518,-20.650323408513213,14.982820474707474,-20.725156986660203,13.525441916795499,-0.012589006161411962,0.00778189006945366
a2p75,friction,1.0,friction_1,5,0.0,0.0,0.0,0.0,0.0,0.0,0.0,0.0
a2p75,friction,1.1,friction_1p1,5,14.602828839071071,9.503070132515157,14.650237666815793,11.232071861687105,14.716552479085795,9.151035650048993,0.008987239796518984,0.005685175540024827
a2p75,friction,1.3,friction_1p3,5,55.05848713125306,22.616385098625106,54.82587534542745,22.095514000345894,56.80092908959896,22.856676165920902,0.03434012803589675,0.013161467572135054
a2p75,friction,1.5,friction_1p5,5,95.80644125621279,34.47689968292527,95.77398283270455,35.3818832789576,97.65937401375336,34.594210122846356,0.05995533990463001,0.020091150638803675
a2p75,friction,1.7,friction_1p7,5,129.62633324915586,49.399559063889164,124.73574301193021,50.08747937601261,126.438482177577,50.53559451154343,0.08090361405288264,0.0284211796597026
a2p75,friction,2.0,friction_2,5,187.59761686806436,71.39140485263574,188.08641169154407,65.50801246383509,189.71366726242383,68.04592925952025,0.11718473195140075,0.04126373281961199
a2p75,friction_damping,0.0,friction_damping_0,5,985.1943284913505,2328.154346079452,1700.0197112998517,3778.383106388011,931.6000410906112,2495.63643865223,0.5704582849802438,1.4710041083954974
a2p75,friction_damping,0.1,friction_damping_0p1,5,1414.6156001251336,1584.3539212576043,1638.301628849986,1618.3622771489759,1524.4675902525134,1439.5873017731476,0.8692330058561331,0.9539018134357407
a2p75,friction_damping,0.2,friction_damping_0p2,5,1375.1295558354207,568.3372583514499,1318.6446455309756,610.4464646831425,1338.112842194376,572.1596730686109,0.8594416011377681,0.32823742050851884
a2p75,friction_damping,0.3,friction_damping_0p3,5,963.5778979511433,501.10538788419575,891.8292702019238,522.0207259312284,873.3792145191562,525.1021765151004,0.6054105445819615,0.30101258308185336
a2p75,friction_damping,0.4,friction_damping_0p4,5,617.0266395629548,332.150929988913,595.3165826070219,364.571880107472,597.893280938061,363.26364259576144,0.38883093495971355,0.20150688591742086
a2p75,friction_damping,0.5,friction_damping_0p5,5,341.5572083165324,217.67477293497765,331.0611337481465,222.50706557688812,337.39610604326714,220.66587934285596,0.21752584173144385,0.13818208596925796
a2p75,friction_damping,0.6,friction_damping_0p6,5,119.76782753469652,152.50521699553863,127.82481624492894,152.1571030217046,122.29327006445506,155.4884824364965,0.07788883525487657,0.09727211488832045
a2p75,friction_damping,0.7,friction_damping_0p7,5,4.459402043893624,98.90475059417997,0.44458762984158967,102.34904062143555,2.7879055804632573,98.89344111657304,0.005266408740437598,0.06327545985243255
a2p75,friction_damping,0.8,friction_damping_0p8,5,-47.00662247110559,74.44418165117841,-44.162819785015515,77.05053486215274,-44.49167633638304,76.85507243505559,-0.027782372968713054,0.046891017920227214
a2p75,friction_damping,0.9,friction_damping_0p9,5,-45.51406981119362,44.011821050882475,-45.31704210568496,43.315615818589826,-45.61092960560668,44.503421508641054,-0.027585464564794698,0.027476970430093194
a2p75,friction_damping,1.0,friction_damping_1,5,0.0,0.0,0.0,0.0,0.0,0.0,0.0,0.0
a2p75,friction_damping,1.1,friction_damping_1p1,5,85.50429682984031,59.192763387464915,84.93006499193693,61.166131350020656,86.3210679540352,60.22178772420941,0.05290788043081048,0.036367480812595235
a2p75,friction_damping,1.3,friction_damping_1p3,5,300.10457732125064,121.66069705360877,300.45470715336296,124.010522325571,301.05189025573395,122.71528474360183,0.18774241000966724,0.07283796450765592
a2p75,friction_damping,1.5,friction_damping_1p5,5,552.8657370975143,146.97616336986533,552.0666774836835,144.7598346750639,552.115590633174,144.49019697325332,0.3475747300254534,0.08558924989403638
a2p75,friction_damping,1.7,friction_damping_1p7,5,828.1907541905086,228.54489483355025,826.6205539283073,223.1946070604408,827.1446785776773,222.96994131465854,0.5216504250395103,0.1365726180291905
a2p75,friction_damping,2.0,friction_damping_2,5,1149.1111594230017,273.2688969838411,1146.4997274158181,265.9631654146831,1147.3279470739133,267.1498658502917,0.7240853965779646,0.1619136453069039
a2p75,fshin_actuator_gain,0.0,fshin_actuator_gain_0,5,1048.35886893313,591.4883446115124,1033.6955558151583,609.58436326569,1034.036474836352,605.2366988433716,0.6661373996272809,0.37477015669388947
a2p75,fshin_actuator_gain,0.1,fshin_actuator_gain_0p1,5,894.5135388693034,706.3737077367591,869.699537552184,722.0562600622341,873.9877899350913,718.0325634254623,0.5633854112626342,0.44001718919255917
a2p75,fshin_actuator_gain,0.2,fshin_actuator_gain_0p2,5,804.8722416565953,716.3048666288661,786.9996200811539,730.8774398711877,789.4446716301721,727.3866277660097,0.5071645293430609,0.4464198614839283
a2p75,fshin_actuator_gain,0.3,fshin_actuator_gain_0p3,5,574.8933884794429,513.5412130896221,618.7071695262857,600.0649483610276,618.571440666134,597.0459474582264,0.3626827314430414,0.32014859538158996
a2p75,fshin_actuator_gain,0.4,fshin_actuator_gain_0p4,5,338.10611984094453,198.62961779791854,249.07755520560505,51.2348139069897,292.8548155856139,111.7397172950979,0.21422126426100477,0.12460959224191878
a2p75,fshin_actuator_gain,0.5,fshin_actuator_gain_0p5,5,166.7122688781707,51.87757407481654,165.16596247078482,46.834167100771936,164.0085202204656,47.50869818488824,0.10641549246769193,0.03561435079100993
a2p75,fshin_actuator_gain,0.6,fshin_actuator_gain_0p6,5,97.21535438938004,37.56202668443242,94.48318917073729,33.37254778724796,95.8697553886312,35.35124164127739,0.062225029681754404,0.02523487225390012
a2p75,fshin_actuator_gain,0.7,fshin_actuator_gain_0p7,5,50.84619707278898,17.48013260366529,51.80113096642181,15.323404195841166,49.89550838107175,15.577868211613755,0.03237898489090604,0.011460057946814177
a2p75,fshin_actuator_gain,0.8,fshin_actuator_gain_0p8,5,36.49255848762668,46.42449860968338,19.53825383663534,9.899297321883978,18.980358123703446,13.568710028149354,0.023253059930811688,0.02974311492674151
a2p75,fshin_actuator_gain,0.9,fshin_actuator_gain_0p9,5,0.9811961026288373,13.185288740539724,2.4646338438909425,13.220902002191039,3.66532371752578,12.541106476062755,0.0006361550422896475,0.008116437861319771
a2p75,fshin_actuator_gain,1.0,fshin_actuator_gain_1,5,0.0,0.0,0.0,0.0,0.0,0.0,0.0,0.0
a2p75,fshin_actuator_gain,1.1,fshin_actuator_gain_1p1,5,2.175523223702976,12.974050067090447,1.7275625095876876,16.949799281044005,0.973730361759408,14.289638424622114,0.001290296420841924,0.008054602363469164
a2p75,fshin_actuator_gain,1.3,fshin_actuator_gain_1p3,5,28.83979100155502,23.343087260459534,30.76685650332256,25.581374035051084,31.910666680613485,23.730423177046273,0.01817676746463076,0.014311098314107833
a2p75,fshin_actuator_gain,1.5,fshin_actuator_gain_1p5,5,59.88986131511465,42.39366679661716,60.30702842431492,46.249322999390905,63.01227531201111,44.52502733393233,0.03741837177342524,0.025697505549541477
a2p75,fshin_actuator_gain,1.7,fshin_actuator_gain_1p7,5,83.89396129257588,57.37659708405534,84.6185626698586,61.00916484030937,86.36880104909679,56.72280032036452,0.05273052487597936,0.035417783728057116
a2p75,fshin_actuator_gain,2.0,fshin_actuator_gain_2,5,158.95714326527127,56.0912783622965,156.8498116626816,58.55574701221029,159.1858772449221,59.35728602228978,0.09986271038348585,0.0332361000753441
a2p75,fshin_damping,0.0,fshin_damping_0,5,341.62223827399646,140.15205667886445,339.46302274966956,142.04924863758535,332.88717126611715,141.4227567727608,0.214527670964827,0.08480253044546009
a2p75,fshin_damping,0.1,fshin_damping_0p1,5,258.49246414766424,125.46181472906927,260.81126425129355,120.53122526765124,260.9727400193307,121.11231794418114,0.16251759288419235,0.07689383186954996
a2p75,fshin_damping,0.2,fshin_damping_0p2,5,210.83705065769473,92.78456580290306,214.55897676395188,94.81287492251515,215.74382903958576,94.04384451013416,0.1330532901703938,0.05800671744017963
a2p75,fshin_damping,0.3,fshin_damping_0p3,5,158.25023252040947,79.48162679964717,158.37719989518095,84.73725845941172,155.65406528602216,84.22767136719672,0.09984210074406663,0.049295046678723184
a2p75,fshin_damping,0.4,fshin_damping_0p4,5,122.55632598671396,52.075921842180854,113.06341004445817,62.50816263879903,112.21813072089499,61.81257015691313,0.07773335734981732,0.03268944236401297
a2p75,fshin_damping,0.5,fshin_damping_0p5,5,85.63473398265168,35.00711671489612,71.00466585847849,36.588624791029304,69.66256888123061,34.531370083000695,0.05457303509485365,0.022486053277069633
a2p75,fshin_damping,0.6,fshin_damping_0p6,5,36.77614663877366,27.920101031269727,35.825255216076854,28.587818230975948,37.477525673878105,27.49424697410837,0.02355278500116549,0.018199627340086566
a2p75,fshin_damping,0.7,fshin_damping_0p7,5,33.010612424660486,13.935669603816544,24.357081928640262,22.950107097641936,24.29501612108288,21.473312219541725,0.021239355251303094,0.00988333397410595
a2p75,fshin_damping,0.8,fshin_damping_0p8,5,11.70589028939421,14.742122472175884,10.870537884494889,22.492133819305096,12.05285193314071,18.74774215807319,0.007500806386641297,0.009696495694160829
a2p75,fshin_damping,0.9,fshin_damping_0p9,5,-3.154440041538055,10.584379337344995,-6.71355563157922,13.703788740488436,-4.514957397031594,9.861358083966756,-0.001958985297914584,0.006767842995016984
a2p75,fshin_damping,1.0,fshin_damping_1,5,0.0,0.0,0.0,0.0,0.0,0.0,0.0,0.0
a2p75,fshin_damping,1.1,fshin_damping_1p1,5,0.7206974712713418,4.1349040960308345,-1.7533184140617777,8.182218888519877,-0.6003161327066664,4.197913485368255,0.0003853760012552784,0.0027198895529756246
a2p75,fshin_damping,1.3,fshin_damping_1p3,5,7.684509152659166,16.713735803552,8.512632157531243,14.075753842405069,9.189784996867047,16.38953823279607,0.004783420470509049,0.010300665153379972
a2p75,fshin_damping,1.5,fshin_damping_1p5,5,13.933878172784897,28.291087895725113,10.871070916090321,30.36969374486839,12.572022663157123,30.487579062366816,0.00859771635519951,0.017520786893711452
a2p75,fshin_damping,1.7,fshin_damping_1p7,5,26.343531143348038,40.577131985250645,26.333276495522387,39.682313191396176,27.805789336308727,39.776875305971956,0.016340528327118162,0.025076462104008133
a2p75,fshin_damping,2.0,fshin_damping_2,5,46.936306850027904,61.16690439149313,48.11432337558908,58.818899167390725,47.99293827146444,60.798287508953315,0.02890164179609529,0.037797050870149534
a2p75,fshin_friction,0.0,fshin_friction_0,5,0.0,0.0,0.0,0.0,0.0,0.0,0.0,0.0
a2p75,fshin_friction,0.1,fshin_friction_0p1,5,0.0,0.0,0.0,0.0,0.0,0.0,0.0,0.0
a2p75,fshin_friction,0.2,fshin_friction_0p2,5,0.0,0.0,0.0,0.0,0.0,0.0,0.0,0.0
a2p75,fshin_friction,0.3,fshin_friction_0p3,5,0.0,0.0,0.0,0.0,0.0,0.0,0.0,0.0
a2p75,fshin_friction,0.4,fshin_friction_0p4,5,0.0,0.0,0.0,0.0,0.0,0.0,0.0,0.0
a2p75,fshin_friction,0.5,fshin_friction_0p5,5,0.0,0.0,0.0,0.0,0.0,0.0,0.0,0.0
a2p75,fshin_friction,0.6,fshin_friction_0p6,5,0.0,0.0,0.0,0.0,0.0,0.0,0.0,0.0
a2p75,fshin_friction,0.7,fshin_friction_0p7,5,0.0,0.0,0.0,0.0,0.0,0.0,0.0,0.0
a2p75,fshin_friction,0.8,fshin_friction_0p8,5,-1.0374531299501542,2.033408134702302,-1.2498931433935467,2.4497905610513517,-1.4530161325030349,2.847911619705948,-0.0006230018523707557,0.0012210836306466811
a2p75,fshin_friction,0.9,fshin_friction_0p9,5,10.882012683395079,24.587882744453093,0.4108048711209449,8.796241788990976,1.4450292639238795,7.118373243691076,0.006867243378087758,0.015847984443451608
a2p75,fshin_friction,1.0,fshin_friction_1,5,0.0,0.0,0.0,0.0,0.0,0.0,0.0,0.0
a2p75,fshin_friction,1.1,fshin_friction_1p1,5,0.0,0.0,0.0,0.0,0.0,0.0,0.0,0.0
a2p75,fshin_friction,1.3,fshin_friction_1p3,5,0.0,0.0,0.0,0.0,0.0,0.0,0.0,0.0
a2p75,fshin_friction,1.5,fshin_friction_1p5,5,0.0,0.0,0.0,0.0,0.0,0.0,0.0,0.0
a2p75,fshin_friction,1.7,fshin_friction_1p7,5,0.0,0.0,0.0,0.0,0.0,0.0,0.0,0.0
a2p75,fshin_friction,2.0,fshin_friction_2,5,0.0,0.0,0.0,0.0,0.0,0.0,0.0,0.0
a2p75,fthigh_actuator_gain,0.0,fthigh_actuator_gain_0,5,2064.118540951939,293.1848593571235,2067.3072138338493,292.83364190281105,2066.9355690858647,294.29281264554606,1.3019605899823183,0.1685972606930014
a2p75,fthigh_actuator_gain,0.1,fthigh_actuator_gain_0p1,5,1998.2843479035103,248.5908463664595,1995.303663326203,252.01676529103526,1995.5849192413575,252.28347838904781,1.2600949205648748,0.13692846005951495
a2p75,fthigh_actuator_gain,0.2,fthigh_actuator_gain_0p2,5,1948.1154005842764,160.25031673765866,1961.1280384189588,156.3523989990152,1961.060260213569,157.04913340832374,1.229444674501504,0.08608290675694386
a2p75,fthigh_actuator_gain,0.3,fthigh_actuator_gain_0p3,5,1937.6820589603103,167.4591454491705,1962.8101168748326,206.34112645036623,1959.8471903936152,201.29034065399478,1.2219738671696103,0.07933825734895746
a2p75,fthigh_actuator_gain,0.4,fthigh_actuator_gain_0p4,5,1927.2840925767646,156.39103693018063,1978.2041856433084,238.73231655937803,1974.1385350450084,231.4507591926138,1.2154982552693885,0.07170179289281478
a2p75,fthigh_actuator_gain,0.5,fthigh_actuator_gain_0p5,5,1773.170455161382,231.03019708664888,1731.9112481694451,302.2663307958568,1739.5433256346118,293.2915333887946,1.1211848140353757,0.15064869161736644
a2p75,fthigh_actuator_gain,0.6,fthigh_actuator_gain_0p6,5,1222.5968873026181,423.7830596442493,1212.762916145613,613.2890017267598,1236.7488622342657,577.3667061159256,0.7741746046749053,0.2711217579336602
a2p75,fthigh_actuator_gain,0.7,fthigh_actuator_gain_0p7,5,407.47231561013666,62.262825832962925,320.9706795890562,54.4160144944584,321.6906651657454,48.20139595262729,0.2565632061355391,0.03265517828204372
a2p75,fthigh_actuator_gain,0.8,fthigh_actuator_gain_0p8,5,198.4144354383714,36.12083428663291,180.92188383793228,30.14137581321168,179.74968854787934,29.702049318583345,0.12495381412871506,0.021047614500605598
a2p75,fthigh_actuator_gain,0.9,fthigh_actuator_gain_0p9,5,93.2933510639908,36.84945318694674,71.32987003270527,18.014270416915203,74.19631568401319,18.387400037997352,0.05872186472010439,0.023313768998471696
a2p75,fthigh_actuator_gain,1.0,fthigh_actuator_gain_1,5,0.0,0.0,0.0,0.0,0.0,0.0,0.0,0.0
a2p75,fthigh_actuator_gain,1.1,fthigh_actuator_gain_1p1,5,-49.79082935303158,23.35366098159347,-50.15644177135782,25.197920971337048,-48.81927797236658,23.36843902506164,-0.03144224080707867,0.014434423425450522
a2p75,fthigh_actuator_gain,1.3,fthigh_actuator_gain_1p3,5,-82.65232240488372,55.314593885306735,-82.15024006997564,54.69516479531357,-82.37507928506025,54.74710157090015,-0.05229863340393783,0.03464958049090269
a2p75,fthigh_actuator_gain,1.5,fthigh_actuator_gain_1p5,5,-10.620208893792915,77.02642997600206,-21.340520266641896,64.76016661268761,-21.88838356619767,62.06646947331777,-0.006322408808784057,0.04936335402739885
a2p75,fthigh_actuator_gain,1.7,fthigh_actuator_gain_1p7,5,317.9059116064054,426.58439493607074,431.064323533858,644.9402489930166,368.31459729059395,523.6103670231696,0.2090699869183581,0.2897501046546445
a2p75,fthigh_actuator_gain,2.0,fthigh_actuator_gain_2,5,737.1570447167151,458.02707604553865,568.8263854996871,601.3108240144729,660.3349048265538,593.0537073182613,0.47103764861715636,0.3051491935654642
a2p75,fthigh_damping,0.0,fthigh_damping_0,5,345.5904486343648,211.921570022934,293.7700884557632,126.32769273544629,298.8428007103424,129.41117510912233,0.2149990853438843,0.12413802946233343
a2p75,fthigh_damping,0.1,fthigh_damping_0p1,5,220.12396544120125,116.20361357218188,204.0525160685251,99.8439368286435,206.77374304245342,102.5217837412582,0.13723388427759037,0.06805602843334063
a2p75,fthigh_damping,0.2,fthigh_damping_0p2,5,120.99175277384484,41.75128538408602,120.97250049720355,47.002515363696574,118.9889566632456,45.87617227233956,0.07591399322136708,0.024127706971993363
a2p75,fthigh_damping,0.3,fthigh_damping_0p3,5,60.26639614073779,37.7220756862924,63.96518828242388,37.02493394805191,62.70216722992204,37.14655877627309,0.038190967216925595,0.02378528869917443
a2p75,fthigh_damping,0.4,fthigh_damping_0p4,5,14.823677649378306,43.339893547120475,20.25850517348922,44.20271305548634,17.732084998468828,44.66727341754623,0.009763047756363571,0.02696297328694059
a2p75,fthigh_damping,0.5,fthigh_damping_0p5,5,-18.24359914991687,40.154395816066504,-27.540337094129427,40.11107443982411,-23.846720268863283,39.49922746946298,-0.01075112519132032,0.024416695332214675
a2p75,fthigh_damping,0.6,fthigh_damping_0p6,5,-36.80674698359894,48.405740462614894,-30.41352936034291,47.117005742055,-32.98828424623366,46.9289403137212,-0.02257456500084074,0.02907168237214289
a2p75,fthigh_damping,0.7,fthigh_damping_0p7,5,-33.09601263863956,37.201159976586894,-37.13288079384343,34.72061857371574,-35.12375145548094,35.77133687275951,-0.020408729832487704,0.022290139347268312
a2p75,fthigh_damping,0.8,fthigh_damping_0p8,5,-28.431902827384146,26.14746199178616,-32.84424473056488,24.373568178182573,-30.4199909901778,24.328785472201165,-0.017578370842521347,0.01548362496789769
a2p75,fthigh_damping,0.9,fthigh_damping_0p9,5,-16.78184823287802,17.511018836465386,-18.65970030209787,15.610718164492766,-19.004215798993254,13.669759619032215,-0.010344768796624855,0.01050564140729312
a2p75,fthigh_damping,1.0,fthigh_damping_1,5,0.0,0.0,0.0,0.0,0.0,0.0,0.0,0.0
a2p75,fthigh_damping,1.1,fthigh_damping_1p1,5,31.609523261225696,18.403399738783218,30.829174424281156,21.036149495083198,30.95969777257442,20.37115999851918,0.01967964030562758,0.011001673655591963
a2p75,fthigh_damping,1.3,fthigh_damping_1p3,5,104.8602135022858,57.84556685898835,106.12641275253236,56.66987853853476,105.94369734959855,56.3754461387853,0.06523395313528843,0.034400372677503746
a2p75,fthigh_damping,1.5,fthigh_damping_1p5,5,202.69938222447354,98.41350542289956,203.02217788270968,95.95622089031674,203.3306755557951,96.08228628532389,0.12630778406365922,0.05803763299648121
a2p75,fthigh_damping,1.7,fthigh_damping_1p7,5,280.86273910430907,149.0192956222861,281.7066325756024,148.35485442668897,282.7098669310387,148.3413687619526,0.174765888537255,0.08845335640488282
a2p75,fthigh_damping,2.0,fthigh_damping_2,5,406.9866244081029,204.7539548834345,406.8758509932844,204.26880192948727,408.5704647107774,204.03643988573776,0.25358378078658,0.12169619774521565
a2p75,fthigh_friction,0.0,fthigh_friction_0,5,0.0,0.0,0.0,0.0,0.0,0.0,0.0,0.0
a2p75,fthigh_friction,0.1,fthigh_friction_0p1,5,11.919465813345232,24.2283657073098,1.6606980145144916,9.076843351386845,2.8980453964269146,7.399245158206349,0.00748831060030906,0.015634838028116778
a2p75,fthigh_friction,0.2,fthigh_friction_0p2,5,1.0374531299501542,2.033408134702302,1.2498931433935467,2.4497905610513517,1.4530161325030349,2.847911619705948,0.0006210672222213026,0.0012172917555537531
a2p75,fthigh_friction,0.3,fthigh_friction_0p3,5,1.0374531299501542,2.033408134702302,1.2498931433935467,2.4497905610513517,1.4530161325030349,2.847911619705948,0.0006210672222213026,0.0012172917555537531
a2p75,fthigh_friction,0.4,fthigh_friction_0p4,5,1.0374531299501542,2.033408134702302,1.2498931433935467,2.4497905610513517,1.4530161325030349,2.847911619705948,0.0006210672222213026,0.0012172917555537531
a2p75,fthigh_friction,0.5,fthigh_friction_0p5,5,1.0374531299501542,2.033408134702302,1.2498931433935467,2.4497905610513517,1.4530161325030349,2.847911619705948,0.0006210672222213026,0.0012172917555537531
a2p75,fthigh_friction,0.6,fthigh_friction_0p6,5,1.0374531299501542,2.033408134702302,1.2498931433935467,2.4497905610513517,1.4530161325030349,2.847911619705948,0.0006210672222213026,0.0012172917555537531
a2p75,fthigh_friction,0.7,fthigh_friction_0p7,5,1.0374531299501542,2.033408134702302,1.2498931433935467,2.4497905610513517,1.4530161325030349,2.847911619705948,0.0006210672222213026,0.0012172917555537531
a2p75,fthigh_friction,0.8,fthigh_friction_0p8,5,1.0374531299501542,2.033408134702302,1.2498931433935467,2.4497905610513517,1.4530161325030349,2.847911619705948,0.0006210672222213026,0.0012172917555537531
a2p75,fthigh_friction,0.9,fthigh_friction_0p9,5,1.0374531299501542,2.033408134702302,1.2498931433935467,2.4497905610513517,1.4530161325030349,2.847911619705948,0.0006210672222213026,0.0012172917555537531
a2p75,fthigh_friction,1.0,fthigh_friction_1,5,0.0,0.0,0.0,0.0,0.0,0.0,0.0,0.0
a2p75,fthigh_friction,1.1,fthigh_friction_1p1,5,11.919465813345232,24.2283657073098,1.6606980145144916,9.076843351386845,2.8980453964269146,7.399245158206349,0.00748831060030906,0.015634838028116778
a2p75,fthigh_friction,1.3,fthigh_friction_1p3,5,1.0374531299501542,2.033408134702302,1.2498931433935467,2.4497905610513517,1.4530161325030349,2.847911619705948,0.0006210672222213026,0.0012172917555537531
a2p75,fthigh_friction,1.5,fthigh_friction_1p5,5,1.0374531299501542,2.033408134702302,1.2498931433935467,2.4497905610513517,1.4530161325030349,2.847911619705948,0.0006210672222213026,0.0012172917555537531
a2p75,fthigh_friction,1.7,fthigh_friction_1p7,5,1.0374531299501542,2.033408134702302,1.2498931433935467,2.4497905610513517,1.4530161325030349,2.847911619705948,0.0006210672222213026,0.0012172917555537531
a2p75,fthigh_friction,2.0,fthigh_friction_2,5,1.0374531299501542,2.033408134702302,1.2498931433935467,2.4497905610513517,1.4530161325030349,2.847911619705948,0.0006210672222213026,0.0012172917555537531
a2p75,gear,0.0,gear_0,5,1898.5616347707296,52.66240292094395,1899.4986731274796,51.57225304951978,1899.8614700492362,53.07866101536772,1.1999617435409562,0.05251296507398463
a2p75,gear,0.1,gear_0p1,5,1904.2739037494764,53.8820947362594,1905.1615150783732,52.4896178545467,1905.5805304222795,54.209130040258856,1.2035601284898143,0.05285825928260632
a2p75,gear,0.2,gear_0p2,5,1909.308144669225,54.86076928679437,1910.2006521368312,53.24480273982976,1910.6051349114728,55.06498881556254,1.2066859860508166,0.052106674077148245
a2p75,gear,0.3,gear_0p3,5,1913.998799412823,56.35452815794176,1914.871780176555,54.45372478383317,1915.2642331715156,56.4226176418791,1.2095302981970015,0.05004280966757867
a2p75,gear,0.4,gear_0p4,5,1917.2183444415755,60.02399448610996,1917.995512177502,57.906584409407955,1918.4646103733344,59.888987855829384,1.211297808363506,0.04519713175774779
a2p75,gear,0.5,gear_0p5,5,1885.1369806121788,98.0130867997437,1888.4349897816476,99.69189465916024,1888.5204356371298,99.81948711865445,1.1894548704730814,0.02858475358966849
a2p75,gear,0.6,gear_0p6,5,1794.6038231106202,157.1683331621723,1755.0852433664768,247.4389751038709,1788.4785573782133,185.28433807325058,1.1344740079388012,0.1065377379443739
a2p75,gear,0.7,gear_0p7,5,834.6707856772831,211.59081772163208,667.9411724482757,126.1569959945762,735.874675371408,185.2059671180547,0.522833183354237,0.12020802000553034
a2p75,gear,0.8,gear_0p8,5,413.95721369788026,94.732010498976,398.3928511659548,96.05756240557474,398.7680566478483,96.32599414016904,0.26000284784361577,0.05425972672196957
a2p75,gear,0.9,gear_0p9,5,167.90059182356632,63.29010016809772,169.91781164671497,62.37076612484874,169.43480450046277,63.03887079902967,0.10556539272862597,0.03795983261186719
a2p75,gear,1.0,gear_1,5,0.0,0.0,0.0,0.0,0.0,0.0,0.0,0.0
a2p75,gear,1.1,gear_1p1,5,-69.84377949016789,19.158054695714277,-78.1623485636585,20.606909698471593,-75.43201914332967,18.545252382230885,-0.04405569451553957,0.012133844581645015
a2p75,gear,1.3,gear_1p3,5,-23.976430619980466,119.30231617409929,-47.3308685670243,120.37487569503399,-39.352483932032875,124.48256160256003,-0.016849310817919953,0.07483391254484434
a2p75,gear,1.5,gear_1p5,5,237.04699356745232,365.9229861999494,250.25170822873443,382.2086674156627,240.7530293372782,368.72542452269164,0.1550620869895912,0.24369116317202827
a2p75,gear,1.7,gear_1p7,5,566.245292284461,600.5515482884452,584.5709007545564,659.4137334785041,579.9577050289968,659.3952391125985,0.36748120843812937,0.40141829786269523
a2p75,gear,2.0,gear_2,5,1239.014096198754,342.2029387344497,1213.3085768023614,456.2651770380232,1201.41167038172,460.1736145560873,0.7910429673792374,0.24493395891926925
a2p75,gravity,0.0,gravity_0,5,-314.69013769735346,47.66640579718764,-294.6423631441931,20.599270677337596,-295.4847533909256,21.432007724648447,-0.24990742780127415,0.049600400725410346
a2p75,gravity,0.1,gravity_0p1,5,-285.1187234104212,43.08098037982152,-265.2984384818959,16.29614962160791,-266.48716138895486,17.054468421053016,-0.2265793906372306,0.04563083341956688
a2p75,gravity,0.2,gravity_0p2,5,-247.6109797879979,17.879736344672875,-249.42887708978841,18.12508566707963,-248.92076912493363,19.47962830665177,-0.19578432252119238,0.019708314410800364
a2p75,gravity,0.3,gravity_0p3,5,-216.68922964177864,13.321440880131393,-213.69269313401773,14.934808969980105,-215.2285429289429,12.70272619535354,-0.1713273527814582,0.015858095140876348
a2p75,gravity,0.4,gravity_0p4,5,-186.71249603444193,10.074894604714375,-184.16968736502199,11.05320378012532,-185.2726658323689,9.896220666120945,-0.14740692777083467,0.010035492183775266
a2p75,gravity,0.5,gravity_0p5,5,-159.48125921245318,16.575498904539334,-156.5381377846229,18.48974095763931,-158.8057021365711,18.927006987647662,-0.12587536537842597,0.01417803140783684
a2p75,gravity,0.6,gravity_0p6,5,-134.98356386795703,11.536317428851042,-133.83682634175162,13.952589893918953,-132.46900756747263,15.208163333523476,-0.1067146813168585,0.011948002390982312
a2p75,gravity,0.7,gravity_0p7,5,-96.93378490804066,9.321466322706122,-98.27099489842381,10.404079373846871,-97.12821015216987,9.74822460853136,-0.07638166763771642,0.00642148350535458
a2p75,gravity,0.8,gravity_0p8,5,-66.31805338631189,13.18698539504324,-64.04188472152664,15.917289028928407,-65.87014545481092,15.140341158042625,-0.05208132892896723,0.009320882630821628
a2p75,gravity,0.9,gravity_0p9,5,-37.879962079685264,7.019523924640426,-35.916781710248095,12.027463223833097,-38.14328708633966,9.064098135897593,-0.029949577017569756,0.0056471930206431755
a2p75,gravity,1.0,gravity_1,5,0.0,0.0,0.0,0.0,0.0,0.0,0.0,0.0
a2p75,gravity,1.1,gravity_1p1,5,26.99020177983789,6.446881040907665,27.621939524196204,12.507788995222562,26.62133969546894,8.889715731136505,0.02131103345181567,0.005308050035197945
a2p75,gravity,1.3,gravity_1p3,5,102.2168879613721,8.539047653498237,105.59216155182989,10.164469842796507,102.5849759552597,8.678675148413912,0.08104033772937425,0.010518909196269695
a2p75,gravity,1.5,gravity_1p5,5,179.285561092376,13.9762994175333,179.94461566958995,22.292728428691536,176.68985969324785,18.093793891794377,0.142129233332903,0.01814806571016658
a2p75,gravity,1.7,gravity_1p7,5,301.5554065201282,57.974494742514835,252.6679376162816,22.330960321898683,254.3238633852089,24.578160450848525,0.23774635626649027,0.0427680713542304
a2p75,gravity,2.0,gravity_2,5,450.22642046328184,62.739530214149966,399.2454832774835,44.18180251191844,402.4437472452094,41.14412987496563,0.3546498382344515,0.04420189770517965
a2p80,bfoot_actuator_gain,0.0,bfoot_actuator_gain_0,5,198.09175385341746,97.1567301159465,197.28928526765253,102.1829361106881,198.7525304103348,103.32267817419567,0.09312272836458034,0.014742517582099577
a2p80,bfoot_actuator_gain,0.1,bfoot_actuator_gain_0p1,5,172.42597136549767,89.09356430518439,163.7709466517252,87.12724052059436,170.46534884466806,92.04399193803359,0.08035228826109672,0.013707618474703413
a2p80,bfoot_actuator_gain,0.2,bfoot_actuator_gain_0p2,5,140.11976942624665,48.53542368698196,136.52909673213986,53.26732960548012,135.7745420483187,49.734605581372506,0.06979308173884732,0.01724681480253594
a2p80,bfoot_actuator_gain,0.3,bfoot_actuator_gain_0p3,5,109.5450537994438,33.92888930508513,96.64500803088103,35.87331556909689,102.28632401696208,38.80700893847554,0.05575268336303159,0.016485502161565423
a2p80,bfoot_actuator_gain,0.4,bfoot_actuator_gain_0p4,5,84.03088298022377,19.51667649650971,84.59054361184857,26.75771280369542,86.79670048788812,26.878775233068094,0.04517247622829744,0.016444824748431813
a2p80,bfoot_actuator_gain,0.5,bfoot_actuator_gain_0p5,5,92.1700255654786,66.40078040406287,63.50513030815982,34.830793369229816,62.4184500231017,28.90653283325675,0.04005647106702986,0.014585580534320599
a2p80,bfoot_actuator_gain,0.6,bfoot_actuator_gain_0p6,5,51.83197882712575,13.592807833173472,38.30045510539462,20.76240419919699,41.641080914035456,17.93199500789826,0.02762385337396487,0.010389837550574859
a2p80,bfoot_actuator_gain,0.7,bfoot_actuator_gain_0p7,5,40.8648016781382,41.51857448838754,25.815750804039816,13.986273897256938,24.814677137024365,14.852871925540153,0.027490848303872262,0.02663106690490728
a2p80,bfoot_actuator_gain,0.8,bfoot_actuator_gain_0p8,5,45.97699740929765,51.96702134167426,37.328620212712714,40.9582028857077,32.246360214989274,28.85128420524443,0.01660909607955891,0.010078795284933354
a2p80,bfoot_actuator_gain,0.9,bfoot_actuator_gain_0p9,5,64.37361635438606,109.01420611730896,9.608125546194833,10.643852253884127,12.298488189559203,9.935789569081221,0.01716544236389272,0.02278608578127048
a2p80,bfoot_actuator_gain,1.0,bfoot_actuator_gain_1,5,0.0,0.0,0.0,0.0,0.0,0.0,0.0,0.0
a2p80,bfoot_actuator_gain,1.1,bfoot_actuator_gain_1p1,5,107.00629306312581,226.78379422774827,1.9397188750734131,30.53248885730179,2.7516069952944235,28.871908356113977,0.020733635251852973,0.05193295348533426
a2p80,bfoot_actuator_gain,1.3,bfoot_actuator_gain_1p3,5,23.34406734206832,49.5070760263807,-22.967877533785895,18.774465393786297,-19.157882096683625,17.925798346356927,0.004884598376082051,0.015190133456479286
a2p80,bfoot_actuator_gain,1.5,bfoot_actuator_gain_1p5,5,25.913184277938807,60.076011459665246,0.12685827927462015,43.90748091887039,5.71904876055778,43.493189776494106,0.005354983938692701,0.022011197282222915
a2p80,bfoot_actuator_gain,1.7,bfoot_actuator_gain_1p7,5,33.231775234426735,84.13850537805178,-1.944160609085793,26.224663035779393,-1.176348072354949,28.20811122458294,0.0046217777326828255,0.023496636375930306
a2p80,bfoot_actuator_gain,2.0,bfoot_actuator_gain_2,5,25.434801399918843,57.81223156093051,18.181768259673344,43.94801769482398,15.17117872754029,42.18117140236193,0.004797661947271418,0.016422882505346393
a2p80,bfoot_damping,0.0,bfoot_damping_0,5,168.31657222001778,36.96720684651341,174.09228706500238,40.03022153638125,169.37781995064285,40.3168792829281,0.09155656527204692,0.035535597086488506
a2p80,bfoot_damping,0.1,bfoot_damping_0p1,5,128.8680105384291,36.094470522439096,117.40103632430859,36.410675951930244,125.40568887749468,41.560479508744855,0.06903521667665208,0.02861450072685766
a2p80,bfoot_damping,0.2,bfoot_damping_0p2,5,91.47967115900406,31.226058951875885,92.78150345375361,30.71927707574802,94.09428039651634,32.87385655575243,0.048822698444043036,0.022884782544213365
a2p80,bfoot_damping,0.3,bfoot_damping_0p3,5,88.8284836875434,69.47521393501181,56.08068482944718,23.255647529932155,57.10059987308964,23.84765557376008,0.038009798093556174,0.016251894389473893
a2p80,bfoot_damping,0.4,bfoot_damping_0p4,5,41.83292648151682,32.550973760255175,43.38682490912379,41.99397664490223,43.77829381200363,45.085491758118714,0.018011902540606653,0.009168622595285707
a2p80,bfoot_damping,0.5,bfoot_damping_0p5,5,90.70465695722564,150.03078777536288,6.062821491216255,12.161715082869103,10.319788570205446,13.910530153641382,0.02468438569777109,0.03214745793087784
a2p80,bfoot_damping,0.6,bfoot_damping_0p6,5,89.92756617850723,181.7576175574548,18.470474127636543,46.74852747668672,19.95287912580134,49.4076173208693,0.018920887463857,0.04132662566913284
a2p80,bfoot_damping,0.7,bfoot_damping_0p7,5,74.57425928907227,143.46148886825765,6.275219595656926,21.949299645612168,11.783048107734293,27.195781084849298,0.016902705775064728,0.03301861096757692
a2p80,bfoot_damping,0.8,bfoot_damping_0p8,5,44.13876180905127,93.66204872583856,11.242304729624902,34.0038155379002,14.44678285333489,39.150806939815816,0.00863735924680465,0.022627785176903267
a2p80,bfoot_damping,0.9,bfoot_damping_0p9,5,-8.127703804545082,8.080366508599628,-12.684570674668294,8.005952658447013,-10.151167357195572,8.083807659398257,-0.003919555538816272,0.004644620825869329
a2p80,bfoot_damping,1.0,bfoot_damping_1,5,0.0,0.0,0.0,0.0,0.0,0.0,0.0,0.0
a2p80,bfoot_damping,1.1,bfoot_damping_1p1,5,37.651977464526496,68.79806547941149,4.12279959734119,16.273066346108344,6.784653693299515,15.73584752263569,0.009187385501059155,0.014954836156941655
a2p80,bfoot_damping,1.3,bfoot_damping_1p3,5,72.69201831359791,111.29392212494565,30.589547433025835,24.278624986384802,31.41115996497947,24.829402241487973,0.02135807097140382,0.02237925158620758
a2p80,bfoot_damping,1.5,bfoot_damping_1p5,5,115.0122245320415,174.3769111918695,12.966160838909127,24.679764543935647,15.433019166238546,21.990264051578265,0.03404635122358908,0.03495006659823773
a2p80,bfoot_damping,1.7,bfoot_damping_1p7,5,8.842396122542459,34.13534014663606,6.142039641134351,30.171023075350153,7.799235367584652,30.078615796415605,0.010266942638017033,0.01371343867122216
a2p80,bfoot_damping,2.0,bfoot_damping_2,5,41.40654706680088,17.108473684581334,40.74672040063128,19.883396378323024,41.43580016377332,21.383483129966038,0.02177669703181734,0.011072411778395885
a2p80,bfoot_friction,0.0,bfoot_friction_0,5,0.0,0.0,0.0,0.0,0.0,0.0,0.0,0.0
a2p80,bfoot_friction,0.1,bfoot_friction_0p1,5,55.7144404544023,102.2121039093112,8.30993440169691,7.48548212304603,9.651460803895906,12.847322109604885,0.013516788724330162,0.022355602861360162
a2p80,bfoot_friction,0.2,bfoot_friction_0p2,5,0.46436931926191394,0.9101638657533511,1.601345380060593,3.138636944918762,0.6084732116851228,1.1926074949028407,0.0003099876337863287,0.0006075757622212042
a2p80,bfoot_friction,0.3,bfoot_friction_0p3,5,0.46436931926191394,0.9101638657533511,1.601345380060593,3.138636944918762,0.6084732116851228,1.1926074949028407,0.0003099876337863287,0.0006075757622212042
a2p80,bfoot_friction,0.4,bfoot_friction_0p4,5,0.46436931926191394,0.9101638657533511,1.601345380060593,3.138636944918762,0.6084732116851228,1.1926074949028407,0.0003099876337863287,0.0006075757622212042
a2p80,bfoot_friction,0.5,bfoot_friction_0p5,5,0.46436931926191394,0.9101638657533511,1.601345380060593,3.138636944918762,0.6084732116851228,1.1926074949028407,0.0003099876337863287,0.0006075757622212042
a2p80,bfoot_friction,0.6,bfoot_friction_0p6,5,0.46436931926191394,0.9101638657533511,1.601345380060593,3.138636944918762,0.6084732116851228,1.1926074949028407,0.0003099876337863287,0.0006075757622212042
a2p80,bfoot_friction,0.7,bfoot_friction_0p7,5,0.46436931926191394,0.9101638657533511,1.601345380060593,3.138636944918762,0.6084732116851228,1.1926074949028407,0.0003099876337863287,0.0006075757622212042
a2p80,bfoot_friction,0.8,bfoot_friction_0p8,5,0.46436931926191394,0.9101638657533511,1.601345380060593,3.138636944918762,0.6084732116851228,1.1926074949028407,0.0003099876337863287,0.0006075757622212042
a2p80,bfoot_friction,0.9,bfoot_friction_0p9,5,0.46436931926191394,0.9101638657533511,1.601345380060593,3.138636944918762,0.6084732116851228,1.1926074949028407,0.0003099876337863287,0.0006075757622212042
a2p80,bfoot_friction,1.0,bfoot_friction_1,5,0.0,0.0,0.0,0.0,0.0,0.0,0.0,0.0
a2p80,bfoot_friction,1.1,bfoot_friction_1p1,5,55.7144404544023,102.2121039093112,8.30993440169691,7.48548212304603,9.651460803895906,12.847322109604885,0.013516788724330162,0.022355602861360162
a2p80,bfoot_friction,1.3,bfoot_friction_1p3,5,0.46436931926191394,0.9101638657533511,1.601345380060593,3.138636944918762,0.6084732116851228,1.1926074949028407,0.0003099876337863287,0.0006075757622212042
a2p80,bfoot_friction,1.5,bfoot_friction_1p5,5,0.46436931926191394,0.9101638657533511,1.601345380060593,3.138636944918762,0.6084732116851228,1.1926074949028407,0.0003099876337863287,0.0006075757622212042
a2p80,bfoot_friction,1.7,bfoot_friction_1p7,5,0.46436931926191394,0.9101638657533511,1.601345380060593,3.138636944918762,0.6084732116851228,1.1926074949028407,0.0003099876337863287,0.0006075757622212042
a2p80,bfoot_friction,2.0,bfoot_friction_2,5,0.46436931926191394,0.9101638657533511,1.601345380060593,3.138636944918762,0.6084732116851228,1.1926074949028407,0.0003099876337863287,0.0006075757622212042
a2p80,bshin_actuator_gain,0.0,bshin_actuator_gain_0,5,2040.656417863845,599.284490483719,2004.723874063641,537.5333479860514,2010.4263581626317,545.411743353578,1.0299300755250624,0.2081880188876998
a2p80,bshin_actuator_gain,0.1,bshin_actuator_gain_0p1,5,1953.0103385175364,584.7142555550113,1927.906282099643,545.2817501458345,1929.0427193537314,542.4155222747805,0.9894165195306612,0.2347655025617658
a2p80,bshin_actuator_gain,0.2,bshin_actuator_gain_0p2,5,1825.7880532469758,516.7906126908722,1802.7686990518291,487.0221222016458,1804.904835865576,491.9621756967091,0.9391558174770145,0.2713112673264919
a2p80,bshin_actuator_gain,0.3,bshin_actuator_gain_0p3,5,1635.4310493686758,479.86262953492843,1653.8769913355711,475.4353918829517,1651.8144910394217,481.02428791675965,0.8486861629306899,0.28784214652197226
a2p80,bshin_actuator_gain,0.4,bshin_actuator_gain_0p4,5,1390.0531071941762,425.8614629231583,1282.6775940111772,475.9870755561353,1343.647767823212,450.4828223250296,0.7137063033950188,0.22596369285199225
a2p80,bshin_actuator_gain,0.5,bshin_actuator_gain_0p5,5,1150.767059743299,327.59731843845015,841.3319880319444,266.95692893297115,1004.2082347484782,249.68351538399745,0.5905066329469757,0.16536630469764438
a2p80,bshin_actuator_gain,0.6,bshin_actuator_gain_0p6,5,810.6826472165037,302.51001363155393,636.7739914828733,233.43785332593407,661.7194908766297,235.42982161645259,0.405661675883068,0.13239485438880888
a2p80,bshin_actuator_gain,0.7,bshin_actuator_gain_0p7,5,519.2951680470317,232.48257972194162,423.7966202875524,136.24932339696034,428.3281589969629,140.8419647538034,0.24980629736774002,0.0692006561115488
a2p80,bshin_actuator_gain,0.8,bshin_actuator_gain_0p8,5,324.30676406363864,152.26737036189442,226.03320018896898,72.37594537807668,230.1552223541026,69.57019222045636,0.15527385404789196,0.048531409582780974
a2p80,bshin_actuator_gain,0.9,bshin_actuator_gain_0p9,5,174.45546062229874,123.4764984920677,92.37462372737869,37.18900203184041,93.89565860876128,34.78370533013361,0.07721287587929183,0.037650138227690554
a2p80,bshin_actuator_gain,1.0,bshin_actuator_gain_1,5,0.0,0.0,0.0,0.0,0.0,0.0,0.0,0.0
a2p80,bshin_actuator_gain,1.1,bshin_actuator_gain_1p1,5,12.838155413875347,101.55806365406858,-51.45346573710835,35.984214936680324,-49.60120304330535,36.11675948270208,-0.008152997789934172,0.035900089865527035
a2p80,bshin_actuator_gain,1.3,bshin_actuator_gain_1p3,5,-54.73545890396235,30.618801017874897,-69.09143445879617,28.020116661215294,-61.089044423923994,28.184279375173656,-0.03168312155894502,0.021502681644337697
a2p80,bshin_actuator_gain,1.5,bshin_actuator_gain_1p5,5,233.11512532652915,376.3055196933743,108.92252063981554,202.3342195325829,107.85579852137339,200.31971823831668,0.06518789751285858,0.08569407698649441
a2p80,bshin_actuator_gain,1.7,bshin_actuator_gain_1p7,5,744.5387010523584,1193.2636631458147,793.7071953787408,1333.2815047707224,763.1264491525365,1282.245653179142,0.20813195285318375,0.2548072999294919
a2p80,bshin_actuator_gain,2.0,bshin_actuator_gain_2,5,1112.3589823472735,1363.4865099604892,1039.8688753174872,1478.3429783989825,1037.6266151366092,1473.0543995779385,0.38171209215286656,0.26093171695637235
a2p80,bshin_damping,0.0,bshin_damping_0,5,879.7822305373016,390.0817869747577,870.3498633278475,372.5842111979669,873.009102376903,379.4010617989449,0.4261547815258768,0.11881425345350155
a2p80,bshin_damping,0.1,bshin_damping_0p1,5,673.977489943191,289.1268988715802,653.6831643555619,253.24358855672867,652.0420447508549,254.165543624769,0.3355236095903953,0.13264359067657291
a2p80,bshin_damping,0.2,bshin_damping_0p2,5,468.6154966628416,205.5371323786527,448.94627932356735,211.04024896162684,446.74638772819816,203.20751044430077,0.24833094982624937,0.13965955225769147
a2p80,bshin_damping,0.3,bshin_damping_0p3,5,298.43302714466915,196.4979736054119,284.41447453771104,193.26194323815773,282.947368840303,194.9772785308298,0.16759761393909337,0.13935719091742818
a2p80,bshin_damping,0.4,bshin_damping_0p4,5,174.38219968793678,174.43702091481066,157.83028814789424,175.6693311404198,156.88170667962112,178.53610183098107,0.10248588912655165,0.12099963427456183
a2p80,bshin_damping,0.5,bshin_damping_0p5,5,56.85431759602125,170.31126796437243,58.70035109356854,169.71748526875695,60.53291055985096,169.23724287036072,0.034358210480116815,0.11344285919965393
a2p80,bshin_damping,0.6,bshin_damping_0p6,5,13.967329759425956,142.23728784716488,-9.606479579057714,146.69013949199945,-6.004514388934649,149.36839559913594,0.007517160663098604,0.0920458205668763
a2p80,bshin_damping,0.7,bshin_damping_0p7,5,-40.892877049395565,112.39601342222845,-34.06914946841361,116.26532711595287,-33.806244804186875,115.21201498596415,-0.022588913108639048,0.07255591971259981
a2p80,bshin_damping,0.8,bshin_damping_0p8,5,-37.15558000003439,75.33597151051987,-61.2276625249126,59.71999354584509,-53.89319391053577,62.478148400873295,-0.026903086509273106,0.04266394731349184
a2p80,bshin_damping,0.9,bshin_damping_0p9,5,-19.827990158327566,39.66000547635607,-27.859327133240186,30.99615373330364,-29.780762862930352,30.541040331656383,-0.01511364679987981,0.02114344170854135
a2p80,bshin_damping,1.0,bshin_damping_1,5,0.0,0.0,0.0,0.0,0.0,0.0,0.0,0.0
a2p80,bshin_damping,1.1,bshin_damping_1p1,5,145.91919421381704,169.59222431887116,65.26704767598271,30.234348735616877,73.08761097253219,37.69260750322852,0.05177194241077304,0.03148889159301698
a2p80,bshin_damping,1.3,bshin_damping_1p3,5,261.93187461017,103.75953328860622,215.82767382429466,36.71170706505705,215.37022609413492,35.800386138673744,0.12737985841354496,0.023262710854204036
a2p80,bshin_damping,1.5,bshin_damping_1p5,5,517.4660182259396,303.87538152168224,413.8770536625558,115.42455726524459,443.0559092466303,166.78436053943844,0.23391764066420842,0.01776577457469219
a2p80,bshin_damping,1.7,bshin_damping_1p7,5,760.2824273819065,459.01787390137395,672.548764787968,326.09425701754753,720.507186058034,416.73880095791196,0.3424116997645153,0.03887665018140979
a2p80,bshin_damping,2.0,bshin_damping_2,5,928.0782982520823,416.83251440440176,816.9563200889934,236.4802175150434,885.4372748859139,340.6734441611917,0.44913160411311387,0.12181824935569757
a2p80,bshin_friction,0.0,bshin_friction_0,5,0.0,0.0,0.0,0.0,0.0,0.0,0.0,0.0
a2p80,bshin_friction,0.1,bshin_friction_0p1,5,0.0,0.0,0.0,0.0,0.0,0.0,0.0,0.0
a2p80,bshin_friction,0.2,bshin_friction_0p2,5,-0.46436931926191394,0.9101638657533511,-1.601345380060593,3.138636944918762,-0.6084732116851228,1.1926074949028407,-0.00031046884129371383,0.0006085189289356791
a2p80,bshin_friction,0.3,bshin_friction_0p3,5,55.25007113514039,102.44884905779209,6.708589021636317,8.17411215894333,9.042987592210784,13.198500400964209,0.013206801090543832,0.02252259933005791
a2p80,bshin_friction,0.4,bshin_friction_0p4,5,0.0,0.0,0.0,0.0,0.0,0.0,0.0,0.0
a2p80,bshin_friction,0.5,bshin_friction_0p5,5,0.0,0.0,0.0,0.0,0.0,0.0,0.0,0.0
a2p80,bshin_friction,0.6,bshin_friction_0p6,5,0.0,0.0,0.0,0.0,0.0,0.0,0.0,0.0
a2p80,bshin_friction,0.7,bshin_friction_0p7,5,0.0,0.0,0.0,0.0,0.0,0.0,0.0,0.0
a2p80,bshin_friction,0.8,bshin_friction_0p8,5,0.0,0.0,0.0,0.0,0.0,0.0,0.0,0.0
a2p80,bshin_friction,0.9,bshin_friction_0p9,5,0.0,0.0,0.0,0.0,0.0,0.0,0.0,0.0
a2p80,bshin_friction,1.0,bshin_friction_1,5,0.0,0.0,0.0,0.0,0.0,0.0,0.0,0.0
a2p80,bshin_friction,1.1,bshin_friction_1p1,5,0.0,0.0,0.0,0.0,0.0,0.0,0.0,0.0
a2p80,bshin_friction,1.3,bshin_friction_1p3,5,-0.46436931926191394,0.9101638657533511,-1.601345380060593,3.138636944918762,-0.6084732116851228,1.1926074949028407,-0.00031046884129371383,0.0006085189289356791
a2p80,bshin_friction,1.5,bshin_friction_1p5,5,55.25007113514039,102.44884905779209,6.708589021636317,8.17411215894333,9.042987592210784,13.198500400964209,0.013206801090543832,0.02252259933005791
a2p80,bshin_friction,1.7,bshin_friction_1p7,5,0.0,0.0,0.0,0.0,0.0,0.0,0.0,0.0
a2p80,bshin_friction,2.0,bshin_friction_2,5,0.0,0.0,0.0,0.0,0.0,0.0,0.0,0.0
a2p80,bthigh_actuator_gain,0.0,bthigh_actuator_gain_0,5,1859.253165835351,1493.68294144639,1843.979892180833,1503.7199494000336,1845.7911735792804,1504.8581488707057,0.7964698826261664,0.38819442414624217
a2p80,bthigh_actuator_gain,0.1,bthigh_actuator_gain_0p1,5,1664.409467282799,1419.0150414281186,1714.8024151767854,1436.1252340973779,1716.8328577842562,1437.968986117754,0.6963359082493247,0.3410437262885846
a2p80,bthigh_actuator_gain,0.2,bthigh_actuator_gain_0p2,5,1312.9884586470046,1296.3469625331404,1247.5495084469107,1338.6996669872847,1252.4724165959062,1345.4519103591115,0.512055443928635,0.23680673816421074
a2p80,bthigh_actuator_gain,0.3,bthigh_actuator_gain_0p3,5,877.6779383231972,839.1614094104991,862.0802196567772,833.1775770434609,858.5549650290308,826.6677656242423,0.34572378009020577,0.1396672767123435
a2p80,bthigh_actuator_gain,0.4,bthigh_actuator_gain_0p4,5,551.3869128332005,457.08328075354535,524.9521381651623,424.8017786637691,533.2424564866617,437.18128744619355,0.22729242958023047,0.056759710727600304
a2p80,bthigh_actuator_gain,0.5,bthigh_actuator_gain_0p5,5,329.38390669878515,201.04256195974378,316.7090998327418,188.19722335728173,317.40631587200977,191.2197246772831,0.14738745718792193,0.014167327746963568
a2p80,bthigh_actuator_gain,0.6,bthigh_actuator_gain_0p6,5,216.4854510337535,102.74733128311827,219.1095256698241,113.48021731308813,219.5948573843591,110.47912154000528,0.10199265162473385,0.01414154155551612
a2p80,bthigh_actuator_gain,0.7,bthigh_actuator_gain_0p7,5,123.01473821972112,41.359788543608744,108.22742052918048,33.91463688258542,112.2524058434426,32.09767906557872,0.06864342628610584,0.03257653918296042
a2p80,bthigh_actuator_gain,0.8,bthigh_actuator_gain_0p8,5,20.441228368751354,97.08534948573946,8.898940784769593,112.06549718780381,14.101463089554409,107.52866025865463,0.026267919378767025,0.036277604900063445
a2p80,bthigh_actuator_gain,0.9,bthigh_actuator_gain_0p9,5,45.342259730815385,35.41614247621149,-13.440895859619241,80.23749556364892,-10.446928977296693,77.24595223461556,0.01940891002213157,0.010453003911859859
a2p80,bthigh_actuator_gain,1.0,bthigh_actuator_gain_1,5,0.0,0.0,0.0,0.0,0.0,0.0,0.0,0.0
a2p80,bthigh_actuator_gain,1.1,bthigh_actuator_gain_1p1,5,87.08186554928238,195.20914926974953,-3.0882559413993476,31.56581736677426,2.860418949538507,40.78384170367536,0.01568649741669483,0.046965979120880734
a2p80,bthigh_actuator_gain,1.3,bthigh_actuator_gain_1p3,5,47.6337588335216,65.68955622441827,2.5618989018031244,83.58988090845484,8.264401763380011,76.71450868746282,0.022286981376339745,0.03921135943640465
a2p80,bthigh_actuator_gain,1.5,bthigh_actuator_gain_1p5,5,347.6209184031686,429.0013259953451,200.43729193543612,150.1008720986249,270.9856974299434,277.48378380465084,0.12236910952733374,0.09493930870510657
a2p80,bthigh_actuator_gain,1.7,bthigh_actuator_gain_1p7,5,621.1275949826197,584.3626570025685,626.0803848940401,681.7972405797871,594.9102207366038,614.1101006012107,0.24626448438742332,0.09896546390076333
a2p80,bthigh_actuator_gain,2.0,bthigh_actuator_gain_2,5,1120.711313493362,957.551650690525,1147.0747804061332,1122.5245862396473,1128.532872205573,1089.5240167664654,0.4607613360380761,0.14980636608295297
a2p80,bthigh_damping,0.0,bthigh_damping_0,5,1560.2457014740676,1241.1022161529395,1606.2540116877242,1361.1809156678466,1596.6474279078147,1351.751524823515,0.6873579437902279,0.428197162612134
a2p80,bthigh_damping,0.1,bthigh_damping_0p1,5,1384.4148368652275,1140.8399186235067,1400.0125125672755,1174.8207170082935,1400.9515457008029,1171.413186799104,0.6063793618449594,0.4059495292575605
a2p80,bthigh_damping,0.2,bthigh_damping_0p2,5,1185.287079081174,1062.3755778281047,1211.2190709450094,1112.3937759828648,1227.0215668345147,1142.972318861119,0.4958687962857466,0.31500613217445733
a2p80,bthigh_damping,0.3,bthigh_damping_0p3,5,927.8178682832422,894.9572114989143,869.261088122824,791.496405080647,936.9271392928136,913.5843533702091,0.37132440220911106,0.21990841522745797
a2p80,bthigh_damping,0.4,bthigh_damping_0p4,5,643.9262671128192,634.9792980908622,715.4964052288008,762.9753146649535,692.7000600044059,724.8756000191707,0.25516925294337794,0.1561254772728132
a2p80,bthigh_damping,0.5,bthigh_damping_0p5,5,432.821101856022,415.5034350452779,247.2152796764748,145.35869137309817,356.14574512029475,280.6961479975591,0.17333603153410876,0.10378946513512761
a2p80,bthigh_damping,0.6,bthigh_damping_0p6,5,151.30431765722938,104.67751790848313,98.34237973391073,126.49668677696891,99.06418325967248,124.86249402928783,0.07811713033627721,0.06571297562916895
a2p80,bthigh_damping,0.7,bthigh_damping_0p7,5,87.20135468339527,58.68937610373658,37.88698510651811,84.87068999311882,35.855341043115956,85.08341962625487,0.04892961786595485,0.04091838837803029
a2p80,bthigh_damping,0.8,bthigh_damping_0p8,5,32.66174758853449,42.500273946378805,10.233496020147413,44.37307805294865,11.18441327358073,44.99639222169788,0.01900716329297089,0.027592660038097346
a2p80,bthigh_damping,0.9,bthigh_damping_0p9,5,105.08413903323112,186.05560481775078,28.5464243611515,47.77757077199028,31.821177609963843,49.12094354771456,0.026879084190152218,0.04066269853750845
a2p80,bthigh_damping,1.0,bthigh_damping_1,5,0.0,0.0,0.0,0.0,0.0,0.0,0.0,0.0
a2p80,bthigh_damping,1.1,bthigh_damping_1p1,5,-4.1954763007807285,12.488718085928241,-19.718797371869687,32.3682654999535,-19.157190281103887,34.42808116435763,-0.00030072512084329474,0.003632786355039245
a2p80,bthigh_damping,1.3,bthigh_damping_1p3,5,46.93540894011458,37.82148403534215,24.980471503658055,18.62033110761909,25.964023786056806,15.756747620864138,0.020404811340940666,0.011825013947530142
a2p80,bthigh_damping,1.5,bthigh_damping_1p5,5,80.17674029234986,37.10510160613161,72.07490355941168,32.95960401822185,77.17985855949942,35.22511137261071,0.04036415849797835,0.019660498241261978
a2p80,bthigh_damping,1.7,bthigh_damping_1p7,5,142.93604203390387,98.16767278645622,142.65192711551254,102.29332281423557,143.78630535135935,101.30321268380216,0.06376590081469288,0.024300277343294836
a2p80,bthigh_damping,2.0,bthigh_damping_2,5,293.5929044788625,292.2811243912705,274.16914949136833,256.9240016433032,275.55878951348245,261.4556105720023,0.11463804483426479,0.05739234999658214
a2p80,bthigh_friction,0.0,bthigh_friction_0,5,0.0,0.0,0.0,0.0,0.0,0.0,0.0,0.0
a2p80,bthigh_friction,0.1,bthigh_friction_0p1,5,0.0,0.0,0.0,0.0,0.0,0.0,0.0,0.0
a2p80,bthigh_friction,0.2,bthigh_friction_0p2,5,0.0,0.0,0.0,0.0,0.0,0.0,0.0,0.0
a2p80,bthigh_friction,0.3,bthigh_friction_0p3,5,0.0,0.0,0.0,0.0,0.0,0.0,0.0,0.0
a2p80,bthigh_friction,0.4,bthigh_friction_0p4,5,-0.46436931926191394,0.9101638657533511,-1.601345380060593,3.138636944918762,-0.6084732116851228,1.1926074949028407,-0.00031046884129371383,0.0006085189289356791
a2p80,bthigh_friction,0.5,bthigh_friction_0p5,5,55.25007113514039,102.44884905779209,6.708589021636317,8.17411215894333,9.042987592210784,13.198500400964209,0.013206801090543832,0.02252259933005791
a2p80,bthigh_friction,0.6,bthigh_friction_0p6,5,0.0,0.0,0.0,0.0,0.0,0.0,0.0,0.0
a2p80,bthigh_friction,0.7,bthigh_friction_0p7,5,0.0,0.0,0.0,0.0,0.0,0.0,0.0,0.0
a2p80,bthigh_friction,0.8,bthigh_friction_0p8,5,0.0,0.0,0.0,0.0,0.0,0.0,0.0,0.0
a2p80,bthigh_friction,0.9,bthigh_friction_0p9,5,0.0,0.0,0.0,0.0,0.0,0.0,0.0,0.0
a2p80,bthigh_friction,1.0,bthigh_friction_1,5,0.0,0.0,0.0,0.0,0.0,0.0,0.0,0.0
a2p80,bthigh_friction,1.1,bthigh_friction_1p1,5,0.0,0.0,0.0,0.0,0.0,0.0,0.0,0.0
a2p80,bthigh_friction,1.3,bthigh_friction_1p3,5,0.0,0.0,0.0,0.0,0.0,0.0,0.0,0.0
a2p80,bthigh_friction,1.5,bthigh_friction_1p5,5,0.0,0.0,0.0,0.0,0.0,0.0,0.0,0.0
a2p80,bthigh_friction,1.7,bthigh_friction_1p7,5,-0.46436931926191394,0.9101638657533511,-1.601345380060593,3.138636944918762,-0.6084732116851228,1.1926074949028407,-0.00031046884129371383,0.0006085189289356791
a2p80,bthigh_friction,2.0,bthigh_friction_2,5,55.25007113514039,102.44884905779209,6.708589021636317,8.17411215894333,9.042987592210784,13.198500400964209,0.013206801090543832,0.02252259933005791
a2p80,damping,0.0,damping_0,5,2132.511588612424,1159.7349154666344,2167.283355249091,1216.1477370207667,2161.059282116724,1221.055890934617,0.9785292358065248,0.049446577134108646
a2p80,damping,0.1,damping_0p1,5,1954.7689808238586,1152.0571376901132,1979.9260922779151,1182.7600310474975,1966.5590297109788,1196.4683340421775,0.8836399886270477,0.10171007272090742
a2p80,damping,0.2,damping_0p2,5,1672.202627576687,1008.5473191746237,1695.8445197444794,1035.848122774529,1707.0167977600763,1077.3371947628943,0.7561597561438045,0.16343433644679004
a2p80,damping,0.3,damping_0p3,5,1377.5977043952444,966.1822506624081,1377.5367670397404,1098.0544191615154,1393.1957956942547,1076.1847586673116,0.6007225020483713,0.1662677079766622
a2p80,damping,0.4,damping_0p4,5,812.1259824188871,379.5047267327106,710.0917306948911,333.94688513812974,747.5995256091985,341.8316524810445,0.40264846264015147,0.1791440052820799
a2p80,damping,0.5,damping_0p5,5,547.6179176074878,384.76683002869885,369.2931237656194,169.90150563812935,461.8560638576091,287.1563107365986,0.24141754345639974,0.09674439238235454
a2p80,damping,0.6,damping_0p6,5,162.8103874002166,96.59861172951065,140.83216078775564,103.53378075721587,137.39313129475582,101.65977454093445,0.08617729951421796,0.061042917743784106
a2p80,damping,0.7,damping_0p7,5,105.87548843853487,105.1835901304672,44.60178347246706,50.53921321827279,47.02271951646571,52.923440618305136,0.042843782058950015,0.03769058626049128
a2p80,damping,0.8,damping_0p8,5,34.904769041733424,105.52833725266026,-2.4862536040683154,78.81121775215794,-1.3601548306456608,76.43721203399089,0.0047467395024787026,0.04455797225164821
a2p80,damping,0.9,damping_0p9,5,-16.868982905146094,65.74114151726492,-26.22931382815391,58.48950482332231,-22.53077623185677,64.72253872843406,-0.019089674807699165,0.02746528099860018
a2p80,damping,1.0,damping_1,5,0.0,0.0,0.0,0.0,0.0,0.0,0.0,0.0
a2p80,damping,1.1,damping_1p1,5,263.1101627968954,268.24029352661455,117.799953159377,55.98885363322817,148.26141101282786,70.3558724251118,0.09980646203358828,0.05087502297748711
a2p80,damping,1.3,damping_1p3,5,603.0705605569193,332.218365949018,482.619946396867,159.50164383206788,497.604676836175,177.6484046511802,0.277929197840732,0.07137163397042015
a2p80,damping,1.5,damping_1p5,5,933.2375609269445,479.35251293951245,889.7878991596701,424.2987661144804,887.3239513504129,418.9121580177132,0.4353792638101953,0.09903216401382176
a2p80,damping,1.7,damping_1p7,5,1199.5670781539445,641.9890833115976,1196.5826615549865,633.8369888661715,1201.314268415851,643.8805105618351,0.5543432775888854,0.11852385992206274
a2p80,damping,2.0,damping_2,5,1902.6268363763825,1404.9755365961914,1902.519775130217,1406.8037952360075,1904.2595388326251,1407.9055600466156,0.8098915651901196,0.17089331636494307
a2p80,ffoot_actuator_gain,0.0,ffoot_actuator_gain_0,5,334.2665288211863,526.666882215751,282.09524591586944,468.26810339138643,288.43956646712695,480.6977904832264,0.09591509130844457,0.10929496028944098
a2p80,ffoot_actuator_gain,0.1,ffoot_actuator_gain_0p1,5,253.4792692084984,374.9860140005982,219.51927177228555,354.39190926703395,219.12619387502008,351.86061470877416,0.07690357187915872,0.07731816598391639
a2p80,ffoot_actuator_gain,0.2,ffoot_actuator_gain_0p2,5,233.15470362698494,399.8814605014774,190.37381288398896,319.37918110822557,194.09016642004872,325.55883783816466,0.06128121161743788,0.08379277480864573
a2p80,ffoot_actuator_gain,0.3,ffoot_actuator_gain_0p3,5,189.29447315094185,281.9999512252743,141.34309636865592,234.45348793742892,145.56462222200003,241.39214682318425,0.05735201912982083,0.06059074652777714
a2p80,ffoot_actuator_gain,0.4,ffoot_actuator_gain_0p4,5,145.60265204866215,254.49862504640123,110.21913826427021,191.3373804764649,114.70358620727393,197.25397005169387,0.03750586043435323,0.0540027294785377
a2p80,ffoot_actuator_gain,0.5,ffoot_actuator_gain_0p5,5,154.47288230586028,292.6285597377621,81.02136164273975,157.97420755440598,86.60888554765343,165.4259954077396,0.03592089475550357,0.06393146630965875
a2p80,ffoot_actuator_gain,0.6,ffoot_actuator_gain_0p6,5,126.8009856482518,236.86438480841719,61.493541052169896,112.1252064952769,66.34273838367467,120.93803439659028,0.030154353560146098,0.05152854809824237
a2p80,ffoot_actuator_gain,0.7,ffoot_actuator_gain_0p7,5,130.89555535057934,250.4896539362865,54.06807907747693,97.89488266995727,58.360748829398155,107.55599469417525,0.03002072269215077,0.05490207120828927
a2p80,ffoot_actuator_gain,0.8,ffoot_actuator_gain_0p8,5,71.2706061632346,142.07841357745937,26.718702328262907,54.88828973182664,30.375096454619232,63.10808346772254,0.015367366934865184,0.031631922486254724
a2p80,ffoot_actuator_gain,0.9,ffoot_actuator_gain_0p9,5,25.67878722355149,34.068514229157316,-2.9618202932521855,11.914780677203357,0.730509278565205,7.06737677575807,0.014449794203053378,0.021740360836385145
a2p80,ffoot_actuator_gain,1.0,ffoot_actuator_gain_1,5,0.0,0.0,0.0,0.0,0.0,0.0,0.0,0.0
a2p80,ffoot_actuator_gain,1.1,ffoot_actuator_gain_1p1,5,5.961058067919703,60.439197653890005,-17.466110256232422,37.83794722595338,-14.435865286331,35.2509640168586,0.010486640128342004,0.029545372975270268
a2p80,ffoot_actuator_gain,1.3,ffoot_actuator_gain_1p3,5,8.219371652735344,52.611537581318096,-13.228333723500281,19.819886190367583,-15.825312677781222,25.56053276330107,0.009017202774393957,0.02940100238947332
a2p80,ffoot_actuator_gain,1.5,ffoot_actuator_gain_1p5,5,2.5394428968132616,37.84430707574019,-5.850428826211146,19.027018536424194,-4.260295703331394,17.057677695181404,0.004085763254116881,0.020959348586315225
a2p80,ffoot_actuator_gain,1.7,ffoot_actuator_gain_1p7,5,12.05333702840071,32.19765280751197,5.307672814432817,25.50511795136572,7.031999274739519,26.423128444229903,0.0033130401376487996,0.017349790221696613
a2p80,ffoot_actuator_gain,2.0,ffoot_actuator_gain_2,5,51.16641666791979,76.80096668236018,34.006439222107566,74.4186823383113,35.87312137346921,77.98074026585462,0.019444660159775477,0.03802731989351573
a2p80,ffoot_damping,0.0,ffoot_damping_0,5,220.81318180609395,390.8367975785901,98.49381594175493,161.00828144130494,108.71098303466019,178.09748416198678,0.055677764364525165,0.08362245162286945
a2p80,ffoot_damping,0.1,ffoot_damping_0p1,5,149.88390657973076,260.2150321282968,62.947682828534106,94.6117999706641,61.79790787824409,92.99627193519763,0.03864755260485534,0.0552916008191594
a2p80,ffoot_damping,0.2,ffoot_damping_0p2,5,103.90315538540968,165.34405674672342,37.364856945501835,45.69327360442459,34.8731832662455,39.42736778054802,0.029256064276124854,0.03405198276682034
a2p80,ffoot_damping,0.3,ffoot_damping_0p3,5,86.60692701252825,156.39497718081688,32.281499992978524,57.395068624872344,43.740730088173585,78.52122655034684,0.021312062467931693,0.03395869410414742
a2p80,ffoot_damping,0.4,ffoot_damping_0p4,5,-8.335698413793079,21.544390800967843,-11.149807219823924,20.167035859561317,-7.728758419898531,18.797988847475917,-0.0013207031843715787,0.006882043724894284
a2p80,ffoot_damping,0.5,ffoot_damping_0p5,5,45.426255470680324,82.16747234043751,8.526973717905594,9.026615719143214,5.686609036909749,6.474699934339384,0.011120894932021027,0.017893183841811374
a2p80,ffoot_damping,0.6,ffoot_damping_0p6,5,-1.1353550961923247,12.643682059086512,-23.598112453477825,39.52797288065011,-22.28763522757231,38.4219985843411,0.00017537425239811945,0.007112986471505349
a2p80,ffoot_damping,0.7,ffoot_damping_0p7,5,-10.879298361262318,39.109591925571166,-17.754446903713777,47.977410368506945,-14.033474515612625,42.15237286954549,0.00037602555521444245,0.01064203483520672
a2p80,ffoot_damping,0.8,ffoot_damping_0p8,5,-6.883607676311476,13.294862774202477,-18.15362279947012,36.09809040009495,-17.363904067123805,32.12075190519339,-0.001998490325902343,0.005095509042544482
a2p80,ffoot_damping,0.9,ffoot_damping_0p9,5,57.91048239542393,107.9419040906333,14.301213425160904,29.45542906986798,12.77901656351828,25.09595402276409,0.013690876712578025,0.02359960797083805
a2p80,ffoot_damping,1.0,ffoot_damping_1,5,0.0,0.0,0.0,0.0,0.0,0.0,0.0,0.0
a2p80,ffoot_damping,1.1,ffoot_damping_1p1,5,55.40220595921046,111.24005060510596,-15.7286076180691,22.396783371402837,-12.797225117067365,18.992173679279055,0.011773545118144256,0.024904278340968176
a2p80,ffoot_damping,1.3,ffoot_damping_1p3,5,40.903260589894714,74.60999716074693,1.7984946073135233,9.136429301498366,3.9248232189017016,10.53605492378966,0.010103764637569936,0.017044444458123652
a2p80,ffoot_damping,1.5,ffoot_damping_1p5,5,68.71202543379596,133.2045182303155,26.25677417700117,58.58576978147153,30.802366357615984,64.51084817054574,0.015396895458038679,0.029689265267756046
a2p80,ffoot_damping,1.7,ffoot_damping_1p7,5,48.883998657182474,90.39940752227972,45.0479842556766,81.51843020670374,43.82011075212231,80.26194959398184,0.011780538458550972,0.019919353872654436
a2p80,ffoot_damping,2.0,ffoot_damping_2,5,100.90739008202794,192.96519916774176,32.76834593752428,67.5483638763977,36.796834364025884,73.3470030365969,0.02311883290406267,0.042409319319528606
a2p80,ffoot_friction,0.0,ffoot_friction_0,5,0.0,0.0,0.0,0.0,0.0,0.0,0.0,0.0
a2p80,ffoot_friction,0.1,ffoot_friction_0p1,5,55.7144404544023,102.2121039093112,8.30993440169691,7.48548212304603,9.651460803895906,12.847322109604885,0.013516788724330162,0.022355602861360162
a2p80,ffoot_friction,0.2,ffoot_friction_0p2,5,0.46436931926191394,0.9101638657533511,1.601345380060593,3.138636944918762,0.6084732116851228,1.1926074949028407,0.0003099876337863287,0.0006075757622212042
a2p80,ffoot_friction,0.3,ffoot_friction_0p3,5,0.46436931926191394,0.9101638657533511,1.601345380060593,3.138636944918762,0.6084732116851228,1.1926074949028407,0.0003099876337863287,0.0006075757622212042
a2p80,ffoot_friction,0.4,ffoot_friction_0p4,5,0.46436931926191394,0.9101638657533511,1.601345380060593,3.138636944918762,0.6084732116851228,1.1926074949028407,0.0003099876337863287,0.0006075757622212042
a2p80,ffoot_friction,0.5,ffoot_friction_0p5,5,0.46436931926191394,0.9101638657533511,1.601345380060593,3.138636944918762,0.6084732116851228,1.1926074949028407,0.0003099876337863287,0.0006075757622212042
a2p80,ffoot_friction,0.6,ffoot_friction_0p6,5,0.46436931926191394,0.9101638657533511,1.601345380060593,3.138636944918762,0.6084732116851228,1.1926074949028407,0.0003099876337863287,0.0006075757622212042
a2p80,ffoot_friction,0.7,ffoot_friction_0p7,5,0.46436931926191394,0.9101638657533511,1.601345380060593,3.138636944918762,0.6084732116851228,1.1926074949028407,0.0003099876337863287,0.0006075757622212042
a2p80,ffoot_friction,0.8,ffoot_friction_0p8,5,0.46436931926191394,0.9101638657533511,1.601345380060593,3.138636944918762,0.6084732116851228,1.1926074949028407,0.0003099876337863287,0.0006075757622212042
a2p80,ffoot_friction,0.9,ffoot_friction_0p9,5,0.46436931926191394,0.9101638657533511,1.601345380060593,3.138636944918762,0.6084732116851228,1.1926074949028407,0.0003099876337863287,0.0006075757622212042
a2p80,ffoot_friction,1.0,ffoot_friction_1,5,0.0,0.0,0.0,0.0,0.0,0.0,0.0,0.0
a2p80,ffoot_friction,1.1,ffoot_friction_1p1,5,55.7144404544023,102.2121039093112,8.30993440169691,7.48548212304603,9.651460803895906,12.847322109604885,0.013516788724330162,0.022355602861360162
a2p80,ffoot_friction,1.3,ffoot_friction_1p3,5,0.46436931926191394,0.9101638657533511,1.601345380060593,3.138636944918762,0.6084732116851228,1.1926074949028407,0.0003099876337863287,0.0006075757622212042
a2p80,ffoot_friction,1.5,ffoot_friction_1p5,5,0.46436931926191394,0.9101638657533511,1.601345380060593,3.138636944918762,0.6084732116851228,1.1926074949028407,0.0003099876337863287,0.0006075757622212042
a2p80,ffoot_friction,1.7,ffoot_friction_1p7,5,0.46436931926191394,0.9101638657533511,1.601345380060593,3.138636944918762,0.6084732116851228,1.1926074949028407,0.0003099876337863287,0.0006075757622212042
a2p80,ffoot_friction,2.0,ffoot_friction_2,5,0.46436931926191394,0.9101638657533511,1.601345380060593,3.138636944918762,0.6084732116851228,1.1926074949028407,0.0003099876337863287,0.0006075757622212042
a2p80,friction,0.0,friction_0,5,-4472.402379778572,4085.1656663987696,-4563.301525465931,4058.525622875663,-4554.474442814359,4056.555494589566,-2.6128216916051743,2.575687319287219
a2p80,friction,0.1,friction_0p1,5,-2471.028693994009,2157.8450666886106,-2477.794449683455,2163.5302740699362,-2476.5806173143737,2164.49491945286,-1.4724775055357449,1.3561798789034538
a2p80,friction,0.2,friction_0p2,5,-1324.4089655445885,975.0437682574329,-1319.286287647988,976.0675341424868,-1321.2079459526853,976.810388739354,-0.7845544895036298,0.6314327598827236
a2p80,friction,0.3,friction_0p3,5,-428.09494729987154,230.0864442680447,-457.4653338974372,241.03750360092647,-454.407803621364,244.17851283917713,-0.23585533237006398,0.1583718338550593
a2p80,friction,0.4,friction_0p4,5,-273.4711529203192,117.88497231453744,-284.26495128993196,120.375221367774,-281.086525411279,121.14844051434389,-0.14422248911151941,0.07952281186941812
a2p80,friction,0.5,friction_0p5,5,-202.8496115786561,76.19071601957836,-200.39410526390375,73.19155236171716,-201.04424473491457,75.61053220281349,-0.10925291889852817,0.05548162119058627
a2p80,friction,0.6,friction_0p6,5,-171.46158545643175,67.7733043184693,-174.04224030349934,69.21714651582971,-169.00150642569716,66.72189433751574,-0.08852428286841732,0.041975531906911334
a2p80,friction,0.7,friction_0p7,5,-111.05667107266791,38.109087011482266,-105.32916205981374,38.873823101246806,-104.71678463455609,41.87115937816689,-0.060945906886160695,0.029641470726103014
a2p80,friction,0.8,friction_0p8,5,-72.56501841132668,24.675520559905106,-77.42644240216346,28.849025113522718,-75.6618046656608,27.389523099581574,-0.03871347481860843,0.01784418677360103
a2p80,friction,0.9,friction_0p9,5,-3.590971610049246,60.245070258332454,-28.301222540505478,11.039382326769607,-32.760687613640904,8.961409492854287,-0.01188381093420624,0.019632322198545517
a2p80,friction,1.0,friction_1,5,0.0,0.0,0.0,0.0,0.0,0.0,0.0,0.0
a2p80,friction,1.1,friction_1p1,5,130.14524058168166,190.30341036943975,41.97941008417824,21.00400713234888,65.43032244413185,62.72431831989334,0.03951961228185717,0.03711729396261761
a2p80,friction,1.3,friction_1p3,5,199.5167358557648,215.3264783385459,63.14393225357626,49.09034026679989,73.04835898971642,39.820258962345875,0.07342012769596562,0.03642198254332713
a2p80,friction,1.5,friction_1p5,5,304.35018482839064,335.02653444714616,180.63867431487725,99.64890373775975,231.49751797927598,194.64315305777302,0.11094007782689248,0.05801776893535622
a2p80,friction,1.7,friction_1p7,5,299.2777709837921,226.6904870882504,153.86751215344884,80.1262110758581,157.11483691829318,75.66727890308007,0.12666210340043213,0.033817736074930486
a2p80,friction,2.0,friction_2,5,318.98910331114143,149.48813576283072,181.37773332604903,146.16361139691736,211.39611083106348,95.17889900016614,0.15159505415751853,0.03716772045467678
a2p80,friction_damping,0.0,friction_damping_0,5,527.2064213077501,5992.030351878298,-1825.4372945037176,10473.195637351064,142.1538451549152,7069.442968876278,-0.5108354983844293,2.616821883281778
a2p80,friction_damping,0.1,friction_damping_0p1,5,-361.0545490050831,4356.749031395434,-924.4658765214879,4355.58076244024,-958.8653594293612,4419.113262783338,-0.7622275050562732,1.9943618445424478
a2p80,friction_damping,0.2,friction_damping_0p2,5,-265.2752516989913,2667.7577363793184,-388.82153751920026,2698.955050516934,-309.53648930827893,2789.478795194976,-0.4388986405288162,1.3703315342640592
a2p80,friction_damping,0.3,friction_damping_0p3,5,250.6652156624401,1570.3383097526275,225.49135931307063,1729.2660050693844,239.53091868937162,1703.4464413661283,-0.04736248348545247,0.7506334704044979
a2p80,friction_damping,0.4,friction_damping_0p4,5,75.92076055674924,690.1729993253687,-155.18334148797072,538.7716713267222,-133.11930168440023,543.4536336600748,-0.01331577586852486,0.3913726773980467
a2p80,friction_damping,0.5,friction_damping_0p5,5,13.09268318403465,464.75709809613875,-199.62428770025085,278.82604752473526,-186.9584564937104,280.13958914618945,-0.03786016609864882,0.24690809914453662
a2p80,friction_damping,0.6,friction_damping_0p6,5,-72.63224935395684,267.0132049243896,-172.1687788966521,161.9975101200636,-165.67734765994106,164.56887370700255,-0.06944738839175124,0.13848024065841835
a2p80,friction_damping,0.7,friction_damping_0p7,5,-24.880077821084978,220.17001437666266,-111.3067282032951,118.25692300807579,-113.61151760957182,115.88459629741483,-0.046832754471916496,0.08577118917358173
a2p80,friction_damping,0.8,friction_damping_0p8,5,-65.51265489909001,105.60934010815545,-91.38204547393198,104.84059905499038,-86.30999837140939,107.42133652824631,-0.04526587578302203,0.06299106270417122
a2p80,friction_damping,0.9,friction_damping_0p9,5,-62.62659880159754,70.65614908666528,-60.31231492124307,80.41692459250352,-58.67932059713562,81.72990183060674,-0.043311392669561494,0.038596086260319476
a2p80,friction_damping,1.0,friction_damping_1,5,0.0,0.0,0.0,0.0,0.0,0.0,0.0,0.0
a2p80,friction_damping,1.1,friction_damping_1p1,5,213.83459064280046,129.19145796996057,145.25896948042305,66.10228184227911,162.89130738889585,65.22607059651786,0.09764515945263197,0.03829958500642212
a2p80,friction_damping,1.3,friction_damping_1p3,5,627.3346976244763,330.8517256124052,578.764420217839,252.34967497165192,587.1736425936904,263.23589381465575,0.29184361840594847,0.07703049881214374
a2p80,friction_damping,1.5,friction_damping_1p5,5,992.6911949903928,502.30326990004005,959.658080027634,470.22191394553073,957.4525433222985,461.9932055662914,0.4657473608299818,0.12384573478916178
a2p80,friction_damping,1.7,friction_damping_1p7,5,1291.25992909332,694.2983302914445,1291.1469923417815,695.6689953127141,1299.7185182680212,708.3537141869011,0.5980951291137184,0.15860906291037027
a2p80,friction_damping,2.0,friction_damping_2,5,1984.068449408132,1329.9775435855602,1985.5842353538253,1332.4213444906213,1984.1844555079085,1332.9495494477953,0.868190493337441,0.17257163122123248
a2p80,fshin_actuator_gain,0.0,fshin_actuator_gain_0,5,847.8511490163564,653.8058485662475,781.137892588336,596.0212176372656,790.750956046002,602.3104407784722,0.3606819137814835,0.11111713075898617
a2p80,fshin_actuator_gain,0.1,fshin_actuator_gain_0p1,5,667.7106974440032,493.58292967813435,660.452426003378,492.12053585176744,664.5914145471754,494.2229296814449,0.28778837761848586,0.08728893161495506
a2p80,fshin_actuator_gain,0.2,fshin_actuator_gain_0p2,5,601.6176978876192,465.9973393122186,577.074648897888,430.75529523079837,577.0521748061126,425.6221432205039,0.2565173090536971,0.08950039333925863
a2p80,fshin_actuator_gain,0.3,fshin_actuator_gain_0p3,5,495.0337934187055,409.54304768823795,473.64151755540223,364.8866806147161,471.195911336257,365.965551329867,0.20803062193912356,0.09192981400640267
a2p80,fshin_actuator_gain,0.4,fshin_actuator_gain_0p4,5,359.29731375735787,270.4225165721448,360.50591367769977,273.1940256912152,358.71279516091437,272.83537955731964,0.1573554312281215,0.07672723277410824
a2p80,fshin_actuator_gain,0.5,fshin_actuator_gain_0p5,5,242.79474990726158,134.3015135744594,230.52100321617158,159.73235836149945,227.27279932803467,155.5732203777104,0.11585199066829133,0.05214444025712504
a2p80,fshin_actuator_gain,0.6,fshin_actuator_gain_0p6,5,156.62366230929973,89.71997022716218,138.88493449550015,109.52094817338217,138.9215506698155,107.16121452929778,0.07640878998957111,0.04365010646402699
a2p80,fshin_actuator_gain,0.7,fshin_actuator_gain_0p7,5,81.84561960488263,46.557249454282484,74.30641816190368,57.422916852684324,66.67182940622766,55.684466553379515,0.04584361809054856,0.032300842461523586
a2p80,fshin_actuator_gain,0.8,fshin_actuator_gain_0p8,5,60.32785429612045,40.77135930473145,28.96995545363916,31.946283012424416,28.983019414903858,32.49638216936954,0.02858253416439898,0.019340523672381663
a2p80,fshin_actuator_gain,0.9,fshin_actuator_gain_0p9,5,11.18396041771357,26.428992423275083,-3.817719995153266,22.309407459915956,-0.3263908372214246,17.84431006640196,0.006404636046682616,0.01616539732110593
a2p80,fshin_actuator_gain,1.0,fshin_actuator_gain_1,5,0.0,0.0,0.0,0.0,0.0,0.0,0.0,0.0
a2p80,fshin_actuator_gain,1.1,fshin_actuator_gain_1p1,5,78.78438289143155,102.91911442266236,3.4659802472223875,12.608470504033972,3.487862521294983,11.76977310615503,0.02731296570781911,0.030450274003503027
a2p80,fshin_actuator_gain,1.3,fshin_actuator_gain_1p3,5,174.7076914176965,305.6181778047097,31.184123211805126,33.06550671566589,46.21703077179486,57.82378911077053,0.044970332561083654,0.06572593164507966
a2p80,fshin_actuator_gain,1.5,fshin_actuator_gain_1p5,5,199.71359028475294,257.5282909375217,115.34487467775152,143.42087984958027,131.2167204188619,174.11153672367226,0.06744541231742948,0.05534002476144272
a2p80,fshin_actuator_gain,1.7,fshin_actuator_gain_1p7,5,271.31330680527833,342.74276709120664,153.19633740587454,165.73057665877482,174.57612250179645,197.7293234861276,0.09270015460998489,0.07224906622308551
a2p80,fshin_actuator_gain,2.0,fshin_actuator_gain_2,5,561.5251981236739,712.6227683202331,447.46847920455446,568.7487185069365,497.6718125266847,667.3222487867889,0.18981827953378522,0.13685901576518672
a2p80,fshin_damping,0.0,fshin_damping_0,5,637.6662932467461,568.1271674257903,607.3792308143676,550.5683434497154,585.2035955884503,497.688514746901,0.25498276719987145,0.0754251595588802
a2p80,fshin_damping,0.1,fshin_damping_0p1,5,530.5887674342099,460.56149617115585,438.77427970055794,351.46284917393865,445.405495185881,351.3980783555171,0.2147430863116968,0.05856827652532569
a2p80,fshin_damping,0.2,fshin_damping_0p2,5,400.5061199439617,286.995718760617,286.8702337133299,164.25031185006532,287.5611150242146,152.73105814505172,0.17381963970754047,0.04318652851399269
a2p80,fshin_damping,0.3,fshin_damping_0p3,5,281.68045834123336,226.36542656428577,222.76430080598863,123.80170771767062,228.12834600910327,126.30047612751943,0.11725831032656184,0.034272745300636134
a2p80,fshin_damping,0.4,fshin_damping_0p4,5,234.86897301305893,243.06006554651017,152.01983342010612,98.10809688755388,156.97496370520577,102.30242941277035,0.08888651055109675,0.0440531205536592
a2p80,fshin_damping,0.5,fshin_damping_0p5,5,124.31203242725033,80.54065198564882,109.58858738976237,62.3228247645285,109.49933888629116,61.26502914194589,0.0568955892232037,0.026328406821514872
a2p80,fshin_damping,0.6,fshin_damping_0p6,5,157.18235920520857,213.84847840014578,58.668804362328544,36.07313320715334,62.79696567553528,41.663987414115745,0.05071006252885406,0.04069934011967835
a2p80,fshin_damping,0.7,fshin_damping_0p7,5,210.01134686809945,335.67014576693083,28.839323903416563,10.831811913350384,77.83737497267143,91.99107025700455,0.0591467876322946,0.06817933277709734
a2p80,fshin_damping,0.8,fshin_damping_0p8,5,207.8140894744973,330.07336263009313,-0.6614251084985426,36.335229148373614,69.0854270838925,107.23745285955378,0.059410935104603546,0.07227411384947037
a2p80,fshin_damping,0.9,fshin_damping_0p9,5,128.83049208062775,250.1904106879109,16.69206342105108,40.50770562377448,39.424700639905,81.37923341961302,0.028985979348081125,0.05588027750451672
a2p80,fshin_damping,1.0,fshin_damping_1,5,0.0,0.0,0.0,0.0,0.0,0.0,0.0,0.0
a2p80,fshin_damping,1.1,fshin_damping_1p1,5,28.951630646761533,59.35011904782874,2.1694209110121845,19.760967038102017,4.745051195805445,19.070174169992313,0.005927996485596387,0.014105642095418845
a2p80,fshin_damping,1.3,fshin_damping_1p3,5,6.423850566206101,24.311748810681316,6.963435247773214,22.231805054039018,9.042432383444112,25.185554788752757,0.0022079246790326695,0.01470059650086491
a2p80,fshin_damping,1.5,fshin_damping_1p5,5,34.049803949522676,38.336636043203136,28.927458985999557,36.858951206629186,33.05952855459081,39.04359693137056,0.015171689694112764,0.020846441441993657
a2p80,fshin_damping,1.7,fshin_damping_1p7,5,59.781982273090804,51.24928689937062,56.003938178000865,51.88951203597028,60.45709057562972,53.108691310237724,0.02795892975897954,0.027253039009245993
a2p80,fshin_damping,2.0,fshin_damping_2,5,97.74360778228098,74.14342838143796,97.43033560561199,77.89596347212826,97.31646179122204,75.29244218587343,0.0450084023731878,0.0355170057607524
a2p80,fshin_friction,0.0,fshin_friction_0,5,0.0,0.0,0.0,0.0,0.0,0.0,0.0,0.0
a2p80,fshin_friction,0.1,fshin_friction_0p1,5,55.7144404544023,102.2121039093112,8.30993440169691,7.48548212304603,9.651460803895906,12.847322109604885,0.013516788724330162,0.022355602861360162
a2p80,fshin_friction,0.2,fshin_friction_0p2,5,0.46436931926191394,0.9101638657533511,1.601345380060593,3.138636944918762,0.6084732116851228,1.1926074949028407,0.0003099876337863287,0.0006075757622212042
a2p80,fshin_friction,0.3,fshin_friction_0p3,5,0.46436931926191394,0.9101638657533511,1.601345380060593,3.138636944918762,0.6084732116851228,1.1926074949028407,0.0003099876337863287,0.0006075757622212042
a2p80,fshin_friction,0.4,fshin_friction_0p4,5,0.46436931926191394,0.9101638657533511,1.601345380060593,3.138636944918762,0.6084732116851228,1.1926074949028407,0.0003099876337863287,0.0006075757622212042
a2p80,fshin_friction,0.5,fshin_friction_0p5,5,0.46436931926191394,0.9101638657533511,1.601345380060593,3.138636944918762,0.6084732116851228,1.1926074949028407,0.0003099876337863287,0.0006075757622212042
a2p80,fshin_friction,0.6,fshin_friction_0p6,5,0.46436931926191394,0.9101638657533511,1.601345380060593,3.138636944918762,0.6084732116851228,1.1926074949028407,0.0003099876337863287,0.0006075757622212042
a2p80,fshin_friction,0.7,fshin_friction_0p7,5,0.46436931926191394,0.9101638657533511,1.601345380060593,3.138636944918762,0.6084732116851228,1.1926074949028407,0.0003099876337863287,0.0006075757622212042
a2p80,fshin_friction,0.8,fshin_friction_0p8,5,0.46436931926191394,0.9101638657533511,1.601345380060593,3.138636944918762,0.6084732116851228,1.1926074949028407,0.0003099876337863287,0.0006075757622212042
a2p80,fshin_friction,0.9,fshin_friction_0p9,5,0.46436931926191394,0.9101638657533511,1.601345380060593,3.138636944918762,0.6084732116851228,1.1926074949028407,0.0003099876337863287,0.0006075757622212042
a2p80,fshin_friction,1.0,fshin_friction_1,5,0.0,0.0,0.0,0.0,0.0,0.0,0.0,0.0
a2p80,fshin_friction,1.1,fshin_friction_1p1,5,55.7144404544023,102.2121039093112,8.30993440169691,7.48548212304603,9.651460803895906,12.847322109604885,0.013516788724330162,0.022355602861360162
a2p80,fshin_friction,1.3,fshin_friction_1p3,5,0.46436931926191394,0.9101638657533511,1.601345380060593,3.138636944918762,0.6084732116851228,1.1926074949028407,0.0003099876337863287,0.0006075757622212042
a2p80,fshin_friction,1.5,fshin_friction_1p5,5,0.46436931926191394,0.9101638657533511,1.601345380060593,3.138636944918762,0.6084732116851228,1.1926074949028407,0.0003099876337863287,0.0006075757622212042
a2p80,fshin_friction,1.7,fshin_friction_1p7,5,0.46436931926191394,0.9101638657533511,1.601345380060593,3.138636944918762,0.6084732116851228,1.1926074949028407,0.0003099876337863287,0.0006075757622212042
a2p80,fshin_friction,2.0,fshin_friction_2,5,0.46436931926191394,0.9101638657533511,1.601345380060593,3.138636944918762,0.6084732116851228,1.1926074949028407,0.0003099876337863287,0.0006075757622212042
a2p80,fthigh_actuator_gain,0.0,fthigh_actuator_gain_0,5,2210.461218932953,350.1117229640032,2213.863604986568,355.39854459489976,2211.675663585177,351.97331012623664,1.181004487216075,0.33580807004396956
a2p80,fthigh_actuator_gain,0.1,fthigh_actuator_gain_0p1,5,2135.0324660649103,284.99361344511993,2136.816947690041,287.53822041493754,2135.562090862318,285.3192938428275,1.1536085355553802,0.3399974609916985
a2p80,fthigh_actuator_gain,0.2,fthigh_actuator_gain_0p2,5,2004.6022651875046,201.78896220134703,2005.9977579361125,202.90093407083526,2007.8217624309887,202.77048223743589,1.101559383433748,0.3410999216722953
a2p80,fthigh_actuator_gain,0.3,fthigh_actuator_gain_0p3,5,1851.6878951002109,192.55897566980076,1850.17515467127,189.7549515433544,1847.938858265042,187.8087464733585,1.0358779538314575,0.34444102534650156
a2p80,fthigh_actuator_gain,0.4,fthigh_actuator_gain_0p4,5,1801.4095076605076,365.2802421382982,1809.13333967291,372.9302578239178,1804.4640235856546,366.2307606588774,1.0282327697468276,0.3968763527073146
a2p80,fthigh_actuator_gain,0.5,fthigh_actuator_gain_0p5,5,1764.8338624792282,474.92474957184464,1769.8262734078137,476.90611688300226,1767.2060991313742,475.93913416579585,1.031886852741606,0.4311522606377466
a2p80,fthigh_actuator_gain,0.6,fthigh_actuator_gain_0p6,5,1514.9788537216846,375.7203926800187,1689.2827409176066,528.1286756551973,1572.8301028164228,394.9496892008113,0.8950674135639947,0.3700328462425593
a2p80,fthigh_actuator_gain,0.7,fthigh_actuator_gain_0p7,5,731.9117713691614,224.8234081347375,560.6173481085959,276.61540467386385,612.436996774057,263.75725783206707,0.40997090767170147,0.20079761282974903
a2p80,fthigh_actuator_gain,0.8,fthigh_actuator_gain_0p8,5,265.8976047213355,88.89593471237829,242.24263687160246,82.51498002986666,242.3865155792133,81.85215195912784,0.13500549687798186,0.04408381348767324
a2p80,fthigh_actuator_gain,0.9,fthigh_actuator_gain_0p9,5,178.64919123878713,167.01289602449825,119.22774088405899,62.100105062917685,123.0850778309687,65.87382660008326,0.0701503144097798,0.024536748899054606
a2p80,fthigh_actuator_gain,1.0,fthigh_actuator_gain_1,5,0.0,0.0,0.0,0.0,0.0,0.0,0.0,0.0
a2p80,fthigh_actuator_gain,1.1,fthigh_actuator_gain_1p1,5,-61.84424549155733,56.99376044997409,-82.37778754978572,88.50532907667298,-79.14926028864897,84.25195269719515,-0.024687519009252527,0.010540747238539296
a2p80,fthigh_actuator_gain,1.3,fthigh_actuator_gain_1p3,5,9.137689541286637,74.18872032218174,-53.30917485766836,82.05075827763935,-50.59292313424025,81.31511097873081,-0.004785990508553704,0.03467344972904878
a2p80,fthigh_actuator_gain,1.5,fthigh_actuator_gain_1p5,5,345.04190835269117,639.9852882992725,332.80869410971866,629.2197825576765,283.1787947860186,523.1272851925698,0.08239707674497987,0.1448008289216463
a2p80,fthigh_actuator_gain,1.7,fthigh_actuator_gain_1p7,5,553.0686462449155,576.0208061439395,369.5893747338338,442.8917792816831,425.8580908378026,488.2751759512282,0.21848793819691165,0.16340002665382133
a2p80,fthigh_actuator_gain,2.0,fthigh_actuator_gain_2,5,1119.5829692372233,863.0194418824831,1111.1429154537316,1117.0613982238192,1059.2876247422864,1023.9122471279544,0.51003456517034,0.35099823126708474
a2p80,fthigh_damping,0.0,fthigh_damping_0,5,433.09800657096446,259.40971375524015,427.63708230784687,269.06313019332003,424.0801793453388,270.7441942198285,0.19577640592978168,0.03750417709638615
a2p80,fthigh_damping,0.1,fthigh_damping_0p1,5,343.4705832823201,316.2236336219884,297.8225741065602,269.99502643098964,301.4159847615109,276.0648844929998,0.13688627556214544,0.05716912134667411
a2p80,fthigh_damping,0.2,fthigh_damping_0p2,5,232.33302919917963,225.70686503819422,219.33359792414998,234.5407944812904,219.0249939927424,232.33322541320553,0.09195706617640641,0.05279438261972657
a2p80,fthigh_damping,0.3,fthigh_damping_0p3,5,171.44476251852228,219.15390879832006,143.1279123393405,221.94265130596673,151.60295543598664,225.0474706972332,0.05995344883857158,0.0644651312724703
a2p80,fthigh_damping,0.4,fthigh_damping_0p4,5,165.71608258056457,254.69690209885223,118.2067865480889,201.7931319143976,115.42938810043265,201.2964194913494,0.05124681594842033,0.07873459937893802
a2p80,fthigh_damping,0.5,fthigh_damping_0p5,5,204.77397019948427,361.3338543645219,95.31609738466705,200.08910260116198,98.639261371864,205.1470200428874,0.05337791904798235,0.09496352007607518
a2p80,fthigh_damping,0.6,fthigh_damping_0p6,5,103.76315809449261,226.8162865750685,51.19969929660233,173.69642520215868,51.73040410223598,172.80572682048927,0.021471584156039874,0.073234058287373
a2p80,fthigh_damping,0.7,fthigh_damping_0p7,5,36.35122549238777,165.70145727585145,8.963528814822894,128.87032319611535,15.374611048264024,135.16822016851017,-0.006750384017303088,0.05325789211541469
a2p80,fthigh_damping,0.8,fthigh_damping_0p8,5,91.95331872262341,217.3038249737708,12.00658333953461,108.7425308967683,12.591296630906708,110.79177489005599,0.014812928925864565,0.05798123214614467
a2p80,fthigh_damping,0.9,fthigh_damping_0p9,5,68.9330327623205,159.9678030392639,-5.216259468015778,71.26379679685184,-0.38711606690935696,75.7093388828072,0.012042753501161043,0.04457029041310097
a2p80,fthigh_damping,1.0,fthigh_damping_1,5,0.0,0.0,0.0,0.0,0.0,0.0,0.0,0.0
a2p80,fthigh_damping,1.1,fthigh_damping_1p1,5,120.8574960908164,111.08638269196364,33.27395542419754,65.53026015070527,37.58329692953593,58.52584352793309,0.047857195351267125,0.018942995769526585
a2p80,fthigh_damping,1.3,fthigh_damping_1p3,5,158.46209933706064,85.77908555016529,87.94759539305679,160.2558480231276,91.70420663497411,155.00541837835104,0.09514156099311641,0.05812099759344364
a2p80,fthigh_damping,1.5,fthigh_damping_1p5,5,281.0682570592851,95.27685797769166,199.13011844661705,160.98116977802223,210.53200417458703,143.07686743031232,0.14820285041741227,0.06461393635024604
a2p80,fthigh_damping,1.7,fthigh_damping_1p7,5,526.4202470418197,336.25333519276273,386.3435556772165,137.36800468856543,439.3740938156707,193.3268257111261,0.23511349883147092,0.07621905287126801
a2p80,fthigh_damping,2.0,fthigh_damping_2,5,644.7924157292488,257.76424705864247,551.413517156115,174.7011125695264,559.5730433390734,177.96728500033447,0.319901344841285,0.11343785800009308
a2p80,fthigh_friction,0.0,fthigh_friction_0,5,0.0,0.0,0.0,0.0,0.0,0.0,0.0,0.0
a2p80,fthigh_friction,0.1,fthigh_friction_0p1,5,0.0,0.0,0.0,0.0,0.0,0.0,0.0,0.0
a2p80,fthigh_friction,0.2,fthigh_friction_0p2,5,-0.46436931926191394,0.9101638657533511,-1.601345380060593,3.138636944918762,-0.6084732116851228,1.1926074949028407,-0.00031046884129371383,0.0006085189289356791
a2p80,fthigh_friction,0.3,fthigh_friction_0p3,5,55.25007113514039,102.44884905779209,6.708589021636317,8.17411215894333,9.042987592210784,13.198500400964209,0.013206801090543832,0.02252259933005791
a2p80,fthigh_friction,0.4,fthigh_friction_0p4,5,0.0,0.0,0.0,0.0,0.0,0.0,0.0,0.0
a2p80,fthigh_friction,0.5,fthigh_friction_0p5,5,0.0,0.0,0.0,0.0,0.0,0.0,0.0,0.0
a2p80,fthigh_friction,0.6,fthigh_friction_0p6,5,0.0,0.0,0.0,0.0,0.0,0.0,0.0,0.0
a2p80,fthigh_friction,0.7,fthigh_friction_0p7,5,0.0,0.0,0.0,0.0,0.0,0.0,0.0,0.0
a2p80,fthigh_friction,0.8,fthigh_friction_0p8,5,0.0,0.0,0.0,0.0,0.0,0.0,0.0,0.0
a2p80,fthigh_friction,0.9,fthigh_friction_0p9,5,0.0,0.0,0.0,0.0,0.0,0.0,0.0,0.0
a2p80,fthigh_friction,1.0,fthigh_friction_1,5,0.0,0.0,0.0,0.0,0.0,0.0,0.0,0.0
a2p80,fthigh_friction,1.1,fthigh_friction_1p1,5,0.0,0.0,0.0,0.0,0.0,0.0,0.0,0.0
a2p80,fthigh_friction,1.3,fthigh_friction_1p3,5,-0.46436931926191394,0.9101638657533511,-1.601345380060593,3.138636944918762,-0.6084732116851228,1.1926074949028407,-0.00031046884129371383,0.0006085189289356791
a2p80,fthigh_friction,1.5,fthigh_friction_1p5,5,55.25007113514039,102.44884905779209,6.708589021636317,8.17411215894333,9.042987592210784,13.198500400964209,0.013206801090543832,0.02252259933005791
a2p80,fthigh_friction,1.7,fthigh_friction_1p7,5,0.0,0.0,0.0,0.0,0.0,0.0,0.0,0.0
a2p80,fthigh_friction,2.0,fthigh_friction_2,5,0.0,0.0,0.0,0.0,0.0,0.0,0.0,0.0
a2p80,gear,0.0,gear_0,5,2517.3319515581816,1155.290324766561,2517.076066248753,1157.0034816522457,2518.594779080829,1158.318375037244,1.1933019474457196,0.09455054252665694
a2p80,gear,0.1,gear_0p1,5,2513.871521215026,1148.1531154011718,2513.5631603899424,1149.9017760659701,2515.138885881534,1151.186498980612,1.192319510471075,0.0908124824356852
a2p80,gear,0.2,gear_0p2,5,2504.2426591890558,1129.8567085241943,2503.9368467909635,1131.5970773459524,2505.504351221336,1132.8684644269993,1.1898237114232038,0.08862394244899217
a2p80,gear,0.3,gear_0p3,5,2497.02558400251,1117.3355477096063,2496.672297722519,1119.0588813142945,2498.2413727107546,1120.3183543287132,1.1876910380686652,0.08588083591862151
a2p80,gear,0.4,gear_0p4,5,2374.529716437127,895.73449097692,2371.9579656472524,899.0128790567538,2374.3670604602835,899.7271582707534,1.157377114969397,0.12377591151167525
a2p80,gear,0.5,gear_0p5,5,2376.887634717351,952.0572583990717,2388.0649537883482,976.6789278709045,2379.6319801097993,958.38640771732,1.1485503604748764,0.1003187441211938
a2p80,gear,0.6,gear_0p6,5,1883.9359290942848,459.7833113929176,1900.8269570386133,456.2924604130624,1902.7324047378402,457.6866438686473,0.9752147403400244,0.2611066180567858
a2p80,gear,0.7,gear_0p7,5,1452.1765878402798,344.66445241934804,1357.9803692520543,483.36458615477426,1372.1566616824011,469.80252260315876,0.7815627500909482,0.2882286441320836
a2p80,gear,0.8,gear_0p8,5,766.4317820272645,306.3770696795273,668.9705624890391,259.58517120243374,723.4608036029647,280.0102011205651,0.3858919394336272,0.15493085258593078
a2p80,gear,0.9,gear_0p9,5,254.97146172440657,66.05930240049773,252.06837347159876,68.01166389960004,255.0659131908663,66.95850218772887,0.13530041043110222,0.04935367021281581
a2p80,gear,1.0,gear_1,5,0.0,0.0,0.0,0.0,0.0,0.0,0.0,0.0
a2p80,gear,1.1,gear_1p1,5,39.21554908070802,198.68574471760527,-114.28783864826774,54.73986627716233,-108.12034856414553,46.71860338299719,-0.011317713190913245,0.05722938319724813
a2p80,gear,1.3,gear_1p3,5,576.1772032404333,869.5061588945114,534.4551968101176,1049.7503349830388,587.739456724525,1005.3411440602392,0.17360482249778386,0.2104076424680155
a2p80,gear,1.5,gear_1p5,5,1127.876215796828,1433.4923375775065,1218.5292823047926,1548.275087899893,1132.169624718441,1564.4985608652219,0.38216876422059654,0.29583695528344445
a2p80,gear,1.7,gear_1p7,5,1653.2359582414767,1535.205724882687,1668.0445551757196,1561.5101454972626,1635.997922320905,1580.147863920786,0.653208676029261,0.2230937009496051
a2p80,gear,2.0,gear_2,5,2132.7009872336976,1410.7953155338528,2138.2908011553104,1459.2109187593205,2162.752705838496,1441.2476767477253,0.9429727029220268,0.1887510394572178
a2p80,gravity,0.0,gravity_0,5,-496.5596691953798,373.0437814947406,-498.9904198656912,376.5947524855672,-497.82524137294604,376.23120276908446,-0.27028717352371373,0.06430261268227039
a2p80,gravity,0.1,gravity_0p1,5,-434.67203862870974,308.4541368667098,-442.83046740220277,324.2754613832217,-444.39536767843765,324.9692672881232,-0.2401794022782447,0.04944625963750195
a2p80,gravity,0.2,gravity_0p2,5,-312.44560879982066,137.02988354602218,-390.8343812612287,288.38650144657004,-386.1135006328827,280.01131007729174,-0.1896416312833366,0.025190941092820232
a2p80,gravity,0.3,gravity_0p3,5,-339.5203718699643,282.26177785352013,-360.3098844685563,280.3165235867951,-360.98550815481974,283.81045115490855,-0.17886634055027426,0.05123510916187001
a2p80,gravity,0.4,gravity_0p4,5,-281.20061605395705,221.30150603935826,-307.5390064216251,220.68912855440277,-297.70281913043607,205.3349638632394,-0.15067731368067178,0.03796892656364577
a2p80,gravity,0.5,gravity_0p5,5,-237.29110012750203,206.11043181494773,-253.00153354688956,190.92214077955336,-252.64818201858967,192.33553365167418,-0.123302212041457,0.040443040942092015
a2p80,gravity,0.6,gravity_0p6,5,-148.8988336574933,151.55377689990212,-202.41667829674012,165.1621472333363,-202.3966562862974,165.18861746159604,-0.07410189864439978,0.05085269102058807
a2p80,gravity,0.7,gravity_0p7,5,-139.82787227551785,144.17987568816253,-154.41146845668314,122.74460072777305,-156.22066570165285,128.0792291198356,-0.06835331698861513,0.037285576564887506
a2p80,gravity,0.8,gravity_0p8,5,-109.02645128443628,86.5507474758448,-117.16847545905902,91.09446520039603,-115.11688747200878,90.27430567690536,-0.05859049429941349,0.016364449545958896
a2p80,gravity,0.9,gravity_0p9,5,-48.310151845750354,47.06336960482166,-53.4766901580269,41.63322139637316,-52.86715960230244,42.09327664039995,-0.02476826275972031,0.014345598622373435
a2p80,gravity,1.0,gravity_1,5,0.0,0.0,0.0,0.0,0.0,0.0,0.0,0.0
a2p80,gravity,1.1,gravity_1p1,5,52.24812146024824,27.774171043003363,47.50228938664672,32.84622894917384,46.26214589297729,27.97019570347219,0.031930887051144906,0.01494694691729871
a2p80,gravity,1.3,gravity_1p3,5,202.8920180173249,96.9933216461747,157.93732653304474,117.90928265885768,158.48459553364847,116.92962957405578,0.1221575177562905,0.032414534214498324
a2p80,gravity,1.5,gravity_1p5,5,346.9281410695485,179.36031730011177,268.42252392041894,204.7868261064573,271.1159090509554,207.96827954333867,0.20859843788483387,0.06510594361765157
a2p80,gravity,1.7,gravity_1p7,5,491.3413714051885,253.20276448954024,378.3010868788077,276.10978722995685,381.58101289617986,279.26510670726805,0.2951121179462862,0.0915636455850819
a2p80,gravity,2.0,gravity_2,5,772.3003003473569,376.9242874110702,554.5108445576454,403.0231758925803,607.8006002703781,414.08888976761233,0.4724630488217184,0.1651456079559703
a3p00,bfoot_actuator_gain,0.0,bfoot_actuator_gain_0,5,96.59885366627877,30.460118178622135,108.06293075361359,39.60188908594293,101.67411172502958,34.86010694081626,0.05988021563336332,0.022213752251193642
a3p00,bfoot_actuator_gain,0.1,bfoot_actuator_gain_0p1,5,91.85477555882593,25.653465319329225,97.8282499746767,33.99210289969114,95.64035171827504,30.441132847018245,0.0567745532713951,0.018663893928855608
a3p00,bfoot_actuator_gain,0.2,bfoot_actuator_gain_0p2,5,82.11222480141342,27.509882379504273,86.29321439015662,33.716319300715696,83.14495493271697,31.577596549348005,0.050940300044404876,0.019782700104725125
a3p00,bfoot_actuator_gain,0.3,bfoot_actuator_gain_0p3,5,80.92548053879086,42.8228284068236,79.74829782656188,22.13873972801396,71.42386123000333,17.980389747727013,0.05062680198325616,0.029761453261120913
a3p00,bfoot_actuator_gain,0.4,bfoot_actuator_gain_0p4,5,46.662318313256854,17.491784514093997,59.663395222979034,35.51221435267351,54.023306199207994,31.008438936467826,0.028641916443186827,0.011473655055776858
a3p00,bfoot_actuator_gain,0.5,bfoot_actuator_gain_0p5,5,69.86825921714244,41.32990852258654,61.53029858864416,27.641126024575136,60.00209236899163,24.283265145634832,0.04399740026267931,0.028527369555584083
a3p00,bfoot_actuator_gain,0.6,bfoot_actuator_gain_0p6,5,61.817595111206856,43.007673405646976,53.36396522884725,30.05452370405457,49.87695431187758,29.02614357319283,0.03907332477137434,0.029255187933975833
a3p00,bfoot_actuator_gain,0.7,bfoot_actuator_gain_0p7,5,25.787177794127,11.768298968439556,32.55599728568518,25.026907238945657,30.805111305363017,22.070932683671014,0.015990800337615588,0.007906254629937298
a3p00,bfoot_actuator_gain,0.8,bfoot_actuator_gain_0p8,5,16.74441969780123,8.951394928654564,18.740747052805137,17.93365584023826,17.532343049918108,13.52089077075457,0.010378034328475557,0.005986500385116465
a3p00,bfoot_actuator_gain,0.9,bfoot_actuator_gain_0p9,5,6.898514185237036,10.891689564480924,15.212236666701846,15.120268878077853,12.12789362429039,10.848001893282163,0.004179364939269444,0.006657167551367145
a3p00,bfoot_actuator_gain,1.0,bfoot_actuator_gain_1,5,0.0,0.0,0.0,0.0,0.0,0.0,0.0,0.0
a3p00,bfoot_actuator_gain,1.1,bfoot_actuator_gain_1p1,5,0.9804736447918458,9.095007574317549,8.006469799856177,18.651965235666882,4.41790697887568,15.488688265938023,0.0008287730554615196,0.005659720026284318
a3p00,bfoot_actuator_gain,1.3,bfoot_actuator_gain_1p3,5,4.537270564036771,50.74304406357255,-9.762819052532222,20.13589514133039,-13.750918174115577,21.547715861698652,0.004126628986992789,0.03278518466501478
a3p00,bfoot_actuator_gain,1.5,bfoot_actuator_gain_1p5,5,-9.013892281948893,23.07148966053141,-1.709674646603662,27.932403587655507,-7.98714260925758,24.63116469099728,-0.0047910990841118824,0.013790095311914509
a3p00,bfoot_actuator_gain,1.7,bfoot_actuator_gain_1p7,5,-0.8110702461506207,26.257913846930094,1.9620449469859067,28.55167928538325,-2.068624889774628,25.74447307825206,0.0004046135439839768,0.015448757565387891
a3p00,bfoot_actuator_gain,2.0,bfoot_actuator_gain_2,5,39.69620278198649,74.29001520202532,71.39381013771421,118.66935061022444,49.89007948198696,88.33531269233019,0.02653109864579766,0.046865964292960915
a3p00,bfoot_damping,0.0,bfoot_damping_0,5,79.72383460519868,62.58261754820173,85.13730952401843,71.07137986976039,81.30835855038004,66.67776111204026,0.04984435674176397,0.03850114469390691
a3p00,bfoot_damping,0.1,bfoot_damping_0p1,5,112.52891542713982,121.23252214922756,64.87699692533256,60.248804579766755,59.86304369773738,54.71369671527474,0.07197161688463373,0.08002285251892023
a3p00,bfoot_damping,0.2,bfoot_damping_0p2,5,66.02664241308261,83.57264593730093,38.0739984375618,51.89142558687012,35.522746212556015,45.15192353921199,0.04277080966809992,0.0548319400076344
a3p00,bfoot_damping,0.3,bfoot_damping_0p3,5,45.442129236236816,53.21142873888903,32.68677052712265,46.97876870394597,27.836888787417458,40.63011343430428,0.029751977603970726,0.034650635260863906
a3p00,bfoot_damping,0.4,bfoot_damping_0p4,5,15.47517925115153,15.127314331156354,22.774182121557125,27.17276011668847,17.562763208633033,20.325999610177302,0.01001440909435286,0.009888714125416039
a3p00,bfoot_damping,0.5,bfoot_damping_0p5,5,10.454290675212496,17.269037173826103,13.860849638887839,20.517122359667088,8.631682269924795,17.30981427267075,0.0070305260088395025,0.010853753032331796
a3p00,bfoot_damping,0.6,bfoot_damping_0p6,5,0.8347137418132207,21.788520945152047,3.5515070379392455,19.871752953104757,2.244948788330203,24.41200258477009,0.0011559968593777726,0.013543915771949303
a3p00,bfoot_damping,0.7,bfoot_damping_0p7,5,11.37551377084451,18.39861910787412,3.040758834235794,8.025618424183792,10.1858595173303,19.562852837556772,0.0075087484687089544,0.011882148169738947
a3p00,bfoot_damping,0.8,bfoot_damping_0p8,5,-4.063577320036757,10.989463700423943,-1.8392468033757723,4.561819150254392,-3.2958944870265894,7.570541397840512,-0.0025281135636202705,0.007142706068679768
a3p00,bfoot_damping,0.9,bfoot_damping_0p9,5,-9.532891782168235,12.925270893382764,-1.1594166801389292,5.458007836088945,-5.606062426902099,7.3858419074390165,-0.005822162144829525,0.008165238396877479
a3p00,bfoot_damping,1.0,bfoot_damping_1,5,0.0,0.0,0.0,0.0,0.0,0.0,0.0,0.0
a3p00,bfoot_damping,1.1,bfoot_damping_1p1,5,10.251916288878874,5.929539807485969,19.11807254248165,13.410328162202646,13.71888766386769,7.841453677642644,0.006046310792291542,0.0031605980556863927
a3p00,bfoot_damping,1.3,bfoot_damping_1p3,5,16.468658477670623,7.932125294175028,25.255214245992647,15.74380672479423,21.957117464848807,8.712911575580417,0.01000610580093978,0.005065429184799345
a3p00,bfoot_damping,1.5,bfoot_damping_1p5,5,25.32887825560424,21.650401773736537,34.29875357300807,34.68048777120844,28.260816895009974,32.67340546430607,0.01570077605534706,0.014087188471947917
a3p00,bfoot_damping,1.7,bfoot_damping_1p7,5,21.487352765122615,7.611356279327267,31.273526317025063,23.2246875376637,29.537618249924027,16.15385499978116,0.013258765101090919,0.005174234423879508
a3p00,bfoot_damping,2.0,bfoot_damping_2,5,36.16170729701425,17.29832015628947,38.61085911772288,25.377470519804117,39.023593067620276,28.918388286807986,0.022543557902233155,0.011867938335424077
a3p00,bfoot_friction,0.0,bfoot_friction_0,5,0.0,0.0,0.0,0.0,0.0,0.0,0.0,0.0
a3p00,bfoot_friction,0.1,bfoot_friction_0p1,5,0.0,0.0,0.0,0.0,0.0,0.0,0.0,0.0
a3p00,bfoot_friction,0.2,bfoot_friction_0p2,5,0.37296460179331914,0.7310106195149055,1.1941788774324777,2.3405905997676566,1.2602022974745979,2.469996503050212,0.0002466102626463457,0.0004833561147868376
a3p00,bfoot_friction,0.3,bfoot_friction_0p3,5,2.2392841270439474,4.813872708778195,0.5266252955237632,3.5865728143209425,1.3778602800852695,5.429659700932485,0.0013435778431204893,0.0028205594847465
a3p00,bfoot_friction,0.4,bfoot_friction_0p4,5,0.0,0.0,0.0,0.0,0.0,0.0,0.0,0.0
a3p00,bfoot_friction,0.5,bfoot_friction_0p5,5,0.0,0.0,0.0,0.0,0.0,0.0,0.0,0.0
a3p00,bfoot_friction,0.6,bfoot_friction_0p6,5,0.0,0.0,0.0,0.0,0.0,0.0,0.0,0.0
a3p00,bfoot_friction,0.7,bfoot_friction_0p7,5,0.0,0.0,0.0,0.0,0.0,0.0,0.0,0.0
a3p00,bfoot_friction,0.8,bfoot_friction_0p8,5,0.0,0.0,0.0,0.0,0.0,0.0,0.0,0.0
a3p00,bfoot_friction,0.9,bfoot_friction_0p9,5,0.0,0.0,0.0,0.0,0.0,0.0,0.0,0.0
a3p00,bfoot_friction,1.0,bfoot_friction_1,5,0.0,0.0,0.0,0.0,0.0,0.0,0.0,0.0
a3p00,bfoot_friction,1.1,bfoot_friction_1p1,5,0.0,0.0,0.0,0.0,0.0,0.0,0.0,0.0
a3p00,bfoot_friction,1.3,bfoot_friction_1p3,5,0.37296460179331914,0.7310106195149055,1.1941788774324777,2.3405905997676566,1.2602022974745979,2.469996503050212,0.0002466102626463457,0.0004833561147868376
a3p00,bfoot_friction,1.5,bfoot_friction_1p5,5,2.2392841270439474,4.813872708778195,0.5266252955237632,3.5865728143209425,1.3778602800852695,5.429659700932485,0.0013435778431204893,0.0028205594847465
a3p00,bfoot_friction,1.7,bfoot_friction_1p7,5,0.0,0.0,0.0,0.0,0.0,0.0,0.0,0.0
a3p00,bfoot_friction,2.0,bfoot_friction_2,5,0.0,0.0,0.0,0.0,0.0,0.0,0.0,0.0
a3p00,bshin_actuator_gain,0.0,bshin_actuator_gain_0,5,1987.4928803262987,112.19981159996289,2006.3226869533864,96.41972222148013,2002.072981925036,99.54143348811186,1.2136104974157507,0.07410426733365853
a3p00,bshin_actuator_gain,0.1,bshin_actuator_gain_0p1,5,1898.0160816144003,107.43473350294816,1881.6555830409088,108.13113363331384,1888.3475439744175,104.79396645193216,1.1600493249317356,0.08601209149082722
a3p00,bshin_actuator_gain,0.2,bshin_actuator_gain_0p2,5,1744.896019936919,204.8706532679028,1751.679472472009,223.70210816275545,1747.0180363204538,228.03389576084717,1.0673699568928734,0.1391342339188872
a3p00,bshin_actuator_gain,0.3,bshin_actuator_gain_0p3,5,1466.372489280587,297.3515293281391,1570.6652298720844,358.1165450686977,1488.1456286610364,308.30192805685465,0.8930981132553647,0.15969937607775075
a3p00,bshin_actuator_gain,0.4,bshin_actuator_gain_0p4,5,1118.7185345740354,344.5913076376054,1144.1153260358806,446.70306403975303,1134.8319923516506,449.73186167029934,0.6754484269947594,0.16943195414291606
a3p00,bshin_actuator_gain,0.5,bshin_actuator_gain_0p5,5,851.0940929011509,327.9656013223332,932.8982076322563,534.076434550223,842.6553599362938,364.49892693666146,0.5117976852502959,0.1640651007033204
a3p00,bshin_actuator_gain,0.6,bshin_actuator_gain_0p6,5,646.4952889308257,317.31855436875304,530.4903420938945,100.89650203210154,628.1260218775245,298.0004584519508,0.3869119414332473,0.1628796664887355
a3p00,bshin_actuator_gain,0.7,bshin_actuator_gain_0p7,5,491.2046770547624,276.43090400441366,372.10478992230776,93.65340321746493,425.5422515336924,201.52339322985532,0.29420003536749606,0.14640922058349712
a3p00,bshin_actuator_gain,0.8,bshin_actuator_gain_0p8,5,311.9910444813523,176.72843923886003,217.6552628718688,76.46319517363281,214.05382536005203,74.15748608883179,0.19369388010801553,0.11728882565419672
a3p00,bshin_actuator_gain,0.9,bshin_actuator_gain_0p9,5,135.6485219382575,106.66207523106966,90.99048524866816,67.61212566548804,85.9887113205671,63.75212203721157,0.08596144739734134,0.07158769277948315
a3p00,bshin_actuator_gain,1.0,bshin_actuator_gain_1,5,0.0,0.0,0.0,0.0,0.0,0.0,0.0,0.0
a3p00,bshin_actuator_gain,1.1,bshin_actuator_gain_1p1,5,-8.58600267697948,37.869806477774276,-6.446260552253989,30.5554503812995,-9.151762193698096,31.759906536407016,-0.005673942759990563,0.02456405128909335
a3p00,bshin_actuator_gain,1.3,bshin_actuator_gain_1p3,5,51.31626267967895,45.05617093468789,55.19626805883909,72.28186262727831,54.8298513466802,64.03287802929194,0.03238282696417641,0.029807027101212687
a3p00,bshin_actuator_gain,1.5,bshin_actuator_gain_1p5,5,165.83726871496984,167.60840857653736,172.8210260813759,183.2556845521274,170.14516601288307,180.17475206857452,0.10402824573948635,0.11021611612493448
a3p00,bshin_actuator_gain,1.7,bshin_actuator_gain_1p7,5,253.28115811372308,244.49107735075182,263.48094400966886,268.3601017482232,258.13741524952627,262.15147296526084,0.15810646729200284,0.16086945870371974
a3p00,bshin_actuator_gain,2.0,bshin_actuator_gain_2,5,360.36396762517745,336.944364529558,378.31506481251483,361.3595283433249,374.46556115463187,363.9472451559835,0.22538847211499857,0.22146558700831462
a3p00,bshin_damping,0.0,bshin_damping_0,5,1067.4010663054785,117.04687286286818,1074.219019606343,119.56168032461055,1072.2452003885496,117.31039865408943,0.6531464642038303,0.07878010363174193
a3p00,bshin_damping,0.1,bshin_damping_0p1,5,955.7397579707649,97.60627134003039,962.8838476260756,106.48264290179802,958.686666423902,99.02067544613276,0.5858350744716458,0.07341029976938111
a3p00,bshin_damping,0.2,bshin_damping_0p2,5,820.5540866500153,90.87327166965405,829.1163631453925,102.11314390931824,829.2132458404885,96.86286022334318,0.503364516565076,0.0682219012485335
a3p00,bshin_damping,0.3,bshin_damping_0p3,5,691.6019189741443,88.46276493163441,701.8877781050023,103.67395746439368,698.0264625965677,101.81253668648716,0.4247140202122792,0.06910587867954418
a3p00,bshin_damping,0.4,bshin_damping_0p4,5,572.5533329001104,76.78988486864836,589.6490082464982,89.2424156820184,581.5684916596615,85.1597832307401,0.3510329573203486,0.054689773924672606
a3p00,bshin_damping,0.5,bshin_damping_0p5,5,420.79493824929995,65.90942524338026,440.89549166577035,67.23470761236659,435.0342434653703,59.39083102278273,0.2569844830080662,0.04025761755504337
a3p00,bshin_damping,0.6,bshin_damping_0p6,5,273.30046586903404,129.92339158178962,281.0221293477491,116.47196248779109,279.203010954738,120.3950703337394,0.1658241994408927,0.08003448493565159
a3p00,bshin_damping,0.7,bshin_damping_0p7,5,144.40795012037682,136.71072995219447,146.28748637293762,128.105384029789,144.51763469998886,127.86529356528045,0.08695835768819069,0.08665327386883481
a3p00,bshin_damping,0.8,bshin_damping_0p8,5,55.225315153822336,105.44868177245904,61.21315601685065,95.99870912439341,58.10781260760018,97.19791584297512,0.032154659644701745,0.06695105668399147
a3p00,bshin_damping,0.9,bshin_damping_0p9,5,20.76029540688628,43.816680663317236,25.44813526293756,37.23240652049687,23.387765791451876,37.30499448064045,0.012191120600249008,0.027984519987372825
a3p00,bshin_damping,1.0,bshin_damping_1,5,0.0,0.0,0.0,0.0,0.0,0.0,0.0,0.0
a3p00,bshin_damping,1.1,bshin_damping_1p1,5,26.561154914009286,15.295155106767458,36.687824877860066,25.573263788203743,31.517166997428784,21.363071388670477,0.01657830799692813,0.010186132702405067
a3p00,bshin_damping,1.3,bshin_damping_1p3,5,207.31816515093055,21.9234840814639,220.88934130335656,27.824788249257566,215.09317122870448,26.454264902618362,0.1266145826208562,0.013155172718159032
a3p00,bshin_damping,1.5,bshin_damping_1p5,5,395.59934501059416,90.73612051543596,400.99938784790635,83.64288220541795,398.51285228049653,87.74885614508415,0.23880330114673587,0.04059943732543091
a3p00,bshin_damping,1.7,bshin_damping_1p7,5,605.2514098596064,146.55796572013745,601.0406101515075,142.34766746525793,593.0132514028268,142.63959472128244,0.3656226093136919,0.07044592540967841
a3p00,bshin_damping,2.0,bshin_damping_2,5,874.0721952751253,278.81757126368234,890.7543970463499,267.7523367665773,884.229120319896,271.14720447929676,0.5245979324901606,0.132783709104774
a3p00,bshin_friction,0.0,bshin_friction_0,5,0.0,0.0,0.0,0.0,0.0,0.0,0.0,0.0
a3p00,bshin_friction,0.1,bshin_friction_0p1,5,0.0,0.0,0.0,0.0,0.0,0.0,0.0,0.0
a3p00,bshin_friction,0.2,bshin_friction_0p2,5,0.0,0.0,0.0,0.0,0.0,0.0,0.0,0.0
a3p00,bshin_friction,0.3,bshin_friction_0p3,5,0.0,0.0,0.0,0.0,0.0,0.0,0.0,0.0
a3p00,bshin_friction,0.4,bshin_friction_0p4,5,0.37296460179331914,0.7310106195149055,1.1941788774324777,2.3405905997676566,1.2602022974745979,2.469996503050212,0.0002466102626463457,0.0004833561147868376
a3p00,bshin_friction,0.5,bshin_friction_0p5,5,2.2392841270439474,4.813872708778195,0.5266252955237632,3.5865728143209425,1.3778602800852695,5.429659700932485,0.0013435778431204893,0.0028205594847465
a3p00,bshin_friction,0.6,bshin_friction_0p6,5,0.0,0.0,0.0,0.0,0.0,0.0,0.0,0.0
a3p00,bshin_friction,0.7,bshin_friction_0p7,5,0.0,0.0,0.0,0.0,0.0,0.0,0.0,0.0
a3p00,bshin_friction,0.8,bshin_friction_0p8,5,0.0,0.0,0.0,0.0,0.0,0.0,0.0,0.0
a3p00,bshin_friction,0.9,bshin_friction_0p9,5,0.0,0.0,0.0,0.0,0.0,0.0,0.0,0.0
a3p00,bshin_friction,1.0,bshin_friction_1,5,0.0,0.0,0.0,0.0,0.0,0.0,0.0,0.0
a3p00,bshin_friction,1.1,bshin_friction_1p1,5,0.0,0.0,0.0,0.0,0.0,0.0,0.0,0.0
a3p00,bshin_friction,1.3,bshin_friction_1p3,5,0.0,0.0,0.0,0.0,0.0,0.0,0.0,0.0
a3p00,bshin_friction,1.5,bshin_friction_1p5,5,0.0,0.0,0.0,0.0,0.0,0.0,0.0,0.0
a3p00,bshin_friction,1.7,bshin_friction_1p7,5,0.37296460179331914,0.7310106195149055,1.1941788774324777,2.3405905997676566,1.2602022974745979,2.469996503050212,0.0002466102626463457,0.0004833561147868376
a3p00,bshin_friction,2.0,bshin_friction_2,5,2.2392841270439474,4.813872708778195,0.5266252955237632,3.5865728143209425,1.3778602800852695,5.429659700932485,0.0013435778431204893,0.0028205594847465
a3p00,bthigh_actuator_gain,0.0,bthigh_actuator_gain_0,5,1253.462483296999,412.86214477764935,1258.494281811895,407.11837901209736,1255.2073189551306,407.758795316113,0.7559972055586395,0.23310448658127225
a3p00,bthigh_actuator_gain,0.1,bthigh_actuator_gain_0p1,5,1122.7143656325036,380.27264182683314,1128.8269067117817,378.30738705694955,1126.8519333453278,376.300337020365,0.6767111765148801,0.21451464886936275
a3p00,bthigh_actuator_gain,0.2,bthigh_actuator_gain_0p2,5,962.5506542115893,357.6352386239314,969.6560151128455,344.90172040181943,966.0830808309156,348.8430669270488,0.5781155909460588,0.1980579733854986
a3p00,bthigh_actuator_gain,0.3,bthigh_actuator_gain_0p3,5,802.0083323525485,290.4224907591375,794.6847773230251,282.6813225650055,791.8327979225415,284.7714417978927,0.4806906150686485,0.1546356965772582
a3p00,bthigh_actuator_gain,0.4,bthigh_actuator_gain_0p4,5,622.5481544388737,255.21027506838496,595.3074233665517,248.39789262603713,594.628432289666,251.47502170827568,0.3712262621049484,0.13512518693179454
a3p00,bthigh_actuator_gain,0.5,bthigh_actuator_gain_0p5,5,432.7547270711995,230.862492107723,428.98756701911,221.89360758743473,424.73715047396706,223.56987436744697,0.25532443006215655,0.12304986519580578
a3p00,bthigh_actuator_gain,0.6,bthigh_actuator_gain_0p6,5,281.66655903663155,184.89618661712672,273.0652065319744,168.36885907815778,271.3849232000986,172.78679746593545,0.1658805618329438,0.10147131207803561
a3p00,bthigh_actuator_gain,0.7,bthigh_actuator_gain_0p7,5,151.24506521098482,140.411976655329,143.3620548138346,117.97411020895743,139.986489312949,121.85977432390744,0.08884636849316586,0.08010757295611846
a3p00,bthigh_actuator_gain,0.8,bthigh_actuator_gain_0p8,5,62.44686185960468,68.19703973652071,64.92038856504037,63.21081604728973,63.706145390182655,66.74919746960357,0.03604191941583183,0.038415511289188714
a3p00,bthigh_actuator_gain,0.9,bthigh_actuator_gain_0p9,5,3.072170979291286,33.267768167554415,11.357215650174203,26.8487353515859,6.222668921059585,29.906427711372334,0.0007053708681138707,0.019980778023220444
a3p00,bthigh_actuator_gain,1.0,bthigh_actuator_gain_1,5,0.0,0.0,0.0,0.0,0.0,0.0,0.0,0.0
a3p00,bthigh_actuator_gain,1.1,bthigh_actuator_gain_1p1,5,9.65376136962077,20.82694370656733,14.296867009091056,24.91276853774851,9.934366310253882,19.848863872025806,0.006703000799115652,0.012796648357166969
a3p00,bthigh_actuator_gain,1.3,bthigh_actuator_gain_1p3,5,75.42888897468197,28.77420642235261,79.18567899315062,30.997348218558447,75.15763162977586,27.36366968643544,0.04624142942633466,0.019095799691549935
a3p00,bthigh_actuator_gain,1.5,bthigh_actuator_gain_1p5,5,229.5280175069429,48.067512523706576,237.09666285618178,47.47064354010889,235.32751185068145,44.13126196337968,0.14000272138677386,0.029407319935820214
a3p00,bthigh_actuator_gain,1.7,bthigh_actuator_gain_1p7,5,472.17255812996484,95.49220081083735,455.8225792582049,51.36187206938111,449.0146275030851,56.035079943687485,0.28903220847343464,0.06500116983488316
a3p00,bthigh_actuator_gain,2.0,bthigh_actuator_gain_2,5,944.8580484795766,375.9304589663935,1034.5353827122321,520.0163683292781,1002.5792563755597,473.22614185740065,0.5843022964042087,0.26138879219251715
a3p00,bthigh_damping,0.0,bthigh_damping_0,5,1938.8255475915496,833.8516131569646,1997.6149019466634,887.430906148929,1989.6922252293195,880.9519666651923,1.187227750294791,0.5061124876745455
a3p00,bthigh_damping,0.1,bthigh_damping_0p1,5,1540.9181767041696,707.2852221028414,1558.0591025051895,707.337269809239,1553.7617740225257,712.0233462065487,0.9374474559097719,0.41027634990372835
a3p00,bthigh_damping,0.2,bthigh_damping_0p2,5,1083.9316999175119,432.137778175244,1086.074218583779,420.3239937676608,1088.0056825050674,422.6783754033627,0.6592797523257172,0.2490876254424094
a3p00,bthigh_damping,0.3,bthigh_damping_0p3,5,728.9738538126294,226.1843731217332,734.9406977224367,227.62617067192232,734.1808201569577,224.88138370356367,0.444593538548982,0.13186259262656264
a3p00,bthigh_damping,0.4,bthigh_damping_0p4,5,525.1260303932161,123.01788670985647,542.6539644598231,132.321290453606,534.4952074261831,122.92254152133431,0.32238950004764566,0.07892754867042838
a3p00,bthigh_damping,0.5,bthigh_damping_0p5,5,330.4435348116216,81.64701876499282,340.6758710351486,86.12830372685951,336.17687376282396,84.15133824746816,0.20471376775278563,0.0582669318249662
a3p00,bthigh_damping,0.6,bthigh_damping_0p6,5,180.4990517060944,69.9759888208524,193.32555005915492,86.80859249046263,188.50881351311196,80.25608752801297,0.11341170323260126,0.0485552007411033
a3p00,bthigh_damping,0.7,bthigh_damping_0p7,5,81.86705120551824,59.17653010304211,94.26742679124868,75.769885392502,89.27659477373172,68.56975883215085,0.052462646124839654,0.038356478152255666
a3p00,bthigh_damping,0.8,bthigh_damping_0p8,5,25.276572946394936,37.326195113301836,30.40034140745538,40.88900584391341,27.41974138456694,39.17685449620111,0.017118228785818722,0.023623436944858207
a3p00,bthigh_damping,0.9,bthigh_damping_0p9,5,1.3523898965197076,23.674599256118736,5.854680447068358,31.764573308440827,-0.39274370840030315,25.32128508278115,0.0018463912421999948,0.014467923644358286
a3p00,bthigh_damping,1.0,bthigh_damping_1,5,0.0,0.0,0.0,0.0,0.0,0.0,0.0,0.0
a3p00,bthigh_damping,1.1,bthigh_damping_1p1,5,12.825910165802224,30.96050443529457,16.415153483681614,28.951952429580118,12.729342925778747,30.235029969492487,0.006948906605352079,0.01879976933639681
a3p00,bthigh_damping,1.3,bthigh_damping_1p3,5,66.73832027455023,50.601898999634045,67.92115890501182,42.98768601917056,66.64718697446237,47.97324987929588,0.03926427044865056,0.029812914934455516
a3p00,bthigh_damping,1.5,bthigh_damping_1p5,5,133.96289859352783,72.7919936444383,132.24599481947607,81.54554759998545,131.86702287055627,77.26522034838382,0.08049676599507997,0.04389692150627474
a3p00,bthigh_damping,1.7,bthigh_damping_1p7,5,182.6173536876973,118.68093197563006,190.47095023664906,106.0300982214672,184.94577699288044,111.46722585572358,0.10976335094336168,0.07288216460085982
a3p00,bthigh_damping,2.0,bthigh_damping_2,5,269.13217172893826,156.2942318770441,273.56558610495256,144.22652281239678,268.7207835789959,150.76906591624115,0.16296053062507787,0.09774044119768507
a3p00,bthigh_friction,0.0,bthigh_friction_0,5,0.0,0.0,0.0,0.0,0.0,0.0,0.0,0.0
a3p00,bthigh_friction,0.1,bthigh_friction_0p1,5,0.0,0.0,0.0,0.0,0.0,0.0,0.0,0.0
a3p00,bthigh_friction,0.2,bthigh_friction_0p2,5,0.0,0.0,0.0,0.0,0.0,0.0,0.0,0.0
a3p00,bthigh_friction,0.3,bthigh_friction_0p3,5,0.0,0.0,0.0,0.0,0.0,0.0,0.0,0.0
a3p00,bthigh_friction,0.4,bthigh_friction_0p4,5,0.0,0.0,0.0,0.0,0.0,0.0,0.0,0.0
a3p00,bthigh_friction,0.5,bthigh_friction_0p5,5,0.0,0.0,0.0,0.0,0.0,0.0,0.0,0.0
a3p00,bthigh_friction,0.6,bthigh_friction_0p6,5,0.37296460179331914,0.7310106195149055,1.1941788774324777,2.3405905997676566,1.2602022974745979,2.469996503050212,0.0002466102626463457,0.0004833561147868376
a3p00,bthigh_friction,0.7,bthigh_friction_0p7,5,2.2392841270439474,4.813872708778195,0.5266252955237632,3.5865728143209425,1.3778602800852695,5.429659700932485,0.0013435778431204893,0.0028205594847465
a3p00,bthigh_friction,0.8,bthigh_friction_0p8,5,0.0,0.0,0.0,0.0,0.0,0.0,0.0,0.0
a3p00,bthigh_friction,0.9,bthigh_friction_0p9,5,0.0,0.0,0.0,0.0,0.0,0.0,0.0,0.0
a3p00,bthigh_friction,1.0,bthigh_friction_1,5,0.0,0.0,0.0,0.0,0.0,0.0,0.0,0.0
a3p00,bthigh_friction,1.1,bthigh_friction_1p1,5,0.0,0.0,0.0,0.0,0.0,0.0,0.0,0.0
a3p00,bthigh_friction,1.3,bthigh_friction_1p3,5,0.0,0.0,0.0,0.0,0.0,0.0,0.0,0.0
a3p00,bthigh_friction,1.5,bthigh_friction_1p5,5,0.0,0.0,0.0,0.0,0.0,0.0,0.0,0.0
a3p00,bthigh_friction,1.7,bthigh_friction_1p7,5,0.0,0.0,0.0,0.0,0.0,0.0,0.0,0.0
a3p00,bthigh_friction,2.0,bthigh_friction_2,5,0.0,0.0,0.0,0.0,0.0,0.0,0.0,0.0
a3p00,damping,0.0,damping_0,5,1617.7837789206187,271.175347800701,1568.8279512113281,382.502804833778,1601.1914494441417,323.37157033798906,0.9983606624692614,0.21405341522893714
a3p00,damping,0.1,damping_0p1,5,1438.516310607729,383.97673308875443,1433.7101503790466,435.63660139403396,1424.9307084785137,426.43122272290225,0.8928471351400186,0.2686120564453219
a3p00,damping,0.2,damping_0p2,5,1303.636551898021,408.061442713535,1304.8662406105445,482.4023828616348,1289.3114673613002,459.34823977481136,0.8128140254534235,0.2816226747050482
a3p00,damping,0.3,damping_0p3,5,1084.9549589637695,394.9950800376192,939.8968694889597,448.6985499051964,958.5096723771154,451.75854873889335,0.6735204165555174,0.2592769460643355
a3p00,damping,0.4,damping_0p4,5,760.3990062913967,360.7023206435966,720.0467588717763,389.9897789322668,725.7338127695393,394.994064855919,0.4761305669833886,0.2415499110033546
a3p00,damping,0.5,damping_0p5,5,576.460084863989,254.29215434362231,554.5520271743713,286.2147075232944,550.7508356503033,281.29872187631923,0.3581219504973135,0.16930266996619855
a3p00,damping,0.6,damping_0p6,5,352.5144024634268,156.6621547296134,353.9144253058518,186.50509445067155,347.11695072795453,181.81437439379326,0.22043613034047324,0.10390585092100323
a3p00,damping,0.7,damping_0p7,5,189.29020940814084,135.12892577038227,193.82630323244308,155.70175528036447,192.09171983848964,153.52023011207754,0.11961999189903236,0.08712416362704296
a3p00,damping,0.8,damping_0p8,5,69.37851869362589,101.88222928514438,79.76322031719842,107.23104093877704,75.13233789863575,107.70126428250067,0.04638191935112486,0.06452881797920632
a3p00,damping,0.9,damping_0p9,5,10.637911978294733,45.476034199485184,17.576765244289298,51.83080313187174,15.954552665649363,48.8073936019774,0.00834664426101656,0.027923138326220984
a3p00,damping,1.0,damping_1,5,0.0,0.0,0.0,0.0,0.0,0.0,0.0,0.0
a3p00,damping,1.1,damping_1p1,5,62.65587210821059,55.198743072157335,66.06940352624397,48.66308436339252,63.837370109841956,51.405015730081274,0.0366725363153652,0.030698435165746427
a3p00,damping,1.3,damping_1p3,5,382.981880366272,78.23372074997417,393.32386227494493,88.62766538284363,388.72094208275405,86.90429800565637,0.23319089287915543,0.04486788895803063
a3p00,damping,1.5,damping_1p5,5,661.3957226999175,85.96414987811809,671.5777689185954,94.8202957173987,668.6932322524449,95.82228419338202,0.40321726812395314,0.04837305719669496
a3p00,damping,1.7,damping_1p7,5,829.6556258372424,172.99691211978043,798.0023720973543,122.49197193478727,804.286401933166,118.89062863394422,0.5016936627406396,0.07549517904143752
a3p00,damping,2.0,damping_2,5,1006.9479356328017,470.62223548944326,1075.2709166919844,555.3342157796542,1014.4424828422161,478.2495707388649,0.6012465922441899,0.25782905946287743
a3p00,ffoot_actuator_gain,0.0,ffoot_actuator_gain_0,5,123.84072562281207,113.58156878297358,93.22465397953006,70.32231438128075,89.17901574360272,71.30608083922674,0.07088106358905938,0.06169651148126304
a3p00,ffoot_actuator_gain,0.1,ffoot_actuator_gain_0p1,5,130.21411381987932,129.4708861783677,76.73457230513677,50.44319864200108,73.14780544468218,55.89303865423951,0.07444704666696782,0.07024831726748826
a3p00,ffoot_actuator_gain,0.2,ffoot_actuator_gain_0p2,5,91.37385675050636,120.1619208512628,62.83795764571555,39.351098664836705,56.95390647857071,43.20596337552749,0.051814160862991565,0.0656749129637638
a3p00,ffoot_actuator_gain,0.3,ffoot_actuator_gain_0p3,5,65.87691300094562,71.12223171936698,54.75293321956169,31.23035740239044,50.33061915915332,32.50913495240365,0.03758573716827833,0.03885998427060492
a3p00,ffoot_actuator_gain,0.4,ffoot_actuator_gain_0p4,5,51.13314212954974,64.25252822769488,35.753207375105056,20.86865968852646,31.605922406597802,22.84683685587962,0.02908707807154373,0.035074105530923536
a3p00,ffoot_actuator_gain,0.5,ffoot_actuator_gain_0p5,5,16.875186969046762,29.09885931097702,25.550460282309906,17.990881130202975,20.080285865591122,22.29671580417785,0.009417055835983932,0.017120551062944432
a3p00,ffoot_actuator_gain,0.6,ffoot_actuator_gain_0p6,5,13.656775056391234,9.760134709308028,21.069025561813397,10.20039570902713,17.10867183797327,7.802663164418872,0.007945243704467326,0.005259240257060889
a3p00,ffoot_actuator_gain,0.7,ffoot_actuator_gain_0p7,5,13.030852720106441,7.116776503442498,19.916401537999946,9.963477811541168,15.21965264415753,8.704544404339869,0.0077160018719532346,0.003628297686412226
a3p00,ffoot_actuator_gain,0.8,ffoot_actuator_gain_0p8,5,3.6049595695695644,10.160410595089019,9.506982865065993,5.8003086646858595,7.9976546728860285,4.717268728961926,0.0017908488480409296,0.005968846517496732
a3p00,ffoot_actuator_gain,0.9,ffoot_actuator_gain_0p9,5,-1.398239281300721,18.9155050863997,3.5646385286299394,10.951112353372526,0.7844449300897395,10.344584818348043,-0.0010669377899760913,0.012227152898250835
a3p00,ffoot_actuator_gain,1.0,ffoot_actuator_gain_1,5,0.0,0.0,0.0,0.0,0.0,0.0,0.0,0.0
a3p00,ffoot_actuator_gain,1.1,ffoot_actuator_gain_1p1,5,35.239467886709875,75.5866250138534,4.137471881752527,10.852248234090325,2.439733855025497,8.685430281329339,0.023373429230219164,0.049873665164195
a3p00,ffoot_actuator_gain,1.3,ffoot_actuator_gain_1p3,5,51.87514568640099,118.36386542502717,1.4308743356180913,10.606105363823119,-1.7946781944690884,15.188787479253827,0.034290515152269184,0.07812853427578778
a3p00,ffoot_actuator_gain,1.5,ffoot_actuator_gain_1p5,5,81.61881897365956,145.11685245722725,12.323239742442274,26.050209881500667,12.241618043099242,25.466881886229274,0.053765906879611323,0.09592675856976582
a3p00,ffoot_actuator_gain,1.7,ffoot_actuator_gain_1p7,5,64.13355809523645,108.70374722971572,15.536304562923352,22.03762970278882,12.186768716705638,19.434266006683995,0.041874836469227864,0.07202723786110853
a3p00,ffoot_actuator_gain,2.0,ffoot_actuator_gain_2,5,55.195190223255395,82.3106677353908,22.964290221875217,15.087816267078829,19.066107364178105,14.800682387895883,0.03542181507094681,0.05478587317761118
a3p00,ffoot_damping,0.0,ffoot_damping_0,5,36.55461880964617,28.062082209233655,39.38713994504569,17.993997682996206,37.251978993027066,19.151612450858867,0.021930413237251346,0.017433708839790906
a3p00,ffoot_damping,0.1,ffoot_damping_0p1,5,36.48230356362965,17.57108019379606,39.40788527572854,12.983983028802838,36.00478794603127,18.185144052559387,0.022402263982300025,0.010256213731193252
a3p00,ffoot_damping,0.2,ffoot_damping_0p2,5,26.01231731914413,11.219919477218415,30.995746386325163,10.036153436116752,28.167678579543644,10.283431377346906,0.015622838675697734,0.005850906187656793
a3p00,ffoot_damping,0.3,ffoot_damping_0p3,5,14.405390215667103,4.903967527402938,17.803236012977415,2.5261103823168836,18.050081658051887,9.32760794047422,0.008743431977517795,0.002931415729738655
a3p00,ffoot_damping,0.4,ffoot_damping_0p4,5,3.5901070445032475,18.507271190556228,11.80072370245457,13.61690524439013,6.101502313988339,14.421643270135982,0.002089224805798855,0.01120219871123211
a3p00,ffoot_damping,0.5,ffoot_damping_0p5,5,11.300262474993724,17.221578077163276,9.84840602485383,11.044110423818276,10.372272442231997,13.193843535733887,0.006968431022255582,0.00988830424510693
a3p00,ffoot_damping,0.6,ffoot_damping_0p6,5,2.444796996861578,10.811627292895448,1.4978762755692514,4.695807585173007,6.586216367070574,13.546265966060204,0.0017637567465183252,0.006573253147201229
a3p00,ffoot_damping,0.7,ffoot_damping_0p7,5,11.560572205857579,23.963386784058734,23.79093780573412,45.33261500966196,19.543717333927635,40.76949533124923,0.007495822462378281,0.015138013128947888
a3p00,ffoot_damping,0.8,ffoot_damping_0p8,5,-13.40891193696757,9.88855502264384,-15.041881597551946,13.394461463467968,-14.792839797885382,8.762392779906145,-0.008368681217237058,0.006531992474977376
a3p00,ffoot_damping,0.9,ffoot_damping_0p9,5,-4.433736943567783,14.89091922539855,-0.8403632693530199,18.755158169351763,-3.5191693113250038,11.073311306927536,-0.0028128480317205,0.009618170619720461
a3p00,ffoot_damping,1.0,ffoot_damping_1,5,0.0,0.0,0.0,0.0,0.0,0.0,0.0,0.0
a3p00,ffoot_damping,1.1,ffoot_damping_1p1,5,8.580661614579322,14.616199409356302,9.073888344422903,14.50637060091169,8.674453346533483,19.05090592221636,0.005415877805907904,0.008734390175927573
a3p00,ffoot_damping,1.3,ffoot_damping_1p3,5,-2.3559901251911013,24.205365384065477,6.630923275961732,13.073800620694582,1.588900113994032,15.61163157833631,-0.0015665714843808166,0.015610258139388414
a3p00,ffoot_damping,1.5,ffoot_damping_1p5,5,7.979452114477908,10.765380557918967,18.42667898157806,6.747332172149575,14.753548447917591,3.032954638921978,0.004692852357411822,0.006776745280206855
a3p00,ffoot_damping,1.7,ffoot_damping_1p7,5,19.921582623258654,7.296901896604994,24.678678241508987,18.02053404291419,23.651885838205544,14.913719231993465,0.012205339123418844,0.004525178358899909
a3p00,ffoot_damping,2.0,ffoot_damping_2,5,3.1071638836349393,18.082025419229186,12.033987278811537,5.409243449753953,7.662921273723759,10.626057770716427,0.0016803936253154826,0.011394566469710815
a3p00,ffoot_friction,0.0,ffoot_friction_0,5,0.0,0.0,0.0,0.0,0.0,0.0,0.0,0.0
a3p00,ffoot_friction,0.1,ffoot_friction_0p1,5,0.0,0.0,0.0,0.0,0.0,0.0,0.0,0.0
a3p00,ffoot_friction,0.2,ffoot_friction_0p2,5,0.37296460179331914,0.7310106195149055,1.1941788774324777,2.3405905997676566,1.2602022974745979,2.469996503050212,0.0002466102626463457,0.0004833561147868376
a3p00,ffoot_friction,0.3,ffoot_friction_0p3,5,2.2392841270439474,4.813872708778195,0.5266252955237632,3.5865728143209425,1.3778602800852695,5.429659700932485,0.0013435778431204893,0.0028205594847465
a3p00,ffoot_friction,0.4,ffoot_friction_0p4,5,0.0,0.0,0.0,0.0,0.0,0.0,0.0,0.0
a3p00,ffoot_friction,0.5,ffoot_friction_0p5,5,0.0,0.0,0.0,0.0,0.0,0.0,0.0,0.0
a3p00,ffoot_friction,0.6,ffoot_friction_0p6,5,0.0,0.0,0.0,0.0,0.0,0.0,0.0,0.0
a3p00,ffoot_friction,0.7,ffoot_friction_0p7,5,0.0,0.0,0.0,0.0,0.0,0.0,0.0,0.0
a3p00,ffoot_friction,0.8,ffoot_friction_0p8,5,0.0,0.0,0.0,0.0,0.0,0.0,0.0,0.0
a3p00,ffoot_friction,0.9,ffoot_friction_0p9,5,0.0,0.0,0.0,0.0,0.0,0.0,0.0,0.0
a3p00,ffoot_friction,1.0,ffoot_friction_1,5,0.0,0.0,0.0,0.0,0.0,0.0,0.0,0.0
a3p00,ffoot_friction,1.1,ffoot_friction_1p1,5,0.0,0.0,0.0,0.0,0.0,0.0,0.0,0.0
a3p00,ffoot_friction,1.3,ffoot_friction_1p3,5,0.37296460179331914,0.7310106195149055,1.1941788774324777,2.3405905997676566,1.2602022974745979,2.469996503050212,0.0002466102626463457,0.0004833561147868376
a3p00,ffoot_friction,1.5,ffoot_friction_1p5,5,2.2392841270439474,4.813872708778195,0.5266252955237632,3.5865728143209425,1.3778602800852695,5.429659700932485,0.0013435778431204893,0.0028205594847465
a3p00,ffoot_friction,1.7,ffoot_friction_1p7,5,0.0,0.0,0.0,0.0,0.0,0.0,0.0,0.0
a3p00,ffoot_friction,2.0,ffoot_friction_2,5,0.0,0.0,0.0,0.0,0.0,0.0,0.0,0.0
a3p00,friction,0.0,friction_0,5,-2405.504277369421,4151.4120619833375,-3101.01172414741,4514.0411817275335,-2578.054737141526,4208.934986499876,-1.3919487425267445,2.6641484154151507
a3p00,friction,0.1,friction_0p1,5,-1549.634388939758,1793.940837360276,-1794.9469869796899,1890.732117248539,-1795.2531975807644,1886.4934050251027,-0.960863601976841,1.1694693019290503
a3p00,friction,0.2,friction_0p2,5,-684.568062585891,776.7192936677445,-805.1125579624497,905.5330418254671,-796.5130773740159,885.3043018079845,-0.4260180475997256,0.5074053337601551
a3p00,friction,0.3,friction_0p3,5,-201.6064860428076,106.49872593293927,-248.04867418574176,160.767918008473,-250.3762841971796,157.27865970491993,-0.12298159316936352,0.06897858808884513
a3p00,friction,0.4,friction_0p4,5,-145.09356508276227,90.08268229891314,-182.96081340374832,84.72413827212897,-187.1272995239022,84.12399166321171,-0.08701499275961808,0.05617880769169167
a3p00,friction,0.5,friction_0p5,5,-154.13782413213153,52.66813039445509,-153.03819068068225,56.22847117310602,-154.95683694940925,54.38348286784587,-0.09279581661961342,0.028442979624215353
a3p00,friction,0.6,friction_0p6,5,-120.45649728428043,35.398199277261746,-118.33095252219869,36.12704640510157,-119.8145252738287,34.20721500409549,-0.07251358392647994,0.018240353069136676
a3p00,friction,0.7,friction_0p7,5,-91.83974980590911,36.059511828303364,-83.76252676751396,38.425189133993996,-87.78200745287991,35.058512149049974,-0.055411813151858134,0.020457613752962945
a3p00,friction,0.8,friction_0p8,5,-58.57920331663304,19.875366685743934,-54.915518013793054,16.165861617715887,-56.827835440176386,16.048946141554673,-0.03542961551785663,0.011598466786944752
a3p00,friction,0.9,friction_0p9,5,-17.21147908295834,6.0139961530479376,-19.38015972563021,17.56712629555888,-18.146187792031924,11.26706581429954,-0.010412492389026655,0.0031448620350860556
a3p00,friction,1.0,friction_1,5,0.0,0.0,0.0,0.0,0.0,0.0,0.0,0.0
a3p00,friction,1.1,friction_1p1,5,23.23023739315736,15.215629152429544,23.898927931305572,16.11538914118671,22.21708526282496,14.7905492157748,0.013755389170816515,0.008156022090363558
a3p00,friction,1.3,friction_1p3,5,61.642036285544236,20.3893361199445,67.97535132912871,8.729336950885658,65.44824358474179,12.666040535325667,0.037262480656509306,0.010766484897548488
a3p00,friction,1.5,friction_1p5,5,104.49346328904149,22.299493272156308,109.44036307217138,17.913901169433988,105.78199692234216,22.35674836420977,0.06361028221997196,0.01220622101807325
a3p00,friction,1.7,friction_1p7,5,137.04143467501285,30.96247261272242,141.26003457939743,24.531762274442695,140.0010851259605,30.01643039625164,0.08361816844935406,0.017245742757962382
a3p00,friction,2.0,friction_2,5,154.60511504265028,41.940869951633275,162.93495026217107,44.856482797079664,159.69013053673558,44.43736510079162,0.09451666666944979,0.024179697580657505
a3p00,friction_damping,0.0,friction_damping_0,5,-53.65849304181029,3514.2372947144763,-403.78707905827,4153.551245576978,-560.8881646901258,4106.060517519769,0.042290472335144005,1.9698106321624214
a3p00,friction_damping,0.1,friction_damping_0p1,5,-127.26819749017322,3084.886191225929,-36.26338743829283,3129.415688035183,-67.87116405149273,3105.1900636399037,0.01287602490612123,1.7465404006341085
a3p00,friction_damping,0.2,friction_damping_0p2,5,493.62751751978897,1910.5164890496872,524.6336132175802,1906.7977368705272,520.3144144005506,1923.9143786884092,0.35959119270256,1.0988565986686138
a3p00,friction_damping,0.3,friction_damping_0p3,5,687.9544770886192,983.0188394959468,662.380059106081,965.2373739073986,681.206231223553,970.0255608195761,0.4513944297780954,0.5810610395673201
a3p00,friction_damping,0.4,friction_damping_0p4,5,539.811196373763,527.7766391982428,543.8095890952407,535.2614100549295,547.2444936478522,536.7099859603262,0.3449555917104489,0.3143474319017998
a3p00,friction_damping,0.5,friction_damping_0p5,5,377.1108937681065,344.03244598127753,387.43389014978993,358.09256998609317,378.48333559296486,345.45598506489154,0.2401144396145481,0.20510576440588843
a3p00,friction_damping,0.6,friction_damping_0p6,5,234.2452972354463,231.11911714640152,247.62679846275114,247.92301851643836,238.5016349361653,238.0335507321225,0.14997730532415932,0.13972933377391153
a3p00,friction_damping,0.7,friction_damping_0p7,5,60.258545988738526,181.96538737828564,63.823745808423425,185.32346537075958,59.883085214452876,182.61144144247848,0.04209181177801561,0.11048907816109295
a3p00,friction_damping,0.8,friction_damping_0p8,5,1.6503767282351873,130.6206694183056,7.1449792857444665,133.87982794792387,4.779718074350012,129.8076625832382,0.0058794990302650256,0.07746987642815828
a3p00,friction_damping,0.9,friction_damping_0p9,5,-17.55664685735501,59.08740143483657,-6.971507913152846,76.27514841815614,-12.607808135915183,69.26994331770237,-0.008524688031361359,0.03451022348782859
a3p00,friction_damping,1.0,friction_damping_1,5,0.0,0.0,0.0,0.0,0.0,0.0,0.0,0.0
a3p00,friction_damping,1.1,friction_damping_1p1,5,90.75707683705578,55.57393654479343,92.87465306950557,48.7236011368103,88.71860700887018,52.70116586262537,0.05436946581988352,0.03221764824580005
a3p00,friction_damping,1.3,friction_damping_1p3,5,443.2888951009812,75.31689451673688,436.84137694598974,99.6158425228322,434.11570134198536,98.9407456387871,0.2716419480713327,0.051877275113124184
a3p00,friction_damping,1.5,friction_damping_1p5,5,712.4643858023085,77.93424383100259,730.1669841516307,100.80045978189536,725.8252072290103,97.69953938603167,0.4360304502124343,0.057558827288999644
a3p00,friction_damping,1.7,friction_damping_1p7,5,829.7020285728952,143.12419223024344,827.1557316689377,143.9639593407861,826.307004856754,142.8027451861876,0.5036989850415965,0.0726422473690774
a3p00,friction_damping,2.0,friction_damping_2,5,1045.7228264563405,365.6253457761196,1017.9563235164347,393.9240457791887,1024.1487045213562,380.88812320192653,0.6302780079584498,0.2089956797585507
a3p00,fshin_actuator_gain,0.0,fshin_actuator_gain_0,5,1016.4775950621504,520.3382257174588,1012.9501756305905,529.9628224627986,1011.9026172552894,527.7008208698707,0.6373651620140841,0.3631083372349432
a3p00,fshin_actuator_gain,0.1,fshin_actuator_gain_0p1,5,857.7280894686486,590.699867596523,868.7261533921755,597.9509309969233,865.1220198543027,597.0579727717793,0.5406177347322738,0.4039202234905664
a3p00,fshin_actuator_gain,0.2,fshin_actuator_gain_0p2,5,758.0939686889826,637.0221248653584,770.990671784986,641.6511840249985,766.3819557884535,641.8669979193875,0.48013211622424184,0.43139860700134236
a3p00,fshin_actuator_gain,0.3,fshin_actuator_gain_0p3,5,633.3524663907158,613.9229639324358,681.9076350517978,681.2803935374424,672.0947596047425,674.0869694248175,0.4030263284346729,0.41335528460961707
a3p00,fshin_actuator_gain,0.4,fshin_actuator_gain_0p4,5,524.2252892292651,581.1967082129325,609.3635531163242,714.4421044621074,596.828703775395,703.4796260800134,0.33536258990417417,0.389500876816126
a3p00,fshin_actuator_gain,0.5,fshin_actuator_gain_0p5,5,447.74861420638865,558.9841733249901,525.7947521827284,698.399047037201,529.3210921668372,710.7393957479303,0.2878390752752217,0.37325222853529194
a3p00,fshin_actuator_gain,0.6,fshin_actuator_gain_0p6,5,287.5859127351042,380.8659922300517,302.90087679761484,394.286825733203,297.36629034909777,386.9053519379,0.1854266538730716,0.2539948148897997
a3p00,fshin_actuator_gain,0.7,fshin_actuator_gain_0p7,5,119.69714266773667,124.96657488295872,76.19305064023088,24.571629307859475,71.90017304997664,21.339229208431338,0.07633163168191626,0.08393677491011171
a3p00,fshin_actuator_gain,0.8,fshin_actuator_gain_0p8,5,26.668938677703682,16.24916971124122,32.699715028803936,11.327508108935193,27.619559328634388,13.11473471894427,0.016538351870775642,0.010862540227812077
a3p00,fshin_actuator_gain,0.9,fshin_actuator_gain_0p9,5,20.05542068544837,43.72209674547091,5.129297613981635,9.920574751791298,4.064261385932104,13.168371869572848,0.012911296275627312,0.028904396174671877
a3p00,fshin_actuator_gain,1.0,fshin_actuator_gain_1,5,0.0,0.0,0.0,0.0,0.0,0.0,0.0,0.0
a3p00,fshin_actuator_gain,1.1,fshin_actuator_gain_1p1,5,9.445249874738057,2.010138888204176,17.520678342154177,16.634613007428218,14.786320809845074,11.779008752784781,0.005744068708137982,0.00114364501907251
a3p00,fshin_actuator_gain,1.3,fshin_actuator_gain_1p3,5,70.59714798795108,54.37403400741192,63.8241784287804,26.835881062045974,59.383204337071355,24.75343178152638,0.04433944867726473,0.036850995255697
a3p00,fshin_actuator_gain,1.5,fshin_actuator_gain_1p5,5,117.91309735565964,41.01997894039912,130.76602465507645,48.429340063611924,123.48052872767998,45.47968499039589,0.07338225685953355,0.029724078983697937
a3p00,fshin_actuator_gain,1.7,fshin_actuator_gain_1p7,5,185.21907312168673,26.349503669512725,200.65382031390732,34.76373276630446,191.22198743371027,30.151840285898317,0.11370700683606479,0.020642911921637124
a3p00,fshin_actuator_gain,2.0,fshin_actuator_gain_2,5,260.9909550308664,69.11362856307672,239.85963319705814,56.70826618373592,234.73864291138688,55.51128928433701,0.16255727705052098,0.05270916339713669
a3p00,fshin_damping,0.0,fshin_damping_0,5,468.4427876985227,273.9999190463707,438.3704010315937,303.0575678496579,428.5316360811577,289.2461208503368,0.29733821204116334,0.1853575396839475
a3p00,fshin_damping,0.1,fshin_damping_0p1,5,348.32601993320895,212.5173991188987,291.82875470146257,156.66236765298478,309.28046999372157,174.5840267531495,0.22062773625885926,0.14330203590630197
a3p00,fshin_damping,0.2,fshin_damping_0p2,5,260.71827670667835,171.73747140001365,219.38200152898034,130.08631035128556,224.40332224371113,124.26744656326217,0.1651718428721562,0.11435145323817925
a3p00,fshin_damping,0.3,fshin_damping_0p3,5,185.01221577914112,117.83895187650133,177.0026332439373,105.3950605757702,177.88553275984796,105.8277709491185,0.11725998204959667,0.07717268409697964
a3p00,fshin_damping,0.4,fshin_damping_0p4,5,124.93408032906272,80.02952830987752,122.68358129207805,88.04288771873816,124.9770102939026,87.68541687753826,0.07904544860066283,0.051309228819247744
a3p00,fshin_damping,0.5,fshin_damping_0p5,5,91.47582271274868,63.96276254294662,87.74591680843874,69.18882571450355,90.32672081446572,67.7887511117283,0.057572645731612505,0.04048649410872577
a3p00,fshin_damping,0.6,fshin_damping_0p6,5,62.355757503813535,48.31266371327929,59.02494157509204,58.67115145253433,63.873030999759656,57.237280593027286,0.039392554040696845,0.030239091903342404
a3p00,fshin_damping,0.7,fshin_damping_0p7,5,39.22648420193641,26.261678277052035,43.50837771553442,33.468175500415406,40.04599378217718,30.003075798250414,0.024328135416238093,0.016881516017056175
a3p00,fshin_damping,0.8,fshin_damping_0p8,5,30.43441447364021,14.464848873879156,34.122351599487004,24.911350246177665,33.5092076715714,23.18943540769297,0.018947591645901624,0.009538777932095694
a3p00,fshin_damping,0.9,fshin_damping_0p9,5,10.6671539057651,8.263386975933756,12.95806343067834,6.210482170396471,12.94708068087607,6.329339531109569,0.006493569115590842,0.005362345611458313
a3p00,fshin_damping,1.0,fshin_damping_1,5,0.0,0.0,0.0,0.0,0.0,0.0,0.0,0.0
a3p00,fshin_damping,1.1,fshin_damping_1p1,5,-4.756715148664353,14.446071098593352,-0.662733947908373,11.382666893353202,-3.514722142452365,12.506988710155948,-0.0031429920749487033,0.00884281842081455
a3p00,fshin_damping,1.3,fshin_damping_1p3,5,8.159200958483462,11.651396321760126,15.680556421991469,21.10877738274007,12.363131991943646,16.42194940833943,0.004714850053184322,0.007378055659825065
a3p00,fshin_damping,1.5,fshin_damping_1p5,5,62.705609214477406,62.12349379216442,28.757853636584606,22.33876419020732,26.37115825249966,18.61518486876082,0.03952188281533605,0.04168772331701747
a3p00,fshin_damping,1.7,fshin_damping_1p7,5,118.19993968721296,102.14297816794964,66.26501965216107,20.05903434360288,64.01559587225339,17.88715311856953,0.07466220128415928,0.06903046369906775
a3p00,fshin_damping,2.0,fshin_damping_2,5,167.88695133588604,95.93579654629141,120.11767564019115,37.393440009866296,114.98050478696386,30.965919466521257,0.10456164966706213,0.06581240494780712
a3p00,fshin_friction,0.0,fshin_friction_0,5,0.0,0.0,0.0,0.0,0.0,0.0,0.0,0.0
a3p00,fshin_friction,0.1,fshin_friction_0p1,5,0.0,0.0,0.0,0.0,0.0,0.0,0.0,0.0
a3p00,fshin_friction,0.2,fshin_friction_0p2,5,0.0,0.0,0.0,0.0,0.0,0.0,0.0,0.0
a3p00,fshin_friction,0.3,fshin_friction_0p3,5,-2.9981070939422354,12.291323740813953,-3.196955585216847,8.360266512962887,-3.672631589088314,11.867489018711483,-0.0020586133750861747,0.007823164119972692
a3p00,fshin_friction,0.4,fshin_friction_0p4,5,0.0,0.0,0.0,0.0,0.0,0.0,0.0,0.0
a3p00,fshin_friction,0.5,fshin_friction_0p5,5,0.0,0.0,0.0,0.0,0.0,0.0,0.0,0.0
a3p00,fshin_friction,0.6,fshin_friction_0p6,5,0.0,0.0,0.0,0.0,0.0,0.0,0.0,0.0
a3p00,fshin_friction,0.7,fshin_friction_0p7,5,0.0,0.0,0.0,0.0,0.0,0.0,0.0,0.0
a3p00,fshin_friction,0.8,fshin_friction_0p8,5,0.0,0.0,0.0,0.0,0.0,0.0,0.0,0.0
a3p00,fshin_friction,0.9,fshin_friction_0p9,5,0.0,0.0,0.0,0.0,0.0,0.0,0.0,0.0
a3p00,fshin_friction,1.0,fshin_friction_1,5,0.0,0.0,0.0,0.0,0.0,0.0,0.0,0.0
a3p00,fshin_friction,1.1,fshin_friction_1p1,5,0.0,0.0,0.0,0.0,0.0,0.0,0.0,0.0
a3p00,fshin_friction,1.3,fshin_friction_1p3,5,0.0,0.0,0.0,0.0,0.0,0.0,0.0,0.0
a3p00,fshin_friction,1.5,fshin_friction_1p5,5,-2.9981070939422354,12.291323740813953,-3.196955585216847,8.360266512962887,-3.672631589088314,11.867489018711483,-0.0020586133750861747,0.007823164119972692
a3p00,fshin_friction,1.7,fshin_friction_1p7,5,0.0,0.0,0.0,0.0,0.0,0.0,0.0,0.0
a3p00,fshin_friction,2.0,fshin_friction_2,5,0.0,0.0,0.0,0.0,0.0,0.0,0.0,0.0
a3p00,fthigh_actuator_gain,0.0,fthigh_actuator_gain_0,5,1904.9780500955628,317.492187925451,1916.3405037370947,297.97997389839475,1912.70846644827,301.52220099152714,1.1578517796924843,0.1702977661539736
a3p00,fthigh_actuator_gain,0.1,fthigh_actuator_gain_0p1,5,1904.8895996018189,311.4133620474292,1907.3416695332817,309.3509537819737,1910.5728791020697,299.4768070742998,1.1581749057925166,0.16857280781855208
a3p00,fthigh_actuator_gain,0.2,fthigh_actuator_gain_0p2,5,1902.1453363615979,281.23541236124566,1892.421508106721,310.0072018282094,1891.249820081202,308.4391908529364,1.1576527361447826,0.15495421546326796
a3p00,fthigh_actuator_gain,0.3,fthigh_actuator_gain_0p3,5,1831.6778220648462,287.49988029931285,1826.8927621098846,334.1874906523142,1816.2057378703732,331.14280616544113,1.1155599867132253,0.16773740472288726
a3p00,fthigh_actuator_gain,0.4,fthigh_actuator_gain_0p4,5,1750.9484717620103,381.1977100420034,1777.0087933998977,366.77142184812976,1773.422303601949,369.8691511723331,1.0636472759313187,0.219885241612202
a3p00,fthigh_actuator_gain,0.5,fthigh_actuator_gain_0p5,5,1636.760942077128,447.0087628926866,1755.0784975660827,436.2125428206167,1693.453011441356,423.68551318638066,0.9985336759062126,0.28190013379108697
a3p00,fthigh_actuator_gain,0.6,fthigh_actuator_gain_0p6,5,1154.5462584607728,569.2116176514085,1076.2699580521858,743.6949209775815,1196.7927588911305,660.3451718900997,0.7051348213802578,0.33547709574835327
a3p00,fthigh_actuator_gain,0.7,fthigh_actuator_gain_0p7,5,612.9584051694569,643.4532382688824,589.1347913866146,659.5404278020939,585.5585275777264,656.8692219759281,0.3597827408491309,0.35992601790046447
a3p00,fthigh_actuator_gain,0.8,fthigh_actuator_gain_0p8,5,136.86136866990813,78.70548515362715,125.60180124252516,45.370533655324984,121.8216278667932,50.68684905750131,0.0808447196577239,0.04331027266605415
a3p00,fthigh_actuator_gain,0.9,fthigh_actuator_gain_0p9,5,49.68661817056572,26.37534029964353,46.648122727036665,26.99959990011518,45.924533879533826,28.428968823289374,0.029314875013649988,0.014031148981794772
a3p00,fthigh_actuator_gain,1.0,fthigh_actuator_gain_1,5,0.0,0.0,0.0,0.0,0.0,0.0,0.0,0.0
a3p00,fthigh_actuator_gain,1.1,fthigh_actuator_gain_1p1,5,-26.20912949630456,27.50105563116865,-17.5262601664273,39.42679055173433,-21.188429023961817,36.31240507126058,-0.015120102545628799,0.01620247571098178
a3p00,fthigh_actuator_gain,1.3,fthigh_actuator_gain_1p3,5,18.523177932045247,51.22199447805637,25.58309949997447,61.189958773046115,25.19603152828222,61.41349888761583,0.012451233594046847,0.031403762902144784
a3p00,fthigh_actuator_gain,1.5,fthigh_actuator_gain_1p5,5,159.31143781281403,54.09663510538413,151.05475303163234,72.77592380902247,148.16152915604553,77.46819781939531,0.09769170865454811,0.032655625048624896
a3p00,fthigh_actuator_gain,1.7,fthigh_actuator_gain_1p7,5,330.880778038209,94.3934826561132,271.66115029268195,79.1951127689139,269.29284271331744,83.87822263938298,0.20357509221091846,0.0651074710417236
a3p00,fthigh_actuator_gain,2.0,fthigh_actuator_gain_2,5,661.7225354249674,333.45147174642574,716.0763512781775,542.2108161640386,657.0088913334748,443.82916808806306,0.41070062314659106,0.23017192817388105
a3p00,fthigh_damping,0.0,fthigh_damping_0,5,647.8548842289647,446.51353381642787,663.5917571664323,466.39750463665615,658.8354036887959,455.24843711197576,0.3870037204829482,0.24722958533453968
a3p00,fthigh_damping,0.1,fthigh_damping_0p1,5,440.81132347187867,184.19485844780561,390.68014877966664,129.57004518538474,392.7014398798861,133.4481711243059,0.26700006997390063,0.1037472196043433
a3p00,fthigh_damping,0.2,fthigh_damping_0p2,5,335.55773347676035,83.4858677660248,289.34500503992246,103.37054829037774,286.1841411315225,100.45460686396515,0.20585917302017384,0.053424789301321884
a3p00,fthigh_damping,0.3,fthigh_damping_0p3,5,203.08862637047363,55.21527740032131,210.29819332179278,74.783766355191,208.0423134720325,67.99185761679453,0.12541905979282497,0.03970624041875919
a3p00,fthigh_damping,0.4,fthigh_damping_0p4,5,159.88127563617644,73.96612626176348,169.24453426542522,90.85298339215821,164.46201630473007,87.79887811848864,0.09917744166184532,0.050107215581288285
a3p00,fthigh_damping,0.5,fthigh_damping_0p5,5,100.6580247849407,60.37248916104938,110.88537636187525,75.44158828531776,106.39571146081657,73.52105246819846,0.06309368111536427,0.040404399913397664
a3p00,fthigh_damping,0.6,fthigh_damping_0p6,5,66.14120041289598,66.49581775517404,70.20134831058749,77.45249717363889,68.58579847053588,75.3316234004839,0.042332644817814014,0.0434779974555829
a3p00,fthigh_damping,0.7,fthigh_damping_0p7,5,30.882084523176445,50.726170867332854,39.54222944086291,73.95174084652785,36.21615350869479,67.38874033470897,0.020277287138185978,0.03278473056060248
a3p00,fthigh_damping,0.8,fthigh_damping_0p8,5,12.382570262810578,43.77781402797307,19.690498697295244,55.561467636847496,14.570726907296057,50.242794582966894,0.009039977960732474,0.027482856653520255
a3p00,fthigh_damping,0.9,fthigh_damping_0p9,5,-3.3278505594621492,24.98897398539526,5.475336711877526,44.419700433352325,1.5207345513554174,33.62505340663173,-0.0014143880842995566,0.015615880312377001
a3p00,fthigh_damping,1.0,fthigh_damping_1,5,0.0,0.0,0.0,0.0,0.0,0.0,0.0,0.0
a3p00,fthigh_damping,1.1,fthigh_damping_1p1,5,14.073764486303343,39.737254493504906,13.791101428145021,37.283833810092965,8.93793884762772,43.73647364495515,0.0073152704972484885,0.022790598210473426
a3p00,fthigh_damping,1.3,fthigh_damping_1p3,5,83.68313624396247,50.35987599706172,82.9779160420795,46.29171724320352,78.26248491806287,48.525817569836974,0.04977020397701976,0.02743920171562482
a3p00,fthigh_damping,1.5,fthigh_damping_1p5,5,183.0653603899854,107.48775613464673,191.0332335658684,112.9982069788791,185.33683361168292,110.262551593607,0.11074632846430874,0.06599668642993706
a3p00,fthigh_damping,1.7,fthigh_damping_1p7,5,275.7862572809514,172.61580847196103,287.5760327904419,188.59234979155553,284.1180365092412,187.07547290451078,0.16819526956351613,0.11110484227405408
a3p00,fthigh_damping,2.0,fthigh_damping_2,5,393.8356228857607,225.00099254127852,401.6627457573756,236.72221979325036,401.4604559898585,238.02340180643182,0.24098003402477688,0.14675719446949695
a3p00,fthigh_friction,0.0,fthigh_friction_0,5,0.0,0.0,0.0,0.0,0.0,0.0,0.0,0.0
a3p00,fthigh_friction,0.1,fthigh_friction_0p1,5,0.0,0.0,0.0,0.0,0.0,0.0,0.0,0.0
a3p00,fthigh_friction,0.2,fthigh_friction_0p2,5,0.0,0.0,0.0,0.0,0.0,0.0,0.0,0.0
a3p00,fthigh_friction,0.3,fthigh_friction_0p3,5,0.0,0.0,0.0,0.0,0.0,0.0,0.0,0.0
a3p00,fthigh_friction,0.4,fthigh_friction_0p4,5,0.0,0.0,0.0,0.0,0.0,0.0,0.0,0.0
a3p00,fthigh_friction,0.5,fthigh_friction_0p5,5,-3.2965627195255367,11.565266757304403,-1.2135234976931315,8.96261467339132,-2.251650653510114,11.68811812861552,-0.0021669013586514334,0.007487263094482775
a3p00,fthigh_friction,0.6,fthigh_friction_0p6,5,-0.9182942092360008,1.7998566501025615,-0.9825257916330429,1.9257505516007636,-1.5189171629778229,2.9770776394365326,-0.0005215836791117115,0.0010223040110589545
a3p00,fthigh_friction,0.7,fthigh_friction_0p7,5,0.0,0.0,0.0,0.0,0.0,0.0,0.0,0.0
a3p00,fthigh_friction,0.8,fthigh_friction_0p8,5,0.0,0.0,0.0,0.0,0.0,0.0,0.0,0.0
a3p00,fthigh_friction,0.9,fthigh_friction_0p9,5,0.0,0.0,0.0,0.0,0.0,0.0,0.0,0.0
a3p00,fthigh_friction,1.0,fthigh_friction_1,5,0.0,0.0,0.0,0.0,0.0,0.0,0.0,0.0
a3p00,fthigh_friction,1.1,fthigh_friction_1p1,5,0.0,0.0,0.0,0.0,0.0,0.0,0.0,0.0
a3p00,fthigh_friction,1.3,fthigh_friction_1p3,5,0.0,0.0,0.0,0.0,0.0,0.0,0.0,0.0
a3p00,fthigh_friction,1.5,fthigh_friction_1p5,5,0.0,0.0,0.0,0.0,0.0,0.0,0.0,0.0
a3p00,fthigh_friction,1.7,fthigh_friction_1p7,5,0.0,0.0,0.0,0.0,0.0,0.0,0.0,0.0
a3p00,fthigh_friction,2.0,fthigh_friction_2,5,-3.2965627195255367,11.565266757304403,-1.2135234976931315,8.96261467339132,-2.251650653510114,11.68811812861552,-0.0021669013586514334,0.007487263094482775
a3p00,gear,0.0,gear_0,5,2007.1303606389927,136.54163738374194,2020.2095101086902,123.57850057300601,2015.5579884042788,125.55829277837567,1.22507981972003,0.0752523272411149
a3p00,gear,0.1,gear_0p1,5,2009.0648413683653,134.0256325117969,2022.1383622964836,120.41517303382186,2017.5011565091052,122.53763278629391,1.2263845812791272,0.07554958962376854
a3p00,gear,0.2,gear_0p2,5,2006.630115580847,140.9570478125548,2019.6686443016624,125.99901620286516,2015.047177905232,128.45411025244425,1.2247740723625298,0.07882794523238704
a3p00,gear,0.3,gear_0p3,5,2000.6955642557036,151.0145714108645,2013.6628321698372,134.8249684554529,2009.0781498356089,137.5365387894067,1.2210552438295952,0.08508409663500119
a3p00,gear,0.4,gear_0p4,5,1950.0288957712535,225.19058142085743,1954.3304712274635,224.39709437813372,1949.644542610494,227.33223872093006,1.1889675403042133,0.12732923855075381
a3p00,gear,0.5,gear_0p5,5,1749.0159451559098,402.48113485974096,1742.3317996105186,376.41373614176683,1752.8515737526802,384.9648509970731,1.0621056063777061,0.23144726826929554
a3p00,gear,0.6,gear_0p6,5,1736.9517632939405,395.71478975999014,1749.9559841575028,384.21992390843104,1746.9799648380667,384.70759574516046,1.0548493477588428,0.22735876086464005
a3p00,gear,0.7,gear_0p7,5,1158.8310603309737,303.76657431173675,1042.1155237901496,468.8310080386881,1125.8355126903186,452.27577395856764,0.6967053996133433,0.1365377915179736
a3p00,gear,0.8,gear_0p8,5,549.9071465571699,112.7341812581239,489.16916806695974,116.190023087776,483.6270922241074,112.69039621959207,0.3360232795083228,0.06624424438420717
a3p00,gear,0.9,gear_0p9,5,160.78027454849288,43.221495234971414,176.1366357227872,52.4919946781437,169.73685973560586,50.8414721903439,0.0976914702956417,0.024201292255865613
a3p00,gear,1.0,gear_1,5,0.0,0.0,0.0,0.0,0.0,0.0,0.0,0.0
a3p00,gear,1.1,gear_1p1,5,-28.428814105607763,64.17544097991653,-20.775364070032538,74.83274334165371,-23.156075904674207,70.58708577878615,-0.01476880099434345,0.03721933064339598
a3p00,gear,1.3,gear_1p3,5,65.6648914891417,148.7612839107371,75.56787517584121,163.35690151736324,69.71416880667876,156.48102313042165,0.04314047827730348,0.0959784263425446
a3p00,gear,1.5,gear_1p5,5,145.78264788362242,275.53781317657604,144.1976455637514,310.02466401199604,138.7485470221132,302.03321580976944,0.09340811946734819,0.17919841079943846
a3p00,gear,1.7,gear_1p7,5,366.58686663410583,378.12930931050414,331.10597259857,440.6289944306948,326.7518162898165,423.4933530380053,0.23247406962685474,0.2486950462487859
a3p00,gear,2.0,gear_2,5,954.3181543731696,423.8179966142333,939.9701793196725,603.7853152017196,935.2549524782946,546.4761996271346,0.5980545204513923,0.287025809368525
a3p00,gravity,0.0,gravity_0,5,-303.3512410391839,46.92478221339009,-319.05151947336424,74.38467880566478,-315.03351348894824,68.67558083736505,-0.2314927914049214,0.057547909405991825
a3p00,gravity,0.1,gravity_0p1,5,-276.3230985838086,54.718780603606525,-289.16225096585254,74.60981661770653,-287.2013979870935,70.20174476738399,-0.21162682842141992,0.06223810069999136
a3p00,gravity,0.2,gravity_0p2,5,-223.56812882500702,53.08199086318891,-252.25696959711027,61.40341894217706,-246.07083606348743,46.823237413535004,-0.16947069401602494,0.050451601330573206
a3p00,gravity,0.3,gravity_0p3,5,-227.69479745234656,41.56559873078941,-244.42270953362063,78.48030233618611,-238.804830923406,62.796254596380244,-0.17405683481757128,0.04771148359407431
a3p00,gravity,0.4,gravity_0p4,5,-172.54922419946865,55.72868914760285,-201.859042365425,50.42089707287606,-197.34370529165025,41.71244046945662,-0.1304970540109985,0.04881041631340365
a3p00,gravity,0.5,gravity_0p5,5,-135.0433728648712,93.32663719512705,-181.4365115303167,79.11020129352272,-179.89525695475973,67.61329867029876,-0.10272417080244682,0.07956964630264923
a3p00,gravity,0.6,gravity_0p6,5,-133.1160407272483,37.590808175494296,-147.17009809150574,55.65174802344825,-142.9646518468071,49.84488490353167,-0.10266983001282495,0.039514050509976445
a3p00,gravity,0.7,gravity_0p7,5,-101.19463100266566,16.425942206574877,-92.48848045154837,11.53397103920476,-101.46056312728702,16.65733705053772,-0.0769614067550228,0.01783439277417488
a3p00,gravity,0.8,gravity_0p8,5,-32.1490500620675,69.7082507011339,-57.57823048954215,21.338384623329034,-68.92472949578132,33.864098853694934,-0.024183781820421888,0.05742446082952279
a3p00,gravity,0.9,gravity_0p9,5,-17.40372248913791,34.13816209438129,-28.74941962516932,10.946822719979854,-36.05921593853636,10.163500638675199,-0.012415828020386536,0.027188619073106855
a3p00,gravity,1.0,gravity_1,5,0.0,0.0,0.0,0.0,0.0,0.0,0.0,0.0
a3p00,gravity,1.1,gravity_1p1,5,64.75038589206886,73.23622576489758,38.43983690738683,19.345738588110372,33.668427248251646,12.124510816810478,0.05065854286411584,0.06002502460460333
a3p00,gravity,1.3,gravity_1p3,5,162.11207153870834,63.709268630397595,105.83924847996977,23.26064003415429,112.20917310529191,30.1666986682609,0.12508608411978353,0.056159904147202504
a3p00,gravity,1.5,gravity_1p5,5,361.42573206012213,196.22839655265486,197.76911357450916,23.096118782273514,260.04227441912445,127.59351468974697,0.2703653022135625,0.1348762354083251
a3p00,gravity,1.7,gravity_1p7,5,625.2591347606706,431.63835786688304,696.696956875976,577.935902879032,666.1576770570131,530.18940834178,0.46879917554771583,0.3135546996360172
a3p00,gravity,2.0,gravity_2,5,977.8925480290836,515.7802362903295,976.9401555864719,653.82666154293,978.3493986018472,646.3284339677733,0.7382655218176046,0.3784205434392401
a3p05,bfoot_actuator_gain,0.0,bfoot_actuator_gain_0,5,176.10240461184108,43.2510918453931,181.00428925820188,41.26365144876209,179.080638798441,42.607368446027344,0.10857434794184581,0.027165265854565933
a3p05,bfoot_actuator_gain,0.1,bfoot_actuator_gain_0p1,5,152.47283195201743,46.75309831103993,162.38843240712285,37.46164998929897,159.66320371429316,38.69477495498385,0.0937123582479755,0.028741043130672387
a3p05,bfoot_actuator_gain,0.2,bfoot_actuator_gain_0p2,5,133.90907633620964,42.77602148387459,140.87419180712686,37.304107760199955,139.7851087616682,37.27440585835933,0.08234479760459631,0.026069287636888618
a3p05,bfoot_actuator_gain,0.3,bfoot_actuator_gain_0p3,5,114.6236191000025,27.364238471465086,122.74650066557206,30.0451448763449,118.85338475274702,28.262073665957114,0.0707410398269143,0.017431398072613617
a3p05,bfoot_actuator_gain,0.4,bfoot_actuator_gain_0p4,5,94.294050332708,34.674000028642766,106.25131718637695,31.431249745816196,103.09541739753804,30.342533419117796,0.05784817895024039,0.020796629486505323
a3p05,bfoot_actuator_gain,0.5,bfoot_actuator_gain_0p5,5,61.71617416250401,32.0827858313165,71.62481958163553,29.73917578731238,69.15850163732061,28.570885040618087,0.03764346049461661,0.018792461929857108
a3p05,bfoot_actuator_gain,0.6,bfoot_actuator_gain_0p6,5,52.92898853200036,17.751377005232694,58.64447012468131,19.635229242285263,56.15270911098928,17.671587143510024,0.03248612465833958,0.010232124581626832
a3p05,bfoot_actuator_gain,0.7,bfoot_actuator_gain_0p7,5,21.594108259140647,28.045748059549574,29.135357189450406,16.736108062374463,27.744174023110645,17.511459031218532,0.01283333277368702,0.017098754462601354
a3p05,bfoot_actuator_gain,0.8,bfoot_actuator_gain_0p8,5,3.6046468836988423,22.55716838766817,11.41681704409234,18.49138826108196,10.27173199397157,16.17065115972349,0.0019275329136777997,0.014015590140602302
a3p05,bfoot_actuator_gain,0.9,bfoot_actuator_gain_0p9,5,2.6488284208406183,17.560745584338246,9.995396129515076,8.781557559154777,7.4785841278779115,8.360033781628955,0.0013311182304146256,0.011069256080761763
a3p05,bfoot_actuator_gain,1.0,bfoot_actuator_gain_1,5,0.0,0.0,0.0,0.0,0.0,0.0,0.0,0.0
a3p05,bfoot_actuator_gain,1.1,bfoot_actuator_gain_1p1,5,-16.741051576578094,33.25035538048126,-7.803894755312785,19.98967674138234,-10.539456457108646,21.230630449080838,-0.010902505407023675,0.021376344543289807
a3p05,bfoot_actuator_gain,1.3,bfoot_actuator_gain_1p3,5,-8.753834820441034,13.074073968391396,-7.049201087117353,14.889064845680736,-6.697078531164607,14.643485315275562,-0.005649516894326692,0.008325531614245752
a3p05,bfoot_actuator_gain,1.5,bfoot_actuator_gain_1p5,5,-22.838815012810983,39.0812951081707,-14.59022626665992,28.13049880230811,-17.753186682952855,30.398346308558786,-0.014556238210128932,0.025231608391312558
a3p05,bfoot_actuator_gain,1.7,bfoot_actuator_gain_1p7,5,3.8257095233361724,15.093057396786646,6.095270398399862,18.750295780269628,4.721948189193017,16.997444801095135,0.0021718226147330183,0.009350142350467348
a3p05,bfoot_actuator_gain,2.0,bfoot_actuator_gain_2,5,5.209301888474829,38.29712547361889,11.6207349288567,26.851903864743385,8.661324547856475,33.23788638518081,0.002785650433176484,0.024207371586982836
a3p05,bfoot_damping,0.0,bfoot_damping_0,5,128.20048665089604,33.97602521996527,128.32389112363444,37.77364808615498,126.3816098441423,35.86437159880624,0.07886820291366034,0.019857602581086653
a3p05,bfoot_damping,0.1,bfoot_damping_0p1,5,82.84787183132494,40.36632223632931,87.63049402500205,29.828902267389584,87.29255782599807,31.17555912454333,0.05041039068964772,0.023688868763565275
a3p05,bfoot_damping,0.2,bfoot_damping_0p2,5,51.63081376869409,40.28841231282765,62.759032865863766,36.976511156789336,58.87381133168647,36.150266427245214,0.03104149700286978,0.023941633291151246
a3p05,bfoot_damping,0.3,bfoot_damping_0p3,5,39.23686580864073,32.69453183802028,46.91587341435074,26.23979674276119,44.66641039366382,25.86813599081691,0.023550935550190777,0.019729422034386795
a3p05,bfoot_damping,0.4,bfoot_damping_0p4,5,25.412511376171096,24.636199794887943,31.816640047972715,17.011791968001237,27.21830765167183,19.609902899873447,0.015132834945324903,0.014790328553402442
a3p05,bfoot_damping,0.5,bfoot_damping_0p5,5,8.216938975937547,29.273887423655633,12.950237709410066,18.82978881434507,10.378148346776698,23.7912440431514,0.004541929886624166,0.018345376331064433
a3p05,bfoot_damping,0.6,bfoot_damping_0p6,5,-0.0903820836873365,31.02098813998856,9.103028317898588,21.43880530929806,6.971208103456457,20.18375150105498,-0.0005512517310331345,0.019621807295262313
a3p05,bfoot_damping,0.7,bfoot_damping_0p7,5,-3.150065472009146,23.01999326113255,3.841589320507501,17.024263549834043,0.8727686849688325,20.30103582828278,-0.0023998520284205264,0.014553284717766311
a3p05,bfoot_damping,0.8,bfoot_damping_0p8,5,-19.327489637575173,30.92127363076283,-16.288180363218636,18.176241656741514,-17.483766131938502,21.7592835930433,-0.012381760522928692,0.019954792998780124
a3p05,bfoot_damping,0.9,bfoot_damping_0p9,5,-8.940552498906891,17.929286069579337,-0.32326060884879554,11.811913231494419,-4.4663506276017415,11.6035223854437,-0.005836061838810299,0.01145115253655489
a3p05,bfoot_damping,1.0,bfoot_damping_1,5,0.0,0.0,0.0,0.0,0.0,0.0,0.0,0.0
a3p05,bfoot_damping,1.1,bfoot_damping_1p1,5,1.6872270177511837,12.91299163028334,8.20862936810031,11.532822539380442,6.571947918588694,10.131017068478222,0.001006508654108225,0.008023900167880524
a3p05,bfoot_damping,1.3,bfoot_damping_1p3,5,10.528826704227686,22.46422514353679,18.882680848028667,20.365371261417376,17.037363989036656,17.513430794445977,0.006186359843369129,0.013732607571429838
a3p05,bfoot_damping,1.5,bfoot_damping_1p5,5,24.864039863967584,26.183979904554263,33.38867951932434,22.898916571976528,30.13760772553128,21.556661712298705,0.015159679156359695,0.016008217953955812
a3p05,bfoot_damping,1.7,bfoot_damping_1p7,5,36.98581861161292,29.340512136699633,46.6463097125998,23.554722980701683,42.800964385544376,27.466853207710084,0.022721303062180925,0.018106833829917363
a3p05,bfoot_damping,2.0,bfoot_damping_2,5,56.247341908983344,31.022681335432893,66.88838333153467,26.594351262472053,63.985411022024344,25.593875991486343,0.03437151353977767,0.01825802704919597
a3p05,bfoot_friction,0.0,bfoot_friction_0,5,0.0,0.0,0.0,0.0,0.0,0.0,0.0,0.0
a3p05,bfoot_friction,0.1,bfoot_friction_0p1,5,0.0,0.0,0.0,0.0,0.0,0.0,0.0,0.0
a3p05,bfoot_friction,0.2,bfoot_friction_0p2,5,0.0,0.0,0.0,0.0,0.0,0.0,0.0,0.0
a3p05,bfoot_friction,0.3,bfoot_friction_0p3,5,0.0,0.0,0.0,0.0,0.0,0.0,0.0,0.0
a3p05,bfoot_friction,0.4,bfoot_friction_0p4,5,0.0,0.0,0.0,0.0,0.0,0.0,0.0,0.0
a3p05,bfoot_friction,0.5,bfoot_friction_0p5,5,1.198847732887134,2.349741556458783,3.2772698761695667,6.42344895729235,2.9596000326994725,5.800816064090966,0.0007250778485368462,0.0014211525831322185
a3p05,bfoot_friction,0.6,bfoot_friction_0p6,5,2.113727527036508,8.51883894742298,-0.008086449653001182,11.082188854124064,0.5309941229775632,10.227947794097615,0.001116077036285111,0.005109417430668208
a3p05,bfoot_friction,0.7,bfoot_friction_0p7,5,0.0,0.0,0.0,0.0,0.0,0.0,0.0,0.0
a3p05,bfoot_friction,0.8,bfoot_friction_0p8,5,0.0,0.0,0.0,0.0,0.0,0.0,0.0,0.0
a3p05,bfoot_friction,0.9,bfoot_friction_0p9,5,0.0,0.0,0.0,0.0,0.0,0.0,0.0,0.0
a3p05,bfoot_friction,1.0,bfoot_friction_1,5,0.0,0.0,0.0,0.0,0.0,0.0,0.0,0.0
a3p05,bfoot_friction,1.1,bfoot_friction_1p1,5,0.0,0.0,0.0,0.0,0.0,0.0,0.0,0.0
a3p05,bfoot_friction,1.3,bfoot_friction_1p3,5,0.0,0.0,0.0,0.0,0.0,0.0,0.0,0.0
a3p05,bfoot_friction,1.5,bfoot_friction_1p5,5,0.0,0.0,0.0,0.0,0.0,0.0,0.0,0.0
a3p05,bfoot_friction,1.7,bfoot_friction_1p7,5,0.0,0.0,0.0,0.0,0.0,0.0,0.0,0.0
a3p05,bfoot_friction,2.0,bfoot_friction_2,5,1.198847732887134,2.349741556458783,3.2772698761695667,6.42344895729235,2.9596000326994725,5.800816064090966,0.0007250778485368462,0.0014211525831322185
a3p05,bshin_actuator_gain,0.0,bshin_actuator_gain_0,5,1915.047169725122,97.07574751309366,1952.9158843107678,74.85222158048974,1948.4679758832797,77.19823392435491,1.180368045533743,0.029097120535226433
a3p05,bshin_actuator_gain,0.1,bshin_actuator_gain_0p1,5,1827.3327094416084,110.5023123825238,1907.8435759758165,110.48131921363809,1890.8118602751124,99.8873524555336,1.1273165810446906,0.06456792765463265
a3p05,bshin_actuator_gain,0.2,bshin_actuator_gain_0p2,5,1671.157583391559,209.8469516327843,1770.482286182416,200.1325232317302,1701.2693364407053,214.00326870870833,1.0316968307836298,0.13216009895471656
a3p05,bshin_actuator_gain,0.3,bshin_actuator_gain_0p3,5,1464.8595377492431,350.181940787444,1380.8013951304802,474.66911669206786,1435.5309596745224,416.19692385228325,0.9049618079695188,0.2184584850013213
a3p05,bshin_actuator_gain,0.4,bshin_actuator_gain_0p4,5,1051.2039286635072,231.11474050366564,1010.6441993515484,343.5986046096231,987.6124163733626,297.9640707845004,0.6502328297691331,0.15362004671478355
a3p05,bshin_actuator_gain,0.5,bshin_actuator_gain_0p5,5,757.4117303520309,175.39862745752086,733.7561118045966,157.48965777006495,733.544971953145,161.53495192317547,0.46782457856135296,0.1147851992110169
a3p05,bshin_actuator_gain,0.6,bshin_actuator_gain_0p6,5,515.3888811858463,110.17801017749825,524.3126090973453,119.07212664275195,523.1776667958167,117.08360844347783,0.31694191506948705,0.06316352332570588
a3p05,bshin_actuator_gain,0.7,bshin_actuator_gain_0p7,5,366.7443659372665,102.98999099716868,378.271100134183,107.26853709809583,374.97544113890774,106.8802961182546,0.22522983364007612,0.0589216264238479
a3p05,bshin_actuator_gain,0.8,bshin_actuator_gain_0p8,5,229.29368499039668,82.5070494088414,244.0287877480817,89.80228520972855,239.02961762400022,86.20213188105909,0.1407763192376837,0.0480357706091768
a3p05,bshin_actuator_gain,0.9,bshin_actuator_gain_0p9,5,89.01970519926945,41.52703083584491,99.18873918754821,43.68121737526319,97.45893640558407,42.78269237730492,0.05470294436335467,0.024454199798216836
a3p05,bshin_actuator_gain,1.0,bshin_actuator_gain_1,5,0.0,0.0,0.0,0.0,0.0,0.0,0.0,0.0
a3p05,bshin_actuator_gain,1.1,bshin_actuator_gain_1p1,5,-58.137120809810725,39.85042596576382,-46.54832164694112,22.828028269153485,-48.675622874912236,27.27139539603736,-0.035940914328558074,0.025598352267229507
a3p05,bshin_actuator_gain,1.3,bshin_actuator_gain_1p3,5,39.06901027805052,86.49290979983633,49.86873391730169,101.79298806930562,46.81932010523292,97.19977960404965,0.025205889932474294,0.05371179933679692
a3p05,bshin_actuator_gain,1.5,bshin_actuator_gain_1p5,5,182.65234480267964,176.41100202996714,175.02596276719925,203.02484897492235,174.17092031232627,203.4650653961015,0.11406986686810525,0.11127799656566927
a3p05,bshin_actuator_gain,1.7,bshin_actuator_gain_1p7,5,310.2652619158028,290.4116850725351,328.34866024598773,317.5688019124565,324.58816954248834,310.2055150244255,0.19350069740408182,0.18457369197564644
a3p05,bshin_actuator_gain,2.0,bshin_actuator_gain_2,5,578.4338984796302,415.4684678171345,568.209121327804,450.92592249893096,557.8764687115388,443.5169644860098,0.3577992362005631,0.26175998035689174
a3p05,bshin_damping,0.0,bshin_damping_0,5,959.9890160781888,169.70742747932152,961.1293192567518,164.88276693225407,962.1249622750496,166.03182635602832,0.5955475396231267,0.1260391657838518
a3p05,bshin_damping,0.1,bshin_damping_0p1,5,876.1511944856736,157.32542016643245,892.5153756302352,152.35599200435294,883.3632558760091,159.22354809797375,0.5439328281460641,0.11570418318048646
a3p05,bshin_damping,0.2,bshin_damping_0p2,5,722.4982383044987,191.08092069301424,728.9794629510509,202.92817030086377,725.8577309052193,201.98867378063002,0.4505325684958209,0.1346054990460631
a3p05,bshin_damping,0.3,bshin_damping_0p3,5,549.9747822865654,172.69458453417047,553.8192377664093,185.55200324817903,553.0493351251162,184.2696008386592,0.34374220004697775,0.11944042965451208
a3p05,bshin_damping,0.4,bshin_damping_0p4,5,397.4053181105438,181.57317081971283,401.37703335485946,172.64482813380582,404.3837350853941,180.06165876453028,0.24974526970042135,0.12089573519175596
a3p05,bshin_damping,0.5,bshin_damping_0p5,5,229.61295881069026,142.73439031407818,236.86185355740108,141.2196181373745,232.62389299448827,142.61516860219297,0.14512439639083988,0.09217132799378167
a3p05,bshin_damping,0.6,bshin_damping_0p6,5,96.58067986961677,112.3201995944997,107.63933505280298,118.64027954392829,104.00590577188555,114.77544504760596,0.06206700098431185,0.07145158824337326
a3p05,bshin_damping,0.7,bshin_damping_0p7,5,15.557762399353942,96.96209838363272,26.093383976669838,89.45749932905738,23.397894683391677,91.93033720852344,0.011323436725069335,0.06156768359945956
a3p05,bshin_damping,0.8,bshin_damping_0p8,5,-22.018711053135167,70.86050734375554,-16.717639376064835,61.099043726690915,-19.32467305203668,64.99685875694655,-0.012754269773331823,0.04498964926483415
a3p05,bshin_damping,0.9,bshin_damping_0p9,5,-43.39517770542911,41.369311188198004,-39.93386731115379,32.30202798808982,-40.42493058561681,31.71361185498477,-0.026733467421997104,0.02653326825606217
a3p05,bshin_damping,1.0,bshin_damping_1,5,0.0,0.0,0.0,0.0,0.0,0.0,0.0,0.0
a3p05,bshin_damping,1.1,bshin_damping_1p1,5,51.44187327784975,27.850620872612687,58.04180209383126,33.4944731779466,54.22282537314955,31.331502402007736,0.03141844181234257,0.016112336227383648
a3p05,bshin_damping,1.3,bshin_damping_1p3,5,216.12271677529694,41.88618034085398,224.18426213522417,45.999700115597065,222.32421328343452,41.07246867935278,0.13220758466135069,0.020564271339521503
a3p05,bshin_damping,1.5,bshin_damping_1p5,5,333.800245418529,53.888690098203234,343.8172265223002,48.281830120591934,340.3394471286687,50.067968668312766,0.20457627615916008,0.025655337368837006
a3p05,bshin_damping,1.7,bshin_damping_1p7,5,436.8289360103453,57.88279633810743,443.9712972486059,56.922954021721075,439.68903548835533,57.49822659505891,0.2681951967516853,0.027220351841747824
a3p05,bshin_damping,2.0,bshin_damping_2,5,619.3791299167817,26.46031571072644,621.9763553433368,23.5222828835785,620.8510014427493,23.561624510717543,0.381852507618739,0.01907607896241829
a3p05,bshin_friction,0.0,bshin_friction_0,5,0.0,0.0,0.0,0.0,0.0,0.0,0.0,0.0
a3p05,bshin_friction,0.1,bshin_friction_0p1,5,0.0,0.0,0.0,0.0,0.0,0.0,0.0,0.0
a3p05,bshin_friction,0.2,bshin_friction_0p2,5,0.0,0.0,0.0,0.0,0.0,0.0,0.0,0.0
a3p05,bshin_friction,0.3,bshin_friction_0p3,5,0.0,0.0,0.0,0.0,0.0,0.0,0.0,0.0
a3p05,bshin_friction,0.4,bshin_friction_0p4,5,0.0,0.0,0.0,0.0,0.0,0.0,0.0,0.0
a3p05,bshin_friction,0.5,bshin_friction_0p5,5,0.0,0.0,0.0,0.0,0.0,0.0,0.0,0.0
a3p05,bshin_friction,0.6,bshin_friction_0p6,5,0.0,0.0,0.0,0.0,0.0,0.0,0.0,0.0
a3p05,bshin_friction,0.7,bshin_friction_0p7,5,1.198847732887134,2.349741556458783,3.2772698761695667,6.42344895729235,2.9596000326994725,5.800816064090966,0.0007250778485368462,0.0014211525831322185
a3p05,bshin_friction,0.8,bshin_friction_0p8,5,-2.900152968402426,16.15651208769066,1.5012117301429044,13.683427087035087,0.16249284557593455,14.145895990123655,-0.0021660843545637655,0.010120833652907203
a3p05,bshin_friction,0.9,bshin_friction_0p9,5,0.0,0.0,0.0,0.0,0.0,0.0,0.0,0.0
a3p05,bshin_friction,1.0,bshin_friction_1,5,0.0,0.0,0.0,0.0,0.0,0.0,0.0,0.0
a3p05,bshin_friction,1.1,bshin_friction_1p1,5,0.0,0.0,0.0,0.0,0.0,0.0,0.0,0.0
a3p05,bshin_friction,1.3,bshin_friction_1p3,5,0.0,0.0,0.0,0.0,0.0,0.0,0.0,0.0
a3p05,bshin_friction,1.5,bshin_friction_1p5,5,0.0,0.0,0.0,0.0,0.0,0.0,0.0,0.0
a3p05,bshin_friction,1.7,bshin_friction_1p7,5,0.0,0.0,0.0,0.0,0.0,0.0,0.0,0.0
a3p05,bshin_friction,2.0,bshin_friction_2,5,0.0,0.0,0.0,0.0,0.0,0.0,0.0,0.0
a3p05,bthigh_actuator_gain,0.0,bthigh_actuator_gain_0,5,1016.914702470782,556.2186364956808,990.0173794404785,561.9343582312111,988.7568496937332,564.2867620051277,0.6282020569658627,0.3425397053203185
a3p05,bthigh_actuator_gain,0.1,bthigh_actuator_gain_0p1,5,961.4257920695311,554.5392457480981,939.0469247942386,571.6176507795344,944.875732387706,570.6447040307868,0.5941100792746844,0.3407612625210688
a3p05,bthigh_actuator_gain,0.2,bthigh_actuator_gain_0p2,5,759.0269066286683,469.9110382695052,701.1913369707376,365.5356149368188,762.5381937312748,449.60227891721127,0.46992195517802837,0.2929391641422689
a3p05,bthigh_actuator_gain,0.3,bthigh_actuator_gain_0p3,5,577.1460899458125,339.84549435449236,576.1519405544839,326.5607967183171,570.4361436165275,332.5683951935556,0.35872376976901893,0.21844190095596952
a3p05,bthigh_actuator_gain,0.4,bthigh_actuator_gain_0p4,5,454.69684766936206,250.51713544389585,466.90066459858355,237.65946999488412,460.47904689123186,242.2503486445852,0.281427073690059,0.1571361248928128
a3p05,bthigh_actuator_gain,0.5,bthigh_actuator_gain_0p5,5,327.45236535989886,195.1274237435771,335.29431283545966,188.48364657214043,333.36732935521866,189.82965202186313,0.20057852568808113,0.1164810937155483
a3p05,bthigh_actuator_gain,0.6,bthigh_actuator_gain_0p6,5,248.1815612616716,172.72278152505828,253.0155938536666,164.66883115690194,249.73976295271504,167.79639002246736,0.1514773755364809,0.10267515686845423
a3p05,bthigh_actuator_gain,0.7,bthigh_actuator_gain_0p7,5,176.24408524261594,158.65269866549943,186.4807659873045,148.77679637369855,184.01162261288945,153.0036949061219,0.10721121285839752,0.0946758672540979
a3p05,bthigh_actuator_gain,0.8,bthigh_actuator_gain_0p8,5,112.0382687959941,97.74647799911185,121.25561995309549,88.38955217925066,118.55379981728984,90.90231105435892,0.06804938316725806,0.05820931222470906
a3p05,bthigh_actuator_gain,0.9,bthigh_actuator_gain_0p9,5,30.89876446951407,34.6873504255946,37.96060596662833,28.826754698540064,33.97694553285241,30.881101574215585,0.01860796436902456,0.02071691729486115
a3p05,bthigh_actuator_gain,1.0,bthigh_actuator_gain_1,5,0.0,0.0,0.0,0.0,0.0,0.0,0.0,0.0
a3p05,bthigh_actuator_gain,1.1,bthigh_actuator_gain_1p1,5,-7.344283301522182,35.24879382100094,-2.586169679330669,20.459707028587466,-3.229918638058598,24.36294887819777,-0.0047561034200928175,0.02272964467470961
a3p05,bthigh_actuator_gain,1.3,bthigh_actuator_gain_1p3,5,46.09916394855386,54.22343019424207,49.80702808403548,51.4987613772412,48.26234680660791,53.0294502088664,0.028650234494687888,0.034383304826867335
a3p05,bthigh_actuator_gain,1.5,bthigh_actuator_gain_1p5,5,152.49641465096335,73.74619414974778,158.1376060458264,68.24893517685845,157.81612170017578,72.65628080946325,0.0947993809285537,0.047538623393498826
a3p05,bthigh_actuator_gain,1.7,bthigh_actuator_gain_1p7,5,305.39826987939944,109.03774210542046,300.8683301219533,123.26727140608298,294.7986040152683,120.81069424585706,0.1901944204793094,0.0745200359784675
a3p05,bthigh_actuator_gain,2.0,bthigh_actuator_gain_2,5,576.8215065579952,173.60412571689145,544.1905936833564,156.75242268973227,543.6077000401186,156.7449191829099,0.35694966437099784,0.11543223364261714
a3p05,bthigh_damping,0.0,bthigh_damping_0,5,1173.8533066561063,723.1184462293147,1174.1712812946273,727.3342918757623,1169.4592102613992,725.2901942014414,0.7387851712433795,0.48389246977976413
a3p05,bthigh_damping,0.1,bthigh_damping_0p1,5,975.3539415576304,675.2432391202249,998.9543045071783,692.8094717146978,988.0444661308051,682.430720742842,0.6154674963620571,0.4492516760014851
a3p05,bthigh_damping,0.2,bthigh_damping_0p2,5,732.5808676599013,487.4243970644734,743.3009049379953,483.76916251935535,737.3044330867876,482.4905339648715,0.4621243786091208,0.3243720030230152
a3p05,bthigh_damping,0.3,bthigh_damping_0p3,5,539.0268445720442,338.1053123538174,540.8121729342711,337.3299578823015,541.2655025243185,335.82971582648025,0.34005039332514697,0.22439092344143102
a3p05,bthigh_damping,0.4,bthigh_damping_0p4,5,364.78393470031045,215.07751726898817,373.2203771433271,214.8638387785716,372.41642884606904,212.88253894081106,0.22973919216468355,0.14134404180728005
a3p05,bthigh_damping,0.5,bthigh_damping_0p5,5,253.13549810382392,175.0741681275339,264.48819462188516,184.09956294506463,261.9489988660137,181.5100541889849,0.15968235447585422,0.11247521208482876
a3p05,bthigh_damping,0.6,bthigh_damping_0p6,5,155.2592135994011,103.94370279280395,164.52638771098623,112.59754346868073,160.080181137779,109.54131058299451,0.09704609680357404,0.06467626070893472
a3p05,bthigh_damping,0.7,bthigh_damping_0p7,5,80.1512906987754,67.20366800899384,91.15256736285528,72.99002186676869,90.49504207628793,70.68183509602972,0.04969985913549243,0.04103844270231929
a3p05,bthigh_damping,0.8,bthigh_damping_0p8,5,38.409906676534774,39.41441739316295,44.894397916128625,38.238689390763994,41.55326827310955,39.87381009217367,0.02376161929043809,0.024114515340597324
a3p05,bthigh_damping,0.9,bthigh_damping_0p9,5,11.422834335045128,32.97101336067572,17.186077098764372,22.77462523048546,16.288363121054182,26.197206005027148,0.00667125622470924,0.02096630407957301
a3p05,bthigh_damping,1.0,bthigh_damping_1,5,0.0,0.0,0.0,0.0,0.0,0.0,0.0,0.0
a3p05,bthigh_damping,1.1,bthigh_damping_1p1,5,-2.260997854399875,12.03188345431983,1.1546073282743692,11.71820163900533,-2.3503503048294987,13.385151008384803,-0.00151108176817191,0.007490776565163555
a3p05,bthigh_damping,1.3,bthigh_damping_1p3,5,52.63828086768476,72.40506145291293,57.18461055766356,63.10850940597585,54.54490842628884,70.10816354805613,0.03200204590664045,0.04450920363514366
a3p05,bthigh_damping,1.5,bthigh_damping_1p5,5,113.01850830466374,136.56348304135807,126.34650515480675,117.18311956453246,119.69381638244336,124.49444392870713,0.0687777607038582,0.08377975095565729
a3p05,bthigh_damping,1.7,bthigh_damping_1p7,5,180.59368500368524,172.79391234053818,188.2041337584276,164.00210795886267,185.69648817371194,165.30991028076548,0.11049087628319265,0.10524218833128823
a3p05,bthigh_damping,2.0,bthigh_damping_2,5,265.5126168247075,219.3881494344086,272.293883120468,203.0999270565741,270.4537846793247,206.25248405312843,0.1636104624926814,0.13527950639128064
a3p05,bthigh_friction,0.0,bthigh_friction_0,5,0.0,0.0,0.0,0.0,0.0,0.0,0.0,0.0
a3p05,bthigh_friction,0.1,bthigh_friction_0p1,5,2.900152968402426,16.15651208769066,-1.5012117301429044,13.683427087035087,-0.16249284557593455,14.145895990123655,0.0020561096695258557,0.010013697451353543
a3p05,bthigh_friction,0.2,bthigh_friction_0p2,5,2.900152968402426,16.15651208769066,-1.5012117301429044,13.683427087035087,-0.16249284557593455,14.145895990123655,0.0020561096695258557,0.010013697451353543
a3p05,bthigh_friction,0.3,bthigh_friction_0p3,5,2.900152968402426,16.15651208769066,-1.5012117301429044,13.683427087035087,-0.16249284557593455,14.145895990123655,0.0020561096695258557,0.010013697451353543
a3p05,bthigh_friction,0.4,bthigh_friction_0p4,5,2.900152968402426,16.15651208769066,-1.5012117301429044,13.683427087035087,-0.16249284557593455,14.145895990123655,0.0020561096695258557,0.010013697451353543
a3p05,bthigh_friction,0.5,bthigh_friction_0p5,5,2.900152968402426,16.15651208769066,-1.5012117301429044,13.683427087035087,-0.16249284557593455,14.145895990123655,0.0020561096695258557,0.010013697451353543
a3p05,bthigh_friction,0.6,bthigh_friction_0p6,5,2.900152968402426,16.15651208769066,-1.5012117301429044,13.683427087035087,-0.16249284557593455,14.145895990123655,0.0020561096695258557,0.010013697451353543
a3p05,bthigh_friction,0.7,bthigh_friction_0p7,5,2.900152968402426,16.15651208769066,-1.5012117301429044,13.683427087035087,-0.16249284557593455,14.145895990123655,0.0020561096695258557,0.010013697451353543
a3p05,bthigh_friction,0.8,bthigh_friction_0p8,5,2.900152968402426,16.15651208769066,-1.5012117301429044,13.683427087035087,-0.16249284557593455,14.145895990123655,0.0020561096695258557,0.010013697451353543
a3p05,bthigh_friction,0.9,bthigh_friction_0p9,5,4.09900070128956,15.686702553931685,1.7760581460266622,11.61013479120736,2.797107187123538,12.270122743314802,0.0027838257721930397,0.009713316332874377
a3p05,bthigh_friction,1.0,bthigh_friction_1,5,0.0,0.0,0.0,0.0,0.0,0.0,0.0,0.0
a3p05,bthigh_friction,1.1,bthigh_friction_1p1,5,2.900152968402426,16.15651208769066,-1.5012117301429044,13.683427087035087,-0.16249284557593455,14.145895990123655,0.0020561096695258557,0.010013697451353543
a3p05,bthigh_friction,1.3,bthigh_friction_1p3,5,2.900152968402426,16.15651208769066,-1.5012117301429044,13.683427087035087,-0.16249284557593455,14.145895990123655,0.0020561096695258557,0.010013697451353543
a3p05,bthigh_friction,1.5,bthigh_friction_1p5,5,2.900152968402426,16.15651208769066,-1.5012117301429044,13.683427087035087,-0.16249284557593455,14.145895990123655,0.0020561096695258557,0.010013697451353543
a3p05,bthigh_friction,1.7,bthigh_friction_1p7,5,2.900152968402426,16.15651208769066,-1.5012117301429044,13.683427087035087,-0.16249284557593455,14.145895990123655,0.0020561096695258557,0.010013697451353543
a3p05,bthigh_friction,2.0,bthigh_friction_2,5,2.900152968402426,16.15651208769066,-1.5012117301429044,13.683427087035087,-0.16249284557593455,14.145895990123655,0.0020561096695258557,0.010013697451353543
a3p05,damping,0.0,damping_0,5,1631.255160107785,378.557574155635,1612.470265175282,456.70006535836546,1603.0080052769986,442.3556621859226,1.0058110418771036,0.23006132292538056
a3p05,damping,0.1,damping_0p1,5,1478.0692435793273,471.49456393463095,1462.1696209130544,519.2524813216413,1461.3347546502562,517.090072190565,0.9119886006181929,0.2885736158031997
a3p05,damping,0.2,damping_0p2,5,1311.4171204691056,461.5643206491341,1323.1603247356263,494.42493215175034,1321.0574726272737,484.8898580058484,0.8111185683221791,0.2885048968826272
a3p05,damping,0.3,damping_0p3,5,1169.1486951445356,413.3853507277165,1170.7997562863734,421.7520619908495,1164.00261676335,426.0738871866043,0.7236361636175862,0.2608707393783057
a3p05,damping,0.4,damping_0p4,5,924.5180540425288,362.67194835250956,937.2164604437778,383.9541930752677,934.4264332457675,381.8979814733889,0.5737162325823443,0.23190856134095209
a3p05,damping,0.5,damping_0p5,5,616.5794158777661,277.04732126589687,627.0430771828799,272.87295055422584,625.845630561539,278.1902037878577,0.3841729953786511,0.17706061452827931
a3p05,damping,0.6,damping_0p6,5,354.9504385756562,122.83016556949084,364.14074850552254,130.46707241632757,357.50033088309846,126.44320627355133,0.22074506365222982,0.07926153651538305
a3p05,damping,0.7,damping_0p7,5,182.87516287852705,84.46993629744067,192.11065113202812,93.74856823235483,190.39396812897797,94.39859079349166,0.11421819921294733,0.05365625658529088
a3p05,damping,0.8,damping_0p8,5,71.52988767317319,52.43093126293905,79.02597617023689,55.494576135784015,75.64112564948864,53.24764876097693,0.04455221027427162,0.03167730799017639
a3p05,damping,0.9,damping_0p9,5,-17.286864881930523,24.591491391466715,-9.282457341580947,36.17463184452056,-10.7874406753333,32.4313474334301,-0.010443015721752677,0.014664156764132907
a3p05,damping,1.0,damping_1,5,0.0,0.0,0.0,0.0,0.0,0.0,0.0,0.0
a3p05,damping,1.1,damping_1p1,5,122.49878646230482,46.239930681322214,128.51559444320824,50.11785474889524,126.68432585240639,47.85766354026329,0.07441358892734015,0.026253755047261393
a3p05,damping,1.3,damping_1p3,5,432.68210268216734,104.36630353398225,434.8832261439558,104.87815334266746,435.6207964891652,104.02889575269596,0.264250282193374,0.05525748729424842
a3p05,damping,1.5,damping_1p5,5,681.9876746745155,157.11692143572535,694.5556137329756,161.46104445240317,691.2714890466259,159.9635973226098,0.4174764712934005,0.08756819910623216
a3p05,damping,1.7,damping_1p7,5,904.6213950819708,186.1289373005696,911.1418731151771,189.0037707604283,906.4225667780483,187.58082728662228,0.554209100057074,0.10219004102406697
a3p05,damping,2.0,damping_2,5,1145.3951140268625,224.466898765127,1122.4670765188464,235.6217431541129,1140.4775092115021,227.02571587090054,0.7013526799920499,0.11782651387827876
a3p05,ffoot_actuator_gain,0.0,ffoot_actuator_gain_0,5,23.037663289609192,77.19215880822873,7.842625776214527,37.92791085815198,7.6258215099726385,40.01198246594672,0.013016930723250539,0.046009653732203906
a3p05,ffoot_actuator_gain,0.1,ffoot_actuator_gain_0p1,5,-6.632748727546596,43.552509924372096,-3.423507172164,36.65994430211269,-3.0234877666602644,35.40062802306479,-0.0044981954764572825,0.027207322913233918
a3p05,ffoot_actuator_gain,0.2,ffoot_actuator_gain_0p2,5,-5.843220983525271,36.5286899888982,0.29124462576623955,26.663091843551733,0.4036787641045521,30.379803993973965,-0.003982541331538721,0.02303781934077027
a3p05,ffoot_actuator_gain,0.3,ffoot_actuator_gain_0p3,5,-12.28573531185907,37.50547962517125,-5.9049054298214285,29.97124082535183,-6.5028787133271635,28.95487020655661,-0.00798538359205361,0.023643875614446978
a3p05,ffoot_actuator_gain,0.4,ffoot_actuator_gain_0p4,5,-9.299731798776246,33.86921087579375,4.070996510089754,22.603372579878386,0.23488363718711297,24.85975903051342,-0.0061229834873231335,0.02126221478298474
a3p05,ffoot_actuator_gain,0.5,ffoot_actuator_gain_0p5,5,-13.922808396936125,29.704567333598742,-6.044772601273098,17.839028141625498,-9.27580309335708,20.112608749678692,-0.009078555707933169,0.018795344471014802
a3p05,ffoot_actuator_gain,0.6,ffoot_actuator_gain_0p6,5,-17.78337157705755,36.059211803154525,-9.074298333620664,22.55027354813106,-11.655231841369096,24.14620783414654,-0.01143048236592052,0.02288745524355604
a3p05,ffoot_actuator_gain,0.7,ffoot_actuator_gain_0p7,5,-9.385809081707748,20.74542395809906,-1.3941169307508061,14.134089245525022,-3.443686097116097,11.389766032886222,-0.0060687323812199075,0.013163728685456733
a3p05,ffoot_actuator_gain,0.8,ffoot_actuator_gain_0p8,5,-11.637031421441998,11.841326639657593,-8.612664127351673,12.613263875385451,-10.131396101891188,11.896746392844518,-0.007387030218331708,0.007337392969784496
a3p05,ffoot_actuator_gain,0.9,ffoot_actuator_gain_0p9,5,-10.403532092778505,23.58841473990982,-3.469061588946579,13.339105857976715,-4.910583535166279,11.670337163859672,-0.006794990386981408,0.01506209811953271
a3p05,ffoot_actuator_gain,1.0,ffoot_actuator_gain_1,5,0.0,0.0,0.0,0.0,0.0,0.0,0.0,0.0
a3p05,ffoot_actuator_gain,1.1,ffoot_actuator_gain_1p1,5,-6.988120785875344,20.991362741447844,1.2541038870344892,13.623901405236948,-0.8510756211199805,12.469317629896494,-0.004621074708733043,0.013403802563862538
a3p05,ffoot_actuator_gain,1.3,ffoot_actuator_gain_1p3,5,-3.809946925442591,19.521749089729006,1.7386853123346555,15.584165391936804,-1.0038720003821253,14.962338562349903,-0.0027359045916899387,0.01232325249832899
a3p05,ffoot_actuator_gain,1.5,ffoot_actuator_gain_1p5,5,17.742438891521395,18.408902913850007,16.135422516361906,11.21912064341818,16.84094668159214,15.874869507455587,0.011335851530767587,0.011747950381159791
a3p05,ffoot_actuator_gain,1.7,ffoot_actuator_gain_1p7,5,4.747782072493374,33.46896103516131,10.290690314887252,22.545640046223298,9.319864342423852,24.879351972416405,0.0024658038566535397,0.021252256894725093
a3p05,ffoot_actuator_gain,2.0,ffoot_actuator_gain_2,5,15.994079471334043,38.09512725887295,23.68736631889733,26.402275528825115,21.355919136215242,30.081796094571253,0.009581335149690609,0.023602417810912834
a3p05,ffoot_damping,0.0,ffoot_damping_0,5,32.539459159063746,38.66699321654208,38.45803375484102,37.34991331421273,35.82691623876226,37.8693474489153,0.019515650666466273,0.023048564706194458
a3p05,ffoot_damping,0.1,ffoot_damping_0p1,5,18.810846590718892,39.05585266342748,29.39762489589166,30.393913239297202,25.873376088533497,31.728778925607067,0.010972699309581498,0.02387852280913665
a3p05,ffoot_damping,0.2,ffoot_damping_0p2,5,12.314851905089744,28.506317179222684,22.274821002623185,24.099838871011187,19.293873068191353,23.880750527426223,0.007164572803105433,0.017327347350927877
a3p05,ffoot_damping,0.3,ffoot_damping_0p3,5,10.781415987470155,20.92126264267636,14.199144893773246,25.78303969292513,12.039410297780023,23.375512285855724,0.006406964341993375,0.012799904530508659
a3p05,ffoot_damping,0.4,ffoot_damping_0p4,5,7.0549216310559135,23.784247565702184,14.3938396632484,14.411723219467996,12.550833867059646,16.36660618309941,0.0039737089034579355,0.014768590725446012
a3p05,ffoot_damping,0.5,ffoot_damping_0p5,5,-2.3807518250533577,22.02562194859365,6.612105238595814,17.296882001596963,2.354642446794924,17.02959857768061,-0.0017534051401511205,0.013865496225764742
a3p05,ffoot_damping,0.6,ffoot_damping_0p6,5,-3.81636276139202,27.732411836666273,9.129302687630751,23.057887416661526,4.8805476671615455,22.041146854771988,-0.00265519388353157,0.01743564671893779
a3p05,ffoot_damping,0.7,ffoot_damping_0p7,5,-10.160979533878116,34.64228463879791,1.9374395639695194,21.117463082292932,-5.018497697689327,23.126844261929275,-0.0067560753879867975,0.022101441860277043
a3p05,ffoot_damping,0.8,ffoot_damping_0p8,5,-4.4518765993675515,15.110367327204317,3.645360841744514,11.14366159649566,-1.2289675918923422,11.557525566932773,-0.002864431860998505,0.009476596697275035
a3p05,ffoot_damping,0.9,ffoot_damping_0p9,5,-2.9484046448644676,14.353831999040276,-2.66036157099652,15.888243978128527,-1.2385845688433619,13.876936592795781,-0.0021364484731126988,0.008977041649436381
a3p05,ffoot_damping,1.0,ffoot_damping_1,5,0.0,0.0,0.0,0.0,0.0,0.0,0.0,0.0
a3p05,ffoot_damping,1.1,ffoot_damping_1p1,5,-4.49898282287636,13.337416977057813,-1.6816498620373295,7.077638729554955,-2.1859486958921934,7.327083873448651,-0.0028961225774446733,0.008610255973683886
a3p05,ffoot_damping,1.3,ffoot_damping_1p3,5,-8.56986756158185,30.43271172769934,-0.14597969027199725,14.146640077122225,-3.154754457928584,17.07119932583912,-0.005752224021031138,0.01928840022645026
a3p05,ffoot_damping,1.5,ffoot_damping_1p5,5,-8.369829440082412,25.46054478131606,-2.647372293476974,12.932741626920622,-3.363802497523193,12.681626069948024,-0.005507469506650477,0.01625725785127647
a3p05,ffoot_damping,1.7,ffoot_damping_1p7,5,-16.190109742823005,20.36703841516713,-11.026431662808317,14.433744542078863,-12.716511206804626,15.466634968727446,-0.01029488892028846,0.013154831345348953
a3p05,ffoot_damping,2.0,ffoot_damping_2,5,-10.041095263342914,27.78315154561499,1.7061297638098494,13.736539374281472,-2.0713820797549034,15.516253241621767,-0.0066400651872501075,0.017771922998359144
a3p05,ffoot_friction,0.0,ffoot_friction_0,5,0.0,0.0,0.0,0.0,0.0,0.0,0.0,0.0
a3p05,ffoot_friction,0.1,ffoot_friction_0p1,5,0.0,0.0,0.0,0.0,0.0,0.0,0.0,0.0
a3p05,ffoot_friction,0.2,ffoot_friction_0p2,5,0.0,0.0,0.0,0.0,0.0,0.0,0.0,0.0
a3p05,ffoot_friction,0.3,ffoot_friction_0p3,5,0.0,0.0,0.0,0.0,0.0,0.0,0.0,0.0
a3p05,ffoot_friction,0.4,ffoot_friction_0p4,5,0.0,0.0,0.0,0.0,0.0,0.0,0.0,0.0
a3p05,ffoot_friction,0.5,ffoot_friction_0p5,5,1.198847732887134,2.349741556458783,3.2772698761695667,6.42344895729235,2.9596000326994725,5.800816064090966,0.0007250778485368462,0.0014211525831322185
a3p05,ffoot_friction,0.6,ffoot_friction_0p6,5,-2.900152968402426,16.15651208769066,1.5012117301429044,13.683427087035087,0.16249284557593455,14.145895990123655,-0.0021660843545637655,0.010120833652907203
a3p05,ffoot_friction,0.7,ffoot_friction_0p7,5,-1.739233403370008,3.4088974706052153,-2.086297901149919,4.089143886253841,-2.0114693729210558,3.9424799709252696,-0.00113243039435199,0.0022195635729299005
a3p05,ffoot_friction,0.8,ffoot_friction_0p8,5,0.0,0.0,0.0,0.0,0.0,0.0,0.0,0.0
a3p05,ffoot_friction,0.9,ffoot_friction_0p9,5,0.0,0.0,0.0,0.0,0.0,0.0,0.0,0.0
a3p05,ffoot_friction,1.0,ffoot_friction_1,5,0.0,0.0,0.0,0.0,0.0,0.0,0.0,0.0
a3p05,ffoot_friction,1.1,ffoot_friction_1p1,5,0.0,0.0,0.0,0.0,0.0,0.0,0.0,0.0
a3p05,ffoot_friction,1.3,ffoot_friction_1p3,5,0.0,0.0,0.0,0.0,0.0,0.0,0.0,0.0
a3p05,ffoot_friction,1.5,ffoot_friction_1p5,5,0.0,0.0,0.0,0.0,0.0,0.0,0.0,0.0
a3p05,ffoot_friction,1.7,ffoot_friction_1p7,5,0.0,0.0,0.0,0.0,0.0,0.0,0.0,0.0
a3p05,ffoot_friction,2.0,ffoot_friction_2,5,1.198847732887134,2.349741556458783,3.2772698761695667,6.42344895729235,2.9596000326994725,5.800816064090966,0.0007250778485368462,0.0014211525831322185
a3p05,friction,0.0,friction_0,5,-5376.30442191826,4815.9469788189435,-5524.590290183713,4890.513625305711,-5501.08061451081,4886.465651557576,-3.224050480718206,2.974334807428159
a3p05,friction,0.1,friction_0p1,5,-4379.00438639795,2037.4685463066444,-4425.997288818178,2044.5210598385,-4422.192697784599,2043.5338562984275,-2.6581001298679494,1.2235142765631473
a3p05,friction,0.2,friction_0p2,5,-2900.9875632270328,1385.7449200565936,-2944.570477247399,1389.0294038324162,-2935.2621325325895,1390.1309690946998,-1.761336116304878,0.83624253257301
a3p05,friction,0.3,friction_0p3,5,-1271.0263721134756,629.9037731082665,-1315.81089097341,633.9788093605209,-1297.9599939657612,630.0321514451123,-0.7702858117762774,0.3766182333434399
a3p05,friction,0.4,friction_0p4,5,-306.8310596685062,142.76400159866614,-304.53430073506775,141.1233912826161,-307.02569677031613,140.8875950623986,-0.1857970298450086,0.08330709003844171
a3p05,friction,0.5,friction_0p5,5,-221.86767734196707,79.41197615371622,-219.26764347576332,80.02370621910188,-219.7963734573228,80.31969445308658,-0.13486295423899047,0.04558448504939348
a3p05,friction,0.6,friction_0p6,5,-159.29612180400932,61.35249484348049,-162.72100730650746,58.48989513121979,-160.47427630860744,59.90157216518605,-0.09675416323962026,0.035491559972460854
a3p05,friction,0.7,friction_0p7,5,-120.84405945524149,42.45140082939419,-116.61772117624564,39.24205499200725,-117.90959890405642,40.808529602469235,-0.07350570711697957,0.024471734686750287
a3p05,friction,0.8,friction_0p8,5,-77.74569465490595,31.428781442416618,-72.2780574874104,31.126944093927346,-74.78465772560571,31.189307258064108,-0.047333984519152474,0.01890295716865042
a3p05,friction,0.9,friction_0p9,5,-37.33688924998951,21.502502231151414,-33.35125577893282,19.68788687210493,-35.85986038052747,20.806916297583285,-0.02256075767059324,0.01294396259228068
a3p05,friction,1.0,friction_1,5,0.0,0.0,0.0,0.0,0.0,0.0,0.0,0.0
a3p05,friction,1.1,friction_1p1,5,24.70150136685597,5.377651794746277,25.225219279753492,7.198838808953174,24.403272547385587,6.7562120398521,0.01511885818651379,0.0029947571309407806
a3p05,friction,1.3,friction_1p3,5,86.13740786400854,18.964305616960644,92.6981611606952,21.780590741399312,89.91816338116514,19.983040852095403,0.05264773592496978,0.01029443153854105
a3p05,friction,1.5,friction_1p5,5,144.44420620308847,36.334764363372884,146.52417411671985,37.27243617963693,146.57970314945638,36.69978832733144,0.0882907390834708,0.020918531965610235
a3p05,friction,1.7,friction_1p7,5,188.11879754728366,52.089489714346165,191.4811483316759,59.54256921398383,190.23460879085323,56.62613275097031,0.1149847681880218,0.03026266096092634
a3p05,friction,2.0,friction_2,5,281.7126138019487,94.26998765468682,266.1204455026682,80.54485924682234,264.02043621127757,77.45524166845959,0.1724568693447579,0.056787699901642154
a3p05,friction_damping,0.0,friction_damping_0,5,-2643.0541033611867,4744.123089298263,-2620.6794745591333,5237.626107653384,-2667.9177351814637,5210.080181564253,-1.6109342505546358,2.9062495779487505
a3p05,friction_damping,0.1,friction_damping_0p1,5,-744.9625478051537,2637.7974244901197,-603.5400613294389,2569.4154989900244,-700.295438463058,2620.7601816541246,-0.45711235681853957,1.6021151774981253
a3p05,friction_damping,0.2,friction_damping_0p2,5,-143.09378579532645,1921.371693374341,-139.89480275976143,2138.5417571370667,-127.86343150880134,2079.4093329906095,-0.07567455661099232,1.1608982085631445
a3p05,friction_damping,0.3,friction_damping_0p3,5,-110.7481694619989,1454.044109638229,-93.67973049154139,1521.279030751483,-109.99220817234755,1523.4174580567237,-0.05088713596150692,0.8844053183367642
a3p05,friction_damping,0.4,friction_damping_0p4,5,-94.4908184760961,1006.2051291080085,-103.99071336509515,1036.3378628908029,-98.31075506525504,1037.51874910818,-0.04132060148710894,0.6163753206369442
a3p05,friction_damping,0.5,friction_damping_0p5,5,-39.33310804962448,496.9267526298387,-32.88706937673419,496.7775478636877,-39.15620307759796,499.5991669640171,-0.012892971822759258,0.3071727016007848
a3p05,friction_damping,0.6,friction_damping_0p6,5,-13.141119622031601,233.0159510523337,-15.942529863706705,232.3363279033461,-7.954334158672646,234.96620958354055,-0.0022614703077851106,0.14429082607841748
a3p05,friction_damping,0.7,friction_damping_0p7,5,-30.637438207152353,127.37796894108733,-28.16204311839174,123.65111344339535,-29.276075733496963,126.76841831602552,-0.016042273584211113,0.07818100199598554
a3p05,friction_damping,0.8,friction_damping_0p8,5,-49.414740605734096,64.33050762101328,-37.691639366155776,59.017684881772446,-39.56555765983417,58.915824758680316,-0.02930162244520762,0.03859188641427492
a3p05,friction_damping,0.9,friction_damping_0p9,5,-61.12192862431461,42.069375258542124,-55.9753554316314,49.34030424434631,-55.723563446368914,48.34140108289307,-0.03690589079359945,0.024663966292187898
a3p05,friction_damping,1.0,friction_damping_1,5,0.0,0.0,0.0,0.0,0.0,0.0,0.0,0.0
a3p05,friction_damping,1.1,friction_damping_1p1,5,150.51124036143625,61.949326624239255,156.6314901382751,60.87549773543479,155.09160653892454,61.080709186734666,0.09126788122361187,0.03543052860429423
a3p05,friction_damping,1.3,friction_damping_1p3,5,500.3399251562767,131.41791337584118,510.38457140291194,130.49242025256973,507.6835248098875,130.31832040023562,0.30526904538633176,0.07040779367371369
a3p05,friction_damping,1.5,friction_damping_1p5,5,761.9098359427593,184.2090001042328,774.8872215842915,190.16982839089417,770.0813442620998,187.76634278773994,0.46593981849395066,0.10181440496139736
a3p05,friction_damping,1.7,friction_damping_1p7,5,1018.1435778676205,211.09664257074567,1005.4338878566214,208.58520502442676,1007.3213920562696,208.2447453145167,0.6241705712341505,0.1189503925838498
a3p05,friction_damping,2.0,friction_damping_2,5,1342.4442613478823,223.10142958291448,1355.944257286984,266.0394576480436,1350.2853579490516,259.2878342484205,0.8259021104885695,0.134598278946282
a3p05,fshin_actuator_gain,0.0,fshin_actuator_gain_0,5,470.5699240820979,129.86992576877694,475.6096547191822,135.67101470568852,474.01752577653616,134.43800541079997,0.2935000842316288,0.09276947987317403
a3p05,fshin_actuator_gain,0.1,fshin_actuator_gain_0p1,5,433.6188599878848,123.95497431233665,424.30817963372084,133.79483700052117,422.8643379736741,133.67000713280098,0.2701647422229288,0.08730603381417448
a3p05,fshin_actuator_gain,0.2,fshin_actuator_gain_0p2,5,356.3599314237262,102.4190107204021,346.7454057645865,113.82139246407246,343.16747129022696,115.14149453695053,0.22184753392804382,0.07152507602141979
a3p05,fshin_actuator_gain,0.3,fshin_actuator_gain_0p3,5,262.4525815554877,85.07397672348317,269.95642559818054,89.09133650351924,268.7476144589614,89.64475633411962,0.16405669888719368,0.05961764390583014
a3p05,fshin_actuator_gain,0.4,fshin_actuator_gain_0p4,5,193.01272192139268,61.98314637974794,195.6306074874958,63.919214320039394,193.25695632866103,62.49846490941588,0.12059946284681715,0.04309509159056932
a3p05,fshin_actuator_gain,0.5,fshin_actuator_gain_0p5,5,130.07242689806762,28.984929032617462,134.31902374396296,46.25959057894621,134.9798776551789,42.00663101244816,0.08086432806507694,0.020683082623874343
a3p05,fshin_actuator_gain,0.6,fshin_actuator_gain_0p6,5,86.3285736242503,16.582196868768335,96.36191401722218,29.75977918719864,92.76277544783647,24.475462627000283,0.05338654506309228,0.011097699824485609
a3p05,fshin_actuator_gain,0.7,fshin_actuator_gain_0p7,5,39.36234129159961,11.276309172955552,48.20962199020896,19.760682676997572,45.769119939885194,15.579364669042626,0.023987062734619532,0.006001622459901457
a3p05,fshin_actuator_gain,0.8,fshin_actuator_gain_0p8,5,26.938086697938296,12.572119898267184,33.66660294087892,26.373193658485647,32.960661193591434,21.559060220424406,0.016461645184771345,0.007744657735102471
a3p05,fshin_actuator_gain,0.9,fshin_actuator_gain_0p9,5,1.804594618446299,10.09885115890588,8.845952196656981,12.625190895805797,6.764137329704499,10.071036660444555,0.0008579941434080158,0.006212256406076328
a3p05,fshin_actuator_gain,1.0,fshin_actuator_gain_1,5,0.0,0.0,0.0,0.0,0.0,0.0,0.0,0.0
a3p05,fshin_actuator_gain,1.1,fshin_actuator_gain_1p1,5,-14.358478323878945,25.96673372593522,-4.308909576571023,19.562883254283935,-8.903617283799075,22.03419561760517,-0.009069163553905597,0.016470656338474002
a3p05,fshin_actuator_gain,1.3,fshin_actuator_gain_1p3,5,-3.738650955875164,50.16306450019401,-3.229735861618792,51.377548428656674,-3.6374885451959926,50.327406746086986,-0.002688695118683999,0.03216854232108253
a3p05,fshin_actuator_gain,1.5,fshin_actuator_gain_1p5,5,48.351003790148845,57.62215232006077,52.73529350697586,48.75021686844953,53.04692442267701,50.936655778894,0.02971871133394601,0.03647922789181407
a3p05,fshin_actuator_gain,1.7,fshin_actuator_gain_1p7,5,86.79923771680733,82.84895414237475,70.7378515671182,62.44121517482771,70.24739676502887,63.30969095950366,0.05338377690804932,0.05228421111908065
a3p05,fshin_actuator_gain,2.0,fshin_actuator_gain_2,5,223.52277889930778,61.227910010639384,167.15315120133658,60.084090560252896,163.4179280167747,58.18581624447376,0.13789256829328433,0.03900496948045213
a3p05,fshin_damping,0.0,fshin_damping_0,5,359.53331730484257,68.98809807700847,329.14894312508784,96.3253032924427,331.95115262016185,95.74689985056929,0.22092342976774662,0.03770909667203214
a3p05,fshin_damping,0.1,fshin_damping_0p1,5,281.06073356572557,76.82207987574034,307.4917581804706,110.6155602647961,290.19138679318223,85.42510942776626,0.17346097358763582,0.04739117569421581
a3p05,fshin_damping,0.2,fshin_damping_0p2,5,193.925070419244,67.38309182679274,192.9231864114576,69.04670417520978,196.01205355129505,67.91962958465908,0.11966039784910854,0.041427962905356094
a3p05,fshin_damping,0.3,fshin_damping_0p3,5,138.51720079709426,72.9298732717344,143.5097851596597,75.7071227757857,140.84491285656242,74.67258468581721,0.08540058259592764,0.04533466571681762
a3p05,fshin_damping,0.4,fshin_damping_0p4,5,91.94799414146205,73.79081272576255,97.28698074589097,72.36010606757247,96.17134999502328,73.64402681269135,0.0567902218348035,0.04601254881615141
a3p05,fshin_damping,0.5,fshin_damping_0p5,5,76.34926434623011,60.7847705655701,78.61117326275061,63.31528399442376,81.97755658847291,60.659682707437106,0.0474503344417624,0.0378581620142423
a3p05,fshin_damping,0.6,fshin_damping_0p6,5,39.646179997265016,49.726226917461354,43.95191302534859,52.61675820278333,43.29124839168494,51.30929338228261,0.02459358126339482,0.03110202300773316
a3p05,fshin_damping,0.7,fshin_damping_0p7,5,3.7058939184868906,48.49127886590684,8.42726857372395,42.72190655524328,6.573595432048023,44.994871908330595,0.0020863462171741196,0.030375467248172184
a3p05,fshin_damping,0.8,fshin_damping_0p8,5,-13.056107168311746,45.2866755394343,-4.2925590788195676,32.63587678407739,-6.047870459343812,33.846689281401545,-0.008368947567047851,0.02874369995465594
a3p05,fshin_damping,0.9,fshin_damping_0p9,5,-9.0073820947669,31.285502662658452,-5.282279730049732,26.925184339460042,-6.832135280970988,28.06422200420173,-0.005746293802459003,0.019914174053708752
a3p05,fshin_damping,1.0,fshin_damping_1,5,0.0,0.0,0.0,0.0,0.0,0.0,0.0,0.0
a3p05,fshin_damping,1.1,fshin_damping_1p1,5,-0.6157657068067692,16.29900676049545,2.5492079096331963,17.78834514981493,0.05498727178865011,16.13144482157745,-0.0006999987996354273,0.009990940141855824
a3p05,fshin_damping,1.3,fshin_damping_1p3,5,28.611632405439515,31.00618209996396,36.016728725232724,30.953118314741005,31.897639796818474,30.337291789402485,0.01714162512622245,0.018792091543978266
a3p05,fshin_damping,1.5,fshin_damping_1p5,5,43.98040653570674,51.64786623347692,54.17276276404168,51.97326405310578,50.948269703496905,49.11100084455738,0.026051533388846516,0.031221165720553272
a3p05,fshin_damping,1.7,fshin_damping_1p7,5,71.70320129658062,57.47786228822022,82.29746520739127,53.43409591605044,77.93745742086034,55.69963294385674,0.042985819152772185,0.03470538160313112
a3p05,fshin_damping,2.0,fshin_damping_2,5,103.8311645061156,67.82356019350303,107.44878518451051,69.76343114584708,108.25239229185395,69.31566973778084,0.06262524721235033,0.040858818043755324
a3p05,fshin_friction,0.0,fshin_friction_0,5,0.0,0.0,0.0,0.0,0.0,0.0,0.0,0.0
a3p05,fshin_friction,0.1,fshin_friction_0p1,5,0.0,0.0,0.0,0.0,0.0,0.0,0.0,0.0
a3p05,fshin_friction,0.2,fshin_friction_0p2,5,0.0,0.0,0.0,0.0,0.0,0.0,0.0,0.0
a3p05,fshin_friction,0.3,fshin_friction_0p3,5,0.0,0.0,0.0,0.0,0.0,0.0,0.0,0.0
a3p05,fshin_friction,0.4,fshin_friction_0p4,5,0.0,0.0,0.0,0.0,0.0,0.0,0.0,0.0
a3p05,fshin_friction,0.5,fshin_friction_0p5,5,1.198847732887134,2.349741556458783,3.2772698761695667,6.42344895729235,2.9596000326994725,5.800816064090966,0.0007250778485368462,0.0014211525831322185
a3p05,fshin_friction,0.6,fshin_friction_0p6,5,-2.900152968402426,16.15651208769066,1.5012117301429044,13.683427087035087,0.16249284557593455,14.145895990123655,-0.0021660843545637655,0.010120833652907203
a3p05,fshin_friction,0.7,fshin_friction_0p7,5,1.8543648815856613,8.557804097895291,2.0401752867203866,9.933342280092155,1.9582050205826818,9.561257499504556,0.0009601593838715649,0.005128382871070938
a3p05,fshin_friction,0.8,fshin_friction_0p8,5,0.0,0.0,0.0,0.0,0.0,0.0,0.0,0.0
a3p05,fshin_friction,0.9,fshin_friction_0p9,5,0.0,0.0,0.0,0.0,0.0,0.0,0.0,0.0
a3p05,fshin_friction,1.0,fshin_friction_1,5,0.0,0.0,0.0,0.0,0.0,0.0,0.0,0.0
a3p05,fshin_friction,1.1,fshin_friction_1p1,5,0.0,0.0,0.0,0.0,0.0,0.0,0.0,0.0
a3p05,fshin_friction,1.3,fshin_friction_1p3,5,0.0,0.0,0.0,0.0,0.0,0.0,0.0,0.0
a3p05,fshin_friction,1.5,fshin_friction_1p5,5,0.0,0.0,0.0,0.0,0.0,0.0,0.0,0.0
a3p05,fshin_friction,1.7,fshin_friction_1p7,5,0.0,0.0,0.0,0.0,0.0,0.0,0.0,0.0
a3p05,fshin_friction,2.0,fshin_friction_2,5,1.198847732887134,2.349741556458783,3.2772698761695667,6.42344895729235,2.9596000326994725,5.800816064090966,0.0007250778485368462,0.0014211525831322185
a3p05,fthigh_actuator_gain,0.0,fthigh_actuator_gain_0,5,1909.2295129020724,115.16670236583103,1920.4196938776956,113.51257419335435,1918.709602463026,113.917590118499,1.1733446603229054,0.054610626603241744
a3p05,fthigh_actuator_gain,0.1,fthigh_actuator_gain_0p1,5,1901.8918850922662,138.18983216711493,1912.2805344554763,124.8703484383878,1909.742737880586,127.07398674562111,1.1684701542917597,0.06634845803652166
a3p05,fthigh_actuator_gain,0.2,fthigh_actuator_gain_0p2,5,1832.1705509520361,129.9900466160694,1862.4233037628965,99.80489064422986,1850.9493793205293,112.16354722702118,1.1261346154177754,0.0721609451390208
a3p05,fthigh_actuator_gain,0.3,fthigh_actuator_gain_0p3,5,1761.5904629844867,205.3069353026169,1725.663303015403,242.71996121400667,1754.440397064483,210.96103497365075,1.0825424162988058,0.12173796329511548
a3p05,fthigh_actuator_gain,0.4,fthigh_actuator_gain_0p4,5,1699.136751202953,335.1850728424489,1703.7426266312984,337.6156428226936,1699.7184316266,340.49233820525205,1.0427610952218362,0.19940030348008855
a3p05,fthigh_actuator_gain,0.5,fthigh_actuator_gain_0p5,5,1629.1420173928989,421.5051587690957,1638.940662499379,406.61240886575825,1636.433022717886,414.9509064217455,0.9994919058899775,0.25583680596453234
a3p05,fthigh_actuator_gain,0.6,fthigh_actuator_gain_0p6,5,1420.8311878590878,635.5231556973041,1429.6584135233927,658.3764608898671,1426.4243535967976,657.9963254983807,0.8724267819146396,0.38708221270159743
a3p05,fthigh_actuator_gain,0.7,fthigh_actuator_gain_0p7,5,928.8879897489893,524.4404237548715,1041.3934962936291,760.8509202691218,1005.606073314201,717.5931082800096,0.5717137142760316,0.324403354655238
a3p05,fthigh_actuator_gain,0.8,fthigh_actuator_gain_0p8,5,275.8926488204753,92.9949674886826,208.41597915943652,55.14274294431348,206.96429297702326,55.67946039829581,0.16901303487704833,0.05434793491184904
a3p05,fthigh_actuator_gain,0.9,fthigh_actuator_gain_0p9,5,76.62639368047367,25.633497871666737,78.29922589605675,29.712980356337475,78.6303485569942,27.578228708792555,0.04697461568233029,0.015060735126349319
a3p05,fthigh_actuator_gain,1.0,fthigh_actuator_gain_1,5,0.0,0.0,0.0,0.0,0.0,0.0,0.0,0.0
a3p05,fthigh_actuator_gain,1.1,fthigh_actuator_gain_1p1,5,-2.474082379023548,56.45852900043564,2.421954466512125,59.97128671073738,-0.8397578881033496,58.760164472776395,-0.0014173697275435687,0.034344201415926714
a3p05,fthigh_actuator_gain,1.3,fthigh_actuator_gain_1p3,5,52.536671211118346,101.84837635864547,53.82923098857009,102.35565607875462,52.70687733281015,99.88281613323561,0.032332476502843134,0.06328386165163183
a3p05,fthigh_actuator_gain,1.5,fthigh_actuator_gain_1p5,5,132.86882033413517,125.530729570084,112.19431789089431,115.05427013131705,117.90545623975454,116.75719251177439,0.08078476523155073,0.07687181258557588
a3p05,fthigh_actuator_gain,1.7,fthigh_actuator_gain_1p7,5,229.82612856233064,157.13515922567922,218.6124994166089,137.31522307137885,215.47757302719114,134.95861262144044,0.14044850367138656,0.09497930455396944
a3p05,fthigh_actuator_gain,2.0,fthigh_actuator_gain_2,5,581.9073359965607,329.35771002821264,408.0166637469289,183.7829570963609,517.6266356390797,324.7384042868073,0.3531013136386053,0.19422850462162178
a3p05,fthigh_damping,0.0,fthigh_damping_0,5,433.86935013516285,78.8942888290542,438.25283132965126,81.20198990294944,431.58121382241495,79.24385276735825,0.2660273972890881,0.04155566744440905
a3p05,fthigh_damping,0.1,fthigh_damping_0p1,5,370.44935658725467,76.1535658146525,373.8485491316474,80.28424247594607,374.6481703494299,79.62852533039057,0.22789806051466588,0.04622872049359638
a3p05,fthigh_damping,0.2,fthigh_damping_0p2,5,302.4355948139354,81.81307659034955,311.4826159517669,91.98767506457442,307.81431945865137,86.91379322236033,0.18560699344142612,0.048316112272565166
a3p05,fthigh_damping,0.3,fthigh_damping_0p3,5,257.52355287374337,94.54099215130626,253.0005651579198,100.45031433725504,257.4920651127097,104.5609421915238,0.15853343925966096,0.059329233154834994
a3p05,fthigh_damping,0.4,fthigh_damping_0p4,5,199.31468300437524,82.16669997937957,204.82954596692298,94.07466872483515,203.34242553361295,91.43583960464423,0.12278745499584758,0.051389942329483025
a3p05,fthigh_damping,0.5,fthigh_damping_0p5,5,137.85775362709228,66.00579002641095,143.98124011664368,79.18937160719086,139.62304148772833,74.93443049878113,0.08508360669031703,0.04107336626324724
a3p05,fthigh_damping,0.6,fthigh_damping_0p6,5,74.29840187664122,75.20306791485608,79.20666265110667,88.96356979056866,77.92505956095897,86.0400824003034,0.04620435136300845,0.04649970401940555
a3p05,fthigh_damping,0.7,fthigh_damping_0p7,5,47.753011691039504,85.42167251079985,57.81841113960131,97.01705702998841,55.70310743216733,94.22042398405571,0.029985295198537754,0.05258835765519694
a3p05,fthigh_damping,0.8,fthigh_damping_0p8,5,31.69021332348857,84.59690581663384,41.78281029599784,96.08636024728577,37.76543233760376,93.5681886310969,0.020202125069375097,0.051742667632240995
a3p05,fthigh_damping,0.9,fthigh_damping_0p9,5,-2.72235541489149,39.53860001184326,3.0235781332428813,53.14349081691898,1.0818323150602283,47.638871925953865,-0.0015479468139623185,0.023875976337486317
a3p05,fthigh_damping,1.0,fthigh_damping_1,5,0.0,0.0,0.0,0.0,0.0,0.0,0.0,0.0
a3p05,fthigh_damping,1.1,fthigh_damping_1p1,5,34.78031692975064,22.838261804708882,43.3023155183741,19.634491158679108,39.54716460367158,18.37699630229617,0.021087205261723592,0.01350240510574152
a3p05,fthigh_damping,1.3,fthigh_damping_1p3,5,158.65219684590738,76.57021985321961,167.52110637354022,73.8417717854634,165.45730286469023,73.39166387809595,0.09622316634283798,0.044643412711713015
a3p05,fthigh_damping,1.5,fthigh_damping_1p5,5,313.0363239291979,120.88297107825431,324.84884311750386,128.38492559599445,322.245743591828,125.41230260645789,0.1910978895977161,0.07251562252638334
a3p05,fthigh_damping,1.7,fthigh_damping_1p7,5,434.00766222603596,144.48083726819365,452.79551597356385,157.7628755767133,447.4919519898717,152.704223725678,0.2651956073101923,0.08590444715711527
a3p05,fthigh_damping,2.0,fthigh_damping_2,5,569.6587126676728,180.12779823645943,589.086254320107,190.80549679559675,586.6237993545035,187.6483876793808,0.34783677404036906,0.10489864950855382
a3p05,fthigh_friction,0.0,fthigh_friction_0,5,0.0,0.0,0.0,0.0,0.0,0.0,0.0,0.0
a3p05,fthigh_friction,0.1,fthigh_friction_0p1,5,0.0,0.0,0.0,0.0,0.0,0.0,0.0,0.0
a3p05,fthigh_friction,0.2,fthigh_friction_0p2,5,0.0,0.0,0.0,0.0,0.0,0.0,0.0,0.0
a3p05,fthigh_friction,0.3,fthigh_friction_0p3,5,0.0,0.0,0.0,0.0,0.0,0.0,0.0,0.0
a3p05,fthigh_friction,0.4,fthigh_friction_0p4,5,0.0,0.0,0.0,0.0,0.0,0.0,0.0,0.0
a3p05,fthigh_friction,0.5,fthigh_friction_0p5,5,0.0,0.0,0.0,0.0,0.0,0.0,0.0,0.0
a3p05,fthigh_friction,0.6,fthigh_friction_0p6,5,0.0,0.0,0.0,0.0,0.0,0.0,0.0,0.0
a3p05,fthigh_friction,0.7,fthigh_friction_0p7,5,1.198847732887134,2.349741556458783,3.2772698761695667,6.42344895729235,2.9596000326994725,5.800816064090966,0.0007250778485368462,0.0014211525831322185
a3p05,fthigh_friction,0.8,fthigh_friction_0p8,5,-2.900152968402426,16.15651208769066,1.5012117301429044,13.683427087035087,0.16249284557593455,14.145895990123655,-0.0021660843545637655,0.010120833652907203
a3p05,fthigh_friction,0.9,fthigh_friction_0p9,5,1.8543648815856613,8.557804097895291,2.0401752867203866,9.933342280092155,1.9582050205826818,9.561257499504556,0.0009601593838715649,0.005128382871070938
a3p05,fthigh_friction,1.0,fthigh_friction_1,5,0.0,0.0,0.0,0.0,0.0,0.0,0.0,0.0
a3p05,fthigh_friction,1.1,fthigh_friction_1p1,5,0.0,0.0,0.0,0.0,0.0,0.0,0.0,0.0
a3p05,fthigh_friction,1.3,fthigh_friction_1p3,5,0.0,0.0,0.0,0.0,0.0,0.0,0.0,0.0
a3p05,fthigh_friction,1.5,fthigh_friction_1p5,5,0.0,0.0,0.0,0.0,0.0,0.0,0.0,0.0
a3p05,fthigh_friction,1.7,fthigh_friction_1p7,5,0.0,0.0,0.0,0.0,0.0,0.0,0.0,0.0
a3p05,fthigh_friction,2.0,fthigh_friction_2,5,0.0,0.0,0.0,0.0,0.0,0.0,0.0,0.0
a3p05,gear,0.0,gear_0,5,1917.1766803632822,60.7758234714544,1928.8566046690698,67.33358310943062,1925.931601788255,64.63786841309802,1.181960827389494,0.04745525860051393
a3p05,gear,0.1,gear_0p1,5,1910.0062298834794,54.628642976086375,1921.7104223227147,64.21294394318844,1918.8056712751918,60.77999032260065,1.1776097665219778,0.046373485658570586
a3p05,gear,0.2,gear_0p2,5,1892.4150785398865,58.55396681812887,1904.0940360812867,60.394681723495275,1901.2015929410031,58.539364541286666,1.1664040750966405,0.03859739102378712
a3p05,gear,0.3,gear_0p3,5,1881.100097149473,71.60968832868528,1892.7422404176973,66.93489227351776,1889.857421794953,66.7615969152025,1.1590650603961694,0.03641919097348281
a3p05,gear,0.4,gear_0p4,5,1869.1921110831577,84.19727080958477,1881.1742859445826,74.48415748852388,1878.6347852746876,75.21060611450552,1.1514755343755199,0.03950407797194209
a3p05,gear,0.5,gear_0p5,5,1725.2895015843176,273.1187447180317,1651.3669337325034,346.7343942710735,1696.2145671033243,308.0698243048815,1.0603597047560172,0.15323246670375756
a3p05,gear,0.6,gear_0p6,5,1594.4849833367643,273.1954011699183,1577.9662083319647,284.7223473177261,1580.0396071847877,284.17526883696615,0.982690968106691,0.17102548243970273
a3p05,gear,0.7,gear_0p7,5,1561.782503394154,361.9422488157283,1725.6777089041357,377.6871854630506,1657.7835438889422,367.84320090408016,0.9557573102996073,0.1981444637589347
a3p05,gear,0.8,gear_0p8,5,638.2735404467387,179.78984746048815,561.6554867813026,114.59318819115661,559.705180822022,109.43286292958824,0.3898275855873319,0.09917948311326963
a3p05,gear,0.9,gear_0p9,5,247.7384354493844,64.51951170426993,259.029424067976,72.00624328408956,255.3278659433604,68.02959866858899,0.15131569648899568,0.03557003709436835
a3p05,gear,1.0,gear_1,5,0.0,0.0,0.0,0.0,0.0,0.0,0.0,0.0
a3p05,gear,1.1,gear_1p1,5,-53.32448953878411,25.334672466482473,-46.98025258974976,30.00903657351068,-47.532090762880486,28.32570079349296,-0.03295176756936634,0.01555943638938709
a3p05,gear,1.3,gear_1p3,5,101.30941544067977,116.07211893679153,112.59138323154335,123.22372090983951,110.97015508690166,122.21153151518357,0.062237655330524055,0.07324111588688693
a3p05,gear,1.5,gear_1p5,5,317.25295728159864,316.00628033675616,298.4020523326054,268.2040762216175,294.66436605889834,275.6321206016305,0.1942726431635337,0.19536206588770047
a3p05,gear,1.7,gear_1p7,5,689.1954565210393,385.9522120090641,570.8659362743147,406.6405724308784,605.255567964538,386.30355464812703,0.4231336200723466,0.23840080750800707
a3p05,gear,2.0,gear_2,5,1072.1829328887559,443.6724541055683,982.3318527401519,514.8606286920028,1022.9464939469821,478.6150886615009,0.6578699319383426,0.27556146291127365
a3p05,gravity,0.0,gravity_0,5,-359.051206093033,73.34660848125878,-341.8779276274941,83.53211219067879,-347.2129411274165,91.31366416096803,-0.29360131503829195,0.09590490251435467
a3p05,gravity,0.1,gravity_0p1,5,-332.0596499272792,83.27094011394199,-307.90214742921853,78.22852674636921,-315.8891893337211,92.10577608176278,-0.27290855861486774,0.10274170489748015
a3p05,gravity,0.2,gravity_0p2,5,-299.6899259742026,63.86665259929617,-279.86963648416406,65.03937769114472,-288.45231009302574,81.83998858153248,-0.24547940688857026,0.08262672206085712
a3p05,gravity,0.3,gravity_0p3,5,-276.25764763282564,80.09393017356199,-247.32803816456044,64.36669219769863,-257.2478836332519,80.2162838067081,-0.2281428689063974,0.09502362279119843
a3p05,gravity,0.4,gravity_0p4,5,-235.80768203963171,64.56530951046929,-210.7680407703778,67.12397715029222,-220.57222225012273,78.50793368703422,-0.1945518713027981,0.07738704593887401
a3p05,gravity,0.5,gravity_0p5,5,-212.02910284865388,66.14390029681526,-189.27461970835475,62.46972521732093,-196.63604430797676,70.36368724100655,-0.1756682166644729,0.07640412321439909
a3p05,gravity,0.6,gravity_0p6,5,-183.64496675958117,63.85487610908907,-157.81898456579341,50.731966103216735,-164.14523530949054,62.92884716244722,-0.15272782287234699,0.07213728880727101
a3p05,gravity,0.7,gravity_0p7,5,-117.62370070368425,31.20781821359783,-90.25256592207862,9.506825318809035,-99.27164895416631,9.0004570149407,-0.09560109599323958,0.032143185666815774
a3p05,gravity,0.8,gravity_0p8,5,-88.29776135515385,35.224205334631435,-65.82572468748121,17.220575864652506,-73.59263535327023,28.09635886383555,-0.07316181709822038,0.035330832915605896
a3p05,gravity,0.9,gravity_0p9,5,-60.87210169404261,38.25783563621382,-51.46634517766297,35.74869454355811,-50.644578754676786,26.227661202844867,-0.05089676971462185,0.03482642458532724
a3p05,gravity,1.0,gravity_1,5,0.0,0.0,0.0,0.0,0.0,0.0,0.0,0.0
a3p05,gravity,1.1,gravity_1p1,5,45.66743901508899,39.67220929662369,28.349424876968943,6.4991451602193795,25.694561188540185,11.028128989934451,0.03442854673735921,0.027433524564778614
a3p05,gravity,1.3,gravity_1p3,5,184.48776504256458,75.60186897219239,124.6972496668432,44.51409802496718,111.75472203269109,16.959417494600395,0.14888307908208603,0.06192069650666432
a3p05,gravity,1.5,gravity_1p5,5,366.14808317297627,183.30777716252464,248.9670526487183,143.03721731634516,277.88780515736966,137.41992973432923,0.3074479482445282,0.1828765408401
a3p05,gravity,1.7,gravity_1p7,5,499.7610474302581,204.0928253965853,450.37395699782553,271.63519962351126,443.31170024989314,266.22832228651026,0.4122677299533021,0.19766361589902762
a3p05,gravity,2.0,gravity_2,5,662.4068887762244,238.84102951246786,697.2388943872609,489.1101373749147,627.5802316435922,354.64690183113544,0.5459600928426969,0.24110722436465715
a3p10,bfoot_actuator_gain,0.0,bfoot_actuator_gain_0,5,221.47357118575414,57.40025464256856,177.42878012582622,13.130782980029013,177.24012708747773,11.682471821909223,0.14146116751307705,0.04092584193190803
a3p10,bfoot_actuator_gain,0.1,bfoot_actuator_gain_0p1,5,181.3405258085059,69.57913992927963,144.5091810353826,14.428378254062237,146.16925179818153,9.280628898960819,0.11641434013511369,0.04989732383195131
a3p10,bfoot_actuator_gain,0.2,bfoot_actuator_gain_0p2,5,129.34228554883583,17.805754893986965,127.91512562858566,19.38153134710534,129.31069982184573,18.82249758820767,0.08221226380646698,0.01331637411898544
a3p10,bfoot_actuator_gain,0.3,bfoot_actuator_gain_0p3,5,107.83731402475564,13.79949302752212,109.39391580469605,12.093045009086278,107.79777237508992,13.887014836023093,0.06849316788887819,0.01032297202111553
a3p10,bfoot_actuator_gain,0.4,bfoot_actuator_gain_0p4,5,84.2285652834345,21.647738281842887,88.64059250977706,18.823209327317123,87.92028120485489,21.08466485403758,0.05356958017854182,0.014482211645977334
a3p10,bfoot_actuator_gain,0.5,bfoot_actuator_gain_0p5,5,68.79366900838814,29.62251789813591,71.75937141153645,28.749922868870307,70.51129736764884,27.24416365394507,0.04389937520369756,0.019338425912036675
a3p10,bfoot_actuator_gain,0.6,bfoot_actuator_gain_0p6,5,63.68317861636588,31.04019376514219,50.95687526563752,22.399880184404513,50.36918686800641,20.945789797121694,0.040715658967398045,0.020447549556662194
a3p10,bfoot_actuator_gain,0.7,bfoot_actuator_gain_0p7,5,32.25439102165806,13.592435359592525,34.2793368513047,13.229718842524006,35.10337782585407,11.84302270207663,0.0204858810507573,0.008782734259456108
a3p10,bfoot_actuator_gain,0.8,bfoot_actuator_gain_0p8,5,35.46921298189591,34.409984623057575,23.005865557849393,9.02333018994802,21.246034742673647,9.344912159060152,0.02284288377423841,0.022367183177582774
a3p10,bfoot_actuator_gain,0.9,bfoot_actuator_gain_0p9,5,8.19669227806953,7.092069036620126,13.528256425938888,8.873459573810594,11.376073136080958,8.64680495729985,0.00534362770835627,0.0047985843506736835
a3p10,bfoot_actuator_gain,1.0,bfoot_actuator_gain_1,5,0.0,0.0,0.0,0.0,0.0,0.0,0.0,0.0
a3p10,bfoot_actuator_gain,1.1,bfoot_actuator_gain_1p1,5,18.94908787230802,37.305347651917984,1.1029485997598385,6.2429241046428485,3.0839876599498437,5.696442633979132,0.012125794758907916,0.024253995577316185
a3p10,bfoot_actuator_gain,1.3,bfoot_actuator_gain_1p3,5,9.604098096977896,29.17384001449892,12.621363229094413,26.489837635476228,10.392962637624397,25.315272212882036,0.0056030019703789385,0.01880124640037034
a3p10,bfoot_actuator_gain,1.5,bfoot_actuator_gain_1p5,5,28.658153736789654,41.55567850522523,12.66263298607537,22.143385551215978,12.943754176871607,22.597480725678945,0.01792337733514456,0.02702790227816133
a3p10,bfoot_actuator_gain,1.7,bfoot_actuator_gain_1p7,5,31.458635397020135,35.309868304520656,39.60439240227797,32.574476905553716,34.80759071609523,30.884679107726654,0.019402450200736256,0.022578832887477997
a3p10,bfoot_actuator_gain,2.0,bfoot_actuator_gain_2,5,46.59446654068984,41.758210032765945,51.5567837514714,40.15489443186839,45.57627506295548,37.70633224300109,0.028944956561736634,0.026532464846447383
a3p10,bfoot_damping,0.0,bfoot_damping_0,5,150.88160834076385,157.69133476662924,106.85959495661578,91.7345734503894,105.30403822484314,91.98975643170408,0.0969701068182437,0.10223059501879214
a3p10,bfoot_damping,0.1,bfoot_damping_0p1,5,103.2384689543896,101.76994717916638,88.30446705665335,94.2515986705589,87.7320051656624,87.24989522309043,0.06599516431057587,0.06531342362423513
a3p10,bfoot_damping,0.2,bfoot_damping_0p2,5,82.8036487078106,82.89162853092482,62.886947189576134,63.02171887056898,64.87487846374452,60.79294918798482,0.053244879184946484,0.053408607596123106
a3p10,bfoot_damping,0.3,bfoot_damping_0p3,5,58.86532073023655,58.79272862652679,44.98670196425046,53.8364492391398,51.67260038537747,56.80026484322321,0.03773402811573834,0.037352278485943906
a3p10,bfoot_damping,0.4,bfoot_damping_0p4,5,43.628782172072945,41.63193871472844,40.56527124781601,44.824045431995984,39.579775343346455,40.287381016563074,0.027948932691361054,0.026393140042484317
a3p10,bfoot_damping,0.5,bfoot_damping_0p5,5,22.596336706474904,39.400373285364644,16.026317657183153,40.46146393707566,18.17212388641992,38.83646263981438,0.014246871489557994,0.024971578853866232
a3p10,bfoot_damping,0.6,bfoot_damping_0p6,5,12.80128704415929,35.52332924335323,12.826823864809375,33.56213222537234,12.426236000623158,33.456953264965186,0.008071418554555013,0.022496479562995986
a3p10,bfoot_damping,0.7,bfoot_damping_0p7,5,21.075699374518127,40.60299065782807,0.7978820041128529,18.221842490081073,1.8624265052239934,16.9392369870744,0.013459807650967237,0.02641107861033772
a3p10,bfoot_damping,0.8,bfoot_damping_0p8,5,17.704714287631397,28.89650629951875,4.85075647648473,24.31995421102638,9.100917180493662,18.839604363605485,0.01100245908270577,0.018349379752938166
a3p10,bfoot_damping,0.9,bfoot_damping_0p9,5,37.78011825012527,70.56900807976899,2.2916851333801787,11.8492559543902,3.3593726926848375,10.14590971865636,0.024507296970605323,0.04577441164261366
a3p10,bfoot_damping,1.0,bfoot_damping_1,5,0.0,0.0,0.0,0.0,0.0,0.0,0.0,0.0
a3p10,bfoot_damping,1.1,bfoot_damping_1p1,5,-1.6730639947042618,11.88539229087814,-3.175639319030779,13.304223694056857,-1.999611714881803,12.220133308948395,-0.0008335096656351765,0.00747095843562017
a3p10,bfoot_damping,1.3,bfoot_damping_1p3,5,34.92986231002342,36.59930985388847,9.32740013905386,17.079397884181322,13.297268979942055,14.564546877276207,0.02252833407352903,0.023770369248354108
a3p10,bfoot_damping,1.5,bfoot_damping_1p5,5,48.294844073518014,38.44107713409616,29.368663277428958,19.323788076027608,28.930980805584067,18.88583510016997,0.031268242653114356,0.025204275975566418
a3p10,bfoot_damping,1.7,bfoot_damping_1p7,5,61.74247062107734,34.473100628534795,41.42280391743375,18.771158454967974,42.17448784936373,17.446278510404383,0.03958517930230661,0.022671774981479428
a3p10,bfoot_damping,2.0,bfoot_damping_2,5,86.71312954727141,76.213628142198,47.54425568687871,26.559319782264357,50.479495884856625,25.233224070630616,0.055839285355526846,0.049662332223978686
a3p10,bfoot_friction,0.0,bfoot_friction_0,5,0.0,0.0,0.0,0.0,0.0,0.0,0.0,0.0
a3p10,bfoot_friction,0.1,bfoot_friction_0p1,5,0.0,0.0,0.0,0.0,0.0,0.0,0.0,0.0
a3p10,bfoot_friction,0.2,bfoot_friction_0p2,5,0.0,0.0,0.0,0.0,0.0,0.0,0.0,0.0
a3p10,bfoot_friction,0.3,bfoot_friction_0p3,5,0.0,0.0,0.0,0.0,0.0,0.0,0.0,0.0
a3p10,bfoot_friction,0.4,bfoot_friction_0p4,5,0.0,0.0,0.0,0.0,0.0,0.0,0.0,0.0
a3p10,bfoot_friction,0.5,bfoot_friction_0p5,5,0.0,0.0,0.0,0.0,0.0,0.0,0.0,0.0
a3p10,bfoot_friction,0.6,bfoot_friction_0p6,5,0.0,0.0,0.0,0.0,0.0,0.0,0.0,0.0
a3p10,bfoot_friction,0.7,bfoot_friction_0p7,5,-0.759013342174012,1.4876661506610633,-0.6092466117014282,1.1941233589347993,-1.2027620222191218,2.357413563549479,-0.00045758207622779745,0.0008968608694064829
a3p10,bfoot_friction,0.8,bfoot_friction_0p8,5,-1.3877511875870367,5.805127719921694,-6.476148955274539,6.50936904669533,-4.69863603560907,5.595583661302751,-0.0007606428463301322,0.0037186878410411066
a3p10,bfoot_friction,0.9,bfoot_friction_0p9,5,-0.6300074554994808,5.692228005631692,-5.998283757100171,6.7993839620403165,-3.9861254742738312,5.3993151765178045,-0.0003038647921955372,0.003645569277510006
a3p10,bfoot_friction,1.0,bfoot_friction_1,5,0.0,0.0,0.0,0.0,0.0,0.0,0.0,0.0
a3p10,bfoot_friction,1.1,bfoot_friction_1p1,5,0.0,0.0,0.0,0.0,0.0,0.0,0.0,0.0
a3p10,bfoot_friction,1.3,bfoot_friction_1p3,5,0.0,0.0,0.0,0.0,0.0,0.0,0.0,0.0
a3p10,bfoot_friction,1.5,bfoot_friction_1p5,5,0.0,0.0,0.0,0.0,0.0,0.0,0.0,0.0
a3p10,bfoot_friction,1.7,bfoot_friction_1p7,5,0.0,0.0,0.0,0.0,0.0,0.0,0.0,0.0
a3p10,bfoot_friction,2.0,bfoot_friction_2,5,0.0,0.0,0.0,0.0,0.0,0.0,0.0,0.0
a3p10,bshin_actuator_gain,0.0,bshin_actuator_gain_0,5,1860.8506582394336,144.3932570641939,1891.310940030136,96.6372425483575,1889.4071081296013,99.67228448200707,1.1785379643272018,0.09253417625795476
a3p10,bshin_actuator_gain,0.1,bshin_actuator_gain_0p1,5,1788.8862919747567,132.9416240655169,1826.314620853759,99.25685891397055,1826.9238057036812,97.59190563876834,1.134147407586247,0.10025515868523674
a3p10,bshin_actuator_gain,0.2,bshin_actuator_gain_0p2,5,1551.33863191307,208.02223785382168,1596.5910289764947,225.565392602197,1533.8267966090634,211.19035748611103,0.9856089638186664,0.15783164555855325
a3p10,bshin_actuator_gain,0.3,bshin_actuator_gain_0p3,5,1389.1721066903797,266.74448451760236,1365.7546919553658,277.054100131658,1372.1719230929743,275.52737765890333,0.8853563725867831,0.20181435047283072
a3p10,bshin_actuator_gain,0.4,bshin_actuator_gain_0p4,5,1145.9891624103386,213.52788368165335,1124.7449550522783,414.81079278425284,1146.2886602577914,334.65163922267715,0.7307715358729497,0.16330457444980742
a3p10,bshin_actuator_gain,0.5,bshin_actuator_gain_0p5,5,835.7232203273064,176.49348353131847,725.5451224803236,179.05031747746472,776.8958873349482,169.66141190065903,0.5316156967196873,0.12351015454205554
a3p10,bshin_actuator_gain,0.6,bshin_actuator_gain_0p6,5,560.7796003572282,125.42028289793514,519.6401508623563,150.75976353255524,519.9519137909517,141.73532637177075,0.35576682245792335,0.08147117885571872
a3p10,bshin_actuator_gain,0.7,bshin_actuator_gain_0p7,5,368.1884689290399,95.24213833133436,332.98826696470877,79.23121192484867,335.2312097148375,77.26790244055175,0.23355937592176593,0.06231397665139135
a3p10,bshin_actuator_gain,0.8,bshin_actuator_gain_0p8,5,228.01641974874389,108.25223015981811,192.68707493372017,83.10415733504746,192.56554089172772,82.71387555900264,0.14502169541373017,0.07036875803999679
a3p10,bshin_actuator_gain,0.9,bshin_actuator_gain_0p9,5,110.43437012356567,61.78594793628286,90.5015910992494,53.77827474540005,92.30089118128357,52.649830848568435,0.07021759592023752,0.03987022056452156
a3p10,bshin_actuator_gain,1.0,bshin_actuator_gain_1,5,0.0,0.0,0.0,0.0,0.0,0.0,0.0,0.0
a3p10,bshin_actuator_gain,1.1,bshin_actuator_gain_1p1,5,14.686880725722313,46.41744554580594,-22.579486857347092,28.66163246252457,-25.039336654395036,26.130906343199857,0.009802986714039976,0.029974479626544676
a3p10,bshin_actuator_gain,1.3,bshin_actuator_gain_1p3,5,88.34418862245575,78.91079926571592,81.80138881944472,76.49467696405696,85.3277831795192,80.6346748193267,0.05647583373079622,0.049947013427939425
a3p10,bshin_actuator_gain,1.5,bshin_actuator_gain_1p5,5,237.4087159207708,229.82872771933378,227.15469169439652,219.81061134258562,226.4255925065791,218.90658766803512,0.15179718090808375,0.1468221379603108
a3p10,bshin_actuator_gain,1.7,bshin_actuator_gain_1p7,5,320.0995298340671,323.98661771088456,325.3962416005869,322.1362749332391,323.31292594349054,324.1148294086174,0.2039102105871496,0.2072220842021668
a3p10,bshin_actuator_gain,2.0,bshin_actuator_gain_2,5,466.9931590638711,432.3368349898186,449.9514003361066,440.9282741367712,453.8196481535968,440.729970409289,0.2969166761818854,0.277576145790077
a3p10,bshin_damping,0.0,bshin_damping_0,5,995.5927810354402,104.5998899171226,1002.5166004738734,102.90887771215826,997.0951909041256,106.53395112789205,0.6303794012282216,0.06461791461132542
a3p10,bshin_damping,0.1,bshin_damping_0p1,5,885.7089784833457,148.77344789009723,885.2487203514414,148.64373729877514,884.283329392405,153.82506523058152,0.5593671122582194,0.08435117120577239
a3p10,bshin_damping,0.2,bshin_damping_0p2,5,774.852232608546,118.48012361264267,748.9077193027124,164.41933402578437,752.3036820606101,164.49819677459757,0.4898557115515594,0.0699142516230133
a3p10,bshin_damping,0.3,bshin_damping_0p3,5,648.1141486027606,137.65597673834654,622.5414491778081,191.8494858422653,620.1227574267695,184.8209978430497,0.41014577872753744,0.08713901665275117
a3p10,bshin_damping,0.4,bshin_damping_0p4,5,516.9975460695532,113.95716474180318,476.29184382371216,187.32840852666538,474.83818696966944,185.39805561351966,0.3282952481499761,0.07704388798434986
a3p10,bshin_damping,0.5,bshin_damping_0p5,5,370.89127128481493,137.3509234624006,356.42028255354387,171.93854355656467,358.24707299426956,167.74041036716366,0.23530301795397515,0.08974621067686611
a3p10,bshin_damping,0.6,bshin_damping_0p6,5,239.740047998953,84.28466607694233,185.93648789267627,151.3229189048375,184.27343995541145,150.29171759515077,0.15278551600743986,0.05740285530356179
a3p10,bshin_damping,0.7,bshin_damping_0p7,5,131.8665980920588,102.78064478709514,89.45193811705795,140.5744732682995,92.24057445131966,137.77984648555793,0.0845078276278238,0.06830533093542837
a3p10,bshin_damping,0.8,bshin_damping_0p8,5,47.91367131743395,72.58874974016277,28.033724783510205,95.93367217952115,26.45554501564693,96.17547206487873,0.031071430779608177,0.04820850278383677
a3p10,bshin_damping,0.9,bshin_damping_0p9,5,1.109228877169744,31.941216139139804,1.1664967807317226,33.07236849291086,0.06651942310636513,33.69871970708036,0.0009960394805862184,0.02104770425436395
a3p10,bshin_damping,1.0,bshin_damping_1,5,0.0,0.0,0.0,0.0,0.0,0.0,0.0,0.0
a3p10,bshin_damping,1.1,bshin_damping_1p1,5,52.922472550873316,26.377876359718922,47.54966430499353,26.11155493749244,48.693450660752795,23.77113723999974,0.033298259692405456,0.016420024938863406
a3p10,bshin_damping,1.3,bshin_damping_1p3,5,242.07056347597458,70.59866984064617,192.44668813054165,31.69192709091115,192.6918918933362,31.342689342781917,0.1536513805661327,0.04689364525972879
a3p10,bshin_damping,1.5,bshin_damping_1p5,5,375.5070772936773,53.2487008244607,358.9310392872983,75.83143321042849,359.4635179340424,72.30397056903891,0.2367786425671365,0.025310646526135367
a3p10,bshin_damping,1.7,bshin_damping_1p7,5,593.2351398225109,100.94544908190773,549.4876917443042,147.72893657906698,551.3260206303536,146.83223225309354,0.3738120556036978,0.05095521549445897
a3p10,bshin_damping,2.0,bshin_damping_2,5,865.8535732221477,242.60119457028392,858.3762636721092,267.61658220129453,859.6724663046916,265.44532836782054,0.5438821518106483,0.1360900194178206
a3p10,bshin_friction,0.0,bshin_friction_0,5,-1.9472142588146197,3.8165399472766537,-2.7007161663854276,5.293403686115438,-2.1883172127311354,4.289101736953025,-0.0011945953601450387,0.0023414069058842754
a3p10,bshin_friction,0.1,bshin_friction_0p1,5,-1.1894705267270638,4.428894326688024,-2.22285096821106,5.669660833364258,-1.4758066513958965,5.385594501019221,-0.0007388618262638029,0.0027072683177266237
a3p10,bshin_friction,0.2,bshin_friction_0p2,5,-0.559463071227583,4.128077249554075,3.7754327888891113,5.825543309121798,2.5103188228779345,4.844154762984584,-0.00044182901778062905,0.002722194739197174
a3p10,bshin_friction,0.3,bshin_friction_0p3,5,-0.559463071227583,4.128077249554075,3.7754327888891113,5.825543309121798,2.5103188228779345,4.844154762984584,-0.00044182901778062905,0.002722194739197174
a3p10,bshin_friction,0.4,bshin_friction_0p4,5,-0.559463071227583,4.128077249554075,3.7754327888891113,5.825543309121798,2.5103188228779345,4.844154762984584,-0.00044182901778062905,0.002722194739197174
a3p10,bshin_friction,0.5,bshin_friction_0p5,5,-0.559463071227583,4.128077249554075,3.7754327888891113,5.825543309121798,2.5103188228779345,4.844154762984584,-0.00044182901778062905,0.002722194739197174
a3p10,bshin_friction,0.6,bshin_friction_0p6,5,-0.559463071227583,4.128077249554075,3.7754327888891113,5.825543309121798,2.5103188228779345,4.844154762984584,-0.00044182901778062905,0.002722194739197174
a3p10,bshin_friction,0.7,bshin_friction_0p7,5,-0.559463071227583,4.128077249554075,3.7754327888891113,5.825543309121798,2.5103188228779345,4.844154762984584,-0.00044182901778062905,0.002722194739197174
a3p10,bshin_friction,0.8,bshin_friction_0p8,5,-0.559463071227583,4.128077249554075,3.7754327888891113,5.825543309121798,2.5103188228779345,4.844154762984584,-0.00044182901778062905,0.002722194739197174
a3p10,bshin_friction,0.9,bshin_friction_0p9,5,0.7577437320875561,1.4882902099276336,0.47786519817436784,1.2829608909671952,0.7125105613352389,2.759225387491763,0.00045573353388123577,0.0008952088888302256
a3p10,bshin_friction,1.0,bshin_friction_1,5,0.0,0.0,0.0,0.0,0.0,0.0,0.0,0.0
a3p10,bshin_friction,1.1,bshin_friction_1p1,5,-1.9472142588146197,3.8165399472766537,-2.7007161663854276,5.293403686115438,-2.1883172127311354,4.289101736953025,-0.0011945953601450387,0.0023414069058842754
a3p10,bshin_friction,1.3,bshin_friction_1p3,5,-0.559463071227583,4.128077249554075,3.7754327888891113,5.825543309121798,2.5103188228779345,4.844154762984584,-0.00044182901778062905,0.002722194739197174
a3p10,bshin_friction,1.5,bshin_friction_1p5,5,-0.559463071227583,4.128077249554075,3.7754327888891113,5.825543309121798,2.5103188228779345,4.844154762984584,-0.00044182901778062905,0.002722194739197174
a3p10,bshin_friction,1.7,bshin_friction_1p7,5,-0.559463071227583,4.128077249554075,3.7754327888891113,5.825543309121798,2.5103188228779345,4.844154762984584,-0.00044182901778062905,0.002722194739197174
a3p10,bshin_friction,2.0,bshin_friction_2,5,-0.559463071227583,4.128077249554075,3.7754327888891113,5.825543309121798,2.5103188228779345,4.844154762984584,-0.00044182901778062905,0.002722194739197174
a3p10,bthigh_actuator_gain,0.0,bthigh_actuator_gain_0,5,1229.5597772424114,447.53541753930983,1170.4923702862209,492.16522722140445,1180.252241683906,501.2310983941277,0.7757076686752745,0.2751719445139065
a3p10,bthigh_actuator_gain,0.1,bthigh_actuator_gain_0p1,5,1103.7676248711764,475.7412467506436,1090.062597204761,499.50413615944984,1087.9570865184326,496.1540550098342,0.6959715648036418,0.29444881672574014
a3p10,bthigh_actuator_gain,0.2,bthigh_actuator_gain_0p2,5,941.4722002667725,408.80152925747257,926.8461133600097,426.75827385536104,929.6158477291589,422.3570900267878,0.5921791127328334,0.24894802657815954
a3p10,bthigh_actuator_gain,0.3,bthigh_actuator_gain_0p3,5,672.138554788821,264.7000362100585,647.3902996279656,282.961126126876,650.063936605452,280.6564269609713,0.4219706149698407,0.1558431574989092
a3p10,bthigh_actuator_gain,0.4,bthigh_actuator_gain_0p4,5,456.25131825231495,205.53707806902847,451.89684623130296,207.924881866772,453.08274245062984,206.942722400466,0.285457213150464,0.12055092931700821
a3p10,bthigh_actuator_gain,0.5,bthigh_actuator_gain_0p5,5,320.2771527850385,168.59106841995742,318.9809267947301,169.84992079117953,320.20454415294694,169.44707188066988,0.20044561351508286,0.100479888556032
a3p10,bthigh_actuator_gain,0.6,bthigh_actuator_gain_0p6,5,205.7801421106073,138.7313859930144,204.71079774013907,135.37545668532488,206.0562069119588,139.08963708897517,0.12879183325609497,0.0837644674427445
a3p10,bthigh_actuator_gain,0.7,bthigh_actuator_gain_0p7,5,182.6869889761553,122.00716045865639,132.9762588551542,103.58867652768438,132.56766365991606,105.54804858697848,0.11504130049710182,0.07674535198658894
a3p10,bthigh_actuator_gain,0.8,bthigh_actuator_gain_0p8,5,89.19810988221016,65.40165583252929,68.00750979275463,64.98071826714357,70.14083233626211,67.50758817248426,0.05588499895010658,0.04003710095207743
a3p10,bthigh_actuator_gain,0.9,bthigh_actuator_gain_0p9,5,45.101999697271864,37.66337572362483,26.45462629402018,29.133016488037146,27.024014857427574,30.99708644184877,0.028408229450067896,0.02378909567484379
a3p10,bthigh_actuator_gain,1.0,bthigh_actuator_gain_1,5,0.0,0.0,0.0,0.0,0.0,0.0,0.0,0.0
a3p10,bthigh_actuator_gain,1.1,bthigh_actuator_gain_1p1,5,18.034302815657156,23.281633835485867,9.05318327865316,24.88566305508533,10.645414254155321,24.439811321067914,0.011944248622391981,0.015139026150435725
a3p10,bthigh_actuator_gain,1.3,bthigh_actuator_gain_1p3,5,78.17134785430203,54.51594508704202,77.22760842700113,55.453474070457474,77.50270246985102,54.81522137976214,0.050702354322332964,0.03601898751416352
a3p10,bthigh_actuator_gain,1.5,bthigh_actuator_gain_1p5,5,235.4963430403604,66.31251930561544,198.8876952827502,75.51554945653412,201.6454011602644,73.92815020352664,0.1503364571825496,0.04560553869915633
a3p10,bthigh_actuator_gain,1.7,bthigh_actuator_gain_1p7,5,416.27463237160157,115.0264383580508,363.55904410264606,77.32965894863072,361.3742229357923,79.08761942830914,0.26605719182545706,0.08112644671065565
a3p10,bthigh_actuator_gain,2.0,bthigh_actuator_gain_2,5,661.4517204298065,136.92595315860433,592.2322140896592,154.71581424797705,594.4667726241332,141.0327850167797,0.42082610512060653,0.09431889199764029
a3p10,bthigh_damping,0.0,bthigh_damping_0,5,1818.9312361501238,897.8820322598347,1821.2477852367724,920.137916160608,1815.8916239537582,913.746457351686,1.1374029929707046,0.5280584054715558
a3p10,bthigh_damping,0.1,bthigh_damping_0p1,5,1314.9775139848534,472.4962915661852,1304.466833628729,462.8912610565015,1304.5531204858944,461.78409850044017,0.8256342880714508,0.2765697135859044
a3p10,bthigh_damping,0.2,bthigh_damping_0p2,5,902.9603995506961,211.10771375550343,897.8637542225221,208.94823923904997,898.2291348654184,206.62401013412997,0.5688867989396662,0.12273907156448283
a3p10,bthigh_damping,0.3,bthigh_damping_0p3,5,676.8284250541134,98.53319682221189,670.9755066772046,88.18094156570044,667.9151880337406,87.69937475686892,0.4274268354747391,0.05806416233535555
a3p10,bthigh_damping,0.4,bthigh_damping_0p4,5,467.8748960489631,65.94493617454306,462.1688820894552,69.3627622752198,466.5693623632442,68.1340156192214,0.29628413411809207,0.04367391656976201
a3p10,bthigh_damping,0.5,bthigh_damping_0p5,5,316.12217970444533,79.91076088632731,317.14750164072797,85.74645542167603,316.884344527797,85.33665689874306,0.20087676711379227,0.053601677855630483
a3p10,bthigh_damping,0.6,bthigh_damping_0p6,5,200.54208278208665,79.67239485919522,192.79882918896675,73.98457110365221,189.72562542358656,73.40756297255875,0.12834257966943194,0.053098049313955294
a3p10,bthigh_damping,0.7,bthigh_damping_0p7,5,132.26424289692986,108.48065824406947,99.66114485179864,64.35569615843129,100.4589938058903,65.19859101678675,0.08536592499524813,0.07055843550804333
a3p10,bthigh_damping,0.8,bthigh_damping_0p8,5,45.46188036829949,47.27740287764157,44.15498709154194,48.06852507444821,44.951373815154696,46.99428636241114,0.02968120821768381,0.030329223428483952
a3p10,bthigh_damping,0.9,bthigh_damping_0p9,5,36.22724004505771,42.63801203202539,13.850885023193905,28.503658553917337,15.53741137302195,24.765009898882504,0.023623802275279483,0.027539590711764327
a3p10,bthigh_damping,1.0,bthigh_damping_1,5,0.0,0.0,0.0,0.0,0.0,0.0,0.0,0.0
a3p10,bthigh_damping,1.1,bthigh_damping_1p1,5,10.154802734039686,19.007945623082904,9.209081871460649,20.834875135668504,9.72980939319732,20.021086495576025,0.00614295308725001,0.01166993026189219
a3p10,bthigh_damping,1.3,bthigh_damping_1p3,5,106.51639892948943,60.87299376152153,73.15210566599794,65.34122926058828,72.95510270386771,63.075637576473774,0.06718994800669809,0.03810317576377675
a3p10,bthigh_damping,1.5,bthigh_damping_1p5,5,163.84712540170455,86.55642185013606,129.5668377490675,96.40949370305225,127.84794484400159,96.9333852890701,0.10309654011941342,0.05287128924837634
a3p10,bthigh_damping,1.7,bthigh_damping_1p7,5,278.21551834086586,158.46678555504423,195.51239264456132,130.2466279683202,194.06587494350697,131.07230204773103,0.17601869311573257,0.1005047231791918
a3p10,bthigh_damping,2.0,bthigh_damping_2,5,304.5199425950324,188.84533215944202,286.6126714653493,196.72270794792476,286.5298077954549,198.16861592524995,0.19060547062476937,0.1132443901174436
a3p10,bthigh_friction,0.0,bthigh_friction_0,5,0.0,0.0,0.0,0.0,0.0,0.0,0.0,0.0
a3p10,bthigh_friction,0.1,bthigh_friction_0p1,5,-1.1882009166406078,4.429220743097573,-2.091469554683999,5.71021380295565,-0.9855551905120137,5.3860361792888884,-0.0007380578009383301,0.002707478364904523
a3p10,bthigh_friction,0.2,bthigh_friction_0p2,5,1.7009576072426171,3.3307672369486623,-0.08691046147446287,0.5517745202003971,0.7838194375414786,0.9889119488724963,0.001139834054969851,0.00223210541513709
a3p10,bthigh_friction,0.3,bthigh_friction_0p3,5,-0.6287378454130248,5.692363501994217,-5.866902343573111,6.914596432194037,-3.4958740133899484,5.816317924627603,-0.00030306077010233484,0.003645633980376562
a3p10,bthigh_friction,0.4,bthigh_friction_0p4,5,-1.57068211048163,4.3939794939233865,-5.170745270397219,7.527416569170448,-3.0769314287123053,6.469381456448743,-0.0009863572658654772,0.002686127183294656
a3p10,bthigh_friction,0.5,bthigh_friction_0p5,5,0.759013342174012,1.4876661506610633,0.6092466117014282,1.1941233589347993,1.2027620222191218,2.357413563549479,0.00045653755920670863,0.0008948136160451489
a3p10,bthigh_friction,0.6,bthigh_friction_0p6,5,0.759013342174012,1.4876661506610633,0.6092466117014282,1.1941233589347993,1.2027620222191218,2.357413563549479,0.00045653755920670863,0.0008948136160451489
a3p10,bthigh_friction,0.7,bthigh_friction_0p7,5,0.759013342174012,1.4876661506610633,0.6092466117014282,1.1941233589347993,1.2027620222191218,2.357413563549479,0.00045653755920670863,0.0008948136160451489
a3p10,bthigh_friction,0.8,bthigh_friction_0p8,5,0.759013342174012,1.4876661506610633,0.6092466117014282,1.1941233589347993,1.2027620222191218,2.357413563549479,0.00045653755920670863,0.0008948136160451489
a3p10,bthigh_friction,0.9,bthigh_friction_0p9,5,0.759013342174012,1.4876661506610633,0.6092466117014282,1.1941233589347993,1.2027620222191218,2.357413563549479,0.00045653755920670863,0.0008948136160451489
a3p10,bthigh_friction,1.0,bthigh_friction_1,5,0.0,0.0,0.0,0.0,0.0,0.0,0.0,0.0
a3p10,bthigh_friction,1.1,bthigh_friction_1p1,5,-1.1882009166406078,4.429220743097573,-2.091469554683999,5.71021380295565,-0.9855551905120137,5.3860361792888884,-0.0007380578009383301,0.002707478364904523
a3p10,bthigh_friction,1.3,bthigh_friction_1p3,5,1.7009576072426171,3.3307672369486623,-0.08691046147446287,0.5517745202003971,0.7838194375414786,0.9889119488724963,0.001139834054969851,0.00223210541513709
a3p10,bthigh_friction,1.5,bthigh_friction_1p5,5,-0.6287378454130248,5.692363501994217,-5.866902343573111,6.914596432194037,-3.4958740133899484,5.816317924627603,-0.00030306077010233484,0.003645633980376562
a3p10,bthigh_friction,1.7,bthigh_friction_1p7,5,-1.57068211048163,4.3939794939233865,-5.170745270397219,7.527416569170448,-3.0769314287123053,6.469381456448743,-0.0009863572658654772,0.002686127183294656
a3p10,bthigh_friction,2.0,bthigh_friction_2,5,0.759013342174012,1.4876661506610633,0.6092466117014282,1.1941233589347993,1.2027620222191218,2.357413563549479,0.00045653755920670863,0.0008948136160451489
a3p10,damping,0.0,damping_0,5,1762.0396712100041,202.8084004461335,1740.5260079882446,240.21588211782915,1755.445043630017,239.13791259961425,1.1189456668306301,0.1494760318018281
a3p10,damping,0.1,damping_0p1,5,1554.723912684532,278.34517256141095,1553.3078977668195,379.5758904484243,1555.7225911834296,350.9448642064387,0.9874906001469617,0.18767414024309054
a3p10,damping,0.2,damping_0p2,5,1240.3118421331935,328.50142981471566,1202.146190113639,333.9534987643357,1210.3347428272066,333.4037236218048,0.7892164015901608,0.21752408880169563
a3p10,damping,0.3,damping_0p3,5,1070.1545762891474,334.5139546177263,986.6404616514665,362.1114577752688,1011.0632329527427,354.60024675072856,0.6813759446703672,0.21998752651530465
a3p10,damping,0.4,damping_0p4,5,808.0189627818374,309.7688072467929,762.770246331063,300.9694666909755,766.9826604981197,302.76519637952487,0.5140620845392796,0.20088275301471856
a3p10,damping,0.5,damping_0p5,5,483.97579916674266,186.28478079513965,467.717485424245,193.20544777840223,471.8415326716469,192.40854517392907,0.30690870217794375,0.11849307109272413
a3p10,damping,0.6,damping_0p6,5,308.1739968919227,101.7197345693208,289.1034739363894,113.17675648967682,290.49457066576826,112.96196183307768,0.19561401596248668,0.06541295193790828
a3p10,damping,0.7,damping_0p7,5,164.86365563925196,72.47839023794278,162.75098022084268,78.62808022483568,164.93313789902055,76.99110859105188,0.10528903394672526,0.04779149686137773
a3p10,damping,0.8,damping_0p8,5,92.21976030210826,81.03554525292071,66.27060079734574,69.31088206649751,71.79060680289854,70.35601091820375,0.059766952308690245,0.05198388108830858
a3p10,damping,0.9,damping_0p9,5,62.80562702487573,94.0261891162566,25.565586539488002,48.77180172012832,27.823712282034148,48.56016826869296,0.041026722185036904,0.06059850494794854
a3p10,damping,1.0,damping_1,5,0.0,0.0,0.0,0.0,0.0,0.0,0.0,0.0
a3p10,damping,1.1,damping_1p1,5,125.16831076629123,77.78624534245432,91.94638747609784,37.216049949983194,91.75971450371085,36.99539659447023,0.07955370602824868,0.05055535367905856
a3p10,damping,1.3,damping_1p3,5,369.20271760473247,127.30202279106499,350.38710874992296,107.53112967317338,349.96601915464834,108.58322438671603,0.23424384415170918,0.08170083896798759
a3p10,damping,1.5,damping_1p5,5,691.7133980669659,185.66184817458495,670.2814215712311,178.18388792115346,671.1849728024645,178.29384468451855,0.43737699842522615,0.11643771228012625
a3p10,damping,1.7,damping_1p7,5,890.6062205833541,188.4013200329169,868.1975479909567,163.70238050053212,867.657297904728,163.81123859872858,0.56292151843362,0.11377257261593665
a3p10,damping,2.0,damping_2,5,1033.4688603488567,197.9917899521716,1021.3651253591739,182.57961510192212,1023.1029520478575,184.03417424145718,0.653455258341414,0.11881596163233163
a3p10,ffoot_actuator_gain,0.0,ffoot_actuator_gain_0,5,42.18449999795062,39.55197348999353,43.18017072664861,39.728280130386565,42.43582806724648,38.021616702990855,0.025833691685109007,0.02370235384363932
a3p10,ffoot_actuator_gain,0.1,ffoot_actuator_gain_0p1,5,27.640385237860073,32.83563552581087,22.05881760558673,33.95142437901761,23.68387569260176,33.95137281850921,0.016772770212941587,0.019858630844690806
a3p10,ffoot_actuator_gain,0.2,ffoot_actuator_gain_0p2,5,13.016094264859202,27.55008732005844,13.509779483328794,27.12200966667593,13.742682444682623,25.905134123530633,0.0076863416261393255,0.016728012010085093
a3p10,ffoot_actuator_gain,0.3,ffoot_actuator_gain_0p3,5,6.123605569274377,19.023020885057413,4.327514536469289,21.29111848228975,6.003801796591733,20.068918841421198,0.003574543571062678,0.01155226661711879
a3p10,ffoot_actuator_gain,0.4,ffoot_actuator_gain_0p4,5,14.750246586183584,15.427211662540255,14.093315360369207,13.827650056314338,14.638380507120882,15.263062617101745,0.009046170781321722,0.009325770962380426
a3p10,ffoot_actuator_gain,0.5,ffoot_actuator_gain_0p5,5,42.698690189932904,68.65224686293354,7.7864181268625545,6.187619355060996,9.378257619403621,3.068096281937876,0.02759699752549432,0.044626555527351466
a3p10,ffoot_actuator_gain,0.6,ffoot_actuator_gain_0p6,5,27.030502202499793,33.78127455660956,3.2646308374549333,8.887758583488743,4.797489871850348,5.414169102923113,0.01737976976143632,0.021980466692326533
a3p10,ffoot_actuator_gain,0.7,ffoot_actuator_gain_0p7,5,16.158387072739924,39.48827377787505,2.1549148528684325,4.719057064929445,1.2908236795984522,6.347026383722436,0.010496940590434687,0.025607525934273727
a3p10,ffoot_actuator_gain,0.8,ffoot_actuator_gain_0p8,5,53.93349607443897,101.69413588662036,3.521966239550193,10.074449500746386,2.353464740111531,12.48212330240377,0.034835565519654305,0.06606284182939169
a3p10,ffoot_actuator_gain,0.9,ffoot_actuator_gain_0p9,5,1.386108372355602,9.475676059003856,1.3004835729688693,12.619809772801087,1.9489651368598515,9.774391947021313,0.0008897374965081723,0.00587493406743977
a3p10,ffoot_actuator_gain,1.0,ffoot_actuator_gain_1,5,0.0,0.0,0.0,0.0,0.0,0.0,0.0,0.0
a3p10,ffoot_actuator_gain,1.1,ffoot_actuator_gain_1p1,5,42.725996553247754,70.09369104420611,5.555814865418052,17.13239231646764,9.267938778459438,15.29689185360004,0.027600780496142556,0.045450121616425046
a3p10,ffoot_actuator_gain,1.3,ffoot_actuator_gain_1p3,5,71.2488203045486,101.5925538131055,12.74584169067316,19.25524661793377,16.52415428336285,16.36966742867638,0.04589062449973626,0.06601195581168307
a3p10,ffoot_actuator_gain,1.5,ffoot_actuator_gain_1p5,5,14.190675928096107,35.22654039891116,-0.8447805646751931,21.10360131724103,-0.8516638997901282,20.137296949959733,0.009097664842870033,0.0225035262572555
a3p10,ffoot_actuator_gain,1.7,ffoot_actuator_gain_1p7,5,8.862761017971161,25.250024360206115,9.76933607552387,30.128463312898333,8.390778171703914,27.476064665216864,0.005389035890587685,0.01541081708586948
a3p10,ffoot_actuator_gain,2.0,ffoot_actuator_gain_2,5,42.728369107530945,36.675062059046546,25.497188162122985,34.70361778548794,24.764005357880887,33.925988998482985,0.02688014705189417,0.02281607289187157
a3p10,ffoot_damping,0.0,ffoot_damping_0,5,65.34837504518842,64.27786905335263,31.424208920989532,44.72781658009549,30.73874587452042,41.580589845659745,0.04171704891359579,0.041164463779733075
a3p10,ffoot_damping,0.1,ffoot_damping_0p1,5,58.04905322244017,67.60242018249204,23.94839019809092,46.896992576370636,22.79433035906527,44.98721166848339,0.037294412159808124,0.04334326414391218
a3p10,ffoot_damping,0.2,ffoot_damping_0p2,5,42.19434480482346,34.483839293129755,21.019437683524167,36.659377110736834,23.507406602260563,35.555727247536666,0.026913142408502393,0.02175657535457127
a3p10,ffoot_damping,0.3,ffoot_damping_0p3,5,41.64012663351946,31.76607643121181,18.77964298393931,32.92591428180099,21.92286528831687,29.433426043558192,0.02669808001428526,0.020425079421001906
a3p10,ffoot_damping,0.4,ffoot_damping_0p4,5,15.161359277217707,25.652067943738004,14.698163023307007,32.20627609553225,13.18582642606807,28.560324517394108,0.009610992420540029,0.0160755446348708
a3p10,ffoot_damping,0.5,ffoot_damping_0p5,5,30.15764580618611,33.37978906698342,12.849383998065196,24.443956153858768,13.272346975606206,22.451243677575125,0.019542700719035737,0.021540342806164913
a3p10,ffoot_damping,0.6,ffoot_damping_0p6,5,8.776273036528483,17.768936883448877,8.931058949156432,19.991396215455325,8.150718469707636,17.99856906961376,0.00565659658124764,0.011118084245209076
a3p10,ffoot_damping,0.7,ffoot_damping_0p7,5,24.605444170496366,35.40417388965461,4.453406768267541,12.912810706905024,6.262771481005439,9.570639650826802,0.01591739216257288,0.02296250016822889
a3p10,ffoot_damping,0.8,ffoot_damping_0p8,5,50.142479151841144,107.49822717140988,0.5563846162228401,11.136587458816026,-0.18465445712231485,11.024274625370682,0.03249998043799175,0.06977782847961646
a3p10,ffoot_damping,0.9,ffoot_damping_0p9,5,14.867589440612893,38.4547777251193,-1.4897284029295406,12.99119479132609,-1.8092160429742763,10.792200941747303,0.009788820241009567,0.024788289451782276
a3p10,ffoot_damping,1.0,ffoot_damping_1,5,0.0,0.0,0.0,0.0,0.0,0.0,0.0,0.0
a3p10,ffoot_damping,1.1,ffoot_damping_1p1,5,0.2489678774020831,4.8131332698363245,-0.8798176583087297,6.07136376829131,1.3200758398343624,3.756376928640292,0.0001884704671212991,0.0029889077147191826
a3p10,ffoot_damping,1.3,ffoot_damping_1p3,5,60.84443030232101,104.22909882133595,3.6810389759567443,7.170446772166434,7.578203204121655,5.504748736230633,0.03922747447628796,0.06777072149391986
a3p10,ffoot_damping,1.5,ffoot_damping_1p5,5,22.756758583974168,38.45340599801344,0.917212855153366,12.149533713792355,1.58568932913995,9.386912773161448,0.014707387278563269,0.024973216225041606
a3p10,ffoot_damping,1.7,ffoot_damping_1p7,5,60.11142141015853,102.87696534074833,7.675264270360321,10.359212251297341,7.273758740371113,10.405924137572221,0.039082177556859166,0.06677615400010324
a3p10,ffoot_damping,2.0,ffoot_damping_2,5,27.59465484049947,40.286444689346794,3.2847001161632763,11.938944784665749,4.201616480599841,9.445892677624567,0.017780311126995834,0.02614782441281161
a3p10,ffoot_friction,0.0,ffoot_friction_0,5,0.0,0.0,0.0,0.0,0.0,0.0,0.0,0.0
a3p10,ffoot_friction,0.1,ffoot_friction_0p1,5,0.6300074554994808,5.692228005631692,5.998283757100171,6.7993839620403165,3.9861254742738312,5.3993151765178045,0.0002899398839842549,0.003645246386584496
a3p10,ffoot_friction,0.2,ffoot_friction_0p2,5,0.6300074554994808,5.692228005631692,5.998283757100171,6.7993839620403165,3.9861254742738312,5.3993151765178045,0.0002899398839842549,0.003645246386584496
a3p10,ffoot_friction,0.3,ffoot_friction_0p3,5,0.6300074554994808,5.692228005631692,5.998283757100171,6.7993839620403165,3.9861254742738312,5.3993151765178045,0.0002899398839842549,0.003645246386584496
a3p10,ffoot_friction,0.4,ffoot_friction_0p4,5,0.6300074554994808,5.692228005631692,5.998283757100171,6.7993839620403165,3.9861254742738312,5.3993151765178045,0.0002899398839842549,0.003645246386584496
a3p10,ffoot_friction,0.5,ffoot_friction_0p5,5,0.6300074554994808,5.692228005631692,5.998283757100171,6.7993839620403165,3.9861254742738312,5.3993151765178045,0.0002899398839842549,0.003645246386584496
a3p10,ffoot_friction,0.6,ffoot_friction_0p6,5,-0.12900588667453122,5.960965206642874,5.389037145398743,7.3943890750027395,2.7833634520547093,6.627141949503158,-0.00016764219224354258,0.003787745458670249
a3p10,ffoot_friction,0.7,ffoot_friction_0p7,5,-1.317206803315139,3.5928893056892224,3.2975675907147433,5.942873798944136,1.7978082615426956,4.279366022203228,-0.0008975625516618648,0.0024131397069329635
a3p10,ffoot_friction,0.8,ffoot_friction_0p8,5,1.571951720568086,4.393544311215781,5.30212668392428,7.444691694316023,3.567182889596188,6.314961765683893,0.0009787159655505553,0.0026744008551982247
a3p10,ffoot_friction,0.9,ffoot_friction_0p9,5,-0.7577437320875561,1.4882902099276336,-0.47786519817436784,1.2829608909671952,-0.7125105613352389,2.759225387491763,-0.0004567780541345952,0.0008972561376302739
a3p10,ffoot_friction,1.0,ffoot_friction_1,5,0.0,0.0,0.0,0.0,0.0,0.0,0.0,0.0
a3p10,ffoot_friction,1.1,ffoot_friction_1p1,5,0.6300074554994808,5.692228005631692,5.998283757100171,6.7993839620403165,3.9861254742738312,5.3993151765178045,0.0002899398839842549,0.003645246386584496
a3p10,ffoot_friction,1.3,ffoot_friction_1p3,5,0.6300074554994808,5.692228005631692,5.998283757100171,6.7993839620403165,3.9861254742738312,5.3993151765178045,0.0002899398839842549,0.003645246386584496
a3p10,ffoot_friction,1.5,ffoot_friction_1p5,5,0.6300074554994808,5.692228005631692,5.998283757100171,6.7993839620403165,3.9861254742738312,5.3993151765178045,0.0002899398839842549,0.003645246386584496
a3p10,ffoot_friction,1.7,ffoot_friction_1p7,5,0.6300074554994808,5.692228005631692,5.998283757100171,6.7993839620403165,3.9861254742738312,5.3993151765178045,0.0002899398839842549,0.003645246386584496
a3p10,ffoot_friction,2.0,ffoot_friction_2,5,0.6300074554994808,5.692228005631692,5.998283757100171,6.7993839620403165,3.9861254742738312,5.3993151765178045,0.0002899398839842549,0.003645246386584496
a3p10,friction,0.0,friction_0,5,-2723.9517854234573,3049.0543585897954,-2736.3636461639003,3078.6229927869795,-2752.4782849347293,3095.667144729234,-1.6898762701350019,1.969896117345038
a3p10,friction,0.1,friction_0p1,5,-2033.8918769050913,1815.5780470483014,-2085.897983776459,1875.082090141139,-2072.1139309045516,1857.4439414713017,-1.2898256912218993,1.1599187181966903
a3p10,friction,0.2,friction_0p2,5,-1071.6174012762526,1059.4413420978617,-1089.3186233324616,1078.5557463943417,-1083.4682230155959,1073.4361318621584,-0.6833258028718435,0.6812018046836623
a3p10,friction,0.3,friction_0p3,5,-379.49495533950136,371.3422410088513,-385.89338680013606,377.2458298201631,-385.45273857598806,375.2892266197521,-0.24239365633673704,0.24231265895129814
a3p10,friction,0.4,friction_0p4,5,-203.0830521296823,140.18826728647855,-209.17190760976172,141.84106441051912,-204.2294570332925,141.92038118798303,-0.12907190637709684,0.09151127082337836
a3p10,friction,0.5,friction_0p5,5,-150.18452871305243,81.7697220298556,-156.0082600641777,87.1814230602694,-155.18844501193766,84.55605916976148,-0.09548489372658957,0.05352508972324422
a3p10,friction,0.6,friction_0p6,5,-87.97857456059032,29.821149568842397,-114.73068828586656,59.233856051306816,-110.77195596351002,57.39350007188906,-0.0556562220900509,0.018726159055432137
a3p10,friction,0.7,friction_0p7,5,-72.80357004129519,38.55259984556849,-79.8335598385288,41.51811507559393,-78.49889737274084,40.034623217457934,-0.04633281161661554,0.025254186756375478
a3p10,friction,0.8,friction_0p8,5,-12.072989145483144,50.7969574776463,-50.09345744003285,24.376719762530374,-49.10693380045918,23.499201019928865,-0.007290486803389715,0.032709871085194804
a3p10,friction,0.9,friction_0p9,5,-3.077074248292365,25.719061809364007,-22.189030737998383,23.01509653017418,-21.212899130390497,18.634492934877443,-0.0017251828064529045,0.01643188005595447
a3p10,friction,1.0,friction_1,5,0.0,0.0,0.0,0.0,0.0,0.0,0.0,0.0
a3p10,friction,1.1,friction_1p1,5,41.87896229471244,40.95547694336309,23.07125632889474,4.405894034901256,25.067607632151294,5.709130309138816,0.02681362358133746,0.026742358203765425
a3p10,friction,1.3,friction_1p3,5,112.8490426133128,111.56904692410625,59.42415129322917,13.067089292489921,61.91643275339275,13.571036595298407,0.07243112358640391,0.0728617698862355
a3p10,friction,1.5,friction_1p5,5,132.10124235838512,87.23297281290232,96.55320027692446,26.730671096972248,97.55271483393881,26.658018418747623,0.08451969499853376,0.05735409104968316
a3p10,friction,1.7,friction_1p7,5,176.07798429191425,133.2898554163776,129.86980637792075,43.88579930893712,129.80322527607058,43.68341516726464,0.11276184109365157,0.0874045402184579
a3p10,friction,2.0,friction_2,5,211.4379379456629,142.18110819505273,161.57638577028533,63.56908910034115,164.391848864746,63.11455752767403,0.1356621154331133,0.0934702742594511
a3p10,friction_damping,0.0,friction_damping_0,5,-3752.4145404501382,5163.112318278431,-2838.5614631257813,4558.1721035491055,-3511.6275975206836,4841.0854819997385,-2.4005376443882467,3.2052243918920738
a3p10,friction_damping,0.1,friction_damping_0p1,5,-1664.688470242408,3097.9711531001863,-1715.2271862587272,3220.8163536451802,-1634.249426693395,3116.1490879509447,-1.0582388351987153,1.959026283947132
a3p10,friction_damping,0.2,friction_damping_0p2,5,-179.81874289371294,1595.63664442562,-127.41073226850472,1556.9281842062996,-130.4318126340012,1567.0365578436063,-0.10864338723431559,1.0054393467448488
a3p10,friction_damping,0.3,friction_damping_0p3,5,463.68578707302476,576.1036548137363,418.46606749544026,598.5223167786643,419.2572348478262,594.2646370704318,0.2978528825755101,0.36308121525700443
a3p10,friction_damping,0.4,friction_damping_0p4,5,385.18286482530874,297.44350218015256,325.5011919133371,320.68293773688407,326.85872421326826,323.5419820641433,0.2475699234227891,0.19174326782298315
a3p10,friction_damping,0.5,friction_damping_0p5,5,149.52178926449,259.67091481766494,144.44469136578795,258.2456394715549,141.24997122811993,262.81487130156376,0.0952355953302411,0.1680227097037166
a3p10,friction_damping,0.6,friction_damping_0p6,5,71.76477355651582,177.76985852418736,44.08665977937189,192.97449703544396,48.73071445437504,193.60920967934746,0.04565443045517533,0.11574684049762417
a3p10,friction_damping,0.7,friction_damping_0p7,5,25.0270312561408,131.58509015992792,25.376092076918667,137.73616237856237,24.570545744836956,135.67666002939006,0.01682690318529117,0.08566584170812833
a3p10,friction_damping,0.8,friction_damping_0p8,5,27.559058149654312,90.10944452244897,-16.347205006668673,83.99264241762866,-11.860182147615479,79.24500983208226,0.019143033626112596,0.057274354015955334
a3p10,friction_damping,0.9,friction_damping_0p9,5,18.815848222262776,55.44799952002769,3.2551172473802126,40.74310377423333,1.1779481711796962,40.00731219479702,0.012797477716499384,0.03528427627839969
a3p10,friction_damping,1.0,friction_damping_1,5,0.0,0.0,0.0,0.0,0.0,0.0,0.0,0.0
a3p10,friction_damping,1.1,friction_damping_1p1,5,105.7454545630645,44.08725685667669,105.36045523082207,42.20821639032846,104.96565174433518,44.08587610877068,0.06669349905954894,0.027169796223170447
a3p10,friction_damping,1.3,friction_damping_1p3,5,419.77043161321217,138.58559219367896,394.6618330491412,117.45946234275546,393.49562297936575,114.86016334849025,0.26601382630016757,0.08897129652568346
a3p10,friction_damping,1.5,friction_damping_1p5,5,773.4305912981888,194.7831888328814,744.672090702176,180.757418439871,745.9741596072445,181.4852950470884,0.4889495940647949,0.12286108810154109
a3p10,friction_damping,1.7,friction_damping_1p7,5,971.0640271976666,162.80562219709506,935.2113023093949,134.20233532522488,935.9425994031351,134.67839845067436,0.614335492050168,0.10194752040215375
a3p10,friction_damping,2.0,friction_damping_2,5,1154.6614749156747,206.75566177188668,1178.0149324160059,243.06205488057967,1167.459547352772,226.37794699264904,0.7317130597720578,0.13628545580038293
a3p10,fshin_actuator_gain,0.0,fshin_actuator_gain_0,5,694.0245184380714,202.14664075534188,657.3835146336153,191.53872390604977,656.8370843984178,189.00892201958138,0.43873746605239583,0.12259205872864222
a3p10,fshin_actuator_gain,0.1,fshin_actuator_gain_0p1,5,628.7707980526408,221.30017324385602,530.9882013592257,140.83880152317838,557.9149848829111,166.67684728419766,0.3972908744111623,0.1340353043835076
a3p10,fshin_actuator_gain,0.2,fshin_actuator_gain_0p2,5,462.71260905264427,97.31265089876985,428.528913550998,135.06075736106544,429.3989772803093,131.60756747288326,0.29480860717156415,0.0702564633684657
a3p10,fshin_actuator_gain,0.3,fshin_actuator_gain_0p3,5,352.2340792801595,124.05120093208666,350.83610546704483,132.80656095251965,349.40153398821485,128.64003123207158,0.2250195543079978,0.0857586404347666
a3p10,fshin_actuator_gain,0.4,fshin_actuator_gain_0p4,5,260.5737566036573,105.4957012176086,261.2239835025508,112.72083714526322,262.771454310519,109.33905759536289,0.1667716699019928,0.07238682145383515
a3p10,fshin_actuator_gain,0.5,fshin_actuator_gain_0p5,5,206.22450395859678,83.90570773767806,201.03996813941095,87.44840299750099,204.94222294547936,86.66022918413019,0.13177746588135625,0.05665605399230063
a3p10,fshin_actuator_gain,0.6,fshin_actuator_gain_0p6,5,143.67315661331386,56.28588337762869,142.28704946510635,60.96121690333968,143.33730702776347,59.65227110797313,0.09166972348869831,0.037406195228465305
a3p10,fshin_actuator_gain,0.7,fshin_actuator_gain_0p7,5,87.10287783400194,35.476311955324086,86.38528625341992,41.98743476009569,85.97716567382822,39.176075035384805,0.05557109279905863,0.02355889275095522
a3p10,fshin_actuator_gain,0.8,fshin_actuator_gain_0p8,5,43.03002828123417,16.52983540105367,42.15743931956613,17.059842752780586,41.155445276230736,16.964713737606395,0.02735752185653164,0.010559963453232745
a3p10,fshin_actuator_gain,0.9,fshin_actuator_gain_0p9,5,19.57241597967368,14.380506705303775,17.216134519229854,20.502520178854702,17.13863416931804,17.570894343751633,0.012504066456084161,0.009136298864714317
a3p10,fshin_actuator_gain,1.0,fshin_actuator_gain_1,5,0.0,0.0,0.0,0.0,0.0,0.0,0.0,0.0
a3p10,fshin_actuator_gain,1.1,fshin_actuator_gain_1p1,5,26.684471000940903,69.4739729063094,-5.5977590072189285,6.605981032343741,-8.091087689472033,4.447405061310943,0.01751104531363482,0.04500290298340525
a3p10,fshin_actuator_gain,1.3,fshin_actuator_gain_1p3,5,75.81612658039126,128.81768090695064,8.242177087534902,18.38348860064487,8.963807594827585,16.56365354312218,0.049122839578557884,0.08360488694542648
a3p10,fshin_actuator_gain,1.5,fshin_actuator_gain_1p5,5,70.25960353616338,29.624039302555715,54.57205813513242,32.16819782690953,53.17689820393635,30.759733222805576,0.04483800569644283,0.019023698626079562
a3p10,fshin_actuator_gain,1.7,fshin_actuator_gain_1p7,5,112.08658468273794,28.817905569507676,95.95394467855672,41.610198801484216,96.53088891180865,41.32429879703165,0.07135666913678061,0.018709550918676786
a3p10,fshin_actuator_gain,2.0,fshin_actuator_gain_2,5,172.28907186283882,36.847803416668995,137.25841819841693,60.38306047478445,140.45519371154083,59.144357036690714,0.10912233721098408,0.022657470880525242
a3p10,fshin_damping,0.0,fshin_damping_0,5,382.5754300288073,54.92987072124306,323.726944980239,54.134606236674436,324.54676972985493,57.03731930096498,0.24214810016216984,0.03310113083924176
a3p10,fshin_damping,0.1,fshin_damping_0p1,5,276.3763240274453,63.47176644499774,230.0611558974159,48.194120592889675,231.42396626725605,50.809501487171595,0.17646431824834766,0.04548445166263142
a3p10,fshin_damping,0.2,fshin_damping_0p2,5,228.68690784236486,109.83889089020452,195.7277091455394,78.25995789360579,194.03292219808037,79.36202607536897,0.14754602863706454,0.07567241237414
a3p10,fshin_damping,0.3,fshin_damping_0p3,5,140.29471276692738,72.58778053342591,138.12676017913842,70.34351324448856,141.40865078518405,72.10871424305493,0.09037114248664502,0.04864785664483981
a3p10,fshin_damping,0.4,fshin_damping_0p4,5,123.17308462264718,87.25081921762364,89.59364573896823,57.79037635145453,90.790768472356,60.73986797099399,0.07968058632291809,0.057057950645952975
a3p10,fshin_damping,0.5,fshin_damping_0p5,5,89.14714888428917,61.4896950478275,74.54262759815552,65.09045106121049,74.05207656771067,61.88407125718354,0.05745669947794355,0.03967821841334338
a3p10,fshin_damping,0.6,fshin_damping_0p6,5,64.13515012705925,68.67942307560729,29.379711549002288,57.12870315844544,28.709542576080413,51.900465547071036,0.04142591567703866,0.044173730200875845
a3p10,fshin_damping,0.7,fshin_damping_0p7,5,17.81426459341865,31.569238322992977,13.828056525474313,40.56495818184118,15.798354358400548,35.703750934998816,0.011405321698266854,0.019998833015574754
a3p10,fshin_damping,0.8,fshin_damping_0p8,5,5.513626937513299,20.286090093317434,0.9205284054291042,25.122668761808058,3.7353429021670763,22.887271379565927,0.0035187200138069447,0.012932456613249616
a3p10,fshin_damping,0.9,fshin_damping_0p9,5,37.237070171445886,63.30984148058091,-0.5295301350209229,13.153576771079278,0.4540216007726485,13.563784791668457,0.024236978418784257,0.04101309508585212
a3p10,fshin_damping,1.0,fshin_damping_1,5,0.0,0.0,0.0,0.0,0.0,0.0,0.0,0.0
a3p10,fshin_damping,1.1,fshin_damping_1p1,5,25.363464761031082,40.17814287120735,1.6003676655538583,10.58921432371757,3.689435728394983,7.669870688174617,0.016457602998518766,0.026059465957548333
a3p10,fshin_damping,1.3,fshin_damping_1p3,5,25.025401406648825,14.792311304096529,21.724898984587934,9.936027723697277,23.563171423172843,11.217834783423378,0.015987758294119712,0.009678591682030191
a3p10,fshin_damping,1.5,fshin_damping_1p5,5,84.77100151815048,86.3055453196655,48.95643440011454,25.37867278291552,49.212227892480726,25.889100914484093,0.054525119367630534,0.05621991696709873
a3p10,fshin_damping,1.7,fshin_damping_1p7,5,67.69594600209602,36.89508806698163,62.59409894742612,34.182941686943245,63.69970115824053,32.62669583076367,0.04304658482143646,0.023770301084819864
a3p10,fshin_damping,2.0,fshin_damping_2,5,121.58510267663974,68.96349737734275,103.84040243868454,45.98069772367981,103.5546460444577,44.079129503874974,0.0775128565626192,0.04488864793646845
a3p10,fshin_friction,0.0,fshin_friction_0,5,0.0,0.0,0.0,0.0,0.0,0.0,0.0,0.0
a3p10,fshin_friction,0.1,fshin_friction_0p1,5,0.6300074554994808,5.692228005631692,5.998283757100171,6.7993839620403165,3.9861254742738312,5.3993151765178045,0.0002899398839842549,0.003645246386584496
a3p10,fshin_friction,0.2,fshin_friction_0p2,5,0.6300074554994808,5.692228005631692,5.998283757100171,6.7993839620403165,3.9861254742738312,5.3993151765178045,0.0002899398839842549,0.003645246386584496
a3p10,fshin_friction,0.3,fshin_friction_0p3,5,0.6300074554994808,5.692228005631692,5.998283757100171,6.7993839620403165,3.9861254742738312,5.3993151765178045,0.0002899398839842549,0.003645246386584496
a3p10,fshin_friction,0.4,fshin_friction_0p4,5,0.6300074554994808,5.692228005631692,5.998283757100171,6.7993839620403165,3.9861254742738312,5.3993151765178045,0.0002899398839842549,0.003645246386584496
a3p10,fshin_friction,0.5,fshin_friction_0p5,5,0.6300074554994808,5.692228005631692,5.998283757100171,6.7993839620403165,3.9861254742738312,5.3993151765178045,0.0002899398839842549,0.003645246386584496
a3p10,fshin_friction,0.6,fshin_friction_0p6,5,-0.12900588667453122,5.960965206642874,5.389037145398743,7.3943890750027395,2.7833634520547093,6.627141949503158,-0.00016764219224354258,0.003787745458670249
a3p10,fshin_friction,0.7,fshin_friction_0p7,5,-1.317206803315139,3.5928893056892224,3.2975675907147433,5.942873798944136,1.7978082615426956,4.279366022203228,-0.0008975625516618648,0.0024131397069329635
a3p10,fshin_friction,0.8,fshin_friction_0p8,5,1.571951720568086,4.393544311215781,5.30212668392428,7.444691694316023,3.567182889596188,6.314961765683893,0.0009787159655505553,0.0026744008551982247
a3p10,fshin_friction,0.9,fshin_friction_0p9,5,-0.7577437320875561,1.4882902099276336,-0.47786519817436784,1.2829608909671952,-0.7125105613352389,2.759225387491763,-0.0004567780541345952,0.0008972561376302739
a3p10,fshin_friction,1.0,fshin_friction_1,5,0.0,0.0,0.0,0.0,0.0,0.0,0.0,0.0
a3p10,fshin_friction,1.1,fshin_friction_1p1,5,0.6300074554994808,5.692228005631692,5.998283757100171,6.7993839620403165,3.9861254742738312,5.3993151765178045,0.0002899398839842549,0.003645246386584496
a3p10,fshin_friction,1.3,fshin_friction_1p3,5,0.6300074554994808,5.692228005631692,5.998283757100171,6.7993839620403165,3.9861254742738312,5.3993151765178045,0.0002899398839842549,0.003645246386584496
a3p10,fshin_friction,1.5,fshin_friction_1p5,5,0.6300074554994808,5.692228005631692,5.998283757100171,6.7993839620403165,3.9861254742738312,5.3993151765178045,0.0002899398839842549,0.003645246386584496
a3p10,fshin_friction,1.7,fshin_friction_1p7,5,0.6300074554994808,5.692228005631692,5.998283757100171,6.7993839620403165,3.9861254742738312,5.3993151765178045,0.0002899398839842549,0.003645246386584496
a3p10,fshin_friction,2.0,fshin_friction_2,5,0.6300074554994808,5.692228005631692,5.998283757100171,6.7993839620403165,3.9861254742738312,5.3993151765178045,0.0002899398839842549,0.003645246386584496
a3p10,fthigh_actuator_gain,0.0,fthigh_actuator_gain_0,5,1911.081852511789,164.13516383520403,1923.0871681557444,157.92373018328885,1920.5196638802904,158.99272986836286,1.2077044838833273,0.07522940081419509
a3p10,fthigh_actuator_gain,0.1,fthigh_actuator_gain_0p1,5,1873.8681608294246,180.69377476011488,1882.9010354210739,169.7461964995782,1881.444271349268,175.35210330784628,1.1842340495552544,0.09038564742854277
a3p10,fthigh_actuator_gain,0.2,fthigh_actuator_gain_0p2,5,1842.8023657326805,167.39312688239278,1837.8604992154003,171.72244532118043,1843.8290811025138,166.19963259285177,1.1649990866188684,0.08645084992601582
a3p10,fthigh_actuator_gain,0.3,fthigh_actuator_gain_0p3,5,1773.584601955831,244.00705588618277,1764.6223355259413,263.59830381869193,1766.5682477093608,259.35821964231815,1.1214637647797754,0.1439724082722708
a3p10,fthigh_actuator_gain,0.4,fthigh_actuator_gain_0p4,5,1699.9424707320297,328.4312600978501,1695.1366432157022,333.25851582052496,1698.5323972830301,331.9354976429406,1.0762317216184896,0.2090241808297889
a3p10,fthigh_actuator_gain,0.5,fthigh_actuator_gain_0p5,5,1620.4030847306321,408.6748905341852,1623.6567817377418,396.74491480743285,1623.455241879786,403.2315162416316,1.0257187919638593,0.25866910788999675
a3p10,fthigh_actuator_gain,0.6,fthigh_actuator_gain_0p6,5,1384.7212668020816,515.8682546526894,1355.1844102652574,659.2375746738196,1445.0998358902557,567.3188068729535,0.8752396215813378,0.32357793009682495
a3p10,fthigh_actuator_gain,0.7,fthigh_actuator_gain_0p7,5,662.6610143619413,387.8063464339725,608.0134553445778,614.9860560498306,583.3575648401699,556.309834458591,0.4149524739332481,0.23444378594393692
a3p10,fthigh_actuator_gain,0.8,fthigh_actuator_gain_0p8,5,199.3429481798662,95.38393744349894,148.32207384039575,35.36182595925475,149.55182323899197,36.084821777389124,0.12479977547035093,0.05660145301422614
a3p10,fthigh_actuator_gain,0.9,fthigh_actuator_gain_0p9,5,92.89869655455922,60.441764023066526,51.97367130424732,17.525638303681497,55.11600836248272,16.72708477197998,0.0591253637025785,0.039589093721464415
a3p10,fthigh_actuator_gain,1.0,fthigh_actuator_gain_1,5,0.0,0.0,0.0,0.0,0.0,0.0,0.0,0.0
a3p10,fthigh_actuator_gain,1.1,fthigh_actuator_gain_1p1,5,6.208699857949159,44.736352263467765,-12.811773647563223,29.574011241930403,-11.505382426114739,27.550642728587913,0.004427382728619539,0.02841632821355936
a3p10,fthigh_actuator_gain,1.3,fthigh_actuator_gain_1p3,5,11.190452080614431,66.0861173654144,11.712434076900582,68.98435422966124,10.902414341474515,65.97234767003516,0.006773773795131248,0.04141505471098861
a3p10,fthigh_actuator_gain,1.5,fthigh_actuator_gain_1p5,5,79.44293365411295,131.3439378351939,68.01678483474947,120.94712656494494,69.80612264322531,121.37793844409788,0.04923040696357174,0.08176234047350257
a3p10,fthigh_actuator_gain,1.7,fthigh_actuator_gain_1p7,5,245.67493460661245,189.86775598970482,157.8537569590631,135.69040339600036,155.49602074118494,137.37232574836995,0.15564034860903406,0.12099361980564396
a3p10,fthigh_actuator_gain,2.0,fthigh_actuator_gain_2,5,639.6476775594399,392.18176044895637,660.9395545519307,601.1204545134609,631.990395086294,538.6376489874657,0.4066025875548437,0.25375938166386547
a3p10,fthigh_damping,0.0,fthigh_damping_0,5,431.3682150171502,72.27746481035166,406.30390982267784,122.66568337818435,404.1807073475542,115.34985903373043,0.2719153826963937,0.03774198462322709
a3p10,fthigh_damping,0.1,fthigh_damping_0p1,5,326.57171627386157,66.75897084998407,300.4074662892589,110.70300412358952,298.6866203953387,107.29321784196704,0.20652611903971047,0.040174215918204983
a3p10,fthigh_damping,0.2,fthigh_damping_0p2,5,288.048796053155,46.94294043903469,241.0919080649137,87.64988914248019,241.1942211273716,86.32584882688802,0.18219282602303152,0.028635383925849293
a3p10,fthigh_damping,0.3,fthigh_damping_0p3,5,173.29954227466288,62.57576915064852,169.55676526176558,64.7871252093186,170.14807859481158,62.659780507695594,0.10959650415105533,0.039364461381806416
a3p10,fthigh_damping,0.4,fthigh_damping_0p4,5,142.2411997651423,68.30155138645084,121.28903711889325,68.77126835913661,121.14175470186123,69.38438171757396,0.09062418619086526,0.04375197218088603
a3p10,fthigh_damping,0.5,fthigh_damping_0p5,5,74.24177641541146,74.22931214964194,72.88289583028973,80.02395849952869,76.68715313202934,79.64281441053042,0.047344637740143365,0.047094038848846366
a3p10,fthigh_damping,0.6,fthigh_damping_0p6,5,72.58097117824964,85.28865578433908,39.75330910412981,65.51398944605076,38.26398017595507,65.98864529866685,0.04703662447433819,0.05430483368727711
a3p10,fthigh_damping,0.7,fthigh_damping_0p7,5,12.35027779365032,67.18036754856499,6.215090064813012,72.97784125789858,8.10061072933404,67.29073279364736,0.008093961498948664,0.042119252494406845
a3p10,fthigh_damping,0.8,fthigh_damping_0p8,5,29.063373076047945,61.7890826919979,9.785655625568461,50.557477539689366,10.193174255071654,52.03316945361278,0.01907609338050418,0.03890622546961157
a3p10,fthigh_damping,0.9,fthigh_damping_0p9,5,20.14858456781717,53.10480871056584,0.10403008757607494,40.71222658667485,0.9252893912361287,37.17479208336973,0.01338447118707534,0.033755821932639915
a3p10,fthigh_damping,1.0,fthigh_damping_1,5,0.0,0.0,0.0,0.0,0.0,0.0,0.0,0.0
a3p10,fthigh_damping,1.1,fthigh_damping_1p1,5,61.1768539605715,72.20824802559835,22.552578099409267,14.947728379350252,23.341201263105766,16.77594837495954,0.039138294426511386,0.046998368392014545
a3p10,fthigh_damping,1.3,fthigh_damping_1p3,5,93.95556738396172,51.033360172375446,92.24972773618697,48.381930753663895,93.8855243143175,48.63851680060157,0.059320885762162476,0.032365897415889446
a3p10,fthigh_damping,1.5,fthigh_damping_1p5,5,233.4472474354729,136.09553054268991,202.57965153549836,97.17572251591287,205.0585795533651,98.11062036552822,0.14814659680170134,0.08850589165094229
a3p10,fthigh_damping,1.7,fthigh_damping_1p7,5,291.00469326375605,133.83254083800512,289.1559113790754,132.16639866970021,290.6832452638094,133.37901382370978,0.1841385859480504,0.0857848224486178
a3p10,fthigh_damping,2.0,fthigh_damping_2,5,416.46449248697957,180.99745580168445,419.18461889666344,188.02330634658227,414.87038994414104,181.58839254704307,0.26404814509607866,0.11713449691759062
a3p10,fthigh_friction,0.0,fthigh_friction_0,5,0.0,0.0,0.0,0.0,0.0,0.0,0.0,0.0
a3p10,fthigh_friction,0.1,fthigh_friction_0p1,5,-2.329695452655642,3.7010015309719884,-5.779991882098647,6.962189795963473,-4.279693450931427,5.138897788257458,-0.0014428948250721858,0.0022692043407544693
a3p10,fthigh_friction,0.2,fthigh_friction_0p2,5,-1.571951720568086,4.393544311215781,-5.30212668392428,7.444691694316023,-3.567182889596188,6.314961765683893,-0.0009871612911909501,0.0026858440807075814
a3p10,fthigh_friction,0.3,fthigh_friction_0p3,5,-0.9419442650686051,3.9732869110394624,0.6961570731758912,1.2761972972692335,0.418942584677643,2.8889749729264143,-0.0006898206018196597,0.002616389837263609
a3p10,fthigh_friction,0.4,fthigh_friction_0p4,5,-0.9419442650686051,3.9732869110394624,0.6961570731758912,1.2761972972692335,0.418942584677643,2.8889749729264143,-0.0006898206018196597,0.002616389837263609
a3p10,fthigh_friction,0.5,fthigh_friction_0p5,5,-0.9419442650686051,3.9732869110394624,0.6961570731758912,1.2761972972692335,0.418942584677643,2.8889749729264143,-0.0006898206018196597,0.002616389837263609
a3p10,fthigh_friction,0.6,fthigh_friction_0p6,5,-0.9419442650686051,3.9732869110394624,0.6961570731758912,1.2761972972692335,0.418942584677643,2.8889749729264143,-0.0006898206018196597,0.002616389837263609
a3p10,fthigh_friction,0.7,fthigh_friction_0p7,5,-0.9419442650686051,3.9732869110394624,0.6961570731758912,1.2761972972692335,0.418942584677643,2.8889749729264143,-0.0006898206018196597,0.002616389837263609
a3p10,fthigh_friction,0.8,fthigh_friction_0p8,5,-1.7009576072426171,3.3307672369486623,0.08691046147446287,0.5517745202003971,-0.7838194375414786,0.9889119488724963,-0.0011463581610263683,0.0022448926521222894
a3p10,fthigh_friction,0.9,fthigh_friction_0p9,5,-2.889158523883225,5.17976036985963,-2.0045590932095365,5.7671606302111185,-1.7693746280534923,5.3388687682317695,-0.0018844159619646986,0.0032779314167559258
a3p10,fthigh_friction,1.0,fthigh_friction_1,5,0.0,0.0,0.0,0.0,0.0,0.0,0.0,0.0
a3p10,fthigh_friction,1.1,fthigh_friction_1p1,5,-2.329695452655642,3.7010015309719884,-5.779991882098647,6.962189795963473,-4.279693450931427,5.138897788257458,-0.0014428948250721858,0.0022692043407544693
a3p10,fthigh_friction,1.3,fthigh_friction_1p3,5,-1.571951720568086,4.393544311215781,-5.30212668392428,7.444691694316023,-3.567182889596188,6.314961765683893,-0.0009871612911909501,0.0026858440807075814
a3p10,fthigh_friction,1.5,fthigh_friction_1p5,5,-0.9419442650686051,3.9732869110394624,0.6961570731758912,1.2761972972692335,0.418942584677643,2.8889749729264143,-0.0006898206018196597,0.002616389837263609
a3p10,fthigh_friction,1.7,fthigh_friction_1p7,5,-0.9419442650686051,3.9732869110394624,0.6961570731758912,1.2761972972692335,0.418942584677643,2.8889749729264143,-0.0006898206018196597,0.002616389837263609
a3p10,fthigh_friction,2.0,fthigh_friction_2,5,-0.9419442650686051,3.9732869110394624,0.6961570731758912,1.2761972972692335,0.418942584677643,2.8889749729264143,-0.0006898206018196597,0.002616389837263609
a3p10,gear,0.0,gear_0,5,1928.7658737884472,129.77195316677557,1928.3327184274392,134.52619622277712,1928.8560020080895,131.96133892805975,1.2207175370820784,0.07031674646001598
a3p10,gear,0.1,gear_0p1,5,1927.3424447746384,133.69249335129265,1926.9360361730705,138.1667055202652,1927.473684738762,135.66111264472744,1.2196479159061098,0.0702409177499684
a3p10,gear,0.2,gear_0p2,5,1912.4582043993353,140.47137053501154,1912.006552171347,144.17582225029844,1912.5793702440037,141.84048354811713,1.2098257130177834,0.06820620278631308
a3p10,gear,0.3,gear_0p3,5,1894.9702066358423,144.63088496728503,1894.6070160203847,147.75042191599834,1895.1130491468327,145.57716909254492,1.1984822479052728,0.06669096831153114
a3p10,gear,0.4,gear_0p4,5,1875.552071294671,139.80741035450825,1875.2477863328684,142.66583628069475,1875.7870156936483,140.49171986691124,1.1861520743720693,0.06202844444991592
a3p10,gear,0.5,gear_0p5,5,1744.2702823814077,226.42681999106324,1783.3919242903644,209.05644613106193,1782.7416496219362,210.274247944455,1.1028190353062013,0.12792031547196853
a3p10,gear,0.6,gear_0p6,5,1614.685793177543,346.3439192153104,1535.087819980061,480.0202571797382,1591.9383686220003,398.29383641593853,1.0199201297789655,0.20706334086056402
a3p10,gear,0.7,gear_0p7,5,1138.4813411437563,266.4937345326044,1087.113937768069,433.6309638891104,1112.5573179758346,409.96207307447116,0.7258456392325405,0.19409794736374622
a3p10,gear,0.8,gear_0p8,5,544.5650536777767,94.16736071731371,501.953851281871,119.84812437966181,502.02210926758005,118.11006678946536,0.3440704490964243,0.05630982660308451
a3p10,gear,0.9,gear_0p9,5,241.37464408307065,72.22863124420016,194.1797802821368,37.99213251701061,193.77163462331174,40.52658849753459,0.1526977379464441,0.04677740149834717
a3p10,gear,1.0,gear_1,5,0.0,0.0,0.0,0.0,0.0,0.0,0.0,0.0
a3p10,gear,1.1,gear_1p1,5,27.67798141435346,116.70047064691354,-6.1574625762570125,62.57672262328685,-6.63565878909535,64.8162171767461,0.01875276205949053,0.07464130390493841
a3p10,gear,1.3,gear_1p3,5,58.69563012256435,209.04716188086837,58.142425372033586,206.44013951636663,58.7541175651877,208.44650013979268,0.038015553164142984,0.13200635028464539
a3p10,gear,1.5,gear_1p5,5,214.00141908241852,259.4250740329572,144.03488521964556,303.7798054562551,144.60103524313027,298.74548058112606,0.13604563671490427,0.16470459066137763
a3p10,gear,1.7,gear_1p7,5,441.93733982373715,334.4582655566901,329.7669549727596,405.539387366883,332.0833989488815,405.49591818919987,0.2799866682638271,0.21233061848460644
a3p10,gear,2.0,gear_2,5,1050.4245299352976,286.7424073883539,862.679270060401,433.9344839487153,947.1101900628571,412.7212451225349,0.6676875806947478,0.18887566680771026
a3p10,gravity,0.0,gravity_0,5,-438.8441034579714,123.98151655983818,-285.9372360485574,26.459526185912292,-296.9995102526583,37.84808354004857,-0.40258013697871337,0.16264936966865404
a3p10,gravity,0.1,gravity_0p1,5,-391.9397428938949,98.15108734522303,-253.1293832848337,31.795462571503474,-266.3827493697616,43.84378319669803,-0.3567494226929312,0.12420782690593646
a3p10,gravity,0.2,gravity_0p2,5,-351.8497310671704,92.55410368051442,-231.87140303524401,36.31408644633769,-242.78646589651788,44.77905160013737,-0.3186816343859114,0.10703639531586875
a3p10,gravity,0.3,gravity_0p3,5,-291.5917851394328,61.501328700328294,-204.79411780706315,30.469013140437056,-214.39583576258423,39.91624551861385,-0.2614865591515846,0.0691039381139154
a3p10,gravity,0.4,gravity_0p4,5,-256.7502980530851,54.12399805858633,-168.35738720270456,24.17909798693625,-182.1405045184785,32.78239682471394,-0.2305568095007457,0.062093683275052734
a3p10,gravity,0.5,gravity_0p5,5,-223.67766995119018,57.558022616795455,-142.66418250654175,26.44616940002589,-154.94936361212717,35.90269822945766,-0.2022550364321427,0.06551169285686294
a3p10,gravity,0.6,gravity_0p6,5,-166.62594377551073,41.17465182244717,-111.86942899432006,11.831331770384814,-120.50029093650191,24.027656938947597,-0.14891760493972803,0.04224076991207669
a3p10,gravity,0.7,gravity_0p7,5,-142.58964376577796,39.61840590704234,-80.01582436690664,18.78974298797131,-87.06152916831425,17.16167654273118,-0.13092707534968057,0.052924185496599295
a3p10,gravity,0.8,gravity_0p8,5,-152.17788647833336,69.92574874452983,-68.2360013912311,15.988417762640692,-78.61457423713304,25.8581180909535,-0.14261483676163839,0.08348022749281432
a3p10,gravity,0.9,gravity_0p9,5,-74.00780523148583,47.41184893334055,-17.872334280542372,11.245773516242952,-22.432059023659075,11.397612255928449,-0.07056587976951575,0.0528758701554922
a3p10,gravity,1.0,gravity_1,5,0.0,0.0,0.0,0.0,0.0,0.0,0.0,0.0
a3p10,gravity,1.1,gravity_1p1,5,46.123456909510836,95.01893120486646,59.816114459523625,43.33978836292619,48.859604745972455,30.722893587014507,0.03241257398537648,0.09025677130383894
a3p10,gravity,1.3,gravity_1p3,5,182.81672112009022,132.6915683678963,171.12430514886572,111.50288916652259,166.94481817820648,104.21125981045869,0.14936837429764785,0.11519343343819129
a3p10,gravity,1.5,gravity_1p5,5,357.8036855029503,189.58266999030738,270.99695437180867,142.91308815121178,340.46433110515665,139.0068032354397,0.3017123365366484,0.13600548510595237
a3p10,gravity,1.7,gravity_1p7,5,516.3936746403928,142.46033949240532,353.3890220432987,142.1360056724598,523.4512613571378,139.3195901135636,0.4471204494308414,0.0805293879915454
a3p10,gravity,2.0,gravity_2,5,848.810035475505,271.3539163386172,787.2528822925764,481.49863371375227,887.3257329386195,281.2059971230741,0.7253035798636647,0.17513189194764614
a3p20,bfoot_actuator_gain,0.0,bfoot_actuator_gain_0,5,135.3347915581806,32.626138472385435,136.27813318255667,42.54396204749084,133.28123594099148,42.44630799551664,0.08406569401249167,0.019760364097519155
a3p20,bfoot_actuator_gain,0.1,bfoot_actuator_gain_0p1,5,118.52688645348117,31.500445725234822,119.84514184661575,39.929785186377906,120.98254637935688,43.77084748204369,0.07336419514027395,0.018419289622415184
a3p20,bfoot_actuator_gain,0.2,bfoot_actuator_gain_0p2,5,109.76444819214376,33.06243171870178,108.70396373318131,31.687977270699967,109.02237057869146,35.22917052334458,0.06811774993330852,0.020271182297611903
a3p20,bfoot_actuator_gain,0.3,bfoot_actuator_gain_0p3,5,86.37104392417382,33.38917534373552,84.55847225895528,38.89861040702424,85.62594054112165,40.18938982275119,0.05374352329506116,0.021046384538025344
a3p20,bfoot_actuator_gain,0.4,bfoot_actuator_gain_0p4,5,71.54897209744463,27.313310189392638,70.47457452756294,31.931235219761817,72.97036952598992,34.79697216418159,0.044622865794313474,0.017567563035661884
a3p20,bfoot_actuator_gain,0.5,bfoot_actuator_gain_0p5,5,52.86136304761239,20.867688300683085,51.2804708855675,27.58907103963543,52.5068691577445,30.417250808202336,0.03298119730537603,0.013361784767750025
a3p20,bfoot_actuator_gain,0.6,bfoot_actuator_gain_0p6,5,38.521481909162006,11.43380385932561,43.502027325843436,17.857877919256975,44.583096525185965,22.310407879077623,0.023791140784630675,0.006637054210167637
a3p20,bfoot_actuator_gain,0.7,bfoot_actuator_gain_0p7,5,22.73028906549707,13.510844931218722,22.756390547801537,17.01277672615984,21.086979120314936,21.053873264009162,0.01388886720668055,0.008388326014179071
a3p20,bfoot_actuator_gain,0.8,bfoot_actuator_gain_0p8,5,5.316219981363929,3.6634341437899955,7.766790596865531,9.160849320049099,9.768562356471193,11.678972389235797,0.0032763529047467885,0.0023364076939978375
a3p20,bfoot_actuator_gain,0.9,bfoot_actuator_gain_0p9,5,8.101208896965227,7.485329351328349,4.082652838097556,13.709670114813681,4.308260848500413,10.942508666922368,0.005020008829997065,0.004747905636036725
a3p20,bfoot_actuator_gain,1.0,bfoot_actuator_gain_1,5,0.0,0.0,0.0,0.0,0.0,0.0,0.0,0.0
a3p20,bfoot_actuator_gain,1.1,bfoot_actuator_gain_1p1,5,-9.900158086571219,12.007125601265702,-11.074538237348225,8.118705042134614,-9.601722644616848,8.35315696880095,-0.006536375583714759,0.007560912515257745
a3p20,bfoot_actuator_gain,1.3,bfoot_actuator_gain_1p3,5,-2.088474121522313,18.20874548504393,-10.836366387876978,17.913989862072484,-6.776991437232164,19.018745696358565,-0.001226083355316696,0.010850941278000749
a3p20,bfoot_actuator_gain,1.5,bfoot_actuator_gain_1p5,5,-12.201651565900283,14.801268736685671,-17.379039541911016,15.698640596480706,-13.378147053987231,13.054397106958982,-0.007692418116591294,0.00954201092423349
a3p20,bfoot_actuator_gain,1.7,bfoot_actuator_gain_1p7,5,-7.249930913708431,15.028481553487541,-5.848524843062341,19.30044784532026,-5.098055927534188,15.251967117129904,-0.0047197088080321355,0.009415147749938717
a3p20,bfoot_actuator_gain,2.0,bfoot_actuator_gain_2,5,7.080609118342818,25.083618016013542,2.626771704447856,28.559089978052874,4.044959599495769,28.53630056574554,0.004687088166429598,0.015308938824031814
a3p20,bfoot_damping,0.0,bfoot_damping_0,5,80.11925618934674,47.364591691721266,79.8736609189003,55.62963089713174,82.87251583001702,56.259855414896954,0.04940215183014466,0.02903974803783119
a3p20,bfoot_damping,0.1,bfoot_damping_0p1,5,63.815356814199184,61.7009475436161,63.239409776176174,63.04763585663836,63.95428660783027,65.21998127611558,0.03957432621847426,0.03913318210834064
a3p20,bfoot_damping,0.2,bfoot_damping_0p2,5,31.063068974844235,63.17936619543471,31.02885732714467,66.5675697248662,31.39114296619805,69.51719780169365,0.01887238379373218,0.04042877998098026
a3p20,bfoot_damping,0.3,bfoot_damping_0p3,5,20.061087113561598,43.65987838822748,19.54069840136058,46.85161925644312,20.810526329804997,51.04400255769503,0.01190083511938354,0.02769563111617659
a3p20,bfoot_damping,0.4,bfoot_damping_0p4,5,15.394579400398744,47.66774946368479,12.607742184825065,47.07356619288308,14.308364921151588,52.32585688841514,0.009088147963455126,0.030051938304015098
a3p20,bfoot_damping,0.5,bfoot_damping_0p5,5,-2.9207339573204534,29.763858683231405,1.508362917375416,40.643358227281794,1.455772196689577,42.79549445794825,-0.002554093171021503,0.019317995572295583
a3p20,bfoot_damping,0.6,bfoot_damping_0p6,5,-1.1562679690688582,27.764657186493256,1.3913235163107855,31.298057410442134,-0.451739746597832,33.96068603252008,-0.0011276876197311909,0.017663331866475878
a3p20,bfoot_damping,0.7,bfoot_damping_0p7,5,-4.152382306913251,13.667704161512788,-4.590027973580709,15.787000139429223,-4.812099640506358,16.540730495698828,-0.002950130183636465,0.008380132701642866
a3p20,bfoot_damping,0.8,bfoot_damping_0p8,5,-13.105806005040176,15.409821623760417,-11.014918408575749,11.77683557316595,-9.358305407924217,6.046006263688316,-0.008274140510647909,0.009833888585076552
a3p20,bfoot_damping,0.9,bfoot_damping_0p9,5,-16.057752796156183,15.373274964533367,-15.988310856375119,11.777109190075448,-16.268770098930553,11.909876640361196,-0.010424604119295583,0.010021944116724852
a3p20,bfoot_damping,1.0,bfoot_damping_1,5,0.0,0.0,0.0,0.0,0.0,0.0,0.0,0.0
a3p20,bfoot_damping,1.1,bfoot_damping_1p1,5,-9.88429431808613,10.074661917151927,-3.506579768363872,5.989160761320173,-3.872712162866537,12.23083136880652,-0.006009790611279547,0.006366055743395707
a3p20,bfoot_damping,1.3,bfoot_damping_1p3,5,4.7549687016571625,7.401479889833363,-3.279326125885018,5.027563783578157,1.4453794470458887,7.765079904803454,0.0032873266755843386,0.004837029915335705
a3p20,bfoot_damping,1.5,bfoot_damping_1p5,5,5.287124078001943,15.094300236147182,6.526672328224959,11.752885303212254,6.617040254609992,8.753622151806985,0.0034613773597171305,0.009788674563070074
a3p20,bfoot_damping,1.7,bfoot_damping_1p7,5,21.46756857792343,12.589897739436221,25.479024943130888,13.533227443037328,25.956043664674688,15.970290252931902,0.013917674638307028,0.008904804851574447
a3p20,bfoot_damping,2.0,bfoot_damping_2,5,34.83473747273938,13.71611005216922,40.048709446336396,17.17085426340721,39.6514401240679,21.37342611546827,0.02228373774265752,0.00957357160607871
a3p20,bfoot_friction,0.0,bfoot_friction_0,5,0.0,0.0,0.0,0.0,0.0,0.0,0.0,0.0
a3p20,bfoot_friction,0.1,bfoot_friction_0p1,5,5.684430149227819,7.937401573670894,0.9465945475154512,7.2505889560373555,2.073977790445633,5.688058237889989,0.0033845825797117965,0.0045317802286127026
a3p20,bfoot_friction,0.2,bfoot_friction_0p2,5,3.1877460377473197,10.05957199451583,-0.022098329889649902,8.388247677844545,0.23082863165827802,7.1914442686798825,0.0017562647885790803,0.00598507053803701
a3p20,bfoot_friction,0.3,bfoot_friction_0p3,5,-1.4906220240955919,4.432294689102018,0.08322489203310397,4.715769250376109,-0.5995755217729766,4.729049252164736,-0.0010428777473895196,0.0028010543463068134
a3p20,bfoot_friction,0.4,bfoot_friction_0p4,5,-1.4906220240955919,4.432294689102018,0.08322489203310397,4.715769250376109,-0.5995755217729766,4.729049252164736,-0.0010428777473895196,0.0028010543463068134
a3p20,bfoot_friction,0.5,bfoot_friction_0p5,5,-1.4906220240955919,4.432294689102018,0.08322489203310397,4.715769250376109,-0.5995755217729766,4.729049252164736,-0.0010428777473895196,0.0028010543463068134
a3p20,bfoot_friction,0.6,bfoot_friction_0p6,5,-1.4906220240955919,4.432294689102018,0.08322489203310397,4.715769250376109,-0.5995755217729766,4.729049252164736,-0.0010428777473895196,0.0028010543463068134
a3p20,bfoot_friction,0.7,bfoot_friction_0p7,5,-1.4906220240955919,4.432294689102018,0.08322489203310397,4.715769250376109,-0.5995755217729766,4.729049252164736,-0.0010428777473895196,0.0028010543463068134
a3p20,bfoot_friction,0.8,bfoot_friction_0p8,5,0.20858977025377498,2.8057975755327402,1.8038476562419874,2.2144056611819414,1.1834020159179546,2.4695299488464357,7.373130193660937e-05,0.0017023514251162798
a3p20,bfoot_friction,0.9,bfoot_friction_0p9,5,0.04273901598653538,5.750468688197596,-1.7542056540431077,5.958357995795101,-1.2129192481966584,4.806528275316753,1.2829290437320686e-06,0.0037584455529428838
a3p20,bfoot_friction,1.0,bfoot_friction_1,5,0.0,0.0,0.0,0.0,0.0,0.0,0.0,0.0
a3p20,bfoot_friction,1.1,bfoot_friction_1p1,5,5.684430149227819,7.937401573670894,0.9465945475154512,7.2505889560373555,2.073977790445633,5.688058237889989,0.0033845825797117965,0.0045317802286127026
a3p20,bfoot_friction,1.3,bfoot_friction_1p3,5,3.1877460377473197,10.05957199451583,-0.022098329889649902,8.388247677844545,0.23082863165827802,7.1914442686798825,0.0017562647885790803,0.00598507053803701
a3p20,bfoot_friction,1.5,bfoot_friction_1p5,5,-1.4906220240955919,4.432294689102018,0.08322489203310397,4.715769250376109,-0.5995755217729766,4.729049252164736,-0.0010428777473895196,0.0028010543463068134
a3p20,bfoot_friction,1.7,bfoot_friction_1p7,5,-1.4906220240955919,4.432294689102018,0.08322489203310397,4.715769250376109,-0.5995755217729766,4.729049252164736,-0.0010428777473895196,0.0028010543463068134
a3p20,bfoot_friction,2.0,bfoot_friction_2,5,-1.4906220240955919,4.432294689102018,0.08322489203310397,4.715769250376109,-0.5995755217729766,4.729049252164736,-0.0010428777473895196,0.0028010543463068134
a3p20,bshin_actuator_gain,0.0,bshin_actuator_gain_0,5,1912.6308820710663,120.23170444266833,1921.301816993957,122.99400133625697,1920.648237183128,120.07359504296444,1.1898626775431929,0.049964352061753474
a3p20,bshin_actuator_gain,0.1,bshin_actuator_gain_0p1,5,1770.498287347419,177.91789347407266,1771.868973219131,187.6829820167985,1774.011847107733,185.32131664730215,1.1008842243198842,0.0890640774715635
a3p20,bshin_actuator_gain,0.2,bshin_actuator_gain_0p2,5,1633.1818065845682,262.9963855422631,1667.1783248013835,294.00786160290914,1669.4411737151827,292.16528962186374,1.0138936777169267,0.14462165731820897
a3p20,bshin_actuator_gain,0.3,bshin_actuator_gain_0p3,5,1371.287225951804,264.1013764163442,1411.5794505853632,304.8147646515168,1393.6705676785605,276.5006853719306,0.8495834583727457,0.14871161274903624
a3p20,bshin_actuator_gain,0.4,bshin_actuator_gain_0p4,5,1068.4415477630403,230.7288661759881,965.7823818641355,252.04737646778736,998.39827315466,247.02210572430593,0.6613419508860116,0.13263550641497512
a3p20,bshin_actuator_gain,0.5,bshin_actuator_gain_0p5,5,799.3977048952453,200.88121185205034,741.8723318922422,210.13917658079154,740.4701299311093,212.48722712076722,0.49317056892225486,0.11244321148178699
a3p20,bshin_actuator_gain,0.6,bshin_actuator_gain_0p6,5,527.0701422164148,153.10487152824808,526.8470995075375,151.6057565436992,528.7033123375883,157.49774466947258,0.32389637558678996,0.08230758930827776
a3p20,bshin_actuator_gain,0.7,bshin_actuator_gain_0p7,5,355.93272839405563,92.81317580884888,361.9555774989764,98.86869027408306,359.60793325932104,99.1775154724094,0.21939539142178027,0.05110437872246651
a3p20,bshin_actuator_gain,0.8,bshin_actuator_gain_0p8,5,214.00778607202398,76.12838781081162,215.8048637481344,85.9841843521286,214.8390829643718,88.99085150490704,0.13321593558172018,0.049307721466415454
a3p20,bshin_actuator_gain,0.9,bshin_actuator_gain_0p9,5,77.44788118271626,33.09038764930362,79.14128444021298,36.309073451526324,77.31006695845618,39.65454146724186,0.04852051649521087,0.021954893362221988
a3p20,bshin_actuator_gain,1.0,bshin_actuator_gain_1,5,0.0,0.0,0.0,0.0,0.0,0.0,0.0,0.0
a3p20,bshin_actuator_gain,1.1,bshin_actuator_gain_1p1,5,-50.56323628304422,43.99511235796308,-49.71367274480963,42.4354663297669,-49.62050794484344,38.63022302953586,-0.03262459008508328,0.028434756124143826
a3p20,bshin_actuator_gain,1.3,bshin_actuator_gain_1p3,5,-23.97980871680602,85.89827141351476,-21.34900987508386,87.05063532437983,-20.331163403706977,88.7164826638814,-0.017059106645617057,0.05502623971944029
a3p20,bshin_actuator_gain,1.5,bshin_actuator_gain_1p5,5,44.840470190919405,190.41821003954178,56.01808441561525,204.71834204155206,52.90779972847581,202.29756279236153,0.02517415206366123,0.12229051582195888
a3p20,bshin_actuator_gain,1.7,bshin_actuator_gain_1p7,5,126.13983418603716,287.9907316297263,131.65153390964096,306.6845365916271,130.37399400485862,306.3599035498142,0.07544374852473563,0.1845075074574101
a3p20,bshin_actuator_gain,2.0,bshin_actuator_gain_2,5,299.2482882210495,352.7938608796166,299.65148764289415,355.1818004329341,300.06713005179006,358.8576816844082,0.18396130324764462,0.2269376911318158
a3p20,bshin_damping,0.0,bshin_damping_0,5,909.1288448785457,194.17830739277656,914.5859454117644,196.60351234405667,911.8540533481453,194.44804198355249,0.5677911878680897,0.12788255821493125
a3p20,bshin_damping,0.1,bshin_damping_0p1,5,806.7807163027858,193.37075638449724,806.9454757074506,201.81723768712973,810.9049709859435,201.6959643035394,0.5021804565247237,0.11885099955394493
a3p20,bshin_damping,0.2,bshin_damping_0p2,5,665.3758570667568,207.24079601653804,670.3676407125906,211.6497979309692,670.8341092139757,210.57388608875348,0.4129378878725539,0.12566305865669172
a3p20,bshin_damping,0.3,bshin_damping_0p3,5,533.8560900933534,255.87758697376015,539.1095866535462,264.3489363364637,540.5098229048117,264.27145722951406,0.3307512331209243,0.16044086507661975
a3p20,bshin_damping,0.4,bshin_damping_0p4,5,383.4155629667027,244.09821963906947,385.9858576145556,244.37609485744625,386.718507438014,247.2556745045111,0.23675602978350327,0.15329842326948634
a3p20,bshin_damping,0.5,bshin_damping_0p5,5,242.31160502801862,221.82364733197034,246.92938748420806,223.73977173727988,246.62210311777235,224.2198910515646,0.14920977947063818,0.1398059670891502
a3p20,bshin_damping,0.6,bshin_damping_0p6,5,125.33505884884293,196.13711860987254,133.85095696393182,191.27074760585512,131.10909522132152,194.16012460488034,0.07566919210075382,0.12330417595931097
a3p20,bshin_damping,0.7,bshin_damping_0p7,5,35.488067429127796,157.9721215022654,45.52964158409177,156.95184214812068,44.924700663383874,154.03902647316036,0.01932979034115745,0.09818868806972865
a3p20,bshin_damping,0.8,bshin_damping_0p8,5,-11.414082280151115,95.53835702251776,-8.960677266626316,99.05387863705751,-8.877797540385018,96.72209932004196,-0.009158121592405278,0.058908977199236025
a3p20,bshin_damping,0.9,bshin_damping_0p9,5,-32.937488017860325,48.31321662652162,-31.307263507989546,49.312930395684646,-30.235799061890113,46.482809999647046,-0.021657638480858655,0.03041753619237916
a3p20,bshin_damping,1.0,bshin_damping_1,5,0.0,0.0,0.0,0.0,0.0,0.0,0.0,0.0
a3p20,bshin_damping,1.1,bshin_damping_1p1,5,46.0450037422997,24.231297619420587,48.11360769569596,21.556492268229643,49.48206950219583,23.169473512237165,0.0288866478774318,0.01614132765185106
a3p20,bshin_damping,1.3,bshin_damping_1p3,5,187.38425043402972,37.797873795976585,190.6780545703873,31.16707838506848,193.09530634999368,33.262425803730046,0.11609594379388799,0.01912687780083918
a3p20,bshin_damping,1.5,bshin_damping_1p5,5,350.133646152632,85.15323629970457,363.69411285457966,78.61879888713855,360.99213480600747,79.66921101472877,0.21584070283291834,0.03939731250185101
a3p20,bshin_damping,1.7,bshin_damping_1p7,5,513.1240367781626,127.19998589709026,519.8301097910105,119.98077107968152,520.2848060559895,120.5513546687232,0.31663111138605793,0.06035794331192299
a3p20,bshin_damping,2.0,bshin_damping_2,5,819.1183758746196,200.63060095572914,834.5087767270394,194.1071204432201,832.7164879868882,196.68707510339524,0.5065680474874561,0.10196441402217656
a3p20,bshin_friction,0.0,bshin_friction_0,5,0.0,0.0,0.0,0.0,0.0,0.0,0.0,0.0
a3p20,bshin_friction,0.1,bshin_friction_0p1,5,-0.1658507542672396,5.012877463439464,-3.558053310285095,4.274387168444253,-2.3963212641146128,3.3995748745595824,-7.24483728928773e-05,0.0033492763752467174
a3p20,bshin_friction,0.2,bshin_friction_0p2,5,-0.20858977025377498,2.8057975755327402,-1.8038476562419874,2.2144056611819414,-1.1834020159179546,2.4695299488464357,-7.675592124197338e-05,0.0017031827750144527
a3p20,bshin_friction,0.3,bshin_friction_0p3,5,5.475840378974044,8.55291547878007,-0.857253108726536,7.794512324384949,0.8905757745276788,6.570152144508256,0.0033078266584698228,0.004892531246961093
a3p20,bshin_friction,0.4,bshin_friction_0p4,5,2.979156267493545,10.2096478218996,-1.8259459861316372,8.352223467375232,-0.9525733842596764,7.635795177066122,0.0016808147553477586,0.006038895560110562
a3p20,bshin_friction,0.5,bshin_friction_0p5,5,-1.6992117943493668,3.330455116924759,-1.7206227642088834,3.372420617849411,-1.7829775376909311,3.494635973874225,-0.0011166090493261289,0.0021885537366792126
a3p20,bshin_friction,0.6,bshin_friction_0p6,5,-1.6992117943493668,3.330455116924759,-1.7206227642088834,3.372420617849411,-1.7829775376909311,3.494635973874225,-0.0011166090493261289,0.0021885537366792126
a3p20,bshin_friction,0.7,bshin_friction_0p7,5,-1.6992117943493668,3.330455116924759,-1.7206227642088834,3.372420617849411,-1.7829775376909311,3.494635973874225,-0.0011166090493261289,0.0021885537366792126
a3p20,bshin_friction,0.8,bshin_friction_0p8,5,-1.6992117943493668,3.330455116924759,-1.7206227642088834,3.372420617849411,-1.7829775376909311,3.494635973874225,-0.0011166090493261289,0.0021885537366792126
a3p20,bshin_friction,0.9,bshin_friction_0p9,5,-1.6992117943493668,3.330455116924759,-1.7206227642088834,3.372420617849411,-1.7829775376909311,3.494635973874225,-0.0011166090493261289,0.0021885537366792126
a3p20,bshin_friction,1.0,bshin_friction_1,5,0.0,0.0,0.0,0.0,0.0,0.0,0.0,0.0
a3p20,bshin_friction,1.1,bshin_friction_1p1,5,-0.1658507542672396,5.012877463439464,-3.558053310285095,4.274387168444253,-2.3963212641146128,3.3995748745595824,-7.24483728928773e-05,0.0033492763752467174
a3p20,bshin_friction,1.3,bshin_friction_1p3,5,-0.20858977025377498,2.8057975755327402,-1.8038476562419874,2.2144056611819414,-1.1834020159179546,2.4695299488464357,-7.675592124197338e-05,0.0017031827750144527
a3p20,bshin_friction,1.5,bshin_friction_1p5,5,5.475840378974044,8.55291547878007,-0.857253108726536,7.794512324384949,0.8905757745276788,6.570152144508256,0.0033078266584698228,0.004892531246961093
a3p20,bshin_friction,1.7,bshin_friction_1p7,5,2.979156267493545,10.2096478218996,-1.8259459861316372,8.352223467375232,-0.9525733842596764,7.635795177066122,0.0016808147553477586,0.006038895560110562
a3p20,bshin_friction,2.0,bshin_friction_2,5,-1.6992117943493668,3.330455116924759,-1.7206227642088834,3.372420617849411,-1.7829775376909311,3.494635973874225,-0.0011166090493261289,0.0021885537366792126
a3p20,bthigh_actuator_gain,0.0,bthigh_actuator_gain_0,5,1179.5574633020228,349.2596511107428,1153.1186591869453,337.1241328887019,1162.3459979516485,333.43812244642515,0.7353384780943697,0.2240674039593404
a3p20,bthigh_actuator_gain,0.1,bthigh_actuator_gain_0p1,5,1027.8087023656146,313.91191405070526,1012.6910030515157,304.6517730388795,1013.7029532088467,301.1064389050599,0.637264230540713,0.18676944092393563
a3p20,bthigh_actuator_gain,0.2,bthigh_actuator_gain_0p2,5,895.1477254492896,273.89279247055384,879.1828147755457,256.27603416902105,879.1465439857946,256.1719903798236,0.5522388112854091,0.15041045425653388
a3p20,bthigh_actuator_gain,0.3,bthigh_actuator_gain_0p3,5,718.261770363328,279.7806487311732,706.241831670756,266.3959370370664,709.1141147328664,263.6377746100622,0.43895623268969264,0.14823905258645625
a3p20,bthigh_actuator_gain,0.4,bthigh_actuator_gain_0p4,5,485.92971334824887,220.80363215903665,475.8736135327119,201.39025960193547,474.2809764400781,201.06231497864394,0.29471282747126026,0.11719437635262911
a3p20,bthigh_actuator_gain,0.5,bthigh_actuator_gain_0p5,5,339.92990055837015,148.9492336324022,339.2356672346315,149.8976294361531,340.67847937114715,145.16272970421187,0.20638145164856705,0.07731374220942097
a3p20,bthigh_actuator_gain,0.6,bthigh_actuator_gain_0p6,5,261.6202420760392,149.67056783554474,257.6186059541045,146.9095749204234,257.88464011647,146.93424148684005,0.15791643347706535,0.07941235878873418
a3p20,bthigh_actuator_gain,0.7,bthigh_actuator_gain_0p7,5,155.29807563826324,121.5928282586742,158.69246153495905,118.00105012994457,157.6742149181892,117.1209983284569,0.09313568959496991,0.06636716922341242
a3p20,bthigh_actuator_gain,0.8,bthigh_actuator_gain_0p8,5,80.53965952588479,73.2031690166656,76.41957003858856,72.26412175155,79.51155348000961,71.35563737893295,0.0480515197253516,0.040320936325586636
a3p20,bthigh_actuator_gain,0.9,bthigh_actuator_gain_0p9,5,20.103300098084038,30.072327063264005,18.08390341671757,26.316774332151308,18.66283488510494,25.94890669817868,0.0116165186489829,0.017122794050659133
a3p20,bthigh_actuator_gain,1.0,bthigh_actuator_gain_1,5,0.0,0.0,0.0,0.0,0.0,0.0,0.0,0.0
a3p20,bthigh_actuator_gain,1.1,bthigh_actuator_gain_1p1,5,-3.0431297055150024,27.888378864498346,-0.2781549227348023,24.72449246359647,-0.25675584054697537,25.203986392554256,-0.0028968726276490447,0.0171552219678598
a3p20,bthigh_actuator_gain,1.3,bthigh_actuator_gain_1p3,5,83.73260084843677,67.87705412641603,79.72024476963006,60.7407208025014,82.99874053148751,61.29127821203433,0.050149658485636295,0.03862635347475089
a3p20,bthigh_actuator_gain,1.5,bthigh_actuator_gain_1p5,5,243.69627317389796,114.65937250798207,249.19462117580898,119.42125930240937,249.09495495813195,116.42296448514962,0.14854077853694317,0.06316672922349942
a3p20,bthigh_actuator_gain,1.7,bthigh_actuator_gain_1p7,5,398.3454631338718,176.7729339763799,399.549764459281,175.75490070947183,399.70656487777717,173.8565832109939,0.24397516121570675,0.09927170829440969
a3p20,bthigh_actuator_gain,2.0,bthigh_actuator_gain_2,5,624.2065774186076,240.21524140057232,629.3530683003582,237.13873910392118,625.7194979545529,238.64917687600575,0.386814475851019,0.14851554787684407
a3p20,bthigh_damping,0.0,bthigh_damping_0,5,1383.7039905873621,914.0123445216497,1392.8262752462117,915.5740692724571,1387.471805143829,907.7703960598759,0.8728235523167035,0.6090347149518937
a3p20,bthigh_damping,0.1,bthigh_damping_0p1,5,1127.3210008254603,786.4654182112557,1130.3631382025767,778.9239858459896,1129.9314420684375,779.9559106405633,0.7131223591180251,0.5271645428061793
a3p20,bthigh_damping,0.2,bthigh_damping_0p2,5,787.7286911564435,498.9363797571402,788.4500779404555,493.9190050963329,792.5121796172467,496.651931932932,0.49630212602305324,0.3305687332746396
a3p20,bthigh_damping,0.3,bthigh_damping_0p3,5,497.961612988266,299.66584023935366,494.5068534086663,294.70823110614816,496.78888191392997,293.02847312021663,0.31223059621097965,0.19564645865675553
a3p20,bthigh_damping,0.4,bthigh_damping_0p4,5,341.313737195455,203.95928243202948,348.02075816048807,204.66050456878077,349.79120914928933,202.94721414056553,0.21403521746105425,0.13480802254787558
a3p20,bthigh_damping,0.5,bthigh_damping_0p5,5,204.5658097161053,108.87662838995523,201.24959291496566,108.28740366004536,202.9929976602748,104.21242794760938,0.12844683772466958,0.07341481440987868
a3p20,bthigh_damping,0.6,bthigh_damping_0p6,5,120.14871045954382,55.41718556906514,123.12903123742244,51.76041668077532,123.28760899709718,50.40423215974674,0.07582518548772486,0.03861426464009561
a3p20,bthigh_damping,0.7,bthigh_damping_0p7,5,62.94437367068954,28.099645040046852,62.125902668993284,26.96158389344219,62.78838994178359,27.04486324816589,0.039432948904959166,0.019206590291046842
a3p20,bthigh_damping,0.8,bthigh_damping_0p8,5,23.957410625966624,19.104412523460315,25.47644121671601,20.877976436756484,25.534585616566666,21.746269739059535,0.015041589928384775,0.012868489591637642
a3p20,bthigh_damping,0.9,bthigh_damping_0p9,5,-0.22579950698577705,12.60112896203222,0.4040748272755536,9.783824290275996,-0.19415471278093718,11.473756324845546,-0.00041476392608790006,0.008012794694231941
a3p20,bthigh_damping,1.0,bthigh_damping_1,5,0.0,0.0,0.0,0.0,0.0,0.0,0.0,0.0
a3p20,bthigh_damping,1.1,bthigh_damping_1p1,5,0.04101728670975717,25.485057161471925,3.3978088299012144,18.013252809740877,2.0121084171580605,18.746045764246603,-0.0005493468035277206,0.016011107563435923
a3p20,bthigh_damping,1.3,bthigh_damping_1p3,5,40.72052620443769,46.968284720097294,40.01366129383191,40.38437554984569,40.37616821070433,40.33853478791614,0.02446805372663261,0.02814488533819398
a3p20,bthigh_damping,1.5,bthigh_damping_1p5,5,100.44055798413478,57.134847875678986,102.74626449567491,46.633129466674916,103.43176341060875,44.76806065155865,0.06222207706292386,0.03539102808466812
a3p20,bthigh_damping,1.7,bthigh_damping_1p7,5,158.80394916515615,57.52077740591843,157.7818148430803,51.767508890483526,160.07498582811658,49.58679353133969,0.09902685322075917,0.03670602783674631
a3p20,bthigh_damping,2.0,bthigh_damping_2,5,237.9265846097616,82.53337520524228,243.42675623846654,70.63215705094731,243.15433190895018,69.52040975023438,0.14886984703178793,0.054737420429157434
a3p20,bthigh_friction,0.0,bthigh_friction_0,5,0.0,0.0,0.0,0.0,0.0,0.0,0.0,0.0
a3p20,bthigh_friction,0.1,bthigh_friction_0p1,5,0.0,0.0,0.0,0.0,0.0,0.0,0.0,0.0
a3p20,bthigh_friction,0.2,bthigh_friction_0p2,5,1.6992117943493668,3.330455116924759,1.7206227642088834,3.372420617849411,1.7829775376909311,3.494635973874225,0.001110409582385379,0.002176402781475343
a3p20,bthigh_friction,0.3,bthigh_friction_0p3,5,1.5333610400821271,3.0053876385609692,-1.8374305460762117,3.601363870309374,-0.6133437264236818,1.2021537037904164,0.0010441606764332516,0.002046554925809173
a3p20,bthigh_friction,0.4,bthigh_friction_0p4,5,1.4906220240955919,4.432294689102018,-0.08322489203310397,4.715769250376109,0.5995755217729766,4.729049252164736,0.0010336536611434057,0.0027930756160182203
a3p20,bthigh_friction,0.5,bthigh_friction_0p5,5,7.175052173323411,8.14690092462042,0.8633696554823473,8.65799289073962,2.6735533122186097,7.2339053363684185,0.004418236240855202,0.004649560322479419
a3p20,bthigh_friction,0.6,bthigh_friction_0p6,5,4.678368061842912,8.824709876701629,-0.10532322192275387,7.66384409720901,0.8304041534312546,6.576394633332436,0.0027974238046738877,0.005067408218528679
a3p20,bthigh_friction,0.7,bthigh_friction_0p7,5,0.0,0.0,0.0,0.0,0.0,0.0,0.0,0.0
a3p20,bthigh_friction,0.8,bthigh_friction_0p8,5,0.0,0.0,0.0,0.0,0.0,0.0,0.0,0.0
a3p20,bthigh_friction,0.9,bthigh_friction_0p9,5,0.0,0.0,0.0,0.0,0.0,0.0,0.0,0.0
a3p20,bthigh_friction,1.0,bthigh_friction_1,5,0.0,0.0,0.0,0.0,0.0,0.0,0.0,0.0
a3p20,bthigh_friction,1.1,bthigh_friction_1p1,5,0.0,0.0,0.0,0.0,0.0,0.0,0.0,0.0
a3p20,bthigh_friction,1.3,bthigh_friction_1p3,5,0.0,0.0,0.0,0.0,0.0,0.0,0.0,0.0
a3p20,bthigh_friction,1.5,bthigh_friction_1p5,5,3.1450070217607844,8.83776416701644,1.7321073241534577,6.296943294804651,1.4437478798549364,6.3326849062543475,0.0017532631282406361,0.005000662485548476
a3p20,bthigh_friction,1.7,bthigh_friction_1p7,5,1.4906220240955919,4.432294689102018,-0.08322489203310397,4.715769250376109,0.5995755217729766,4.729049252164736,0.0010336536611434057,0.0027930756160182203
a3p20,bthigh_friction,2.0,bthigh_friction_2,5,7.175052173323411,8.14690092462042,0.8633696554823473,8.65799289073962,2.6735533122186097,7.2339053363684185,0.004418236240855202,0.004649560322479419
a3p20,damping,0.0,damping_0,5,1555.8628952255508,160.77323413242,1559.5755425140883,125.06343691621652,1549.1176455802201,144.09339960801253,0.9734212115226166,0.11215956285491714
a3p20,damping,0.1,damping_0p1,5,1378.3227934026195,316.8875691291816,1315.8171523625545,381.48952637537604,1351.7546308431815,368.17582922317536,0.86274368695804,0.20136313308062034
a3p20,damping,0.2,damping_0p2,5,1098.287416920363,457.92883350116347,1083.5332165385803,469.9674767095749,1094.003601878872,478.3852093494468,0.6858000916569221,0.28396721576136097
a3p20,damping,0.3,damping_0p3,5,931.9319440376008,391.27606279060205,879.7064684464356,425.9291546371863,882.3686129806241,428.6988053604502,0.5844214187587161,0.2491910080285188
a3p20,damping,0.4,damping_0p4,5,667.6726153963455,353.5640432120566,664.7605063123993,367.24261386626904,663.2878443841511,370.1949564123574,0.4192303182971133,0.2271603556517168
a3p20,damping,0.5,damping_0p5,5,433.8097223166704,238.02042892474978,433.93595262895417,242.82364385871708,434.86520865062687,241.0525795797498,0.27080951839646566,0.15195666971732913
a3p20,damping,0.6,damping_0p6,5,257.83754688083854,97.5723254925085,240.9719798841772,144.51977332166726,244.92065369807136,139.27060955423133,0.16022659414693124,0.06122168238009586
a3p20,damping,0.7,damping_0p7,5,118.45417453168761,91.72716374563844,112.12350894160504,109.9006032762777,111.77240290255868,109.96110056753486,0.07226996272274704,0.055257832835584
a3p20,damping,0.8,damping_0p8,5,19.625379218893567,95.24441847521153,23.551879006334094,101.6180309403528,26.314017749816777,103.7343857824498,0.009943830497121059,0.05960654474218072
a3p20,damping,0.9,damping_0p9,5,-42.706487844748516,57.52908998417856,-33.87474992642829,57.993293153782616,-35.5201269767957,58.85171242813627,-0.028296381300577943,0.03717922206239338
a3p20,damping,1.0,damping_1,5,0.0,0.0,0.0,0.0,0.0,0.0,0.0,0.0
a3p20,damping,1.1,damping_1p1,5,74.25749422465078,43.35419463884021,79.37527877134448,39.887557199766974,80.29070677737973,40.583981860572145,0.046607081393457345,0.028797312929909943
a3p20,damping,1.3,damping_1p3,5,353.152382802274,81.75257292257079,365.4366375118179,88.76243643893486,364.1523882570197,91.34753878371404,0.22040132523523281,0.05234645183352912
a3p20,damping,1.5,damping_1p5,5,649.4321243892892,135.18350792940402,660.8783723970512,137.88582528119045,657.9477229656375,139.38883084262747,0.4028012628203004,0.07237246535302279
a3p20,damping,1.7,damping_1p7,5,947.814751578129,216.56220881004836,944.1026876398249,210.66315294860146,941.8872384105749,213.2057298126292,0.585803374854732,0.10974508526193255
a3p20,damping,2.0,damping_2,5,1383.671664801547,390.150947028824,1373.5247522060665,391.4754964355629,1386.3771904302812,389.69571155467014,0.8497710061091615,0.1906402574353522
a3p20,ffoot_actuator_gain,0.0,ffoot_actuator_gain_0,5,123.17370213636109,159.31350767390433,92.3792277004688,140.8866460666305,92.37835142228509,141.3391511893165,0.07476683137420544,0.09551045518234651
a3p20,ffoot_actuator_gain,0.1,ffoot_actuator_gain_0p1,5,64.94998111200239,104.79373332764554,69.46049952293056,99.03237184273422,68.2514904781322,99.17655638753996,0.03797227332211797,0.05950301527323488
a3p20,ffoot_actuator_gain,0.2,ffoot_actuator_gain_0p2,5,38.17913702234996,67.41229745092382,39.58830806587489,62.96302397647013,38.5967599578582,62.65931933231631,0.022133597170051512,0.0382619728203852
a3p20,ffoot_actuator_gain,0.3,ffoot_actuator_gain_0p3,5,20.863645784418395,44.97509073756763,23.59968834985052,36.575438816855915,24.701974046738904,35.95343713583481,0.012113534665781068,0.0266277696022064
a3p20,ffoot_actuator_gain,0.4,ffoot_actuator_gain_0p4,5,11.618050081490356,30.910203824429125,11.205077442851188,27.66496277113271,10.845017561335634,25.29937955458537,0.006886719795737306,0.018612484260307094
a3p20,ffoot_actuator_gain,0.5,ffoot_actuator_gain_0p5,5,-2.340418262189405,25.176468778926296,-1.479419603654287,18.618939618968902,-0.7563475875676886,15.407438525867818,-0.0016718110976508091,0.01578700254056994
a3p20,ffoot_actuator_gain,0.6,ffoot_actuator_gain_0p6,5,-2.343124925724942,13.099534567584163,-1.3264959168688164,17.96507775900743,1.06863475655573,17.079296804573627,-0.0013918294418596234,0.008079005495609424
a3p20,ffoot_actuator_gain,0.7,ffoot_actuator_gain_0p7,5,-21.915832150426333,19.817369285112967,-18.682115192233095,12.050560996865366,-19.50897551961889,12.914536867084756,-0.013348284869502316,0.012364238834192694
a3p20,ffoot_actuator_gain,0.8,ffoot_actuator_gain_0p8,5,-11.90734741900269,16.45881213530462,-8.16161203673173,10.721656203806411,-7.8755735650227505,6.901977338759281,-0.007705972002210543,0.010458406023335334
a3p20,ffoot_actuator_gain,0.9,ffoot_actuator_gain_0p9,5,-13.363191691260363,15.968953263554836,-11.509244623840232,11.8269563885628,-10.098421081504966,10.014702959932574,-0.008659178120881909,0.01012743206542667
a3p20,ffoot_actuator_gain,1.0,ffoot_actuator_gain_1,5,0.0,0.0,0.0,0.0,0.0,0.0,0.0,0.0
a3p20,ffoot_actuator_gain,1.1,ffoot_actuator_gain_1p1,5,-5.092224129257102,17.827609157441188,-4.388288410599034,21.135568452532343,-5.03069254105817,19.29849477394009,-0.0037734333571449877,0.010792764576614275
a3p20,ffoot_actuator_gain,1.3,ffoot_actuator_gain_1p3,5,11.244381256866381,25.438470133654537,3.8436966403345196,24.07558232578589,5.369844218335539,23.518448724215148,0.006382064349216826,0.015356286821988521
a3p20,ffoot_actuator_gain,1.5,ffoot_actuator_gain_1p5,5,3.294560198538602,38.35717593738549,4.91186055141593,38.88038825275404,5.155491382886931,35.12692171734657,0.0011058926253156589,0.02235630165571243
a3p20,ffoot_actuator_gain,1.7,ffoot_actuator_gain_1p7,5,26.379191811530337,49.949765828991,26.64463912232195,52.908831674573825,25.220721629642775,51.330721895535696,0.014970414079581756,0.02825629591697867
a3p20,ffoot_actuator_gain,2.0,ffoot_actuator_gain_2,5,35.36376870748536,76.24269908006634,35.54370245659284,75.85098824528258,34.14980746370725,75.20363987411379,0.019765777220931077,0.04319440628918203
a3p20,ffoot_damping,0.0,ffoot_damping_0,5,36.36318157148967,51.26390828865841,30.68229590157971,49.981937748497046,31.522783080247972,47.86065472948687,0.02069256015662726,0.028999796316799258
a3p20,ffoot_damping,0.1,ffoot_damping_0p1,5,30.363958584026385,47.872242891165385,29.443136862631263,49.356415271323094,31.403669511330644,47.197935019729435,0.01711128407290869,0.027109690681441145
a3p20,ffoot_damping,0.2,ffoot_damping_0p2,5,18.469440647542978,45.0654787400506,20.569552991286127,40.81237006676486,21.013991940140794,40.12122286742236,0.009854455986307778,0.026032286815858792
a3p20,ffoot_damping,0.3,ffoot_damping_0p3,5,17.306823337591776,42.981639743367005,20.89402836146828,39.80154709181358,21.334731200242686,37.29866835792163,0.009344750321628178,0.02515477978393417
a3p20,ffoot_damping,0.4,ffoot_damping_0p4,5,9.930301936720252,29.4932076546745,9.48136794335378,24.71933128694896,9.871981358134008,25.443995650843203,0.00499492815345646,0.0173343046071191
a3p20,ffoot_damping,0.5,ffoot_damping_0p5,5,10.332958570853453,19.590815143489383,11.581585617963537,23.056048308724904,13.531552890787406,22.4659295833096,0.005664233710862223,0.011423498868477126
a3p20,ffoot_damping,0.6,ffoot_damping_0p6,5,5.647549918816731,21.113142032480365,7.223407906237389,20.671987233849293,7.554335126464548,16.139441905249537,0.0028746066900230695,0.012582495561556576
a3p20,ffoot_damping,0.7,ffoot_damping_0p7,5,-3.357978049290023,24.002788586613836,4.0447377345248245,17.851276858903457,1.9998003259478536,14.691348408386068,-0.0027596882346848798,0.01467348678436358
a3p20,ffoot_damping,0.8,ffoot_damping_0p8,5,-6.06570431814298,19.952348710484745,-5.571708616297838,22.43506203958099,-5.686550040113843,20.768757150607513,-0.004516319429677924,0.012801952022997639
a3p20,ffoot_damping,0.9,ffoot_damping_0p9,5,-11.320550163677172,15.478244700377447,-9.512567606927405,11.080799023896558,-8.993558068256107,10.03888416332922,-0.007176292601032952,0.009940489054731548
a3p20,ffoot_damping,1.0,ffoot_damping_1,5,0.0,0.0,0.0,0.0,0.0,0.0,0.0,0.0
a3p20,ffoot_damping,1.1,ffoot_damping_1p1,5,-8.809506199776024,8.399967469920163,-15.360473297038197,7.820984959931423,-11.00850889251701,10.8840478628039,-0.005578511594480603,0.005301555425228906
a3p20,ffoot_damping,1.3,ffoot_damping_1p3,5,-6.061530677901146,11.128592462734657,-6.648348668488507,12.118395972430788,-6.411409001671609,11.022513790135191,-0.003794035487287193,0.0070246380299676435
a3p20,ffoot_damping,1.5,ffoot_damping_1p5,5,-13.416447378125032,13.552139072215297,-10.096819988161906,6.1445070865842135,-10.387530303832682,6.612794792211963,-0.008286287757195882,0.008625158507567092
a3p20,ffoot_damping,1.7,ffoot_damping_1p7,5,-3.346617973398679,9.143797461870294,-3.9976869883992094,4.261779986002042,-4.466028806945315,4.631811993775597,-0.002337189634225605,0.005718933524444903
a3p20,ffoot_damping,2.0,ffoot_damping_2,5,-12.960905503986577,19.0591149997994,-12.294279808084685,10.2680858914862,-9.864534103030383,10.361025806214716,-0.008197208935176137,0.012026580340249808
a3p20,ffoot_friction,0.0,ffoot_friction_0,5,0.0,0.0,0.0,0.0,0.0,0.0,0.0,0.0
a3p20,ffoot_friction,0.1,ffoot_friction_0p1,5,5.684430149227819,7.937401573670894,0.9465945475154512,7.2505889560373555,2.073977790445633,5.688058237889989,0.0033845825797117965,0.0045317802286127026
a3p20,ffoot_friction,0.2,ffoot_friction_0p2,5,3.1877460377473197,10.05957199451583,-0.022098329889649902,8.388247677844545,0.23082863165827802,7.1914442686798825,0.0017562647885790803,0.00598507053803701
a3p20,ffoot_friction,0.3,ffoot_friction_0p3,5,-1.4906220240955919,4.432294689102018,0.08322489203310397,4.715769250376109,-0.5995755217729766,4.729049252164736,-0.0010428777473895196,0.0028010543463068134
a3p20,ffoot_friction,0.4,ffoot_friction_0p4,5,-1.4906220240955919,4.432294689102018,0.08322489203310397,4.715769250376109,-0.5995755217729766,4.729049252164736,-0.0010428777473895196,0.0028010543463068134
a3p20,ffoot_friction,0.5,ffoot_friction_0p5,5,-1.4906220240955919,4.432294689102018,0.08322489203310397,4.715769250376109,-0.5995755217729766,4.729049252164736,-0.0010428777473895196,0.0028010543463068134
a3p20,ffoot_friction,0.6,ffoot_friction_0p6,5,-1.4906220240955919,4.432294689102018,0.08322489203310397,4.715769250376109,-0.5995755217729766,4.729049252164736,-0.0010428777473895196,0.0028010543463068134
a3p20,ffoot_friction,0.7,ffoot_friction_0p7,5,-1.4906220240955919,4.432294689102018,0.08322489203310397,4.715769250376109,-0.5995755217729766,4.729049252164736,-0.0010428777473895196,0.0028010543463068134
a3p20,ffoot_friction,0.8,ffoot_friction_0p8,5,0.20858977025377498,2.8057975755327402,1.8038476562419874,2.2144056611819414,1.1834020159179546,2.4695299488464357,7.373130193660937e-05,0.0017023514251162798
a3p20,ffoot_friction,0.9,ffoot_friction_0p9,5,0.04273901598653538,5.750468688197596,-1.7542056540431077,5.958357995795101,-1.2129192481966584,4.806528275316753,1.2829290437320686e-06,0.0037584455529428838
a3p20,ffoot_friction,1.0,ffoot_friction_1,5,0.0,0.0,0.0,0.0,0.0,0.0,0.0,0.0
a3p20,ffoot_friction,1.1,ffoot_friction_1p1,5,5.684430149227819,7.937401573670894,0.9465945475154512,7.2505889560373555,2.073977790445633,5.688058237889989,0.0033845825797117965,0.0045317802286127026
a3p20,ffoot_friction,1.3,ffoot_friction_1p3,5,3.1877460377473197,10.05957199451583,-0.022098329889649902,8.388247677844545,0.23082863165827802,7.1914442686798825,0.0017562647885790803,0.00598507053803701
a3p20,ffoot_friction,1.5,ffoot_friction_1p5,5,-1.4906220240955919,4.432294689102018,0.08322489203310397,4.715769250376109,-0.5995755217729766,4.729049252164736,-0.0010428777473895196,0.0028010543463068134
a3p20,ffoot_friction,1.7,ffoot_friction_1p7,5,-1.4906220240955919,4.432294689102018,0.08322489203310397,4.715769250376109,-0.5995755217729766,4.729049252164736,-0.0010428777473895196,0.0028010543463068134
a3p20,ffoot_friction,2.0,ffoot_friction_2,5,-1.4906220240955919,4.432294689102018,0.08322489203310397,4.715769250376109,-0.5995755217729766,4.729049252164736,-0.0010428777473895196,0.0028010543463068134
a3p20,friction,0.0,friction_0,5,-3365.8946823830656,3171.602432622664,-3411.2647736794706,3262.939398021453,-3408.767309630385,3282.040577878658,-2.0274964355999057,2.050017722483812
a3p20,friction,0.1,friction_0p1,5,-2739.057465000479,1839.5528838593434,-2756.2856229394197,1865.0898239373466,-2764.367512754571,1870.191161448265,-1.7023571411392802,1.1884932520765354
a3p20,friction,0.2,friction_0p2,5,-1590.9808318219361,1323.4765717283376,-1598.003778841495,1326.596943406035,-1605.0126138168016,1330.2252531925537,-1.0024088772687711,0.8698476799759388
a3p20,friction,0.3,friction_0p3,5,-578.6654299656636,543.5017205368549,-591.785642033428,562.9851057725695,-578.6272009863794,540.903050656061,-0.3629968603159934,0.35754098204898965
a3p20,friction,0.4,friction_0p4,5,-276.603441009106,146.76531282430759,-277.32207053857354,144.03728876562334,-277.33515324512695,146.3367326684572,-0.16947924169892664,0.08965038218292132
a3p20,friction,0.5,friction_0p5,5,-201.18509213318544,91.48843006410644,-203.8199732479332,93.44322993496435,-202.12972142240142,91.78421574411499,-0.12327702393653439,0.0542230290546032
a3p20,friction,0.6,friction_0p6,5,-152.5503381068508,55.724996071883076,-153.12153556598452,57.04532538864679,-152.9568292387399,57.00096291072643,-0.09351421097471745,0.030745811917032993
a3p20,friction,0.7,friction_0p7,5,-115.78356727092005,36.682135760177104,-117.60635564313266,38.44059385938075,-116.10058409905128,37.90409085749051,-0.07124328757841715,0.020107859186341625
a3p20,friction,0.8,friction_0p8,5,-74.51845290223528,20.09223013893666,-78.9540304674371,23.376257203714268,-76.44126243796003,21.44719048462591,-0.04576717615443607,0.009908836103910678
a3p20,friction,0.9,friction_0p9,5,-29.125531768435984,3.8707965978792096,-29.852611234809228,6.633172555377577,-28.571642270289523,7.59512823508242,-0.018108565515162916,0.002278776378310126
a3p20,friction,1.0,friction_1,5,0.0,0.0,0.0,0.0,0.0,0.0,0.0,0.0
a3p20,friction,1.1,friction_1p1,5,12.254638421102573,18.937307140309326,11.256293507174679,13.974260705445605,12.754375819224288,16.174633302068173,0.007229179289540366,0.011737031137526405
a3p20,friction,1.3,friction_1p3,5,70.4217923852631,40.510072410396695,78.8518947444636,37.27724076658983,76.43261530219506,35.02176769712943,0.04300387042592774,0.023928534988473874
a3p20,friction,1.5,friction_1p5,5,107.58085300912884,37.550123709309474,106.25107045822396,37.8580669995305,108.52335751863993,39.86006862164914,0.06656983735511371,0.023581772679688192
a3p20,friction,1.7,friction_1p7,5,143.82560727631926,43.94757669796515,146.1567734527333,47.655404922533805,144.17260708210398,51.779308593882625,0.08967366278576086,0.02916069680934917
a3p20,friction,2.0,friction_2,5,189.28068618648845,60.26396746414891,185.80989750285613,66.7714274919183,190.4244350031613,65.64822087687287,0.11818576084461774,0.03992686642452527
a3p20,friction_damping,0.0,friction_damping_0,5,-4238.578542432041,6092.938661217699,-4547.008129563612,6172.065818946336,-4518.837388485318,6315.501592212659,-2.6710990076523418,3.977831473252362
a3p20,friction_damping,0.1,friction_damping_0p1,5,-1944.6679140907593,3637.0999045456188,-1852.9344109700698,3765.095952208292,-1925.555178747159,3763.587878897067,-1.2112762907479875,2.331995740400372
a3p20,friction_damping,0.2,friction_damping_0p2,5,-36.139606201500555,1591.9662123959515,-91.46350649890228,1700.849353331952,-59.69605591174659,1643.7951579916503,-0.01546894610832732,1.0095004125038702
a3p20,friction_damping,0.3,friction_damping_0p3,5,-11.009152821312364,1471.2885060502565,-86.43670904777264,1630.9420390611308,-82.36068753397376,1611.3977932258656,-0.013138511849954293,0.9428588942386104
a3p20,friction_damping,0.4,friction_damping_0p4,5,91.12851161152521,874.7146540622048,97.11992841038519,877.192215381142,100.25705913885199,876.2851461623836,0.055345795620922324,0.5610266764029397
a3p20,friction_damping,0.5,friction_damping_0p5,5,41.3188598124231,428.0043391423806,36.932621335066074,429.22915072355937,41.09041638490453,427.8856664716203,0.025517720479000538,0.27629005440101284
a3p20,friction_damping,0.6,friction_damping_0p6,5,-33.83201663650275,256.8822542851624,-30.355596115954267,257.87247467774955,-29.9411272020508,258.3946784918721,-0.021836175110720935,0.1690174770189509
a3p20,friction_damping,0.7,friction_damping_0p7,5,-53.84307536086571,165.55388159496945,-48.58411670592413,171.3962916130361,-48.98278015048741,168.07329864802148,-0.03500357242453497,0.10830123121961513
a3p20,friction_damping,0.8,friction_damping_0p8,5,-76.69481810508509,95.76178644028496,-71.23948791683992,96.64521782380811,-71.57611336089522,97.17889519524084,-0.04882220391110655,0.06266917660287265
a3p20,friction_damping,0.9,friction_damping_0p9,5,-68.3891767779614,61.79401159203705,-60.243145348447435,64.75933119732696,-62.91980212027092,65.19905730507584,-0.04382043456362328,0.04090538117179451
a3p20,friction_damping,1.0,friction_damping_1,5,0.0,0.0,0.0,0.0,0.0,0.0,0.0,0.0
a3p20,friction_damping,1.1,friction_damping_1p1,5,101.16175945192522,52.22287645623571,104.74988129849226,51.84010571539943,105.56268679965069,52.93648486401033,0.06350273016830126,0.03480910409199399
a3p20,friction_damping,1.3,friction_damping_1p3,5,403.3363758886963,101.69541948320143,413.3770081623352,105.70943809676244,412.87705945844556,108.71205899660251,0.2515084213480097,0.0646708719269561
a3p20,friction_damping,1.5,friction_damping_1p5,5,688.7141240324024,133.57734553962902,699.2002283971372,136.6180087615198,698.3481786210957,141.07275916754477,0.4283806236249518,0.0786151933771545
a3p20,friction_damping,1.7,friction_damping_1p7,5,1019.4735949779291,208.58499654184402,1004.3033147319929,181.67739236078785,1014.8919030333916,201.17045252658107,0.6338956660811025,0.12294368999791795
a3p20,friction_damping,2.0,friction_damping_2,5,1422.685356096904,325.44611170864573,1444.5182934694217,334.2379077872639,1440.6408442873276,335.4971581121079,0.8803439332586167,0.16913333898003458
a3p20,fshin_actuator_gain,0.0,fshin_actuator_gain_0,5,607.8229077589672,235.72229206385194,593.1177193836893,266.8885119368002,591.8937342765086,267.92059596356336,0.3754820297981718,0.1394488126265022
a3p20,fshin_actuator_gain,0.1,fshin_actuator_gain_0p1,5,518.9241481393858,231.10923676398642,512.5272032821889,263.55324945412207,510.40948802910646,263.10363398788894,0.32071300200886,0.1374867487042565
a3p20,fshin_actuator_gain,0.2,fshin_actuator_gain_0p2,5,418.1328293017108,229.73999772356075,419.574529789293,233.13542872959218,419.6670862167656,234.2051982186992,0.2577062951223019,0.13674782670988855
a3p20,fshin_actuator_gain,0.3,fshin_actuator_gain_0p3,5,324.92074794115945,196.05386774555188,325.7789138050933,196.00769296655616,325.77106914656235,199.61969705255012,0.2003205233982473,0.11676056120146702
a3p20,fshin_actuator_gain,0.4,fshin_actuator_gain_0p4,5,242.95028420651556,157.53348673269204,239.2514125824066,157.81250545423597,242.21345715525837,160.0286821257039,0.1497958734258165,0.0941125465280668
a3p20,fshin_actuator_gain,0.5,fshin_actuator_gain_0p5,5,162.69471843664851,110.50024278682405,163.9805290858416,116.46057068045872,165.01127008415466,117.42736587405804,0.10030510564225455,0.0653415208125046
a3p20,fshin_actuator_gain,0.6,fshin_actuator_gain_0p6,5,95.21528922069743,79.41452956027108,94.63455169085924,79.375688630922,97.9855946977073,82.73916701089134,0.05915354664747918,0.04667811485672689
a3p20,fshin_actuator_gain,0.7,fshin_actuator_gain_0p7,5,49.7225248006193,36.63932307037363,50.76058649124256,38.01185948310214,51.79539061613254,40.30549895299883,0.03056135462168192,0.02155135182897591
a3p20,fshin_actuator_gain,0.8,fshin_actuator_gain_0p8,5,-5.345662940386228,16.25475545487008,-7.03819311578377,9.354193779001786,-5.5513636554749155,11.244090910377087,-0.0035960501642355583,0.010208886552535166
a3p20,fshin_actuator_gain,0.9,fshin_actuator_gain_0p9,5,-15.22263987004585,15.540372768400815,-9.209132459382499,7.921253925208978,-11.85352881619151,6.74507272274282,-0.009487785320986233,0.009895830875676106
a3p20,fshin_actuator_gain,1.0,fshin_actuator_gain_1,5,0.0,0.0,0.0,0.0,0.0,0.0,0.0,0.0
a3p20,fshin_actuator_gain,1.1,fshin_actuator_gain_1p1,5,-4.922103659690265,9.636514972884097,-11.118320034241242,15.21244810321418,-9.546999048498218,11.11665023088149,-0.003220570437522019,0.006234987882034577
a3p20,fshin_actuator_gain,1.3,fshin_actuator_gain_1p3,5,3.176411752554941,36.058663575765756,3.4136042267726223,37.70744726897613,1.9523614471790551,35.54954959091518,0.0008597253582801323,0.022441253619215524
a3p20,fshin_actuator_gain,1.5,fshin_actuator_gain_1p5,5,43.54757318894381,43.39307281306388,41.54264110261188,41.388802329865875,41.96748173098299,41.21964238692244,0.025764224318122926,0.025781379790478797
a3p20,fshin_actuator_gain,1.7,fshin_actuator_gain_1p7,5,98.02842696413987,60.18480427040026,87.50431293100378,57.16385468047733,97.89565137577424,62.46485494629989,0.05944741664793076,0.03703191549029634
a3p20,fshin_actuator_gain,2.0,fshin_actuator_gain_2,5,186.5888795462719,86.52764547565566,167.7336558959243,72.03825197794009,174.37803722700065,75.86882732436186,0.11518024918780789,0.05552747985516725
a3p20,fshin_damping,0.0,fshin_damping_0,5,412.452471875205,138.99304373191006,350.19680503447273,135.71907274634694,368.88083281232764,128.99071660748078,0.2582459912634526,0.0936363330174931
a3p20,fshin_damping,0.1,fshin_damping_0p1,5,288.0805497481416,75.28511007675323,259.8616455365756,81.2098844735351,262.64469711031956,86.2070438513986,0.18020779509478024,0.050909983782131026
a3p20,fshin_damping,0.2,fshin_damping_0p2,5,223.5179821497195,97.30096785692132,172.47287958176952,55.35410181988065,180.33015928637514,59.09092616756232,0.13971817931215924,0.0643212962200146
a3p20,fshin_damping,0.3,fshin_damping_0p3,5,146.06496489727738,52.386551650622565,133.49309804232462,53.5093949734581,136.85362052040824,51.06900886256536,0.09000922510038285,0.03151334082361748
a3p20,fshin_damping,0.4,fshin_damping_0p4,5,108.2825535606164,54.310676832208,95.82544377895124,53.72888985516846,97.55325767336953,53.983849679944875,0.0663508066226645,0.0328883863820375
a3p20,fshin_damping,0.5,fshin_damping_0p5,5,75.73765607517271,38.405866034534704,67.06116873189339,37.562303647978375,74.01667683383262,39.70152773072481,0.046053705937277443,0.022507977521147516
a3p20,fshin_damping,0.6,fshin_damping_0p6,5,46.41850834243987,26.117760104077917,43.476583058808274,33.19686718214169,44.9421307126277,30.278755946189747,0.02819481702747566,0.015338138745119561
a3p20,fshin_damping,0.7,fshin_damping_0p7,5,13.299613898967618,32.74402092782853,13.958300953215893,30.743339105836103,13.57361546945117,28.665318382084987,0.0074475384085751824,0.020067141749153965
a3p20,fshin_damping,0.8,fshin_damping_0p8,5,6.412960467175208,21.8776308366031,3.9509903297059736,22.932678078069635,5.124551550139813,20.327548913373448,0.003253798338162528,0.013172757636449844
a3p20,fshin_damping,0.9,fshin_damping_0p9,5,-2.0228717404043435,13.77234185800262,-3.105681924663031,14.91747586037838,-1.5526349680888871,15.695553972912279,-0.0018537765972497524,0.008521136183806625
a3p20,fshin_damping,1.0,fshin_damping_1,5,0.0,0.0,0.0,0.0,0.0,0.0,0.0,0.0
a3p20,fshin_damping,1.1,fshin_damping_1p1,5,-3.331366220961809,13.667802655472684,-3.653514177139823,11.194686339293723,-3.185040266093665,9.068907065972628,-0.0021165260436998906,0.008467132835300564
a3p20,fshin_damping,1.3,fshin_damping_1p3,5,5.288412531988888,15.688691386492708,6.474803998931748,15.34782657809713,6.688853676594908,16.995317000262567,0.0028088702055937328,0.00995069463714678
a3p20,fshin_damping,1.5,fshin_damping_1p5,5,29.721908104438352,41.94543514388516,32.357243391280825,43.977025503336066,31.830887442076026,40.77696819154888,0.017565539289532372,0.02468968084795545
a3p20,fshin_damping,1.7,fshin_damping_1p7,5,62.35642457751769,68.1470364563029,57.84105544158679,69.27996147877323,61.50073409208785,68.56901573284111,0.03715073090814007,0.03973913587587004
a3p20,fshin_damping,2.0,fshin_damping_2,5,101.72407508334622,103.08786695054278,106.75580864795174,102.36652111176076,106.17467285144645,104.91819591170491,0.060525470540410464,0.05978424999174628
a3p20,fshin_friction,0.0,fshin_friction_0,5,0.0,0.0,0.0,0.0,0.0,0.0,0.0,0.0
a3p20,fshin_friction,0.1,fshin_friction_0p1,5,5.684430149227819,7.937401573670894,0.9465945475154512,7.2505889560373555,2.073977790445633,5.688058237889989,0.0033845825797117965,0.0045317802286127026
a3p20,fshin_friction,0.2,fshin_friction_0p2,5,3.1877460377473197,10.05957199451583,-0.022098329889649902,8.388247677844545,0.23082863165827802,7.1914442686798825,0.0017562647885790803,0.00598507053803701
a3p20,fshin_friction,0.3,fshin_friction_0p3,5,-1.4906220240955919,4.432294689102018,0.08322489203310397,4.715769250376109,-0.5995755217729766,4.729049252164736,-0.0010428777473895196,0.0028010543463068134
a3p20,fshin_friction,0.4,fshin_friction_0p4,5,-1.4906220240955919,4.432294689102018,0.08322489203310397,4.715769250376109,-0.5995755217729766,4.729049252164736,-0.0010428777473895196,0.0028010543463068134
a3p20,fshin_friction,0.5,fshin_friction_0p5,5,-1.4906220240955919,4.432294689102018,0.08322489203310397,4.715769250376109,-0.5995755217729766,4.729049252164736,-0.0010428777473895196,0.0028010543463068134
a3p20,fshin_friction,0.6,fshin_friction_0p6,5,-1.4906220240955919,4.432294689102018,0.08322489203310397,4.715769250376109,-0.5995755217729766,4.729049252164736,-0.0010428777473895196,0.0028010543463068134
a3p20,fshin_friction,0.7,fshin_friction_0p7,5,-1.4906220240955919,4.432294689102018,0.08322489203310397,4.715769250376109,-0.5995755217729766,4.729049252164736,-0.0010428777473895196,0.0028010543463068134
a3p20,fshin_friction,0.8,fshin_friction_0p8,5,0.20858977025377498,2.8057975755327402,1.8038476562419874,2.2144056611819414,1.1834020159179546,2.4695299488464357,7.373130193660937e-05,0.0017023514251162798
a3p20,fshin_friction,0.9,fshin_friction_0p9,5,0.04273901598653538,5.750468688197596,-1.7542056540431077,5.958357995795101,-1.2129192481966584,4.806528275316753,1.2829290437320686e-06,0.0037584455529428838
a3p20,fshin_friction,1.0,fshin_friction_1,5,0.0,0.0,0.0,0.0,0.0,0.0,0.0,0.0
a3p20,fshin_friction,1.1,fshin_friction_1p1,5,5.684430149227819,7.937401573670894,0.9465945475154512,7.2505889560373555,2.073977790445633,5.688058237889989,0.0033845825797117965,0.0045317802286127026
a3p20,fshin_friction,1.3,fshin_friction_1p3,5,3.1877460377473197,10.05957199451583,-0.022098329889649902,8.388247677844545,0.23082863165827802,7.1914442686798825,0.0017562647885790803,0.00598507053803701
a3p20,fshin_friction,1.5,fshin_friction_1p5,5,-1.4906220240955919,4.432294689102018,0.08322489203310397,4.715769250376109,-0.5995755217729766,4.729049252164736,-0.0010428777473895196,0.0028010543463068134
a3p20,fshin_friction,1.7,fshin_friction_1p7,5,-1.4906220240955919,4.432294689102018,0.08322489203310397,4.715769250376109,-0.5995755217729766,4.729049252164736,-0.0010428777473895196,0.0028010543463068134
a3p20,fshin_friction,2.0,fshin_friction_2,5,-1.4906220240955919,4.432294689102018,0.08322489203310397,4.715769250376109,-0.5995755217729766,4.729049252164736,-0.0010428777473895196,0.0028010543463068134
a3p20,fthigh_actuator_gain,0.0,fthigh_actuator_gain_0,5,1841.7168031139197,112.07119549771801,1849.4224894372965,109.38854245072298,1849.3565785435978,109.6657800512471,1.1455956520374078,0.03882994527508141
a3p20,fthigh_actuator_gain,0.1,fthigh_actuator_gain_0p1,5,1831.1988026545114,119.76242013428289,1840.282297459041,115.54834033901491,1840.5301222928997,115.69701418456162,1.1386735930033403,0.03725690695230336
a3p20,fthigh_actuator_gain,0.2,fthigh_actuator_gain_0p2,5,1833.819795563032,116.85389412173028,1844.26221387962,113.02373330447693,1842.8495978938881,113.95834794588349,1.140448198261679,0.037649536705778676
a3p20,fthigh_actuator_gain,0.3,fthigh_actuator_gain_0p3,5,1755.6070420460376,186.48392212351374,1772.1467668984837,136.46151009769534,1760.8906147778082,167.51423380571214,1.0910678749731895,0.09299048734880716
a3p20,fthigh_actuator_gain,0.4,fthigh_actuator_gain_0p4,5,1678.2892913829069,313.5835449399011,1666.6585899365066,330.94338797275765,1665.8888488600946,330.63322828835226,1.0417618343570323,0.17917017237480967
a3p20,fthigh_actuator_gain,0.5,fthigh_actuator_gain_0p5,5,1665.466751077116,453.99180631849305,1682.4605215786264,438.9829407492129,1677.6002324364654,439.3162325059108,1.0307599125891531,0.26165319623438676
a3p20,fthigh_actuator_gain,0.6,fthigh_actuator_gain_0p6,5,1112.6134065712363,659.5086547986402,1052.5716966531343,747.7868041144789,1053.795620006723,746.7554721791226,0.6903652509379439,0.4041391499995494
a3p20,fthigh_actuator_gain,0.7,fthigh_actuator_gain_0p7,5,315.4334830922599,101.75000315525199,283.57316255925434,91.52094076456844,283.3073144300504,91.80667262771853,0.19435240635510714,0.05989323348280823
a3p20,fthigh_actuator_gain,0.8,fthigh_actuator_gain_0p8,5,156.49270787976812,48.54895478287995,151.36412965600752,47.86645879613146,154.0219182884992,49.39829315125725,0.09684726443344767,0.030161964067864044
a3p20,fthigh_actuator_gain,0.9,fthigh_actuator_gain_0p9,5,52.305488855207024,31.516032801914825,54.44915475230632,23.05952672519943,54.97506173589295,23.835815053215654,0.03220084390258617,0.019854754630803544
a3p20,fthigh_actuator_gain,1.0,fthigh_actuator_gain_1,5,0.0,0.0,0.0,0.0,0.0,0.0,0.0,0.0
a3p20,fthigh_actuator_gain,1.1,fthigh_actuator_gain_1p1,5,-18.37490565666699,33.7682428025749,-20.990548641806754,37.92802666108255,-19.88373614266561,36.52013012501376,-0.011931147822870658,0.02061767902086911
a3p20,fthigh_actuator_gain,1.3,fthigh_actuator_gain_1p3,5,27.003953005618815,81.95307800724268,26.890964349592604,88.35779595019628,29.106222695002224,89.8323721267246,0.015254698400258098,0.04933444317089812
a3p20,fthigh_actuator_gain,1.5,fthigh_actuator_gain_1p5,5,66.258298241507,79.21867731483053,72.92470626817916,88.1035621398609,68.65880423065491,84.1988210031483,0.03910852617728913,0.046965417077977335
a3p20,fthigh_actuator_gain,1.7,fthigh_actuator_gain_1p7,5,188.43183109633372,104.29355573402609,147.8779465781926,105.7529361304535,152.5259823878884,106.03999271341668,0.11433285874913221,0.05965027777475304
a3p20,fthigh_actuator_gain,2.0,fthigh_actuator_gain_2,5,886.7517491754359,515.0886278238613,642.8772093069963,700.3956753999374,807.3510824947631,645.112197560541,0.5412497676528775,0.2839621381177348
a3p20,fthigh_damping,0.0,fthigh_damping_0,5,349.926612652247,221.69945302120354,339.87995197905946,240.74537263155983,342.0930746995262,240.12568999293842,0.21468747118866677,0.12670762529044768
a3p20,fthigh_damping,0.1,fthigh_damping_0p1,5,278.11442699837926,232.25268335688847,263.43192219124273,248.5632135902011,267.9226102155669,249.50691152275533,0.1705487085915842,0.1345920316141973
a3p20,fthigh_damping,0.2,fthigh_damping_0p2,5,202.70200875902447,222.83545040174928,209.20812965287746,232.35927450055246,203.9067220128721,231.33412261822053,0.12377695848127643,0.13165896023245396
a3p20,fthigh_damping,0.3,fthigh_damping_0p3,5,138.80316847026438,182.90941256861987,144.9690204537394,190.06963311797122,144.27832111191088,188.31386750573824,0.08554120337699081,0.11136140602904229
a3p20,fthigh_damping,0.4,fthigh_damping_0p4,5,103.24587360368045,156.16601614192356,93.80494536978044,179.1760995201133,93.88323348607965,180.58567967775446,0.06376622180912232,0.09566512528004754
a3p20,fthigh_damping,0.5,fthigh_damping_0p5,5,43.013745284365584,136.22603525720166,45.401207082447264,140.8526351058551,46.648839513826445,143.54293121472432,0.02530718597945969,0.0850498908218201
a3p20,fthigh_damping,0.6,fthigh_damping_0p6,5,32.315283705660065,128.37624713558623,39.57908556061689,136.88309881648442,39.483751823649754,137.33732356532934,0.01890123753706232,0.07956147215805541
a3p20,fthigh_damping,0.7,fthigh_damping_0p7,5,3.049361800001816,96.73743063915097,7.269813703014688,95.24073127390506,7.1582036659483945,101.21096328589161,0.0005460516350790784,0.05979054899442821
a3p20,fthigh_damping,0.8,fthigh_damping_0p8,5,-0.9593825665829627,74.75230033089555,1.124633944900006,73.55205497946714,2.6670075526438266,76.60447567936515,-0.0013014350601149916,0.04731497303633591
a3p20,fthigh_damping,0.9,fthigh_damping_0p9,5,-26.90790131460799,24.42037932886042,-16.99847062164622,27.11629990741029,-18.58888685711968,27.656917291864627,-0.017487608861333454,0.015334519847085996
a3p20,fthigh_damping,1.0,fthigh_damping_1,5,0.0,0.0,0.0,0.0,0.0,0.0,0.0,0.0
a3p20,fthigh_damping,1.1,fthigh_damping_1p1,5,24.017362785275147,31.571508667384574,26.62908090747983,26.615863686962403,24.776729751914853,27.998602831324554,0.014949710215572629,0.020866876637878565
a3p20,fthigh_damping,1.3,fthigh_damping_1p3,5,108.9730194381219,67.88436401927764,117.10293392992995,64.16737767677635,115.17182000976031,68.05754631459082,0.06720987690767183,0.04383721742275002
a3p20,fthigh_damping,1.5,fthigh_damping_1p5,5,224.33217439680658,128.67655328333225,230.01533553837515,134.6550305884669,231.79116317472403,138.17752949750206,0.13885103072794205,0.08262171011803313
a3p20,fthigh_damping,1.7,fthigh_damping_1p7,5,318.90662835098976,164.7767489059005,323.9263528361686,164.9099242125104,325.77316331059944,171.39480156006138,0.1975374491177169,0.10566981458222757
a3p20,fthigh_damping,2.0,fthigh_damping_2,5,432.3583066693471,201.04194883101107,452.6589043455613,221.32912787089037,451.0247739252794,222.00903654564,0.26776766596551893,0.1280510410487188
a3p20,fthigh_friction,0.0,fthigh_friction_0,5,0.0,0.0,0.0,0.0,0.0,0.0,0.0,0.0
a3p20,fthigh_friction,0.1,fthigh_friction_0p1,5,-0.1658507542672396,5.012877463439464,-3.558053310285095,4.274387168444253,-2.3963212641146128,3.3995748745595824,-7.24483728928773e-05,0.0033492763752467174
a3p20,fthigh_friction,0.2,fthigh_friction_0p2,5,-0.20858977025377498,2.8057975755327402,-1.8038476562419874,2.2144056611819414,-1.1834020159179546,2.4695299488464357,-7.675592124197338e-05,0.0017031827750144527
a3p20,fthigh_friction,0.3,fthigh_friction_0p3,5,5.475840378974044,8.55291547878007,-0.857253108726536,7.794512324384949,0.8905757745276788,6.570152144508256,0.0033078266584698228,0.004892531246961093
a3p20,fthigh_friction,0.4,fthigh_friction_0p4,5,2.979156267493545,10.2096478218996,-1.8259459861316372,8.352223467375232,-0.9525733842596764,7.635795177066122,0.0016808147553477586,0.006038895560110562
a3p20,fthigh_friction,0.5,fthigh_friction_0p5,5,-1.6992117943493668,3.330455116924759,-1.7206227642088834,3.372420617849411,-1.7829775376909311,3.494635973874225,-0.0011166090493261289,0.0021885537366792126
a3p20,fthigh_friction,0.6,fthigh_friction_0p6,5,-1.6992117943493668,3.330455116924759,-1.7206227642088834,3.372420617849411,-1.7829775376909311,3.494635973874225,-0.0011166090493261289,0.0021885537366792126
a3p20,fthigh_friction,0.7,fthigh_friction_0p7,5,-1.6992117943493668,3.330455116924759,-1.7206227642088834,3.372420617849411,-1.7829775376909311,3.494635973874225,-0.0011166090493261289,0.0021885537366792126
a3p20,fthigh_friction,0.8,fthigh_friction_0p8,5,-1.6992117943493668,3.330455116924759,-1.7206227642088834,3.372420617849411,-1.7829775376909311,3.494635973874225,-0.0011166090493261289,0.0021885537366792126
a3p20,fthigh_friction,0.9,fthigh_friction_0p9,5,-1.6992117943493668,3.330455116924759,-1.7206227642088834,3.372420617849411,-1.7829775376909311,3.494635973874225,-0.0011166090493261289,0.0021885537366792126
a3p20,fthigh_friction,1.0,fthigh_friction_1,5,0.0,0.0,0.0,0.0,0.0,0.0,0.0,0.0
a3p20,fthigh_friction,1.1,fthigh_friction_1p1,5,-0.1658507542672396,5.012877463439464,-3.558053310285095,4.274387168444253,-2.3963212641146128,3.3995748745595824,-7.24483728928773e-05,0.0033492763752467174
a3p20,fthigh_friction,1.3,fthigh_friction_1p3,5,-0.20858977025377498,2.8057975755327402,-1.8038476562419874,2.2144056611819414,-1.1834020159179546,2.4695299488464357,-7.675592124197338e-05,0.0017031827750144527
a3p20,fthigh_friction,1.5,fthigh_friction_1p5,5,5.475840378974044,8.55291547878007,-0.857253108726536,7.794512324384949,0.8905757745276788,6.570152144508256,0.0033078266584698228,0.004892531246961093
a3p20,fthigh_friction,1.7,fthigh_friction_1p7,5,2.979156267493545,10.2096478218996,-1.8259459861316372,8.352223467375232,-0.9525733842596764,7.635795177066122,0.0016808147553477586,0.006038895560110562
a3p20,fthigh_friction,2.0,fthigh_friction_2,5,-1.6992117943493668,3.330455116924759,-1.7206227642088834,3.372420617849411,-1.7829775376909311,3.494635973874225,-0.0011166090493261289,0.0021885537366792126
a3p20,gear,0.0,gear_0,5,1863.1943498235676,95.8650150478554,1866.3971497497284,101.16338493728801,1866.8943248346761,102.9247503518427,1.160074320004981,0.05261431991595138
a3p20,gear,0.1,gear_0p1,5,1855.0915169565062,90.46791312634281,1858.3026580418482,93.48240185898953,1858.8090341947652,94.66351820709546,1.1548463014140091,0.04380064707337046
a3p20,gear,0.2,gear_0p2,5,1850.9760996724283,91.28739680587262,1854.1066156727234,91.92234052159523,1854.6643710464073,92.40281649871862,1.1521290359679646,0.03985248130259142
a3p20,gear,0.3,gear_0p3,5,1850.9434223399633,98.77004370220598,1854.1123351872836,97.7887199252833,1854.6346972789136,97.72423646119724,1.151904034417795,0.04051137271671135
a3p20,gear,0.4,gear_0p4,5,1849.5870397679184,101.89927825552225,1852.8407826897637,100.18869173177733,1853.3681865587346,99.90862104885848,1.150975383096662,0.04113587176751683
a3p20,gear,0.5,gear_0p5,5,1819.3754979817463,105.25328914742347,1825.9435582236413,94.54906925857821,1824.3167169342807,95.36831041119557,1.1316152082181414,0.030050700858870207
a3p20,gear,0.6,gear_0p6,5,1670.6449243069405,262.6861695336784,1671.6230285807367,259.49172752245744,1672.2103974638292,257.79991774097743,1.042655263877577,0.17265339969488128
a3p20,gear,0.7,gear_0p7,5,845.545966025609,189.1654912667872,846.3705639124298,193.3521416909531,846.9312137528854,195.57699696368232,0.522892811658864,0.10501220436071357
a3p20,gear,0.8,gear_0p8,5,476.86201413524594,111.8741799013059,479.52086491388735,119.7059266198143,480.5968816084136,122.00574748753364,0.2962452217618572,0.0675405008303605
a3p20,gear,0.9,gear_0p9,5,187.95049600713145,59.46552776389143,184.19778125115243,57.79145522421635,185.0422745827541,62.28143162725806,0.11737112646885368,0.0387496310724394
a3p20,gear,1.0,gear_1,5,0.0,0.0,0.0,0.0,0.0,0.0,0.0,0.0
a3p20,gear,1.1,gear_1p1,5,-51.31691822481817,45.77700510032427,-48.20788201906953,49.545291456476924,-47.520330897459054,50.952631274355014,-0.033418110412473764,0.02989237806488628
a3p20,gear,1.3,gear_1p3,5,92.96870873958547,155.44731908000188,28.62793720418417,170.31964567882284,34.594868795081126,167.04609542155066,0.05852648711842542,0.1006936028796323
a3p20,gear,1.5,gear_1p5,5,298.740159429341,362.611853801325,295.2353791167744,377.9739461795162,277.1619063310661,351.40752585115223,0.19192315428810325,0.23637538420658422
a3p20,gear,1.7,gear_1p7,5,710.5996991917079,426.8412534394117,584.2647576051115,505.74517331840383,640.18788594245,495.71935196636656,0.45073394674355605,0.27511679913101605
a3p20,gear,2.0,gear_2,5,1338.8037923150794,184.22269584224222,1431.1159505513601,421.6565581480202,1400.6949033214455,291.7382947600747,0.8422792260419889,0.15848279394295295
a3p20,gravity,0.0,gravity_0,5,-314.01784469338054,77.96613808812181,-315.66828971182383,83.028034038459,-318.0280397878845,88.34547862562896,-0.25230316314883494,0.09156527394278258
a3p20,gravity,0.1,gravity_0p1,5,-292.5567890978612,68.78587292881936,-303.88757764701177,77.93667593661758,-302.6343816235841,82.19530205918416,-0.23450362541600014,0.08183863145444235
a3p20,gravity,0.2,gravity_0p2,5,-268.4592127480802,79.86860761067152,-268.05797780728466,81.00468960519507,-272.33784888627,83.66591777070627,-0.21644915324082223,0.08944911630226043
a3p20,gravity,0.3,gravity_0p3,5,-236.28752590039986,78.63705029786941,-241.19665068028934,84.2665027982699,-241.52140976262626,87.24845601557755,-0.19185057482669843,0.08635450076895237
a3p20,gravity,0.4,gravity_0p4,5,-213.63652958599044,76.84514686656382,-217.32472693114582,78.68889208715835,-219.23338074984122,82.80219482190007,-0.1730777275799738,0.08265897870766038
a3p20,gravity,0.5,gravity_0p5,5,-172.27229873594152,65.71476125358386,-179.15888968214375,73.52314845257241,-183.25481065715866,77.71027873862123,-0.14022723149341557,0.06996854993081887
a3p20,gravity,0.6,gravity_0p6,5,-145.30787067352495,62.69331003268144,-149.9856361546672,73.13355688283283,-152.16181875571334,74.5994059533925,-0.118496163231571,0.06511914389524617
a3p20,gravity,0.7,gravity_0p7,5,-101.50777072771648,42.97579459755219,-111.85370394621286,55.41005814184722,-110.29673661422457,54.37362125700339,-0.08302747108087309,0.04495377724786726
a3p20,gravity,0.8,gravity_0p8,5,-86.66753986751318,52.202282200739035,-90.86062047567198,62.55648983791514,-93.6348465051256,64.03229243215158,-0.07140103692927045,0.05176956471439463
a3p20,gravity,0.9,gravity_0p9,5,-53.272764239413206,45.6245632690502,-57.0713874929816,51.7655266817096,-58.420193184427625,54.70733758921069,-0.0445663605710842,0.04365772813818367
a3p20,gravity,1.0,gravity_1,5,0.0,0.0,0.0,0.0,0.0,0.0,0.0,0.0
a3p20,gravity,1.1,gravity_1p1,5,35.350100607765306,6.44848207792726,19.55555949318723,24.28290721716803,27.53844293697939,8.072140004171185,0.02823491330221718,0.008050327861155287
a3p20,gravity,1.3,gravity_1p3,5,140.83138919543927,62.51453281690932,139.16105698194363,70.386632396084,136.26903643305565,58.346999461150475,0.11473843392691616,0.06463019074110765
a3p20,gravity,1.5,gravity_1p5,5,270.86262157256397,97.87979013049282,234.44619592744348,115.11714939987137,226.67573278063145,104.92375385343927,0.2171073103997033,0.10077372997871276
a3p20,gravity,1.7,gravity_1p7,5,532.8923907877886,214.10124769050873,308.06039825577307,81.49453428305698,341.11120164245773,91.4540836899784,0.4047862411700976,0.12496308140027139
a3p20,gravity,2.0,gravity_2,5,930.5344729895338,536.4222115379824,795.3579702138109,681.5231949784869,805.9061475841547,671.4904070203587,0.6986146098226685,0.3248220643457488
a3p40,bfoot_actuator_gain,0.0,bfoot_actuator_gain_0,5,344.3338092551311,360.38129951053065,355.0446502940539,372.48163158078415,352.78920661168985,362.9346031500643,0.2073910441515821,0.20004259069467667
a3p40,bfoot_actuator_gain,0.1,bfoot_actuator_gain_0p1,5,264.3501597789251,244.68399246096504,130.03662920718475,68.22884517324948,211.50539115491011,132.30509549210262,0.16026515997496202,0.13510286884318443
a3p40,bfoot_actuator_gain,0.2,bfoot_actuator_gain_0p2,5,213.4405026556568,170.65924839441735,113.75206429788446,68.67790610396985,115.28821544434618,65.51796294674284,0.13030991577158996,0.09408106893164052
a3p40,bfoot_actuator_gain,0.3,bfoot_actuator_gain_0p3,5,125.19748214854727,67.49172664331343,91.11833599818992,66.33973296345584,88.91415211720387,62.4125548253088,0.07795544781417052,0.03861353291276456
a3p40,bfoot_actuator_gain,0.4,bfoot_actuator_gain_0p4,5,106.87096589868801,68.19912378781926,71.852666211104,63.01159269098533,70.45165949549119,57.956938774191975,0.06607831662835918,0.03899065483844254
a3p40,bfoot_actuator_gain,0.5,bfoot_actuator_gain_0p5,5,60.142661227146576,46.08369149898573,60.59496351629382,50.96104105546571,61.78617112717238,50.70901606451255,0.03896800318874128,0.029751022576729576
a3p40,bfoot_actuator_gain,0.6,bfoot_actuator_gain_0p6,5,54.24690554979024,39.19839937218012,42.93224839399554,40.50063250621545,39.67759957388607,36.98118819351822,0.0333850693738957,0.02293135006413606
a3p40,bfoot_actuator_gain,0.7,bfoot_actuator_gain_0p7,5,51.47493186292927,51.28595747741856,42.49383606791643,39.02674168109192,35.349653041305466,34.665308847595675,0.033377711115717607,0.03419252282339325
a3p40,bfoot_actuator_gain,0.8,bfoot_actuator_gain_0p8,5,7.157596845903572,13.642971300931151,6.5136646089552865,18.535460876651406,6.424217528741247,14.677340675690452,0.00472102067595819,0.00869161840542095
a3p40,bfoot_actuator_gain,0.9,bfoot_actuator_gain_0p9,5,-1.6658000757384799,12.493138962853052,1.9558125624997955,11.533547818942084,-0.4603179839815311,9.281755917837701,-0.0014415640082741429,0.007663499136192202
a3p40,bfoot_actuator_gain,1.0,bfoot_actuator_gain_1,5,0.0,0.0,0.0,0.0,0.0,0.0,0.0,0.0
a3p40,bfoot_actuator_gain,1.1,bfoot_actuator_gain_1p1,5,-13.943972638917694,9.82394241015026,-10.712760279734994,9.444310228044564,-11.695896977346411,7.484489314492419,-0.009015824275917395,0.006574157558770292
a3p40,bfoot_actuator_gain,1.3,bfoot_actuator_gain_1p3,5,-11.734621237790815,17.58401353824503,-6.770202391430621,19.31499862015608,-9.759726847990624,16.01831335083997,-0.007576102713039969,0.011614895435615448
a3p40,bfoot_actuator_gain,1.5,bfoot_actuator_gain_1p5,5,-15.662512083096999,34.058897548800644,-7.467232800885176,24.438206269353454,-8.461902651398258,25.278117977661747,-0.00999971203787604,0.02231868708426325
a3p40,bfoot_actuator_gain,1.7,bfoot_actuator_gain_1p7,5,-15.538619317454458,31.625347298425968,-16.93999163981571,26.049986619814263,-18.026976040899218,29.61986577936031,-0.009883368321800527,0.021237636873965453
a3p40,bfoot_actuator_gain,2.0,bfoot_actuator_gain_2,5,-4.611166463042082,17.65441302297877,0.28981934465118686,25.3551510549489,0.21417396941610606,24.410744995409207,-0.0032080155805015954,0.01150068468721854
a3p40,bfoot_damping,0.0,bfoot_damping_0,5,127.29678984680781,38.198178709169156,130.3162063318658,50.100137182856166,130.36606732472518,49.826297816567276,0.08167789100666556,0.02519618768294558
a3p40,bfoot_damping,0.1,bfoot_damping_0p1,5,104.76035128172948,45.900115182275634,99.95441286401415,48.77916535996682,107.87639264184267,57.21541394227109,0.0669573186289724,0.029437949366290163
a3p40,bfoot_damping,0.2,bfoot_damping_0p2,5,73.95715722744035,35.41302509082874,80.2282348367828,52.25185902732735,81.3714793195184,49.63744288290557,0.04725897631897176,0.02267319267688018
a3p40,bfoot_damping,0.3,bfoot_damping_0p3,5,75.08008383297093,43.209106401744414,59.58931738141255,47.17882082385703,61.99407837683852,45.36390463220102,0.04815639012260052,0.028440101023346567
a3p40,bfoot_damping,0.4,bfoot_damping_0p4,5,28.91016500198257,34.150088565958214,32.316817740832356,52.74101037385905,34.20360471735771,47.59860113265899,0.018100377420185478,0.02169755356437497
a3p40,bfoot_damping,0.5,bfoot_damping_0p5,5,21.09996714032286,32.000530752685094,27.396760342159997,42.029263470538375,27.054198190121543,40.48193573249355,0.013030900637629062,0.02029426155550874
a3p40,bfoot_damping,0.6,bfoot_damping_0p6,5,14.620688829599839,23.378432995731508,9.433484689890202,34.322102623537,14.578722977693541,34.08733693255787,0.009138833573612485,0.014922584407663116
a3p40,bfoot_damping,0.7,bfoot_damping_0p7,5,2.379788542057304,11.846774461627058,3.2376108466031837,17.058054993384616,4.010814045829056,16.68499344477143,0.001625857238238243,0.007978050732016885
a3p40,bfoot_damping,0.8,bfoot_damping_0p8,5,-4.5272405575805355,28.47143621877418,-0.8876739724061281,15.322595759225107,2.2550362788952496,15.292729200775302,-0.002800070131147904,0.018377433896891074
a3p40,bfoot_damping,0.9,bfoot_damping_0p9,5,-6.406753754096007,20.17324762169868,-3.4679789628004527,10.35789903120152,-1.808945133663292,7.977359649182805,-0.0038403728383032652,0.013014711258584314
a3p40,bfoot_damping,1.0,bfoot_damping_1,5,0.0,0.0,0.0,0.0,0.0,0.0,0.0,0.0
a3p40,bfoot_damping,1.1,bfoot_damping_1p1,5,3.861880473751853,13.763716819862054,9.321575113561584,8.341111714313374,8.78402603320651,7.073232111079054,0.002591443154407266,0.008930338077655451
a3p40,bfoot_damping,1.3,bfoot_damping_1p3,5,3.4929336565920495,21.36181669422803,10.138621381703569,14.719464694153565,11.347460622454445,14.809409995828378,0.0027467228711152867,0.01374437889936993
a3p40,bfoot_damping,1.5,bfoot_damping_1p5,5,15.50103984153352,19.92579727729298,16.674529374400162,14.426481893079892,17.34326354365121,16.949277199320754,0.010310452247707786,0.01281038255240393
a3p40,bfoot_damping,1.7,bfoot_damping_1p7,5,28.02018634191777,24.560922086559255,31.526368132567587,23.696691883814285,33.65646848866195,25.79822548142758,0.01845381093717117,0.015818480722612365
a3p40,bfoot_damping,2.0,bfoot_damping_2,5,39.09894481966503,39.44116903488533,37.97434024401832,49.327989620879904,42.03454335286019,46.55053879588499,0.025698037595251955,0.025172103393647793
a3p40,bfoot_friction,0.0,bfoot_friction_0,5,-0.5119580845843756,1.0034378457853763,-3.014949218333186,5.909300467933044,-2.2819327309182427,4.472588152599755,-0.0002915363510470493,0.0005714112480522165
a3p40,bfoot_friction,0.1,bfoot_friction_0p1,5,-4.146331994534103,5.284430442947135,-2.15792439741831,2.602617640296259,-3.656035898158234,4.475051578868312,-0.002734331871911691,0.0034772437184894616
a3p40,bfoot_friction,0.2,bfoot_friction_0p2,5,-0.5187501428304586,1.0001927969790239,-2.4449674310624685,6.282413379403789,-3.364971936065558,4.445563276123979,-0.0002958663626294609,0.0005693488452471123
a3p40,bfoot_friction,0.3,bfoot_friction_0p3,5,-6.604881143463399,4.676262943414794,-6.957534683693939,6.048908024787844,-9.187689986476197,2.230072233477236,-0.004356720468016456,0.0031465026861028835
a3p40,bfoot_friction,0.4,bfoot_friction_0p4,5,-6.092923058879023,5.181905036042522,-3.942585465360753,4.949890904317484,-6.905757255557956,3.9035949210913268,-0.004065184116969407,0.0034424413474298753
a3p40,bfoot_friction,0.5,bfoot_friction_0p5,5,0.0,0.0,0.0,0.0,0.0,0.0,0.0,0.0
a3p40,bfoot_friction,0.6,bfoot_friction_0p6,5,0.0,0.0,0.0,0.0,0.0,0.0,0.0,0.0
a3p40,bfoot_friction,0.7,bfoot_friction_0p7,5,0.0,0.0,0.0,0.0,0.0,0.0,0.0,0.0
a3p40,bfoot_friction,0.8,bfoot_friction_0p8,5,0.0,0.0,0.0,0.0,0.0,0.0,0.0,0.0
a3p40,bfoot_friction,0.9,bfoot_friction_0p9,5,0.0,0.0,0.0,0.0,0.0,0.0,0.0,0.0
a3p40,bfoot_friction,1.0,bfoot_friction_1,5,0.0,0.0,0.0,0.0,0.0,0.0,0.0,0.0
a3p40,bfoot_friction,1.1,bfoot_friction_1p1,5,-3.95825751575826,3.8834050779241216,-5.96100877403951,6.647139362487923,-7.07648995476743,4.067813611138934,-0.0026187549969005986,0.0026531080536298392
a3p40,bfoot_friction,1.3,bfoot_friction_1p3,5,-0.5119580845843756,1.0034378457853763,-3.014949218333186,5.909300467933044,-2.2819327309182427,4.472588152599755,-0.0002915363510470493,0.0005714112480522165
a3p40,bfoot_friction,1.5,bfoot_friction_1p5,5,-6.604881143463399,4.676262943414794,-6.957534683693939,6.048908024787844,-9.187689986476197,2.230072233477236,-0.004356720468016456,0.0031465026861028835
a3p40,bfoot_friction,1.7,bfoot_friction_1p7,5,-6.604881143463399,4.676262943414794,-6.957534683693939,6.048908024787844,-9.187689986476197,2.230072233477236,-0.004356720468016456,0.0031465026861028835
a3p40,bfoot_friction,2.0,bfoot_friction_2,5,0.0,0.0,0.0,0.0,0.0,0.0,0.0,0.0
a3p40,bshin_actuator_gain,0.0,bshin_actuator_gain_0,5,1803.3815086299037,159.43572462633645,1790.933094417398,195.75282208720515,1797.8912161996395,183.09887029484523,1.1533103250550085,0.06160579160732341
a3p40,bshin_actuator_gain,0.1,bshin_actuator_gain_0p1,5,1722.6840437133026,234.6041949143147,1711.9181610078347,263.14741568746297,1709.9481537069628,262.2627903964498,1.1003253774178603,0.1168362952762225
a3p40,bshin_actuator_gain,0.2,bshin_actuator_gain_0p2,5,1645.2720240151866,308.9490302199402,1641.6438208537922,344.06475342579506,1638.6205378287152,343.6743039922702,1.0496263474621186,0.17001489810819578
a3p40,bshin_actuator_gain,0.3,bshin_actuator_gain_0p3,5,1525.3332095931382,389.7631701837782,1525.660381622985,413.40691657828074,1523.3285895261677,410.79744822696074,0.970932467362944,0.22074645426941647
a3p40,bshin_actuator_gain,0.4,bshin_actuator_gain_0p4,5,1157.9929782506806,392.6137208823161,1182.3799803430716,493.98397510391743,1193.8915045652386,496.6598978025165,0.7289290002040059,0.198675262933309
a3p40,bshin_actuator_gain,0.5,bshin_actuator_gain_0p5,5,875.8282809400923,339.2241080325915,987.1012140455707,560.1458895491111,886.6762692994328,374.16632472668135,0.5491880288802495,0.1715882670965165
a3p40,bshin_actuator_gain,0.6,bshin_actuator_gain_0p6,5,529.1182948608648,116.02580269742006,520.5790294005334,119.09041363551923,519.2422803664497,118.06457065240707,0.33629591062098213,0.060386855285740525
a3p40,bshin_actuator_gain,0.7,bshin_actuator_gain_0p7,5,302.67393084814717,80.670447577471,311.00836424479326,98.20604785989684,307.9775751015187,91.20344677568933,0.19274646469028522,0.0475836838435948
a3p40,bshin_actuator_gain,0.8,bshin_actuator_gain_0p8,5,161.8131320408288,98.33385017312277,172.64205705918366,115.98536211395121,170.19371774561222,110.6054455720561,0.10311666051622055,0.06262952458798487
a3p40,bshin_actuator_gain,0.9,bshin_actuator_gain_0p9,5,45.754311553220035,43.360279756239066,47.967068080879606,62.16350536092105,47.55877511037843,56.51734350255705,0.029290404429469667,0.027789459904834023
a3p40,bshin_actuator_gain,1.0,bshin_actuator_gain_1,5,0.0,0.0,0.0,0.0,0.0,0.0,0.0,0.0
a3p40,bshin_actuator_gain,1.1,bshin_actuator_gain_1p1,5,-9.722215128954668,30.643417156381624,-10.97695363276598,27.031322885954058,-12.274563924146014,28.030752641738097,-0.005781204454315769,0.01967568991779061
a3p40,bshin_actuator_gain,1.3,bshin_actuator_gain_1p3,5,27.42507742730991,41.90672670330486,37.098805419793734,54.15229403545307,34.294687764687566,51.162154202585896,0.017691120452146596,0.02775706123110881
a3p40,bshin_actuator_gain,1.5,bshin_actuator_gain_1p5,5,106.73356393280115,128.0173115383935,117.64657176645755,143.81607700254963,114.2276240609261,139.9722955846987,0.06849082061938558,0.08200957816062478
a3p40,bshin_actuator_gain,1.7,bshin_actuator_gain_1p7,5,151.23333976809468,218.57909947936184,144.40038177060882,252.2862075430262,141.96702850634014,246.5008859388241,0.09564588478312928,0.14001893610959532
a3p40,bshin_actuator_gain,2.0,bshin_actuator_gain_2,5,258.0512950353787,361.4242262772288,245.85200661269195,401.5259170125918,246.79450584895767,397.1426179693683,0.16290259305245225,0.23086771484503868
a3p40,bshin_damping,0.0,bshin_damping_0,5,1004.6593790816099,79.4731310181881,1011.6875492642517,68.25481547760525,1011.939626354488,68.95894453051474,0.646671105680576,0.07740657386330106
a3p40,bshin_damping,0.1,bshin_damping_0p1,5,888.7191229257242,81.33141501232363,895.1335555717636,74.92925002119033,894.5910301475685,78.0748322075754,0.572017924394393,0.07314226366452418
a3p40,bshin_damping,0.2,bshin_damping_0p2,5,787.1924178869217,84.35320602082268,802.2851278906279,87.3892637600555,796.3203034312819,87.73863402990527,0.5069654799598333,0.07196208493722911
a3p40,bshin_damping,0.3,bshin_damping_0p3,5,640.6338339298109,95.75421188289528,645.4936721135551,93.26572655206773,644.2081739706815,93.59056054956035,0.41337455654644895,0.07628794515513086
a3p40,bshin_damping,0.4,bshin_damping_0p4,5,485.47464563893175,75.63842664437936,489.61004107734664,70.01588939898211,490.74143293094966,74.96930043288752,0.31362270955588467,0.06067566684795604
a3p40,bshin_damping,0.5,bshin_damping_0p5,5,309.2241514899062,101.44590129078021,323.0586012438212,98.9215458218248,317.152367476129,94.71559222355276,0.20074361449518136,0.07255920023317336
a3p40,bshin_damping,0.6,bshin_damping_0p6,5,184.8367688085416,103.92775287195366,193.7262736758227,89.51993907745072,194.75923040793927,91.24431336307956,0.12049857660094795,0.07089869408742387
a3p40,bshin_damping,0.7,bshin_damping_0p7,5,111.86319903774366,114.01999886114339,119.56279730715228,104.50322705364496,117.05934905237328,110.43077493985666,0.07376239368172373,0.0759376858062785
a3p40,bshin_damping,0.8,bshin_damping_0p8,5,37.130606604907186,95.9957171695479,41.343125155265355,83.1105951342026,39.821137428966814,88.12684896953435,0.025233856822552747,0.06280549680403176
a3p40,bshin_damping,0.9,bshin_damping_0p9,5,2.4286549920839207,45.64682600561202,8.074625997718204,33.14689954892957,6.095044637393539,38.50395678731024,0.0020512723247795876,0.029615150022241837
a3p40,bshin_damping,1.0,bshin_damping_1,5,0.0,0.0,0.0,0.0,0.0,0.0,0.0,0.0
a3p40,bshin_damping,1.1,bshin_damping_1p1,5,15.814813371999344,21.18459655364938,20.767154405983273,43.123359035958295,22.145804897960808,34.77540498981783,0.009714297178287987,0.013417887337434504
a3p40,bshin_damping,1.3,bshin_damping_1p3,5,160.63008323293047,45.647947290592725,169.39378264163787,54.70178627233168,169.4264396515952,51.91117331658685,0.1021827211924308,0.027154475651174532
a3p40,bshin_damping,1.5,bshin_damping_1p5,5,352.03797254428537,61.374185179003334,362.1778919365225,56.35269012596792,360.7818294730823,56.392963556187226,0.22471186346317967,0.033227312631942015
a3p40,bshin_damping,1.7,bshin_damping_1p7,5,571.2109919543394,113.0223550095371,581.2386212055292,106.44411237481675,579.0571889052906,105.28495097670184,0.3643834196330733,0.06251617311997204
a3p40,bshin_damping,2.0,bshin_damping_2,5,909.7026120235423,203.8864760373268,922.3572843194986,196.96869320102013,915.3577698651777,200.59158450700534,0.579496012400135,0.11337174270332347
a3p40,bshin_friction,0.0,bshin_friction_0,5,0.0,0.0,0.0,0.0,0.0,0.0,0.0,0.0
a3p40,bshin_friction,0.1,bshin_friction_0p1,5,0.0,0.0,0.0,0.0,0.0,0.0,0.0,0.0
a3p40,bshin_friction,0.2,bshin_friction_0p2,5,0.0,0.0,0.0,0.0,0.0,0.0,0.0,0.0
a3p40,bshin_friction,0.3,bshin_friction_0p3,5,-3.95825751575826,3.8834050779241216,-5.96100877403951,6.647139362487923,-7.07648995476743,4.067813611138934,-0.0026187549969005986,0.0026531080536298392
a3p40,bshin_friction,0.4,bshin_friction_0p4,5,-0.5119580845843756,1.0034378457853763,-3.014949218333186,5.909300467933044,-2.2819327309182427,4.472588152599755,-0.0002915363510470493,0.0005714112480522165
a3p40,bshin_friction,0.5,bshin_friction_0p5,5,-6.604881143463399,4.676262943414794,-6.957534683693939,6.048908024787844,-9.187689986476197,2.230072233477236,-0.004356720468016456,0.0031465026861028835
a3p40,bshin_friction,0.6,bshin_friction_0p6,5,-6.604881143463399,4.676262943414794,-6.957534683693939,6.048908024787844,-9.187689986476197,2.230072233477236,-0.004356720468016456,0.0031465026861028835
a3p40,bshin_friction,0.7,bshin_friction_0p7,5,0.0,0.0,0.0,0.0,0.0,0.0,0.0,0.0
a3p40,bshin_friction,0.8,bshin_friction_0p8,5,0.0,0.0,0.0,0.0,0.0,0.0,0.0,0.0
a3p40,bshin_friction,0.9,bshin_friction_0p9,5,0.0,0.0,0.0,0.0,0.0,0.0,0.0,0.0
a3p40,bshin_friction,1.0,bshin_friction_1,5,0.0,0.0,0.0,0.0,0.0,0.0,0.0,0.0
a3p40,bshin_friction,1.1,bshin_friction_1p1,5,0.0,0.0,0.0,0.0,0.0,0.0,0.0,0.0
a3p40,bshin_friction,1.3,bshin_friction_1p3,5,0.0,0.0,0.0,0.0,0.0,0.0,0.0,0.0
a3p40,bshin_friction,1.5,bshin_friction_1p5,5,-3.95825751575826,3.8834050779241216,-5.96100877403951,6.647139362487923,-7.07648995476743,4.067813611138934,-0.0026187549969005986,0.0026531080536298392
a3p40,bshin_friction,1.7,bshin_friction_1p7,5,-0.5119580845843756,1.0034378457853763,-3.014949218333186,5.909300467933044,-2.2819327309182427,4.472588152599755,-0.0002915363510470493,0.0005714112480522165
a3p40,bshin_friction,2.0,bshin_friction_2,5,-6.604881143463399,4.676262943414794,-6.957534683693939,6.048908024787844,-9.187689986476197,2.230072233477236,-0.004356720468016456,0.0031465026861028835
a3p40,bthigh_actuator_gain,0.0,bthigh_actuator_gain_0,5,1384.0332298504973,426.9351633262161,1356.5285397960838,417.7669062899901,1361.4789810980446,417.42190353615905,0.8853182364517125,0.2824832061310414
a3p40,bthigh_actuator_gain,0.1,bthigh_actuator_gain_0p1,5,1287.7702992512218,466.8793432513084,1287.2645075643748,455.29662169905805,1287.007634977975,458.1438825476356,0.8249970584824462,0.31085440608976933
a3p40,bthigh_actuator_gain,0.2,bthigh_actuator_gain_0p2,5,1162.385028330984,453.52573460339926,1147.357525595311,470.7514327259677,1163.1776949567434,453.2475331205219,0.7448915840772858,0.30317661652854416
a3p40,bthigh_actuator_gain,0.3,bthigh_actuator_gain_0p3,5,981.8778506658534,474.36909326085515,968.8549679948923,452.5238753055461,981.7931632242675,470.7242356273752,0.6306040238263989,0.31714436713335614
a3p40,bthigh_actuator_gain,0.4,bthigh_actuator_gain_0p4,5,786.1364715995835,584.568377934918,790.5612752664384,582.497031711682,792.2325331065337,583.736315655794,0.5054184917625242,0.388237400981868
a3p40,bthigh_actuator_gain,0.5,bthigh_actuator_gain_0p5,5,589.0052050745129,512.6278693701921,639.5678089726532,589.0048546016653,640.2951829088381,590.4609872377234,0.3786324702743092,0.3399567552275435
a3p40,bthigh_actuator_gain,0.6,bthigh_actuator_gain_0p6,5,232.9096453660586,99.0325623501186,234.03703070086084,101.45935484268902,236.34469431590537,99.33623961051997,0.14581266093708778,0.05185352932254612
a3p40,bthigh_actuator_gain,0.7,bthigh_actuator_gain_0p7,5,136.67252643423126,63.74547136194777,136.66156815814497,71.28976075444467,139.21527528267217,66.60003562685405,0.08513401774503929,0.03327315144331114
a3p40,bthigh_actuator_gain,0.8,bthigh_actuator_gain_0p8,5,60.31194449867235,49.50833168813969,61.133041101190244,50.86854672830914,63.319114304672254,48.04812593498274,0.03705093894469595,0.02843387053816745
a3p40,bthigh_actuator_gain,0.9,bthigh_actuator_gain_0p9,5,16.570534123229255,23.805766578294417,17.79963365137387,26.357818131516883,20.122371050778792,24.09361213217584,0.009869238689740331,0.013947316329780258
a3p40,bthigh_actuator_gain,1.0,bthigh_actuator_gain_1,5,0.0,0.0,0.0,0.0,0.0,0.0,0.0,0.0
a3p40,bthigh_actuator_gain,1.1,bthigh_actuator_gain_1p1,5,7.642946051788931,12.054970277804054,8.71117765084423,5.93679420019989,12.655076005537513,7.956639660221513,0.005260259276367802,0.00802479041337159
a3p40,bthigh_actuator_gain,1.3,bthigh_actuator_gain_1p3,5,99.1529376133481,55.32919357932286,85.123474032586,26.184035462072128,88.49763713528651,26.978344473534275,0.06488921450635224,0.03751054518970884
a3p40,bthigh_actuator_gain,1.5,bthigh_actuator_gain_1p5,5,232.86377024966072,35.869166972966994,238.800690286404,15.078845091819064,239.86811819963904,19.12899839452538,0.1496492469313922,0.028596767475745997
a3p40,bthigh_actuator_gain,1.7,bthigh_actuator_gain_1p7,5,466.4129049288802,81.00795585002874,478.1881239569807,65.87129646151841,477.6434373752112,64.86967043929424,0.2983994539312086,0.05592456713487557
a3p40,bthigh_actuator_gain,2.0,bthigh_actuator_gain_2,5,876.3153065312239,211.77095777948338,850.4066322663045,173.48321045278576,857.9795461111095,181.28998621566117,0.5604540821394198,0.14067154034537863
a3p40,bthigh_damping,0.0,bthigh_damping_0,5,2133.652647179229,634.3519338285068,2198.5687816347054,651.2720790966221,2172.4900957737486,636.8291993921907,1.3671345978788785,0.40055593332012973
a3p40,bthigh_damping,0.1,bthigh_damping_0p1,5,1833.0773098855084,591.3121827332653,1871.6518172123622,578.3249804466576,1861.2535803858973,583.2135898635731,1.1739393307202743,0.3717401303021144
a3p40,bthigh_damping,0.2,bthigh_damping_0p2,5,1315.8349150209262,385.08648063945236,1318.2318563098343,359.0483677135536,1322.0104078226843,369.9372253107603,0.8453475240297816,0.25401307480654495
a3p40,bthigh_damping,0.3,bthigh_damping_0p3,5,882.2667819462267,228.12133888534015,887.4971798399899,216.8706293762668,889.7091668330919,218.67987893404998,0.5674795303712543,0.15479466984976456
a3p40,bthigh_damping,0.4,bthigh_damping_0p4,5,587.4858399526089,132.09233319471429,601.3215690039767,115.49234180671232,599.5487933326227,119.08150478166355,0.3798090706901342,0.09884985808634414
a3p40,bthigh_damping,0.5,bthigh_damping_0p5,5,356.6578800758203,113.47071499436277,355.9147074560663,109.23859368302716,357.0031835977482,108.82170692290504,0.2313388969274098,0.08228800677432736
a3p40,bthigh_damping,0.6,bthigh_damping_0p6,5,182.2014111107588,79.48324795005357,190.90941186239652,75.21673294036907,188.04542267248263,75.64088089600357,0.11940424799274474,0.05708596478264932
a3p40,bthigh_damping,0.7,bthigh_damping_0p7,5,86.10197498985322,53.60919489929804,92.36126398547958,55.07863642174095,89.49174619776754,52.73873651832078,0.057132838746690374,0.037313598136096415
a3p40,bthigh_damping,0.8,bthigh_damping_0p8,5,34.471512930911146,33.0647424878633,45.93451805486002,28.514719794646616,42.06400056381676,28.666838128913614,0.023261676417505824,0.022526287575508425
a3p40,bthigh_damping,0.9,bthigh_damping_0p9,5,6.859102159596569,21.617115780284465,7.554540928365668,19.79013381064315,4.832354830602571,21.68757906618418,0.005098171267484188,0.013924946717571378
a3p40,bthigh_damping,1.0,bthigh_damping_1,5,0.0,0.0,0.0,0.0,0.0,0.0,0.0,0.0
a3p40,bthigh_damping,1.1,bthigh_damping_1p1,5,2.431634735347552,19.192541941863535,4.655339084563093,17.746458895076827,3.478728493706785,17.670844164242784,0.0010078666631981783,0.011923694758620138
a3p40,bthigh_damping,1.3,bthigh_damping_1p3,5,53.062359128267964,50.68011065073471,49.146575230488814,40.147415494689575,49.8039595650403,42.33508470699608,0.033300991406830474,0.031192572728327917
a3p40,bthigh_damping,1.5,bthigh_damping_1p5,5,128.32840273019028,72.87967874275675,134.84902836343826,60.19824932674869,132.664392067111,63.767710743385244,0.08225050888838911,0.04662862767519092
a3p40,bthigh_damping,1.7,bthigh_damping_1p7,5,189.8900054272463,92.00802918642287,197.73683926241787,72.73163916701291,195.1103744349858,78.37652998243168,0.12214395620813004,0.05988722084581593
a3p40,bthigh_damping,2.0,bthigh_damping_2,5,303.6059844654518,119.94233424261724,305.7697765396705,98.70444612558714,303.31011649599657,104.83160380532425,0.1963555122064642,0.08223298268537264
a3p40,bthigh_friction,0.0,bthigh_friction_0,5,0.0,0.0,0.0,0.0,0.0,0.0,0.0,0.0
a3p40,bthigh_friction,0.1,bthigh_friction_0p1,5,0.0,0.0,0.0,0.0,0.0,0.0,0.0,0.0
a3p40,bthigh_friction,0.2,bthigh_friction_0p2,5,0.0,0.0,0.0,0.0,0.0,0.0,0.0,0.0
a3p40,bthigh_friction,0.3,bthigh_friction_0p3,5,0.0,0.0,0.0,0.0,0.0,0.0,0.0,0.0
a3p40,bthigh_friction,0.4,bthigh_friction_0p4,5,0.0,0.0,0.0,0.0,0.0,0.0,0.0,0.0
a3p40,bthigh_friction,0.5,bthigh_friction_0p5,5,-3.95825751575826,3.8834050779241216,-5.96100877403951,6.647139362487923,-7.07648995476743,4.067813611138934,-0.0026187549969005986,0.0026531080536298392
a3p40,bthigh_friction,0.6,bthigh_friction_0p6,5,-0.5119580845843756,1.0034378457853763,-3.014949218333186,5.909300467933044,-2.2819327309182427,4.472588152599755,-0.0002915363510470493,0.0005714112480522165
a3p40,bthigh_friction,0.7,bthigh_friction_0p7,5,-6.604881143463399,4.676262943414794,-6.957534683693939,6.048908024787844,-9.187689986476197,2.230072233477236,-0.004356720468016456,0.0031465026861028835
a3p40,bthigh_friction,0.8,bthigh_friction_0p8,5,-6.604881143463399,4.676262943414794,-6.957534683693939,6.048908024787844,-9.187689986476197,2.230072233477236,-0.004356720468016456,0.0031465026861028835
a3p40,bthigh_friction,0.9,bthigh_friction_0p9,5,-2.6466236277051394,5.187382310302072,-0.9965259096544287,1.95319078292268,-2.111200031708768,4.137952062149184,-0.0017379654711158574,0.00340641232338708
a3p40,bthigh_friction,1.0,bthigh_friction_1,5,0.0,0.0,0.0,0.0,0.0,0.0,0.0,0.0
a3p40,bthigh_friction,1.1,bthigh_friction_1p1,5,0.0,0.0,0.0,0.0,0.0,0.0,0.0,0.0
a3p40,bthigh_friction,1.3,bthigh_friction_1p3,5,0.0,0.0,0.0,0.0,0.0,0.0,0.0,0.0
a3p40,bthigh_friction,1.5,bthigh_friction_1p5,5,0.0,0.0,0.0,0.0,0.0,0.0,0.0,0.0
a3p40,bthigh_friction,1.7,bthigh_friction_1p7,5,0.0,0.0,0.0,0.0,0.0,0.0,0.0,0.0
a3p40,bthigh_friction,2.0,bthigh_friction_2,5,-3.95825751575826,3.8834050779241216,-5.96100877403951,6.647139362487923,-7.07648995476743,4.067813611138934,-0.0026187549969005986,0.0026531080536298392
a3p40,damping,0.0,damping_0,5,1524.718024103337,214.26357884924533,1531.3533153058117,237.49418092808767,1543.0134539886749,227.45147663129077,0.9754378696456781,0.12691416887573584
a3p40,damping,0.1,damping_0p1,5,1432.5379620994809,243.6408531384761,1426.9646233663013,262.348414253582,1429.3104637172696,262.69898424079133,0.9193174648519307,0.16282044093991377
a3p40,damping,0.2,damping_0p2,5,1292.782026374834,277.88383417512193,1289.5913906732417,309.6329434044849,1285.1545409648527,310.44544873222617,0.831808134855247,0.18876123184628435
a3p40,damping,0.3,damping_0p3,5,1062.204922276295,324.90599412622805,1024.4884149082402,346.00112044626945,1043.8773131010103,336.1195061652979,0.6868488639922864,0.22082773460207264
a3p40,damping,0.4,damping_0p4,5,781.5168124683803,303.55125239957493,730.1554680790667,332.3820089459156,732.9084498969648,322.57036935107504,0.5053185326249736,0.20042626266249397
a3p40,damping,0.5,damping_0p5,5,490.37962320214274,234.547656897552,495.4680960825614,250.67452362653876,491.3462753466132,248.95483282730947,0.3177667610387208,0.15354092869611835
a3p40,damping,0.6,damping_0p6,5,273.7072496279806,121.32380904462526,285.40553142629494,130.19057186367215,281.5371611089882,126.81657381553383,0.17807282665861882,0.08148496467875062
a3p40,damping,0.7,damping_0p7,5,169.2415306537715,119.96820128293095,151.66516105071204,64.68783628863221,147.93949657190078,67.31009452566147,0.11113482367899312,0.08048443626849922
a3p40,damping,0.8,damping_0p8,5,49.06348474430638,52.71154640742679,61.98695286496927,69.73391506252284,61.57290414557838,66.55450149370833,0.032842062220542444,0.033712171636278744
a3p40,damping,0.9,damping_0p9,5,27.29841496840777,57.66277164542302,18.336271987291003,23.514379961119374,15.573555908584831,22.87078292617273,0.018777863576376157,0.0377650587414525
a3p40,damping,1.0,damping_1,5,0.0,0.0,0.0,0.0,0.0,0.0,0.0,0.0
a3p40,damping,1.1,damping_1p1,5,42.40365765115812,33.275611075334744,48.257363316831835,42.88393362272068,46.45324847927445,39.59716407556761,0.025911048643041057,0.018944443429200077
a3p40,damping,1.3,damping_1p3,5,292.85474057086833,99.79192430773367,301.2994033660663,121.55738374397838,301.69961976264165,115.43933251728032,0.1857441533273518,0.05966174746993459
a3p40,damping,1.5,damping_1p5,5,523.6612909951167,114.71633736407358,530.4407784383644,137.42167466010835,527.7662488876422,132.6757008341211,0.33401363295366426,0.06725087846469516
a3p40,damping,1.7,damping_1p7,5,942.0442006182278,322.73945734672657,948.0313310031295,328.2456833895325,946.5481754015393,327.49855374976744,0.6119078094318195,0.2367564369821699
a3p40,damping,2.0,damping_2,5,1382.8308392094839,353.0011742377501,1370.1161061587104,355.4401262070671,1377.328828492896,353.90608411375524,0.8987244576863311,0.26963214023394877
a3p40,ffoot_actuator_gain,0.0,ffoot_actuator_gain_0,5,32.09409328339107,19.029737592731248,35.32197972668796,19.240238637771217,32.90467365900922,18.27889906041073,0.020097678441997297,0.01078445181825951
a3p40,ffoot_actuator_gain,0.1,ffoot_actuator_gain_0p1,5,23.28948631371022,18.677102063338076,27.860122625569055,12.047034676987197,26.328230902479298,13.740837221113656,0.014902064930609854,0.012130535070721905
a3p40,ffoot_actuator_gain,0.2,ffoot_actuator_gain_0p2,5,22.91338288805232,10.749453334228333,26.97341119719954,17.16258976893472,24.43047146016488,11.771646996792363,0.01470389710843839,0.00724040700300469
a3p40,ffoot_actuator_gain,0.3,ffoot_actuator_gain_0p3,5,13.213215904932259,20.79356011663693,12.933796865511477,9.294744024293148,15.689928159111423,9.577249282438434,0.00850317750077817,0.013376062284869133
a3p40,ffoot_actuator_gain,0.4,ffoot_actuator_gain_0p4,5,0.22065359045609512,22.619478492222505,5.771477818796711,8.793652409724414,5.918629579731987,10.04017577922132,0.0002629548897867779,0.014565832764692296
a3p40,ffoot_actuator_gain,0.5,ffoot_actuator_gain_0p5,5,-2.830731508209783,27.156309008763255,6.657199476721189,12.496695287491285,4.099535735421432,14.118997879140364,-0.0015504354490126237,0.017747437072809746
a3p40,ffoot_actuator_gain,0.6,ffoot_actuator_gain_0p6,5,6.480160184956003,10.09552338953896,6.797620341980564,5.110129788775874,8.307925496112876,4.353425425026326,0.004035902891254469,0.006289824242489067
a3p40,ffoot_actuator_gain,0.7,ffoot_actuator_gain_0p7,5,1.2587275433591458,10.868943575392128,6.006070069914449,9.46030591961326,4.472780695327538,6.221712507982136,0.0009421733596863887,0.007099980937557045
a3p40,ffoot_actuator_gain,0.8,ffoot_actuator_gain_0p8,5,-6.0319881553356485,17.075668484656244,-3.9560645474844933,6.87934637033573,-5.129498518825221,10.07269632352123,-0.003908731911401092,0.010869999033683101
a3p40,ffoot_actuator_gain,0.9,ffoot_actuator_gain_0p9,5,-11.393731429865966,9.78671679264262,-8.339295063028795,7.680734010377773,-10.587684438385349,8.266296305551995,-0.007535008293851661,0.00616168762319509
a3p40,ffoot_actuator_gain,1.0,ffoot_actuator_gain_1,5,0.0,0.0,0.0,0.0,0.0,0.0,0.0,0.0
a3p40,ffoot_actuator_gain,1.1,ffoot_actuator_gain_1p1,5,-10.450937743784426,11.634398653446773,-4.2872222080807205,12.238093276648241,-7.630876860868375,9.416801716819872,-0.006980930549560177,0.007263368678330805
a3p40,ffoot_actuator_gain,1.3,ffoot_actuator_gain_1p3,5,-10.779358798609838,11.958743119980003,-7.210890868050365,14.556313997620906,-8.594534969871892,9.93822365244407,-0.007260340072664026,0.007404203009751472
a3p40,ffoot_actuator_gain,1.5,ffoot_actuator_gain_1p5,5,-14.415251772801776,22.179738903192558,-8.685252088227253,18.460745142638093,-9.961612877545758,18.087749067887753,-0.009673090312857891,0.01378653255651776
a3p40,ffoot_actuator_gain,1.7,ffoot_actuator_gain_1p7,5,-9.572686265171342,18.761625487690733,-1.4099898012002996,12.787200898961657,-2.2905666129265683,9.952919361881627,-0.006410735535343356,0.01170380409896422
a3p40,ffoot_actuator_gain,2.0,ffoot_actuator_gain_2,5,1.3574054951550352,28.38253249542576,3.3220234256394177,22.913485302568972,1.0627327132709525,24.723343168957772,0.0001129968648037591,0.016885849784344893
a3p40,ffoot_damping,0.0,ffoot_damping_0,5,14.687812414562085,26.48880358168815,20.427868413967964,31.679555523759042,19.33992863866242,26.465928879000078,0.008978476597706436,0.016279190135522925
a3p40,ffoot_damping,0.1,ffoot_damping_0p1,5,4.02971638029212,27.015443449412853,14.265005744492282,24.85863900618588,14.60942664745885,22.342466806319646,0.002206541622636137,0.016780507454658533
a3p40,ffoot_damping,0.2,ffoot_damping_0p2,5,3.8377397994976037,25.80701224028485,9.894026960778456,21.432742361403072,11.473712177841207,19.56689500066553,0.0021137691721985715,0.015935749150385554
a3p40,ffoot_damping,0.3,ffoot_damping_0p3,5,12.581994214357337,15.882236614161394,10.264126815844657,17.831236387396526,11.615288333688886,16.16506344573324,0.007963950730908942,0.010282081869105158
a3p40,ffoot_damping,0.4,ffoot_damping_0p4,5,14.100877567844645,19.944541111260627,7.418086129244466,22.316308182694844,7.682148018981297,19.395661305190103,0.008752799859863067,0.012731852292722374
a3p40,ffoot_damping,0.5,ffoot_damping_0p5,5,7.448400453440263,7.205730784998605,10.147600635951676,11.491684544646231,8.395708731543845,7.7268167664028855,0.004887797666637987,0.0045679594159576875
a3p40,ffoot_damping,0.6,ffoot_damping_0p6,5,-4.10577075285646,21.5360698472403,0.47950694903333896,17.701101368369848,1.776137255833055,13.676002190308468,-0.002685957298613486,0.013693501650123957
a3p40,ffoot_damping,0.7,ffoot_damping_0p7,5,-8.14018175972883,19.294881626454174,1.5240944957448845,12.635390475723192,1.9175601269813343,7.6480974255729475,-0.005172198220362133,0.012320670427690996
a3p40,ffoot_damping,0.8,ffoot_damping_0p8,5,1.986572199950524,14.753740403470664,-0.6895849719200668,18.680268689287054,3.3427799362147654,15.67948822949768,0.0011072977810944143,0.009334093275790576
a3p40,ffoot_damping,0.9,ffoot_damping_0p9,5,1.3952043144139679,9.330361767685536,0.15530413548726757,9.648754440909292,1.351318801259731,8.822988571101968,0.0010338173642048286,0.00627554677941693
a3p40,ffoot_damping,1.0,ffoot_damping_1,5,0.0,0.0,0.0,0.0,0.0,0.0,0.0,0.0
a3p40,ffoot_damping,1.1,ffoot_damping_1p1,5,-4.7500430490686085,12.510280701064493,-0.5357219330797307,5.053387768478973,1.058200305901846,1.6770420746818686,-0.002857804839069924,0.007989949113771775
a3p40,ffoot_damping,1.3,ffoot_damping_1p3,5,-7.623992808170351,24.756063279633306,1.411809737736712,11.768428830181422,1.1747094162630674,11.462043211938393,-0.004321206151088372,0.015874205576743888
a3p40,ffoot_damping,1.5,ffoot_damping_1p5,5,-9.624307244308193,25.588802079538436,-3.3976283722996414,7.39667243738142,-2.270123452407643,10.707684352601447,-0.005688365384193827,0.016371306952688524
a3p40,ffoot_damping,1.7,ffoot_damping_1p7,5,-8.334337120589499,23.734568099888126,-1.0562141763284671,9.557318149126644,0.07627847403155101,8.846667405369038,-0.00495384009586616,0.0152881618225698
a3p40,ffoot_damping,2.0,ffoot_damping_2,5,-3.198879632218677,11.102395993864532,0.6453893145621805,7.718633920727526,2.548584950276427,7.483996779026456,-0.0017638271049882311,0.0070812736265691775
a3p40,ffoot_friction,0.0,ffoot_friction_0,5,0.0,0.0,0.0,0.0,0.0,0.0,0.0,0.0
a3p40,ffoot_friction,0.1,ffoot_friction_0p1,5,-3.95825751575826,3.8834050779241216,-5.96100877403951,6.647139362487923,-7.07648995476743,4.067813611138934,-0.0026187549969005986,0.0026531080536298392
a3p40,ffoot_friction,0.2,ffoot_friction_0p2,5,-2.6466236277051394,5.187382310302072,-0.9965259096544287,1.95319078292268,-2.111200031708768,4.137952062149184,-0.0017379654711158574,0.00340641232338708
a3p40,ffoot_friction,0.3,ffoot_friction_0p3,5,-6.604881143463399,4.676262943414794,-6.957534683693939,6.048908024787844,-9.187689986476197,2.230072233477236,-0.004356720468016456,0.0031465026861028835
a3p40,ffoot_friction,0.4,ffoot_friction_0p4,5,-6.604881143463399,4.676262943414794,-6.957534683693939,6.048908024787844,-9.187689986476197,2.230072233477236,-0.004356720468016456,0.0031465026861028835
a3p40,ffoot_friction,0.5,ffoot_friction_0p5,5,-4.146331994534103,5.284430442947135,-2.15792439741831,2.602617640296259,-3.656035898158234,4.475051578868312,-0.002734331871911691,0.0034772437184894616
a3p40,ffoot_friction,0.6,ffoot_friction_0p6,5,0.0,0.0,0.0,0.0,0.0,0.0,0.0,0.0
a3p40,ffoot_friction,0.7,ffoot_friction_0p7,5,0.0,0.0,0.0,0.0,0.0,0.0,0.0,0.0
a3p40,ffoot_friction,0.8,ffoot_friction_0p8,5,0.0,0.0,0.0,0.0,0.0,0.0,0.0,0.0
a3p40,ffoot_friction,0.9,ffoot_friction_0p9,5,0.0,0.0,0.0,0.0,0.0,0.0,0.0,0.0
a3p40,ffoot_friction,1.0,ffoot_friction_1,5,0.0,0.0,0.0,0.0,0.0,0.0,0.0,0.0
a3p40,ffoot_friction,1.1,ffoot_friction_1p1,5,-3.95825751575826,3.8834050779241216,-5.96100877403951,6.647139362487923,-7.07648995476743,4.067813611138934,-0.0026187549969005986,0.0026531080536298392
a3p40,ffoot_friction,1.3,ffoot_friction_1p3,5,-2.6466236277051394,5.187382310302072,-0.9965259096544287,1.95319078292268,-2.111200031708768,4.137952062149184,-0.0017379654711158574,0.00340641232338708
a3p40,ffoot_friction,1.5,ffoot_friction_1p5,5,-6.604881143463399,4.676262943414794,-6.957534683693939,6.048908024787844,-9.187689986476197,2.230072233477236,-0.004356720468016456,0.0031465026861028835
a3p40,ffoot_friction,1.7,ffoot_friction_1p7,5,-6.604881143463399,4.676262943414794,-6.957534683693939,6.048908024787844,-9.187689986476197,2.230072233477236,-0.004356720468016456,0.0031465026861028835
a3p40,ffoot_friction,2.0,ffoot_friction_2,5,-4.146331994534103,5.284430442947135,-2.15792439741831,2.602617640296259,-3.656035898158234,4.475051578868312,-0.002734331871911691,0.0034772437184894616
a3p40,friction,0.0,friction_0,5,-1809.7833489347256,4136.61613197556,-1660.8181877549673,4435.0525535642455,-1661.7469522931642,4418.3907321988,-1.0619367809024751,2.585861922428167
a3p40,friction,0.1,friction_0p1,5,-1534.1993590477505,1968.9708808664175,-1568.4554529169518,2013.5727852569892,-1555.6185098703606,2002.8121147996624,-0.9432679429190778,1.2354336880239767
a3p40,friction,0.2,friction_0p2,5,-659.2415893496143,960.623522553528,-686.4826671122994,1001.9345999269635,-687.9476184943649,1009.0643957759337,-0.41234938855117276,0.6120979860547937
a3p40,friction,0.3,friction_0p3,5,-189.13925729784395,185.75560131714758,-182.18157435730342,170.9865283828648,-184.12543059128788,174.6262413103304,-0.11718614370528183,0.11468880745656601
a3p40,friction,0.4,friction_0p4,5,-147.62579404613203,116.81317372327294,-140.28843179278556,104.83122946218758,-143.22482224453842,108.92056239684138,-0.09236866032794269,0.0722523695320487
a3p40,friction,0.5,friction_0p5,5,-121.60802950085909,68.53283296658341,-114.03596936404684,61.12254448147018,-117.15523220751092,62.762087892127504,-0.07690222109043157,0.04244559494282799
a3p40,friction,0.6,friction_0p6,5,-102.64271200676208,43.13718885530747,-97.81245316506465,35.59699637842597,-100.88166062807527,37.48352317842388,-0.06508694534686789,0.02610023368305876
a3p40,friction,0.7,friction_0p7,5,-80.22012026972565,35.02859295186261,-80.34293120590546,34.07357562878749,-80.93293680879697,34.35719810173413,-0.05070537171350379,0.020704465170956712
a3p40,friction,0.8,friction_0p8,5,-40.57328634037572,9.365011266571205,-43.95220556330405,9.349421679550417,-42.3131519805343,8.041689545129602,-0.025743379479257533,0.0045975750661825816
a3p40,friction,0.9,friction_0p9,5,-29.021504464912322,9.91087668850147,-30.290078076523333,11.404923537081745,-30.002126229989425,10.532886358429296,-0.018553213470094847,0.006384220158710115
a3p40,friction,1.0,friction_1,5,0.0,0.0,0.0,0.0,0.0,0.0,0.0,0.0
a3p40,friction,1.1,friction_1p1,5,12.78352523148169,13.38555744800825,20.486314424460442,16.62494049100826,18.07402079369872,13.175899551343637,0.007962149090938135,0.008045077472852852
a3p40,friction,1.3,friction_1p3,5,54.54596410956528,13.214417407693837,60.09313617222379,13.654675930137987,57.440921822524345,12.187720944292478,0.034806318811467334,0.007551847619809793
a3p40,friction,1.5,friction_1p5,5,92.03893728300227,19.923901797778356,90.67865680802402,22.718695386275886,90.52704486960992,21.377327452656004,0.05916477490986858,0.01345107619832661
a3p40,friction,1.7,friction_1p7,5,113.25437742666399,16.164378588459908,115.21563968316619,26.23905545078013,114.69954150302105,24.253909601814122,0.07270709522496326,0.011037292715495061
a3p40,friction,2.0,friction_2,5,169.70250127591166,42.15164073929156,176.41680590562368,59.05563526454646,174.07113634947206,53.290479674658435,0.10893725373940652,0.027452916854212184
a3p40,friction_damping,0.0,friction_damping_0,5,-2901.298394381883,1374.3361823760445,-3508.6151047685294,1979.9615962090086,-3585.2067159646017,1832.6397967257333,-1.8326964391367249,0.8603581906512774
a3p40,friction_damping,0.1,friction_damping_0p1,5,-372.8271253370324,388.4990525343799,-169.82452732011876,306.63436680894256,-237.13691637028472,274.5542522791561,-0.2414457712494807,0.25959664403780147
a3p40,friction_damping,0.2,friction_damping_0p2,5,948.7030485242989,418.29142660600826,975.6586470809045,495.18426709929827,941.2137976593774,481.26617041092845,0.6227725520711419,0.2780543663515528
a3p40,friction_damping,0.3,friction_damping_0p3,5,905.1929893508914,425.15353247308684,908.1558876670254,414.71306378099746,913.5673970144356,423.47633141167734,0.5963777056974837,0.2834161058379298
a3p40,friction_damping,0.4,friction_damping_0p4,5,578.5776497058563,352.4271914362097,583.6694318238397,356.12736683618834,581.8632819889098,353.98658492223626,0.38279662934797515,0.22850675280905697
a3p40,friction_damping,0.5,friction_damping_0p5,5,307.0901746014518,257.5931206766374,303.44557499293467,239.7030978545257,303.80018337864396,248.23601481445974,0.20490161733442572,0.16788418962490056
a3p40,friction_damping,0.6,friction_damping_0p6,5,162.5923628470427,196.22781523395253,142.67911690220404,173.38962999719416,142.94169645421465,177.9136640697824,0.11021106353212003,0.12764021124408725
a3p40,friction_damping,0.7,friction_damping_0p7,5,34.61321000848811,121.4304731766482,36.12989499772402,109.00025469238568,39.28865325262027,111.69945282781177,0.025632607210735736,0.07757534659021677
a3p40,friction_damping,0.8,friction_damping_0p8,5,33.66464567933567,96.11644306979917,22.937662398365045,69.39165126376872,21.391238868622942,67.85814176887438,0.024039942099557333,0.06176317310079605
a3p40,friction_damping,0.9,friction_damping_0p9,5,-16.871079744725968,30.39616817955942,-12.312287827615638,30.219538723420303,-11.459706871953358,27.284684323948674,-0.009827232747896476,0.018250958826617036
a3p40,friction_damping,1.0,friction_damping_1,5,0.0,0.0,0.0,0.0,0.0,0.0,0.0,0.0
a3p40,friction_damping,1.1,friction_damping_1p1,5,58.64468016520291,42.215776480705834,63.8054239269833,50.20235164732824,64.03455916098783,48.545340821873076,0.03626966816254449,0.025568739318295057
a3p40,friction_damping,1.3,friction_damping_1p3,5,318.6676308553348,112.4740409686898,329.8440855689083,143.20959591040867,328.78263130054256,136.39539914679426,0.2017695154870939,0.06733319939190568
a3p40,friction_damping,1.5,friction_damping_1p5,5,583.8490512117633,111.79474174785638,571.902817041833,141.88102926846196,575.2464159085537,136.75678452845122,0.3727425498289051,0.06739051663741337
a3p40,friction_damping,1.7,friction_damping_1p7,5,1164.8782005047913,313.49752974654416,1192.7808730345191,366.874990764348,1160.9188875585808,340.1326571016401,0.7571452474105088,0.23869619016058313
a3p40,friction_damping,2.0,friction_damping_2,5,1454.3872483143061,315.3871669428001,1471.3819866960002,323.29222336648195,1469.7837187380223,321.5310428618805,0.9427136830015417,0.24622243007965128
a3p40,fshin_actuator_gain,0.0,fshin_actuator_gain_0,5,1103.09429364792,468.48581863425784,1237.0259250241265,613.97895029542,1190.5081875264932,560.6977299531111,0.6990948061558508,0.2849594370625966
a3p40,fshin_actuator_gain,0.1,fshin_actuator_gain_0p1,5,868.4036112752607,340.1060213035156,913.9056758691052,540.7764158373802,869.075674859412,426.5682105805909,0.5454280691631641,0.176973282282951
a3p40,fshin_actuator_gain,0.2,fshin_actuator_gain_0p2,5,694.317754145688,309.48809680361376,849.0539006332008,598.7666009587841,719.5031503387094,352.8759173773771,0.4343100585695473,0.16057295788150708
a3p40,fshin_actuator_gain,0.3,fshin_actuator_gain_0p3,5,548.6811775643627,180.2425649416986,406.0200864564705,105.09271142235977,477.00224212426576,103.31014908739452,0.34622126769332473,0.0924161543164058
a3p40,fshin_actuator_gain,0.4,fshin_actuator_gain_0p4,5,302.87212474151323,91.4337391506045,310.62472822369557,98.40635643067655,308.77183260417263,95.9029422973059,0.1971581386739701,0.06449689037731623
a3p40,fshin_actuator_gain,0.5,fshin_actuator_gain_0p5,5,222.59275499847087,69.99921660137366,228.26410109648765,77.97948469950815,223.54872672211178,73.32590089182487,0.1448478396349828,0.04860704310267737
a3p40,fshin_actuator_gain,0.6,fshin_actuator_gain_0p6,5,145.72380800928167,49.603673142918,150.15528434174362,53.60148453392234,147.84139368663577,52.57918367162711,0.09440298547474499,0.0336595089916813
a3p40,fshin_actuator_gain,0.7,fshin_actuator_gain_0p7,5,69.29094425062007,45.62648737141663,79.87518124058934,45.97478812562443,75.85186361290953,45.07631708753447,0.04456832320478372,0.030303962170296236
a3p40,fshin_actuator_gain,0.8,fshin_actuator_gain_0p8,5,24.778200815812124,33.68555549372044,28.464582058884798,40.157296695855926,27.71435476733359,36.24535694960229,0.0156693249074199,0.02236536097174335
a3p40,fshin_actuator_gain,0.9,fshin_actuator_gain_0p9,5,-4.153024608642591,15.876326731140697,4.790691007880514,24.61988604928671,0.878795587649347,19.408110141934632,-0.0027823164553979745,0.010561436384471335
a3p40,fshin_actuator_gain,1.0,fshin_actuator_gain_1,5,0.0,0.0,0.0,0.0,0.0,0.0,0.0,0.0
a3p40,fshin_actuator_gain,1.1,fshin_actuator_gain_1p1,5,13.563757766349681,41.39279735184762,1.4996425365779487,23.581569775221418,-0.7549725698929706,22.03646043155099,0.009358497843660014,0.02742330058000243
a3p40,fshin_actuator_gain,1.3,fshin_actuator_gain_1p3,5,25.00422032742272,55.06276334309713,21.21528997828518,54.800775153052484,21.813220351803146,56.443957375086725,0.016396083440584776,0.03689421703786592
a3p40,fshin_actuator_gain,1.5,fshin_actuator_gain_1p5,5,60.71382589231175,70.78040515498705,54.24872995151245,62.017100568841975,53.24206182387134,66.75109477424527,0.039178766108962385,0.04711629051435361
a3p40,fshin_actuator_gain,1.7,fshin_actuator_gain_1p7,5,100.1072933274636,71.00371362259945,102.12612080304775,65.35955963124351,101.39180991433595,66.72978926916996,0.06421445221447977,0.047091142072193726
a3p40,fshin_actuator_gain,2.0,fshin_actuator_gain_2,5,279.26099316905197,165.6265592011028,242.73683398541485,78.56031115686704,247.24740217100393,95.22828132588293,0.18103161952152474,0.1152305620717889
a3p40,fshin_damping,0.0,fshin_damping_0,5,461.4740624364589,309.6230801270484,445.8087896163408,270.27707426816283,449.1205476639352,281.76650702301566,0.2968151438722229,0.21042979193043773
a3p40,fshin_damping,0.1,fshin_damping_0p1,5,361.3613865133183,319.60333332274683,318.6221428779394,227.81168233655367,350.2611641942268,282.9563495941243,0.23473394607705872,0.21935224913844928
a3p40,fshin_damping,0.2,fshin_damping_0p2,5,260.40219673666166,229.35577335014804,205.9155876835267,146.30832389203812,221.36123918688577,156.53976610866619,0.16941608294447094,0.15764013979675112
a3p40,fshin_damping,0.3,fshin_damping_0p3,5,124.24412856328472,86.98984419789956,120.14944743554265,88.36001475866107,128.01908236821365,88.19735784241044,0.07990598868626012,0.05907323578696751
a3p40,fshin_damping,0.4,fshin_damping_0p4,5,102.85593978380652,74.76958677196792,102.31987331216524,80.04431612984058,105.946574735297,76.24156396496669,0.06629233047563636,0.050911138949732225
a3p40,fshin_damping,0.5,fshin_damping_0p5,5,62.70008728554585,61.13711547555484,53.7681309827844,63.21739233073872,60.824740435802006,63.33477459113087,0.04074015736334659,0.041718989792170556
a3p40,fshin_damping,0.6,fshin_damping_0p6,5,44.14785680090908,48.57517022835716,45.38325714491266,43.99533994593906,46.57197762124247,42.724277411195835,0.0288861123534562,0.03320434806239756
a3p40,fshin_damping,0.7,fshin_damping_0p7,5,45.895541003672044,40.597082482353514,28.943495604999317,33.447969699826785,29.21962316972381,31.67876316865417,0.03011944928106674,0.027440126805135336
a3p40,fshin_damping,0.8,fshin_damping_0p8,5,21.562632418994326,22.28085131574899,22.14127329384678,25.4491540439726,23.063491815642873,23.20019043891721,0.01404061252493197,0.015107255013369797
a3p40,fshin_damping,0.9,fshin_damping_0p9,5,8.955463511547123,8.586843513553113,5.31525282258549,17.484477351842,9.479677722147063,11.873120247156548,0.005898190699140282,0.005889786622373854
a3p40,fshin_damping,1.0,fshin_damping_1,5,0.0,0.0,0.0,0.0,0.0,0.0,0.0,0.0
a3p40,fshin_damping,1.1,fshin_damping_1p1,5,-10.421418127650032,16.6056922939773,-1.910821116245461,11.187456616334883,-1.6119185250467125,7.526040226125342,-0.0067208110692291686,0.010622045331713013
a3p40,fshin_damping,1.3,fshin_damping_1p3,5,9.08851745830425,18.80681439070155,11.052352317382702,20.055750677895784,12.586726430587486,22.591674886606643,0.00543038534688344,0.012395244848221436
a3p40,fshin_damping,1.5,fshin_damping_1p5,5,12.4995010005096,29.85448904125844,18.747744834768763,35.889786870106335,18.431792022561876,34.841268627676236,0.007303853885623669,0.01949055370495461
a3p40,fshin_damping,1.7,fshin_damping_1p7,5,25.031638002346106,37.04734704279227,31.443674631359137,56.85083866263486,31.907859505931174,50.607535827915314,0.015074888575162215,0.0236404195034372
a3p40,fshin_damping,2.0,fshin_damping_2,5,50.52624588391818,51.29154860200519,55.647316204924394,67.9483919327272,57.749006405559065,67.19238697025511,0.03101740463522784,0.03231170241216379
a3p40,fshin_friction,0.0,fshin_friction_0,5,0.0,0.0,0.0,0.0,0.0,0.0,0.0,0.0
a3p40,fshin_friction,0.1,fshin_friction_0p1,5,-3.95825751575826,3.8834050779241216,-5.96100877403951,6.647139362487923,-7.07648995476743,4.067813611138934,-0.0026187549969005986,0.0026531080536298392
a3p40,fshin_friction,0.2,fshin_friction_0p2,5,-2.6466236277051394,5.187382310302072,-0.9965259096544287,1.95319078292268,-2.111200031708768,4.137952062149184,-0.0017379654711158574,0.00340641232338708
a3p40,fshin_friction,0.3,fshin_friction_0p3,5,-6.604881143463399,4.676262943414794,-6.957534683693939,6.048908024787844,-9.187689986476197,2.230072233477236,-0.004356720468016456,0.0031465026861028835
a3p40,fshin_friction,0.4,fshin_friction_0p4,5,-6.604881143463399,4.676262943414794,-6.957534683693939,6.048908024787844,-9.187689986476197,2.230072233477236,-0.004356720468016456,0.0031465026861028835
a3p40,fshin_friction,0.5,fshin_friction_0p5,5,-4.146331994534103,5.284430442947135,-2.15792439741831,2.602617640296259,-3.656035898158234,4.475051578868312,-0.002734331871911691,0.0034772437184894616
a3p40,fshin_friction,0.6,fshin_friction_0p6,5,0.0,0.0,0.0,0.0,0.0,0.0,0.0,0.0
a3p40,fshin_friction,0.7,fshin_friction_0p7,5,0.0,0.0,0.0,0.0,0.0,0.0,0.0,0.0
a3p40,fshin_friction,0.8,fshin_friction_0p8,5,0.0,0.0,0.0,0.0,0.0,0.0,0.0,0.0
a3p40,fshin_friction,0.9,fshin_friction_0p9,5,0.0,0.0,0.0,0.0,0.0,0.0,0.0,0.0
a3p40,fshin_friction,1.0,fshin_friction_1,5,0.0,0.0,0.0,0.0,0.0,0.0,0.0,0.0
a3p40,fshin_friction,1.1,fshin_friction_1p1,5,-3.95825751575826,3.8834050779241216,-5.96100877403951,6.647139362487923,-7.07648995476743,4.067813611138934,-0.0026187549969005986,0.0026531080536298392
a3p40,fshin_friction,1.3,fshin_friction_1p3,5,-2.6466236277051394,5.187382310302072,-0.9965259096544287,1.95319078292268,-2.111200031708768,4.137952062149184,-0.0017379654711158574,0.00340641232338708
a3p40,fshin_friction,1.5,fshin_friction_1p5,5,-6.604881143463399,4.676262943414794,-6.957534683693939,6.048908024787844,-9.187689986476197,2.230072233477236,-0.004356720468016456,0.0031465026861028835
a3p40,fshin_friction,1.7,fshin_friction_1p7,5,-6.604881143463399,4.676262943414794,-6.957534683693939,6.048908024787844,-9.187689986476197,2.230072233477236,-0.004356720468016456,0.0031465026861028835
a3p40,fshin_friction,2.0,fshin_friction_2,5,-4.146331994534103,5.284430442947135,-2.15792439741831,2.602617640296259,-3.656035898158234,4.475051578868312,-0.002734331871911691,0.0034772437184894616
a3p40,fthigh_actuator_gain,0.0,fthigh_actuator_gain_0,5,1896.4667047300857,182.4336603867327,1906.6961780231784,178.91164438284707,1904.2056911202974,178.55823037183123,1.2118473968406929,0.06312021636261626
a3p40,fthigh_actuator_gain,0.1,fthigh_actuator_gain_0p1,5,1831.4873476171626,206.9877272641331,1851.7650157342832,213.13878610241596,1848.361894654347,212.0559873516262,1.1693817544389815,0.07901619883436661
a3p40,fthigh_actuator_gain,0.2,fthigh_actuator_gain_0p2,5,1760.597423342483,230.45491557246802,1781.8101126188317,212.2464632540022,1776.6826154389303,217.58984518664445,1.123965277313983,0.10426148474937784
a3p40,fthigh_actuator_gain,0.3,fthigh_actuator_gain_0p3,5,1628.2027537982392,304.910275110502,1610.1804397907376,325.5348357984461,1616.1173826421393,317.255787170539,1.0392672954820288,0.167401024544282
a3p40,fthigh_actuator_gain,0.4,fthigh_actuator_gain_0p4,5,1541.4209925338187,389.47802490471673,1527.4859171252003,404.27156160282937,1523.267422821638,407.24432406619366,0.9818957108234239,0.2193406936820543
a3p40,fthigh_actuator_gain,0.5,fthigh_actuator_gain_0p5,5,1261.6818609034628,563.617065164283,1259.3224320509742,593.0917465728445,1266.419330396743,584.9469308670698,0.7931712797603943,0.315028501038694
a3p40,fthigh_actuator_gain,0.6,fthigh_actuator_gain_0p6,5,620.9832067543858,189.1029887084948,457.46321966190936,167.37943681153112,516.6274360512632,173.46595850765172,0.3955889530166846,0.11895797325145513
a3p40,fthigh_actuator_gain,0.7,fthigh_actuator_gain_0p7,5,263.6450840271612,92.8284853192976,270.54120452790664,106.67621712461383,267.2180363660503,104.65678624342758,0.16931021384799755,0.0612706874246558
a3p40,fthigh_actuator_gain,0.8,fthigh_actuator_gain_0p8,5,124.62337954068826,45.17821511409148,126.81333143473721,52.64863351244861,126.29663379540548,50.311974917688005,0.07953697321338946,0.029065432985912434
a3p40,fthigh_actuator_gain,0.9,fthigh_actuator_gain_0p9,5,36.167858883821644,18.78427760540614,36.93435120038826,16.7574976802889,36.67071940002747,17.327234749738153,0.02295013322006445,0.011473832112119414
a3p40,fthigh_actuator_gain,1.0,fthigh_actuator_gain_1,5,0.0,0.0,0.0,0.0,0.0,0.0,0.0,0.0
a3p40,fthigh_actuator_gain,1.1,fthigh_actuator_gain_1p1,5,-30.313888645823635,32.84624455291021,-31.525806162290518,46.14658656013439,-31.18582888962492,40.49229382658277,-0.019281078897276684,0.020813547975508915
a3p40,fthigh_actuator_gain,1.3,fthigh_actuator_gain_1p3,5,47.086969757736234,66.4896981323353,-4.444943773751993,85.40492427446534,-5.310833740174985,82.57737232333751,0.030522920173438255,0.04347027278024708
a3p40,fthigh_actuator_gain,1.5,fthigh_actuator_gain_1p5,5,209.85910928652433,153.06108179802794,80.7016723612965,81.55693179995565,81.20083227912724,80.76055622368477,0.13567571023224462,0.10235990720847234
a3p40,fthigh_actuator_gain,1.7,fthigh_actuator_gain_1p7,5,507.4364238934877,471.9619621540313,513.8189580551405,677.1140079849239,513.7863717872427,674.624198501676,0.32998129497708467,0.31207762732931565
a3p40,fthigh_actuator_gain,2.0,fthigh_actuator_gain_2,5,857.7187983824764,458.4386208017977,696.2415474423793,592.0527510769999,860.4058555682177,539.7671724379608,0.5596572847618867,0.31049425142765474
a3p40,fthigh_damping,0.0,fthigh_damping_0,5,493.9586818505277,192.59832245441032,467.76207842891125,182.50552991122046,464.0007897445181,177.9233670448349,0.3158215983852081,0.1285932180937206
a3p40,fthigh_damping,0.1,fthigh_damping_0p1,5,370.60931170700144,152.05060520420298,358.7003015980322,131.02991646245607,364.0659910962095,132.878349391635,0.23696739404965822,0.10136074710937006
a3p40,fthigh_damping,0.2,fthigh_damping_0p2,5,300.4017952211917,146.5890507961733,279.4292858255205,107.48084681710235,274.52918263862813,111.19095612639758,0.1925590768663664,0.09822334132159671
a3p40,fthigh_damping,0.3,fthigh_damping_0p3,5,194.3544384700058,102.03611670633117,197.46101541438148,117.77192784667986,200.6142420383626,114.38322308869898,0.12465382431143639,0.06670227063527695
a3p40,fthigh_damping,0.4,fthigh_damping_0p4,5,152.5190408265174,96.98805197030548,132.04200227052246,96.68473076334682,137.1465361220375,96.58477755623372,0.09817390800201212,0.0631807648415118
a3p40,fthigh_damping,0.5,fthigh_damping_0p5,5,86.60750224015092,95.64346085289392,89.31872173889664,114.94627175837059,88.66632765269424,110.05001125562566,0.0559112776226427,0.06085306437167748
a3p40,fthigh_damping,0.6,fthigh_damping_0p6,5,57.15167976675552,75.20982203461418,63.15061079492184,92.43960779227164,63.58537639434794,91.20573607557236,0.0372631489778137,0.047516694775405224
a3p40,fthigh_damping,0.7,fthigh_damping_0p7,5,55.489710612906904,79.84860882720805,32.47478740609681,79.82920603145182,33.06583404175099,78.86140207019375,0.03642767230450296,0.050712740553993454
a3p40,fthigh_damping,0.8,fthigh_damping_0p8,5,4.638507096333342,47.42647717832324,8.967261215002054,66.53467036394282,8.438815276411969,61.143225856016876,0.0034810381344747053,0.029752282052949143
a3p40,fthigh_damping,0.9,fthigh_damping_0p9,5,-2.7463284947687043,12.67283980520265,-3.6884031633016092,30.68979026861566,-3.4654049816197583,22.59893812158268,-0.0015739016577432548,0.007974135667192487
a3p40,fthigh_damping,1.0,fthigh_damping_1,5,0.0,0.0,0.0,0.0,0.0,0.0,0.0,0.0
a3p40,fthigh_damping,1.1,fthigh_damping_1p1,5,2.0172759464977843,10.921928600215235,5.93965251088066,10.267519802390067,4.496599187761331,8.169306312748958,0.001031238502660663,0.006616809909224643
a3p40,fthigh_damping,1.3,fthigh_damping_1p3,5,73.1158351729669,53.626858816759324,69.76709286299915,68.08860941880761,72.0744630791215,63.27683735129634,0.04618821874850483,0.03390565825070891
a3p40,fthigh_damping,1.5,fthigh_damping_1p5,5,156.46034402681371,120.97330539178795,160.10467747167618,139.57449204086586,160.82618828552077,136.88136770996314,0.09906074697714902,0.07698464535765691
a3p40,fthigh_damping,1.7,fthigh_damping_1p7,5,241.63310265957548,176.87478048466704,244.16233980026405,201.79317146170013,244.94875223414405,196.52289307491014,0.1534631928948663,0.11268259537253573
a3p40,fthigh_damping,2.0,fthigh_damping_2,5,348.7334483551852,213.6860079468379,354.7537138385793,235.85180010403414,354.98720902645334,233.0128778280633,0.222120416426848,0.13638661974368418
a3p40,fthigh_friction,0.0,fthigh_friction_0,5,0.0,0.0,0.0,0.0,0.0,0.0,0.0,0.0
a3p40,fthigh_friction,0.1,fthigh_friction_0p1,5,0.0,0.0,0.0,0.0,0.0,0.0,0.0,0.0
a3p40,fthigh_friction,0.2,fthigh_friction_0p2,5,0.0,0.0,0.0,0.0,0.0,0.0,0.0,0.0
a3p40,fthigh_friction,0.3,fthigh_friction_0p3,5,-3.95825751575826,3.8834050779241216,-5.96100877403951,6.647139362487923,-7.07648995476743,4.067813611138934,-0.0026187549969005986,0.0026531080536298392
a3p40,fthigh_friction,0.4,fthigh_friction_0p4,5,-2.6466236277051394,5.187382310302072,-0.9965259096544287,1.95319078292268,-2.111200031708768,4.137952062149184,-0.0017379654711158574,0.00340641232338708
a3p40,fthigh_friction,0.5,fthigh_friction_0p5,5,-6.604881143463399,4.676262943414794,-6.957534683693939,6.048908024787844,-9.187689986476197,2.230072233477236,-0.004356720468016456,0.0031465026861028835
a3p40,fthigh_friction,0.6,fthigh_friction_0p6,5,-6.604881143463399,4.676262943414794,-6.957534683693939,6.048908024787844,-9.187689986476197,2.230072233477236,-0.004356720468016456,0.0031465026861028835
a3p40,fthigh_friction,0.7,fthigh_friction_0p7,5,-4.146331994534103,5.284430442947135,-2.15792439741831,2.602617640296259,-3.656035898158234,4.475051578868312,-0.002734331871911691,0.0034772437184894616
a3p40,fthigh_friction,0.8,fthigh_friction_0p8,5,0.0,0.0,0.0,0.0,0.0,0.0,0.0,0.0
a3p40,fthigh_friction,0.9,fthigh_friction_0p9,5,0.0,0.0,0.0,0.0,0.0,0.0,0.0,0.0
a3p40,fthigh_friction,1.0,fthigh_friction_1,5,0.0,0.0,0.0,0.0,0.0,0.0,0.0,0.0
a3p40,fthigh_friction,1.1,fthigh_friction_1p1,5,0.0,0.0,0.0,0.0,0.0,0.0,0.0,0.0
a3p40,fthigh_friction,1.3,fthigh_friction_1p3,5,0.0,0.0,0.0,0.0,0.0,0.0,0.0,0.0
a3p40,fthigh_friction,1.5,fthigh_friction_1p5,5,-3.95825751575826,3.8834050779241216,-5.96100877403951,6.647139362487923,-7.07648995476743,4.067813611138934,-0.0026187549969005986,0.0026531080536298392
a3p40,fthigh_friction,1.7,fthigh_friction_1p7,5,-2.6466236277051394,5.187382310302072,-0.9965259096544287,1.95319078292268,-2.111200031708768,4.137952062149184,-0.0017379654711158574,0.00340641232338708
a3p40,fthigh_friction,2.0,fthigh_friction_2,5,-6.604881143463399,4.676262943414794,-6.957534683693939,6.048908024787844,-9.187689986476197,2.230072233477236,-0.004356720468016456,0.0031465026861028835
a3p40,gear,0.0,gear_0,5,1929.0077849046113,190.46968097768263,1938.2297109211358,197.238532751864,1938.8402089543968,194.99273019011247,1.2264832724704633,0.053413408223945184
a3p40,gear,0.1,gear_0p1,5,1919.3480080370985,195.48722310923557,1928.5203129021684,200.16702196802837,1929.1837988670154,198.01694118487336,1.220165408075728,0.05629502721400669
a3p40,gear,0.2,gear_0p2,5,1905.8660839916097,194.82789422277526,1914.9716964388742,197.81562653162936,1915.6700107353367,195.76383802189397,1.2116904310912866,0.05826461643388861
a3p40,gear,0.3,gear_0p3,5,1893.4562754147405,190.88418110944443,1902.585154329723,192.77022690409737,1903.2767739171206,190.79907153929992,1.2040423303234462,0.05941530335023242
a3p40,gear,0.4,gear_0p4,5,1893.1256682685125,178.47671441790123,1903.7910996709809,181.12982514037742,1904.4499298847027,179.40601716558746,1.2044753799764325,0.05797844694256696
a3p40,gear,0.5,gear_0p5,5,1789.4867379997158,147.8518122435492,1805.5227348114745,151.55977382426894,1804.585920079458,149.2523964108168,1.1389807157603014,0.034833407831005976
a3p40,gear,0.6,gear_0p6,5,1469.4047269813805,325.8522457307934,1521.2631711769227,367.08697473394636,1464.1713054043298,337.39242967442766,0.927524758552777,0.14431646918172925
a3p40,gear,0.7,gear_0p7,5,816.4328212965534,197.108162718648,735.617964533875,163.3304989874356,738.5655624079608,164.71721149718107,0.515346485889085,0.09960342076219171
a3p40,gear,0.8,gear_0p8,5,434.88923063620075,104.20700659195201,433.2104662580265,127.18424757622427,436.4466446088889,121.78803385922198,0.2761477220950873,0.061330360530982245
a3p40,gear,0.9,gear_0p9,5,163.5006600092075,57.38505047721261,161.10086404203253,64.8209118075743,166.49768068905846,65.73089990397801,0.10361857216308692,0.03532109964580846
a3p40,gear,1.0,gear_1,5,0.0,0.0,0.0,0.0,0.0,0.0,0.0,0.0
a3p40,gear,1.1,gear_1p1,5,-24.561177160335728,30.725002044960224,-20.379667752225714,40.270696253558185,-15.795278088765462,40.35070644501547,-0.014958399798633054,0.018564523444351513
a3p40,gear,1.3,gear_1p3,5,132.89555001612584,184.6666407591772,30.921213940978397,177.32555610127454,35.015024803989306,172.38818389951632,0.08787610432550608,0.11931945855065348
a3p40,gear,1.5,gear_1p5,5,404.2684654625963,367.0466748572571,323.3872782196107,396.6199990610294,369.4619251520545,376.7620607541161,0.26696347969351153,0.2413797506828675
a3p40,gear,1.7,gear_1p7,5,803.6298288493348,249.9724714547476,637.4701246116044,471.55272969597297,715.0113972712496,382.765981969622,0.5175698316795647,0.16962731773953119
a3p40,gear,2.0,gear_2,5,1403.7717212781486,138.12533319089712,1581.9618050828044,196.2236789693512,1519.3142431076765,173.44753095733088,0.9022986773900697,0.13198700659970547
a3p40,gravity,0.0,gravity_0,5,-321.2754440668031,67.27431823341365,-322.0704649128943,79.13567792631991,-320.9559524631717,75.05660144583695,-0.2650777361795848,0.0747453455407431
a3p40,gravity,0.1,gravity_0p1,5,-304.80775781095105,74.1426879430399,-304.2477870682954,76.46775206026605,-303.33167663855903,75.48243210750958,-0.25181136035581453,0.07898896260519848
a3p40,gravity,0.2,gravity_0p2,5,-262.2483703222341,53.72203540737832,-268.52430327480073,65.30460928036834,-266.39787346861806,65.40455490346973,-0.21626308629924512,0.059910582101942784
a3p40,gravity,0.3,gravity_0p3,5,-239.47132951673046,50.11204377391697,-239.75568182312077,58.8364143911116,-239.02538914758802,56.512131492680204,-0.19769129922812162,0.05586855096155248
a3p40,gravity,0.4,gravity_0p4,5,-202.61795448114063,51.04750831862184,-208.94506655671935,71.53754200661993,-206.87800369160135,63.93633377421786,-0.16760264666014837,0.054122660553668475
a3p40,gravity,0.5,gravity_0p5,5,-182.78473014453738,49.933689921244714,-184.79323457022502,65.53864798673436,-184.02359176660534,61.16302133607096,-0.15135185741566584,0.05195095006490096
a3p40,gravity,0.6,gravity_0p6,5,-150.3127174495365,57.525375595961656,-147.36742017051506,71.04897148469762,-149.67549468170927,64.18590791035066,-0.12464806917296582,0.055855810018481826
a3p40,gravity,0.7,gravity_0p7,5,-112.90338770632961,37.75888390335071,-113.72248082921769,47.10335661352752,-113.06300440867271,43.57788454078202,-0.09384653430167164,0.03762758875668422
a3p40,gravity,0.8,gravity_0p8,5,-62.029379703295675,19.657240261163466,-77.80717708311313,41.551324022539426,-63.793317785504044,21.695789921947032,-0.05156326025267553,0.0199089637659648
a3p40,gravity,0.9,gravity_0p9,5,-31.284165710681282,6.568814087408123,-16.115980533673927,32.89441269779011,-25.841618370989817,15.260940336678807,-0.025713400410340946,0.006898726457844689
a3p40,gravity,1.0,gravity_1,5,0.0,0.0,0.0,0.0,0.0,0.0,0.0,0.0
a3p40,gravity,1.1,gravity_1p1,5,40.65027771066766,8.068869760510092,41.855941640799486,22.29109237421468,43.2839114207135,13.944528975186705,0.0334324369755104,0.008305018523800105
a3p40,gravity,1.3,gravity_1p3,5,136.13387947180033,52.55773001390331,128.09351400359364,47.24765885123992,130.74407293640598,49.69138487402432,0.11357005429450868,0.051451736202965705
a3p40,gravity,1.5,gravity_1p5,5,260.9685964877098,88.00317624106623,250.00993471210842,88.69524889131203,244.62245100651262,78.52263391512547,0.21737478105928706,0.08819100421040264
a3p40,gravity,1.7,gravity_1p7,5,354.0691279244824,148.99575518321382,316.7998073754514,77.99378243631897,324.45845778872194,90.44989752954706,0.2954689459446771,0.14364975299349045
a3p40,gravity,2.0,gravity_2,5,548.1812131824796,126.25907480417251,512.6066925190104,137.7862300343546,508.52783937463334,127.08206940517904,0.45429588651583275,0.13823886655690482
a3p70,bfoot_actuator_gain,0.0,bfoot_actuator_gain_0,5,122.65559332286702,47.89033442173231,128.93632237147182,51.96059133066254,129.22292942504788,52.97647492277353,0.07479409455083652,0.02815192180849125
a3p70,bfoot_actuator_gain,0.1,bfoot_actuator_gain_0p1,5,110.64090251992074,50.68099567591725,118.43599409825342,60.948197604618315,117.98340119271579,59.97036471561951,0.06737614382918536,0.030170074915296843
a3p70,bfoot_actuator_gain,0.2,bfoot_actuator_gain_0p2,5,98.57861749304588,57.229159711879525,105.40263803638918,63.1016829304825,103.27585177979714,62.493541146239785,0.06036337473753289,0.035959899830666754
a3p70,bfoot_actuator_gain,0.3,bfoot_actuator_gain_0p3,5,74.0217320382842,40.99984104996987,82.56209098178147,52.527080522360876,79.30802755995383,49.751720770237014,0.0456172068671926,0.02620386698518418
a3p70,bfoot_actuator_gain,0.4,bfoot_actuator_gain_0p4,5,63.20436129477412,39.62534567764206,68.1888476793044,47.52937237366987,68.68389893713947,46.72193874499674,0.038776169438430104,0.025122282587258463
a3p70,bfoot_actuator_gain,0.5,bfoot_actuator_gain_0p5,5,53.37490806748174,37.39701773499654,57.96080748831287,41.375590760638424,56.964827121304914,42.43931716741459,0.03304953071565789,0.024068703179202365
a3p70,bfoot_actuator_gain,0.6,bfoot_actuator_gain_0p6,5,39.29138768911057,24.20826306956953,48.26818886103215,35.02600353789199,44.93585354086922,34.2978768581758,0.024382307420073475,0.015607263781657103
a3p70,bfoot_actuator_gain,0.7,bfoot_actuator_gain_0p7,5,31.103426430459375,28.06027264757907,37.44216618056453,28.76587067641924,34.75682335719866,28.96343620390518,0.01922330106179391,0.017952507723848734
a3p70,bfoot_actuator_gain,0.8,bfoot_actuator_gain_0p8,5,7.305370694243129,12.443180125970967,11.746800407338288,18.169841567939827,8.502174575987556,14.604439427140548,0.004496276713882165,0.00788521272633594
a3p70,bfoot_actuator_gain,0.9,bfoot_actuator_gain_0p9,5,2.496011266226469,12.171860461713868,9.906672794803763,14.59629390779972,6.728032110574622,13.445986069703068,0.001595706374701535,0.0077420890788713614
a3p70,bfoot_actuator_gain,1.0,bfoot_actuator_gain_1,5,0.0,0.0,0.0,0.0,0.0,0.0,0.0,0.0
a3p70,bfoot_actuator_gain,1.1,bfoot_actuator_gain_1p1,5,-4.631721316489757,8.102601179443292,-1.1360698653711552,8.868172800568184,-3.0952319430361515,5.319960418461042,-0.0029128834880371443,0.005124741510102247
a3p70,bfoot_actuator_gain,1.3,bfoot_actuator_gain_1p3,5,-6.47942009109388,10.907407450391249,1.7790665655564681,3.969865255049581,-3.8660433106136223,5.637875827514304,-0.004151784938656501,0.006887098172641347
a3p70,bfoot_actuator_gain,1.5,bfoot_actuator_gain_1p5,5,-14.275958480530472,24.425116056221004,-8.812578601454742,10.085235033216696,-9.657756809805596,11.848775081316749,-0.009119391583653949,0.015574810919374566
a3p70,bfoot_actuator_gain,1.7,bfoot_actuator_gain_1p7,5,1.511420728235953,21.79749901188258,6.342611944628016,15.232414919933014,2.598300007742773,17.70717091924884,0.00044416418312450133,0.013465724775035404
a3p70,bfoot_actuator_gain,2.0,bfoot_actuator_gain_2,5,12.369548473779833,14.713044344668278,18.072540327486102,18.743367345425796,18.004524554484853,17.846514700203052,0.007524530615992797,0.008928400844775615
a3p70,bfoot_damping,0.0,bfoot_damping_0,5,94.09708426252746,48.26058479110863,100.35359103270707,62.09575186748096,96.38713511367037,57.82038160440242,0.05817265549037785,0.031126676483972375
a3p70,bfoot_damping,0.1,bfoot_damping_0p1,5,78.91376152828934,44.54018866445292,87.55105889808988,53.45785199274574,85.82355077044876,55.46862156190688,0.04914952600646768,0.02900878977298603
a3p70,bfoot_damping,0.2,bfoot_damping_0p2,5,55.64576112667864,49.22588723675425,67.55658686356841,60.59610538111668,62.76024839958522,58.90920730803502,0.034376175730301176,0.03155780732903984
a3p70,bfoot_damping,0.3,bfoot_damping_0p3,5,41.83676605366854,41.68365657621921,50.71380843977754,51.94970960226026,47.801036311014606,49.47060634273768,0.025691013860528154,0.026643558428514676
a3p70,bfoot_damping,0.4,bfoot_damping_0p4,5,30.515501886716084,31.780468109547307,46.06458967967869,43.90069108422589,39.24052454830348,41.607400244365785,0.018630663983658577,0.020274671007574702
a3p70,bfoot_damping,0.5,bfoot_damping_0p5,5,26.71083657641311,27.86894266267992,37.44970165490408,35.59895246732712,32.47490952607863,32.960648604455855,0.016308394018627163,0.01774863341868952
a3p70,bfoot_damping,0.6,bfoot_damping_0p6,5,18.081403591530897,23.63785919628179,24.146313154086556,28.129131557114565,20.82804386466837,28.381627408197485,0.010898687461352962,0.0149964136797432
a3p70,bfoot_damping,0.7,bfoot_damping_0p7,5,7.778174939005521,11.442266461709552,12.372913386662457,11.484270514184669,9.824609484506208,10.931676840267182,0.004445100889035181,0.006801402035986439
a3p70,bfoot_damping,0.8,bfoot_damping_0p8,5,-6.0258214223665165,23.38875647805332,4.231395839815605,13.204572874227715,-0.12362155521445857,14.540897658394778,-0.003968417084216686,0.014841155112208813
a3p70,bfoot_damping,0.9,bfoot_damping_0p9,5,-8.078952594835892,18.630922239797588,2.2403067276425643,3.988607564233284,-0.7032800688034058,6.130259740495029,-0.005350146713860008,0.011727217745648028
a3p70,bfoot_damping,1.0,bfoot_damping_1,5,0.0,0.0,0.0,0.0,0.0,0.0,0.0,0.0
a3p70,bfoot_damping,1.1,bfoot_damping_1p1,5,-0.3009740115753175,6.368442454810592,10.798919943865348,5.2756391141181345,4.699872814408854,3.936464521323631,-0.00021019945071887913,0.004050759277075738
a3p70,bfoot_damping,1.3,bfoot_damping_1p3,5,-0.2066787140654469,13.758988749151046,16.155861110278874,12.522402025527565,11.588397661960244,10.169965055066093,-0.00035803660137627305,0.008451058819173704
a3p70,bfoot_damping,1.5,bfoot_damping_1p5,5,5.726156792295933,5.6047711354286704,13.532927480861327,12.278847217226168,10.613314832977675,9.198541244122428,0.0036842043393288232,0.0036315739026020325
a3p70,bfoot_damping,1.7,bfoot_damping_1p7,5,35.638525574286994,35.01427897004639,22.1761671769661,17.43383154180039,19.608713414569955,15.82458743977213,0.021691528513158403,0.021095786101178998
a3p70,bfoot_damping,2.0,bfoot_damping_2,5,28.720799277400282,17.50437823055601,39.571026229386646,33.07291497541359,34.71773299580409,29.052930954139022,0.01779798604392787,0.011305058568003897
a3p70,bfoot_friction,0.0,bfoot_friction_0,5,0.0,0.0,0.0,0.0,0.0,0.0,0.0,0.0
a3p70,bfoot_friction,0.1,bfoot_friction_0p1,5,0.0,0.0,0.0,0.0,0.0,0.0,0.0,0.0
a3p70,bfoot_friction,0.2,bfoot_friction_0p2,5,0.0,0.0,0.0,0.0,0.0,0.0,0.0,0.0
a3p70,bfoot_friction,0.3,bfoot_friction_0p3,5,3.2428070149166617,7.743041010221377,5.452529663140649,10.199701101709769,2.1964200743713262,9.57169856837079,0.0021114265628903455,0.0050104836533491365
a3p70,bfoot_friction,0.4,bfoot_friction_0p4,5,-1.39821180143349,2.7404951308096406,-3.837650823657077,7.521795614367871,-1.980444598227996,3.881671412526872,-0.0007666678093866808,0.0015026689063978942
a3p70,bfoot_friction,0.5,bfoot_friction_0p5,5,1.8445952134831713,8.727780734287794,1.614878839483572,14.170528192760385,0.2159754761433305,10.72567255844198,0.0013447587535036646,0.0055201702714724205
a3p70,bfoot_friction,0.6,bfoot_friction_0p6,5,1.8445952134831713,8.727780734287794,1.614878839483572,14.170528192760385,0.2159754761433305,10.72567255844198,0.0013447587535036646,0.0055201702714724205
a3p70,bfoot_friction,0.7,bfoot_friction_0p7,5,-1.6689683626003444,2.65796368730029,-4.547245663029344,7.299388431286092,-2.6798244488514227,3.7796766532150556,-0.0009302886544031124,0.0014559909748114576
a3p70,bfoot_friction,0.8,bfoot_friction_0p8,5,0.0,0.0,0.0,0.0,0.0,0.0,0.0,0.0
a3p70,bfoot_friction,0.9,bfoot_friction_0p9,5,0.0,0.0,0.0,0.0,0.0,0.0,0.0,0.0
a3p70,bfoot_friction,1.0,bfoot_friction_1,5,0.0,0.0,0.0,0.0,0.0,0.0,0.0,0.0
a3p70,bfoot_friction,1.1,bfoot_friction_1p1,5,0.0,0.0,0.0,0.0,0.0,0.0,0.0,0.0
a3p70,bfoot_friction,1.3,bfoot_friction_1p3,5,0.0,0.0,0.0,0.0,0.0,0.0,0.0,0.0
a3p70,bfoot_friction,1.5,bfoot_friction_1p5,5,3.2428070149166617,7.743041010221377,5.452529663140649,10.199701101709769,2.1964200743713262,9.57169856837079,0.0021114265628903455,0.0050104836533491365
a3p70,bfoot_friction,1.7,bfoot_friction_1p7,5,-1.39821180143349,2.7404951308096406,-3.837650823657077,7.521795614367871,-1.980444598227996,3.881671412526872,-0.0007666678093866808,0.0015026689063978942
a3p70,bfoot_friction,2.0,bfoot_friction_2,5,1.8445952134831713,8.727780734287794,1.614878839483572,14.170528192760385,0.2159754761433305,10.72567255844198,0.0013447587535036646,0.0055201702714724205
a3p70,bshin_actuator_gain,0.0,bshin_actuator_gain_0,5,2043.6372526233718,124.43047393050784,2071.214385223896,118.58111884560579,2065.5157311839107,115.52472996653454,1.2618513849432382,0.06929442490322152
a3p70,bshin_actuator_gain,0.1,bshin_actuator_gain_0p1,5,1940.2849735210184,142.89527587416737,2022.5690331166559,126.76555066096473,1967.1881650686669,135.75374285351538,1.1965166783404282,0.05713418504244375
a3p70,bshin_actuator_gain,0.2,bshin_actuator_gain_0p2,5,1737.7239582221384,185.27516760540533,1682.8224774539297,238.05111488828527,1721.7978797798005,244.8188882106154,1.0698337660670583,0.07826148780437578
a3p70,bshin_actuator_gain,0.3,bshin_actuator_gain_0p3,5,1393.9834498061748,196.97229382998495,1278.6776196161536,225.29570607127468,1347.8473103148444,213.59285453590837,0.8567502455898076,0.08993841069235183
a3p70,bshin_actuator_gain,0.4,bshin_actuator_gain_0p4,5,1089.303710388506,217.5640290082334,1002.8085686340834,212.09995870661257,1038.3854856725852,220.038466422814,0.6707968573020926,0.1294011822545849
a3p70,bshin_actuator_gain,0.5,bshin_actuator_gain_0p5,5,793.4024424639226,160.62029773589208,761.5090128372209,151.9587787354887,763.3490907369504,153.78051037931453,0.48858534523032926,0.09583079304745254
a3p70,bshin_actuator_gain,0.6,bshin_actuator_gain_0p6,5,549.8301356642271,108.01207956751557,558.709738601394,119.24366694667269,558.4979196148499,120.28565663306706,0.3374532617496192,0.05668017435776533
a3p70,bshin_actuator_gain,0.7,bshin_actuator_gain_0p7,5,349.7530566951998,87.64230767141996,360.5279618864763,97.85954081611398,356.4038729906471,95.06786628013657,0.2139226826200405,0.046616083119185185
a3p70,bshin_actuator_gain,0.8,bshin_actuator_gain_0p8,5,208.97243220324813,80.95074658893907,218.85709214007574,94.6690237298879,217.13539514025211,94.76780138285905,0.12750302277637424,0.04772611463060214
a3p70,bshin_actuator_gain,0.9,bshin_actuator_gain_0p9,5,66.97469321845647,31.059169785607203,80.95860918733601,44.06827644911172,78.08856224054588,41.53956193312633,0.040593163592813265,0.018018975644462566
a3p70,bshin_actuator_gain,1.0,bshin_actuator_gain_1,5,0.0,0.0,0.0,0.0,0.0,0.0,0.0,0.0
a3p70,bshin_actuator_gain,1.1,bshin_actuator_gain_1p1,5,-16.192235023064587,35.50818256592448,-13.67568355446233,37.14332197869254,-13.646498015126372,33.92683842761266,-0.010889732073060456,0.021533278926658565
a3p70,bshin_actuator_gain,1.3,bshin_actuator_gain_1p3,5,25.430996428830532,91.80378539093206,35.52835799725331,99.85953512571817,34.67455130675048,98.14900113335351,0.013148052760697406,0.05285818179900449
a3p70,bshin_actuator_gain,1.5,bshin_actuator_gain_1p5,5,117.39872333696262,163.29313620400794,120.91603358091575,177.76904198961273,120.7177055424639,175.19262294184742,0.0700699477797625,0.09918702732537836
a3p70,bshin_actuator_gain,1.7,bshin_actuator_gain_1p7,5,187.45211883907297,231.3068671515591,199.70500650292996,253.76719259859004,199.80608360287493,249.89619640902458,0.11331369275238372,0.14414516175879952
a3p70,bshin_actuator_gain,2.0,bshin_actuator_gain_2,5,338.3063796242149,349.5954310877782,344.93669200779897,358.2790219240317,348.2426186320253,363.48876723734725,0.20715430310602567,0.22306255260175337
a3p70,bshin_damping,0.0,bshin_damping_0,5,1016.4117076661439,173.5203813631521,1011.3611442157653,185.38861301258095,1008.3143147132532,187.33001954206273,0.625236360073018,0.09602405745038282
a3p70,bshin_damping,0.1,bshin_damping_0p1,5,863.5785156932163,156.18495529370085,845.6159046286255,184.45353682765742,849.5204733458156,184.01004652936973,0.5321676921800079,0.09323972060210822
a3p70,bshin_damping,0.2,bshin_damping_0p2,5,732.1949560341376,179.24695887242817,725.4808545392867,210.99347330956766,722.0412813649226,212.2777458305696,0.45101002526826883,0.10672699648341347
a3p70,bshin_damping,0.3,bshin_damping_0p3,5,591.7886098969477,235.89658026795883,611.4180901446178,237.6364205722479,601.0962645399077,236.95577468319735,0.36381116041369826,0.1372171190045001
a3p70,bshin_damping,0.4,bshin_damping_0p4,5,441.5401808347513,262.5366751401443,453.6377736483029,256.8124392422358,452.5035839413987,257.65497591144367,0.26953650860870787,0.1493697278359302
a3p70,bshin_damping,0.5,bshin_damping_0p5,5,311.70513180001296,254.6638597547142,319.3026358121555,249.75765894403875,319.1635566028257,252.95100818580846,0.18853596839615797,0.1436389836061862
a3p70,bshin_damping,0.6,bshin_damping_0p6,5,197.19501438976675,232.15610830252675,203.95798541640016,227.29060183830944,204.67360764281497,227.0382733555139,0.11699952944424255,0.13049181526827205
a3p70,bshin_damping,0.7,bshin_damping_0p7,5,144.67915746716554,163.4380225310392,129.47895366378944,173.3644383399187,126.62175456144541,177.0387794211362,0.08525470664026547,0.09223797264791274
a3p70,bshin_damping,0.8,bshin_damping_0p8,5,39.55116300241957,122.70237786555896,48.29575972200632,109.87949420246969,45.72735401106147,115.48207109047652,0.021581000247253703,0.07138800081949086
a3p70,bshin_damping,0.9,bshin_damping_0p9,5,12.019886519271221,55.679724829061136,19.393961339969746,52.15854185766895,14.585380726921358,55.21902838314688,0.006282703976475965,0.0328752294756119
a3p70,bshin_damping,1.0,bshin_damping_1,5,0.0,0.0,0.0,0.0,0.0,0.0,0.0,0.0
a3p70,bshin_damping,1.1,bshin_damping_1p1,5,36.363945937332616,19.351830323635863,45.00526652030116,28.1623296312387,41.969134125408026,24.46259416592937,0.02179204647850391,0.010620857504561348
a3p70,bshin_damping,1.3,bshin_damping_1p3,5,212.63415873331851,86.13728024877886,215.96210595005263,80.24568769004219,215.99481759683113,82.20501936752704,0.1281785672071733,0.041386030318947414
a3p70,bshin_damping,1.5,bshin_damping_1p5,5,388.2664432117695,132.26181282285012,401.7496603313665,120.59487614031761,397.38942061121963,121.67941636509548,0.23524119365675786,0.06243658950660488
a3p70,bshin_damping,1.7,bshin_damping_1p7,5,545.8705816674377,173.73545305755715,560.1043739274224,163.8850941893669,556.4030290924127,165.77912395220005,0.3313204892284423,0.08088936844280216
a3p70,bshin_damping,2.0,bshin_damping_2,5,798.0307185072803,215.89200356310204,809.6947163054051,206.84300402182538,804.2438910057394,211.5041147000953,0.4870940149583868,0.1047544363469512
a3p70,bshin_friction,0.0,bshin_friction_0,5,0.0,0.0,0.0,0.0,0.0,0.0,0.0,0.0
a3p70,bshin_friction,0.1,bshin_friction_0p1,5,0.0,0.0,0.0,0.0,0.0,0.0,0.0,0.0
a3p70,bshin_friction,0.2,bshin_friction_0p2,5,0.0,0.0,0.0,0.0,0.0,0.0,0.0,0.0
a3p70,bshin_friction,0.3,bshin_friction_0p3,5,0.0,0.0,0.0,0.0,0.0,0.0,0.0,0.0
a3p70,bshin_friction,0.4,bshin_friction_0p4,5,0.0,0.0,0.0,0.0,0.0,0.0,0.0,0.0
a3p70,bshin_friction,0.5,bshin_friction_0p5,5,3.2428070149166617,7.743041010221377,5.452529663140649,10.199701101709769,2.1964200743713262,9.57169856837079,0.0021114265628903455,0.0050104836533491365
a3p70,bshin_friction,0.6,bshin_friction_0p6,5,-1.39821180143349,2.7404951308096406,-3.837650823657077,7.521795614367871,-1.980444598227996,3.881671412526872,-0.0007666678093866808,0.0015026689063978942
a3p70,bshin_friction,0.7,bshin_friction_0p7,5,1.8445952134831713,8.727780734287794,1.614878839483572,14.170528192760385,0.2159754761433305,10.72567255844198,0.0013447587535036646,0.0055201702714724205
a3p70,bshin_friction,0.8,bshin_friction_0p8,5,1.8445952134831713,8.727780734287794,1.614878839483572,14.170528192760385,0.2159754761433305,10.72567255844198,0.0013447587535036646,0.0055201702714724205
a3p70,bshin_friction,0.9,bshin_friction_0p9,5,-1.6689683626003444,2.65796368730029,-4.547245663029344,7.299388431286092,-2.6798244488514227,3.7796766532150556,-0.0009302886544031124,0.0014559909748114576
a3p70,bshin_friction,1.0,bshin_friction_1,5,0.0,0.0,0.0,0.0,0.0,0.0,0.0,0.0
a3p70,bshin_friction,1.1,bshin_friction_1p1,5,0.0,0.0,0.0,0.0,0.0,0.0,0.0,0.0
a3p70,bshin_friction,1.3,bshin_friction_1p3,5,0.0,0.0,0.0,0.0,0.0,0.0,0.0,0.0
a3p70,bshin_friction,1.5,bshin_friction_1p5,5,0.0,0.0,0.0,0.0,0.0,0.0,0.0,0.0
a3p70,bshin_friction,1.7,bshin_friction_1p7,5,0.0,0.0,0.0,0.0,0.0,0.0,0.0,0.0
a3p70,bshin_friction,2.0,bshin_friction_2,5,3.2428070149166617,7.743041010221377,5.452529663140649,10.199701101709769,2.1964200743713262,9.57169856837079,0.0021114265628903455,0.0050104836533491365
a3p70,bthigh_actuator_gain,0.0,bthigh_actuator_gain_0,5,1254.3743503941205,457.2726544426267,1217.9590259366887,467.5233908476681,1223.0523976529207,476.05966583862124,0.772893905207384,0.28550208234495517
a3p70,bthigh_actuator_gain,0.1,bthigh_actuator_gain_0p1,5,1107.063922054154,468.28650492750813,1150.2756902244496,506.0677241945496,1112.4269979776423,462.6032980545986,0.6801728709030861,0.28316436758416424
a3p70,bthigh_actuator_gain,0.2,bthigh_actuator_gain_0p2,5,987.6264992437627,458.5345055400158,988.7093463972247,452.83536442305285,983.7867088987317,451.0611935609987,0.6046080373427689,0.27032788581510525
a3p70,bthigh_actuator_gain,0.3,bthigh_actuator_gain_0p3,5,802.9921620195377,419.9260014516567,746.1880969582738,397.7776692831242,762.3790747276134,400.1996429203959,0.4880963677400934,0.23691996343759392
a3p70,bthigh_actuator_gain,0.4,bthigh_actuator_gain_0p4,5,575.7148114106051,326.2489454401773,560.4243994031557,322.0433645651063,556.2836110343326,321.62760388428205,0.34653011135331585,0.1731511639777034
a3p70,bthigh_actuator_gain,0.5,bthigh_actuator_gain_0p5,5,405.3391664202917,212.40584720804276,372.5633168869364,197.14412388025582,368.29491556032997,198.67251641993303,0.24504487752339546,0.11552337395884307
a3p70,bthigh_actuator_gain,0.6,bthigh_actuator_gain_0p6,5,264.1259732151213,113.91414881971995,226.4075484912611,89.1207468217764,221.89627415292935,88.29038971720459,0.16154885496618623,0.06764877236118924
a3p70,bthigh_actuator_gain,0.7,bthigh_actuator_gain_0p7,5,133.97972625627486,55.32201112303109,140.72507675528055,54.217326801195725,135.55506920100402,53.932247575505244,0.08061770677278964,0.026617630858619946
a3p70,bthigh_actuator_gain,0.8,bthigh_actuator_gain_0p8,5,49.54318879683251,31.13651903092457,58.56452035084872,23.31280611796886,56.80694693286323,22.741509837666765,0.029493677930095018,0.01691431714576742
a3p70,bthigh_actuator_gain,0.9,bthigh_actuator_gain_0p9,5,12.479483028474533,21.48515770542358,16.470760894265958,21.16355409209913,15.382748171718095,19.187780601206157,0.006876064184771345,0.011965853121832737
a3p70,bthigh_actuator_gain,1.0,bthigh_actuator_gain_1,5,0.0,0.0,0.0,0.0,0.0,0.0,0.0,0.0
a3p70,bthigh_actuator_gain,1.1,bthigh_actuator_gain_1p1,5,22.5167166043198,27.15531349493795,10.062906586001873,17.675105368130946,8.428581978379906,19.86759679782388,0.013812054839107307,0.016550467006807144
a3p70,bthigh_actuator_gain,1.3,bthigh_actuator_gain_1p3,5,109.04592833023666,33.811492272973595,92.64839476628522,74.28575804915141,90.09186036952141,73.89507743503295,0.06714233848418766,0.020846093580114237
a3p70,bthigh_actuator_gain,1.5,bthigh_actuator_gain_1p5,5,246.62497562185285,154.02101719584405,260.20268695222455,150.0701849386971,253.88491024991927,152.88005164592008,0.1522319226505355,0.09577289141933712
a3p70,bthigh_actuator_gain,1.7,bthigh_actuator_gain_1p7,5,517.606882421012,242.215198610574,505.90871033320354,273.04023251329403,501.1683804734836,264.3331103037417,0.32017108453849286,0.15651716561438142
a3p70,bthigh_actuator_gain,2.0,bthigh_actuator_gain_2,5,872.8556136065621,393.0741427196694,882.3578073731063,400.00243910955777,875.4811132578809,396.6884271259318,0.5389822629423007,0.25578583736965826
a3p70,bthigh_damping,0.0,bthigh_damping_0,5,1905.3906283086021,1035.989694062387,1934.701627045204,1044.9182550105097,1926.7444540561123,1052.0668372607274,1.1659949205712117,0.618858972875956
a3p70,bthigh_damping,0.1,bthigh_damping_0p1,5,1565.5634997651991,876.3606277734118,1578.2612778078928,874.0148686181903,1569.2148092934945,872.7058433994301,0.9571927594175437,0.5211304189725271
a3p70,bthigh_damping,0.2,bthigh_damping_0p2,5,1112.9984830248902,595.4814255659813,1121.9300188631528,595.2438226751974,1125.8764055264164,598.658498367576,0.6875703797623636,0.37591025009986573
a3p70,bthigh_damping,0.3,bthigh_damping_0p3,5,797.5548634077644,434.5513227090875,800.4708566737106,437.2432698707483,798.2052688606129,433.17157029487055,0.4966544743859595,0.2836131348256256
a3p70,bthigh_damping,0.4,bthigh_damping_0p4,5,546.5407927772436,296.9320421065627,553.3528789960708,294.72798425438236,554.9947652017765,295.10754069760674,0.3419833847744262,0.196670868094448
a3p70,bthigh_damping,0.5,bthigh_damping_0p5,5,343.56850360522384,207.2538413190391,349.74528989355133,197.66379540563176,350.5914395976771,203.59932907673664,0.2158464573760419,0.1380550780274423
a3p70,bthigh_damping,0.6,bthigh_damping_0p6,5,218.56474499089194,88.97838428768286,197.73392775729295,103.78082299881638,200.30412809214386,103.21580946594742,0.1367930043311572,0.06129305231879362
a3p70,bthigh_damping,0.7,bthigh_damping_0p7,5,111.41867888658416,33.288059773613064,91.25371084113257,40.15145190365568,93.4136967137218,40.867333282632266,0.06929418270517354,0.022735834753443228
a3p70,bthigh_damping,0.8,bthigh_damping_0p8,5,40.663933729675634,17.226255058295862,44.67808730196366,12.860977382140819,45.27581687089501,11.939115789248644,0.02521081336742212,0.011316675301438544
a3p70,bthigh_damping,0.9,bthigh_damping_0p9,5,33.475913980041106,43.57590835578959,12.299608552073959,19.77822011689637,11.756619654516271,19.72375668710603,0.020579355542250842,0.02653593423029345
a3p70,bthigh_damping,1.0,bthigh_damping_1,5,0.0,0.0,0.0,0.0,0.0,0.0,0.0,0.0
a3p70,bthigh_damping,1.1,bthigh_damping_1p1,5,-0.47158976895384513,22.65460094393705,7.929666757455425,8.754035920540408,6.691590666868296,10.002024198677956,-0.0008401094759837129,0.0137623698496104
a3p70,bthigh_damping,1.3,bthigh_damping_1p3,5,49.10292090072953,59.87413559966322,54.0960439605773,49.42994318381306,53.25614519647206,54.76625949108417,0.029529233452769654,0.03566113039223346
a3p70,bthigh_damping,1.5,bthigh_damping_1p5,5,98.91831418640645,88.0221260674639,106.0758442564113,83.2952258497723,103.63650301488178,85.60091307603169,0.060102427147340876,0.05235457241009511
a3p70,bthigh_damping,1.7,bthigh_damping_1p7,5,149.18731493734316,105.98140058090877,162.24775050492082,93.75228831413934,156.97453366784006,97.43001439398338,0.09123329704325182,0.06394191606152505
a3p70,bthigh_damping,2.0,bthigh_damping_2,5,254.6527387593948,142.3761918833532,262.55139129945917,131.31480789850448,261.78173324286655,131.84322743727952,0.15693525964079655,0.08888342094180537
a3p70,bthigh_friction,0.0,bthigh_friction_0,5,0.0,0.0,0.0,0.0,0.0,0.0,0.0,0.0
a3p70,bthigh_friction,0.1,bthigh_friction_0p1,5,-3.5135635760835155,7.605640247906833,-6.162124502512915,9.67990955077674,-2.8957999249947535,9.265432315805803,-0.0023058891761260584,0.004988070932285571
a3p70,bthigh_friction,0.2,bthigh_friction_0p2,5,-1.8445952134831713,8.727780734287794,-1.614878839483572,14.170528192760385,-0.2159754761433305,10.72567255844198,-0.0013786619460858652,0.005575959777866482
a3p70,bthigh_friction,0.3,bthigh_friction_0p3,5,-1.8445952134831713,8.727780734287794,-1.614878839483572,14.170528192760385,-0.2159754761433305,10.72567255844198,-0.0013786619460858652,0.005575959777866482
a3p70,bthigh_friction,0.4,bthigh_friction_0p4,5,-1.8445952134831713,8.727780734287794,-1.614878839483572,14.170528192760385,-0.2159754761433305,10.72567255844198,-0.0013786619460858652,0.005575959777866482
a3p70,bthigh_friction,0.5,bthigh_friction_0p5,5,-1.8445952134831713,8.727780734287794,-1.614878839483572,14.170528192760385,-0.2159754761433305,10.72567255844198,-0.0013786619460858652,0.005575959777866482
a3p70,bthigh_friction,0.6,bthigh_friction_0p6,5,-1.8445952134831713,8.727780734287794,-1.614878839483572,14.170528192760385,-0.2159754761433305,10.72567255844198,-0.0013786619460858652,0.005575959777866482
a3p70,bthigh_friction,0.7,bthigh_friction_0p7,5,1.39821180143349,2.7404951308096406,3.837650823657077,7.521795614367871,1.980444598227996,3.881671412526872,0.0007637401345073635,0.0014969306636344324
a3p70,bthigh_friction,0.8,bthigh_friction_0p8,5,-3.2428070149166617,7.743041010221377,-5.452529663140649,10.199701101709769,-2.1964200743713262,9.57169856837079,-0.002142402080593229,0.005070270132029168
a3p70,bthigh_friction,0.9,bthigh_friction_0p9,5,0.0,0.0,0.0,0.0,0.0,0.0,0.0,0.0
a3p70,bthigh_friction,1.0,bthigh_friction_1,5,0.0,0.0,0.0,0.0,0.0,0.0,0.0,0.0
a3p70,bthigh_friction,1.1,bthigh_friction_1p1,5,-3.5135635760835155,7.605640247906833,-6.162124502512915,9.67990955077674,-2.8957999249947535,9.265432315805803,-0.0023058891761260584,0.004988070932285571
a3p70,bthigh_friction,1.3,bthigh_friction_1p3,5,-1.8445952134831713,8.727780734287794,-1.614878839483572,14.170528192760385,-0.2159754761433305,10.72567255844198,-0.0013786619460858652,0.005575959777866482
a3p70,bthigh_friction,1.5,bthigh_friction_1p5,5,-1.8445952134831713,8.727780734287794,-1.614878839483572,14.170528192760385,-0.2159754761433305,10.72567255844198,-0.0013786619460858652,0.005575959777866482
a3p70,bthigh_friction,1.7,bthigh_friction_1p7,5,-1.8445952134831713,8.727780734287794,-1.614878839483572,14.170528192760385,-0.2159754761433305,10.72567255844198,-0.0013786619460858652,0.005575959777866482
a3p70,bthigh_friction,2.0,bthigh_friction_2,5,-1.8445952134831713,8.727780734287794,-1.614878839483572,14.170528192760385,-0.2159754761433305,10.72567255844198,-0.0013786619460858652,0.005575959777866482
a3p70,damping,0.0,damping_0,5,1621.1819593830419,205.80141751795648,1647.97113236022,218.61746905118915,1638.1319267507702,217.51815818148694,0.9977545916325488,0.11277535114394342
a3p70,damping,0.1,damping_0p1,5,1488.5099532885076,203.90255810894445,1463.9839977859642,244.26014128973156,1471.0731162942022,226.88764492259222,0.918505564730396,0.13238918403828862
a3p70,damping,0.2,damping_0p2,5,1282.5984801319112,205.3498190920118,1205.150206123591,262.9236806804901,1224.099201671065,248.27656407426386,0.793337215083062,0.14145041339615858
a3p70,damping,0.3,damping_0p3,5,1062.6352780288705,265.9411334823402,1037.1368790973925,314.95772285217686,1041.2067584237536,305.8263708028953,0.6566305875119397,0.1735559818713897
a3p70,damping,0.4,damping_0p4,5,787.1363338982735,251.26891409271698,792.4264901115166,270.43325251900063,787.062766674949,267.89887338901195,0.48729643171705134,0.16443607616622014
a3p70,damping,0.5,damping_0p5,5,578.9840078249887,151.8153691771721,565.1884238027972,187.82260141231524,560.7724202634874,182.79496653442553,0.3576810475221158,0.09845733692470189
a3p70,damping,0.6,damping_0p6,5,312.62917315275547,55.21059389435697,311.5086184600499,88.23925878438745,304.4604680034073,85.55246898109712,0.1922857674155117,0.03158363490554786
a3p70,damping,0.7,damping_0p7,5,144.31001104881898,71.74665682687574,152.29087366492564,71.54153364210534,149.54060786360265,73.45127129191872,0.08832290289529385,0.04123833242368595
a3p70,damping,0.8,damping_0p8,5,59.49638985932279,48.55974077388306,74.82169996354364,63.17873066592553,72.9318622403348,60.75196561732806,0.03622762878150446,0.028403641195209234
a3p70,damping,0.9,damping_0p9,5,3.7432062420934926,23.066127940545122,8.067648722292825,20.920305761458632,8.18623503284257,21.04556450694087,0.002077975374663836,0.013707145812349079
a3p70,damping,1.0,damping_1,5,0.0,0.0,0.0,0.0,0.0,0.0,0.0,0.0
a3p70,damping,1.1,damping_1p1,5,55.843984421234474,36.59624161271086,63.015657149113075,35.716848539276725,61.80950972504561,36.16569122402826,0.03342364918187478,0.02113239180482125
a3p70,damping,1.3,damping_1p3,5,361.1283770760911,83.07480686126154,374.4187136065184,96.59791062976697,371.99968406839713,93.56307267840509,0.22152856422251982,0.047620966199423034
a3p70,damping,1.5,damping_1p5,5,581.323114238153,141.36609864038655,593.1613113190482,147.2714054709497,590.8826414977436,146.46795997613006,0.3561002714395271,0.07937141529360976
a3p70,damping,1.7,damping_1p7,5,823.0234735424605,183.31438426888286,832.0167428488542,187.48086598229492,829.0265129675545,185.0254294687769,0.5053875855121566,0.10615411951604381
a3p70,damping,2.0,damping_2,5,1321.7968671568465,340.9786185058155,1301.6190747239489,345.14959121408396,1309.1174404909002,342.6527180686328,0.8193765600537404,0.23281463054357934
a3p70,ffoot_actuator_gain,0.0,ffoot_actuator_gain_0,5,328.830733798595,597.0678024398833,452.8438049795703,817.1916002706815,410.0487592933472,747.3407874592617,0.18155487240552437,0.3268429242082075
a3p70,ffoot_actuator_gain,0.1,ffoot_actuator_gain_0p1,5,305.8332628748502,550.6870079996557,448.3426019798911,813.7131152968947,367.78285602545395,666.3699121542279,0.1690264301653624,0.30137702728326066
a3p70,ffoot_actuator_gain,0.2,ffoot_actuator_gain_0p2,5,141.47582410109004,233.7310158034196,53.79100092231465,42.999761593791895,48.53548014789726,46.5831802068401,0.07879664075941518,0.1276773604224934
a3p70,ffoot_actuator_gain,0.3,ffoot_actuator_gain_0p3,5,43.98592445502991,73.91579152410449,35.47308846036658,29.263730063085482,32.190123366874424,32.33612305953306,0.02444194942305895,0.04087513723244746
a3p70,ffoot_actuator_gain,0.4,ffoot_actuator_gain_0p4,5,17.227786109812087,23.279331697859757,22.16158547826003,11.235360300638591,22.609611737886418,14.926736700194324,0.010102517179946735,0.014063142805593168
a3p70,ffoot_actuator_gain,0.5,ffoot_actuator_gain_0p5,5,3.3491846866062134,30.74206237056395,12.1732162448704,9.526273625457087,11.017651941952,15.016555790104876,0.001231255297492988,0.018586589142014612
a3p70,ffoot_actuator_gain,0.6,ffoot_actuator_gain_0p6,5,3.4541563065698027,13.905159658682754,12.379198280138462,16.826843859091905,11.317805572310272,12.765533082377637,0.0018423741710080865,0.008501237550730494
a3p70,ffoot_actuator_gain,0.7,ffoot_actuator_gain_0p7,5,-2.5715965388495534,15.306089074287067,5.621859707533213,5.250034582277294,5.824330543518545,6.538005062930816,-0.001936613653872982,0.009497219420122206
a3p70,ffoot_actuator_gain,0.8,ffoot_actuator_gain_0p8,5,0.4361585186941738,15.456741670815015,3.2599969981676624,10.053769854363866,1.5689280623881587,12.591161072345617,0.00023687309743652984,0.009820092571822566
a3p70,ffoot_actuator_gain,0.9,ffoot_actuator_gain_0p9,5,-10.963085523443805,15.949241025768464,-8.212875813117444,20.470613475386962,-9.932496583694046,17.91702442047003,-0.006451218581175722,0.009717648525266692
a3p70,ffoot_actuator_gain,1.0,ffoot_actuator_gain_1,5,0.0,0.0,0.0,0.0,0.0,0.0,0.0,0.0
a3p70,ffoot_actuator_gain,1.1,ffoot_actuator_gain_1p1,5,-6.33637848360504,11.89260986920817,1.874785263845115,11.196857914342985,-1.7482872082799077,11.048971666603766,-0.003931118013677886,0.007520701072952474
a3p70,ffoot_actuator_gain,1.3,ffoot_actuator_gain_1p3,5,1.2283100421926973,14.992698593171305,7.846291709444358,8.584763768593884,5.077596449429666,11.398708559421372,0.0005122530840312319,0.009210569204897592
a3p70,ffoot_actuator_gain,1.5,ffoot_actuator_gain_1p5,5,-8.473015857669315,32.72635641046059,3.7292089181907615,15.5452541712544,0.4838168538361515,19.75271425376268,-0.005960057861124699,0.02023178493037073
a3p70,ffoot_actuator_gain,1.7,ffoot_actuator_gain_1p7,5,-1.6175773145162111,31.56947439534528,10.720573870642738,19.280001652678994,6.533438946618389,23.646270035134048,-0.001999364444150806,0.018628359591123262
a3p70,ffoot_actuator_gain,2.0,ffoot_actuator_gain_2,5,-0.25358640050885695,31.449318580590617,4.620296503807003,28.122302892096183,1.5095176335182714,28.249965021696156,-0.0011652486014808814,0.01828220524945098
a3p70,ffoot_damping,0.0,ffoot_damping_0,5,36.34332270048431,63.7919497892042,42.53216260866661,57.78349350948546,39.66224544982833,59.49970791088846,0.022182097944258173,0.04116116526482238
a3p70,ffoot_damping,0.1,ffoot_damping_0p1,5,30.698007082618098,38.994316232162134,41.18262508152607,32.42350196676831,37.42483862542103,35.25403245437382,0.018603346518511196,0.024843246874955573
a3p70,ffoot_damping,0.2,ffoot_damping_0p2,5,18.426501480424214,32.22456394219224,24.106580197775475,27.405745288616075,21.71373848109056,30.363385743233554,0.010778885643348196,0.020234132815599073
a3p70,ffoot_damping,0.3,ffoot_damping_0p3,5,30.43449055727592,19.326961100844155,28.212509364835114,15.912078621526996,28.35689580492276,18.87429392791473,0.01854049509451156,0.012171277785978598
a3p70,ffoot_damping,0.4,ffoot_damping_0p4,5,28.490559505800185,17.2517697967045,28.311163234536345,14.544105704011113,25.673022185129593,13.53575914944385,0.017422374821716064,0.010895593995381675
a3p70,ffoot_damping,0.5,ffoot_damping_0p5,5,18.606416169164504,13.922039509952684,25.939891885892166,15.949252757062967,20.645148607468535,15.75411664474153,0.011144329469399583,0.008428517056922318
a3p70,ffoot_damping,0.6,ffoot_damping_0p6,5,6.188382124012105,26.528843322211387,18.024495883959027,15.257541862843247,13.1433658575565,15.70378155985168,0.0034040277550613633,0.016574702243711714
a3p70,ffoot_damping,0.7,ffoot_damping_0p7,5,-8.042044738111553,24.234544016145318,-1.0461952850561373,9.096584651960983,-3.190520389892481,10.9645209643507,-0.005155334346472231,0.015437990829392527
a3p70,ffoot_damping,0.8,ffoot_damping_0p8,5,3.9752966993529752,12.36689350566145,10.467695978326764,5.742229131643357,8.206914539573427,5.213485782318545,0.0022185745113686,0.00747208244617225
a3p70,ffoot_damping,0.9,ffoot_damping_0p9,5,0.1046683063038472,3.0468678974147236,6.708217590500271,3.9283279474213435,3.197507249275577,4.659757143233838,3.145135979630829e-05,0.001904654465315919
a3p70,ffoot_damping,1.0,ffoot_damping_1,5,0.0,0.0,0.0,0.0,0.0,0.0,0.0,0.0
a3p70,ffoot_damping,1.1,ffoot_damping_1p1,5,5.926532049346543,47.30250751054725,-5.959124228525161,10.054721482310507,-9.886104911981874,9.335331867728964,0.0031791581787847167,0.028965411943197884
a3p70,ffoot_damping,1.3,ffoot_damping_1p3,5,11.699749000036672,40.47434615136539,1.871313353882897,10.945084878957296,-2.6473420545353745,6.438869561895519,0.006666491100767782,0.024695450551334677
a3p70,ffoot_damping,1.5,ffoot_damping_1p5,5,-14.42607137680734,21.129864371021903,-0.056059144017172005,11.911697841858098,-6.493770988947199,12.051860948096566,-0.009241906418262575,0.01331195050021682
a3p70,ffoot_damping,1.7,ffoot_damping_1p7,5,10.168250802758575,43.96564468518424,-0.7006494369372376,8.119532845172616,-2.965893075787517,10.477328112138405,0.005873847622223953,0.027037542857545397
a3p70,ffoot_damping,2.0,ffoot_damping_2,5,-1.9633867848611772,15.119708402994613,5.700260337942064,12.338907174904183,4.708824827346916,12.124440015831489,-0.0016660305936712356,0.008796600661111258
a3p70,ffoot_friction,0.0,ffoot_friction_0,5,0.0,0.0,0.0,0.0,0.0,0.0,0.0,0.0
a3p70,ffoot_friction,0.1,ffoot_friction_0p1,5,0.0,0.0,0.0,0.0,0.0,0.0,0.0,0.0
a3p70,ffoot_friction,0.2,ffoot_friction_0p2,5,0.0,0.0,0.0,0.0,0.0,0.0,0.0,0.0
a3p70,ffoot_friction,0.3,ffoot_friction_0p3,5,3.2428070149166617,7.743041010221377,5.452529663140649,10.199701101709769,2.1964200743713262,9.57169856837079,0.0021114265628903455,0.0050104836533491365
a3p70,ffoot_friction,0.4,ffoot_friction_0p4,5,-1.39821180143349,2.7404951308096406,-3.837650823657077,7.521795614367871,-1.980444598227996,3.881671412526872,-0.0007666678093866808,0.0015026689063978942
a3p70,ffoot_friction,0.5,ffoot_friction_0p5,5,1.8445952134831713,8.727780734287794,1.614878839483572,14.170528192760385,0.2159754761433305,10.72567255844198,0.0013447587535036646,0.0055201702714724205
a3p70,ffoot_friction,0.6,ffoot_friction_0p6,5,1.8445952134831713,8.727780734287794,1.614878839483572,14.170528192760385,0.2159754761433305,10.72567255844198,0.0013447587535036646,0.0055201702714724205
a3p70,ffoot_friction,0.7,ffoot_friction_0p7,5,-1.6689683626003444,2.65796368730029,-4.547245663029344,7.299388431286092,-2.6798244488514227,3.7796766532150556,-0.0009302886544031124,0.0014559909748114576
a3p70,ffoot_friction,0.8,ffoot_friction_0p8,5,0.0,0.0,0.0,0.0,0.0,0.0,0.0,0.0
a3p70,ffoot_friction,0.9,ffoot_friction_0p9,5,0.0,0.0,0.0,0.0,0.0,0.0,0.0,0.0
a3p70,ffoot_friction,1.0,ffoot_friction_1,5,0.0,0.0,0.0,0.0,0.0,0.0,0.0,0.0
a3p70,ffoot_friction,1.1,ffoot_friction_1p1,5,0.0,0.0,0.0,0.0,0.0,0.0,0.0,0.0
a3p70,ffoot_friction,1.3,ffoot_friction_1p3,5,0.0,0.0,0.0,0.0,0.0,0.0,0.0,0.0
a3p70,ffoot_friction,1.5,ffoot_friction_1p5,5,3.2428070149166617,7.743041010221377,5.452529663140649,10.199701101709769,2.1964200743713262,9.57169856837079,0.0021114265628903455,0.0050104836533491365
a3p70,ffoot_friction,1.7,ffoot_friction_1p7,5,-1.39821180143349,2.7404951308096406,-3.837650823657077,7.521795614367871,-1.980444598227996,3.881671412526872,-0.0007666678093866808,0.0015026689063978942
a3p70,ffoot_friction,2.0,ffoot_friction_2,5,1.8445952134831713,8.727780734287794,1.614878839483572,14.170528192760385,0.2159754761433305,10.72567255844198,0.0013447587535036646,0.0055201702714724205
a3p70,friction,0.0,friction_0,5,-3346.7963564738952,2302.489701186183,-3374.0326701280637,2353.0519674803004,-3380.3328755641605,2343.754162708671,-2.0534850591969454,1.4616760022790063
a3p70,friction,0.1,friction_0p1,5,-1972.1660105941598,1917.3131864244208,-1990.3610625430515,1969.4306922388346,-1983.6727803991234,1954.4338503928766,-1.228675739750857,1.207095367284038
a3p70,friction,0.2,friction_0p2,5,-976.4806094512433,990.4471418770527,-1001.4224893345865,1026.329151537662,-1002.5208636685081,1028.4949819620865,-0.6077276281099124,0.6240294912699966
a3p70,friction,0.3,friction_0p3,5,-292.85117892840344,195.3369856620864,-284.34728134525125,189.77073459478572,-283.07242205592786,189.1248413816939,-0.18088973130967415,0.12051772517699821
a3p70,friction,0.4,friction_0p4,5,-218.02149987489838,124.66113682540403,-208.58406737851018,121.3206323790317,-209.39104539448005,121.17680903123468,-0.13482400702344638,0.0766126838210528
a3p70,friction,0.5,friction_0p5,5,-150.05569800781032,48.875985315317465,-169.22158296194294,83.02650767569352,-169.27677869151066,81.65803144143096,-0.0933098124831675,0.031863860847109494
a3p70,friction,0.6,friction_0p6,5,-120.46320208053358,32.49608893492092,-136.41517488474045,64.0408894388656,-137.37151732007956,63.4217709667684,-0.07511259488058894,0.02214512883151266
a3p70,friction,0.7,friction_0p7,5,-85.3636215681427,23.379309509166003,-100.18702343756281,46.507818709817265,-101.2278120893809,43.73609869169304,-0.05348269822107926,0.016792873090456746
a3p70,friction,0.8,friction_0p8,5,-37.69839711184659,23.951551323369078,-58.84430399526582,35.118653530614594,-58.52251914819294,32.7010428913814,-0.024024322526182345,0.016039790425995244
a3p70,friction,0.9,friction_0p9,5,-16.283780392472956,37.14934270691549,-31.741392158434884,13.117134782461921,-32.08145503135879,10.62857399863931,-0.010583051754961569,0.023036845360600727
a3p70,friction,1.0,friction_1,5,0.0,0.0,0.0,0.0,0.0,0.0,0.0,0.0
a3p70,friction,1.1,friction_1p1,5,23.577482328401267,21.950997128235002,31.103428210703715,20.35444233867307,29.550035317610128,18.58722906445326,0.01436212409249824,0.013351708823256463
a3p70,friction,1.3,friction_1p3,5,66.87886903625285,36.011809112881785,69.64336700842436,38.60605847695071,69.07577532557647,35.84071067983056,0.041318992674879367,0.021802117640039153
a3p70,friction,1.5,friction_1p5,5,113.67160709505247,59.15982346529916,115.29217297715113,60.21358721570965,116.0925381959028,60.60061378666233,0.07084953760180807,0.03605479121659812
a3p70,friction,1.7,friction_1p7,5,136.9012258062226,70.27115208321312,136.29031160581926,68.39896791805629,140.06530523018424,70.76281366436714,0.08531092545335375,0.04267999923205253
a3p70,friction,2.0,friction_2,5,193.7731220510515,89.9051577859195,198.90224037856802,95.66916721582635,200.81228030212264,91.50524694207526,0.12103067698982606,0.05535465647269609
a3p70,friction_damping,0.0,friction_damping_0,5,-1520.893103291417,1724.7401116070548,-1929.3968322021665,2338.571336947262,-1660.6208006158995,1947.6557509001293,-0.9404988934401894,1.0774843678453792
a3p70,friction_damping,0.1,friction_damping_0p1,5,50.647336413981066,1002.0917168009933,80.89879616335983,1075.374863694624,72.2574254629056,1022.2349408896401,0.0308560764971638,0.6169464578374945
a3p70,friction_damping,0.2,friction_damping_0p2,5,755.6902024304566,776.0810588899669,799.6441009499742,677.074951559056,756.9764327887239,756.0869923093966,0.47031889487045964,0.48033281370273356
a3p70,friction_damping,0.3,friction_damping_0p3,5,806.6027292824726,571.3267578356804,796.1400655553635,578.4512999377323,805.0948663858906,572.6331560926246,0.5005583621207023,0.351993908827098
a3p70,friction_damping,0.4,friction_damping_0p4,5,530.0501793793277,365.6495560035025,505.76469173762223,362.86933472956713,517.3385086793148,366.4843482963853,0.3289078647881894,0.2250852375830067
a3p70,friction_damping,0.5,friction_damping_0p5,5,297.4575138353651,212.07628680953644,285.30158749242474,243.32463237057055,279.9325070167034,243.8752974297081,0.18305798682586877,0.12840104343895456
a3p70,friction_damping,0.6,friction_damping_0p6,5,136.1411662615256,172.01168174183053,120.81648495122086,199.90551377817962,115.83595629170468,203.8700566169243,0.08380764761064735,0.10599472908968947
a3p70,friction_damping,0.7,friction_damping_0p7,5,8.60597312490404,170.69833542908796,16.543388617015534,163.79658307761747,15.002317751812598,165.02165412441337,0.004921495823877742,0.10447045939591336
a3p70,friction_damping,0.8,friction_damping_0p8,5,-9.894826401042746,83.15979239241048,1.0494112843525272,90.04392654992284,-0.2679659152031945,89.28929818401522,-0.006358300539668614,0.050055026984681804
a3p70,friction_damping,0.9,friction_damping_0p9,5,-27.31845524027208,32.60189530821651,-19.53010358353822,32.76482977833124,-22.434608893820542,31.773061267835796,-0.017159741486828323,0.019463943003441283
a3p70,friction_damping,1.0,friction_damping_1,5,0.0,0.0,0.0,0.0,0.0,0.0,0.0,0.0
a3p70,friction_damping,1.1,friction_damping_1p1,5,81.31968464404864,44.2978999539864,93.64292967526175,48.92253882810099,90.00951509623829,47.84192407765659,0.049200133210169916,0.025981373944327875
a3p70,friction_damping,1.3,friction_damping_1p3,5,391.8680136372021,103.5350137880404,409.4263716024125,120.80734765979929,405.2414174298275,118.06416113077127,0.2403282200081776,0.0607120284083656
a3p70,friction_damping,1.5,friction_damping_1p5,5,626.5153435242362,164.72016624076227,635.8580019807359,171.56587090968807,634.7304222421493,170.53304034851115,0.3841143259924414,0.0956209990207218
a3p70,friction_damping,1.7,friction_damping_1p7,5,887.3396688484661,232.5572312397198,870.6522153051446,216.39967216256414,871.8261824086239,217.92189400336264,0.5457980261522011,0.14100713725916805
a3p70,friction_damping,2.0,friction_damping_2,5,1441.2591133314204,325.16604497869326,1462.447523881617,334.02710663451506,1458.7500164786147,332.892810588982,0.8935218930388235,0.2245334520850879
a3p70,fshin_actuator_gain,0.0,fshin_actuator_gain_0,5,1130.7372781635763,611.4265408590742,1155.1675282747333,621.5890256837572,1152.6479208849414,621.2714144187688,0.714951848544713,0.41248296671300994
a3p70,fshin_actuator_gain,0.1,fshin_actuator_gain_0p1,5,939.7223530304522,538.4978791331334,855.3509737580614,549.7619727155444,927.6271438232186,535.9198575709672,0.5945467883106803,0.362859128247638
a3p70,fshin_actuator_gain,0.2,fshin_actuator_gain_0p2,5,727.6744391367772,483.73499908605817,774.587164017788,585.1893783138188,773.8980431580234,582.4785929967505,0.45975837379746076,0.32306803098862075
a3p70,fshin_actuator_gain,0.3,fshin_actuator_gain_0p3,5,482.2772992228771,138.75684656771728,406.459952797371,150.81844566143775,403.2929882188817,147.88147318643007,0.30133379423946416,0.09935913911271324
a3p70,fshin_actuator_gain,0.4,fshin_actuator_gain_0p4,5,296.87207195467397,122.99454995343253,287.93742768756067,116.71210466618798,288.32800863383926,115.35158794472319,0.18485201614369093,0.08068332775148637
a3p70,fshin_actuator_gain,0.5,fshin_actuator_gain_0p5,5,238.4714838365283,142.00960745786688,204.42423677139945,89.84523797164476,202.37675743305107,90.4416624755767,0.14964566095866286,0.0942043175697546
a3p70,fshin_actuator_gain,0.6,fshin_actuator_gain_0p6,5,123.53281926077985,50.51659845160297,129.5877704646808,58.87323119476813,128.1287535506332,56.69416523240773,0.07656923143673124,0.03184716786375633
a3p70,fshin_actuator_gain,0.7,fshin_actuator_gain_0p7,5,61.81267043227827,27.138559140440616,71.6947729029564,36.28010205319647,68.00211705108595,32.60627257249155,0.03857314275172289,0.017767984370945178
a3p70,fshin_actuator_gain,0.8,fshin_actuator_gain_0p8,5,25.37336131520601,16.564219826938206,33.469621581884624,27.156919347022704,31.525511500065658,22.568768572536385,0.01602118360650695,0.010960863230619011
a3p70,fshin_actuator_gain,0.9,fshin_actuator_gain_0p9,5,3.11283621173734,9.476758069784896,7.5498759042015084,15.58516858105693,5.737790268121171,10.39217536310647,0.0020925933019416932,0.006112693322676021
a3p70,fshin_actuator_gain,1.0,fshin_actuator_gain_1,5,0.0,0.0,0.0,0.0,0.0,0.0,0.0,0.0
a3p70,fshin_actuator_gain,1.1,fshin_actuator_gain_1p1,5,23.053844974463754,37.87037447506006,13.993251719434193,14.71405815586704,10.204820951675947,9.745469421806957,0.014007912665181046,0.022945705971578002
a3p70,fshin_actuator_gain,1.3,fshin_actuator_gain_1p3,5,37.01549602358841,48.329435623949955,12.112661059188259,24.3696593134143,13.874193359754917,25.015540257446965,0.022385276383206844,0.02948255206596509
a3p70,fshin_actuator_gain,1.5,fshin_actuator_gain_1p5,5,83.75035409262577,55.075309405817684,68.46445874678906,22.401166123976434,67.64602788354618,23.756451723759497,0.051274084148465196,0.03347710472043882
a3p70,fshin_actuator_gain,1.7,fshin_actuator_gain_1p7,5,222.489899053585,170.44998351070987,141.01476797341724,40.62180925470835,136.5456171957049,44.5528142122214,0.13448241949077006,0.10145979742741877
a3p70,fshin_actuator_gain,2.0,fshin_actuator_gain_2,5,334.24413803164816,186.69741473635287,235.6747992414971,62.34216702517097,231.7755110286254,62.74254281837586,0.20569464582804167,0.11372441397671422
a3p70,fshin_damping,0.0,fshin_damping_0,5,605.1293127886374,157.68343293147908,545.5760636160455,169.2098483187616,542.2325645779184,165.4112945545743,0.37830184056418353,0.11335815839314982
a3p70,fshin_damping,0.1,fshin_damping_0p1,5,436.2475625654013,209.5959594291507,370.13242885372676,127.61980128468326,402.7639773228854,163.6469301306344,0.273356726953604,0.1407654362927984
a3p70,fshin_damping,0.2,fshin_damping_0p2,5,298.1785400580577,118.13982128154363,272.97986519160884,106.87348538769939,282.7375790388147,101.34878565677015,0.18585243167215953,0.07769496222045937
a3p70,fshin_damping,0.3,fshin_damping_0p3,5,191.6110179654057,87.94127106861356,194.92894117688837,88.05199939140692,199.6350883576576,84.05976754328535,0.11838752241770967,0.0539557654295123
a3p70,fshin_damping,0.4,fshin_damping_0p4,5,158.3080418453359,99.4497670484427,140.47559123459337,70.02926216361789,144.68269051003176,66.43649372807633,0.0977193725804641,0.06004733309588858
a3p70,fshin_damping,0.5,fshin_damping_0p5,5,121.31008632223583,115.38949044850764,78.07729219142843,50.551179478756715,83.87490103401669,45.837345096425324,0.07449407040086162,0.06925422503307763
a3p70,fshin_damping,0.6,fshin_damping_0p6,5,71.04235057674956,68.33878122788445,52.1462238950764,32.37778148699393,54.32733789025929,30.467008140114114,0.043631097334695494,0.04117090041399679
a3p70,fshin_damping,0.7,fshin_damping_0p7,5,24.025203400668442,23.69872116349062,20.84046235130645,32.02407799662142,22.79166635239617,27.064443294120856,0.014810702940574572,0.014392780939903182
a3p70,fshin_damping,0.8,fshin_damping_0p8,5,17.998317144955536,8.674222168014962,16.310103207628753,14.485250354623275,18.565832779018457,12.247588335177667,0.011182508501825107,0.005407069362858385
a3p70,fshin_damping,0.9,fshin_damping_0p9,5,-4.4234538348992825,10.858847562532981,3.3183152030841483,10.65649973695628,2.565481246327818,8.20775781651022,-0.0029881750658018757,0.006843318031389134
a3p70,fshin_damping,1.0,fshin_damping_1,5,0.0,0.0,0.0,0.0,0.0,0.0,0.0,0.0
a3p70,fshin_damping,1.1,fshin_damping_1p1,5,7.63359822855532,42.554041972003375,-6.20975153514587,16.386317913924167,-3.5582211925707723,13.488459483821083,0.0041010718957716265,0.026095080810575957
a3p70,fshin_damping,1.3,fshin_damping_1p3,5,19.044696655580037,39.27166874288591,4.476860076266348,19.29639823392611,4.421713293384937,15.657007403181822,0.01118317162506848,0.023866802415327622
a3p70,fshin_damping,1.5,fshin_damping_1p5,5,37.25741643394863,45.78210397809167,19.871776791993717,28.047371212796165,22.80032695919449,27.2488497276574,0.0220397548320485,0.027767207446878644
a3p70,fshin_damping,1.7,fshin_damping_1p7,5,33.85489565039116,31.845776790333176,43.675455654729966,44.48277488537199,41.45730684440214,42.74936105199851,0.020101080993823527,0.019067956687294035
a3p70,fshin_damping,2.0,fshin_damping_2,5,78.11415066172572,61.298163460640794,67.87512776393592,56.170698915994244,68.0824696700568,57.23345172726759,0.04700562629791401,0.03723268606822319
a3p70,fshin_friction,0.0,fshin_friction_0,5,0.0,0.0,0.0,0.0,0.0,0.0,0.0,0.0
a3p70,fshin_friction,0.1,fshin_friction_0p1,5,0.0,0.0,0.0,0.0,0.0,0.0,0.0,0.0
a3p70,fshin_friction,0.2,fshin_friction_0p2,5,0.0,0.0,0.0,0.0,0.0,0.0,0.0,0.0
a3p70,fshin_friction,0.3,fshin_friction_0p3,5,0.0,0.0,0.0,0.0,0.0,0.0,0.0,0.0
a3p70,fshin_friction,0.4,fshin_friction_0p4,5,3.2428070149166617,7.743041010221377,5.452529663140649,10.199701101709769,2.1964200743713262,9.57169856837079,0.0021114265628903455,0.0050104836533491365
a3p70,fshin_friction,0.5,fshin_friction_0p5,5,1.8445952134831713,8.727780734287794,1.614878839483572,14.170528192760385,0.2159754761433305,10.72567255844198,0.0013447587535036646,0.0055201702714724205
a3p70,fshin_friction,0.6,fshin_friction_0p6,5,1.8445952134831713,8.727780734287794,1.614878839483572,14.170528192760385,0.2159754761433305,10.72567255844198,0.0013447587535036646,0.0055201702714724205
a3p70,fshin_friction,0.7,fshin_friction_0p7,5,2.130659046508799,8.643336721168755,0.6095760561491715,14.159148786182703,1.5971896252838633,10.323531234782143,0.0015313440821164378,0.005458689774304654
a3p70,fshin_friction,0.8,fshin_friction_0p8,5,0.0,0.0,0.0,0.0,0.0,0.0,0.0,0.0
a3p70,fshin_friction,0.9,fshin_friction_0p9,5,0.0,0.0,0.0,0.0,0.0,0.0,0.0,0.0
a3p70,fshin_friction,1.0,fshin_friction_1,5,0.0,0.0,0.0,0.0,0.0,0.0,0.0,0.0
a3p70,fshin_friction,1.1,fshin_friction_1p1,5,0.0,0.0,0.0,0.0,0.0,0.0,0.0,0.0
a3p70,fshin_friction,1.3,fshin_friction_1p3,5,0.0,0.0,0.0,0.0,0.0,0.0,0.0,0.0
a3p70,fshin_friction,1.5,fshin_friction_1p5,5,0.0,0.0,0.0,0.0,0.0,0.0,0.0,0.0
a3p70,fshin_friction,1.7,fshin_friction_1p7,5,-0.2860638330256279,0.5441972425261709,1.0053027833344004,1.2245233728646634,-1.3812141491405328,2.0560527427097974,-0.0001865853286127733,0.00035519378150428643
a3p70,fshin_friction,2.0,fshin_friction_2,5,1.8445952134831713,8.727780734287794,1.614878839483572,14.170528192760385,0.2159754761433305,10.72567255844198,0.0013447587535036646,0.0055201702714724205
a3p70,fthigh_actuator_gain,0.0,fthigh_actuator_gain_0,5,1944.8562175857346,128.396967877332,1963.688766214424,111.08979712129957,1961.6941698850835,110.32185173963006,1.1995330512100217,0.04591032366866052
a3p70,fthigh_actuator_gain,0.1,fthigh_actuator_gain_0p1,5,1949.7029181033354,127.3637516435583,1961.219938037396,117.89965560951453,1961.1945471616223,115.46386174764227,1.202481091629402,0.04332932602297184
a3p70,fthigh_actuator_gain,0.2,fthigh_actuator_gain_0p2,5,1895.6953814320946,144.41581386971666,1927.7881792548374,109.15377793869352,1920.1318650999406,117.42960605262975,1.1698912171024982,0.07573675917723824
a3p70,fthigh_actuator_gain,0.3,fthigh_actuator_gain_0p3,5,1821.120725445151,269.7841965166782,1811.1305267178839,305.6171625165591,1818.7463337896588,289.0875330809387,1.12217141876783,0.15122389648608467
a3p70,fthigh_actuator_gain,0.4,fthigh_actuator_gain_0p4,5,1756.3721173483973,339.60790241244314,1753.5328786863488,348.78998072755024,1750.9693387831503,351.5846836183464,1.0802045746529136,0.18797041919727575
a3p70,fthigh_actuator_gain,0.5,fthigh_actuator_gain_0p5,5,1691.0631661585205,447.404622005219,1703.718809490354,427.0648157020466,1703.138442845397,426.50827569425974,1.0384646174544876,0.2577090128033936
a3p70,fthigh_actuator_gain,0.6,fthigh_actuator_gain_0p6,5,1463.2365466904982,433.5101235684888,1672.2720640640414,495.18077258383016,1579.2274427512498,458.9556212607968,0.9049121768107998,0.27721226293614043
a3p70,fthigh_actuator_gain,0.7,fthigh_actuator_gain_0p7,5,581.9385282984365,466.034434168459,632.3021002952703,702.9140050969769,570.9347102220311,589.8106113539461,0.3578833486136547,0.279319598787053
a3p70,fthigh_actuator_gain,0.8,fthigh_actuator_gain_0p8,5,163.9617383239115,96.94399687456861,151.8064022189439,69.6249420976044,152.19789892222238,67.61577029551354,0.09996331837482755,0.05763956302081323
a3p70,fthigh_actuator_gain,0.9,fthigh_actuator_gain_0p9,5,65.95417678965586,86.0717314828267,59.05896327429495,45.09784334859926,58.448199968846254,45.456105971354035,0.039525464845667685,0.05193732921063714
a3p70,fthigh_actuator_gain,1.0,fthigh_actuator_gain_1,5,0.0,0.0,0.0,0.0,0.0,0.0,0.0,0.0
a3p70,fthigh_actuator_gain,1.1,fthigh_actuator_gain_1p1,5,-25.800857165040362,22.320385898084268,-12.802098265823314,39.7377525425673,-15.593193366751757,34.62618278361982,-0.015934425107069054,0.013937340541396339
a3p70,fthigh_actuator_gain,1.3,fthigh_actuator_gain_1p3,5,-7.150440956993589,64.17155872330387,-3.5773289108474726,76.05816075913208,-3.8704105703284766,77.47326784561982,-0.003866023815189633,0.04063102855826024
a3p70,fthigh_actuator_gain,1.5,fthigh_actuator_gain_1p5,5,85.26098183726648,126.57605969185488,46.95060431664224,95.71936033484184,48.13556439265208,98.81486180250154,0.048992972146759024,0.07417330542095533
a3p70,fthigh_actuator_gain,1.7,fthigh_actuator_gain_1p7,5,215.0411771145833,137.87413512367038,133.7884071347693,112.37546213616136,135.6941976798304,107.13241751845808,0.13085957504542797,0.08417513967513988
a3p70,fthigh_actuator_gain,2.0,fthigh_actuator_gain_2,5,790.0855542827775,509.0013282577196,893.4186397270821,687.2775698957132,773.1877593905476,580.4289090401375,0.5007429348396497,0.3439608971397492
a3p70,fthigh_damping,0.0,fthigh_damping_0,5,504.00601953159077,178.16994556699106,485.13933673824585,152.91548332259867,482.83565628847145,158.24960863396998,0.3053098048215862,0.08746885858940323
a3p70,fthigh_damping,0.1,fthigh_damping_0p1,5,408.7047151468536,135.3499207357302,396.6553665012071,144.38968646219467,394.89087062653573,141.95706294025032,0.248071020020758,0.06735589295973879
a3p70,fthigh_damping,0.2,fthigh_damping_0p2,5,316.4550497273103,102.69653630441665,307.08985279699067,120.93001583918222,305.72351384953265,116.88602825091262,0.1925740121354592,0.05396563427734543
a3p70,fthigh_damping,0.3,fthigh_damping_0p3,5,252.85895367343602,94.80172392482166,236.69161783383802,114.07949031839176,234.8972940973831,115.19963581203974,0.15472366943255347,0.056540275266480616
a3p70,fthigh_damping,0.4,fthigh_damping_0p4,5,183.87089766860854,78.46409215094796,166.1138390433777,101.4891209468908,165.60199228602355,100.36820654554427,0.1126017017897712,0.04817235052534233
a3p70,fthigh_damping,0.5,fthigh_damping_0p5,5,144.1596213907816,80.50039379373885,115.42362389863051,114.56462073786071,112.92122161607759,110.00699198334085,0.08911026378955905,0.05147608116553252
a3p70,fthigh_damping,0.6,fthigh_damping_0p6,5,67.99130382628955,65.65148834801424,68.45037046600692,88.73374365781183,70.45138736544831,88.2897366596654,0.04256686577785518,0.041926560644069
a3p70,fthigh_damping,0.7,fthigh_damping_0p7,5,50.63410023133565,68.95616870808657,30.419488152602845,83.93942573583675,30.705165941253473,83.18619545474705,0.03222510639428311,0.04391783569438361
a3p70,fthigh_damping,0.8,fthigh_damping_0p8,5,22.240660557727278,34.851149100864866,11.203735211633557,65.21001738552299,7.9838467852594475,62.37856565511704,0.01428419887241043,0.0218914586190018
a3p70,fthigh_damping,0.9,fthigh_damping_0p9,5,11.040438086020322,25.002891612821706,-0.4007864635019359,37.882878765554175,-3.0130070162340417,33.25002612374655,0.007005697073859399,0.014921323405793604
a3p70,fthigh_damping,1.0,fthigh_damping_1,5,0.0,0.0,0.0,0.0,0.0,0.0,0.0,0.0
a3p70,fthigh_damping,1.1,fthigh_damping_1p1,5,26.87288341387107,32.35405357152115,34.18057303546489,26.62921946271597,32.34517435713919,28.501405014756177,0.015887784313185445,0.019396014169777327
a3p70,fthigh_damping,1.3,fthigh_damping_1p3,5,102.82034372732724,59.658103939253365,106.89784940709055,63.09660637686462,105.80295564031425,63.87315679722313,0.06261814720733114,0.03660505235916407
a3p70,fthigh_damping,1.5,fthigh_damping_1p5,5,201.85973693385262,124.91429453257912,213.08946082024826,142.15998922154233,209.6369703054434,136.6965819708822,0.12311850213896162,0.07780981758642203
a3p70,fthigh_damping,1.7,fthigh_damping_1p7,5,320.1099636503975,179.28352179423914,338.83229007991685,204.42720403159834,336.67388408273774,201.19480240383945,0.19542821093273324,0.1110325180171538
a3p70,fthigh_damping,2.0,fthigh_damping_2,5,454.15371682876105,220.5367615379814,475.86040728361985,240.92848443121574,473.07350690154806,239.75573442066164,0.276362395904266,0.13239204452220651
a3p70,fthigh_friction,0.0,fthigh_friction_0,5,0.0,0.0,0.0,0.0,0.0,0.0,0.0,0.0
a3p70,fthigh_friction,0.1,fthigh_friction_0p1,5,0.0,0.0,0.0,0.0,0.0,0.0,0.0,0.0
a3p70,fthigh_friction,0.2,fthigh_friction_0p2,5,0.0,0.0,0.0,0.0,0.0,0.0,0.0,0.0
a3p70,fthigh_friction,0.3,fthigh_friction_0p3,5,0.0,0.0,0.0,0.0,0.0,0.0,0.0,0.0
a3p70,fthigh_friction,0.4,fthigh_friction_0p4,5,0.0,0.0,0.0,0.0,0.0,0.0,0.0,0.0
a3p70,fthigh_friction,0.5,fthigh_friction_0p5,5,0.0,0.0,0.0,0.0,0.0,0.0,0.0,0.0
a3p70,fthigh_friction,0.6,fthigh_friction_0p6,5,-0.2860638330256279,0.5441972425261709,1.0053027833344004,1.2245233728646634,-1.3812141491405328,2.0560527427097974,-0.0001865853286127733,0.00035519378150428643
a3p70,fthigh_friction,0.7,fthigh_friction_0p7,5,1.8445952134831713,8.727780734287794,1.614878839483572,14.170528192760385,0.2159754761433305,10.72567255844198,0.0013447587535036646,0.0055201702714724205
a3p70,fthigh_friction,0.8,fthigh_friction_0p8,5,1.8445952134831713,8.727780734287794,1.614878839483572,14.170528192760385,0.2159754761433305,10.72567255844198,0.0013447587535036646,0.0055201702714724205
a3p70,fthigh_friction,0.9,fthigh_friction_0p9,5,1.8445952134831713,8.727780734287794,1.614878839483572,14.170528192760385,0.2159754761433305,10.72567255844198,0.0013447587535036646,0.0055201702714724205
a3p70,fthigh_friction,1.0,fthigh_friction_1,5,0.0,0.0,0.0,0.0,0.0,0.0,0.0,0.0
a3p70,fthigh_friction,1.1,fthigh_friction_1p1,5,0.0,0.0,0.0,0.0,0.0,0.0,0.0,0.0
a3p70,fthigh_friction,1.3,fthigh_friction_1p3,5,0.0,0.0,0.0,0.0,0.0,0.0,0.0,0.0
a3p70,fthigh_friction,1.5,fthigh_friction_1p5,5,0.0,0.0,0.0,0.0,0.0,0.0,0.0,0.0
a3p70,fthigh_friction,1.7,fthigh_friction_1p7,5,0.0,0.0,0.0,0.0,0.0,0.0,0.0,0.0
a3p70,fthigh_friction,2.0,fthigh_friction_2,5,0.0,0.0,0.0,0.0,0.0,0.0,0.0,0.0
a3p70,gear,0.0,gear_0,5,1942.623752810298,92.39183835514415,1952.0280947382744,90.53833110165466,1952.19237340681,92.37247401688721,1.197172882456928,0.03291738741513757
a3p70,gear,0.1,gear_0p1,5,1939.2667342772777,95.22293057804076,1948.6387869468824,88.2763084501507,1948.8417247688842,90.40518222482032,1.1948378603559513,0.02509902976771593
a3p70,gear,0.2,gear_0p2,5,1938.4824658130437,104.59678515698832,1947.7895561987675,93.67414646846447,1948.0172850215554,95.97538110058025,1.194061139526822,0.02532930673324966
a3p70,gear,0.3,gear_0p3,5,1938.9354783314993,111.1183386815366,1948.2451943349934,98.0413036787489,1948.4548176007497,100.2640865210726,1.1942348407731476,0.03074850769001321
a3p70,gear,0.4,gear_0p4,5,1936.9909925848347,114.78921076655638,1946.7811573688036,101.04112504027911,1947.000319810885,103.28248183743513,1.193014942605447,0.035046506115442064
a3p70,gear,0.5,gear_0p5,5,1903.8511056406624,152.4496134910568,1924.541044041207,137.63285318379866,1921.6213681630572,140.30412928110158,1.1713829690381055,0.04955677343589255
a3p70,gear,0.6,gear_0p6,5,1798.000296992684,277.41844262338054,1824.7920030510627,281.4100531876419,1824.797392310515,283.6570746409895,1.1031134695763591,0.12950286562129884
a3p70,gear,0.7,gear_0p7,5,1122.1074361486503,334.8262281481252,1146.9533277395178,441.7263741934264,1146.2301410091893,440.3348867471034,0.6945032547962844,0.2191193990607177
a3p70,gear,0.8,gear_0p8,5,489.3980354774347,103.0674534361095,493.8119104951482,111.30655008809453,495.18619321488495,109.4251172643333,0.3013666472613564,0.0629626563873973
a3p70,gear,0.9,gear_0p9,5,177.14175730363633,64.48936710305885,180.99848444498852,67.50609290821232,182.4789184320071,69.2373216776557,0.10842982179038888,0.038464328029104405
a3p70,gear,1.0,gear_1,5,0.0,0.0,0.0,0.0,0.0,0.0,0.0,0.0
a3p70,gear,1.1,gear_1p1,5,-36.89596265665246,33.6842754339862,-29.37590204010644,38.909584319468365,-29.9584514669129,39.15120271125496,-0.02283056203492847,0.02075228270721099
a3p70,gear,1.3,gear_1p3,5,76.78390463915711,152.29544125087727,64.48501312186727,169.5267507961437,62.69458357985995,167.84679824765266,0.04707592767364574,0.09748891432643636
a3p70,gear,1.5,gear_1p5,5,376.7369475497794,310.6480945046012,326.82305332363745,366.88414987849,323.3932367799024,334.2462185082102,0.2319881855853211,0.1945487917695114
a3p70,gear,1.7,gear_1p7,5,843.2078012555205,491.7607173592843,879.3619019477462,510.92416376373893,900.0019520280596,535.3514812359929,0.5261007046772177,0.31669174818302087
a3p70,gear,2.0,gear_2,5,1242.6611674664136,435.8887488385208,1197.1859533315455,589.4223265863716,1237.010933284723,545.1224673351608,0.767029188982688,0.27746912565775017
a3p70,gravity,0.0,gravity_0,5,-395.03831548776327,174.14912524705252,-336.0314147963453,84.97608676503721,-335.00303685488103,79.48474164853789,-0.3546102976795621,0.22161419595990187
a3p70,gravity,0.1,gravity_0p1,5,-380.6333536408069,170.35686307114995,-317.6079280483252,78.23013376360909,-317.84903405012,78.74280964651686,-0.34192810601659945,0.2147113728872288
a3p70,gravity,0.2,gravity_0p2,5,-319.38994563782063,124.02097344952921,-279.4110505623145,64.88642714830895,-282.7003431028619,62.54549946551491,-0.28436882334302,0.1629908454803414
a3p70,gravity,0.3,gravity_0p3,5,-290.24738464122083,129.7005962919947,-246.61000329690165,76.01193315019589,-245.5090411883616,71.17978337935975,-0.26059400292645424,0.1614886089999281
a3p70,gravity,0.4,gravity_0p4,5,-257.64310213452165,113.91571829349385,-223.46246069982695,67.75911409994868,-220.5866806214408,60.03869965878094,-0.23138196487542845,0.14437913272560515
a3p70,gravity,0.5,gravity_0p5,5,-240.8886479527031,118.21199014030432,-193.9249377478759,64.16827918623422,-195.39585050016163,60.015385901846464,-0.217629949150612,0.14508875930803997
a3p70,gravity,0.6,gravity_0p6,5,-185.3674695069114,74.60342136026681,-164.71847786595816,56.055396480640496,-164.29667612201584,53.0994938980668,-0.1650456453917038,0.09459078254676367
a3p70,gravity,0.7,gravity_0p7,5,-134.05039187892763,59.876630445595474,-126.02802447231534,67.20585760252732,-124.61455670931446,62.10595888247311,-0.11826870655130181,0.06648478967112682
a3p70,gravity,0.8,gravity_0p8,5,-92.95143886370934,35.27567227969218,-91.95141046590129,34.608512440225354,-81.33448632575828,16.276279520452473,-0.08241525562960618,0.0466582607484895
a3p70,gravity,0.9,gravity_0p9,5,-46.88693586726072,35.44514832435393,-13.234351532127993,31.743983185564794,-25.564136011556503,15.299801180621467,-0.04316170663002743,0.041051442595041926
a3p70,gravity,1.0,gravity_1,5,0.0,0.0,0.0,0.0,0.0,0.0,0.0,0.0
a3p70,gravity,1.1,gravity_1p1,5,46.59835124964591,28.811652264931737,47.675532379462084,21.054514145711355,41.895046205868724,14.561981896221821,0.04044525106801988,0.026710786370140155
a3p70,gravity,1.3,gravity_1p3,5,144.31432348457645,57.80199606641783,128.1751627284529,45.90465113631623,131.6966493760236,49.56933975748077,0.1271223962462037,0.064843184116508
a3p70,gravity,1.5,gravity_1p5,5,247.28258549244,78.05970821517346,215.4208527685799,78.41318655216648,242.13792067684486,101.9934032623568,0.21646185274272894,0.09621671614010033
a3p70,gravity,1.7,gravity_1p7,5,429.5203199797078,157.0673401424201,316.100034654592,79.90594604948778,398.48471960673936,195.31528357058605,0.3763196842871244,0.17700005349940617
a3p70,gravity,2.0,gravity_2,5,682.9301953891566,141.59963493229802,625.0920176366901,286.99528625674543,627.2996906292352,286.45459398330763,0.5799322142548343,0.18509407415347925
vanilla,bfoot_actuator_gain,0.0,bfoot_actuator_gain_0,5,479.5395252227998,498.0499141820628,445.72644432124906,516.2863496879693,443.12031013616286,515.1886956388001,0.1853582172365599,0.10375605324975064
vanilla,bfoot_actuator_gain,0.1,bfoot_actuator_gain_0p1,5,418.2418939200602,436.3141358188754,379.38757588783886,456.1989590993236,384.58851305034443,454.612402815571,0.16181405602308485,0.09340339247629827
vanilla,bfoot_actuator_gain,0.2,bfoot_actuator_gain_0p2,5,336.68314008990353,365.22051001649515,319.0916106007236,376.8042876834041,320.4934171931597,380.61801069794234,0.12752368351079238,0.07658013660009805
vanilla,bfoot_actuator_gain,0.3,bfoot_actuator_gain_0p3,5,267.6620153000066,312.20590579101656,266.0984424849429,300.8607408427371,268.4574180982158,307.5084656828158,0.09777430673310142,0.06983370993720775
vanilla,bfoot_actuator_gain,0.4,bfoot_actuator_gain_0p4,5,203.76154289623437,227.1161684938634,210.7799677150453,230.92595636789164,210.6667685560095,230.77825843956003,0.07605798525406351,0.05195304310391369
vanilla,bfoot_actuator_gain,0.5,bfoot_actuator_gain_0p5,5,151.0853562138062,146.84363988278787,149.29837121719507,144.59516706990647,151.19913306368252,148.31378204603868,0.05974499065492315,0.033754174837896535
vanilla,bfoot_actuator_gain,0.6,bfoot_actuator_gain_0p6,5,124.53020349280318,116.1385858617983,121.98354016349177,130.99805963617166,117.88030784370444,128.3008702002538,0.05007381855021503,0.024115322945648072
vanilla,bfoot_actuator_gain,0.7,bfoot_actuator_gain_0p7,5,81.0943617379327,52.20827274137065,74.87870014598934,65.92556784192192,72.76340585364296,62.2932246920312,0.036454011484343185,0.013592304597841743
vanilla,bfoot_actuator_gain,0.8,bfoot_actuator_gain_0p8,5,47.7260966099695,47.42977939703227,47.02709991095135,49.95229744015513,45.9923246530625,49.81109376196259,0.018809696007285923,0.010085629273768418
vanilla,bfoot_actuator_gain,0.9,bfoot_actuator_gain_0p9,5,10.981882298315213,6.597934146507437,12.662036697580742,12.405864361506824,12.757319634989335,11.603608440766232,0.005028451741795123,0.0019582393476736955
vanilla,bfoot_actuator_gain,1.0,bfoot_actuator_gain_1,5,0.0,0.0,0.0,0.0,0.0,0.0,0.0,0.0
vanilla,bfoot_actuator_gain,1.1,bfoot_actuator_gain_1p1,5,-6.6923390777387795,6.058648502791365,0.7659402156668875,16.155740723265094,-0.953281262877681,14.018663783783683,-0.0039180236991198675,0.00377472163833005
vanilla,bfoot_actuator_gain,1.3,bfoot_actuator_gain_1p3,5,-7.026071049332586,22.605121724094108,1.4854520190800486,27.495333268866485,-3.0432094703257917,24.598922275724444,-0.00692237104868549,0.008370192699828862
vanilla,bfoot_actuator_gain,1.5,bfoot_actuator_gain_1p5,5,4.68337157093274,36.53155903541896,11.693779077305589,42.70520048922107,8.34373248286829,39.41900690292206,-0.0025314394673791514,0.011663748710678037
vanilla,bfoot_actuator_gain,1.7,bfoot_actuator_gain_1p7,5,31.03519977513638,55.995978918939706,32.86171675478467,52.3086586541213,29.410889002896692,53.374287228554,0.008734784016445342,0.01497619894972226
vanilla,bfoot_actuator_gain,2.0,bfoot_actuator_gain_2,5,66.93233834014669,80.16398537291586,76.36462575910768,89.39466113352836,73.7327170963401,85.95381763330387,0.025609572245534812,0.02744874756061437
vanilla,bfoot_damping,0.0,bfoot_damping_0,5,183.85399219081833,191.67808627096312,188.46145193515787,195.3053847893939,186.5775188149981,194.5190350080498,0.07099191054340433,0.04527893582606088
vanilla,bfoot_damping,0.1,bfoot_damping_0p1,5,132.16249209711796,133.01025282491224,132.73911233959112,130.08820134840477,133.12093956260438,134.88331159139835,0.05160665086586608,0.029694863584417454
vanilla,bfoot_damping,0.2,bfoot_damping_0p2,5,85.12219671528342,101.43852387728897,90.05399861701316,105.99292169309211,88.30729765050455,105.8574715290067,0.03098718177654592,0.022987539771912195
vanilla,bfoot_damping,0.3,bfoot_damping_0p3,5,54.80229679241302,77.26109904244207,55.27872337016602,82.48551080888164,53.294869815432776,78.22524037221902,0.01822970205605647,0.018528291472412858
vanilla,bfoot_damping,0.4,bfoot_damping_0p4,5,40.281682359853264,77.21770601007712,43.145859535644284,82.15881402342139,40.75714530326568,82.4187665152752,0.010685440279874375,0.019998545572379477
vanilla,bfoot_damping,0.5,bfoot_damping_0p5,5,16.841007915762837,57.45834077815339,23.13168212795181,71.42229252646958,20.54006067528376,65.66774337668467,0.000973958112334402,0.017265359542128753
vanilla,bfoot_damping,0.6,bfoot_damping_0p6,5,-7.325497560434997,20.010712443280088,-6.003421486665229,28.1973737914759,-9.245330697577947,21.498308069830003,-0.0060937967702920925,0.009117783905263323
vanilla,bfoot_damping,0.7,bfoot_damping_0p7,5,-6.947035415648133,15.306841373246707,-4.706345446543582,18.662654359189073,-5.283249681860662,17.589128166402407,-0.005595941728644115,0.006563565431418942
vanilla,bfoot_damping,0.8,bfoot_damping_0p8,5,-22.33932664613626,19.25188769834909,-23.800904093783675,17.06878346130867,-23.730944431746774,17.880805146039386,-0.009657666915797251,0.007544477617830297
vanilla,bfoot_damping,0.9,bfoot_damping_0p9,5,-13.917184465102583,18.94830533753537,-13.205331996581117,22.020312894875467,-14.251282493605776,19.85443717837357,-0.00530242462920562,0.00822811570821897
vanilla,bfoot_damping,1.0,bfoot_damping_1,5,0.0,0.0,0.0,0.0,0.0,0.0,0.0,0.0
vanilla,bfoot_damping,1.1,bfoot_damping_1p1,5,0.7002625211236136,7.848605141476947,5.796422366118213,8.320834607061228,4.93598952602697,8.904084066626398,9.691922894504226e-05,0.004747045835680791
vanilla,bfoot_damping,1.3,bfoot_damping_1p3,5,17.343445387104794,24.284738721740933,19.676097425719263,26.46581879641626,17.913479533067903,24.180652277865747,0.006053896444616092,0.00851606311348573
vanilla,bfoot_damping,1.5,bfoot_damping_1p5,5,33.31355081641031,36.44020678303088,35.35749171549778,39.68929487061673,35.01655401971116,39.49362727586942,0.013489599119606396,0.014902889809515932
vanilla,bfoot_damping,1.7,bfoot_damping_1p7,5,64.99884799068704,68.39662276783717,67.68384755070251,71.90599377457887,69.63202853462913,72.79430933569589,0.025220203467867807,0.01883894509165292
vanilla,bfoot_damping,2.0,bfoot_damping_2,5,102.61824070552333,109.42072941560038,102.63739225142554,110.76636806454954,104.17867281743352,111.35425933000327,0.03969667614374239,0.03092957824110149
vanilla,bfoot_friction,0.0,bfoot_friction_0,5,0.0,0.0,0.0,0.0,0.0,0.0,0.0,0.0
vanilla,bfoot_friction,0.1,bfoot_friction_0p1,5,6.523461646379019,6.78867117321905,7.942447001886967,7.671162603301404,7.448711342820934,7.244764109244925,0.002521358133865994,0.0016786965031158124
vanilla,bfoot_friction,0.2,bfoot_friction_0p2,5,7.698155972965242,6.055400461700387,9.412855139336898,6.687326085531375,8.60164492840272,6.41073292161087,0.0032707091892456414,0.0011601975763131061
vanilla,bfoot_friction,0.3,bfoot_friction_0p3,5,7.698155972965242,6.055400461700387,9.412855139336898,6.687326085531375,8.60164492840272,6.41073292161087,0.0032707091892456414,0.0011601975763131061
vanilla,bfoot_friction,0.4,bfoot_friction_0p4,5,7.698155972965242,6.055400461700387,9.412855139336898,6.687326085531375,8.60164492840272,6.41073292161087,0.0032707091892456414,0.0011601975763131061
vanilla,bfoot_friction,0.5,bfoot_friction_0p5,5,7.698155972965242,6.055400461700387,9.412855139336898,6.687326085531375,8.60164492840272,6.41073292161087,0.0032707091892456414,0.0011601975763131061
vanilla,bfoot_friction,0.6,bfoot_friction_0p6,5,7.698155972965242,6.055400461700387,9.412855139336898,6.687326085531375,8.60164492840272,6.41073292161087,0.0032707091892456414,0.0011601975763131061
vanilla,bfoot_friction,0.7,bfoot_friction_0p7,5,7.698155972965242,6.055400461700387,9.412855139336898,6.687326085531375,8.60164492840272,6.41073292161087,0.0032707091892456414,0.0011601975763131061
vanilla,bfoot_friction,0.8,bfoot_friction_0p8,5,0.0,0.0,0.0,0.0,0.0,0.0,0.0,0.0
vanilla,bfoot_friction,0.9,bfoot_friction_0p9,5,0.0,0.0,0.0,0.0,0.0,0.0,0.0,0.0
vanilla,bfoot_friction,1.0,bfoot_friction_1,5,0.0,0.0,0.0,0.0,0.0,0.0,0.0,0.0
vanilla,bfoot_friction,1.1,bfoot_friction_1p1,5,6.523461646379019,6.78867117321905,7.942447001886967,7.671162603301404,7.448711342820934,7.244764109244925,0.002521358133865994,0.0016786965031158124
vanilla,bfoot_friction,1.3,bfoot_friction_1p3,5,7.698155972965242,6.055400461700387,9.412855139336898,6.687326085531375,8.60164492840272,6.41073292161087,0.0032707091892456414,0.0011601975763131061
vanilla,bfoot_friction,1.5,bfoot_friction_1p5,5,7.698155972965242,6.055400461700387,9.412855139336898,6.687326085531375,8.60164492840272,6.41073292161087,0.0032707091892456414,0.0011601975763131061
vanilla,bfoot_friction,1.7,bfoot_friction_1p7,5,7.698155972965242,6.055400461700387,9.412855139336898,6.687326085531375,8.60164492840272,6.41073292161087,0.0032707091892456414,0.0011601975763131061
vanilla,bfoot_friction,2.0,bfoot_friction_2,5,7.698155972965242,6.055400461700387,9.412855139336898,6.687326085531375,8.60164492840272,6.41073292161087,0.0032707091892456414,0.0011601975763131061
vanilla,bshin_actuator_gain,0.0,bshin_actuator_gain_0,5,1821.3919596419219,211.42250441513795,1820.1183218837737,228.97331373593423,1825.130770965395,214.21680066089363,1.0029762595539233,0.3264740805147377
vanilla,bshin_actuator_gain,0.1,bshin_actuator_gain_0p1,5,1614.3787548767964,253.25627303579208,1613.657135830504,253.95853595123998,1611.6810083026648,253.85625337636662,0.8866207337772283,0.3130174864681615
vanilla,bshin_actuator_gain,0.2,bshin_actuator_gain_0p2,5,1421.9922232268134,319.6444983147445,1418.6476997454702,323.42288546677344,1418.4113872745725,321.7258958530297,0.7825907201590813,0.317147866601337
vanilla,bshin_actuator_gain,0.3,bshin_actuator_gain_0p3,5,1253.0075725840704,395.3931769393922,1252.6079715339424,399.5822854248839,1251.2218502700564,399.00112301926754,0.6887049906379026,0.332892003019481
vanilla,bshin_actuator_gain,0.4,bshin_actuator_gain_0p4,5,1105.8597390975751,454.8242560782509,1111.4191146031258,456.5586443926412,1110.995472022567,455.69633673115976,0.6132239723593564,0.3516605986825284
vanilla,bshin_actuator_gain,0.5,bshin_actuator_gain_0p5,5,786.2146136600838,152.20327405657568,747.6761344535851,99.87189557226878,752.7887706448033,101.55936669412849,0.42908179606219843,0.16060700369283212
vanilla,bshin_actuator_gain,0.6,bshin_actuator_gain_0p6,5,564.70510698123,67.00528731267809,550.0229057852405,68.8610053718516,557.5603362486105,65.7079330174525,0.30320160907804095,0.08918155108546968
vanilla,bshin_actuator_gain,0.7,bshin_actuator_gain_0p7,5,355.5890863681049,103.02813497080578,347.4489211878677,105.28273606705993,352.4550162616231,102.95937662402899,0.19102510360248653,0.07726602949658641
vanilla,bshin_actuator_gain,0.8,bshin_actuator_gain_0p8,5,226.47124316278047,79.1358972579318,210.20630542547192,83.75408084766738,210.50350848760704,85.45650735987323,0.12498930514557301,0.05815135817448994
vanilla,bshin_actuator_gain,0.9,bshin_actuator_gain_0p9,5,113.05428261794354,48.782116866644834,95.9043303879198,40.719923731496706,93.98453796872022,41.175283902479386,0.06146350932800004,0.03503694613111419
vanilla,bshin_actuator_gain,1.0,bshin_actuator_gain_1,5,0.0,0.0,0.0,0.0,0.0,0.0,0.0,0.0
vanilla,bshin_actuator_gain,1.1,bshin_actuator_gain_1p1,5,-27.327426648645133,29.416656712415623,-26.435528123772155,32.21756301900091,-24.880736633690503,32.493906886856024,-0.01400566046121501,0.017641812429308613
vanilla,bshin_actuator_gain,1.3,bshin_actuator_gain_1p3,5,-21.63590642272525,48.53539524697933,-16.028734270279802,49.817677308504805,-17.935134373199208,48.33062561548856,-0.014404483407791682,0.027823440612493186
vanilla,bshin_actuator_gain,1.5,bshin_actuator_gain_1p5,5,26.180653022412343,82.70744175971393,17.28566982410648,83.2661368789525,19.689564714022435,84.34063990976254,0.012010902701890896,0.04916607237430553
vanilla,bshin_actuator_gain,1.7,bshin_actuator_gain_1p7,5,281.7117214448552,490.1058666319387,186.65398898656696,301.97135209649366,219.63193184553447,367.6430145727347,0.081209572999256,0.1302530510201323
vanilla,bshin_actuator_gain,2.0,bshin_actuator_gain_2,5,504.1906026455819,617.3625692322319,535.177861774009,728.6479817612047,499.90508344283387,659.9035361874118,0.18090690328447767,0.14730287975243692
vanilla,bshin_damping,0.0,bshin_damping_0,5,1401.0022219959887,1220.2321615364017,1415.8940098598675,1238.0524969975081,1413.2864807232438,1239.641571901148,0.5886436771260113,0.2870150328675024
vanilla,bshin_damping,0.1,bshin_damping_0p1,5,1242.1862860815054,1060.5807841781125,1265.622677415961,1087.9014945626511,1247.0523398214375,1068.092404642731,0.5318244948180355,0.29229505195346844
vanilla,bshin_damping,0.2,bshin_damping_0p2,5,1099.9741111080712,1096.3877980582156,1147.1105219886692,1169.9234674313357,1148.6698714286715,1178.2903465207426,0.44745923976278396,0.2920746170729122
vanilla,bshin_damping,0.3,bshin_damping_0p3,5,906.3957034563182,1007.3897668242387,963.3192583248707,1107.49020915725,949.7954148944824,1083.0226641567076,0.3539636478603614,0.26887337401240585
vanilla,bshin_damping,0.4,bshin_damping_0p4,5,603.1809901387549,676.7944616875999,534.2548512248411,553.8683420146571,588.3183574818906,647.5374984740598,0.23880570289207662,0.20353788157889263
vanilla,bshin_damping,0.5,bshin_damping_0p5,5,286.6856958036896,299.4257814321327,257.0170936653734,264.4765587036263,254.57661041940463,264.29473335100704,0.13060195282628512,0.14531039723795924
vanilla,bshin_damping,0.6,bshin_damping_0p6,5,179.17586304448756,220.56950489029714,163.91101174481946,198.45165064551213,162.8184531712649,199.58133651938815,0.07925008961290725,0.10769111120872535
vanilla,bshin_damping,0.7,bshin_damping_0p7,5,84.21261782459874,146.61403782745796,88.16338469728512,151.99562844192664,84.68198165168556,147.84322942326685,0.03961210669919477,0.08344522611126069
vanilla,bshin_damping,0.8,bshin_damping_0p8,5,12.577667027195321,91.36998039395364,8.820730407985684,89.14848337516132,11.080996908922952,90.94402136870592,0.002867842818706967,0.05162770057988925
vanilla,bshin_damping,0.9,bshin_damping_0p9,5,-16.64925124774286,46.07672073790693,-16.905125564971968,47.49148498953962,-16.797535349833378,47.11408044278469,-0.008719785426209914,0.027534630887664016
vanilla,bshin_damping,1.0,bshin_damping_1,5,0.0,0.0,0.0,0.0,0.0,0.0,0.0,0.0
vanilla,bshin_damping,1.1,bshin_damping_1p1,5,54.481334106057375,26.424060875798688,53.721986438773726,26.28225261248554,54.53887367035422,27.241435962158587,0.0283337876881747,0.016443717823620727
vanilla,bshin_damping,1.3,bshin_damping_1p3,5,162.10448025892407,77.99282414776141,159.793011577698,81.37903894450281,161.00230507678725,78.93265864156554,0.09420614536846489,0.0499198064019736
vanilla,bshin_damping,1.5,bshin_damping_1p5,5,366.9433484488087,62.06777182611202,369.2281210467231,62.305994873708336,366.6003127697263,61.54929674293613,0.18990962982251086,0.041864185621975164
vanilla,bshin_damping,1.7,bshin_damping_1p7,5,498.58420709223765,36.23937971159565,501.6177474883194,34.36191782839308,497.5626371221694,36.56420049124901,0.27173517696508503,0.08033858235849911
vanilla,bshin_damping,2.0,bshin_damping_2,5,698.758309821582,63.30483617424104,696.5878073011825,63.25948312202965,695.8138226656235,65.03032951277477,0.37756950108839404,0.11251686128924751
vanilla,bshin_friction,0.0,bshin_friction_0,5,0.0,0.0,0.0,0.0,0.0,0.0,0.0,0.0
vanilla,bshin_friction,0.1,bshin_friction_0p1,5,1.1746943265862229,2.3024008801089964,1.470408137449931,2.8819999494018647,1.1529335855817862,2.2597498277403005,0.0007493510553796478,0.0014687280685441097
vanilla,bshin_friction,0.2,bshin_friction_0p2,5,1.1746943265862229,2.3024008801089964,1.470408137449931,2.8819999494018647,1.1529335855817862,2.2597498277403005,0.0007493510553796478,0.0014687280685441097
vanilla,bshin_friction,0.3,bshin_friction_0p3,5,1.1746943265862229,2.3024008801089964,1.470408137449931,2.8819999494018647,1.1529335855817862,2.2597498277403005,0.0007493510553796478,0.0014687280685441097
vanilla,bshin_friction,0.4,bshin_friction_0p4,5,1.1746943265862229,2.3024008801089964,1.470408137449931,2.8819999494018647,1.1529335855817862,2.2597498277403005,0.0007493510553796478,0.0014687280685441097
vanilla,bshin_friction,0.5,bshin_friction_0p5,5,1.1746943265862229,2.3024008801089964,1.470408137449931,2.8819999494018647,1.1529335855817862,2.2597498277403005,0.0007493510553796478,0.0014687280685441097
vanilla,bshin_friction,0.6,bshin_friction_0p6,5,1.1746943265862229,2.3024008801089964,1.470408137449931,2.8819999494018647,1.1529335855817862,2.2597498277403005,0.0007493510553796478,0.0014687280685441097
vanilla,bshin_friction,0.7,bshin_friction_0p7,5,-6.523461646379019,6.78867117321905,-7.942447001886967,7.671162603301404,-7.448711342820934,7.244764109244925,-0.0025306877439503564,0.0016870645642753435
vanilla,bshin_friction,0.8,bshin_friction_0p8,5,-6.523461646379019,6.78867117321905,-7.942447001886967,7.671162603301404,-7.448711342820934,7.244764109244925,-0.0025306877439503564,0.0016870645642753435
vanilla,bshin_friction,0.9,bshin_friction_0p9,5,-6.523461646379019,6.78867117321905,-7.942447001886967,7.671162603301404,-7.448711342820934,7.244764109244925,-0.0025306877439503564,0.0016870645642753435
vanilla,bshin_friction,1.0,bshin_friction_1,5,0.0,0.0,0.0,0.0,0.0,0.0,0.0,0.0
vanilla,bshin_friction,1.1,bshin_friction_1p1,5,1.1746943265862229,2.3024008801089964,1.470408137449931,2.8819999494018647,1.1529335855817862,2.2597498277403005,0.0007493510553796478,0.0014687280685441097
vanilla,bshin_friction,1.3,bshin_friction_1p3,5,1.1746943265862229,2.3024008801089964,1.470408137449931,2.8819999494018647,1.1529335855817862,2.2597498277403005,0.0007493510553796478,0.0014687280685441097
vanilla,bshin_friction,1.5,bshin_friction_1p5,5,1.1746943265862229,2.3024008801089964,1.470408137449931,2.8819999494018647,1.1529335855817862,2.2597498277403005,0.0007493510553796478,0.0014687280685441097
vanilla,bshin_friction,1.7,bshin_friction_1p7,5,1.1746943265862229,2.3024008801089964,1.470408137449931,2.8819999494018647,1.1529335855817862,2.2597498277403005,0.0007493510553796478,0.0014687280685441097
vanilla,bshin_friction,2.0,bshin_friction_2,5,1.1746943265862229,2.3024008801089964,1.470408137449931,2.8819999494018647,1.1529335855817862,2.2597498277403005,0.0007493510553796478,0.0014687280685441097
vanilla,bthigh_actuator_gain,0.0,bthigh_actuator_gain_0,5,1709.1073626364323,559.6497593242623,1697.7157745539455,518.2847479267577,1686.8292582559181,520.7262822011394,0.8512769316023651,0.2092504635643608
vanilla,bthigh_actuator_gain,0.1,bthigh_actuator_gain_0p1,5,1512.6416220303206,447.6918428309539,1456.875170613082,457.8294343954479,1487.6472899926384,444.17752226320175,0.7686007605594056,0.22672149939679004
vanilla,bthigh_actuator_gain,0.2,bthigh_actuator_gain_0p2,5,1379.6486688614434,471.6647958160911,1302.8293279269806,502.83577920297233,1329.3160108369477,486.69429913369936,0.6962330826999004,0.23144916359964676
vanilla,bthigh_actuator_gain,0.3,bthigh_actuator_gain_0p3,5,1023.9880679698239,518.3583854577166,912.5397611787596,501.9473809550514,959.4327408269546,469.9900773775859,0.486314923916021,0.14948055127406593
vanilla,bthigh_actuator_gain,0.4,bthigh_actuator_gain_0p4,5,851.4726979993363,543.4219260514155,738.6743319526333,525.6430896464509,774.2048825469393,521.1872027262348,0.38639086177843324,0.12927959834906771
vanilla,bthigh_actuator_gain,0.5,bthigh_actuator_gain_0p5,5,636.7933752223046,500.9583174349319,523.7137828049347,481.8697918074884,554.6937177900942,470.7870142903011,0.2793936609321031,0.14997156730463154
vanilla,bthigh_actuator_gain,0.6,bthigh_actuator_gain_0p6,5,364.349590602233,286.8418809671276,346.35583440302406,290.7472467472943,347.9724362584772,292.9006530738118,0.15548478538538868,0.05327599974414281
vanilla,bthigh_actuator_gain,0.7,bthigh_actuator_gain_0p7,5,255.42553603769724,210.91319101111426,237.70650452863347,222.32066913077142,238.27841232801808,221.14468397224638,0.10809537841759806,0.04333291237397583
vanilla,bthigh_actuator_gain,0.8,bthigh_actuator_gain_0p8,5,161.14723032172068,146.15912526154563,134.41561854485548,133.08410165208812,135.91246653754055,136.9305079312458,0.06673039495530711,0.033918576670308134
vanilla,bthigh_actuator_gain,0.9,bthigh_actuator_gain_0p9,5,68.83283867290474,60.56476510598406,56.79070492382507,62.538516294198516,54.579591371647304,60.39228247926208,0.030745269848374557,0.02510461526762276
vanilla,bthigh_actuator_gain,1.0,bthigh_actuator_gain_1,5,0.0,0.0,0.0,0.0,0.0,0.0,0.0,0.0
vanilla,bthigh_actuator_gain,1.1,bthigh_actuator_gain_1p1,5,-39.28215113166175,38.74601828339841,-38.333177244480794,35.15610208532303,-35.914261629454266,33.80153283840406,-0.015553205823156085,0.009351997338142914
vanilla,bthigh_actuator_gain,1.3,bthigh_actuator_gain_1p3,5,-90.4066180572031,194.11763240439757,-96.60322940146598,203.4032656120728,-94.26604178347293,201.84459658219993,-0.020455693944825,0.05326572472679672
vanilla,bthigh_actuator_gain,1.5,bthigh_actuator_gain_1p5,5,-17.350141069023994,257.4666502052713,-71.97952248027563,358.05358014003366,-72.867807171296,355.30589079754594,0.027156165960822237,0.0920933121544899
vanilla,bthigh_actuator_gain,1.7,bthigh_actuator_gain_1p7,5,452.7097197349187,422.2152620390284,417.9397163643146,357.6632056797132,464.43665387163026,443.8863852663585,0.1862107649558761,0.10265970914263899
vanilla,bthigh_actuator_gain,2.0,bthigh_actuator_gain_2,5,1067.5926708493625,979.9173715147462,1032.9369352687395,1024.1177918039175,1044.425868582561,1045.4338899304644,0.4338520336796621,0.18011803101173457
vanilla,bthigh_damping,0.0,bthigh_damping_0,5,2061.094381836843,1241.3572577052912,2087.4826851456282,1259.5195253118031,2073.44258989129,1241.3097815092813,0.9951143832012054,0.5647792064451348
vanilla,bthigh_damping,0.1,bthigh_damping_0p1,5,1775.3640668406006,1243.5915493630228,1782.9846490168816,1267.6572772697095,1773.4195635804517,1254.5156172216043,0.8392362235147631,0.5569860549603861
vanilla,bthigh_damping,0.2,bthigh_damping_0p2,5,1562.6585669900296,1239.0683802873448,1566.8322954592045,1234.2338347103687,1578.9648511910323,1258.3078281046799,0.7297928141637582,0.5732790098478822
vanilla,bthigh_damping,0.3,bthigh_damping_0p3,5,1089.182278545286,929.6959248510441,1148.5630654791082,1043.6585003740286,1123.8326612304013,996.5503915121005,0.4759495737571407,0.31118306810629764
vanilla,bthigh_damping,0.4,bthigh_damping_0p4,5,446.17483947984937,237.12600349986826,520.222220970532,335.2125049825176,433.8219687200784,228.87941647832164,0.22620644860080524,0.13468355099645193
vanilla,bthigh_damping,0.5,bthigh_damping_0p5,5,262.88804515928166,135.32500724879333,97.14785158573632,277.01292905765655,184.10493585374675,139.43911125625718,0.13224330287894842,0.07331235803243366
vanilla,bthigh_damping,0.6,bthigh_damping_0p6,5,-33.520165187194195,299.0910793147273,-44.461131883236206,323.70062903291085,-47.65088783611295,326.22112609931736,0.025612256053877635,0.09735596080434554
vanilla,bthigh_damping,0.7,bthigh_damping_0p7,5,-65.18679042007466,223.7812962814361,-62.76776633004388,214.45226220342178,-64.4208122991768,220.70440673413475,-0.00231195137952627,0.06456530104947943
vanilla,bthigh_damping,0.8,bthigh_damping_0p8,5,-40.766163238076295,117.20800596798185,-38.80356989649922,119.43116032542083,-40.38149133996285,118.79351894209422,-0.004761749734167509,0.03285118234062208
vanilla,bthigh_damping,0.9,bthigh_damping_0p9,5,-31.926877647641458,60.07343076578874,-30.178284844479368,58.41513923406665,-31.445646691101956,61.70633167775779,-0.00835154521551336,0.015824816066946242
vanilla,bthigh_damping,1.0,bthigh_damping_1,5,0.0,0.0,0.0,0.0,0.0,0.0,0.0,0.0
vanilla,bthigh_damping,1.1,bthigh_damping_1p1,5,33.54502415754255,58.72412355870394,38.976557219165485,65.53387174178829,36.15098997573186,63.51513727535632,0.009886973676231212,0.015725607819424395
vanilla,bthigh_damping,1.3,bthigh_damping_1p3,5,138.6664262477188,155.13769399596453,136.82365975007684,159.01903193771156,137.28010225467452,156.95545148828768,0.05298344838933866,0.03569507365516466
vanilla,bthigh_damping,1.5,bthigh_damping_1p5,5,337.6333802351067,374.06794681978784,254.90980457889592,251.6752463507255,256.40525865238146,254.54822023585697,0.13001680212058014,0.0882993769394072
vanilla,bthigh_damping,1.7,bthigh_damping_1p7,5,401.22514992203463,371.65685500492725,366.6964074171333,339.9485163805186,363.95666918640103,334.05794278526236,0.1656052583352959,0.08846927110960323
vanilla,bthigh_damping,2.0,bthigh_damping_2,5,618.5695461646717,648.2565533859542,568.5929141473052,541.8031018925947,566.8094327774292,541.5777301057093,0.24215698919543108,0.1440656618980623
vanilla,bthigh_friction,0.0,bthigh_friction_0,5,0.0,0.0,0.0,0.0,0.0,0.0,0.0,0.0
vanilla,bthigh_friction,0.1,bthigh_friction_0p1,5,0.0,0.0,0.0,0.0,0.0,0.0,0.0,0.0
vanilla,bthigh_friction,0.2,bthigh_friction_0p2,5,5.278236681116505,7.263192343727308,7.1884438680150655,8.189850561825839,6.2946239891552525,7.830941968585627,0.0017993762892715836,0.0018195884161976428
vanilla,bthigh_friction,0.3,bthigh_friction_0p3,5,7.698155972965242,6.055400461700387,9.412855139336898,6.687326085531375,8.60164492840272,6.41073292161087,0.0032707091892456414,0.0011601975763131061
vanilla,bthigh_friction,0.4,bthigh_friction_0p4,5,7.698155972965242,6.055400461700387,9.412855139336898,6.687326085531375,8.60164492840272,6.41073292161087,0.0032707091892456414,0.0011601975763131061
vanilla,bthigh_friction,0.5,bthigh_friction_0p5,5,7.698155972965242,6.055400461700387,9.412855139336898,6.687326085531375,8.60164492840272,6.41073292161087,0.0032707091892456414,0.0011601975763131061
vanilla,bthigh_friction,0.6,bthigh_friction_0p6,5,7.698155972965242,6.055400461700387,9.412855139336898,6.687326085531375,8.60164492840272,6.41073292161087,0.0032707091892456414,0.0011601975763131061
vanilla,bthigh_friction,0.7,bthigh_friction_0p7,5,7.698155972965242,6.055400461700387,9.412855139336898,6.687326085531375,8.60164492840272,6.41073292161087,0.0032707091892456414,0.0011601975763131061
vanilla,bthigh_friction,0.8,bthigh_friction_0p8,5,7.698155972965242,6.055400461700387,9.412855139336898,6.687326085531375,8.60164492840272,6.41073292161087,0.0032707091892456414,0.0011601975763131061
vanilla,bthigh_friction,0.9,bthigh_friction_0p9,5,1.1746943265862229,2.3024008801089964,1.470408137449931,2.8819999494018647,1.1529335855817862,2.2597498277403005,0.0007493510553796478,0.0014687280685441097
vanilla,bthigh_friction,1.0,bthigh_friction_1,5,0.0,0.0,0.0,0.0,0.0,0.0,0.0,0.0
vanilla,bthigh_friction,1.1,bthigh_friction_1p1,5,0.0,0.0,0.0,0.0,0.0,0.0,0.0,0.0
vanilla,bthigh_friction,1.3,bthigh_friction_1p3,5,5.278236681116505,7.263192343727308,7.1884438680150655,8.189850561825839,6.2946239891552525,7.830941968585627,0.0017993762892715836,0.0018195884161976428
vanilla,bthigh_friction,1.5,bthigh_friction_1p5,5,7.698155972965242,6.055400461700387,9.412855139336898,6.687326085531375,8.60164492840272,6.41073292161087,0.0032707091892456414,0.0011601975763131061
vanilla,bthigh_friction,1.7,bthigh_friction_1p7,5,7.698155972965242,6.055400461700387,9.412855139336898,6.687326085531375,8.60164492840272,6.41073292161087,0.0032707091892456414,0.0011601975763131061
vanilla,bthigh_friction,2.0,bthigh_friction_2,5,7.698155972965242,6.055400461700387,9.412855139336898,6.687326085531375,8.60164492840272,6.41073292161087,0.0032707091892456414,0.0011601975763131061
vanilla,damping,0.0,damping_0,5,2137.178445260711,968.8237854432915,2146.8090350075067,979.5044441647632,2150.152155584468,977.2818958027882,1.0075707314088376,0.08207552974913683
vanilla,damping,0.1,damping_0p1,5,1931.9005915731323,1038.4061773420044,1908.4203080655655,1072.2883950891965,1905.6523182795572,1060.839037359622,0.8896234000474559,0.12297450662064928
vanilla,damping,0.2,damping_0p2,5,1741.68174275837,1145.7134368455058,1707.2239723447135,1173.1908125744287,1713.4006016373082,1164.417188220676,0.7727086555427785,0.1651236492078707
vanilla,damping,0.3,damping_0p3,5,1474.4039485297703,1188.3547670602911,1448.1598445680097,1191.811508280175,1457.9733658261987,1192.0137697839855,0.62577271618429,0.22154607556745093
vanilla,damping,0.4,damping_0p4,5,1201.8273364419565,1235.7531151154938,1199.2419129920531,1277.0301981825223,1198.5504584374378,1284.9177759819913,0.47158732938825276,0.25706887435647613
vanilla,damping,0.5,damping_0p5,5,902.3208341904985,1106.7587178604263,901.8690508604197,1153.141596760735,904.1360571417702,1161.3238751204924,0.3277259606361785,0.2440183659754108
vanilla,damping,0.6,damping_0p6,5,707.6724503017101,1134.6130282297272,745.0937089089232,1188.633556738509,725.7278779674039,1160.010973888308,0.21877888845611387,0.2774446014122039
vanilla,damping,0.7,damping_0p7,5,445.3198373163499,776.1284565901459,470.99139973299805,829.694718877781,481.20183271299794,848.4646906970898,0.12878523009441248,0.19495244043943621
vanilla,damping,0.8,damping_0p8,5,-11.72743877705766,50.09087298209736,-81.53207950733358,150.43798190044598,-81.36074926627762,148.30393775924227,-0.004881845338259595,0.03010055062819947
vanilla,damping,0.9,damping_0p9,5,-7.779310870645759,81.47558668735833,-58.720705574924565,40.67238826699006,-55.391460272778474,37.92722053592162,-0.014827116992515252,0.030057699792664466
vanilla,damping,1.0,damping_1,5,0.0,0.0,0.0,0.0,0.0,0.0,0.0,0.0
vanilla,damping,1.1,damping_1p1,5,134.1168097026137,55.79170989915711,129.2609066934399,62.89928839740581,126.57424052245001,61.29044960814855,0.07049615077493777,0.0357953163866436
vanilla,damping,1.3,damping_1p3,5,525.7541391184437,236.85428900487958,516.9961578467498,263.57973753842975,509.45379580357496,249.45351812451938,0.2510964541603868,0.06849476458564902
vanilla,damping,1.5,damping_1p5,5,1044.0825404703241,829.3073965087841,1046.314844437969,827.3062586178328,1045.7716241608546,828.7458151250632,0.4395543723602036,0.14744278177983358
vanilla,damping,1.7,damping_1p7,5,1462.4108824625316,1222.8528318434267,1449.0315808953892,1241.094732645927,1450.4821757697578,1237.4916413383776,0.6066098893593603,0.20265220421222668
vanilla,damping,2.0,damping_2,5,1807.4434228727437,1188.2244746976264,1733.020165866335,1242.669146102525,1780.1760222687972,1211.2984607826115,0.7980816860094568,0.1464375414912917
vanilla,ffoot_actuator_gain,0.0,ffoot_actuator_gain_0,5,238.60712787770322,320.4594567533959,241.35790999003476,316.77948980848635,242.15466380652498,321.2564651727639,0.08150917848771001,0.07236302686709994
vanilla,ffoot_actuator_gain,0.1,ffoot_actuator_gain_0p1,5,213.85355632147812,273.38476259332697,219.23806393018435,281.3315672603564,219.05238486371218,280.9833755101923,0.07500073813107891,0.06043950973968775
vanilla,ffoot_actuator_gain,0.2,ffoot_actuator_gain_0p2,5,180.39229929903877,237.64408455770936,176.3102281556256,236.99410757316608,179.36083320944985,238.92752727850512,0.06238819495179908,0.05362983407090877
vanilla,ffoot_actuator_gain,0.3,ffoot_actuator_gain_0p3,5,144.64873805498527,185.462525646292,148.3350958731522,187.3283729389869,147.34543111502438,188.5544744956155,0.050606469472433704,0.04170964532015083
vanilla,ffoot_actuator_gain,0.4,ffoot_actuator_gain_0p4,5,112.21768966889422,136.5443763063206,112.56572338901329,129.2733518340905,113.16043556267209,130.94978165345265,0.040439203383262796,0.031197464909451002
vanilla,ffoot_actuator_gain,0.5,ffoot_actuator_gain_0p5,5,87.44188029361639,117.28452160031448,92.42501556574348,117.88934312333596,90.14419187847811,117.41065425356504,0.029969904084505773,0.02756550571632942
vanilla,ffoot_actuator_gain,0.6,ffoot_actuator_gain_0p6,5,71.47985661455145,76.39673723844331,65.7431375362336,65.81220876320252,67.97938126109212,70.76581722405874,0.027256206526802867,0.016346585950275567
vanilla,ffoot_actuator_gain,0.7,ffoot_actuator_gain_0p7,5,46.11426594292984,53.605204384716615,47.110249023350164,57.83675465450198,46.02295048964843,54.717247156138995,0.017047048875553746,0.01273153625751428
vanilla,ffoot_actuator_gain,0.8,ffoot_actuator_gain_0p8,5,25.551515848661076,36.22437930935623,25.58585367631822,36.388526621467214,26.310797913669923,36.08942075717614,0.008508314793422862,0.008976671646079298
vanilla,ffoot_actuator_gain,0.9,ffoot_actuator_gain_0p9,5,9.900013056157922,26.15796080981713,12.265228233614199,33.054567870592656,12.396148888668176,33.44868578118011,0.001815640882781512,0.008199193711837109
vanilla,ffoot_actuator_gain,1.0,ffoot_actuator_gain_1,5,0.0,0.0,0.0,0.0,0.0,0.0,0.0,0.0
vanilla,ffoot_actuator_gain,1.1,ffoot_actuator_gain_1p1,5,-5.726713468406342,7.464699623526022,-5.144537948969491,10.720975258283875,-2.93210131519445,10.211081420531686,-0.0031402666906146905,0.004730279022188735
vanilla,ffoot_actuator_gain,1.3,ffoot_actuator_gain_1p3,5,7.9672045475256255,40.53674878944086,-5.106950009550246,8.534234829773595,-7.1843845975045495,10.634610128022931,0.008022111582642568,0.023129430845445775
vanilla,ffoot_actuator_gain,1.5,ffoot_actuator_gain_1p5,5,-8.008493013915494,48.07563710871644,-27.25200982208694,33.084311095233595,-26.61907987966656,31.144096994151344,0.0015155163290530775,0.02231173142317987
vanilla,ffoot_actuator_gain,1.7,ffoot_actuator_gain_1p7,5,-4.105414242373172,58.35796358020939,-29.841705532239395,50.07617938997027,-27.110880697682795,45.07552291171492,0.005423202601736074,0.024949183539773673
vanilla,ffoot_actuator_gain,2.0,ffoot_actuator_gain_2,5,42.98707900534073,68.3503393711359,10.689804329493564,27.70010060913286,8.042751186480382,29.588127750485043,0.023450668623583602,0.043693718541141895
vanilla,ffoot_damping,0.0,ffoot_damping_0,5,-2.1351301699626672,37.05330074314971,4.614116244531806,32.32401958661068,5.063693704518118,31.562488232968427,0.0018978424547335365,0.018660377404359038
vanilla,ffoot_damping,0.1,ffoot_damping_0p1,5,-4.183474538284008,36.058521050544606,-6.248883270996885,39.55669522625349,-4.513622691792625,37.52703526047549,0.0006434576517968151,0.018155905502142772
vanilla,ffoot_damping,0.2,ffoot_damping_0p2,5,0.2824298710462244,23.819257979120728,5.798828137951159,21.711478207001203,3.334543500762993,21.176547670870104,0.0003824932253950229,0.01427425178432964
vanilla,ffoot_damping,0.3,ffoot_damping_0p3,5,-5.1744640185910615,35.51755143848327,-0.9390777893666382,35.232581408472434,-0.9905178643805357,34.23730792164243,0.0013913877143898155,0.014156279347163585
vanilla,ffoot_damping,0.4,ffoot_damping_0p4,5,-10.741844708154122,30.77160544449157,-1.815944700914224,23.13812987819036,-6.910568983615667,26.850432426900444,-0.002528557636386427,0.013428589050504498
vanilla,ffoot_damping,0.5,ffoot_damping_0p5,5,9.025659274934924,11.332443123372046,12.51766077303164,8.978883963365314,9.137773289674442,10.340858915209873,0.005007391162480442,0.006891963011957644
vanilla,ffoot_damping,0.6,ffoot_damping_0p6,5,0.3576122369632685,21.81540274671151,3.6730633924353695,20.95089659975243,3.8870116520734426,24.88838487697035,-0.002348404378938594,0.010170856609831693
vanilla,ffoot_damping,0.7,ffoot_damping_0p7,5,3.9962585864126594,19.859253603214093,8.080555633071663,32.35036519390526,7.174802724671099,27.94926718272107,-0.00033101540092452236,0.007782733165225364
vanilla,ffoot_damping,0.8,ffoot_damping_0p8,5,1.3349070303940151,10.135325160226941,6.238858652248791,17.186212803116106,4.495719742554274,16.695179824047468,-3.8810510316515495e-05,0.005310072939166029
vanilla,ffoot_damping,0.9,ffoot_damping_0p9,5,-3.1313189239665915,10.646767270370706,9.258254666924085,26.576630426051373,3.3222590013167066,21.022877434039764,-0.0031421732945155663,0.004068105369011264
vanilla,ffoot_damping,1.0,ffoot_damping_1,5,0.0,0.0,0.0,0.0,0.0,0.0,0.0,0.0
vanilla,ffoot_damping,1.1,ffoot_damping_1p1,5,5.818525893117249,15.471544417937576,9.283784965527456,20.547986101671594,8.769550874422611,20.339716294651424,0.0010574639899900654,0.005347177932075885
vanilla,ffoot_damping,1.3,ffoot_damping_1p3,5,0.478593465106087,12.473579053417046,-0.5398946727464591,12.784689730149664,1.702969887198924,14.491355708401342,-0.0009197140327530616,0.006240016279672163
vanilla,ffoot_damping,1.5,ffoot_damping_1p5,5,19.982716868054695,13.973832861330793,22.9509026783363,27.839915567024075,22.352563833564638,24.011238639057773,0.00881556398382801,0.0034080512454662862
vanilla,ffoot_damping,1.7,ffoot_damping_1p7,5,28.310489035648107,21.73533333083693,28.313748817720352,25.86610391550859,25.65959477222477,24.121044345348327,0.012586990137665061,0.007661012822932884
vanilla,ffoot_damping,2.0,ffoot_damping_2,5,41.24287931637018,38.9165660117547,44.13858970224419,38.57907384114654,43.873060735409034,39.510207245365045,0.016643090778741917,0.010297479837369715
vanilla,ffoot_friction,0.0,ffoot_friction_0,5,0.0,0.0,0.0,0.0,0.0,0.0,0.0,0.0
vanilla,ffoot_friction,0.1,ffoot_friction_0p1,5,0.0,0.0,0.0,0.0,0.0,0.0,0.0,0.0
vanilla,ffoot_friction,0.2,ffoot_friction_0p2,5,0.0,0.0,0.0,0.0,0.0,0.0,0.0,0.0
vanilla,ffoot_friction,0.3,ffoot_friction_0p3,5,0.0,0.0,0.0,0.0,0.0,0.0,0.0,0.0
vanilla,ffoot_friction,0.4,ffoot_friction_0p4,5,0.0,0.0,0.0,0.0,0.0,0.0,0.0,0.0
vanilla,ffoot_friction,0.5,ffoot_friction_0p5,5,-6.523461646379019,6.78867117321905,-7.942447001886967,7.671162603301404,-7.448711342820934,7.244764109244925,-0.0025306877439503564,0.0016870645642753435
vanilla,ffoot_friction,0.6,ffoot_friction_0p6,5,-7.698155972965242,6.055400461700387,-9.412855139336898,6.687326085531375,-8.60164492840272,6.41073292161087,-0.0032828569934346295,0.0011676264976659325
vanilla,ffoot_friction,0.7,ffoot_friction_0p7,5,-7.698155972965242,6.055400461700387,-9.412855139336898,6.687326085531375,-8.60164492840272,6.41073292161087,-0.0032828569934346295,0.0011676264976659325
vanilla,ffoot_friction,0.8,ffoot_friction_0p8,5,-2.419919291848737,2.9065634444182136,-2.224411271321833,2.891431596135705,-2.307020939247468,2.769002399398632,-0.0014767668255514723,0.001773004147689041
vanilla,ffoot_friction,0.9,ffoot_friction_0p9,5,0.0,0.0,0.0,0.0,0.0,0.0,0.0,0.0
vanilla,ffoot_friction,1.0,ffoot_friction_1,5,0.0,0.0,0.0,0.0,0.0,0.0,0.0,0.0
vanilla,ffoot_friction,1.1,ffoot_friction_1p1,5,0.0,0.0,0.0,0.0,0.0,0.0,0.0,0.0
vanilla,ffoot_friction,1.3,ffoot_friction_1p3,5,0.0,0.0,0.0,0.0,0.0,0.0,0.0,0.0
vanilla,ffoot_friction,1.5,ffoot_friction_1p5,5,0.0,0.0,0.0,0.0,0.0,0.0,0.0,0.0
vanilla,ffoot_friction,1.7,ffoot_friction_1p7,5,0.0,0.0,0.0,0.0,0.0,0.0,0.0,0.0
vanilla,ffoot_friction,2.0,ffoot_friction_2,5,0.0,0.0,0.0,0.0,0.0,0.0,0.0,0.0
vanilla,friction,0.0,friction_0,5,-1976.8761907814412,3721.24522170276,-1949.3425282628511,3780.2937833317856,-1970.1503000069285,3767.9837665271616,-1.147053720968198,2.273446397765756
vanilla,friction,0.1,friction_0p1,5,-1795.1761431497277,1780.318789599842,-1795.6972273943925,1792.3003503224024,-1794.787837342656,1787.5498030756526,-1.0337091593336913,1.0641853663098335
vanilla,friction,0.2,friction_0p2,5,-1265.3608968616604,1282.5416163448933,-1269.0745966904508,1293.7238242452393,-1266.576583755385,1288.2882346466406,-0.7240745769646326,0.7672181441048858
vanilla,friction,0.3,friction_0p3,5,-522.7937893891607,443.4709103832595,-514.2901937604074,442.58932448827045,-514.2468744504176,439.6939901477323,-0.2896631833483417,0.2711743131022565
vanilla,friction,0.4,friction_0p4,5,-227.3867586738915,128.19502690547327,-218.0572569140906,130.66413863684187,-221.64806513737904,128.70054832417392,-0.1204897772089916,0.08057662133046152
vanilla,friction,0.5,friction_0p5,5,-193.4217956147695,85.40668264234064,-187.55715564354014,87.71342534675328,-188.28224441230591,87.13572007299291,-0.1006764338963368,0.053144974763555085
vanilla,friction,0.6,friction_0p6,5,-139.89062152725592,63.74923474278419,-132.41025902399187,64.77223679348886,-135.47868927363737,64.69776725117791,-0.0724361040408798,0.03903976508878127
vanilla,friction,0.7,friction_0p7,5,-98.96344851765352,42.315593520914355,-100.56668939000534,40.934503381476596,-96.71887487378731,42.82630740340206,-0.054210220319511594,0.028767808178508388
vanilla,friction,0.8,friction_0p8,5,-72.46151909076711,27.08326298654263,-71.22065414784424,28.488305944603663,-68.97394044137373,29.805917153883176,-0.03821966795425609,0.017856890074044538
vanilla,friction,0.9,friction_0p9,5,-25.366030679840698,22.306120069487058,-23.794488893388053,20.22959144748717,-24.729829716683206,22.168250589202223,-0.016530177607293604,0.010960425161569606
vanilla,friction,1.0,friction_1,5,0.0,0.0,0.0,0.0,0.0,0.0,0.0,0.0
vanilla,friction,1.1,friction_1p1,5,31.645228862929525,7.919000030389202,34.43233971118438,11.519089415907223,32.81645596054991,10.205062074634668,0.01623703614017412,0.004632167954451031
vanilla,friction,1.3,friction_1p3,5,87.48321609644877,26.19139691079288,87.85856998016484,24.526205546374474,88.85920148459927,28.477170239766963,0.04488028207207099,0.015337450714381846
vanilla,friction,1.5,friction_1p5,5,156.50520888044713,48.112089258112995,137.26898483581027,42.561335343148244,135.89091302029402,43.33008266590294,0.08126346977277446,0.031627831814371614
vanilla,friction,1.7,friction_1p7,5,194.29654649283043,52.340705000335014,176.30754809796616,56.83817754941463,178.18531865494347,57.05770340473864,0.1026830844404708,0.03891283059987484
vanilla,friction,2.0,friction_2,5,244.50188610542745,71.13058422992367,228.53313805873677,76.92552749443361,227.20682607251388,76.27482424258362,0.1299374687524083,0.05225079639971375
vanilla,friction_damping,0.0,friction_damping_0,5,-214.71908356771928,3936.752940541459,-981.5017477574513,4784.371566763802,-717.6574306071294,4349.384331907175,-0.47120730850225706,1.8958023056205542
vanilla,friction_damping,0.1,friction_damping_0p1,5,752.3852353196892,3585.094503743745,-14.887853447588304,3735.0415142886404,197.8050394837942,3986.3409824362748,0.04538965282156813,1.5777765147104275
vanilla,friction_damping,0.2,friction_damping_0p2,5,387.5194131247416,3050.7488458169782,234.66813009114531,3344.6995063697773,257.070080973323,3271.9053397520215,-0.10003564746334756,1.3457290394876227
vanilla,friction_damping,0.3,friction_damping_0p3,5,667.7377279297478,2099.1500744201962,639.6162479421184,2201.394001735623,629.1185674774107,2225.7884137869,0.1269298024473162,0.8404194138844014
vanilla,friction_damping,0.4,friction_damping_0p4,5,770.2118974658799,1574.384292531884,722.9773709648404,1644.458433558573,719.77099415079,1633.1336779390683,0.21842405870149575,0.5272299729662314
vanilla,friction_damping,0.5,friction_damping_0p5,5,644.2423018898617,1485.1228542876104,653.6703729052765,1507.7221010804703,653.89552747215,1501.1717353691522,0.15285737383189107,0.4687065822985558
vanilla,friction_damping,0.6,friction_damping_0p6,5,511.33789749831794,1288.782764378995,553.3040988172777,1358.772350112834,540.5955232974129,1336.8906698751985,0.09962428136300575,0.3838748237865772
vanilla,friction_damping,0.7,friction_damping_0p7,5,363.7260172327361,929.6029098410172,441.45152121876345,1074.7998451429105,456.4262332388409,1104.0018464916056,0.06673551708852235,0.2694898820362099
vanilla,friction_damping,0.8,friction_damping_0p8,5,-171.804538790779,191.74592116507407,-172.4050661755332,193.3242133680751,-171.59841792439988,193.7206038820676,-0.06727739940149284,0.06775278095820064
vanilla,friction_damping,0.9,friction_damping_0p9,5,-91.77383996237477,65.89217646181038,-104.87287391762001,87.24588120254226,-106.78832940101238,89.12537408506743,-0.04288834266885088,0.031611212177810113
vanilla,friction_damping,1.0,friction_damping_1,5,0.0,0.0,0.0,0.0,0.0,0.0,0.0,0.0
vanilla,friction_damping,1.1,friction_damping_1p1,5,154.151407043343,63.01671686058659,139.99648645581502,70.58372894454823,143.5435066060989,69.26191339118431,0.08199660137182348,0.04164800842588603
vanilla,friction_damping,1.3,friction_damping_1p3,5,575.634620251458,254.61517030038135,553.4096568506411,258.42160472883137,554.363323893692,259.42968759662506,0.2776690817422135,0.08948302319131071
vanilla,friction_damping,1.5,friction_damping_1p5,5,1177.8843155018499,909.6247697553109,1156.088173147638,912.4537890153929,1153.6441240047493,907.0475489639658,0.5001352472745666,0.1624227317133452
vanilla,friction_damping,1.7,friction_damping_1p7,5,1558.9544492711273,1188.4381769510042,1537.6931272678369,1216.7948808336723,1535.2110021707686,1209.1555754339536,0.6637606350271998,0.18869365595629034
vanilla,friction_damping,2.0,friction_damping_2,5,1923.0359718980617,1112.609152090614,1849.1538269036173,1165.4108401787335,1905.0062374061558,1126.8466250257409,0.8709844517225456,0.11871823565973533
vanilla,fshin_actuator_gain,0.0,fshin_actuator_gain_0,5,1408.5296539995072,926.4599471945266,1424.8964229912585,866.2472888106972,1441.5582180210436,894.031272311191,0.665070783989275,0.3826450743121708
vanilla,fshin_actuator_gain,0.1,fshin_actuator_gain_0p1,5,942.4668426862748,688.0337861489959,1013.0443378249436,745.2519015413762,986.5901627225591,717.5483923680931,0.43319022833573895,0.26884143340038524
vanilla,fshin_actuator_gain,0.2,fshin_actuator_gain_0p2,5,808.7362748749629,552.3336709011503,865.9902106370764,651.9828316773578,864.2371464605518,648.9676214206539,0.39490080563433494,0.28816226007712265
vanilla,fshin_actuator_gain,0.3,fshin_actuator_gain_0p3,5,553.4328836697694,382.0775743917055,502.0539743677726,373.7284565514031,520.94153522138,372.2002186650922,0.255579029239581,0.14300144439017895
vanilla,fshin_actuator_gain,0.4,fshin_actuator_gain_0p4,5,490.3233294142443,364.1082803645542,455.8969357045955,332.618362391556,469.37308221042093,345.46056636221726,0.23331639589301578,0.17712966762131013
vanilla,fshin_actuator_gain,0.5,fshin_actuator_gain_0p5,5,293.84264117286403,242.09643056823955,268.71048270761,241.9840401785882,275.0718146727198,240.43133145027707,0.12654625327284644,0.0643264768705851
vanilla,fshin_actuator_gain,0.6,fshin_actuator_gain_0p6,5,172.31714473679034,170.4519835495447,179.83373043795117,179.3082900315244,175.07812457924888,173.29106226042768,0.06794206176012532,0.03208314080850115
vanilla,fshin_actuator_gain,0.7,fshin_actuator_gain_0p7,5,111.61412702583239,111.35860248316781,112.94438265172121,116.32214024313014,113.37936629407382,114.69061431572436,0.043921265127412616,0.021028573638855207
vanilla,fshin_actuator_gain,0.8,fshin_actuator_gain_0p8,5,61.442441084784335,60.43564261685019,63.25086067604521,64.03558902219946,61.089443785822915,62.757825487794975,0.02439817319678377,0.011717038866315088
vanilla,fshin_actuator_gain,0.9,fshin_actuator_gain_0p9,5,27.611729796594865,40.1114943523195,11.114669542028377,11.39850891528011,9.043987473249171,6.982591684807364,0.0160514309324291,0.026184562863424507
vanilla,fshin_actuator_gain,1.0,fshin_actuator_gain_1,5,0.0,0.0,0.0,0.0,0.0,0.0,0.0,0.0
vanilla,fshin_actuator_gain,1.1,fshin_actuator_gain_1p1,5,-21.455622393176828,24.31276503408765,-13.133359468426898,19.698609903210226,-16.425775085389752,20.170734264871,-0.008157952382198422,0.006089044246019965
vanilla,fshin_actuator_gain,1.3,fshin_actuator_gain_1p3,5,-33.90053150910603,71.44812754429519,-38.265398434028704,78.3591311706737,-34.28216822147588,72.07458234478652,-0.007999535081394888,0.01915371082208125
vanilla,fshin_actuator_gain,1.5,fshin_actuator_gain_1p5,5,36.98382296658178,30.318772473522827,34.638151888592986,24.667796968160395,36.16120985353191,26.339662859273048,0.01686341781588451,0.014324615957747946
vanilla,fshin_actuator_gain,1.7,fshin_actuator_gain_1p7,5,326.2387146559689,435.6492566329859,202.534118425321,250.78438867886823,242.81875106832763,330.0797775570932,0.11160477014575328,0.09722949342485725
vanilla,fshin_actuator_gain,2.0,fshin_actuator_gain_2,5,642.1181664368472,832.3358448368788,606.4806379152394,885.8462641103529,613.4092076964778,903.6950387624688,0.22360660688009842,0.18387021196918396
vanilla,fshin_damping,0.0,fshin_damping_0,5,734.2400577716631,869.7402189047531,712.8536819798891,912.7638814377713,691.7506234149681,867.6739239420107,0.26846453506890183,0.18693679524756768
vanilla,fshin_damping,0.1,fshin_damping_0p1,5,586.0395706358009,727.3988825954887,444.5974484286062,492.79120986570774,527.7249962576283,656.5653886325085,0.2102097218983893,0.16311307096504343
vanilla,fshin_damping,0.2,fshin_damping_0p2,5,485.3333149152486,667.5984833086982,400.49972924451833,497.52571789168593,422.34734547835126,542.7621589358528,0.16360028757576522,0.15453600791690766
vanilla,fshin_damping,0.3,fshin_damping_0p3,5,380.0229228874471,512.3673686028254,310.9750787826045,372.18987782613596,314.8458468808886,382.5005726873668,0.12944847930999526,0.11790959122518439
vanilla,fshin_damping,0.4,fshin_damping_0p4,5,384.73119155847087,576.3255470188689,249.92051875173462,314.48079746067435,273.4234187599117,364.0466051455263,0.12265938211114762,0.13553326143864355
vanilla,fshin_damping,0.5,fshin_damping_0p5,5,215.2011110670068,315.8259858098536,103.27853457705206,102.25810170277299,102.39170634361672,99.4896627999921,0.06972638225110832,0.07450465991816214
vanilla,fshin_damping,0.6,fshin_damping_0p6,5,113.44508552760058,158.05419870859419,42.218421077101496,29.80303891351382,36.62523449996179,23.36716016512494,0.03821401752434612,0.037573810268727456
vanilla,fshin_damping,0.7,fshin_damping_0p7,5,-3.1126140668963673,20.416391162683446,-36.98315608442872,93.83252578736393,-36.580199754955444,88.66599795654137,0.0011293718022227094,0.007745420540487328
vanilla,fshin_damping,0.8,fshin_damping_0p8,5,-25.945272619720253,62.935502510368956,-25.737366869963854,59.98359719239293,-25.585224725469878,62.13548875621288,-0.004831718846162203,0.018028849472092965
vanilla,fshin_damping,0.9,fshin_damping_0p9,5,-16.44884233886355,19.94414598923486,-11.675573810707055,15.639554023058182,-12.831236566135203,16.47672418273136,-0.006017664339024765,0.005926653662723389
vanilla,fshin_damping,1.0,fshin_damping_1,5,0.0,0.0,0.0,0.0,0.0,0.0,0.0,0.0
vanilla,fshin_damping,1.1,fshin_damping_1p1,5,5.566772776100288,12.001682112842163,3.01676382674259,7.1622409950556065,2.1352271596924313,6.497813965902855,0.0012774020927440598,0.00383169416733199
vanilla,fshin_damping,1.3,fshin_damping_1p3,5,37.175651063833946,45.00065701420509,35.4767970477702,48.58134051201259,37.24323330551952,47.731149814482286,0.013520000679778835,0.012093076544298904
vanilla,fshin_damping,1.5,fshin_damping_1p5,5,89.62311189513953,107.95685106265476,89.76733794346728,115.66290770192278,90.24655488628427,112.81022681153534,0.032421731311549115,0.025818171565192255
vanilla,fshin_damping,1.7,fshin_damping_1p7,5,120.38426891825038,150.1852913376346,121.36712948162759,150.4145224188153,123.05737988809446,153.55628300423368,0.04291793440650405,0.038803827948485484
vanilla,fshin_damping,2.0,fshin_damping_2,5,174.2978685900483,212.36880209834428,176.57575176208314,213.029372842859,174.79664930658174,211.90508624100562,0.06271177143821234,0.05253385043219821
vanilla,fshin_friction,0.0,fshin_friction_0,5,0.0,0.0,0.0,0.0,0.0,0.0,0.0,0.0
vanilla,fshin_friction,0.1,fshin_friction_0p1,5,0.0,0.0,0.0,0.0,0.0,0.0,0.0,0.0
vanilla,fshin_friction,0.2,fshin_friction_0p2,5,0.0,0.0,0.0,0.0,0.0,0.0,0.0,0.0
vanilla,fshin_friction,0.3,fshin_friction_0p3,5,0.0,0.0,0.0,0.0,0.0,0.0,0.0,0.0
vanilla,fshin_friction,0.4,fshin_friction_0p4,5,0.0,0.0,0.0,0.0,0.0,0.0,0.0,0.0
vanilla,fshin_friction,0.5,fshin_friction_0p5,5,-6.523461646379019,6.78867117321905,-7.942447001886967,7.671162603301404,-7.448711342820934,7.244764109244925,-0.0025306877439503564,0.0016870645642753435
vanilla,fshin_friction,0.6,fshin_friction_0p6,5,-7.698155972965242,6.055400461700387,-9.412855139336898,6.687326085531375,-8.60164492840272,6.41073292161087,-0.0032828569934346295,0.0011676264976659325
vanilla,fshin_friction,0.7,fshin_friction_0p7,5,-7.698155972965242,6.055400461700387,-9.412855139336898,6.687326085531375,-8.60164492840272,6.41073292161087,-0.0032828569934346295,0.0011676264976659325
vanilla,fshin_friction,0.8,fshin_friction_0p8,5,-2.419919291848737,2.9065634444182136,-2.224411271321833,2.891431596135705,-2.307020939247468,2.769002399398632,-0.0014767668255514723,0.001773004147689041
vanilla,fshin_friction,0.9,fshin_friction_0p9,5,0.0,0.0,0.0,0.0,0.0,0.0,0.0,0.0
vanilla,fshin_friction,1.0,fshin_friction_1,5,0.0,0.0,0.0,0.0,0.0,0.0,0.0,0.0
vanilla,fshin_friction,1.1,fshin_friction_1p1,5,0.0,0.0,0.0,0.0,0.0,0.0,0.0,0.0
vanilla,fshin_friction,1.3,fshin_friction_1p3,5,0.0,0.0,0.0,0.0,0.0,0.0,0.0,0.0
vanilla,fshin_friction,1.5,fshin_friction_1p5,5,0.0,0.0,0.0,0.0,0.0,0.0,0.0,0.0
vanilla,fshin_friction,1.7,fshin_friction_1p7,5,0.0,0.0,0.0,0.0,0.0,0.0,0.0,0.0
vanilla,fshin_friction,2.0,fshin_friction_2,5,-6.523461646379019,6.78867117321905,-7.942447001886967,7.671162603301404,-7.448711342820934,7.244764109244925,-0.0025306877439503564,0.0016870645642753435
vanilla,fthigh_actuator_gain,0.0,fthigh_actuator_gain_0,5,2013.169213575317,152.16159147599342,2020.458196367632,155.44234943116,2018.3838092828494,154.95717727561654,1.0591789923946444,0.24288639934180173
vanilla,fthigh_actuator_gain,0.1,fthigh_actuator_gain_0p1,5,1978.4657346990723,111.75746585376567,1983.4195458976205,109.29579953408168,1981.0075053649757,109.62777780446996,1.0515416208297357,0.26297041464736387
vanilla,fthigh_actuator_gain,0.2,fthigh_actuator_gain_0p2,5,1944.9673631143269,133.03447992348245,1947.3433153684223,131.8342655036269,1946.424828842716,132.81244819672838,1.0468267301942653,0.28944892625182583
vanilla,fthigh_actuator_gain,0.3,fthigh_actuator_gain_0p3,5,1944.7655808036548,243.8768819832729,1947.5665902510239,245.36228105081022,1948.192592244371,243.185529591174,1.0661454627841565,0.33650761120266903
vanilla,fthigh_actuator_gain,0.4,fthigh_actuator_gain_0p4,5,1883.2322766916568,347.7956428935564,1887.7503432250244,345.7636720944519,1885.6731555355047,347.06141171030595,1.0494012696660924,0.3677532759693866
vanilla,fthigh_actuator_gain,0.5,fthigh_actuator_gain_0p5,5,1753.3008700733458,385.70527128461515,1840.9838283538115,432.8852890526675,1796.9940308089922,402.3797042251657,0.9946136644162482,0.37251325225963833
vanilla,fthigh_actuator_gain,0.6,fthigh_actuator_gain_0p6,5,1299.704603507127,557.1625681135301,1336.8582436567242,597.7002845611279,1323.3256949081592,599.331232086344,0.7475788986690757,0.4189380808585407
vanilla,fthigh_actuator_gain,0.7,fthigh_actuator_gain_0p7,5,631.9752729963877,436.6578004565994,746.1620842930454,645.3549366911898,707.4368679375235,577.2230403170893,0.35393025044662707,0.3026121396272052
vanilla,fthigh_actuator_gain,0.8,fthigh_actuator_gain_0p8,5,224.95663177168495,63.38740957390821,228.67016495014832,67.61509118184406,227.3071586807214,65.49484316413681,0.11276981710671855,0.026691861362551497
vanilla,fthigh_actuator_gain,0.9,fthigh_actuator_gain_0p9,5,91.25992664839745,38.395701459385954,100.5042928390109,53.05760315939769,98.04226516504391,48.74492663855848,0.04338110252332509,0.006315677031024646
vanilla,fthigh_actuator_gain,1.0,fthigh_actuator_gain_1,5,0.0,0.0,0.0,0.0,0.0,0.0,0.0,0.0
vanilla,fthigh_actuator_gain,1.1,fthigh_actuator_gain_1p1,5,-24.04952944744118,31.347664918186315,-25.110664279790306,28.848590983989926,-26.214864733392915,30.08134254883245,-0.010951269089858258,0.016436141455225095
vanilla,fthigh_actuator_gain,1.3,fthigh_actuator_gain_1p3,5,15.013508996895917,64.76502700458055,-24.73255187405862,48.308020975753394,-28.893972409673598,46.250019312397164,0.0021526483238242743,0.03262428261391301
vanilla,fthigh_actuator_gain,1.5,fthigh_actuator_gain_1p5,5,276.61568810417447,484.67983912833154,125.80009610906481,229.99251787220135,171.49367461254548,320.999025926014,0.07755920564004479,0.1197038169804452
vanilla,fthigh_actuator_gain,1.7,fthigh_actuator_gain_1p7,5,494.21427562116486,673.3326721608515,382.5998187852258,571.8189224930844,409.3486966855445,631.4107223543743,0.16812840278347943,0.15259468590189357
vanilla,fthigh_actuator_gain,2.0,fthigh_actuator_gain_2,5,1108.869112770358,1100.0406819388384,1279.7885248232906,1317.052640912841,1187.5258608567126,1255.49192603468,0.4449818197118856,0.3066404921184072
vanilla,fthigh_damping,0.0,fthigh_damping_0,5,771.7583291930663,742.1744676645288,536.065522113681,522.9600036939614,662.776607660945,647.7803932940637,0.30826582936013447,0.16458376563101834
vanilla,fthigh_damping,0.1,fthigh_damping_0p1,5,519.7360869818289,558.8744865981645,346.5264439143591,357.8132521469305,383.706842133828,421.902789180171,0.19812388025027344,0.1126200924479925
vanilla,fthigh_damping,0.2,fthigh_damping_0p2,5,331.5902078430214,361.52047428246385,244.01675030151887,293.4923100356689,245.80763322644117,295.2625063737958,0.12559660991705296,0.07220318798593524
vanilla,fthigh_damping,0.3,fthigh_damping_0p3,5,231.8583844683727,376.8038919475209,187.63384899141107,290.09068814374547,189.6153652141275,291.94672922694167,0.07138141407062873,0.09730054508455234
vanilla,fthigh_damping,0.4,fthigh_damping_0p4,5,148.99099650286684,232.8179618645137,118.94346177995499,226.81923641342183,118.17500375696709,226.01542836667753,0.04675871774224721,0.05695844367685126
vanilla,fthigh_damping,0.5,fthigh_damping_0p5,5,145.0819115246505,319.90844182336144,75.72101217303661,182.42227365501364,73.9047009521862,181.99928623145223,0.03240003174789058,0.0872038921776334
vanilla,fthigh_damping,0.6,fthigh_damping_0p6,5,42.70826260318863,132.4148897059521,40.79541118181569,125.40413101847558,41.20828939603498,128.16545549145204,0.0047684242630843055,0.04227685554078024
vanilla,fthigh_damping,0.7,fthigh_damping_0p7,5,16.29139435046509,84.5868529004049,17.636874774434364,86.78844013104532,16.92293765670388,84.87680508273398,-0.0024595678363208816,0.03020809842212511
vanilla,fthigh_damping,0.8,fthigh_damping_0p8,5,6.344566158642283,47.02829894957747,10.292585465284128,44.775711525149106,7.174556543399103,43.22937952499043,-0.002556453273079071,0.018277689114456423
vanilla,fthigh_damping,0.9,fthigh_damping_0p9,5,-4.2733822561677695,33.45796782499975,-3.733710530034796,36.19452180558948,-2.1358276567462324,38.19571069765466,-0.006945343167954171,0.012700955100961761
vanilla,fthigh_damping,1.0,fthigh_damping_1,5,0.0,0.0,0.0,0.0,0.0,0.0,0.0,0.0
vanilla,fthigh_damping,1.1,fthigh_damping_1p1,5,22.713460078616027,21.247870181008363,21.760212040482156,24.464693347402804,22.415365022163996,22.987853609978842,0.012724102566239116,0.013003029625827675
vanilla,fthigh_damping,1.3,fthigh_damping_1p3,5,85.5281019608392,86.35048044840154,97.43212028605303,79.75603878310851,90.41478917083668,83.07565051884686,0.0524756599531772,0.04837799366440797
vanilla,fthigh_damping,1.5,fthigh_damping_1p5,5,177.22626514004463,142.8046684654138,178.95173485877905,141.87355601407694,176.33677263405153,143.2004857220699,0.10562570943766496,0.08308440556813672
vanilla,fthigh_damping,1.7,fthigh_damping_1p7,5,298.24250602950815,172.74556464258288,300.42266320299586,170.962255381525,300.0998733252927,171.4662723848936,0.16765347850242265,0.10973183493118133
vanilla,fthigh_damping,2.0,fthigh_damping_2,5,460.0550576844509,209.4295935456354,463.1439684734165,209.5274294221224,460.6884005570826,210.82437638780925,0.24953865725679378,0.1390528577904445
vanilla,fthigh_friction,0.0,fthigh_friction_0,5,0.0,0.0,0.0,0.0,0.0,0.0,0.0,0.0
vanilla,fthigh_friction,0.1,fthigh_friction_0p1,5,2.419919291848737,2.9065634444182136,2.224411271321833,2.891431596135705,2.307020939247468,2.769002399398632,0.001471332899974058,0.0017664764198593726
vanilla,fthigh_friction,0.2,fthigh_friction_0p2,5,2.419919291848737,2.9065634444182136,2.224411271321833,2.891431596135705,2.307020939247468,2.769002399398632,0.001471332899974058,0.0017664764198593726
vanilla,fthigh_friction,0.3,fthigh_friction_0p3,5,2.419919291848737,2.9065634444182136,2.224411271321833,2.891431596135705,2.307020939247468,2.769002399398632,0.001471332899974058,0.0017664764198593726
vanilla,fthigh_friction,0.4,fthigh_friction_0p4,5,2.419919291848737,2.9065634444182136,2.224411271321833,2.891431596135705,2.307020939247468,2.769002399398632,0.001471332899974058,0.0017664764198593726
vanilla,fthigh_friction,0.5,fthigh_friction_0p5,5,2.419919291848737,2.9065634444182136,2.224411271321833,2.891431596135705,2.307020939247468,2.769002399398632,0.001471332899974058,0.0017664764198593726
vanilla,fthigh_friction,0.6,fthigh_friction_0p6,5,2.419919291848737,2.9065634444182136,2.224411271321833,2.891431596135705,2.307020939247468,2.769002399398632,0.001471332899974058,0.0017664764198593726
vanilla,fthigh_friction,0.7,fthigh_friction_0p7,5,-4.103542354530282,8.364483084992843,-5.718035730565134,9.781734452540153,-5.141690403573466,8.964926735060802,-0.0010567391125035097,0.0028459937088063814
vanilla,fthigh_friction,0.8,fthigh_friction_0p8,5,-5.278236681116505,7.263192343727308,-7.1884438680150655,8.189850561825839,-6.2946239891552525,7.830941968585627,-0.0018060901678831572,0.0018283642508599002
vanilla,fthigh_friction,0.9,fthigh_friction_0p9,5,-5.278236681116505,7.263192343727308,-7.1884438680150655,8.189850561825839,-6.2946239891552525,7.830941968585627,-0.0018060901678831572,0.0018283642508599002
vanilla,fthigh_friction,1.0,fthigh_friction_1,5,0.0,0.0,0.0,0.0,0.0,0.0,0.0,0.0
vanilla,fthigh_friction,1.1,fthigh_friction_1p1,5,2.419919291848737,2.9065634444182136,2.224411271321833,2.891431596135705,2.307020939247468,2.769002399398632,0.001471332899974058,0.0017664764198593726
vanilla,fthigh_friction,1.3,fthigh_friction_1p3,5,2.419919291848737,2.9065634444182136,2.224411271321833,2.891431596135705,2.307020939247468,2.769002399398632,0.001471332899974058,0.0017664764198593726
vanilla,fthigh_friction,1.5,fthigh_friction_1p5,5,2.419919291848737,2.9065634444182136,2.224411271321833,2.891431596135705,2.307020939247468,2.769002399398632,0.001471332899974058,0.0017664764198593726
vanilla,fthigh_friction,1.7,fthigh_friction_1p7,5,2.419919291848737,2.9065634444182136,2.224411271321833,2.891431596135705,2.307020939247468,2.769002399398632,0.001471332899974058,0.0017664764198593726
vanilla,fthigh_friction,2.0,fthigh_friction_2,5,2.419919291848737,2.9065634444182136,2.224411271321833,2.891431596135705,2.307020939247468,2.769002399398632,0.001471332899974058,0.0017664764198593726
vanilla,gear,0.0,gear_0,5,2471.8736709323166,1004.2238191076142,2476.121229035053,1007.5823434150558,2475.0879625814714,1006.6970941934944,1.181203971197161,0.024599760162198545
vanilla,gear,0.1,gear_0p1,5,2459.893988437435,992.0068730434008,2464.1269403871083,995.3903890755771,2463.113741540138,994.4881945171113,1.176468215852472,0.02403830683200339
vanilla,gear,0.2,gear_0p2,5,2447.017087347106,976.1153341721351,2451.1464924061193,979.4868482973912,2450.217521586755,978.6167717929048,1.1718021549527715,0.02619405882236949
vanilla,gear,0.3,gear_0p3,5,2437.840207383511,965.1162069692184,2441.970282681212,968.5188634185096,2441.038204788539,967.63078620164,1.168430666148712,0.028803290824752425
vanilla,gear,0.4,gear_0p4,5,2430.567439017714,955.5672319087495,2434.405983490358,958.1025687438795,2433.3362272889603,957.171700490164,1.1658928607391958,0.03204130722767549
vanilla,gear,0.5,gear_0p5,5,2450.880241694881,949.4153495044701,2455.1767220618494,952.4401472481528,2454.245905992176,951.9446769432375,1.1784666464809719,0.04991996024481294
vanilla,gear,0.6,gear_0p6,5,2210.669321513457,834.3066393437587,2203.265039724051,845.0967257374763,2205.9871997806986,843.8334012831506,1.0727818932044997,0.15867424638201344
vanilla,gear,0.7,gear_0p7,5,1474.9224539163506,477.22573221925245,1585.436237476467,526.9458667512787,1509.4989782018442,486.3553021756008,0.7458940399132411,0.23833081822755547
vanilla,gear,0.8,gear_0p8,5,693.8651800313762,345.9606350251924,694.7170381796008,346.2571286965451,695.8259257790926,347.8049974527445,0.32339151769870234,0.06562010572520956
vanilla,gear,0.9,gear_0p9,5,308.12444498999474,125.5070115829704,292.1857058023862,141.914964711794,291.9430958683013,140.62793389037333,0.14932105290386738,0.039443371298705295
vanilla,gear,1.0,gear_1,5,0.0,0.0,0.0,0.0,0.0,0.0,0.0,0.0
vanilla,gear,1.1,gear_1p1,5,-157.3870670812665,161.0329624702007,-154.70844787608334,162.56855342063517,-157.7219848163433,164.07748446715175,-0.061297125840157826,0.03168488902292603
vanilla,gear,1.3,gear_1p3,5,17.653666904456305,179.88673482670535,-174.4465315167275,194.14204022417425,-63.197830285257126,59.29913785253587,-0.016309871636540196,0.06223692776165964
vanilla,gear,1.5,gear_1p5,5,702.8125636112894,1243.330392425431,685.5809008327075,1311.7385734835898,678.4593245670646,1296.328131236335,0.19618974719486976,0.30806492622513465
vanilla,gear,1.7,gear_1p7,5,1041.7519209129268,1322.428525190616,872.3443477953595,1395.7916592611275,966.6966254820181,1364.4157931209302,0.3729229438870196,0.31784320175117203
vanilla,gear,2.0,gear_2,5,1830.6357424648038,1088.669207318948,1969.3471824933586,1106.8627707544708,1949.2467160456313,1084.1735714775552,0.8350734509107763,0.2258739574768033
vanilla,gravity,0.0,gravity_0,5,-487.04454855224776,366.7901128359778,-470.86580649137034,370.428773071847,-469.4837749855409,369.0233758910524,-0.27084412982455686,0.09601824028216828
vanilla,gravity,0.1,gravity_0p1,5,-441.74672352888183,322.32584599358404,-418.3876627361563,310.8775453959996,-420.54413881449926,316.81765411194993,-0.24755378027719158,0.08457937650122764
vanilla,gravity,0.2,gravity_0p2,5,-405.4016799725997,302.21693848750783,-386.6673656201732,298.4618419346747,-385.77359498937903,295.4629558836639,-0.22598755466849269,0.0788098845420749
vanilla,gravity,0.3,gravity_0p3,5,-360.2716481903707,261.4860862619856,-346.9381518740832,271.32092196534927,-345.8775267210623,269.9180101756736,-0.20198379299971853,0.06786636552154805
vanilla,gravity,0.4,gravity_0p4,5,-303.722530893006,210.9369822244683,-285.3787468797367,218.04196399027865,-285.8383116995837,216.29433619559495,-0.1722551265805111,0.05624451656923431
vanilla,gravity,0.5,gravity_0p5,5,-259.15325999966416,181.55494645739026,-243.65598383849738,178.02028801568628,-242.60823632480682,178.59261334925978,-0.14723818245936535,0.051374079861297585
vanilla,gravity,0.6,gravity_0p6,5,-213.5365387236703,148.38912975793266,-201.56540617796955,154.07857743265419,-196.91058646949017,149.22754313515696,-0.12172608911590532,0.04327550697276912
vanilla,gravity,0.7,gravity_0p7,5,-170.16447594734728,117.54250052327048,-150.77516082098856,114.61670421150309,-150.4766042336305,114.37519203831843,-0.09705849230259353,0.03457328289841028
vanilla,gravity,0.8,gravity_0p8,5,-108.64663125349747,69.63711439347529,-90.28889914598808,58.97245554626151,-94.47429387333946,62.07078392892041,-0.06302328455334,0.021567539710172667
vanilla,gravity,0.9,gravity_0p9,5,-62.33286486701191,60.502684949769474,-50.669981393584884,47.82745491473806,-51.63780382786494,49.74608091275818,-0.03361629629661253,0.02275214517409133
vanilla,gravity,1.0,gravity_1,5,0.0,0.0,0.0,0.0,0.0,0.0,0.0,0.0
vanilla,gravity,1.1,gravity_1p1,5,39.10361012101616,36.6212191653862,51.40633179690981,36.45151538796436,50.10793638947289,33.7682029210201,0.02052496391853603,0.014843201329925261
vanilla,gravity,1.3,gravity_1p3,5,181.84518278387935,111.59233197298465,169.13876534338328,121.91559722199887,170.0859948814507,125.28770714131825,0.10660355865797344,0.036140679720396106
vanilla,gravity,1.5,gravity_1p5,5,328.0735322968831,183.9633625862288,279.19993722758034,176.15671042875326,301.54687854718,177.94938290268007,0.20118799535994097,0.09704617588598625
vanilla,gravity,1.7,gravity_1p7,5,519.1136705615585,319.04830909732584,432.6439018809864,246.60811184917017,504.08823089336363,302.8179943674044,0.33115511423276367,0.2280318369041758
vanilla,gravity,2.0,gravity_2,5,916.771783733319,636.3241624091754,964.1072483089802,740.9982397564186,967.389178362361,745.2917800225262,0.6048778072563696,0.5106603562114901
