model_label,axis,factor,scenario_label,n,drop_mean_return_mean,drop_mean_return_ci95,drop_median_return_mean,drop_median_return_ci95,drop_iqm_return_mean,drop_iqm_return_ci95,rel_drop_mean_return_mean,rel_drop_mean_return_ci95
tvc100,actuator_gain,0.0,actuator_gain_0,30,460.240023113304,39.46561552107003,452.18088527793896,39.93534796497074,451.31653407613265,37.11893443825333,0.8243728762304027,0.012578711033303684
tvc100,actuator_gain,0.1,actuator_gain_0p1,30,288.04247160895744,41.46895138254679,279.11912362049327,41.457168500380675,278.414756675911,38.80559496710031,0.49895494154095793,0.04699722357369281
tvc100,actuator_gain,0.2,actuator_gain_0p2,30,259.0543127998242,52.02092776947648,251.60438529057603,49.88478735548451,249.6479167768225,49.38647270052543,0.43608123206127475,0.0995208563748693
tvc100,actuator_gain,0.3,actuator_gain_0p3,30,240.83819088910522,38.821278463852515,239.13357028869694,35.264773819014344,236.94450581695557,33.504970976798035,0.41890584714079343,0.04410713801411972
tvc100,actuator_gain,0.4,actuator_gain_0p4,30,210.56647337493604,37.03978303936482,207.22258607987067,38.10178448245426,205.43248917677735,34.89957735981443,0.36570604974108706,0.0500805720944181
tvc100,actuator_gain,0.5,actuator_gain_0p5,30,190.75318415762112,33.12400849802769,185.06688895260652,35.0088063146813,184.19791651590438,32.20558095438323,0.3308017562026058,0.04128187551537137
tvc100,actuator_gain,0.6,actuator_gain_0p6,30,166.1993995351997,32.67268729130571,158.00542537020812,34.86340245248392,157.21230217518982,32.01322277031419,0.28368455361421435,0.04780036645834474
tvc100,actuator_gain,0.7,actuator_gain_0p7,30,143.1370387386872,27.335933491736654,135.46315153571152,30.98456854715152,135.46260773994382,27.974566843617815,0.24647365287258877,0.0407588561611226
tvc100,actuator_gain,0.8,actuator_gain_0p8,30,99.71942382521704,28.052096793331728,93.95219556343487,30.185191085911438,92.81936173866387,25.968497930908498,0.166555490565495,0.04444289223725457
tvc100,actuator_gain,0.9,actuator_gain_0p9,30,48.67737539440422,20.50491654371875,46.85222886424949,26.243464584635056,44.633936182763655,21.81839814727714,0.07887164167053139,0.03746898118208144
tvc100,actuator_gain,1.0,actuator_gain_1,30,0.0,0.0,0.0,0.0,0.0,0.0,0.0,0.0
tvc100,actuator_gain,1.1,actuator_gain_1p1,30,-49.30689575580436,19.707184762751332,-52.10240986517207,25.78942942935288,-55.35297607942655,23.148230821373282,-0.09306597411784072,0.0352488262602504
tvc100,actuator_gain,1.3,actuator_gain_1p3,30,-47.89373496900956,30.564433020461056,-51.513783983846324,36.691334171425595,-48.99301721009738,31.99113687036754,-0.09477489065787391,0.052232836000568286
tvc100,actuator_gain,1.5,actuator_gain_1p5,30,-27.720522333479973,37.15789983145464,-13.529563597101518,46.0248289482637,-26.32867508713902,37.680423686630604,-0.06543868493173619,0.06143821310456735
tvc100,actuator_gain,1.7,actuator_gain_1p7,30,8.943108641673003,44.13609215008505,22.95948421657021,48.83493549462482,16.8152948392826,45.79380614070839,-0.005836696295353923,0.07823569305343851
tvc100,actuator_gain,2.0,actuator_gain_2,30,102.79831014845938,49.67415711785466,123.3635468085865,52.728189459918696,118.43590944693102,52.55197460449646,0.16516378125722803,0.08403021962669441
tvc100,damping,0.0,damping_0,30,-9.00611677040913,18.14240201819543,-6.5898911995896,20.13790920617223,-10.68588475108701,18.45651830745946,-0.023047552955288455,0.03435605738672346
tvc100,damping,0.1,damping_0p1,30,-2.173544678713652,13.640898780061898,3.298590406882113,19.464151083481788,-2.197043999259334,17.275266857325803,-0.010645860815008509,0.02616147142093894
tvc100,damping,0.2,damping_0p2,30,-7.537913453771548,19.64468123358697,-6.06406032180947,18.810953198763915,-9.701345360496726,20.466299408771395,-0.017738485889311695,0.03652205156853528
tvc100,damping,0.3,damping_0p3,30,-6.055084745808377,16.781580379940216,-16.452598381511258,19.63202148964064,-15.288034307388568,19.24452444714167,-0.016686468077803777,0.03390062549592894
tvc100,damping,0.4,damping_0p4,30,-8.15879171039756,15.727185076240035,-9.666185341998561,16.939468898472708,-12.842378742099601,17.490030770910906,-0.01929023270769358,0.028327786776357316
tvc100,damping,0.5,damping_0p5,30,-15.164821867989497,19.396482458600957,-16.296227565541134,21.724014063453208,-17.423733632492826,20.504410430980382,-0.030031065310901283,0.03285220640937448
tvc100,damping,0.6,damping_0p6,30,-5.087183552103713,16.820773935044176,-9.410286027727212,19.06611734248671,-10.42453278617735,16.786090303705908,-0.014365934752190331,0.031107540325775618
tvc100,damping,0.7,damping_0p7,30,-9.422330371024653,18.346839213355892,-16.024780417114656,18.397867862441025,-14.317541716219814,16.437640557840247,-0.0200415966265999,0.03264238294865254
tvc100,damping,0.8,damping_0p8,30,-11.84259993685362,19.157681720443286,-15.499420431330856,17.214593243289602,-15.42139737515331,17.21201219820423,-0.02901499612145602,0.0377744584692596
tvc100,damping,0.9,damping_0p9,30,-6.718150907800424,12.182790480642076,-12.566267746889569,13.656591374456248,-13.313461472064201,13.530953788775596,-0.017071647420808186,0.026143677639061034
tvc100,damping,1.0,damping_1,30,0.0,0.0,0.0,0.0,0.0,0.0,0.0,0.0
tvc100,damping,1.1,damping_1p1,30,-20.63539105115952,15.313099130461469,-22.04674375023013,16.23943114969326,-25.72611392315615,16.698753914704433,-0.039015852481023426,0.026840127872674004
tvc100,damping,1.3,damping_1p3,30,-15.161344509864334,16.639775838039927,-4.974065069690332,15.1654489686489,-11.230103845731158,14.64220347622209,-0.02835710825410982,0.02961145781422668
tvc100,damping,1.5,damping_1p5,30,-5.747833772103636,16.342810217685184,-5.510254565401025,22.24852105935169,-8.856625149774596,19.63131497811609,-0.017811136027293433,0.035330491656090764
tvc100,damping,1.7,damping_1p7,30,-7.408712897731508,15.713389268831076,-9.547043910139001,17.076691084104894,-14.733354511610214,17.83383402999105,-0.018945291865258396,0.028085175274658064
tvc100,damping,2.0,damping_2,30,-6.461466797430954,17.786747279821878,-7.4329379224992635,21.94176888927641,-9.903544882323649,20.680946820615343,-0.014203904662883914,0.03179161996214102
tvc100,friction,0.0,friction_0,30,309.9712743534743,52.50287679100577,309.3865698285546,57.67944375549989,308.19256904219486,55.39457461379777,0.5536170535605893,0.07072788818208862
tvc100,friction,0.1,friction_0p1,30,265.36911222879087,29.525887610778817,265.088632578267,33.018937873873014,263.6710405878244,31.710610009675918,0.4679709524584507,0.03132309909854527
tvc100,friction,0.2,friction_0p2,30,207.81300980341803,27.964349760532237,207.0666185604975,30.43440913694082,206.2288102397504,29.834819222966978,0.3635273984319526,0.03224766605426487
tvc100,friction,0.3,friction_0p3,30,156.03970514722624,22.97456331005972,157.36392241448854,26.161177082870097,154.49861765937038,24.766884041717844,0.2735525966814688,0.03267234555547454
tvc100,friction,0.4,friction_0p4,30,108.74518885023818,24.867423114321152,110.2201549961084,27.765917791505093,107.34999717383361,26.804150974569193,0.19141507505756822,0.03946923632805517
tvc100,friction,0.5,friction_0p5,30,85.62740303901091,22.926257319119557,85.27816610578967,27.56302608139338,83.75911017730995,25.378528209626193,0.1493296112627639,0.03833745586912633
tvc100,friction,0.6,friction_0p6,30,59.24477302539167,19.749287565174523,63.21944516158043,21.100083694767243,61.00433287443847,21.246428227501355,0.10407224161574648,0.03350818100860735
tvc100,friction,0.7,friction_0p7,30,24.624886478714586,21.064698453731484,28.79887448542603,21.36090275104977,26.001017189764163,21.740952082715093,0.04472516162252436,0.03872621281589939
tvc100,friction,0.8,friction_0p8,30,25.312022350270887,16.907254050705994,26.359057755951923,17.525820053250243,25.731564770100412,16.227135445093317,0.04007966723069999,0.029012816904645897
tvc100,friction,0.9,friction_0p9,30,14.936521636079622,14.530994130628681,20.680893019721307,18.235685260082665,19.166232538267465,16.582898248441733,0.02579803188255858,0.025172972460098947
tvc100,friction,1.0,friction_1,30,0.0,0.0,0.0,0.0,0.0,0.0,0.0,0.0
tvc100,friction,1.1,friction_1p1,30,-10.758481236425899,20.010291467336707,-4.394058544828076,20.77288839564575,-8.0449515169839,20.148666915880916,-0.02353277527110076,0.0351286769019315
tvc100,friction,1.3,friction_1p3,30,-7.664052483150723,17.460048656300504,-2.730656214603825,19.791135291945277,-6.138959971672606,17.786735780004467,-0.018916148349260233,0.032785600169809026
tvc100,friction,1.5,friction_1p5,30,-4.2650476442337055,31.267176388695496,0.6441709380380227,30.54419463172753,-3.445938709641674,30.636324923365166,-0.018921590911197352,0.05934655068431987
tvc100,friction,1.7,friction_1p7,30,33.082813931150824,35.978060562721794,36.99783491460266,35.93029567649929,35.627614868665255,35.23886612660296,0.043189118771830334,0.060783575922012945
tvc100,friction,2.0,friction_2,30,59.37185699639028,35.54323243541378,61.5448682808913,37.847085012131224,60.638368687279645,37.136833539408755,0.08926288971038682,0.05857698810990992
tvc100,mass,0.1,mass_0p1,30,496.64610048930206,44.925917042411164,509.36504568070075,42.8318251363522,502.9401603953065,40.98033181346609,0.8922063440301586,0.03480289306299306
tvc100,mass,0.2,mass_0p2,30,377.9890460903292,56.182814872796385,391.892539281358,58.85986201630737,389.7143092379867,59.393568256562354,0.6769449131897615,0.07819464321817579
tvc100,mass,0.3,mass_0p3,30,213.8241905292959,69.09121484606953,235.23272919674176,70.20589362972994,230.9769875459718,70.15489369592129,0.3738599188767038,0.11032095737182938
tvc100,mass,0.4,mass_0p4,30,114.41341886172583,60.86816888197502,139.7853037141596,70.51169111263455,135.33049087343844,64.16720576302563,0.17960891143995417,0.10637859439195448
tvc100,mass,0.5,mass_0p5,30,16.605051227608456,45.14501963390177,32.18940845361802,59.90155628877015,26.223569850544855,49.98312514070433,0.015724310740828414,0.07906688778916561
tvc100,mass,0.6,mass_0p6,30,-21.696080374637017,40.87532002743331,-13.559730477337277,46.812878399269245,-15.491303211905684,41.96948654169263,-0.05625269043255355,0.07228924837836993
tvc100,mass,0.7,mass_0p7,30,-59.66951133643632,32.424144408542155,-54.35613780789746,38.52908769479283,-61.35703919768313,33.617341105122385,-0.11997181095609435,0.058029625635108856
tvc100,mass,0.8,mass_0p8,30,-69.20986622114337,28.64910129013341,-81.96798251387916,33.2405211276208,-77.94395070087133,31.419498067423635,-0.13380569594720948,0.05249831231348652
tvc100,mass,0.9,mass_0p9,30,-50.22475528312784,19.805341959938918,-56.603144878909795,26.632206007485298,-56.45362912053244,24.19568751527573,-0.09413608443430184,0.03700916042621141
tvc100,mass,1.0,mass_1,30,0.0,0.0,0.0,0.0,0.0,0.0,0.0,0.0
tvc100,mass,1.1,mass_1p1,30,41.11383432881554,15.830111014983096,37.93594385963138,19.416248947894253,38.07500079143521,15.870449268517918,0.06801152406583615,0.030060982733242026
tvc100,mass,1.3,mass_1p3,30,114.7718212357993,29.272829550638445,108.16921166103808,32.19940239394002,108.18575794474637,29.202235296594882,0.19437210950394812,0.04628704194611631
tvc100,mass,1.5,mass_1p5,30,146.16730979619945,27.377505698548383,140.239345901291,30.599393506215762,138.7908495152596,27.437708196124458,0.2543759335876102,0.039539900862878445
tvc100,mass,1.7,mass_1p7,30,167.75424556039252,31.45388906160287,159.72558246093942,34.50630932809914,159.64615204293173,31.333866337850072,0.2885260258437315,0.0440147630251957
tvc100,mass,2.0,mass_2,30,194.61707195420027,34.48865689161202,184.80665193572034,36.16482910252984,185.6594144505884,33.732609578711944,0.33542646271933185,0.043103347230000644
tvc150,actuator_gain,0.0,actuator_gain_0,30,688.4383332527898,90.06415540246962,671.0756254284635,82.11296621679068,671.6849984752283,81.3010609530307,0.8701827152887596,0.012330082587202518
tvc150,actuator_gain,0.1,actuator_gain_0p1,30,645.361761887364,107.70511799796401,627.6391580103734,100.69893809102656,628.5884722272887,99.35756158266778,0.8073650991328706,0.06323349183466646
tvc150,actuator_gain,0.2,actuator_gain_0p2,30,596.004770703102,116.65250286160304,578.7007029547723,106.49607227920096,579.2685503776207,106.75776637518386,0.7307035780135104,0.07827740543956696
tvc150,actuator_gain,0.3,actuator_gain_0p3,30,540.7197511452692,106.09619622941251,526.2380820881273,100.00065822577801,525.4320234071854,98.27981208168976,0.6578046088260411,0.06782863193537257
tvc150,actuator_gain,0.4,actuator_gain_0p4,30,496.0947240218149,109.49508862014096,476.9830290431983,102.92910013912272,477.84036016279987,101.80604759739803,0.5897441114242519,0.06664655057759852
tvc150,actuator_gain,0.5,actuator_gain_0p5,30,468.17061123107857,96.98210196923985,450.9671851421137,87.98535168359419,451.56420454292765,87.50135569004202,0.5609818074722448,0.05627657927482428
tvc150,actuator_gain,0.6,actuator_gain_0p6,30,456.1074886495954,94.83264992941754,437.64990049942475,86.11527169577191,438.68845201793,85.62705046411982,0.5460935115815116,0.05857658219965238
tvc150,actuator_gain,0.7,actuator_gain_0p7,30,381.0984648423274,97.42660589108819,360.4607179499541,92.00717166602259,362.1554628110344,90.24042735002597,0.44310741029773004,0.06897484183982787
tvc150,actuator_gain,0.8,actuator_gain_0p8,30,296.13733124038646,81.44466591319262,298.60850955591343,77.9759051777024,292.50311967977217,76.30644470371134,0.3435618347418152,0.059557875302328304
tvc150,actuator_gain,0.9,actuator_gain_0p9,30,172.12817393240832,56.24329739243056,173.58738839554687,58.68979075236011,170.82381189789538,54.327735368494224,0.19644013983589606,0.040830174111050326
tvc150,actuator_gain,1.0,actuator_gain_1,30,0.0,0.0,0.0,0.0,0.0,0.0,0.0,0.0
tvc150,actuator_gain,1.1,actuator_gain_1p1,30,-91.25632322182092,42.86904692385101,-85.49587918655047,43.419798522729344,-92.60058525804774,42.158060006791054,-0.1260995700441643,0.04964841324303593
tvc150,actuator_gain,1.3,actuator_gain_1p3,30,-155.22752870403676,63.51609383247542,-129.09719416515756,58.16648626864011,-138.14790204703655,59.67493021349994,-0.21796226843886418,0.09208747226625301
tvc150,actuator_gain,1.5,actuator_gain_1p5,30,-140.16774607877062,109.58788265964043,-94.97776987688458,131.1790706378085,-104.746892219336,115.38586734642307,-0.20303489441307507,0.14784778840505183
tvc150,actuator_gain,1.7,actuator_gain_1p7,30,-50.43715299425483,89.85989679564247,-0.42654785294628633,91.60527879794658,-19.10427492297423,90.68890080372141,-0.07349802302224576,0.11498767304624447
tvc150,actuator_gain,2.0,actuator_gain_2,30,163.4821410392054,73.08523529051904,191.99195268544418,77.66020719680742,189.43287087610017,73.21451519354193,0.19466836126597045,0.09419328959788104
tvc150,damping,0.0,damping_0,30,-2.172508548121162,23.745283757309586,-6.8690693024775955,34.73882433519017,-4.89145863020813,29.60184494634514,-0.00964078077015657,0.02877687747921617
tvc150,damping,0.1,damping_0p1,30,-7.592794203793574,22.07762104429906,-13.555725788524132,27.112981769220433,-18.836831132965084,26.244709854146556,-0.008569033446697178,0.02550658585717373
tvc150,damping,0.2,damping_0p2,30,-16.87682716328311,26.402027659286627,-24.58912431281522,34.61314871080601,-25.74989310282599,27.712458324524253,-0.020656226734801417,0.03117074052156097
tvc150,damping,0.3,damping_0p3,30,-16.14284943933419,23.12376327115691,-20.618827557607982,32.75265730619071,-22.90677608693991,25.002231353471068,-0.03031649834528605,0.023641497767930213
tvc150,damping,0.4,damping_0p4,30,-19.6052302279375,18.852822670358126,-26.11574810280966,23.913444897815072,-25.802822471827017,21.010390862278452,-0.023555815490981284,0.023191171580578686
tvc150,damping,0.5,damping_0p5,30,-6.07931491969351,25.64339500744719,-5.825888988983862,33.39683666593329,-7.571239704967724,29.170267322661104,-0.016046244090025596,0.03107914556161347
tvc150,damping,0.6,damping_0p6,30,15.062433116053496,25.696609665724672,12.704517248707097,23.52699621489381,17.924492594438092,27.618222425974466,0.01027540657282847,0.023058638179124912
tvc150,damping,0.7,damping_0p7,30,20.165569542467985,23.963861403261163,10.556220631968051,31.33833475723724,11.952732529387962,25.094915538036233,0.014047274915658606,0.022152238647509523
tvc150,damping,0.8,damping_0p8,30,26.014841415901422,27.060926361633374,25.246654041729762,27.552625437947537,26.152290130570258,25.887968609146537,0.020546535707022553,0.023099993020348146
tvc150,damping,0.9,damping_0p9,30,-8.221892243203323,28.39974739276494,-12.974990551189313,30.403500251432597,-14.438104039436334,30.112104913227608,-0.007119522217221474,0.028031068077223185
tvc150,damping,1.0,damping_1,30,0.0,0.0,0.0,0.0,0.0,0.0,0.0,0.0
tvc150,damping,1.1,damping_1p1,30,-7.452250298968397,26.44210440819882,-15.503303033566635,37.46583426213648,-10.268830625359918,28.609250214806853,-0.00787227382425498,0.030007637397647308
tvc150,damping,1.3,damping_1p3,30,18.812102423817933,22.418549651489627,19.907706102735247,21.15289599571058,16.22718847332256,18.205093320591555,0.01482185456645998,0.021659602966753923
tvc150,damping,1.5,damping_1p5,30,26.584836037058928,28.37556589796659,6.078338015716876,22.238680278479006,13.741077740530928,21.80594222135158,0.023119947077420263,0.023382935401068745
tvc150,damping,1.7,damping_1p7,30,9.076508962434902,35.015414413633955,-16.22579714846462,55.37328871321828,-2.8622188677115448,44.028927164679025,0.021334892887001536,0.03287623954600973
tvc150,damping,2.0,damping_2,30,3.5737622351335516,21.467714019563008,-4.4518329366817495,28.335624927936884,-1.8474099349552053,23.28042305551041,0.004378907129604208,0.026660876100455307
tvc150,friction,0.0,friction_0,30,582.9105041964108,90.87016302061362,565.6243346779297,83.10685620711514,565.6428972276078,82.42213265669483,0.7237145125484161,0.030595128520469955
tvc150,friction,0.1,friction_0p1,30,555.8606015070048,92.9755258993033,541.519479178874,83.99651998792925,540.7333955853773,83.68660380151219,0.6863322583872278,0.03614899572989026
tvc150,friction,0.2,friction_0p2,30,487.1211480428763,89.43384212120358,477.6748632274808,82.73384853775937,476.68312937971376,82.80620159393094,0.5940000826351498,0.04670607698245141
tvc150,friction,0.3,friction_0p3,30,414.5562812036325,89.36651935929612,405.9907682815095,81.74455305576785,408.3043088186181,81.79267594393633,0.4980891486396747,0.05318488845139021
tvc150,friction,0.4,friction_0p4,30,324.3985467537623,80.97494541811125,335.790353749383,83.18815545330854,330.32297551403263,80.4567267900439,0.3835115689347874,0.055020973679187186
tvc150,friction,0.5,friction_0p5,30,236.3318366029011,63.67202203801623,247.79634525815024,67.85484280109222,245.19141083635336,63.835213056937384,0.28103166132933055,0.04879965393790057
tvc150,friction,0.6,friction_0p6,30,173.68512688405644,43.652495940412365,185.04725455233773,53.68937686265076,184.63015403586905,52.7204592238456,0.21024690602537724,0.03740522052006276
tvc150,friction,0.7,friction_0p7,30,134.80143137372391,42.8261918396614,140.56714958186004,52.52553774404882,140.28598675693152,50.3511976689343,0.1586529737252254,0.03314718251796361
tvc150,friction,0.8,friction_0p8,30,70.17237373963346,46.794285513753564,95.93799100230946,51.614899143602514,83.30162884518553,48.656169112735064,0.08016129985960443,0.04522320053069719
tvc150,friction,0.9,friction_0p9,30,55.35501781735702,31.400186431516154,45.05990865521458,33.6566169455624,47.587137905412916,32.83805194977197,0.0652176294904888,0.03307130895951511
tvc150,friction,1.0,friction_1,30,0.0,0.0,0.0,0.0,0.0,0.0,0.0,0.0
tvc150,friction,1.1,friction_1p1,30,-11.168838935428829,24.567342863445294,-11.849398148173277,33.984040604979704,-13.702946848023373,25.736510731104563,-0.015215226256535676,0.030475140507908154
tvc150,friction,1.3,friction_1p3,30,-31.11534212186914,50.13555129245267,-46.182028315223185,56.84546394398209,-36.72359658359831,55.2238921901879,-0.04729018859875267,0.06127834520753999
tvc150,friction,1.5,friction_1p5,30,-24.921242527814123,65.7419017188865,-27.335750903242857,84.36124009740615,-24.812574782841907,73.93045743487227,-0.02529326995676821,0.07723730019122914
tvc150,friction,1.7,friction_1p7,30,14.471810751193145,80.16599627201812,13.957692435114518,85.16628540779561,11.88630815200644,86.65939704847659,0.029534069245585715,0.09334165482302222
tvc150,friction,2.0,friction_2,30,131.3572756018255,69.42653537476838,143.89126547622467,80.74164990329197,136.96559609937552,76.3871288799535,0.1476704415202034,0.08421968958305387
tvc150,mass,0.1,mass_0p1,30,748.3006407864951,86.3836784005233,739.1683868317926,77.84532978900383,738.4487851362134,77.2107532571538,0.9578406587346493,0.01466946928918172
tvc150,mass,0.2,mass_0p2,30,633.2834773310146,86.59174001233939,662.4554626460564,79.18850169428265,659.6088577048869,78.14897213633051,0.8035495628082769,0.04038217680421387
tvc150,mass,0.3,mass_0p3,30,398.5084949734125,69.20298652561617,472.8705116705429,65.33489284578948,459.8118709099918,64.50708097179763,0.5021213988572476,0.05937510654295567
tvc150,mass,0.4,mass_0p4,30,146.53753091531388,90.03479779323207,182.07279023135374,95.58271072818866,187.19554924829598,85.88673202255872,0.17574285859216393,0.11834324996532812
tvc150,mass,0.5,mass_0p5,30,-26.63194306606093,92.74926122520925,23.00611976608069,97.04745918310145,10.25234839237026,92.74312003032472,-0.03382879597993293,0.11796385933048692
tvc150,mass,0.6,mass_0p6,30,-188.8751064274788,112.0356239716907,-135.07108872509647,117.27742606595199,-141.02755426850163,112.4552908843163,-0.25328239446258444,0.1487873841191559
tvc150,mass,0.7,mass_0p7,30,-211.42691459328398,93.28173310365972,-161.36686619723005,92.8575969638218,-174.5043505919459,88.72414211022561,-0.2728070995935718,0.11668465722228834
tvc150,mass,0.8,mass_0p8,30,-140.4344586773083,63.16999203978947,-133.57881458580903,63.632532406897,-139.73482434720134,64.71748012573383,-0.19613579490937372,0.09640128361666193
tvc150,mass,0.9,mass_0p9,30,-108.63313854284976,46.20354614407793,-115.26214503874034,57.35788412046292,-110.00993487388499,52.30900628366454,-0.13794006687198876,0.058731624659997476
tvc150,mass,1.0,mass_1,30,0.0,0.0,0.0,0.0,0.0,0.0,0.0,0.0
tvc150,mass,1.1,mass_1p1,30,157.00925868947067,52.361949779302634,161.41592373796777,57.371935425860485,154.88521404722286,51.38734009124034,0.17691586407764043,0.042649660882927556
tvc150,mass,1.3,mass_1p3,30,331.34402294511875,88.90176690261961,322.7216265158826,82.0423046142911,319.85946580010943,82.5895542285704,0.3827426292832585,0.06431081448024425
tvc150,mass,1.5,mass_1p5,30,412.12992426893294,95.61530083594377,397.9457578021227,84.9648215849861,398.67750675618976,85.61711541242944,0.4867623031471078,0.062163017292237284
tvc150,mass,1.7,mass_1p7,30,455.1473047561073,96.5654422494266,439.7302575513261,88.84544290897365,438.9256321762544,87.90373099300683,0.5435991702868745,0.05885859124266918
tvc150,mass,2.0,mass_2,30,463.5848125280079,95.71270121937798,449.9306357777799,87.4394183685741,449.29709810439203,86.94821670348811,0.5560769586405983,0.055614665211704786
tvc200,actuator_gain,0.0,actuator_gain_0,30,1341.7792508699492,198.89830663568458,1239.0167379259494,185.62394578085178,1262.9943491032243,192.11218323260016,0.923886100250778,0.011135005410023456
tvc200,actuator_gain,0.1,actuator_gain_0p1,30,1425.337083622583,199.01073891129616,1321.035143006939,185.7226982931598,1345.2291333657813,192.22451152991079,0.9916327048508283,0.001606576096126751
tvc200,actuator_gain,0.2,actuator_gain_0p2,30,1406.059755957413,206.77121259334422,1300.0036055282528,194.53275673041128,1324.1569812956243,201.01644114940757,0.9683042377104505,0.031903990653953045
tvc200,actuator_gain,0.3,actuator_gain_0p3,30,1355.1317813751846,211.37214128141125,1246.8976329621073,193.12393835008206,1274.4555213321462,202.71701906997745,0.9251465229853364,0.04488524806054179
tvc200,actuator_gain,0.4,actuator_gain_0p4,30,1250.3129038237016,222.29604045209015,1149.4119854077312,207.93683098613948,1173.6082618467442,214.85698581329294,0.8345787533849701,0.05588780964917545
tvc200,actuator_gain,0.5,actuator_gain_0p5,30,1166.1977807338094,213.4179912418086,1060.717817115002,198.21996279366024,1084.7261429569828,204.8719681768798,0.7693788628981636,0.052204160513869814
tvc200,actuator_gain,0.6,actuator_gain_0p6,30,1083.1790392402518,209.02356808570883,980.3080881607558,195.61800518610622,1004.7545017099741,202.96265119048195,0.7070548103581569,0.05008149715634959
tvc200,actuator_gain,0.7,actuator_gain_0p7,30,950.3865386548458,193.1987099670599,880.398431445095,190.48807313707755,895.6412558146898,192.2428840113589,0.619380974338479,0.05275312936863059
tvc200,actuator_gain,0.8,actuator_gain_0p8,30,680.0137418064298,160.74624748183706,611.6132294177957,169.47965716219068,633.7918325375898,167.31323995533043,0.45225569857409836,0.05909965677839198
tvc200,actuator_gain,0.9,actuator_gain_0p9,30,350.1332463854458,128.78580457831183,307.32137322827646,155.7758526417984,322.8981707639211,148.26438729497463,0.24316875448522698,0.06339536569476321
tvc200,actuator_gain,1.0,actuator_gain_1,30,0.0,0.0,0.0,0.0,0.0,0.0,0.0,0.0
tvc200,actuator_gain,1.1,actuator_gain_1p1,30,-318.57132631508887,122.01152731935287,-390.99699565445593,171.92302182157948,-370.04820461525014,159.03678111967545,-0.24240016568317735,0.08627647983701388
tvc200,actuator_gain,1.3,actuator_gain_1p3,30,-411.79209852701575,187.3910394426097,-451.0240231541373,235.12462800869434,-456.8818597565114,226.21063041708663,-0.35299902957193585,0.14162525228820536
tvc200,actuator_gain,1.5,actuator_gain_1p5,30,-245.15602308928712,191.3287633170503,-268.8459567892147,208.75505946425935,-259.2696954277884,208.26550874561778,-0.24624996901123847,0.1437554450494923
tvc200,actuator_gain,1.7,actuator_gain_1p7,30,-87.67324991946985,172.0431307307855,-100.57533826837077,193.61606136480464,-91.23974003167608,185.2154457201668,-0.1242046046922825,0.12107795233148161
tvc200,actuator_gain,2.0,actuator_gain_2,30,277.7179533625615,172.84939128880904,335.255670269419,172.28887176269777,326.70850520246154,179.91825187786128,0.13756427653730297,0.10971624269184502
tvc200,damping,0.0,damping_0,30,-6.657267668748625,63.04687063985176,-65.04111126536304,94.67026503419014,-39.72115724455286,67.12954680710737,-0.006317717127451937,0.03758945045047172
tvc200,damping,0.1,damping_0p1,30,20.89235527047573,61.526836268483116,53.21076097184545,74.24059195021049,26.932780202430397,70.956641684972,0.00015132654620513182,0.03403441311035548
tvc200,damping,0.2,damping_0p2,30,-21.32927569728194,91.44981301969095,-36.07152996523189,147.26318493191178,-12.309357472357881,130.1831799933179,-0.020089794450659802,0.0490818391556134
tvc200,damping,0.3,damping_0p3,30,-21.796358986380937,86.15609358673238,-31.011938921875608,147.04646664192924,-42.060403402717064,117.22356547325745,-0.01816337719614895,0.043875739693123424
tvc200,damping,0.4,damping_0p4,30,-17.596370818069207,66.53435122164753,-43.149916588489866,135.86091959534696,-34.773273036700594,98.56270561740307,-0.017581744666285613,0.04286451533031104
tvc200,damping,0.5,damping_0p5,30,9.663036889740985,89.71649491750429,-50.31010894356218,131.9839466868083,-23.09463814445335,115.62614045737277,0.008094482819904342,0.0464136342427647
tvc200,damping,0.6,damping_0p6,30,-7.04011100336088,61.242590588403175,-17.790879451563814,112.15517342599256,-21.013042400664723,84.39687983164345,-0.014278948165144547,0.03512365481379518
tvc200,damping,0.7,damping_0p7,30,-32.93192696602835,59.51239583284758,-66.88410684477222,82.89424481836612,-51.815060410133015,77.6241580003221,-0.027991867028675888,0.038711888458665515
tvc200,damping,0.8,damping_0p8,30,-2.1583118111983404,79.0745242256404,-32.560226393873606,134.3548729006769,-27.97822139841606,102.64625118248937,0.0006129836719681527,0.047149856389383085
tvc200,damping,0.9,damping_0p9,30,-18.986702111468166,77.08999308576587,-33.087957085526746,141.29292614743113,-33.0123750227348,112.12145021637683,-0.018487155363102102,0.04578890878958991
tvc200,damping,1.0,damping_1,30,0.0,0.0,0.0,0.0,0.0,0.0,0.0,0.0
tvc200,damping,1.1,damping_1p1,30,-8.13304141965192,69.88155303051319,-15.264842227059606,97.61295067138458,-34.15551593480757,86.51064598100464,0.006863855815201393,0.04197803180645556
tvc200,damping,1.3,damping_1p3,30,-26.359393927399577,58.578013026649494,-65.93534276619806,113.73718152299855,-51.99498971718296,87.96474134635106,-0.01769260210777176,0.03504783160090074
tvc200,damping,1.5,damping_1p5,30,29.641811661470452,61.36431880577542,36.9554076599093,85.64610391479876,34.77565694097457,83.44763083792614,0.023187283785453216,0.03689544487494539
tvc200,damping,1.7,damping_1p7,30,-52.963331435978716,74.41607229124817,-94.44644526125238,129.0131149067355,-95.64940133767523,93.8170489763973,-0.020488237197573,0.043344423310282584
tvc200,damping,2.0,damping_2,30,21.53706261234195,52.75128347809948,8.483583820032095,83.82459858601959,8.01057539825477,66.10903960733451,0.018519849998959493,0.03238101084083763
tvc200,friction,0.0,friction_0,30,1256.9933200949965,202.01652973108006,1154.153071106102,188.5822253951853,1177.6530974213479,195.05477211969034,0.8518357068317446,0.026733220096368616
tvc200,friction,0.1,friction_0p1,30,1230.6291005091161,195.39791339522623,1133.5474187081422,185.31845061561452,1156.155122565817,191.12988164161703,0.8360136194955418,0.023213283366395474
tvc200,friction,0.2,friction_0p2,30,1055.9124215368406,187.05544796646808,991.5704928424703,185.02936826441788,1005.6999889454872,188.71206509203387,0.7133726987298346,0.043310822249457134
tvc200,friction,0.3,friction_0p3,30,792.5136312586666,166.41954609454376,754.1109615320167,174.47082767392865,784.9060074663583,179.08108667124898,0.5392532601320557,0.07083316738850123
tvc200,friction,0.4,friction_0p4,30,593.5567664317558,143.7931822095277,528.4586249998458,166.38640897033272,557.164408903722,162.91887340311578,0.41069891751674054,0.06678022660387622
tvc200,friction,0.5,friction_0p5,30,437.67161528002373,124.55868998122654,401.27798560076627,143.8994957521489,427.6947753837028,136.42538644658447,0.2994769310777571,0.0632979897837331
tvc200,friction,0.6,friction_0p6,30,296.70049014443066,108.30251779577787,275.3554789025551,135.1650292524418,285.3614625298184,125.92444711572053,0.20301465106387603,0.057311237765088764
tvc200,friction,0.7,friction_0p7,30,207.23992910539735,100.20440088290546,152.18756834611335,144.34150143150728,192.28764255882123,130.40930265018227,0.14874390176644242,0.0530573162615966
tvc200,friction,0.8,friction_0p8,30,133.3820733992975,74.83649983945935,131.78963686887403,97.28073256281128,123.09263559351766,87.02187612090967,0.10139210245236357,0.04531600552389784
tvc200,friction,0.9,friction_0p9,30,-1.126601493031554,64.25213382819435,-17.768172702280165,70.95914363355547,-17.458049257870673,73.08879836840885,0.014770824393770683,0.038861241025732414
tvc200,friction,1.0,friction_1,30,0.0,0.0,0.0,0.0,0.0,0.0,0.0,0.0
tvc200,friction,1.1,friction_1p1,30,-61.11645282291116,86.78722204932329,-83.4188478929951,177.6003185279953,-59.40473158484126,129.72001095594732,-0.04545175434540772,0.04760495834058503
tvc200,friction,1.3,friction_1p3,30,20.487699466349643,144.3695188564804,32.301275931057724,164.02192856090852,19.910704845254987,170.8067601908928,-0.02090949844269764,0.08377360124100294
tvc200,friction,1.5,friction_1p5,30,81.2423130719542,186.06478731550888,62.77071961871402,186.17595494319062,62.867957367632066,191.74936125056416,0.016459065553099218,0.108360378986216
tvc200,friction,1.7,friction_1p7,30,130.42054555952126,221.52703257709373,54.66043270288369,238.31270127455872,82.65514196198751,239.2582814175251,0.06825925345997993,0.13586863689035955
tvc200,friction,2.0,friction_2,30,453.0061704730294,229.80311019494042,431.5552487842687,229.20995734031266,431.67208110402703,244.19085994924706,0.26270195912641686,0.1290943456710902
tvc200,mass,0.1,mass_0p1,30,1370.5536657198354,177.47900046636113,1268.431030196238,178.14557152946003,1305.0623995141564,174.6813914788233,0.9658527988648423,0.01261450113028454
tvc200,mass,0.2,mass_0p2,30,1233.0729607056562,186.11727949429144,1192.1036035803618,185.62905814725718,1217.4722910593448,182.7023237463559,0.848215176368311,0.046085752023476506
tvc200,mass,0.3,mass_0p3,30,832.7529664991695,183.94040632523692,893.0919752225478,199.42334340376976,899.6983997025319,187.39428854967008,0.5538792906601027,0.07530403873029644
tvc200,mass,0.4,mass_0p4,30,369.05558658154143,172.7281235982596,395.28501215003496,191.490898890119,405.551902076102,175.07961604036234,0.21911034036765992,0.10963509123309494
tvc200,mass,0.5,mass_0p5,30,-16.334062993569773,166.2531536661844,14.32388937548753,210.6567580424831,17.532671158621167,181.06060698093884,-0.06800836367489234,0.13047614716358388
tvc200,mass,0.6,mass_0p6,30,-321.95892322875477,158.2474721983377,-318.8128741289955,201.3095032202689,-307.87619191065295,183.95830501798122,-0.28069180695587004,0.12201113116039332
tvc200,mass,0.7,mass_0p7,30,-437.7453929338839,168.56712558718095,-415.38344730117336,170.10370242586717,-429.865766570847,180.40583802209,-0.36863602746063784,0.137526238010389
tvc200,mass,0.8,mass_0p8,30,-449.9863068412652,159.64044698819004,-590.2749274053933,238.46037879395828,-525.9658275479795,208.65726028133943,-0.35325790985347977,0.11488224647470396
tvc200,mass,0.9,mass_0p9,30,-367.9175972183642,120.14564972236238,-448.33219733667687,167.6441881858097,-412.3970781497457,151.28786178736786,-0.2681393596463212,0.07887592843676286
tvc200,mass,1.0,mass_1,30,0.0,0.0,0.0,0.0,0.0,0.0,0.0,0.0
tvc200,mass,1.1,mass_1p1,30,344.83310283516033,101.8162543200285,359.4841529419511,101.41128677796259,360.5070828919409,110.01414730619679,0.24221962471904684,0.0561564453557992
tvc200,mass,1.3,mass_1p3,30,735.551954204248,150.91667976170868,667.182250185003,150.7114816536786,696.4162185202705,154.27445126148447,0.49906947333736773,0.05900125414615661
tvc200,mass,1.5,mass_1p5,30,1009.602758884682,188.6042301961129,906.9271230963911,192.16915436490902,946.107293046111,189.63019377730728,0.6679938728252404,0.052849011610598184
tvc200,mass,1.7,mass_1p7,30,1071.7726925763445,187.9648661170814,953.9726535812332,187.56511692824745,993.1802830105714,184.90029823531302,0.7167581463827095,0.04715339209657295
tvc200,mass,2.0,mass_2,30,1133.5661952348553,189.64845022572024,1026.5502566323962,190.4399213482552,1060.4708746908448,186.29938053488348,0.7646613878338394,0.04859992966005089
tvc225,actuator_gain,0.0,actuator_gain_0,30,1791.956717550551,283.19367314046787,1795.410245142517,327.156243591326,1808.9027797456502,317.2773561363802,0.9406562112143146,0.009085972278014054
tvc225,actuator_gain,0.1,actuator_gain_0p1,30,1867.748313111692,283.00285646155595,1869.5848884501434,327.83704504851926,1883.334608734534,317.6218993098653,0.989680702535406,0.007197342628195512
tvc225,actuator_gain,0.2,actuator_gain_0p2,30,1844.8353033394246,292.8377986034757,1847.2708821709546,336.64316876597854,1857.9725192064966,327.9363567401873,0.9677026755937985,0.025307594944263486
tvc225,actuator_gain,0.3,actuator_gain_0p3,30,1769.0392604229455,284.47889935708446,1777.3991673114615,327.7822181996118,1787.9528470267007,318.86811697351453,0.9258257921523441,0.03643320855769864
tvc225,actuator_gain,0.4,actuator_gain_0p4,30,1652.3150014994185,294.1482310207079,1650.682422814522,336.60638319432167,1664.9620085613565,327.7729632860417,0.8481426378614657,0.04330265241213222
tvc225,actuator_gain,0.5,actuator_gain_0p5,30,1625.1536421788467,289.6535333756069,1623.507791578653,329.2915273502562,1640.2558025568912,322.1407611620739,0.8331713150891656,0.04473038577174067
tvc225,actuator_gain,0.6,actuator_gain_0p6,30,1506.355296694995,291.57757972538406,1509.2294916996664,335.9178821246936,1524.252901982968,328.10046978573155,0.7557462141300086,0.04413629349797899
tvc225,actuator_gain,0.7,actuator_gain_0p7,30,1304.1734878363745,264.6637702765731,1319.6918590906664,302.1468314988878,1336.4162997848573,297.4016579076803,0.6510323396442127,0.05228080464663023
tvc225,actuator_gain,0.8,actuator_gain_0p8,30,970.5254902717562,236.40047650738003,978.4494661560072,266.1503827336434,995.3383089464155,268.5910614598088,0.4866179946216648,0.07503164587115542
tvc225,actuator_gain,0.9,actuator_gain_0p9,30,496.03457762214293,168.83119445265694,570.4144143268356,227.52999693230555,564.3415760597126,216.04249891863677,0.2427960427582816,0.06406272337484535
tvc225,actuator_gain,1.0,actuator_gain_1,30,0.0,0.0,0.0,0.0,0.0,0.0,0.0,0.0
tvc225,actuator_gain,1.1,actuator_gain_1p1,30,-265.78640278433954,138.3662016998831,-285.1212605102338,170.92241759293915,-286.45697313800446,160.26054117817662,-0.16100006376504236,0.08733024797938052
tvc225,actuator_gain,1.3,actuator_gain_1p3,30,-349.18318836911027,235.886416747712,-363.23262236501336,315.3541801660593,-359.25876197114525,284.2400741560101,-0.2956320428399514,0.1744400076528524
tvc225,actuator_gain,1.5,actuator_gain_1p5,30,-239.73513228849953,248.94957299782433,-232.03920280175194,342.00711354217697,-209.3301891036638,306.42368126098285,-0.2418322635649721,0.17832342070138632
tvc225,actuator_gain,1.7,actuator_gain_1p7,30,86.01283966937987,219.95159671370502,177.9516047519776,283.78596286562237,162.996491284468,258.72846999153825,-0.036542181155278956,0.14137669442647702
tvc225,actuator_gain,2.0,actuator_gain_2,30,572.2874462961954,208.9061931696132,732.7764161665408,273.76125888962275,698.8261865127776,256.4448710814841,0.2528761474803998,0.10071571331138303
tvc225,damping,0.0,damping_0,30,-55.178155836980004,86.0340364471698,-7.334825740144401,105.13092642404257,-18.74573014132103,88.81210351703481,-0.035735855850496226,0.05270311320994769
tvc225,damping,0.1,damping_0p1,30,-80.36137992334042,76.2561620836088,-115.3909276428221,115.91854658502056,-68.90908699974098,92.4741847436102,-0.04904191579627062,0.04249237364410191
tvc225,damping,0.2,damping_0p2,30,-42.577400723018854,76.99598055551051,-29.964756276012068,77.03752565510483,-18.34750054705444,84.62618077690833,-0.028299452922784872,0.04729782814348513
tvc225,damping,0.3,damping_0p3,30,-42.27027914132149,60.6341407341791,-22.213061587307802,78.09120275223803,-17.224929933468438,74.86657790199611,-0.027016855365402877,0.033089084097611084
tvc225,damping,0.4,damping_0p4,30,8.951862081378431,106.30434737662509,27.521274276888562,153.91931845926945,22.584958438977008,122.82301649295366,0.0019319828895093065,0.05672374705234906
tvc225,damping,0.5,damping_0p5,30,-47.315094051792855,77.22270747085578,-63.68290709836503,99.09676236944729,-31.16618116120185,97.17260771695985,-0.02892251805015444,0.04272361754021911
tvc225,damping,0.6,damping_0p6,30,22.773839616241307,85.04818682640833,35.82520982404807,106.67971458335137,60.237865100669296,98.62780637832678,0.0019187767809164499,0.041357795328102985
tvc225,damping,0.7,damping_0p7,30,23.77476231859719,65.25295325354031,29.876196108081732,104.33028300111071,32.54985113843596,91.66016306413435,0.008710214219559049,0.030650742180421398
tvc225,damping,0.8,damping_0p8,30,-11.628831062426446,58.30850884822415,-16.12083953583798,87.52996065392036,17.22488453757019,71.45310243390486,-0.011540779925959805,0.033612543153013236
tvc225,damping,0.9,damping_0p9,30,45.71733424380186,81.57594074786977,113.69624694387555,106.16099766116028,116.15203097959184,105.73334278436832,0.012701053599514676,0.03989055757679817
tvc225,damping,1.0,damping_1,30,0.0,0.0,0.0,0.0,0.0,0.0,0.0,0.0
tvc225,damping,1.1,damping_1p1,30,-59.17045878458669,61.84840407740088,-55.28964245061154,71.19464357452902,-34.03578339322042,62.852277509764185,-0.03936175985278421,0.03588465060710948
tvc225,damping,1.3,damping_1p3,30,32.11092646465006,58.076685594169405,65.44491155274629,72.01634864838032,65.327481928352,69.51121028614035,0.010283170132132325,0.029455589217003544
tvc225,damping,1.5,damping_1p5,30,-3.5896766173895647,68.5504123711736,25.2169706594798,98.51907959456375,20.47420980157145,90.64610696806855,-0.009406643527771544,0.032808132732384
tvc225,damping,1.7,damping_1p7,30,41.47329166470417,69.99793983729518,60.71065117497713,99.80391918036914,80.36791896719885,88.01906008933692,0.008217848073068723,0.03183654578336392
tvc225,damping,2.0,damping_2,30,-25.78541007603216,74.94360552816177,12.09729139677825,85.57666529985745,5.904491379004389,86.27088556622577,-0.010996723302321229,0.03706351637912749
tvc225,friction,0.0,friction_0,30,1687.6304127526605,289.1017757380434,1728.4317581608705,353.55736824950424,1705.7536519135463,323.63085844811735,0.8820446881942818,0.01923940857419016
tvc225,friction,0.1,friction_0p1,30,1657.0793781868815,283.5277653943284,1696.6660723900163,348.3757790171005,1674.923975492427,317.82919536723153,0.8661515210156562,0.02004812700110258
tvc225,friction,0.2,friction_0p2,30,1458.7527903451326,257.5673901854193,1530.6330876846828,322.5179585322098,1507.7951315755524,290.9745688398665,0.7637673371237141,0.03492733150486617
tvc225,friction,0.3,friction_0p3,30,1098.5772413229035,218.3433848459955,1226.9910810079775,292.9734977912945,1193.3493696947828,262.90139054755775,0.5749760697242827,0.05094101350815479
tvc225,friction,0.4,friction_0p4,30,794.7149464718335,219.84433845881054,892.0650424376979,317.79354306388916,879.1978553588486,271.4052518061463,0.4041756995622735,0.07239134255523753
tvc225,friction,0.5,friction_0p5,30,570.2945315280467,179.64359797623686,667.1375510548534,258.00498264032564,641.174772786115,214.82940126412439,0.28813655462729026,0.07399580944568021
tvc225,friction,0.6,friction_0p6,30,368.62954913083274,164.76243149565886,433.51491810622,261.496080377849,410.07296026716637,213.64364471809392,0.18209197865787594,0.07070700351191177
tvc225,friction,0.7,friction_0p7,30,240.19738289200342,176.31783108442036,279.38456703003646,244.7428590361819,265.3027275857414,208.40240799888758,0.09662526183608795,0.08147549885457234
tvc225,friction,0.8,friction_0p8,30,107.04778193001191,130.74025549159938,187.22917228290686,216.81791256930927,138.83421720120435,167.24071900613842,0.033801556708220985,0.06851405693602071
tvc225,friction,0.9,friction_0p9,30,61.55797517553546,136.9070690740947,174.22651103484193,235.42110211308506,113.34155401139681,180.21981368829915,0.009778531934352503,0.06690260968518082
tvc225,friction,1.0,friction_1,30,0.0,0.0,0.0,0.0,0.0,0.0,0.0,0.0
tvc225,friction,1.1,friction_1p1,30,-87.0779219895046,110.62190942030374,-76.85267685402899,113.72099012056458,-71.98875485794886,112.34104678203863,-0.06222918788803917,0.06418772664425026
tvc225,friction,1.3,friction_1p3,30,-66.67596184093676,179.28849150711932,-40.57550396074109,212.04996832813902,-59.54876392067768,189.4282177139518,-0.046098698101433196,0.10849392429706026
tvc225,friction,1.5,friction_1p5,30,95.18359886625892,244.0513711659403,136.61313427382842,315.2211622301423,103.9974949672513,289.02235673085005,0.0332047601709987,0.15927690779985976
tvc225,friction,1.7,friction_1p7,30,284.2889584914438,223.55629952807496,366.69718252382376,295.17939242302657,327.6985381358642,265.05178939804364,0.14060837738175472,0.1280226274228032
tvc225,friction,2.0,friction_2,30,538.155236721125,250.12057892543638,573.5780522866473,326.68337376731745,557.4922682946514,283.4495939840064,0.27119357062782673,0.1311802866652067
tvc225,mass,0.1,mass_0p1,30,1845.318931219656,281.3084128963266,1859.831680013261,326.8594297062051,1871.7137728722896,316.3886348477565,0.9745607180000952,0.008435261759244894
tvc225,mass,0.2,mass_0p2,30,1682.7393536276452,294.88647300935753,1769.0013052888726,337.70241687626236,1768.2307249580153,329.0185439961231,0.8644278457856751,0.039705180512584703
tvc225,mass,0.3,mass_0p3,30,1293.7725736897705,275.0261597548735,1453.333498953652,327.3576947290171,1430.5325925484872,319.5827079614423,0.6339017968100966,0.0713698761443979
tvc225,mass,0.4,mass_0p4,30,715.4636126992767,213.0010899005359,838.6663371499595,288.709081018073,832.8603633873568,259.1527408930002,0.3303618002159314,0.08290671526895851
tvc225,mass,0.5,mass_0p5,30,196.5588326709844,225.29573204974642,268.2500056771119,291.119305082094,260.7971291003279,265.4473041507088,0.01799604934887454,0.14106971705067312
tvc225,mass,0.6,mass_0p6,30,-104.90160068470975,235.74103762606163,-36.470518081654724,288.17364400065424,-55.67117199442501,271.95513128324615,-0.16408622421211116,0.16390628670303592
tvc225,mass,0.7,mass_0p7,30,-272.6795185673634,237.36844654920517,-199.39431203062523,329.39384491054676,-234.77805160371997,292.8136610637989,-0.259855684537103,0.1668704656944257
tvc225,mass,0.8,mass_0p8,30,-300.3668669999018,210.66222257028892,-296.50738964117386,265.1583332976461,-274.1018378914042,249.48078175079095,-0.25005002078096134,0.14393877718039544
tvc225,mass,0.9,mass_0p9,30,-287.40935321749384,150.73922129602167,-334.51392484881416,189.4786676382729,-306.0525707870314,170.9458611125099,-0.18540838801546045,0.0914300283026066
tvc225,mass,1.0,mass_1,30,0.0,0.0,0.0,0.0,0.0,0.0,0.0,0.0
tvc225,mass,1.1,mass_1p1,30,408.29795345262625,160.6618291390476,415.67578467269664,208.22243878437118,435.0568929191244,201.3114181901385,0.20541147952103644,0.06441254100883126
tvc225,mass,1.3,mass_1p3,30,1071.9896158536949,246.77668140626022,1069.9782335289026,281.8354346135541,1093.8491179694379,279.1007877516356,0.5399330409089541,0.07019827094085046
tvc225,mass,1.5,mass_1p5,30,1393.3081814924583,278.25350772597653,1429.3113013972838,332.75078938427805,1431.6455616581713,319.0208554042762,0.6942719260858585,0.046289381830260004
tvc225,mass,1.7,mass_1p7,30,1515.1561399778898,292.6752237472838,1522.0306453920932,337.06572067984416,1534.9224041391321,328.6905060154436,0.7604028603216464,0.04479006050651241
tvc225,mass,2.0,mass_2,30,1617.2720124865393,287.6506428343898,1621.4797806105987,329.3222067474007,1634.6190955091254,321.0347843307957,0.8299194807915473,0.04417899485617409
tvc250,actuator_gain,0.0,actuator_gain_0,30,2709.1432202072556,293.5720626135639,2869.1374537847514,379.5986120588656,2819.5750757310534,349.2724425491851,0.9621886821204081,0.005791341301691122
tvc250,actuator_gain,0.1,actuator_gain_0p1,30,2770.3278708074677,290.31153580030025,2933.6632315364122,375.46411761294587,2884.2039177065167,345.75101122220883,0.988941388593229,0.0069616416704781905
tvc250,actuator_gain,0.2,actuator_gain_0p2,30,2751.578865200804,289.6156586835708,2905.2743567730968,371.3567456748929,2858.4731479707907,343.16059833909196,0.982796782243066,0.011273996471095001
tvc250,actuator_gain,0.3,actuator_gain_0p3,30,2673.3629147827846,295.94558241624424,2832.670984409875,377.9629405641083,2780.749727950488,346.2521931772723,0.9484975912392578,0.02375045585500305
tvc250,actuator_gain,0.4,actuator_gain_0p4,30,2589.788522843688,297.04369088111355,2745.81932875624,381.63707356569034,2697.7768480132954,351.0444319699563,0.9138641110654712,0.02771202841023814
tvc250,actuator_gain,0.5,actuator_gain_0p5,30,2484.7447531534945,300.78979397948416,2642.8033413300354,385.2755906540191,2593.664924789113,355.0321324832865,0.8683279727377046,0.028115845111887496
tvc250,actuator_gain,0.6,actuator_gain_0p6,30,2385.4925553092585,301.5561570787944,2555.7532924943175,387.51399088724054,2504.3672664703195,357.2543828330825,0.828793668617707,0.033327446329903095
tvc250,actuator_gain,0.7,actuator_gain_0p7,30,2129.8338584592957,304.59695139151796,2336.8135958023804,390.91529584473454,2281.240361400988,362.95526025249,0.7311991413605164,0.04784457512486912
tvc250,actuator_gain,0.8,actuator_gain_0p8,30,1343.4648690032127,261.0019027279798,1618.2908351472147,365.64738394163265,1529.7518508252288,322.57978498579223,0.47492174720881,0.07670011728036556
tvc250,actuator_gain,0.9,actuator_gain_0p9,30,342.68930701187577,173.9194542298954,423.6116969860185,276.2319107348322,393.2857103996272,234.18145596944257,0.1259163713839907,0.058292603235729455
tvc250,actuator_gain,1.0,actuator_gain_1,30,0.0,0.0,0.0,0.0,0.0,0.0,0.0,0.0
tvc250,actuator_gain,1.1,actuator_gain_1p1,30,-140.5928290598521,145.71273408743875,-208.44585702606958,226.82274202802756,-187.90553888953085,198.36230962061452,-0.08380140026678884,0.07671170992296035
tvc250,actuator_gain,1.3,actuator_gain_1p3,30,-108.88561529436161,241.2520884215741,-121.93338315950226,326.91740517948523,-127.52509765984037,285.0201181210395,-0.09980914789340356,0.13798702262755794
tvc250,actuator_gain,1.5,actuator_gain_1p5,30,167.28546812693918,259.45921175785526,119.88202397959994,352.3774345671357,119.14096187067733,316.93888669772076,-0.002158817498154946,0.13876555820335582
tvc250,actuator_gain,1.7,actuator_gain_1p7,30,552.8758870231574,299.350963912481,618.9701810556487,388.9117210628897,570.7228880897563,358.3058763019287,0.14513251863175755,0.14364922037394134
tvc250,actuator_gain,2.0,actuator_gain_2,30,1068.9337653445853,281.01163580979136,1211.7186482105433,392.93569534078125,1173.9043574522486,354.788816017686,0.35251880711187955,0.11517918510272072
tvc250,damping,0.0,damping_0,30,-34.74036533947506,74.3313846210972,0.09357952341364732,91.74779723861174,-20.7083612225616,75.30279479322866,-0.014874021587237336,0.02667986365579523
tvc250,damping,0.1,damping_0p1,30,-39.470875058154185,114.90241004177645,-55.57755292874924,168.557979589219,-77.78399656915609,142.90476525178764,-0.024779673791174215,0.05061446900330289
tvc250,damping,0.2,damping_0p2,30,-11.216173097896649,95.69702663205368,-31.52291734969155,164.43319570879305,-39.842936186831174,132.94328213536164,-0.010830031112595638,0.042107862625342336
tvc250,damping,0.3,damping_0p3,30,-51.17923594082815,117.96995068610735,-64.69895703264429,137.558646624047,-54.8694594850475,130.50263725699222,-0.02342655799091546,0.04116918371803262
tvc250,damping,0.4,damping_0p4,30,-50.21915601204846,89.04505894666248,-55.049493449182094,122.67261572599105,-70.92026514387545,102.70899188494955,-0.014538483558056797,0.036802935774783975
tvc250,damping,0.5,damping_0p5,30,-35.62568312969141,103.29841052404501,-47.08718512898827,104.17409034486043,-61.25237776736164,110.89186988650906,-0.014157709180163788,0.04135748619793738
tvc250,damping,0.6,damping_0p6,30,-47.73799336781682,101.91338986542704,-101.27796831306974,144.07213778437347,-75.61045214366771,127.3085172006431,-0.023790022965897877,0.04032125920991249
tvc250,damping,0.7,damping_0p7,30,-56.043252398851116,79.41499087386791,-8.384378239588614,103.34161620108821,-41.10579543613461,95.94635843051137,-0.026417989645866627,0.03428564517998332
tvc250,damping,0.8,damping_0p8,30,-23.48421176244871,96.99054878624572,-7.132311426659483,155.71343712627043,-31.70102158340441,109.996409524578,-0.013501340813643844,0.04031300529173491
tvc250,damping,0.9,damping_0p9,30,-73.0980049222524,85.82970949241263,-55.54936352587233,137.87851636569172,-72.64645259259035,97.14765058191945,-0.03124817912425494,0.0367583980218414
tvc250,damping,1.0,damping_1,30,0.0,0.0,0.0,0.0,0.0,0.0,0.0,0.0
tvc250,damping,1.1,damping_1p1,30,-15.881837653823558,96.36054074620718,-51.91316347444221,130.08335493701492,-20.838816120791034,96.17715360387103,-0.0012255345625764,0.039324153629703595
tvc250,damping,1.3,damping_1p3,30,9.176191747234501,88.33587819914945,19.15964488099234,108.63228056069319,9.089070253390128,92.81639231892976,0.0023436882720396525,0.03763824052258716
tvc250,damping,1.5,damping_1p5,30,-84.24147585943587,88.86666706375038,-108.69898834117956,139.67934542669198,-101.39765857234562,109.45987745441394,-0.03377734199290285,0.035943442641162456
tvc250,damping,1.7,damping_1p7,30,-55.63119554194325,114.99220504740605,-28.547158626889807,125.19179260607548,-60.96017440522673,118.30783182765359,-0.022073332990192922,0.045571197619338415
tvc250,damping,2.0,damping_2,30,-18.75372134192784,104.65932958657181,-102.85531693993542,133.07071958124376,-59.32207085859917,106.04715743266253,-0.006290889743509196,0.03971275076805912
tvc250,friction,0.0,friction_0,30,2622.9038969073713,306.9661780341085,2793.9719955963506,373.36350865370576,2752.296608265619,358.3266756822723,0.9276434699249897,0.012619213549065577
tvc250,friction,0.1,friction_0p1,30,2581.117738850336,311.46266145536083,2759.597370290495,379.8384744176864,2715.55091752236,364.65565649181593,0.9091530004348635,0.01799465508140482
tvc250,friction,0.2,friction_0p2,30,2071.98928402207,367.9200802858725,2280.5297809596027,446.781726075159,2225.9685072052803,426.2680124737244,0.733617196075581,0.10709045725956595
tvc250,friction,0.3,friction_0p3,30,1584.1999816272987,335.92275415277726,1854.1752046525446,420.4481001340252,1770.6337358468165,386.05397994058944,0.5714285602613586,0.10932208312159737
tvc250,friction,0.4,friction_0p4,30,920.8868649186967,309.0754270553154,1096.2434485616375,394.2825464019888,1055.7991272632846,364.19630264349564,0.32800476478199464,0.10761544191826097
tvc250,friction,0.5,friction_0p5,30,562.0771564672633,251.36347984601218,668.1006126302159,332.99550115336194,632.2962877261601,309.31614666025496,0.1950096355994086,0.09935199722316061
tvc250,friction,0.6,friction_0p6,30,300.1895883247709,238.24795860509545,396.7546723984768,310.1985207063119,358.9671621759462,292.163597207317,0.08103873456263039,0.11227923016540713
tvc250,friction,0.7,friction_0p7,30,184.44571911166597,169.34572917411032,264.20118430280417,221.45732703258128,235.40477847720499,207.00115684094217,0.06838403351393806,0.0697444338298985
tvc250,friction,0.8,friction_0p8,30,87.02345582263156,130.82068188373134,167.26678812693007,182.11029576960425,145.5992788294002,168.7347289528067,0.039341597765067154,0.053245912669062055
tvc250,friction,0.9,friction_0p9,30,53.146874362737194,119.03204405456883,91.63957768624714,170.12041086200222,80.13203202778138,150.10406751435164,0.020291403605480207,0.04855816430167024
tvc250,friction,1.0,friction_1,30,0.0,0.0,0.0,0.0,0.0,0.0,0.0,0.0
tvc250,friction,1.1,friction_1p1,30,-58.52003338475583,97.78828405779998,-52.00461211451599,140.33761787044423,-54.896157789134094,133.38922260857942,-0.034886059770352945,0.042078269255290596
tvc250,friction,1.3,friction_1p3,30,58.55054462852821,193.3048023947991,193.0814438851429,270.13271951727637,135.03858662132242,247.06832514496756,0.00203578336294369,0.07577418893408201
tvc250,friction,1.5,friction_1p5,30,281.0284366370783,312.17916385138517,438.89072282541804,360.2035763337465,386.2777282366579,351.3920244805455,0.07257293782483269,0.11893935342106106
tvc250,friction,1.7,friction_1p7,30,558.0405993173633,389.6893903372842,698.8581820409225,449.11578267075055,662.9717796488643,433.8320563148015,0.15903092555023696,0.15275834052020162
tvc250,friction,2.0,friction_2,30,990.8121317877092,431.3951107508571,1096.0865513090077,512.2837186782557,1086.8141411020727,491.89752215373124,0.3089380039027351,0.1719931882094753
tvc250,mass,0.1,mass_0p1,30,2761.877102902456,290.27906148013886,2933.164026933763,375.64577101384725,2881.4731031782158,345.3743396019449,0.9842167259265199,0.005960101039684988
tvc250,mass,0.2,mass_0p2,30,2553.3438029999525,290.09900236579693,2818.923381926224,376.99483185879944,2754.5901661441676,348.1195017195489,0.9036967453799503,0.02559717377199797
tvc250,mass,0.3,mass_0p3,30,2118.343699210672,287.4904470686078,2487.2792129264253,384.69738048339946,2404.6229786071362,353.23468570600375,0.745515073705086,0.056202417399080676
tvc250,mass,0.4,mass_0p4,30,1454.109138603459,278.7505091361879,1715.4406470055653,429.39133736274067,1656.1785109477955,373.29572140456366,0.4992214011166364,0.09481371295608002
tvc250,mass,0.5,mass_0p5,30,736.0444690890341,269.56797524406517,768.1785384926832,398.17377149567335,768.1954979303472,341.5384461602409,0.24031551520728678,0.11828284755762772
tvc250,mass,0.6,mass_0p6,30,390.6549233337249,284.1120032740027,447.1925183357733,386.59360439577534,418.21228394810026,349.7345766793993,0.0895554735417374,0.13843082123886813
tvc250,mass,0.7,mass_0p7,30,23.10615585335278,262.0694785892485,-18.480816267004972,332.5129269174294,-19.33104704843748,313.319449743095,-0.06053938575733671,0.15533145823351477
tvc250,mass,0.8,mass_0p8,30,-121.22817006911335,211.5528180526327,-93.78074385857175,258.72407296686396,-136.07438520080655,232.52038237510465,-0.09297967379412234,0.11631152435295762
tvc250,mass,0.9,mass_0p9,30,-170.00094596576426,171.12214821739266,-155.858840358903,222.85468382831294,-198.56090175995917,203.2179720827754,-0.1048848689624235,0.10432717735018175
tvc250,mass,1.0,mass_1,30,0.0,0.0,0.0,0.0,0.0,0.0,0.0,0.0
tvc250,mass,1.1,mass_1p1,30,300.7253417192476,171.96361499483083,448.64407407932447,268.20720647375833,386.7305767958092,231.77315489406038,0.11431250602272787,0.06392297754072569
tvc250,mass,1.3,mass_1p3,30,1578.712711443244,310.3453691787965,1849.5231951039812,391.47588027649437,1758.1426271994776,361.2943366785241,0.5398857805664312,0.08739014921728647
tvc250,mass,1.5,mass_1p5,30,2234.478142621698,301.5243176512515,2414.588466042639,385.9360466902666,2358.4067989993573,356.3754695282484,0.7729967279561907,0.04406243192755158
tvc250,mass,1.7,mass_1p7,30,2400.0052294335715,304.48327193737987,2570.109642561864,391.87429251858475,2517.8011891472893,360.9812568351707,0.8329093626005732,0.033775226668691385
tvc250,mass,2.0,mass_2,30,2485.469166082988,302.06703513114314,2644.0510347859413,385.66228340553243,2594.017468446503,356.14083249341303,0.8682411203939956,0.02762806662649885
tvc275,actuator_gain,0.0,actuator_gain_0,30,3070.1849591843174,285.90099864940316,3129.9573208996085,317.9026074148396,3138.6999915100623,309.6453399855818,0.9668270363607334,0.005710202395284773
tvc275,actuator_gain,0.1,actuator_gain_0p1,30,3137.336512909459,282.9983977165063,3195.7387680879033,314.4204843117232,3204.7662414104284,306.2068742020645,0.9919492208512637,0.00598629298981275
tvc275,actuator_gain,0.2,actuator_gain_0p2,30,3099.720123083904,283.7014885219977,3160.159734928827,314.40544221595366,3168.957275622638,306.15659153960996,0.9785829597209964,0.012941042930485723
tvc275,actuator_gain,0.3,actuator_gain_0p3,30,3036.9732004603256,298.5010020700393,3094.1327377615644,329.64037337160414,3104.675382704247,321.9909404591454,0.9528018640569479,0.023352127704908656
tvc275,actuator_gain,0.4,actuator_gain_0p4,30,2940.58509322293,298.5091952122973,2997.9823999298387,324.10150253757155,3005.3090651709153,320.6462308626269,0.9185540402361553,0.022770151888793198
tvc275,actuator_gain,0.5,actuator_gain_0p5,30,2852.3053694242767,294.6108108713516,2910.938985048851,322.22751293712986,2919.1640943076354,314.90396914027616,0.8872113817581511,0.030979601697612505
tvc275,actuator_gain,0.6,actuator_gain_0p6,30,2749.038390344031,297.9984621903238,2818.6631278739983,322.13507990425893,2825.8935623338766,315.11123281702385,0.8541824262709314,0.0388752194565125
tvc275,actuator_gain,0.7,actuator_gain_0p7,30,2296.5837406617925,354.5402603969729,2321.0391520476724,393.76008270660174,2365.228923251144,372.6715715191561,0.7122918148152225,0.07548271596628528
tvc275,actuator_gain,0.8,actuator_gain_0p8,30,1414.2048002464458,388.44679374185114,1396.712393770011,444.5311568018327,1429.3853960431697,432.74003610210775,0.45060124493432663,0.10718708282139261
tvc275,actuator_gain,0.9,actuator_gain_0p9,30,307.6933154968793,182.4509713451362,235.50929056864945,212.68973196594405,292.03146756409285,208.66195854240237,0.11949683268615224,0.0694635138696278
tvc275,actuator_gain,1.0,actuator_gain_1,30,0.0,0.0,0.0,0.0,0.0,0.0,0.0,0.0
tvc275,actuator_gain,1.1,actuator_gain_1p1,30,21.269225947469806,86.31023593354605,-7.260985670830303,79.45626706069906,-7.749631658682464,77.67937919501564,-0.0033315185386884123,0.03402302933669461
tvc275,actuator_gain,1.3,actuator_gain_1p3,30,165.05584998653757,183.97466341560425,2.111722721783701,192.7680793212727,71.4561969373892,177.93760791199182,0.011319692289082679,0.09017896606954971
tvc275,actuator_gain,1.5,actuator_gain_1p5,30,483.9054533191495,229.0367959191273,333.42258434030134,240.03185768928782,368.67732257415133,246.98599145553754,0.12086055288596323,0.09199362792743158
tvc275,actuator_gain,1.7,actuator_gain_1p7,30,913.692792103928,242.3060567913778,873.815062897876,330.1789288051593,850.0940248425682,289.31015904490573,0.2773111981550516,0.0729573836463218
tvc275,actuator_gain,2.0,actuator_gain_2,30,1403.3041344473256,274.1743161362495,1349.0640466648447,378.8193863947749,1395.4054335766407,336.7282176195455,0.43907180961935915,0.08350782371414707
tvc275,damping,0.0,damping_0,30,-6.4805002421603755,65.28504464262899,-4.002612576526178,52.079716764681486,-10.041322007277342,38.90312989179063,-0.010669552063447904,0.026522930789718156
tvc275,damping,0.1,damping_0p1,30,-34.99470901708651,61.00140342598335,-8.849369513808824,28.757048162844704,-16.91096798733726,45.19650747383538,-0.014753068313934904,0.026358940155584314
tvc275,damping,0.2,damping_0p2,30,48.206150664161015,95.53565772368488,43.099295012019866,82.85421428667401,55.38622144620364,78.7063267851237,0.01262740039871611,0.031155146887682894
tvc275,damping,0.3,damping_0p3,30,2.5797550733724735,60.05309152207612,5.499557880046219,54.37772593836343,3.2081259242221183,54.858633765452886,-0.0032547058913422124,0.02043271221738466
tvc275,damping,0.4,damping_0p4,30,-13.844212199130846,73.56150017818277,27.953002262649974,68.69656042088738,24.82893191986384,68.82820357063426,-0.007521148081285516,0.02531695419751967
tvc275,damping,0.5,damping_0p5,30,-24.151911325746838,71.09119137871727,-1.9029038682555248,68.30429152836385,-11.56027707666686,61.284878857233835,-0.016197997029794124,0.03340610263336694
tvc275,damping,0.6,damping_0p6,30,-14.577200427807842,74.78287719246696,-14.431287281599626,70.1868074842252,-15.96906704050867,71.27041279442247,-0.010873091946626496,0.032702539332618456
tvc275,damping,0.7,damping_0p7,30,-51.2107664392957,66.41234798289943,-10.535052881961182,65.79518061180644,-13.969955240649533,50.35863166607678,-0.02135188376043393,0.02666125218543844
tvc275,damping,0.8,damping_0p8,30,4.968151748838405,69.33234881844011,-4.595347926425969,74.73107147859976,-6.413645292805423,74.526811040165,-0.007841043800975438,0.03424465504775266
tvc275,damping,0.9,damping_0p9,30,-41.10105654478465,73.9789110416148,1.2147538078779159,45.078611858913995,1.1818284674844752,49.17848646471638,-0.011445877644067508,0.025587053025598414
tvc275,damping,1.0,damping_1,30,0.0,0.0,0.0,0.0,0.0,0.0,0.0,0.0
tvc275,damping,1.1,damping_1p1,30,-1.582551134195008,60.11969666234949,-4.754814509518822,30.28118558507058,-10.114206519733239,34.73291368370235,0.0012618880798127097,0.022092024057816833
tvc275,damping,1.3,damping_1p3,30,-6.245610063541415,55.74568117788568,-40.701724000028015,70.31002263936828,-37.14736531040729,64.88881713277561,-0.0023099589960272715,0.022905009974333743
tvc275,damping,1.5,damping_1p5,30,9.332478646152378,63.13672618936023,-12.131234230431874,36.00921269099972,3.375218753610288,47.617764935693565,-0.0014840166388084444,0.023825573735613996
tvc275,damping,1.7,damping_1p7,30,-5.510872903377708,60.73637934993981,-17.0715791114804,62.65825454389013,-1.5478756711935944,58.74987951196487,-0.001631099851056113,0.022600325506033168
tvc275,damping,2.0,damping_2,30,-49.86121056364592,45.71995860941212,-20.96958110672654,47.37821719604561,-8.948492237979979,42.20814909101422,-0.01705922890164476,0.014996580298661548
tvc275,friction,0.0,friction_0,30,2959.432400544719,285.9942828297834,3044.880170476684,322.1129679519462,3046.261736319188,317.80710116637545,0.9350727935367195,0.011088799714949036
tvc275,friction,0.1,friction_0p1,30,2876.1817109562658,305.5775801562299,2947.856338206818,356.8571634479432,2958.3173513125957,345.12997939360207,0.9086118970854126,0.037310363628828634
tvc275,friction,0.2,friction_0p2,30,2391.061601215726,403.19624836928267,2459.489022702444,461.6754913891543,2470.8840314418694,454.40869351151315,0.7581570662908901,0.09672873294239455
tvc275,friction,0.3,friction_0p3,30,1527.751746768317,380.05109124256234,1610.334793822931,450.8206166598398,1612.9446104682954,431.47242830183507,0.48841687455493704,0.10757717294315877
tvc275,friction,0.4,friction_0p4,30,1078.2540637679238,348.7477489388071,1147.1970315811022,433.43359882640294,1152.5691919762685,417.7499291637863,0.3518166775247634,0.10431050415170376
tvc275,friction,0.5,friction_0p5,30,626.0778197717741,279.7888890220026,626.8669430580769,330.70162211826636,642.401753106906,319.6057157276974,0.2289055309989304,0.09578734995569586
tvc275,friction,0.6,friction_0p6,30,346.83849204791403,217.86474402157245,331.38274027506486,247.66793552903252,359.6768423381384,246.85556949824718,0.1355261516438965,0.07748963853542487
tvc275,friction,0.7,friction_0p7,30,215.3639121280406,148.06238525832651,214.9129801625895,163.0164971554569,212.29143218547202,158.7491660630921,0.08741740670892033,0.05535316141296509
tvc275,friction,0.8,friction_0p8,30,128.37053195831706,102.65066386863332,140.2889397698173,123.46836984236002,131.7035062235501,111.84202433927973,0.04801748105915822,0.03631062517454226
tvc275,friction,0.9,friction_0p9,30,102.42745795645128,122.67151931707062,88.77693350405985,159.46482066766046,117.63998436652679,148.65932452807576,0.028100494324749915,0.0488259056624645
tvc275,friction,1.0,friction_1,30,0.0,0.0,0.0,0.0,0.0,0.0,0.0,0.0
tvc275,friction,1.1,friction_1p1,30,-43.03678634715964,72.29754287641055,-58.55622144869814,65.1200926477722,-51.54110776070281,61.07940244937708,-0.02619759077989566,0.02794327984383459
tvc275,friction,1.3,friction_1p3,30,141.09834038078827,208.31351327217544,128.02230621290582,237.79603587446923,139.71806370364948,225.7092261812811,0.04154660113266708,0.08191367694406333
tvc275,friction,1.5,friction_1p5,30,461.06998028897607,295.42018444327215,474.7850353579015,315.4731190819116,472.9825107707054,307.25121647622075,0.1427695328526184,0.09456610989069372
tvc275,friction,1.7,friction_1p7,30,1010.129995582005,407.0143823022358,1002.4632022243328,434.5989820702031,1020.6567656989617,428.5806876297904,0.3220038031274695,0.1207500534852278
tvc275,friction,2.0,friction_2,30,1512.1981906385904,439.1094479624729,1553.223079118284,459.4389427410728,1581.7464014986497,445.48617713230476,0.47729345233915155,0.12262128460536334
tvc275,mass,0.1,mass_0p1,30,3098.1267406736074,285.1495532312617,3191.5489183907143,322.15389776318875,3191.7715044265865,317.0235128191307,0.9852934543727792,0.003906231814990783
tvc275,mass,0.2,mass_0p2,30,2933.6953489555062,282.54139420191774,3115.1014068771115,322.8229819645401,3098.9610719227003,316.09751582151637,0.9294517578765237,0.01632732069677011
tvc275,mass,0.3,mass_0p3,30,2468.0967323994582,273.4286459319162,2688.7120912073465,342.80197329683045,2693.1963048311104,313.7452715146378,0.7852156981151835,0.040511758737537144
tvc275,mass,0.4,mass_0p4,30,1845.7596202440034,278.4824725797809,2083.053369501443,383.91038217638715,2025.1532149524257,353.2786845683905,0.5793728011073132,0.06108159339622401
tvc275,mass,0.5,mass_0p5,30,1139.6795197464862,273.129347304801,1202.403565620647,376.06025845205465,1171.5045965154704,340.3759819790698,0.3487263468545946,0.07861881930188719
tvc275,mass,0.6,mass_0p6,30,610.7744042120365,205.5992467618317,464.9701542342803,238.706988007003,537.6172612586427,233.2523298559608,0.17844292748572052,0.06412995508795687
tvc275,mass,0.7,mass_0p7,30,263.8318866014695,199.77757994157136,99.7989691586737,228.75824627075923,164.90876488507774,219.11351084104558,0.0375162672238387,0.09783008349695634
tvc275,mass,0.8,mass_0p8,30,41.22603410120337,166.81424735713335,-33.98712091536939,198.2169246263297,-21.179000622391435,183.80288139072778,-0.033133519039668324,0.09574963151464293
tvc275,mass,0.9,mass_0p9,30,-8.889100362847895,120.98337304960953,-22.227957555037055,171.3698942092913,-41.785832021496695,141.08882645445928,-0.01968777682380341,0.05215809172267261
tvc275,mass,1.0,mass_1,30,0.0,0.0,0.0,0.0,0.0,0.0,0.0,0.0
tvc275,mass,1.1,mass_1p1,30,237.5117813733188,146.69181242122656,159.63324294729867,177.0616617393802,184.54598640625505,162.4604061212957,0.09131600958575467,0.055942812811365664
tvc275,mass,1.3,mass_1p3,30,1634.4750514682005,391.60435548137775,1670.0055743251262,446.7268435656953,1689.732384189962,426.4306738079766,0.5203460872202537,0.1050114098875916
tvc275,mass,1.5,mass_1p5,30,2398.569925023171,344.0019593322218,2442.037226991828,402.65976060171755,2473.40329441108,378.1753724404646,0.7513658438573054,0.07171835794373276
tvc275,mass,1.7,mass_1p7,30,2733.964153079336,292.0537260766163,2833.7778114978987,328.8640247907395,2831.3486932647984,323.64540865255134,0.8554984533687908,0.03599423656110589
tvc275,mass,2.0,mass_2,30,2828.1667396425387,292.183557021902,2914.655727206134,329.93837124075975,2913.485677288357,324.6470513779437,0.8861110443165984,0.031072670498961178
tvc300,actuator_gain,0.0,actuator_gain_0,30,3467.71683246679,126.79781744153908,3639.017373904998,125.67897487748125,3602.1466201428107,128.60396594938388,0.973402276725743,0.0010335717101781273
tvc300,actuator_gain,0.1,actuator_gain_0p1,30,3512.733771420836,143.52812865807502,3680.2129466982756,140.17742835935738,3645.0653183304453,143.97453681712057,0.9849771411310927,0.009408694325466663
tvc300,actuator_gain,0.2,actuator_gain_0p2,30,3469.920481384538,143.99232565194617,3638.9467035742277,143.133311824081,3603.278910021404,145.51329696206295,0.9730280757388444,0.012822122346278544
tvc300,actuator_gain,0.3,actuator_gain_0p3,30,3416.4854158775665,138.88139055158777,3590.2723010599593,136.33045963867318,3554.2173894236594,141.57936885701895,0.9584727996197315,0.014183474318394144
tvc300,actuator_gain,0.4,actuator_gain_0p4,30,3315.8654683454993,132.99486326196327,3483.8364141260804,137.5447074153333,3447.7926158303276,141.10952773913957,0.9303439191335988,0.013491722661064808
tvc300,actuator_gain,0.5,actuator_gain_0p5,30,3196.203744326856,136.3653199747122,3373.850639452707,135.18796513131875,3334.638262696147,139.01256286235184,0.8982412110159281,0.023646444798398208
tvc300,actuator_gain,0.6,actuator_gain_0p6,30,2971.1228478896305,210.49768671015562,3177.02689206985,218.24387283114552,3136.9295908503414,218.61910592359325,0.8370705936925338,0.05084960163707686
tvc300,actuator_gain,0.7,actuator_gain_0p7,30,2229.490226675438,361.8685419323842,2381.475113094321,419.4398589423643,2356.425982839714,402.5272044477257,0.6333217084694879,0.0995139691803712
tvc300,actuator_gain,0.8,actuator_gain_0p8,30,1046.747584873952,370.90717797813585,1124.0842320861343,424.15131960353716,1106.7097642718024,410.2921144704451,0.3021287439425891,0.10734883677305082
tvc300,actuator_gain,0.9,actuator_gain_0p9,30,297.1893772670641,193.12994671183344,359.9338615141517,252.21279050452873,358.17718248689977,230.87275413767077,0.08754841778644377,0.05825438741289681
tvc300,actuator_gain,1.0,actuator_gain_1,30,0.0,0.0,0.0,0.0,0.0,0.0,0.0,0.0
tvc300,actuator_gain,1.1,actuator_gain_1p1,30,34.92612133725861,94.48701090844294,37.641278672265905,57.16660703721313,34.6010991840518,82.44906205305266,0.005785698726519006,0.027294601116284088
tvc300,actuator_gain,1.3,actuator_gain_1p3,30,270.71264201882656,159.0688538367238,225.43278615184533,135.95575600823767,250.4015456336803,143.18949401429768,0.07424316146588274,0.0454123279403117
tvc300,actuator_gain,1.5,actuator_gain_1p5,30,678.1552910367795,243.53947665771386,653.5415863881069,326.7276399873316,645.7205695471347,315.1751317678826,0.1884574677130522,0.06720543627794451
tvc300,actuator_gain,1.7,actuator_gain_1p7,30,1023.4433105834472,287.3039117058035,935.266657207619,352.19653855215176,966.3311868699805,334.3291174748826,0.2806986409235538,0.07637173569585845
tvc300,actuator_gain,2.0,actuator_gain_2,30,1641.111055119375,286.7207457848781,1808.575403569766,393.11554698785096,1722.8857415629925,352.18882168933186,0.4529271457068276,0.07133508460298145
tvc300,damping,0.0,damping_0,30,29.977483018634622,64.80194698102575,35.459993806114774,72.3764035520579,5.337017797901414,71.00684687040076,0.005773236227770569,0.01781848060829979
tvc300,damping,0.1,damping_0p1,30,21.63750979956432,58.74245968496392,13.395462483344408,26.397943942040285,2.342529754410013,29.953996560598153,0.005505402030726821,0.016008808213600834
tvc300,damping,0.2,damping_0p2,30,10.790704455247745,63.737947596322925,3.7114189316720814,25.568070755665318,-24.542912101962095,43.237518896139875,0.0011567182695456342,0.018403111812623565
tvc300,damping,0.3,damping_0p3,30,-6.094147570178378,61.60440815602326,5.091800577844606,34.47177868660302,-17.19021341278,53.49139881244457,-0.0026740138467962722,0.017791899146674322
tvc300,damping,0.4,damping_0p4,30,-5.635008941807685,56.16907413846254,-6.649199688594626,19.12218777591338,-20.536783677803108,29.637040312822762,-0.002912954965525089,0.01599698670142011
tvc300,damping,0.5,damping_0p5,30,14.14584004828789,63.559510816523364,36.65937576965516,82.70007464259548,5.90256283663069,70.91907303594033,0.002521536917837408,0.01690099267693119
tvc300,damping,0.6,damping_0p6,30,-35.1698841372195,63.50693865739348,-4.334708268576545,21.996737260577277,-29.13817014426142,39.084156772860844,-0.012218817343864225,0.01904024092524808
tvc300,damping,0.7,damping_0p7,30,19.34988597557008,46.65915705491122,13.038420326852398,21.342129570925668,4.607691025476242,41.021433855700494,0.004754169240725259,0.01376163515439279
tvc300,damping,0.8,damping_0p8,30,7.636993851512595,49.71567522214124,0.7781377238066095,16.783337775349803,-23.46080126676561,42.77757639878723,0.00031091268457408307,0.014854255322999723
tvc300,damping,0.9,damping_0p9,30,0.43997560349782056,43.615052221740434,0.6774283358214083,24.03657158696575,-9.874784610585888,34.88750023551309,-0.000342893099460273,0.013016314570098008
tvc300,damping,1.0,damping_1,30,0.0,0.0,0.0,0.0,0.0,0.0,0.0,0.0
tvc300,damping,1.1,damping_1p1,30,43.07132399121588,82.06182196391106,50.00403239473708,116.09618504032555,34.499010074244204,107.34567724814356,0.01080470037573806,0.021564727611581014
tvc300,damping,1.3,damping_1p3,30,-7.958559678178487,50.409242763587265,5.433367975944353,12.737944938846356,-18.579482950781433,38.31293134825416,-0.003951323897195872,0.015112219217025526
tvc300,damping,1.5,damping_1p5,30,-19.856543118864785,55.96902821417822,-5.036403671055374,18.195395336222752,-17.88604292837443,40.66756311911857,-0.006769416178589264,0.016472859221120333
tvc300,damping,1.7,damping_1p7,30,65.22503199580225,81.38459849967013,16.18917508299052,16.662746636188928,28.138038228290302,60.805605842367264,0.01654094727803025,0.02210337515235563
tvc300,damping,2.0,damping_2,30,-31.676982381912907,61.24904512024389,-5.173103537304572,16.628866675663282,-24.02439168998993,44.4898554332843,-0.01019851771545864,0.017478975430881193
tvc300,friction,0.0,friction_0,30,3395.735832409409,134.73271904925463,3543.4354038109295,133.3706728780584,3512.8349324841643,139.25430776846582,0.9518807707047424,0.0034372459592347526
tvc300,friction,0.1,friction_0p1,30,3344.0816692754775,135.80177414959203,3498.674626454196,135.17486425787615,3463.224417995862,140.24252223117267,0.9371914641781645,0.005184760310478818
tvc300,friction,0.2,friction_0p2,30,2714.0297833237996,308.8551895699089,3009.0040901970806,330.2701437361281,2940.158513969453,327.8207510681872,0.7606388320182998,0.08097894065113767
tvc300,friction,0.3,friction_0p3,30,1570.6554213649235,380.2250610646647,1743.9780925751177,493.8606085347773,1695.7918081817227,454.19813610570674,0.4424126814711164,0.11092005683511783
tvc300,friction,0.4,friction_0p4,30,776.8628881071289,280.14933293395325,819.3236515304471,380.7587084507778,788.1896934659369,346.7650332412175,0.21743200624113185,0.0801419784835924
tvc300,friction,0.5,friction_0p5,30,313.6352685705234,160.80838892183542,322.044920529195,206.8912472835364,299.7281965131322,188.54043555873696,0.08685641359130838,0.04649798960368323
tvc300,friction,0.6,friction_0p6,30,243.00240422507497,156.8172312228522,273.6032875773947,208.65498135739625,253.93074262034992,194.97462927655206,0.0662797001622607,0.046892624115519005
tvc300,friction,0.7,friction_0p7,30,137.61949789998192,87.13135358983344,146.32318131756423,121.4118968180485,137.62708664078116,104.04683633735486,0.03718404011958623,0.025455878095913965
tvc300,friction,0.8,friction_0p8,30,94.51072511024739,106.60991809851564,93.70925324696024,123.74612989989743,83.2954974236361,126.35938257507806,0.02354632758848368,0.032795108529589674
tvc300,friction,0.9,friction_0p9,30,85.36728142268589,75.20688678736421,71.78497573561646,79.2926673503344,57.01413800597156,94.21442869044603,0.02136590624586558,0.023439462819705822
tvc300,friction,1.0,friction_1,30,0.0,0.0,0.0,0.0,0.0,0.0,0.0,0.0
tvc300,friction,1.1,friction_1p1,30,-52.80871177370491,71.6565499323101,-25.447351581964465,37.117389119047175,-52.45199297834703,57.09911869033264,-0.018475219650959985,0.023313830282692884
tvc300,friction,1.3,friction_1p3,30,264.0747444654701,228.36152410029092,269.7912313018748,280.25310825038173,252.98202919272632,275.7712341160496,0.07299937154673897,0.06099559447449459
tvc300,friction,1.5,friction_1p5,30,707.3130731704238,364.1800131649951,753.8780417765454,388.05660439783856,728.2380738770938,384.9752312698917,0.20220400451465886,0.1021215646426901
tvc300,friction,1.7,friction_1p7,30,1095.719614475557,435.3493692307092,1202.2945820959847,458.1482313593479,1160.0314584415262,455.1549216367641,0.3188628350540729,0.1261972687257001
tvc300,friction,2.0,friction_2,30,1403.2073506850397,476.4986630153134,1476.9387657037976,504.9439484484036,1497.9418644295854,499.12196893641396,0.4014662402414794,0.13781008400149952
tvc300,mass,0.1,mass_0p1,30,3508.184534709499,129.09059215430452,3693.4733788878784,126.26699829213214,3655.1574858123513,129.43199766913378,0.9847650856373701,0.004393768929716527
tvc300,mass,0.2,mass_0p2,30,3321.814773163749,140.59848754167325,3598.5206334699133,120.78650006026655,3549.8344526269816,127.08067287271213,0.9316769507601201,0.014223404620839672
tvc300,mass,0.3,mass_0p3,30,2792.1984943119433,194.35834583626703,3148.195171672717,238.78388415195644,3113.8808196272416,202.3204782163746,0.7826333424565165,0.04288874895165099
tvc300,mass,0.4,mass_0p4,30,1998.654517122475,280.49727061629767,2226.8399858319303,372.93979311334414,2182.6593780743083,345.3190897026834,0.5554855333771833,0.06785539226194098
tvc300,mass,0.5,mass_0p5,30,1318.7774355592867,305.23356675128076,1415.82723282098,400.3773356681667,1378.653809952623,373.7139278375035,0.3592591036600812,0.07740245140270068
tvc300,mass,0.6,mass_0p6,30,788.0628102305951,276.2588029978302,637.7739847187389,338.3876708859651,662.7163550852036,325.7455231446517,0.21413941647155726,0.07291825413980257
tvc300,mass,0.7,mass_0p7,30,372.8838892841529,200.19644734455454,385.98455111660314,225.79352253918137,384.4147681485901,211.99826584227742,0.10203258512798864,0.05537364940402434
tvc300,mass,0.8,mass_0p8,30,210.3996336834813,139.82551417223718,203.40626304360194,158.25238412159774,185.81755664969538,135.99128710504996,0.05723601443392809,0.038987184303622975
tvc300,mass,0.9,mass_0p9,30,62.73106615906283,103.07468739536228,33.97169066241677,38.10296713647903,27.79769432815071,70.60145671354901,0.013846943838359797,0.03032402857244266
tvc300,mass,1.0,mass_1,30,0.0,0.0,0.0,0.0,0.0,0.0,0.0,0.0
tvc300,mass,1.1,mass_1p1,30,216.12289791782058,162.78167598533824,316.18901340536706,252.53342019658749,282.77276114041223,223.9208674846665,0.06446189022872979,0.04925639115395088
tvc300,mass,1.3,mass_1p3,30,1431.8598724925562,392.6301559696834,1491.611521377554,466.1175658939716,1466.6981485129115,447.4090013197914,0.4048205659286945,0.10866159829732097
tvc300,mass,1.5,mass_1p5,30,2518.900747575898,275.46913892671836,2754.8019182722574,298.3471058976799,2710.768146795487,284.7210834053716,0.7133612851992391,0.07493561566867178
tvc300,mass,1.7,mass_1p7,30,2984.2255245271153,215.26242836579095,3156.5094377281794,226.2420850941241,3118.978134514132,226.0808084583487,0.8400727822298779,0.05220012364051675
tvc300,mass,2.0,mass_2,30,3200.4102447916766,131.89385066959883,3377.537545603311,129.79609323968742,3339.494695114669,134.0609937754566,0.8992003789122222,0.02110518196887547
tvc400,actuator_gain,0.0,actuator_gain_0,30,3914.202102431463,258.91513238099867,3962.5094008671426,254.35439040951016,3952.8781850157507,255.9771173069631,0.9738973164411616,0.006176298907740587
tvc400,actuator_gain,0.1,actuator_gain_0p1,30,3986.9078211964047,260.3787899778352,4035.073870481791,256.1753001949153,4025.612510284093,257.83210356322144,0.9943567246304978,0.004946487907407564
tvc400,actuator_gain,0.2,actuator_gain_0p2,30,3976.0457556282568,260.65840727981157,4023.253611370415,256.13903602478155,4013.8696763295634,257.69645334787054,0.9918526817534903,0.0071114250025203895
tvc400,actuator_gain,0.3,actuator_gain_0p3,30,3899.598192244741,256.10600340308974,3950.9985736192584,252.71611855167106,3938.107243435234,254.74164548616008,0.9735118047577811,0.010417265599210345
tvc400,actuator_gain,0.4,actuator_gain_0p4,30,3741.4840928203416,274.0795254685895,3797.682077290658,271.49922469465986,3782.6707628732956,272.3139568183163,0.9207786052649941,0.03060632083038333
tvc400,actuator_gain,0.5,actuator_gain_0p5,30,3659.3812338693356,276.0301503425147,3724.0901725900144,273.4172122093966,3700.511411968088,273.96242438823475,0.8984813804156434,0.03252007305328554
tvc400,actuator_gain,0.6,actuator_gain_0p6,30,3235.582244408102,304.70468221475136,3356.544354775981,294.3035033632951,3316.9740606042583,305.7347805290693,0.7984618315940365,0.06354926175777811
tvc400,actuator_gain,0.7,actuator_gain_0p7,30,2282.777061673277,438.6319082499193,2385.4122187974103,466.65667441542405,2338.716001972113,462.2584759003071,0.5692333386905032,0.10536492204459569
tvc400,actuator_gain,0.8,actuator_gain_0p8,30,1061.990071108573,383.4035467990156,969.1203161451757,419.9709818918551,1015.4650298673794,413.8508162591879,0.26646292428147517,0.09718969609144198
tvc400,actuator_gain,0.9,actuator_gain_0p9,30,-4.502864114791021,70.15232415300406,-1.9454053605134844,33.443631862866255,-11.522642939568254,38.370363781424345,-0.0045047206235659725,0.021188933402193286
tvc400,actuator_gain,1.0,actuator_gain_1,30,0.0,0.0,0.0,0.0,0.0,0.0,0.0,0.0
tvc400,actuator_gain,1.1,actuator_gain_1p1,30,114.07715494999702,69.77984816617594,71.49174848049628,66.86583780512049,84.84696169063702,63.94734207050663,0.032708974646353556,0.018452864209306755
tvc400,actuator_gain,1.3,actuator_gain_1p3,30,357.08886244066247,134.27993099933818,259.7579624043905,150.113148664072,281.0419165710986,149.08169807485237,0.09887244087246062,0.03699371642982136
tvc400,actuator_gain,1.5,actuator_gain_1p5,30,729.7777729050408,183.4251468671674,537.6326070359542,201.90871148942773,579.9650108465738,191.64368738424128,0.1868542986399166,0.048109449022617747
tvc400,actuator_gain,1.7,actuator_gain_1p7,30,1296.984421202634,309.9908733563579,1150.055287658146,409.51253826971487,1167.7478177046698,381.65111018951376,0.3310761801709025,0.0787888017288664
tvc400,actuator_gain,2.0,actuator_gain_2,30,2036.6065434953066,333.31433113332594,1889.5683545268828,442.3266176250706,1974.331833132366,410.1516018333192,0.5213839103927114,0.08446022666284726
tvc400,damping,0.0,damping_0,30,21.543746212652078,30.515418573756595,26.238746331593486,23.241338482231846,24.243024202645802,26.462478968682717,0.005700591780127895,0.00842334450769013
tvc400,damping,0.1,damping_0p1,30,24.319181504243247,16.404807834316124,16.46745150337614,9.753191142085194,16.496352741249563,10.584263065738194,0.007286056141882509,0.005217970888092872
tvc400,damping,0.2,damping_0p2,30,11.722620948499275,22.815426374769256,16.893325165522135,12.391145903015785,14.92773441426727,9.013377200033114,0.0038230867106792982,0.007040114384149444
tvc400,damping,0.3,damping_0p3,30,18.07461765792159,22.28773862502993,15.223107320205015,13.69524055879165,12.327419235207648,10.043521145745276,0.005916639881692534,0.006491210714845636
tvc400,damping,0.4,damping_0p4,30,8.510403726639545,31.671915190546205,11.799973350624885,8.952719181769883,10.934330286275648,11.233895258204711,0.002583883520961008,0.007783494290868595
tvc400,damping,0.5,damping_0p5,30,14.630341331881251,25.825044702256825,7.217174507490855,6.415432309275949,9.790644172008978,6.549602790209871,0.0029948424593141316,0.006828628396941862
tvc400,damping,0.6,damping_0p6,30,3.9860105037606863,20.13142867216632,12.953515759602293,11.634213815755588,15.25038364679669,14.277706226837083,0.001955941402875455,0.00550479995347317
tvc400,damping,0.7,damping_0p7,30,11.393163940195935,32.76888706935583,2.1621657651074693,6.400798669813576,-0.3523430460974206,7.397835056673639,0.0020619442477893715,0.00844597241347231
tvc400,damping,0.8,damping_0p8,30,20.333608122362715,33.995898404068846,18.87508022530992,20.155427383242735,15.097423049618332,18.117873278455903,0.0056752279729525386,0.007979541294896279
tvc400,damping,0.9,damping_0p9,30,15.207333388664003,18.07532411214862,7.084556714804281,7.613147090255142,1.1628366665386427,10.573787459706239,0.0017692430977181686,0.006104643338642111
tvc400,damping,1.0,damping_1,30,0.0,0.0,0.0,0.0,0.0,0.0,0.0,0.0
tvc400,damping,1.1,damping_1p1,30,-14.608853827989673,26.239666656878363,-6.248228549337762,7.985056210553931,-11.828899741521742,12.404876847985282,-0.005756376289267713,0.008795470454099027
tvc400,damping,1.3,damping_1p3,30,-8.455769586666504,25.467803872488304,-1.5922852540988515,6.812416527797742,-7.408636206110445,10.697102230726127,-0.002846704165518282,0.007707981742571067
tvc400,damping,1.5,damping_1p5,30,-19.865583239196347,37.547354098671576,-2.4836417317052604,8.048589489776882,-11.476683247638407,16.148568672260005,-0.00641733135782785,0.011869363032079078
tvc400,damping,1.7,damping_1p7,30,-14.93767250231255,30.86646965696107,-2.897771926719137,5.759269872162784,-10.599289477231101,14.031689227637347,-0.007006950248835029,0.010821375864705317
tvc400,damping,2.0,damping_2,30,-16.864057484014133,39.896100191480485,-3.6421427471845655,10.916116645613176,-11.976501344659312,16.099868429701647,-0.008967980106889362,0.014270643189117733
tvc400,friction,0.0,friction_0,30,3841.874048411438,262.1399185924817,3887.843724267913,257.68258721127455,3878.7629232454665,259.36996279394043,0.9532194008018849,0.01188679305008716
tvc400,friction,0.1,friction_0p1,30,3790.643156807867,261.37527605007256,3848.3035188662802,256.70012482087094,3839.0981672702696,258.8246383676162,0.9387834374151424,0.01637041078554604
tvc400,friction,0.2,friction_0p2,30,3243.0749461946416,340.36473061804253,3316.266441642635,376.7622307105768,3324.529686636521,355.826261772107,0.8069060121888941,0.06752669720337576
tvc400,friction,0.3,friction_0p3,30,2451.0887758678027,475.27475210971994,2529.7698449182926,514.6319874322465,2497.820382815106,511.23793871492074,0.6116628554493942,0.11087486396102841
tvc400,friction,0.4,friction_0p4,30,1499.249652936945,368.15924439634597,1450.2686115922402,481.7257388160943,1462.5672609421138,423.6017532773154,0.37574420748623716,0.08959731912497663
tvc400,friction,0.5,friction_0p5,30,745.4937853676586,303.3440494671026,600.5920610997485,336.40928352855343,665.6362589660524,333.8826853349724,0.18638449482480962,0.07864424262127818
tvc400,friction,0.6,friction_0p6,30,371.739767482242,197.2724003940577,344.6543449916109,265.70605098976205,335.9550775905,254.19541213120013,0.09249615821893872,0.051905177494621695
tvc400,friction,0.7,friction_0p7,30,164.9465966134261,96.42576540964554,82.03637708226826,45.47591343331947,110.13421610730934,68.27772296892766,0.04068949020135695,0.023853842360720138
tvc400,friction,0.8,friction_0p8,30,42.88467958692165,42.95891221386348,27.022861087690554,22.21843719754798,21.680967417768123,27.7223571441616,0.007238972729379572,0.01248592228714512
tvc400,friction,0.9,friction_0p9,30,28.133681243988896,33.75515826708596,15.537699523622226,16.414246825140165,29.63601587395656,39.833380000621396,0.004937136119771183,0.012811301793450105
tvc400,friction,1.0,friction_1,30,0.0,0.0,0.0,0.0,0.0,0.0,0.0,0.0
tvc400,friction,1.1,friction_1p1,30,39.4038657414172,97.27719001918523,49.890780966470494,99.06993231146882,38.76170494118366,99.11030854991152,0.011040650074865072,0.028096259479793967
tvc400,friction,1.3,friction_1p3,30,129.01525218663159,180.18684703572612,166.1478422295142,188.82970133101423,144.2628441582829,173.84475086532237,0.029132968904953805,0.04876453143639474
tvc400,friction,1.5,friction_1p5,30,611.9013963487923,304.36507144839055,590.5988417443555,332.66115521316755,588.7491484159159,326.2097456659344,0.17037997273892427,0.08367937021740054
tvc400,friction,1.7,friction_1p7,30,1040.8155778954824,388.9960354664802,998.8058378598097,425.133790742715,1003.001195664489,418.996969027069,0.2851598488202856,0.10717311111401968
tvc400,friction,2.0,friction_2,30,1573.5107109674316,460.88244240226226,1529.308207684833,505.3059129490983,1554.8044952816567,494.8984546927406,0.41393941630882763,0.12068861315622012
tvc400,mass,0.1,mass_0p1,30,3976.780438050586,254.3676464162845,4036.7625314878883,250.3547552877385,4025.174158899285,251.9816493574295,0.9928240916365062,0.0027581063130278985
tvc400,mass,0.2,mass_0p2,30,3793.6499490965784,245.3996634552958,3940.8962707249602,250.10805086197698,3923.3217979460646,251.32839578847128,0.9461035673439012,0.011539564382351196
tvc400,mass,0.3,mass_0p3,30,3301.901570305528,256.659276311163,3588.0684276717584,269.81136992908705,3530.470895103657,266.20414321176827,0.8261309359162212,0.03935305457789036
tvc400,mass,0.4,mass_0p4,30,2524.826921018713,321.285226986187,2675.1083074262615,405.1516473773693,2623.8168602904548,387.2977210106119,0.6406534913454036,0.07656524617061128
tvc400,mass,0.5,mass_0p5,30,1692.5384126770916,359.2915009954419,1586.3164126633285,455.12294373209505,1597.1354030621123,433.470785775927,0.42942748980294476,0.09021788448023972
tvc400,mass,0.6,mass_0p6,30,1003.1869982094631,281.6035701600315,782.8648410584544,340.36291587374143,850.6543910870425,322.914212273395,0.2541121310512236,0.06891081309266267
tvc400,mass,0.7,mass_0p7,30,553.842751880451,191.5669278961203,407.9284648077233,196.94056087604721,459.78107943295043,198.93421487327973,0.14468828258815603,0.04938596342997375
tvc400,mass,0.8,mass_0p8,30,292.8231335966517,148.0036576392071,285.00596919823727,227.26957022260882,267.5316668052165,188.35558363972123,0.08475674488253092,0.042576308240980174
tvc400,mass,0.9,mass_0p9,30,118.03869898431199,56.79722902202951,65.14867241074131,48.54742845448004,65.36853002682483,42.4880595569044,0.034184639020759126,0.016667252960194022
tvc400,mass,1.0,mass_1,30,0.0,0.0,0.0,0.0,0.0,0.0,0.0,0.0
tvc400,mass,1.1,mass_1p1,30,44.2756769958334,102.09109434515405,-10.565752339923339,27.142929281190504,10.698408952941406,53.24509724505489,0.00809418896416905,0.028229103224791996
tvc400,mass,1.3,mass_1p3,30,1385.3036731171917,409.0493962584649,1322.9825972938704,473.6665451756619,1348.6967137060108,449.37050701624526,0.3457403318845288,0.10216534370940822
tvc400,mass,1.5,mass_1p5,30,2715.152637492801,403.42154750834925,2804.3460778664626,418.96955701176614,2792.9853663159242,421.34782318687434,0.6729882541621738,0.09371796224698734
tvc400,mass,1.7,mass_1p7,30,3316.552057720502,274.0988507302508,3448.7698850387446,258.00351256709473,3418.0516554994856,262.29963170908167,0.8182012127321824,0.05325172997278953
tvc400,mass,2.0,mass_2,30,3667.251991790667,275.05401477272875,3728.4336726147953,273.4279755814533,3713.4216827302803,272.4389295587354,0.9006389589818233,0.031847753955091464
tvc500,actuator_gain,0.0,actuator_gain_0,30,3610.3494498398222,312.22477704832966,3696.376748901546,319.64282727649675,3685.0562570032143,320.35897715598423,0.9704006788479419,0.007349053151846874
tvc500,actuator_gain,0.1,actuator_gain_0p1,30,3659.620858832844,306.9308083137894,3744.1462681134103,315.434204876551,3732.9892258456416,316.13261141491313,0.9884318495220482,0.007870086605320568
tvc500,actuator_gain,0.2,actuator_gain_0p2,30,3645.0500623936846,306.5759681828901,3728.8052985172512,315.4766829463589,3717.7074686110363,316.0738649638889,0.9848442863571306,0.009607138153869774
tvc500,actuator_gain,0.3,actuator_gain_0p3,30,3576.1080605888983,315.67646745354307,3659.253485459669,322.9143318017743,3645.2386630563733,324.0536028470607,0.9588370983102272,0.02364551547785257
tvc500,actuator_gain,0.4,actuator_gain_0p4,30,3463.9560514752357,327.18457475537934,3554.0258344012886,337.06295653126796,3539.257640855414,337.4906756000918,0.9159141897949129,0.036526187828655875
tvc500,actuator_gain,0.5,actuator_gain_0p5,30,3365.2243976758195,326.56062914054417,3443.2061325029836,332.57191920522536,3433.270176840072,334.3746599861533,0.8868255110436463,0.03750818651315436
tvc500,actuator_gain,0.6,actuator_gain_0p6,30,3103.7526232446376,343.6394072111518,3229.456697976268,326.02250587188627,3193.541350473673,335.1359163046312,0.8148096451712212,0.05776972352406681
tvc500,actuator_gain,0.7,actuator_gain_0p7,30,2388.0742199664687,404.34682686450077,2513.302074431109,388.23174772569473,2472.9849223650617,391.3921615596499,0.6328334301522447,0.09385868855522926
tvc500,actuator_gain,0.8,actuator_gain_0p8,30,1269.3178815017316,420.87063296480784,1287.720703510531,459.0178812006253,1298.36034344012,445.4205507225268,0.3307856221324021,0.10689995374315264
tvc500,actuator_gain,0.9,actuator_gain_0p9,30,92.53309730714061,192.64413224117328,148.03599290065688,242.82556515546463,135.02123168494708,237.60815600199675,0.022499845153786356,0.05075121983492509
tvc500,actuator_gain,1.0,actuator_gain_1,30,0.0,0.0,0.0,0.0,0.0,0.0,0.0,0.0
tvc500,actuator_gain,1.1,actuator_gain_1p1,30,128.9208765284072,63.29012664474343,111.76413816875609,62.064554441801384,106.98200534411961,50.29580903242095,0.035511662958901485,0.01897095542801038
tvc500,actuator_gain,1.3,actuator_gain_1p3,30,336.8128986921346,143.34115953967114,295.42730385226605,151.60654624316328,306.4228945762125,141.12916858672148,0.08753094649240535,0.050724564350729695
tvc500,actuator_gain,1.5,actuator_gain_1p5,30,755.8532366131274,222.5421720011338,656.5142846269493,282.140439786406,677.4799523722319,251.28917385401107,0.18996443266334156,0.07515733479272349
tvc500,actuator_gain,1.7,actuator_gain_1p7,30,1222.5947147459074,302.94497447019415,1197.6312084560016,393.63791936372553,1188.822021007373,377.645719939324,0.33125360355047334,0.08150093019168986
tvc500,actuator_gain,2.0,actuator_gain_2,30,1975.0632769006259,337.3791890966348,1967.5727703689777,450.9058135359815,1979.9022620473202,422.3539397194935,0.5493316123205011,0.08558024104516501
tvc500,damping,0.0,damping_0,30,5.720068244137857,51.2389785566427,24.237345663870425,22.74264922676268,27.40081891737735,25.93489620682866,0.002857015777178652,0.012957567111219549
tvc500,damping,0.1,damping_0p1,30,-14.098372607827741,57.145402324364184,18.33591166186547,8.983381971210637,16.94328965342463,16.28659801776033,-0.0027991074098363497,0.014969875903004566
tvc500,damping,0.2,damping_0p2,30,13.334197438648182,58.25425185679977,12.31820875928141,12.45492111272052,13.39931112030113,9.736019626390988,0.0038902643539449116,0.014646084766823752
tvc500,damping,0.3,damping_0p3,30,2.7119023797599993,32.91488182074352,18.32858487279818,13.318038896480346,14.800082482539073,13.189234887701128,0.0015563783880348727,0.008984171349079861
tvc500,damping,0.4,damping_0p4,30,7.585798509578186,29.38565068156657,12.581308344829313,10.674294236276234,11.23934673712689,16.738106164305584,0.0015897982924416585,0.00882476777823336
tvc500,damping,0.5,damping_0p5,30,-1.452612630636088,39.62858896426669,17.42230572633415,40.14208191533233,23.211985897246798,36.90536812316844,-0.0015952812878649754,0.011800052845881856
tvc500,damping,0.6,damping_0p6,30,2.8526828207553803,23.177828075721553,10.502598213120233,7.248058985504641,12.517694605979914,13.405191766667441,0.0011694572866207274,0.006590948292451564
tvc500,damping,0.7,damping_0p7,30,-3.787020266925606,41.56860369534589,6.198609949560652,6.6697219974645945,2.3604228959822082,8.835861474725782,-0.0020271726721147157,0.010487512091856173
tvc500,damping,0.8,damping_0p8,30,4.820892015515119,23.25639844742498,12.378100438997508,20.693082517724868,10.544385220235082,19.692343428396583,0.0015894323431229118,0.00683096150619674
tvc500,damping,0.9,damping_0p9,30,-7.83932506863728,27.7110255369489,1.3944376264127034,6.350449461951566,-7.571264081281284,12.644239333281448,-0.005359155686190607,0.00880725708791208
tvc500,damping,1.0,damping_1,30,0.0,0.0,0.0,0.0,0.0,0.0,0.0,0.0
tvc500,damping,1.1,damping_1p1,30,-11.944798914507745,30.512799552015565,-6.588798948994823,8.177702673187806,-11.073408384414142,14.430395202414957,-0.0061857769393168635,0.009825279915926568
tvc500,damping,1.3,damping_1p3,30,4.444501467015728,47.83545709629295,7.184528625498035,15.391702431252783,-4.195509517098651,20.0337430925865,-0.0009128359672060484,0.013551739189746068
tvc500,damping,1.5,damping_1p5,30,-20.201252241807712,38.37848664243634,-0.9621446801910414,11.363431776425553,0.28793936113435165,22.21989596626101,-0.006382722385700554,0.01215930511357994
tvc500,damping,1.7,damping_1p7,30,0.24592304881692448,61.33229929948687,-0.33473106577332223,16.0925010366434,8.469818076966806,45.23055112630755,-0.004154058075530524,0.016587757869300706
tvc500,damping,2.0,damping_2,30,7.52582163266322,79.24306375954639,-10.951761167424014,12.438766549896991,16.306166690935257,69.69904906120655,-0.003094039003106822,0.021794069815360004
tvc500,friction,0.0,friction_0,30,3483.7419545285748,315.74605279006823,3555.6828090404865,337.64679483353274,3566.9128145263476,329.85745575065124,0.9433141579432571,0.014468485770215478
tvc500,friction,0.1,friction_0p1,30,3441.1373066781143,312.6452534881319,3521.039614692835,334.8302967826434,3531.021012008747,327.14480043151514,0.9299915925443878,0.018823242389243704
tvc500,friction,0.2,friction_0p2,30,3059.303246905308,352.2918372805032,3152.262701272666,396.775024822763,3191.065070985439,361.4461491651159,0.8269707000179984,0.05785169492808481
tvc500,friction,0.3,friction_0p3,30,2307.499638360424,447.9490866927466,2514.2516894204578,493.8616249895381,2481.407739481199,483.742310384401,0.6226767115095665,0.10455581311717517
tvc500,friction,0.4,friction_0p4,30,1343.0921471251006,367.0444372632132,1393.7718062497454,495.9326210367856,1394.8115339079109,449.7297316015572,0.36886430469974696,0.09196802415077661
tvc500,friction,0.5,friction_0p5,30,654.722925664159,298.00116605420567,590.6971228889818,322.31408326558926,653.7610034898648,334.1162660076298,0.17343153451760152,0.07568798813217387
tvc500,friction,0.6,friction_0p6,30,307.09542067037455,195.4871891054584,336.68494309848523,262.85819361561636,341.6520758871888,246.31151494066137,0.07401215142972212,0.05215917343065602
tvc500,friction,0.7,friction_0p7,30,84.83096322615691,104.97848228005512,100.86310464700072,149.95352021717883,108.99867368309471,113.89236266592894,0.023178211589534776,0.029663583400867104
tvc500,friction,0.8,friction_0p8,30,-27.222619786141436,70.13901186771713,-37.4158921489457,98.47647939855727,-5.338805505055526,46.26245904424253,-0.011932699125213404,0.02039398623168525
tvc500,friction,0.9,friction_0p9,30,-47.3714500881392,91.88495111068983,-49.42255028363173,107.82883323278547,-24.45420241597064,86.17239479066383,-0.018547632855578863,0.03175323704772065
tvc500,friction,1.0,friction_1,30,0.0,0.0,0.0,0.0,0.0,0.0,0.0,0.0
tvc500,friction,1.1,friction_1p1,30,7.290643801409813,104.69947373565152,-2.4110771795603343,145.40262064437482,16.40906227088855,114.92008611965157,0.0016886762594261549,0.03156320668194245
tvc500,friction,1.3,friction_1p3,30,186.10128104260244,180.64429698081054,179.49682128701855,168.9298969436219,198.73072760775327,172.12665210758405,0.04604428382261459,0.04906603471635323
tvc500,friction,1.5,friction_1p5,30,758.36910463288,369.7136594759565,768.6821880370229,397.8452238814795,785.55056535638,383.4624913179702,0.21188567521763563,0.10092328616437227
tvc500,friction,1.7,friction_1p7,30,1100.1791326968994,439.08287009402056,1060.2251951480632,471.1038224000143,1108.2394943175145,453.3639859682051,0.3130338018890268,0.12032021690494815
tvc500,friction,2.0,friction_2,30,1714.0159254949015,501.67624241934794,1696.1246369002688,531.8268724178573,1738.0573383234027,516.3937368703585,0.4660557716689438,0.12968616065439315
tvc500,mass,0.1,mass_0p1,30,3666.8142039135446,310.8267835670938,3763.8415118332055,319.6869063878692,3751.4733448450047,320.3229089161833,0.9887294970597025,0.005670762303858693
tvc500,mass,0.2,mass_0p2,30,3516.7953864899628,302.12326739725745,3687.0039895823274,318.77500011029093,3668.830561939437,318.1527603128576,0.9461361878770426,0.015381347272169794
tvc500,mass,0.3,mass_0p3,30,3009.42160009247,296.2938487195165,3303.5473230521575,365.6894875948393,3247.670794130582,332.0250320385388,0.8145367654854535,0.04654464377181721
tvc500,mass,0.4,mass_0p4,30,2308.474266476064,349.1917418247361,2402.7553872795734,459.50816814551365,2381.4192292661132,431.5483339695908,0.6368757735571573,0.0837906689528011
tvc500,mass,0.5,mass_0p5,30,1570.3466397957002,369.4999037517516,1654.126488886353,465.1539262198773,1638.1292209999622,441.78653598413644,0.43989004419472705,0.09572590816776552
tvc500,mass,0.6,mass_0p6,30,934.3225863470519,287.1157175456546,818.2184399888862,346.4691355551493,849.7691263978837,334.2276795008479,0.23975841995540206,0.08271460328659225
tvc500,mass,0.7,mass_0p7,30,549.1119646947718,239.26882497937174,447.91069734449326,269.5492966340333,475.4800569265296,273.8115211105992,0.12857087723406183,0.09574698266962234
tvc500,mass,0.8,mass_0p8,30,308.76029348748017,132.18704096581865,310.2073449151269,191.16321166759582,303.7186779576792,160.16472710790677,0.0889637844931854,0.042934832623569695
tvc500,mass,0.9,mass_0p9,30,121.13097326678768,49.995486148918005,114.08022656703335,46.693772729655315,121.26078543268927,52.529425600369876,0.0371346993440591,0.01676735996798145
tvc500,mass,1.0,mass_1,30,0.0,0.0,0.0,0.0,0.0,0.0,0.0,0.0
tvc500,mass,1.1,mass_1p1,30,117.39430306428658,232.66469175350517,101.98812637925434,233.4275108195089,114.70287050087332,234.02455193368203,0.02674730374163158,0.05983082001205375
tvc500,mass,1.3,mass_1p3,30,1548.5218410955886,448.66546295021965,1658.4157916776903,474.33016746301377,1595.5684036871708,464.76625949148007,0.4083661446685672,0.11258934447939378
tvc500,mass,1.5,mass_1p5,30,2734.8609386499784,370.04943498478457,2867.6420133896195,368.1004305246187,2843.1900454006072,365.0043996354282,0.7205051819772572,0.07789119143553971
tvc500,mass,1.7,mass_1p7,30,3144.0572608334915,329.94980728241063,3253.9760989303472,317.67547600665813,3244.406081076109,317.41291532219816,0.8267965480958679,0.052100531979014715
tvc500,mass,2.0,mass_2,30,3363.977826125101,326.08497800731004,3444.630348145084,331.989294549852,3435.713563608318,333.25724248567883,0.8868568673998504,0.03677260678901447
vanilla,actuator_gain,0.0,actuator_gain_0,30,3854.423913010762,249.63988509152352,3929.2484303573683,246.31417048486324,3920.8422179807026,248.49288108781695,0.9735945668256759,0.006145820278122585
vanilla,actuator_gain,0.1,actuator_gain_0p1,30,3929.1330634085407,251.26594319652807,4002.4198197409755,248.33033024542982,3994.2100130733766,250.52251174686882,0.9947820860303438,0.0049233395102601125
vanilla,actuator_gain,0.2,actuator_gain_0p2,30,3902.4849172458007,249.70297958646017,3978.2811479133434,247.02641337482027,3968.490144148095,249.19602493014676,0.988498638293233,0.00831540150168004
vanilla,actuator_gain,0.3,actuator_gain_0p3,30,3826.1070671664015,247.35369292172518,3894.8259590357547,245.66023326756337,3889.2491019341137,248.21361268419324,0.9696308030927987,0.011908956553985614
vanilla,actuator_gain,0.4,actuator_gain_0p4,30,3692.071198227601,261.10841465964876,3767.0273960573218,259.02084142807524,3759.55656962812,261.6392526011657,0.9230826618314268,0.030913245165264728
vanilla,actuator_gain,0.5,actuator_gain_0p5,30,3600.5824143555433,264.28679111811823,3683.789284591577,257.6791511160971,3668.721431392148,261.27779966331616,0.8981004783936103,0.032995040499772275
vanilla,actuator_gain,0.6,actuator_gain_0p6,30,3138.054432197799,350.77480466009814,3164.4392915584363,360.9027442300072,3177.781965615083,347.6084567699654,0.7871895843231053,0.0780173748719661
vanilla,actuator_gain,0.7,actuator_gain_0p7,30,2405.2921197814035,402.5122256303756,2563.0187072317117,419.6870771169807,2532.8294050611325,411.18121872085356,0.6053367461695578,0.09783932124366822
vanilla,actuator_gain,0.8,actuator_gain_0p8,30,1178.856292340009,433.30927270376606,1141.2137166119649,488.26756098994304,1169.2642576091926,470.6907376981739,0.2988104101437083,0.11037914388371269
vanilla,actuator_gain,0.9,actuator_gain_0p9,30,37.98656675447933,89.86138906524238,-2.9428121813583137,41.6802764226222,-4.240717016477379,46.037279839151616,0.007486873951339938,0.025891821321089626
vanilla,actuator_gain,1.0,actuator_gain_1,30,0.0,0.0,0.0,0.0,0.0,0.0,0.0,0.0
vanilla,actuator_gain,1.1,actuator_gain_1p1,30,148.1321658190399,107.72791840753105,148.97073083534363,156.5630550075402,144.42966899691808,140.06439096668444,0.04016062725600252,0.027490597203925375
vanilla,actuator_gain,1.3,actuator_gain_1p3,30,377.8404064623613,156.5636005719683,303.5681151390935,154.10549761080625,319.2731580617585,152.02527539126933,0.10169315198719044,0.04044608285933288
vanilla,actuator_gain,1.5,actuator_gain_1p5,30,785.7056555703389,293.5435370971948,752.4502049285722,349.027950111607,753.6144627486543,336.54339758719607,0.19888338923051016,0.07156657318962131
vanilla,actuator_gain,1.7,actuator_gain_1p7,30,1283.0869148325378,349.28934665322237,1139.9556349102584,430.2197540378113,1172.5627853324866,408.78548871676344,0.32457836833081016,0.08466205035417008
vanilla,actuator_gain,2.0,actuator_gain_2,30,1947.0895554371498,361.4921923099493,1835.6953757723647,483.2545530444849,1884.7093468024357,445.12314141648045,0.505403451366644,0.09098369437858057
vanilla,damping,0.0,damping_0,30,-4.238353551651551,54.577102254711185,7.889507043600505,28.736819149098828,3.6810368133787885,44.55413180527278,-0.0004949706463482332,0.015080538698430214
vanilla,damping,0.1,damping_0p1,30,-15.925992855269389,45.11592090238351,-0.4461884107718409,14.063754695536776,-9.810034955080633,26.639539218433235,-0.003293377918970614,0.012806668803593815
vanilla,damping,0.2,damping_0p2,30,-12.471956174364356,39.22605961095485,-4.227647649235606,15.969258001820586,-9.32481941132839,22.5196728178749,-0.002587113534302361,0.010555487297268127
vanilla,damping,0.3,damping_0p3,30,-2.8944858634172497,43.183870715146796,-5.8053353411504,20.93910025730727,2.5049621464753007,41.65865457193892,0.0012749884652845651,0.012316159432347186
vanilla,damping,0.4,damping_0p4,30,12.34073186451817,51.75785487119473,-3.5726154347838777,16.85334695870196,-1.324178820305167,36.451250089344484,0.0029336989843774383,0.012986173140198936
vanilla,damping,0.5,damping_0p5,30,30.038246721361475,50.410431535359194,25.49279556087454,39.05831613104758,18.27206473103917,42.121026458424055,0.005113966034662388,0.014093143326030021
vanilla,damping,0.6,damping_0p6,30,-22.747299799305154,48.704958685968194,4.546043450708923,14.55959383268229,-5.230445223968089,26.899635604637144,-0.004738691516434359,0.013434731857556734
vanilla,damping,0.7,damping_0p7,30,-6.624857916270063,50.17005609238865,4.884009846649966,44.52439439436002,-8.207966843621545,42.800889072668355,-0.001293641181953397,0.013481432649765097
vanilla,damping,0.8,damping_0p8,30,-27.220881070604026,40.34939351843785,-5.414181028737493,18.218050199093483,-11.268361055121026,32.28296800699071,-0.006076457935014689,0.011123093420305135
vanilla,damping,0.9,damping_0p9,30,-22.37724488053046,45.442715678737756,-12.032932207801407,14.210057281022522,-22.172623768853043,24.93916448715774,-0.0077532501907118,0.013079583882908431
vanilla,damping,1.0,damping_1,30,0.0,0.0,0.0,0.0,0.0,0.0,0.0,0.0
vanilla,damping,1.1,damping_1p1,30,-4.38642651353393,47.298942514033456,-13.460754447605064,19.78491981592565,-11.990401553574172,31.26487148952679,-0.004771060139151767,0.013393830270363904
vanilla,damping,1.3,damping_1p3,30,4.458860824994156,49.77671314621714,-10.179360833025278,12.405234995912249,-10.753908983273133,18.251334698085564,0.0006494213212751358,0.011992678350677384
vanilla,damping,1.5,damping_1p5,30,-5.930084738310128,51.18694761730589,-14.699761051829432,11.845427615466546,-17.287495116732835,13.562825655016404,-0.002850423093660731,0.015743611793492613
vanilla,damping,1.7,damping_1p7,30,-17.35221613895974,45.08949948891958,-12.663998603457056,7.32527407507332,-9.653125257892032,14.982153122762908,-0.00745564113293171,0.014729274242544175
vanilla,damping,2.0,damping_2,30,-15.48018335684331,44.71003644892106,-12.217110757663136,9.776129465160125,-19.86923760567748,11.200125725765844,-0.01103826621046292,0.01923992893277845
vanilla,friction,0.0,friction_0,30,3773.421168402418,250.83128346380815,3846.148463324053,247.63961440901926,3838.674556784398,249.95798500452102,0.9507091307229596,0.011513207631931735
vanilla,friction,0.1,friction_0p1,30,3729.115353119485,250.62803643487686,3821.069524929833,247.75359104442853,3811.322455556982,250.00003051979033,0.9380022274907274,0.017002886267119776
vanilla,friction,0.2,friction_0p2,30,3325.817689619717,302.4134634243374,3383.8886881646076,368.57967964750276,3420.2937520851337,312.23974681536146,0.8390055126634625,0.05686514533776049
vanilla,friction,0.3,friction_0p3,30,2620.083822129274,412.6851539981011,2648.4492744869553,456.7202164917601,2673.8062110362175,438.37931015491745,0.664291565195286,0.09731987028537961
vanilla,friction,0.4,friction_0p4,30,1699.8590334830067,338.3174360891174,1652.7432272781793,469.6560774774271,1687.011796532987,403.7168117700837,0.4313982153905131,0.08152030731538065
vanilla,friction,0.5,friction_0p5,30,848.0868947704554,284.2090029040054,761.5630307549994,324.9793275817623,778.6303108271986,319.47580628351824,0.21593594653225065,0.07482317792990774
vanilla,friction,0.6,friction_0p6,30,404.7756092736292,198.57183232399967,425.0416233149371,276.89524251126403,404.96504965319735,251.55861569836136,0.10294135396502674,0.05286583911602366
vanilla,friction,0.7,friction_0p7,30,210.99808031293318,96.39654805696536,97.83069836186847,50.25431282423927,116.32438204656773,63.44601466190969,0.0540318322807004,0.024877604973679447
vanilla,friction,0.8,friction_0p8,30,42.94417465724904,61.82612366538722,38.64302267236112,26.815702379439422,45.42677289554138,47.42104321633838,0.008022537921024971,0.017146591943838822
vanilla,friction,0.9,friction_0p9,30,31.66337198378686,57.17505550886556,29.576317428275452,32.32424204458699,50.879161558753594,53.82506136857052,0.006067327082335429,0.017242687656007907
vanilla,friction,1.0,friction_1,30,0.0,0.0,0.0,0.0,0.0,0.0,0.0,0.0
vanilla,friction,1.1,friction_1p1,30,21.749908988947617,101.4941006348586,49.55651176332434,100.80605030915804,38.59462876258543,100.54112597156056,0.006835224823388965,0.02909530624397892
vanilla,friction,1.3,friction_1p3,30,184.32257404431064,185.0235613861149,151.2044453127776,172.3275760670098,158.8984423272744,173.7321761506062,0.041663778163540374,0.04996715644843618
vanilla,friction,1.5,friction_1p5,30,554.5329420897159,338.3873213452342,544.2397750153281,353.07982724268504,547.680399035739,350.00472033615534,0.15298800835276136,0.09029498351740431
vanilla,friction,1.7,friction_1p7,30,1024.1401573143296,390.4942830906079,965.826278298791,422.2900112614444,966.1942271620883,414.5886200947679,0.2788411307560521,0.10575394696238447
vanilla,friction,2.0,friction_2,30,1702.0489450459875,505.02763582863594,1743.015607774868,544.220492790686,1740.7432975070444,532.3300626434873,0.4449391679993334,0.1282257596670623
vanilla,mass,0.1,mass_0p1,30,3909.368923965522,246.36078120758148,3998.522914310231,243.9357944465967,3986.7416838393297,245.7974004043412,0.9906421761244874,0.0033348568007623273
vanilla,mass,0.2,mass_0p2,30,3734.2623652660486,242.96337535252684,3900.501393202781,243.5193697352091,3879.832812191547,245.49394689354727,0.9449880322505795,0.014153722133763768
vanilla,mass,0.3,mass_0p3,30,3214.456501392828,241.2772929479179,3578.9745350605726,277.11961447123736,3535.859039203255,263.2857919059239,0.8169912449228433,0.038165771221592495
vanilla,mass,0.4,mass_0p4,30,2302.161287359552,306.9812135315077,2382.2401126504205,428.67700818559257,2384.33554457906,376.7017174127942,0.5926138613504316,0.07629659206177815
vanilla,mass,0.5,mass_0p5,30,1626.1459316458881,366.9911048488165,1576.4778586514194,467.73932585188464,1566.0325180746645,434.29874869979125,0.41111278437522913,0.09111941065434369
vanilla,mass,0.6,mass_0p6,30,947.014375426147,353.65758385521383,887.062753617559,410.17119001853285,897.1044733210294,386.35501063769334,0.24060177651453024,0.08642545242516583
vanilla,mass,0.7,mass_0p7,30,626.3805764965109,227.93133149859673,534.5814374162378,271.9129462893508,532.0591284867857,246.60089080329487,0.15887020133878604,0.053738184602999964
vanilla,mass,0.8,mass_0p8,30,310.63662894222546,147.50630127142847,273.0611909156304,176.84918938425298,279.9520832456785,158.96492452775277,0.08718654262716058,0.04288888335171033
vanilla,mass,0.9,mass_0p9,30,143.1431233804221,114.74380027592966,120.00583490482408,93.4069577198707,134.30030785205332,99.79417955698294,0.03916708408895826,0.029327506908548462
vanilla,mass,1.0,mass_1,30,0.0,0.0,0.0,0.0,0.0,0.0,0.0,0.0
vanilla,mass,1.1,mass_1p1,30,22.23976251721124,87.4196401304261,-5.122844052772818,36.84122620628217,-5.135080296783928,41.788507000657084,0.0029678101960357983,0.02425159397783355
vanilla,mass,1.3,mass_1p3,30,1557.593899756269,438.40116799094864,1478.9323518231024,497.9563753470719,1546.7963329024258,472.8262656008148,0.391514147977538,0.11071316530646678
vanilla,mass,1.5,mass_1p5,30,2656.6088942508636,421.50967860549275,2694.835192169924,439.71678237692294,2713.1441372080485,425.6677227658489,0.6650242708336627,0.10019249834232895
vanilla,mass,1.7,mass_1p7,30,3247.3122068563416,313.66276105982035,3321.4829889588427,315.88506761778893,3330.8101179229407,301.35757973386376,0.8121054034025298,0.0658144589224877
vanilla,mass,2.0,mass_2,30,3585.5532569772167,268.2224425699517,3684.4497374191897,257.2715026484101,3670.712989668209,259.6407058710269,0.894589579785709,0.03487186310788986
