model_label,axis,factor,scenario_label,n,drop_mean_return_mean,drop_mean_return_ci95,drop_median_return_mean,drop_median_return_ci95,drop_iqm_return_mean,drop_iqm_return_ci95,rel_drop_mean_return_mean,rel_drop_mean_return_ci95
tvc100,friction_damping,0.0,friction_damping_0,30,312.61244498905586,49.51045209737114,309.78363497315405,58.263323285629085,308.95461803006935,55.729856607356005,0.5577825061014927,0.06691393227266672
tvc100,friction_damping,0.1,friction_damping_0p1,30,265.70669835405647,30.217199575749746,267.3435558279352,35.38565595719147,265.65741025804294,33.335414469760835,0.46737503094206573,0.029336428841126732
tvc100,friction_damping,0.2,friction_damping_0p2,30,205.3212323599793,26.83994951405319,204.66860146723585,30.008138441330495,203.88683514319186,29.121995123145194,0.36002443281425506,0.03217200953011276
tvc100,friction_damping,0.3,friction_damping_0p3,30,161.5806438368024,24.86848030061889,160.7399647842977,27.997796354564457,160.0706926776303,26.326414343944286,0.2822474767478423,0.03338570537695504
tvc100,friction_damping,0.4,friction_damping_0p4,30,107.17853823467034,21.708136384479893,112.25482100790079,24.68251342975044,108.6342779792947,23.94157323931897,0.19037098549751905,0.03488687672726562
tvc100,friction_damping,0.5,friction_damping_0p5,30,76.86670795874713,21.683282028722868,86.01539310574374,25.85346034234304,79.95772932917696,25.547841190181273,0.136254386182748,0.03599744417736015
tvc100,friction_damping,0.6,friction_damping_0p6,30,53.71297660642247,19.72529656920276,58.58440936934106,23.961034832955324,57.12743710222885,22.37150825831796,0.0969738580637565,0.03317181875751458
tvc100,friction_damping,0.7,friction_damping_0p7,30,30.426738101261947,22.667025769481214,32.35631299316465,25.326451322908767,31.22207848145949,23.74025331626829,0.05605541081740627,0.03807358123964319
tvc100,friction_damping,0.8,friction_damping_0p8,30,18.407703564808152,14.475453215382108,27.15506563517426,17.06668040449005,22.28096753237243,15.991647390378436,0.03275519267125948,0.024594182635219012
tvc100,friction_damping,0.9,friction_damping_0p9,30,-0.8582637311231736,17.454329769460287,-3.894775109187585,19.39665536184113,-3.1741752704393926,15.584183446745945,6.543396527678112e-05,0.028240085244801982
tvc100,friction_damping,1.0,friction_damping_1,30,0.0,0.0,0.0,0.0,0.0,0.0,0.0,0.0
tvc100,friction_damping,1.1,friction_damping_1p1,30,-5.599307668558615,20.182923747591147,-0.5402949612868951,19.86095237440176,-3.698306450431492,18.745535462763055,-0.012663232370040911,0.03765815998377408
tvc100,friction_damping,1.3,friction_damping_1p3,30,-15.475303568924593,25.812697452898053,-15.265566022246626,26.95566166103972,-18.387570058733157,24.340142595262698,-0.03852540956222835,0.04805832198232895
tvc100,friction_damping,1.5,friction_damping_1p5,30,1.6289750709403885,32.69504796125492,5.992522996993686,33.02167075221757,1.1774464752202296,31.992443678074356,-0.010176886727230145,0.057605650725910264
tvc100,friction_damping,1.7,friction_damping_1p7,30,29.529610344468075,38.378153090077376,24.170094144794565,40.61201751963235,28.70696977126389,37.80729195708676,0.036712040498746816,0.06673734731548078
tvc100,friction_damping,2.0,friction_damping_2,30,57.60443810933627,37.07058656291439,58.61073239668576,39.84302082739584,58.64813578673269,38.18601884523868,0.08596890175011283,0.05987895070216857
tvc100,friction_mass,0.1,friction_mass_0p1,30,503.80071378710414,40.78247855578497,526.9207034444019,43.474703247713805,519.581345004187,42.1958078819345,0.8987662319258646,0.027148583840717194
tvc100,friction_mass,0.2,friction_mass_0p2,30,368.17599216183424,52.87633807775648,378.0752013643381,59.05440665434708,376.6138135984974,55.63915512338785,0.6461681711635625,0.06160035487409085
tvc100,friction_mass,0.3,friction_mass_0p3,30,252.83023344943257,52.17867860252493,268.95923261846923,57.98228381624405,262.9803669517624,55.17392845172549,0.4402485533192364,0.06745733355482714
tvc100,friction_mass,0.4,friction_mass_0p4,30,144.5359087288469,44.45330367158136,170.3039385567836,54.21410069237,165.57106751509184,50.670359581872106,0.24258858158654528,0.06770884395813162
tvc100,friction_mass,0.5,friction_mass_0p5,30,57.449053520619394,47.15366206713699,71.95918347997585,53.4030431874244,71.28277344746371,52.434052756313925,0.08725780194634204,0.07486806756877529
tvc100,friction_mass,0.6,friction_mass_0p6,30,16.93103393362259,42.978582399011415,35.01124079818051,55.23150295927904,28.14129116660483,46.11781403644518,0.014212963974075198,0.07593051714627834
tvc100,friction_mass,0.7,friction_mass_0p7,30,-18.07460467408109,31.323043572353097,-10.080196516680902,39.004682119009686,-12.566760658004243,34.568906562064804,-0.04182810805277872,0.058696257030426136
tvc100,friction_mass,0.8,friction_mass_0p8,30,-43.727276251860864,21.69745234181431,-38.17773728181964,23.646087914604202,-41.58567185673816,20.136051437924586,-0.0827788222078149,0.046079968439833675
tvc100,friction_mass,0.9,friction_mass_0p9,30,-30.14816879632009,18.96373311074915,-19.790373983659627,16.37327677951364,-22.451338081488338,16.85066711336686,-0.055881199101190444,0.03578864661488907
tvc100,friction_mass,1.0,friction_mass_1,30,0.0,0.0,0.0,0.0,0.0,0.0,0.0,0.0
tvc100,friction_mass,1.1,friction_mass_1p1,30,28.43163326811459,18.014071055086173,25.72268241302533,20.75134569868131,28.881735571617135,20.77839309211253,0.044592608645293554,0.02955124887290355
tvc100,friction_mass,1.3,friction_mass_1p3,30,110.33393020922523,24.399655686477793,109.98521099700051,28.394796223281087,108.36891323181543,26.992737789084703,0.19013871043367406,0.03716549650885837
tvc100,friction_mass,1.5,friction_mass_1p5,30,146.90478859652467,28.19611349575163,145.28940496975903,31.864526614849,143.91662445112277,30.212853805554516,0.2505640122871873,0.03656393315770972
tvc100,friction_mass,1.7,friction_mass_1p7,30,169.71491463397348,30.991796989585165,167.70669336317403,34.43204827460508,166.82012968573568,33.05408301657031,0.2905762446757096,0.04028926646770219
tvc100,friction_mass,2.0,friction_mass_2,30,193.9451469032119,29.419603504131015,189.30977419462275,32.20285196374629,188.44297623794634,30.63887564936005,0.33561403622683544,0.03724283311254901
tvc100,friction_mass_damping,0.1,friction_mass_damping_0p1,30,510.2428887556327,40.875796918223024,521.3064296226698,40.57246284977956,515.8351858837573,38.22692576650508,0.919102356260297,0.02072584069496658
tvc100,friction_mass_damping,0.2,friction_mass_damping_0p2,30,379.6959922805215,47.37521596711673,385.7994569484204,47.20694714911094,382.05992626761997,46.350206138209515,0.675880495960431,0.05492185929211967
tvc100,friction_mass_damping,0.3,friction_mass_damping_0p3,30,252.717633290742,48.04177182718191,266.0139508743748,53.35862279628287,261.99035943657066,48.84273783456036,0.4446061115307707,0.06306599633099803
tvc100,friction_mass_damping,0.4,friction_mass_damping_0p4,30,141.05487881337822,45.9927505657208,159.64677462271774,55.50064877474691,151.98400404331613,47.85670243491565,0.23702958984388087,0.0663080624250579
tvc100,friction_mass_damping,0.5,friction_mass_damping_0p5,30,53.005739122674335,36.70096405115614,65.86200663852159,40.57416604916504,63.77937534705367,37.473685452193834,0.08267129443798377,0.06357643605837669
tvc100,friction_mass_damping,0.6,friction_mass_damping_0p6,30,14.708029556444945,38.80455892524746,37.432074090315275,49.98647733623265,27.211678909239915,43.2006313691377,0.013194298997610912,0.06885920535687709
tvc100,friction_mass_damping,0.7,friction_mass_damping_0p7,30,-12.959560558566217,29.73587634818486,-16.288595817482395,35.55384926213184,-17.506085488929028,32.761373711471144,-0.03768181244875514,0.05785836332012063
tvc100,friction_mass_damping,0.8,friction_mass_damping_0p8,30,-49.69483205650143,24.344348876792235,-41.72114321575247,29.013088369457783,-50.90246619882414,25.001780196683125,-0.09658626827318756,0.0482705046108279
tvc100,friction_mass_damping,0.9,friction_mass_damping_0p9,30,-44.04844908933992,22.744815087207005,-43.26640279149061,28.619209977371064,-44.68342475261563,26.999043721591544,-0.0819687897117645,0.03936634838628368
tvc100,friction_mass_damping,1.0,friction_mass_damping_1,30,0.0,0.0,0.0,0.0,0.0,0.0,0.0,0.0
tvc100,friction_mass_damping,1.1,friction_mass_damping_1p1,30,29.17319491985784,15.792244534676696,22.33327935966349,19.340887084301393,21.044781526538827,15.373932694118292,0.04273373417796739,0.029598019875361654
tvc100,friction_mass_damping,1.3,friction_mass_damping_1p3,30,110.25090560888114,25.54383032107915,101.59255070655014,29.997322386197222,100.8832027719126,26.980782787198102,0.18904227857921774,0.04156987381428214
tvc100,friction_mass_damping,1.5,friction_mass_damping_1p5,30,141.67309496128323,30.394932670554404,133.65456245346346,34.834356765387724,132.72140755181718,31.47769148327765,0.2395276158595843,0.04298678102855352
tvc100,friction_mass_damping,1.7,friction_mass_damping_1p7,30,167.1414069913536,31.405316615364335,156.96692395627034,34.37828059630892,158.0257006997145,31.049280434331525,0.2857536823894089,0.04298882414864355
tvc100,friction_mass_damping,2.0,friction_mass_damping_2,30,186.23653778244395,32.70396549449548,176.87927838844067,34.02660208712483,176.51865028780622,32.27457648406233,0.3212992447183783,0.043053766321880856
tvc100,mass_damping,0.1,mass_damping_0p1,30,509.4406293620442,42.95286517092651,516.1541968471371,42.246124059836795,512.5152861385623,39.556164471168785,0.9165583495106928,0.026038487430001166
tvc100,mass_damping,0.2,mass_damping_0p2,30,374.3046779345752,59.76643951844774,384.9868330229325,66.38510655736057,382.83577180573667,61.59059182146222,0.6686119246716685,0.084560640113308
tvc100,mass_damping,0.3,mass_damping_0p3,30,245.9026978830653,67.751338491953,263.2168790748002,69.17525918517693,256.25799005165356,65.3137150157061,0.434872269871657,0.10792383417850418
tvc100,mass_damping,0.4,mass_damping_0p4,30,116.07309681729018,50.36001715764584,140.83224384500826,58.87150048025619,134.00720690514672,55.85786141177468,0.1906904697524956,0.08323103985688775
tvc100,mass_damping,0.5,mass_damping_0p5,30,20.50418383308396,44.38160175761926,43.544759823953676,52.502045999915396,35.10535988936258,44.15086514510034,0.025512241810871798,0.07847440080393038
tvc100,mass_damping,0.6,mass_damping_0p6,30,-46.61593505236377,42.43792732759166,-52.84416638806743,47.28978321946937,-51.37711774383154,44.33793635829868,-0.09243704495334296,0.06896114784415502
tvc100,mass_damping,0.7,mass_damping_0p7,30,-49.534559369248775,40.31488557796051,-48.393056269835746,45.50845288009538,-54.19478990973221,42.1431705984247,-0.10362938704865819,0.06756743620926531
tvc100,mass_damping,0.8,mass_damping_0p8,30,-61.56274659158244,23.987636929400086,-62.928252300123,26.26442698927394,-67.18400788649221,25.3557074223828,-0.11633933993566907,0.042244925958733
tvc100,mass_damping,0.9,mass_damping_0p9,30,-39.40834047011928,21.437726508748213,-42.46942219074864,25.36632963083742,-47.4552948912771,23.946222381957256,-0.07622916499426317,0.0404920895118092
tvc100,mass_damping,1.0,mass_damping_1,30,0.0,0.0,0.0,0.0,0.0,0.0,0.0,0.0
tvc100,mass_damping,1.1,mass_damping_1p1,30,37.474807946569335,17.90542909678672,41.8337872814127,24.741756122327036,37.06133782883016,20.963806534396156,0.0596205684748385,0.03755310062378874
tvc100,mass_damping,1.3,mass_damping_1p3,30,112.40044027212573,26.70349928870597,108.07197399576785,29.170341011688368,105.58678817955648,26.477629787696223,0.1919318632844611,0.04382224069458363
tvc100,mass_damping,1.5,mass_damping_1p5,30,144.5274807266147,27.18714149716576,139.80502498683194,29.9972930976825,137.11996593503696,26.948110258106496,0.25106366074200465,0.04060727646066938
tvc100,mass_damping,1.7,mass_damping_1p7,30,170.39069871277488,30.63282826625698,160.93576528470786,33.05245178617149,161.06518759060046,30.045034988540106,0.29345231686201045,0.04214097694056711
tvc100,mass_damping,2.0,mass_damping_2,30,195.0810368579581,34.02683474987419,187.99094915476238,35.40555453682429,186.79174017627574,32.8364056568389,0.3368378271591688,0.04334314325798327
tvc150,friction_damping,0.0,friction_damping_0,30,582.4122793129668,88.72111560990756,570.401783726148,87.73230762029597,570.4732455063903,83.45453628065337,0.7290090632840903,0.030467181952381107
tvc150,friction_damping,0.1,friction_damping_0p1,30,550.1690363519045,89.83424126011468,542.785106233576,88.65884928412258,540.6857392438337,84.28992876113342,0.6847950197206727,0.03701520963862085
tvc150,friction_damping,0.2,friction_damping_0p2,30,470.0995156076832,86.4917896092006,470.8071634012673,86.27877838134371,468.609915155067,82.35148125757206,0.5773419248154401,0.047348080358365685
tvc150,friction_damping,0.3,friction_damping_0p3,30,395.4299585712087,79.69729950946852,413.0103739453918,86.21342027368856,407.70290297171346,80.54432258114814,0.48175265139521706,0.052669503246962165
tvc150,friction_damping,0.4,friction_damping_0p4,30,328.08754239673897,79.00737681243211,344.7604039846968,88.08651945727821,338.50842733551485,81.87759907032364,0.3898821748611666,0.055589884825041014
tvc150,friction_damping,0.5,friction_damping_0p5,30,218.92208336332018,59.83663487565144,226.88291452117608,67.20610835857529,225.7303222853928,62.093661944293125,0.2657735508673132,0.04811070157957469
tvc150,friction_damping,0.6,friction_damping_0p6,30,155.57684593869035,35.93028855369092,166.44603558052097,51.06701821967997,162.27166844972234,44.82113589449137,0.18986029310238056,0.03052392594506843
tvc150,friction_damping,0.7,friction_damping_0p7,30,91.2289234325472,38.58101458899199,113.89346181442183,48.59567824251075,107.06553263770938,41.428906798247745,0.10740477556590909,0.036103426475280344
tvc150,friction_damping,0.8,friction_damping_0p8,30,78.24106980749316,39.15032925684833,90.8999338901485,49.66474728947041,86.30288097828002,46.09048159779736,0.08985033165793833,0.03850099847240501
tvc150,friction_damping,0.9,friction_damping_0p9,30,31.85809175805139,26.96234249455215,39.326355375734785,28.670739051165757,35.81303372326726,26.69699937932859,0.035644640641729015,0.025726464930402624
tvc150,friction_damping,1.0,friction_damping_1,30,0.0,0.0,0.0,0.0,0.0,0.0,0.0,0.0
tvc150,friction_damping,1.1,friction_damping_1p1,30,-28.532471469087668,29.377343883409875,1.2949309129641884,40.78710292446895,-6.664395667601339,34.36977068873138,-0.041035937981195834,0.03524898869286425
tvc150,friction_damping,1.3,friction_damping_1p3,30,-42.63396831403067,42.99840248042484,-33.41452305032022,48.86301812725166,-36.672389014710156,45.13289994121374,-0.06243436641308887,0.056262988441574895
tvc150,friction_damping,1.5,friction_damping_1p5,30,-50.10795949646766,84.31409389067888,-55.638097629886815,99.31122128195054,-57.234396444951436,100.96241291114725,-0.0483025297013064,0.08523748039786723
tvc150,friction_damping,1.7,friction_damping_1p7,30,19.356221325646835,75.04457012552696,29.068378712116132,95.61665959349612,22.930853970374862,89.17498421900714,0.027563694231467352,0.09403157227097927
tvc150,friction_damping,2.0,friction_damping_2,30,129.6234164131482,71.30518901748289,143.2964686497747,82.14138005621606,139.8317363571356,76.85479529719298,0.14189773418609417,0.0892507471567251
tvc150,friction_mass,0.1,friction_mass_0p1,30,740.4595919629635,82.78638338405487,741.2079035536026,82.84783169924172,739.3434160572639,78.24734627669794,0.9566305437967463,0.017084066260962018
tvc150,friction_mass,0.2,friction_mass_0p2,30,644.6728422227425,84.00067686144546,663.775145333066,87.10537199507253,661.1337690842048,82.33373143044227,0.8254837481770297,0.031968106108911154
tvc150,friction_mass,0.3,friction_mass_0p3,30,443.5084590816316,78.13712070257066,491.94570949120106,76.85196181960225,483.4066478964001,72.99820729925325,0.5587976662905689,0.05862308198843159
tvc150,friction_mass,0.4,friction_mass_0p4,30,225.86748422323,72.34051868204175,297.99970576591755,73.90355849101859,282.47308607847265,69.4376373289307,0.28214906032687714,0.08521045153627654
tvc150,friction_mass,0.5,friction_mass_0p5,30,22.543881206306633,80.24932782138295,86.52084945586192,85.60968181899923,73.83826726860225,78.90714648574597,0.02253363884567453,0.10240692801674377
tvc150,friction_mass,0.6,friction_mass_0p6,30,-91.49740992441615,92.23089202482296,-52.85355567853318,105.53315979236358,-52.04798310481841,97.7474476877787,-0.10822280839202013,0.12361167396199779
tvc150,friction_mass,0.7,friction_mass_0p7,30,-113.30095973855992,79.83089992378225,-56.91622312921454,92.00498443659161,-69.07914377111868,84.4723832313182,-0.1467507393533753,0.1011042231492751
tvc150,friction_mass,0.8,friction_mass_0p8,30,-105.33200298697983,70.36721722841416,-89.0729616048148,81.02377732958705,-89.09870008481201,78.55438084300843,-0.12907427761714807,0.07535370035070178
tvc150,friction_mass,0.9,friction_mass_0p9,30,-105.31088689694816,47.97586617067408,-90.81169940069086,47.31108441369396,-103.02749718819376,48.29026878725112,-0.1285420157842884,0.0522704071242432
tvc150,friction_mass,1.0,friction_mass_1,30,0.0,0.0,0.0,0.0,0.0,0.0,0.0,0.0
tvc150,friction_mass,1.1,friction_mass_1p1,30,112.48402130880376,52.69825112310661,114.55983198437319,63.267688527414485,114.61941422003201,57.63599311465516,0.12468849417549954,0.048148453825177205
tvc150,friction_mass,1.3,friction_mass_1p3,30,318.0748009222913,92.38454627400385,315.3913018079521,95.878916873505,314.7707976425823,90.32229495974106,0.36338010159556094,0.06792548179274707
tvc150,friction_mass,1.5,friction_mass_1p5,30,400.49190072786786,91.02488777470148,396.5165675216469,92.34453625856018,393.611812689687,87.47162837024575,0.4744466664590329,0.060721696317793734
tvc150,friction_mass,1.7,friction_mass_1p7,30,455.7548016165583,96.9038103757641,449.3811616004715,97.80806652108033,446.8571799058539,93.38185854394845,0.5453416672644005,0.06373062306609412
tvc150,friction_mass,2.0,friction_mass_2,30,489.4760379491806,96.3822967877103,480.6028449830454,95.67581863354626,478.9203779789107,91.51596381332918,0.5931096747101515,0.05533234159475846
tvc150,friction_mass_damping,0.1,friction_mass_damping_0p1,30,752.8868412946587,85.85357230177391,748.6338034325905,78.85058037646198,744.886467691447,77.55973150137336,0.9644905248491894,0.01650495701006842
tvc150,friction_mass_damping,0.2,friction_mass_damping_0p2,30,663.8489019227147,84.79774216220649,659.2399620231877,76.60580279912882,661.538515861649,77.14416926252318,0.8446244699691123,0.02632316509381046
tvc150,friction_mass_damping,0.3,friction_mass_damping_0p3,30,474.0073571305326,80.31316978813877,515.503869703695,73.18784433310894,509.1905865541746,71.7690112789275,0.5896234748994876,0.04885642233242342
tvc150,friction_mass_damping,0.4,friction_mass_damping_0p4,30,240.02709911391776,83.21864320443882,280.17889555874615,79.90888301349206,273.69083000561903,76.12993676240971,0.29857697162012237,0.09836777699991456
tvc150,friction_mass_damping,0.5,friction_mass_damping_0p5,30,71.23809749225045,95.61560745754753,134.35237800170964,99.90604698803782,109.2142852104495,91.57943828594352,0.060489948966949786,0.11243103231707696
tvc150,friction_mass_damping,0.6,friction_mass_damping_0p6,30,-73.68376022116533,100.7872055024907,-49.932099877379336,93.3422294181125,-49.881942509454696,94.95537221477299,-0.09201648527551388,0.1317884131010603
tvc150,friction_mass_damping,0.7,friction_mass_damping_0p7,30,-97.08114154004024,90.61008788936418,-67.77223363938441,90.60725065750063,-80.57533553763655,93.87361984486846,-0.12899963848644352,0.11433918666782447
tvc150,friction_mass_damping,0.8,friction_mass_damping_0p8,30,-120.35978723439636,56.87127258411462,-110.19129396585471,55.39629171792081,-112.24221126785761,53.98972698240412,-0.15497061084656932,0.06838955250637926
tvc150,friction_mass_damping,0.9,friction_mass_damping_0p9,30,-68.09034734190558,38.81480585751751,-59.256027052936936,55.3817934041496,-66.82912253974588,45.08363879284609,-0.09044089026345505,0.048450655222743125
tvc150,friction_mass_damping,1.0,friction_mass_damping_1,30,0.0,0.0,0.0,0.0,0.0,0.0,0.0,0.0
tvc150,friction_mass_damping,1.1,friction_mass_damping_1p1,30,132.0392766926383,57.65875089056291,141.48064167646143,55.80660799476898,133.19458707746242,55.60559737592149,0.14909583512672303,0.048379475989992836
tvc150,friction_mass_damping,1.3,friction_mass_damping_1p3,30,320.0616112986369,91.58120311080769,313.81078694184214,86.98389933640622,313.4186001429426,86.5184252879382,0.36552717756360154,0.06539635530619721
tvc150,friction_mass_damping,1.5,friction_mass_damping_1p5,30,409.95854844891403,93.44951484334682,396.5661519886452,85.76689726626243,397.07081884315795,85.37253033541263,0.48232791413556325,0.059463828193391036
tvc150,friction_mass_damping,1.7,friction_mass_damping_1p7,30,461.17249603209456,99.14701435128315,444.83858401031745,90.60400785334686,445.49728515731056,90.51257801380164,0.5473373526566195,0.062330733683874526
tvc150,friction_mass_damping,2.0,friction_mass_damping_2,30,497.48218228317705,100.14399391311518,480.19679816875066,91.53364039720051,479.99215939510685,91.05227003462733,0.5974389806867865,0.054803973272059915
tvc150,mass_damping,0.1,mass_damping_0p1,30,751.9766532038934,85.65537616437693,743.9556096825946,78.15249851479331,743.0227297266198,77.23341249085567,0.9631611248599089,0.013937916147550057
tvc150,mass_damping,0.2,mass_damping_0p2,30,639.2832882836243,86.30706845521892,666.188396940828,78.75709468107459,661.9908462794206,76.98409294687343,0.8117804268154242,0.041513953746118507
tvc150,mass_damping,0.3,mass_damping_0p3,30,431.6782029665831,83.203617086617,491.7864133160485,77.13353306299659,472.85445103774043,77.03239717056464,0.5345501345729748,0.06338205218315383
tvc150,mass_damping,0.4,mass_damping_0p4,30,190.5268405812668,84.52206830552262,231.1234204573294,86.71578001677305,234.19492930887301,80.20725931087408,0.24222164832381765,0.10794663674602423
tvc150,mass_damping,0.5,mass_damping_0p5,30,-23.80397720664702,109.8176921951841,33.58930985355572,108.22857302425642,29.41965636372674,97.98639912941455,-0.05036955397170595,0.13271963120963098
tvc150,mass_damping,0.6,mass_damping_0p6,30,-164.69717945674637,107.69595893866644,-105.36109121299378,116.93392233911922,-113.66738391559177,108.06766507114759,-0.2207773724292695,0.14301311804721312
tvc150,mass_damping,0.7,mass_damping_0p7,30,-199.1071740046458,100.11814523405366,-192.88831217441015,109.64101917370891,-182.58800212462833,104.71511716747673,-0.25827410257085875,0.13455236192648004
tvc150,mass_damping,0.8,mass_damping_0p8,30,-158.4999581194448,56.97680888814158,-166.38215961133164,68.00129833995176,-171.81956451083332,65.341825274996,-0.20776696252770605,0.07882020664958667
tvc150,mass_damping,0.9,mass_damping_0p9,30,-117.61394538588887,32.98743748873153,-113.73401137834028,42.383178807412186,-111.28918284005302,36.50964926281465,-0.15474450869986534,0.043227631794370475
tvc150,mass_damping,1.0,mass_damping_1,30,0.0,0.0,0.0,0.0,0.0,0.0,0.0,0.0
tvc150,mass_damping,1.1,mass_damping_1p1,30,153.35737249386838,56.654538606484806,149.9269608769284,64.07512859687458,149.02987605252528,57.52590965518695,0.17432147145251034,0.04413023706229606
tvc150,mass_damping,1.3,mass_damping_1p3,30,337.4997934665107,91.60462012864512,322.9239251574573,82.19289911041152,322.64964338489614,82.9915719037249,0.39002959386888203,0.06380476518071711
tvc150,mass_damping,1.5,mass_damping_1p5,30,411.0538529509505,95.3377791103331,394.02599638572235,86.18919969864082,396.38342380605,85.91056253619293,0.4852067409334068,0.060868987820997575
tvc150,mass_damping,1.7,mass_damping_1p7,30,457.4242449322507,96.75508778794175,441.0035030345818,88.46402694228479,441.02310652130956,87.92687989218595,0.5465026431824634,0.05876618826225118
tvc150,mass_damping,2.0,mass_damping_2,30,463.607601190306,95.44472532595144,449.6564866053113,87.06462165738402,450.10282270685565,86.64830230192952,0.556620353697852,0.05523687397888366
tvc200,friction_damping,0.0,friction_damping_0,30,1260.83748952028,201.37899705971802,1158.5530115937354,188.08595109710157,1181.931828247707,194.66430488952375,0.8554184332375254,0.025927143411767977
tvc200,friction_damping,0.1,friction_damping_0p1,30,1229.0976085865723,196.14970510785483,1132.7001745797218,186.2000866704008,1155.5828074969806,192.31797422711233,0.8346699132898465,0.023230468361133166
tvc200,friction_damping,0.2,friction_damping_0p2,30,1071.4700395067841,188.16446727954934,1013.7904958744405,190.6080960881355,1031.286361462651,194.3547103297238,0.7225732148976374,0.042421435754506846
tvc200,friction_damping,0.3,friction_damping_0p3,30,823.7580273583525,170.2769082797182,787.2787526991301,185.84801061768476,796.4621592353084,183.3431293725296,0.5576673669416646,0.06889709861959847
tvc200,friction_damping,0.4,friction_damping_0p4,30,586.2553797993829,133.73603639012637,542.303071099759,161.00078448464527,551.1185819612998,149.21028523434092,0.4044139323477807,0.0632984327872805
tvc200,friction_damping,0.5,friction_damping_0p5,30,421.0321374001815,129.49995709407813,371.01562365995494,178.18302852752444,393.8592636467285,161.21321749688903,0.2920862897505999,0.0696557515561464
tvc200,friction_damping,0.6,friction_damping_0p6,30,246.72023972086544,95.84549277643,206.77416066985353,135.68949239367038,223.9185140913002,118.38428956710933,0.18308577442961893,0.06007293195487268
tvc200,friction_damping,0.7,friction_damping_0p7,30,172.05787351590752,96.05630802619702,109.23475968874389,155.97087401640138,134.90446118995902,126.62452192815424,0.13738408365286506,0.05822418915234124
tvc200,friction_damping,0.8,friction_damping_0p8,30,73.51508783681236,82.64736946157315,14.632497194504408,146.28857803148355,41.907232061023805,116.71362944945021,0.06755928797486917,0.04938648311814906
tvc200,friction_damping,0.9,friction_damping_0p9,30,28.18599610840882,74.15002806490612,-21.206061177884763,112.88329975694317,-1.5606103848607935,94.55213090882607,0.030159731854843386,0.042496949956319995
tvc200,friction_damping,1.0,friction_damping_1,30,0.0,0.0,0.0,0.0,0.0,0.0,0.0,0.0
tvc200,friction_damping,1.1,friction_damping_1p1,30,24.314564626664332,94.96611171777292,31.192835561876034,108.70934048023204,24.528187678640954,113.37696359745047,0.0009987315785224293,0.05063725119321683
tvc200,friction_damping,1.3,friction_damping_1p3,30,23.253279969972528,137.94370288640832,-4.988269247214642,158.89606709519632,5.589664383901015,148.84812648401166,-0.008101755158314091,0.07842482045249888
tvc200,friction_damping,1.5,friction_damping_1p5,30,75.50445500162438,170.7787154812786,73.13278612765119,168.68729388318593,76.52780083104957,180.10878823957538,0.02845894967247634,0.09717045717251635
tvc200,friction_damping,1.7,friction_damping_1p7,30,158.73742417726407,221.26451412447122,112.95260808929382,228.12628176301797,123.09512781812437,225.33068702145104,0.08543210421029918,0.13615300110033715
tvc200,friction_damping,2.0,friction_damping_2,30,483.0220531114038,226.16126151811156,412.24831872176384,204.42772263673808,438.12088449383566,230.98267629045822,0.28515544369739426,0.12434120459677123
tvc200,friction_mass,0.1,friction_mass_0p1,30,1369.917955478102,178.238993475525,1270.6048378472217,179.27701276510498,1305.250786538472,175.4584272697758,0.9645714455265051,0.01279760930609885
tvc200,friction_mass,0.2,friction_mass_0p2,30,1263.1706978515026,181.6310627561569,1192.3761578300384,183.88857892901365,1228.1401471765769,180.16685567757557,0.8767144729174201,0.03432633391872108
tvc200,friction_mass,0.3,friction_mass_0p3,30,967.0349377194541,192.06003590479676,959.8163032217834,199.07835321823177,985.6724287164809,190.1266233835149,0.6503944533697011,0.07968821211580134
tvc200,friction_mass,0.4,friction_mass_0p4,30,484.7692500982176,197.80425383793167,526.8289761061981,227.60822190874407,533.808646914699,207.93535759578137,0.28093718355749875,0.1247333574292713
tvc200,friction_mass,0.5,friction_mass_0p5,30,56.31986952842349,179.0311286791253,47.72280419253593,214.0816791610872,57.68485928708322,194.81711619324497,-0.01382921309381349,0.1313803055063091
tvc200,friction_mass,0.6,friction_mass_0p6,30,-318.43685517150914,183.5073418470893,-334.2597581572574,220.55587352494382,-319.9851898308082,209.61593333640795,-0.28116269324675275,0.1483355062002565
tvc200,friction_mass,0.7,friction_mass_0p7,30,-417.5205225427978,167.07067202487846,-498.352362242239,227.7071997660343,-465.81187895013176,203.40385923794798,-0.34564398514106415,0.1316826957160494
tvc200,friction_mass,0.8,friction_mass_0p8,30,-363.56359073778174,142.76821344577246,-407.0751726805337,199.20040643840287,-390.0121850288919,186.19081269211384,-0.29345063060969656,0.10896266251397124
tvc200,friction_mass,0.9,friction_mass_0p9,30,-309.4576514450108,137.79933793757638,-401.571940665627,204.7696740736574,-356.081094936186,179.15716520074614,-0.22202514130137113,0.08761247487668045
tvc200,friction_mass,1.0,friction_mass_1,30,0.0,0.0,0.0,0.0,0.0,0.0,0.0,0.0
tvc200,friction_mass,1.1,friction_mass_1p1,30,272.9584828738318,109.40575711021441,247.6897067852579,108.24682015619155,256.49253186912017,121.9791037544376,0.20050369306240365,0.06075489745499777
tvc200,friction_mass,1.3,friction_mass_1p3,30,719.4631671787017,154.3704684040178,647.3098367643139,141.03009643325254,672.0698296971389,154.4686259707985,0.49504356336122457,0.06305195440181889
tvc200,friction_mass,1.5,friction_mass_1p5,30,1016.7121607109399,183.28584372742063,925.129850123079,187.540065498954,960.21570373639,185.14287115561325,0.6761542823775106,0.05325429362641048
tvc200,friction_mass,1.7,friction_mass_1p7,30,1100.003390339781,188.80938346904549,985.2559561572688,187.7480087082689,1024.8003387139727,185.46377456617327,0.7383792405054722,0.04577284040060617
tvc200,friction_mass,2.0,friction_mass_2,30,1166.9141042153215,187.67137672766543,1063.333586342707,187.7781280222956,1094.653681358802,184.1245606326539,0.7930094353797393,0.0412885140706281
tvc200,friction_mass_damping,0.1,friction_mass_damping_0p1,30,1396.2801382579137,198.17152567998363,1303.6650944726507,183.64667688096387,1326.5164308132187,190.27381696558606,0.9689105559405411,0.012574531777382008
tvc200,friction_mass_damping,0.2,friction_mass_damping_0p2,30,1296.281908533285,199.45909854117667,1235.9521542116454,187.6861392222111,1257.4816674102658,193.7698958463734,0.888895291215663,0.0312095068715151
tvc200,friction_mass_damping,0.3,friction_mass_damping_0p3,30,1018.8359184926416,197.72759635155722,1036.4869808248973,193.28713299605428,1042.6587340830315,196.645194792859,0.672811220855907,0.0697571590575691
tvc200,friction_mass_damping,0.4,friction_mass_damping_0p4,30,491.7594096696043,196.49953138779748,542.8474028104756,214.02581294401037,542.39766832748,210.57054872531722,0.28721377488636596,0.11033894226243882
tvc200,friction_mass_damping,0.5,friction_mass_damping_0p5,30,93.1786645287441,195.374078524868,89.81444965115675,225.12717335352968,88.07888451737216,226.72809188742127,0.0004515827748990874,0.12757478038498168
tvc200,friction_mass_damping,0.6,friction_mass_damping_0p6,30,-188.5581849190258,197.33853425078712,-230.60152353636718,227.29601800883268,-219.2117396842062,218.9662816391712,-0.19637581332441367,0.15128476074749386
tvc200,friction_mass_damping,0.7,friction_mass_damping_0p7,30,-403.9033839731577,144.80220040634296,-459.52657715141993,183.37730849897147,-460.5645343129947,175.62568443582515,-0.33630934608142843,0.11664002122203686
tvc200,friction_mass_damping,0.8,friction_mass_damping_0p8,30,-334.7483696288552,144.55706981239686,-457.0058656817711,218.88710001523913,-387.55936672792035,186.28432119985766,-0.27223458333546274,0.09790838203901153
tvc200,friction_mass_damping,0.9,friction_mass_damping_0p9,30,-279.9142784179221,134.05753989963424,-320.8514762778537,171.36938719080794,-311.9155965046393,154.31013305684363,-0.20694443282796413,0.08935575130417443
tvc200,friction_mass_damping,1.0,friction_mass_damping_1,30,0.0,0.0,0.0,0.0,0.0,0.0,0.0,0.0
tvc200,friction_mass_damping,1.1,friction_mass_damping_1p1,30,346.8480660336541,119.72779335222583,308.43253131894556,145.83871309199387,320.77597958747816,133.32009485718817,0.2284177810453221,0.05774250398170935
tvc200,friction_mass_damping,1.3,friction_mass_damping_1p3,30,748.1348150435429,175.75873550766286,688.2766452595384,195.18112590981605,703.8473895761442,185.5481504042233,0.5002463140287227,0.06655916107709552
tvc200,friction_mass_damping,1.5,friction_mass_damping_1p5,30,1046.1387443453134,205.22632375844861,961.3759066652016,196.26055962902936,984.3525440347414,202.61263775359848,0.6795665270194815,0.05505729855643139
tvc200,friction_mass_damping,1.7,friction_mass_damping_1p7,30,1119.6805110185644,209.4989034177441,1018.6098598816841,195.97239671463302,1042.0471752767796,202.9140836840038,0.7353782427512808,0.04671746105384395
tvc200,friction_mass_damping,2.0,friction_mass_damping_2,30,1178.1769760319817,209.31797650977157,1069.0932044680753,195.73405760375368,1096.4306708531274,202.08094562331252,0.782197877569709,0.04267815642173972
tvc200,mass_damping,0.1,mass_damping_0p1,30,1377.5255634323926,178.3509186803676,1275.7510144114915,178.33328841658974,1311.8982342082722,175.59126039097737,0.9707343077477222,0.012387522518040296
tvc200,mass_damping,0.2,mass_damping_0p2,30,1262.1124971343515,183.67059343137115,1203.752863575188,181.4892203206907,1232.8597609907445,177.64865797953496,0.8741980950445678,0.04086710566854117
tvc200,mass_damping,0.3,mass_damping_0p3,30,929.3059356503605,182.28820219740135,956.2074225181113,195.98955784737797,971.6769847539855,185.55192737736976,0.6224371110530299,0.06979693449892774
tvc200,mass_damping,0.4,mass_damping_0p4,30,386.98940399591186,166.02427288798816,391.20649513501996,203.0051567396083,420.6549172345735,184.83494222839326,0.2255656254775866,0.1070209469985467
tvc200,mass_damping,0.5,mass_damping_0p5,30,8.654720171927485,171.23534118671205,20.809847473263734,217.8857523727283,32.83342373895031,194.11732759977465,-0.038843402027952466,0.12793909549139731
tvc200,mass_damping,0.6,mass_damping_0p6,30,-280.3792492643909,148.36379954994572,-254.90234139582824,180.52225355929548,-278.82657389432023,162.82689577218255,-0.25666913351946535,0.12180620566297082
tvc200,mass_damping,0.7,mass_damping_0p7,30,-421.23374375417734,151.28383746164533,-471.50430068509996,203.02717830342564,-443.556739025939,172.70000850984664,-0.3475538392973471,0.12975951648758036
tvc200,mass_damping,0.8,mass_damping_0p8,30,-538.5329705141426,158.36098314013915,-660.2331333221318,240.92232610289142,-622.9935758030866,206.0259721547163,-0.40978790590621483,0.12163480634890181
tvc200,mass_damping,0.9,mass_damping_0p9,30,-363.4359952991091,142.52437634973194,-452.5412793421792,170.73450268399228,-418.12669121655523,165.29667978002536,-0.2635949656766047,0.09423756159672216
tvc200,mass_damping,1.0,mass_damping_1,30,0.0,0.0,0.0,0.0,0.0,0.0,0.0,0.0
tvc200,mass_damping,1.1,mass_damping_1p1,30,299.43082115576794,111.42226009757786,263.577747911045,103.78216606050371,279.62761146105066,123.494625199885,0.2197698157071827,0.06331204644183915
tvc200,mass_damping,1.3,mass_damping_1p3,30,722.5415394046145,158.61638539502667,637.9756062605387,157.95469639733753,672.6027355280067,162.85317215266298,0.4962814562638586,0.064135098648687
tvc200,mass_damping,1.5,mass_damping_1p5,30,1014.2310016915831,190.92353279416616,913.5029092477196,192.47790975966836,951.9631399682183,190.14527467067487,0.6698920019825743,0.054016499478627154
tvc200,mass_damping,1.7,mass_damping_1p7,30,1069.0740224736153,188.48291964080713,953.1044959380093,188.65465060448187,991.5401281366703,186.02213240936243,0.7145364056567297,0.047589497856691754
tvc200,mass_damping,2.0,mass_damping_2,30,1124.1332911958948,188.06007017772936,1007.2159209962305,186.97092571825277,1045.439756597268,184.44783114418578,0.7577989026743975,0.04687618781468131
tvc225,friction_damping,0.0,friction_damping_0,30,1685.6515222986477,288.81881064322465,1725.2081318906296,353.84008437313605,1703.9580659265712,323.4773880447078,0.8811388282680707,0.01913495269931033
tvc225,friction_damping,0.1,friction_damping_0p1,30,1654.2935309982709,282.9061786375672,1696.1691926549406,347.9805914028121,1673.8672646983694,317.70873904263857,0.8647347883491032,0.01990749227237125
tvc225,friction_damping,0.2,friction_damping_0p2,30,1466.5203497710124,258.74944669631026,1553.0737002143667,332.219018500365,1518.4678639418735,295.0612301832348,0.7662026822773809,0.033317760835126636
tvc225,friction_damping,0.3,friction_damping_0p3,30,1085.029890511469,222.19796387354944,1198.2202093683586,295.2237096734771,1164.4127930540562,260.35951792591493,0.5669068618863549,0.054150389868591775
tvc225,friction_damping,0.4,friction_damping_0p4,30,788.8452418091281,196.405658421732,905.6653608900829,300.8314333707562,869.940535629634,250.43423007013888,0.4084569488432531,0.06291672211707984
tvc225,friction_damping,0.5,friction_damping_0p5,30,568.6855388364204,173.99032413835573,670.0934632687289,247.5135913634645,625.4700699960449,205.15611523547446,0.2881829587205362,0.07036407090309438
tvc225,friction_damping,0.6,friction_damping_0p6,30,397.1689343736916,166.5076256566684,508.7481653767558,278.6453858469665,460.3671704337912,223.71269692970657,0.1874991577708278,0.06788864703655807
tvc225,friction_damping,0.7,friction_damping_0p7,30,302.63501251065446,142.12587290929628,433.8982513789463,238.3581178486739,376.08619255188984,191.60454020863816,0.13013666337128424,0.06570588344353327
tvc225,friction_damping,0.8,friction_damping_0p8,30,123.62624747332399,150.57474389169346,191.13445110983233,222.21425470606695,154.87391726352723,184.46704335766233,0.03920911929301297,0.07395557081851747
tvc225,friction_damping,0.9,friction_damping_0p9,30,-19.159959302603784,134.64410729175074,92.92799514207101,188.81630769275034,28.19333419647865,160.69222146347073,-0.02319504837316717,0.0712467566690965
tvc225,friction_damping,1.0,friction_damping_1,30,0.0,0.0,0.0,0.0,0.0,0.0,0.0,0.0
tvc225,friction_damping,1.1,friction_damping_1p1,30,-74.92227078210303,119.5967494109765,6.58566711418725,152.27318144399595,-27.53807156647444,133.1945303570984,-0.05828020599928333,0.06625506159769637
tvc225,friction_damping,1.3,friction_damping_1p3,30,-54.29061765534392,182.83903206441025,-28.004208453106603,239.65060498910321,-45.79428839222013,209.0714083811402,-0.049224494643046304,0.11514541645910585
tvc225,friction_damping,1.5,friction_damping_1p5,30,65.16647956368237,240.11012763614173,107.8297445712608,312.45576275634687,71.7293356168515,272.7897708629718,0.017508497168871748,0.15810156691968744
tvc225,friction_damping,1.7,friction_damping_1p7,30,261.0440261881714,245.37102114921427,319.0390279070354,314.7746181872412,316.6747287065635,276.6790084608164,0.12530544464894197,0.1389626349505724
tvc225,friction_damping,2.0,friction_damping_2,30,559.1095252984643,257.07309510233375,609.2416046563017,334.0699856799857,588.0435696690073,304.2383701832139,0.28150966553976653,0.13110177865313458
tvc225,friction_mass,0.1,friction_mass_0p1,30,1844.4232430697089,284.21441789327434,1860.4785075468617,327.22560925899734,1871.0607604879076,317.61429649323344,0.9725821769667046,0.009752507824573306
tvc225,friction_mass,0.2,friction_mass_0p2,30,1711.122086104758,290.18441233119256,1755.8031247390197,336.1229378905613,1763.347030521966,325.50168452716616,0.8858692522087036,0.030739427143235624
tvc225,friction_mass,0.3,friction_mass_0p3,30,1404.079660970953,278.5809300554767,1556.014215754149,338.62915228630663,1543.7791685062955,321.13114931070396,0.7096974172849222,0.055494032540817494
tvc225,friction_mass,0.4,friction_mass_0p4,30,844.3710153859241,246.46046348867742,1029.7746993169796,317.1521294267235,993.8734121340525,300.2020893939966,0.4135392947333333,0.09096604268133106
tvc225,friction_mass,0.5,friction_mass_0p5,30,245.70917051512978,222.20917215330573,289.18658459226475,277.291691004773,325.84832105245425,269.4578377109793,0.06111965681646646,0.12094767196375177
tvc225,friction_mass,0.6,friction_mass_0p6,30,-36.44598950472213,228.0330735991643,-50.868245357063074,284.7718608861622,-12.235008586778683,270.813239727631,-0.1038973357406134,0.15549704153380617
tvc225,friction_mass,0.7,friction_mass_0p7,30,-290.87757772135785,202.4809362800756,-288.6214123008357,276.87045749547906,-270.46087498247016,244.21866618273347,-0.2429734659409815,0.13137650757355193
tvc225,friction_mass,0.8,friction_mass_0p8,30,-235.90120900393384,169.4075967010046,-250.4399530725644,239.98588596447985,-206.91573677528098,219.41002062575993,-0.189061932443557,0.10621773120040964
tvc225,friction_mass,0.9,friction_mass_0p9,30,-208.1482167687372,141.52623152863697,-216.64414051683823,185.89236511557456,-210.08968932733987,168.9229540127699,-0.1432479633417011,0.10032218067385137
tvc225,friction_mass,1.0,friction_mass_1,30,0.0,0.0,0.0,0.0,0.0,0.0,0.0,0.0
tvc225,friction_mass,1.1,friction_mass_1p1,30,423.41738624531627,161.48985674711977,439.0679665907955,208.93623450195773,468.46489987767586,203.86826942554723,0.21031270348756007,0.06539989579692924
tvc225,friction_mass,1.3,friction_mass_1p3,30,1010.8505073308456,239.66785248265623,1026.1003120256769,265.96219116229855,1039.6775124844455,263.4652699858962,0.5117875978427588,0.06978662236151546
tvc225,friction_mass,1.5,friction_mass_1p5,30,1386.5588134892591,267.03744589232247,1417.5416966876946,319.94902400970517,1422.371541012191,306.2053799670365,0.6997518893013255,0.04827954101405018
tvc225,friction_mass,1.7,friction_mass_1p7,30,1541.7949244799738,293.163929134649,1541.3779333071204,337.46619653766913,1555.7029427675905,327.9741654655972,0.7774198884220757,0.0422011724908745
tvc225,friction_mass,2.0,friction_mass_2,30,1640.8922685511216,289.13222387815955,1647.928823092556,330.4503380991333,1659.4020679057078,322.445143003925,0.8424490017298841,0.03867248337068682
tvc225,friction_mass_damping,0.1,friction_mass_damping_0p1,30,1838.6147139545485,287.296505147293,1890.7955674104426,350.9611530575025,1867.1131198004528,321.65496037584,0.9797673570718612,0.008167448736231916
tvc225,friction_mass_damping,0.2,friction_mass_damping_0p2,30,1721.0346104533141,292.13488255290724,1794.0833085119666,355.8089426550865,1771.150441062274,326.3645193075772,0.9011579757779441,0.024310037091979347
tvc225,friction_mass_damping,0.3,friction_mass_damping_0p3,30,1397.6682167316433,289.2516167495685,1601.6744072552292,368.72487695254773,1551.7767251062317,329.80193907500893,0.7057092485513518,0.05625005022788678
tvc225,friction_mass_damping,0.4,friction_mass_damping_0p4,30,869.2642725707552,283.47841448647364,1090.242216405693,364.670385761911,1024.0268090582333,327.3914600705825,0.40525976019060295,0.11813890727880504
tvc225,friction_mass_damping,0.5,friction_mass_damping_0p5,30,349.612950298235,263.7730552931841,455.94852047735327,367.641673982227,431.914230329962,311.3040585754129,0.10129714871358556,0.14051485060188815
tvc225,friction_mass_damping,0.6,friction_mass_damping_0p6,30,-37.90513083939491,245.85782799141435,26.712921100463156,351.8112044044831,30.840442823342162,294.9902935014832,-0.11471190792055916,0.14828909714684413
tvc225,friction_mass_damping,0.7,friction_mass_damping_0p7,30,-185.93098835065237,208.23314333987662,-174.76821917604656,282.97499616006417,-163.7383980243525,246.0823333103838,-0.19952487840209,0.13618750270549315
tvc225,friction_mass_damping,0.8,friction_mass_damping_0p8,30,-218.69899729765,180.89092808086764,-181.88249252433425,272.4419043573754,-203.44949548138734,223.59919918445246,-0.18632268282954842,0.11006612623949914
tvc225,friction_mass_damping,0.9,friction_mass_damping_0p9,30,-170.7801589408442,140.23024549347315,-232.57640035808635,192.1176462856203,-191.92194481079133,173.48512260487067,-0.1247886523847765,0.0811860539586771
tvc225,friction_mass_damping,1.0,friction_mass_damping_1,30,0.0,0.0,0.0,0.0,0.0,0.0,0.0,0.0
tvc225,friction_mass_damping,1.1,friction_mass_damping_1p1,30,420.0021476905359,166.2712976858617,513.8910023887992,247.8404852696043,480.88515309711073,211.4305451195671,0.19653372055788493,0.06978654101575288
tvc225,friction_mass_damping,1.3,friction_mass_damping_1p3,30,1043.6703694348764,249.26282528091758,1072.8564847931964,310.133603978392,1065.9433309523558,281.10342767096716,0.5264293928690965,0.06805064952159394
tvc225,friction_mass_damping,1.5,friction_mass_damping_1p5,30,1382.5286148113667,274.012434052731,1446.6832336117561,348.7886021385535,1419.2068941626926,313.48948546123967,0.7001083069821692,0.049621422727336
tvc225,friction_mass_damping,1.7,friction_mass_damping_1p7,30,1527.088058976899,295.78116016721674,1563.3903267869023,360.4810969892674,1542.0239570156887,330.57893753137614,0.7742081976254305,0.0450222342255172
tvc225,friction_mass_damping,2.0,friction_mass_damping_2,30,1615.1691875546576,295.23487317527963,1651.423433929354,358.3189493764594,1631.6297747897613,328.2873709573521,0.8302211350574741,0.0401814710933254
tvc225,mass_damping,0.1,mass_damping_0p1,30,1838.3858901355638,285.76219669812355,1888.5449861195011,352.1203105118634,1866.2842781006643,321.4406371556827,0.980053200190214,0.008060444111297407
tvc225,mass_damping,0.2,mass_damping_0p2,30,1699.6852613146107,295.3874284627464,1803.0845324120648,363.15307714239566,1776.1260599183734,331.34028814072457,0.8861337617953375,0.028027009869873113
tvc225,mass_damping,0.3,mass_damping_0p3,30,1322.1570713432907,295.7064649856367,1500.3376908115656,383.39814792407253,1469.4016638783319,351.39117535582477,0.6499997025873291,0.08538140621828684
tvc225,mass_damping,0.4,mass_damping_0p4,30,723.7304867183879,229.17345481388273,905.3124627938722,316.1959099975268,852.7619496409518,278.1800962580276,0.33719999696327885,0.10028466024911419
tvc225,mass_damping,0.5,mass_damping_0p5,30,308.10422734786675,239.67000739936776,417.3166764310344,348.60995447269045,380.19045226933264,303.0491043672702,0.09200237409041899,0.13043709494577194
tvc225,mass_damping,0.6,mass_damping_0p6,30,-200.50374511079366,264.8956182512517,-167.47651600752133,367.2876561061639,-187.67136232767626,324.5616532217402,-0.24951756640225448,0.18957793190147532
tvc225,mass_damping,0.7,mass_damping_0p7,30,-321.4358576068294,251.5032525243684,-293.98120570012077,367.40934042734244,-309.16670562858803,311.5739551342914,-0.2908565672487855,0.1661202373551192
tvc225,mass_damping,0.8,mass_damping_0p8,30,-326.77202084546263,206.70703732662184,-350.21861695395467,275.63855207970676,-332.9477810017998,240.6232064460026,-0.28190407609147383,0.14851138556230248
tvc225,mass_damping,0.9,mass_damping_0p9,30,-279.477142006382,166.39181618783934,-329.6691269548054,213.44454981934152,-328.82302483332677,202.12937658402032,-0.18155558886307466,0.10563279910915228
tvc225,mass_damping,1.0,mass_damping_1,30,0.0,0.0,0.0,0.0,0.0,0.0,0.0,0.0
tvc225,mass_damping,1.1,mass_damping_1p1,30,421.2116859910589,174.60603632808997,544.9441241534806,247.34410327674516,494.7389384452366,210.58204932959995,0.20175539631196177,0.07020650529285573
tvc225,mass_damping,1.3,mass_damping_1p3,30,1045.9302405167068,255.97593131416863,1074.4213886571881,314.666832596192,1067.5719402519062,280.3879938801466,0.5268724789994815,0.07415765588405936
tvc225,mass_damping,1.5,mass_damping_1p5,30,1370.9276166969637,283.2060122100769,1423.4848816421008,343.6786812596833,1405.394018847911,316.9174549669328,0.6861160471584228,0.05057138736841889
tvc225,mass_damping,1.7,mass_damping_1p7,30,1504.2072294417421,296.84960037595016,1544.5156598484512,361.5067532521283,1521.0450388663319,331.2422516015217,0.7581282149970401,0.04753066759480424
tvc225,mass_damping,2.0,mass_damping_2,30,1592.545512870582,292.7376790300106,1631.2193662847046,355.21684134657465,1610.6795859389044,325.25741226016675,0.8190832112036543,0.04436077040125807
tvc250,friction_damping,0.0,friction_damping_0,30,2628.007397091796,294.204733464061,2787.546329632709,381.7305161955103,2737.9176764455406,350.38732434750875,0.9291005224322935,0.011980685913267416
tvc250,friction_damping,0.1,friction_damping_0p1,30,2578.2578560671905,297.90371881323006,2748.5728411509044,387.1728517997839,2698.0675467474493,354.9288954858446,0.9082223965914108,0.017601431524881608
tvc250,friction_damping,0.2,friction_damping_0p2,30,2099.2190327624417,376.731041524383,2266.0186919485272,468.93252277382254,2220.0910432397436,432.8346242799516,0.7364633848805368,0.10753924783126365
tvc250,friction_damping,0.3,friction_damping_0p3,30,1654.665223648331,335.9739292582249,1896.465724933182,438.613772833147,1843.6532835749333,400.51404359402477,0.5864687473582583,0.10413567507874193
tvc250,friction_damping,0.4,friction_damping_0p4,30,986.291112232812,325.3196190165309,1179.645523407169,444.4914960219225,1114.9293613044267,401.1228812836782,0.3473650210919979,0.11076439619060918
tvc250,friction_damping,0.5,friction_damping_0p5,30,552.9114938063212,275.4626817812087,616.2552694631122,361.37382671002456,608.8284396032582,333.1161302578762,0.18066844988164468,0.1058651027293691
tvc250,friction_damping,0.6,friction_damping_0p6,30,340.8503298589746,236.09861668463623,414.3986342459523,294.29236303562044,405.8182625258051,277.6004880852234,0.09684094884817976,0.10769897853464709
tvc250,friction_damping,0.7,friction_damping_0p7,30,203.7900746981628,183.60271445419852,219.2428452291669,216.64785634739349,222.68119813681358,201.4160509632399,0.07279766720751533,0.07922754303941193
tvc250,friction_damping,0.8,friction_damping_0p8,30,69.59880090945775,169.85132818695098,90.8484191715285,188.58610790372822,73.41502262682074,189.60328920561585,0.02634711992135398,0.06707236582082161
tvc250,friction_damping,0.9,friction_damping_0p9,30,-26.83816314928719,120.54623707540178,-11.870434636245697,146.93063580463502,-23.257062876987916,135.15043622936022,-0.010200274364014408,0.05328071430637038
tvc250,friction_damping,1.0,friction_damping_1,30,0.0,0.0,0.0,0.0,0.0,0.0,0.0,0.0
tvc250,friction_damping,1.1,friction_damping_1p1,30,-71.792613723023,102.95906154833268,-55.65886354932922,149.78887732300572,-84.2447119222601,123.51404071838583,-0.03653718737178862,0.049073511209511846
tvc250,friction_damping,1.3,friction_damping_1p3,30,51.40527855292553,182.19234734884694,89.65535329651898,256.33923423580734,67.09894519014584,227.93125520553937,-0.001957942039602532,0.07902822395313983
tvc250,friction_damping,1.5,friction_damping_1p5,30,327.8176515560221,295.68379369793513,422.6301181989411,375.9105052174058,383.24775224363196,341.7263425412353,0.0999279706981285,0.11713692662732827
tvc250,friction_damping,1.7,friction_damping_1p7,30,561.9295387948124,392.2005388898731,664.6556552170335,497.3490784421043,626.1982663874733,447.29723657669024,0.16567699301247574,0.1536449232291523
tvc250,friction_damping,2.0,friction_damping_2,30,987.6260273576536,419.92378455622213,1146.2411169664422,512.6846061355275,1082.6068213820406,475.5598050383444,0.3183626116454776,0.16990974886409976
tvc250,friction_mass,0.1,friction_mass_0p1,30,2754.1945910448894,304.6671037109982,2937.4140460471044,370.5644614460171,2890.531939289351,356.35926522540643,0.9819081538385933,0.007369400124896361
tvc250,friction_mass,0.2,friction_mass_0p2,30,2631.5020671705115,305.56952889393773,2843.266142042355,372.434886588475,2793.3759958497003,357.76542781137,0.9330368345661672,0.015370682384419309
tvc250,friction_mass,0.3,friction_mass_0p3,30,2215.731849159905,291.8764535277941,2602.254597736238,388.19775778648307,2528.9413345254634,368.83071976853705,0.7818834243146193,0.04325489799956501
tvc250,friction_mass,0.4,friction_mass_0p4,30,1594.8551086322614,295.80318912617105,1881.3467391640686,387.58483248170967,1826.1513743131904,376.088011861877,0.5597130821043497,0.08211149772864522
tvc250,friction_mass,0.5,friction_mass_0p5,30,906.1379495614584,279.6562661275417,1003.2892531962427,363.2867689044192,985.9544778459818,343.7783779722424,0.2867402065175217,0.09574365295135938
tvc250,friction_mass,0.6,friction_mass_0p6,30,294.12385978641845,276.49973237217245,279.90662575797904,337.74054777380684,270.8380636231728,318.0071813668993,0.048179255544840455,0.11639157493954615
tvc250,friction_mass,0.7,friction_mass_0p7,30,89.68635078196681,272.19188315545546,58.32619840904722,307.22467157136435,64.0596027939438,288.30584715807504,-0.04042639549173025,0.140762554517352
tvc250,friction_mass,0.8,friction_mass_0p8,30,-2.003933377515614,202.9545505929985,-0.32817332156563833,214.00445034786753,-11.560029576892703,218.88641622082753,-0.04209968444052791,0.10221349069245979
tvc250,friction_mass,0.9,friction_mass_0p9,30,-130.37315930692913,160.83383419291937,-138.87809405121706,248.97810706990435,-147.73700348075758,206.76620939583404,-0.07828664125307346,0.07825028148490897
tvc250,friction_mass,1.0,friction_mass_1,30,0.0,0.0,0.0,0.0,0.0,0.0,0.0,0.0
tvc250,friction_mass,1.1,friction_mass_1p1,30,281.2452630951867,155.945126217882,331.55597221872216,220.0030461459365,326.9134477218269,192.2055106254311,0.10269662951795072,0.061433971416097605
tvc250,friction_mass,1.3,friction_mass_1p3,30,1621.4077026270195,268.500661999043,1841.7844014907191,360.09407403515127,1810.5065402272455,336.02517619903085,0.5692194130253501,0.0662554855346759
tvc250,friction_mass,1.5,friction_mass_1p5,30,2267.40450684908,306.56255247489935,2481.3218934924503,377.14267340879536,2434.7688733633922,361.534070100725,0.7859811928723464,0.04437499411883562
tvc250,friction_mass,1.7,friction_mass_1p7,30,2429.708655179413,317.1370781585952,2603.153101610811,382.1125582305144,2560.678451720018,368.51073108413414,0.8448906004895833,0.03590189799468872
tvc250,friction_mass,2.0,friction_mass_2,30,2517.1877255494783,315.41205762174445,2684.1130281850856,382.1244885325438,2641.8529980029657,366.65687507860844,0.8804704028979493,0.026158571638962264
tvc250,friction_mass_damping,0.1,friction_mass_damping_0p1,30,2768.9191403997756,304.91020137338313,2950.0663666689443,371.7885468992236,2904.551954453535,356.57654997854036,0.9876873057868847,0.007098838933044513
tvc250,friction_mass_damping,0.2,friction_mass_damping_0p2,30,2655.193413138621,302.0686430666995,2861.446939755371,370.4100774494766,2814.2056317491792,355.2865434814858,0.9442973101644788,0.011220103361416352
tvc250,friction_mass_damping,0.3,friction_mass_damping_0p3,30,2313.782823265708,285.82328363021423,2639.2636846754863,373.29551787335794,2582.714773512326,354.3756403679754,0.8198927471915588,0.03420558998721505
tvc250,friction_mass_damping,0.4,friction_mass_damping_0p4,30,1731.628053550305,295.283291214213,2182.86987140058,417.54159936127473,2044.8905987564196,386.25405242521845,0.6015174572680558,0.06829761504253372
tvc250,friction_mass_damping,0.5,friction_mass_damping_0p5,30,984.0901066876241,282.0615825394371,1123.563290535886,382.42516944108047,1082.837225348373,341.8456011175656,0.3286480169972586,0.09475748035750808
tvc250,friction_mass_damping,0.6,friction_mass_damping_0p6,30,326.54453440104163,275.48371684401894,404.3526909596678,385.43823750258724,352.22579115062433,338.44226153719256,0.06399935682755784,0.11003137165549692
tvc250,friction_mass_damping,0.7,friction_mass_damping_0p7,30,39.60849690326542,269.78576052172,70.7207726630044,309.4323434063853,29.829244638937894,294.59577558247105,-0.05874105913638673,0.13780153868482548
tvc250,friction_mass_damping,0.8,friction_mass_damping_0p8,30,-1.4022112824639483,219.52501659880247,-8.619963769605079,263.93921838350656,-14.689852129826939,246.8556909860431,-0.04781725132312283,0.11526074850556128
tvc250,friction_mass_damping,0.9,friction_mass_damping_0p9,30,-112.15618359019273,156.5407546419592,-69.45551571689332,181.53568624498286,-124.7059263603641,179.1536244103656,-0.07349964588978147,0.07419442067030964
tvc250,friction_mass_damping,1.0,friction_mass_damping_1,30,0.0,0.0,0.0,0.0,0.0,0.0,0.0,0.0
tvc250,friction_mass_damping,1.1,friction_mass_damping_1p1,30,275.6112989732683,132.69381349779522,367.9632383948772,207.86405365106256,343.3413552668039,173.6000416576232,0.10217590082117162,0.04772959298759799
tvc250,friction_mass_damping,1.3,friction_mass_damping_1p3,30,1659.3033133217427,271.98431099378956,1942.398071985091,351.7094809019487,1867.0005522295344,335.02852125743857,0.5783027980229709,0.06614836688667312
tvc250,friction_mass_damping,1.5,friction_mass_damping_1p5,30,2277.278086813036,308.9490842920939,2478.1335662396473,375.9736921283667,2433.874956436273,360.7447792655664,0.7886201649841683,0.04390156310052134
tvc250,friction_mass_damping,1.7,friction_mass_damping_1p7,30,2431.815318492504,319.16502323564305,2606.271965130544,386.11340907848626,2564.091779277989,371.4973576041057,0.8452538038317654,0.03650957757916802
tvc250,friction_mass_damping,2.0,friction_mass_damping_2,30,2516.4238784068357,315.90206895006503,2685.108837348752,382.4027791466974,2642.4622313586324,367.0808270403552,0.8802372668458702,0.025434659270344842
tvc250,mass_damping,0.1,mass_damping_0p1,30,2773.0092117105783,290.8116576574894,2940.9314372703134,377.23788536594816,2890.450237588287,346.7860430197882,0.9886204859368822,0.0046428627891210725
tvc250,mass_damping,0.2,mass_damping_0p2,30,2616.445199197001,291.1748042426396,2849.9537832934016,373.2666412333707,2787.8758013802176,343.8069495240042,0.9269616045136312,0.019807269920260395
tvc250,mass_damping,0.3,mass_damping_0p3,30,2179.1182994161004,281.3723146638664,2528.6433315682884,377.2859601821444,2440.3823657762446,346.5416390965316,0.7660148600984958,0.05424625003365477
tvc250,mass_damping,0.4,mass_damping_0p4,30,1552.5737878632453,265.6400802199932,1897.8733959075462,414.33352860427414,1803.4451486854593,363.3791564184649,0.5380719860086367,0.0811866587711058
tvc250,mass_damping,0.5,mass_damping_0p5,30,852.9411162576305,297.6047260923981,1002.1391339688344,444.0356940635238,943.5651229528958,387.4812118819538,0.2664209681961798,0.1241308916143242
tvc250,mass_damping,0.6,mass_damping_0p6,30,390.33545461306625,304.14768430378075,446.44406610550703,408.94231745908206,415.9534839116632,371.0691312859867,0.08868376843074194,0.14272404473169742
tvc250,mass_damping,0.7,mass_damping_0p7,30,39.38889840011938,269.8607745798354,-11.93186228828193,348.1451784308101,-6.2393166698499805,325.4492319975078,-0.043930956863277304,0.14645543865578944
tvc250,mass_damping,0.8,mass_damping_0p8,30,-128.29385937157366,234.2545770378084,-99.40728098731819,295.1055314504067,-128.55300975002442,274.28550710080714,-0.1084499513906478,0.13655217222623436
tvc250,mass_damping,0.9,mass_damping_0p9,30,-116.39017797990023,172.10999821068043,-106.4229466570997,251.4308170217827,-111.45628705883901,214.41840300787786,-0.07723336286853416,0.09378479698922515
tvc250,mass_damping,1.0,mass_damping_1,30,0.0,0.0,0.0,0.0,0.0,0.0,0.0,0.0
tvc250,mass_damping,1.1,mass_damping_1p1,30,302.0765862237876,181.71019236087758,430.72468361028257,274.410920403175,362.2071503206127,239.04420577022674,0.11420063271014179,0.07027143457408559
tvc250,mass_damping,1.3,mass_damping_1p3,30,1545.0592450668898,322.7487861513699,1828.8116114802592,433.2632199426969,1753.1235309002177,394.25656269721696,0.5198940353882532,0.10174996277638525
tvc250,mass_damping,1.5,mass_damping_1p5,30,2225.5109949254206,304.25122580961835,2405.1885007899923,386.1844853939749,2352.410922107229,357.84971213185037,0.7695135406526175,0.046348696318631144
tvc250,mass_damping,1.7,mass_damping_1p7,30,2402.663689390072,303.8051182367244,2571.4692823946507,390.72295844022767,2519.590056437518,360.30978660377843,0.8342909708936114,0.033298656618161594
tvc250,mass_damping,2.0,mass_damping_2,30,2481.5210269858717,302.4502097708543,2637.8542006306593,388.70406253235495,2589.113376716978,358.04332184764564,0.8665609178915157,0.026771288556194296
tvc275,friction_damping,0.0,friction_damping_0,30,2984.33451885689,286.1712908643027,3043.493890015977,318.3915267115933,3053.4790207642977,310.1809150395445,0.9363941350238558,0.010968503138509248
tvc275,friction_damping,0.1,friction_damping_0p1,30,2899.521070920617,303.11276731485145,2960.631578801131,340.61985478891614,2974.2971885371953,329.04999990032854,0.9095897736810588,0.0344971475007311
tvc275,friction_damping,0.2,friction_damping_0p2,30,2461.8276313654496,401.218155299184,2519.4898042607447,450.7759307772095,2524.015299836496,440.88015346518074,0.7721789121551963,0.09291626664616066
tvc275,friction_damping,0.3,friction_damping_0p3,30,1581.7318911267023,385.640903589399,1669.0835277934286,449.4470604865764,1668.9244181456042,432.32081123361127,0.4996726965256471,0.10719170772066247
tvc275,friction_damping,0.4,friction_damping_0p4,30,976.9169191770765,329.63234375391875,951.4655831425828,407.9132115802985,978.6872945250178,383.46759523092226,0.3212109704767885,0.09964500496662174
tvc275,friction_damping,0.5,friction_damping_0p5,30,594.0158780726013,295.16323118194896,599.9889651354689,328.2062551575057,624.7284862888905,322.57219660918076,0.21592461053855186,0.0999619532455431
tvc275,friction_damping,0.6,friction_damping_0p6,30,368.7898052416683,202.03974425051715,330.94327506551286,205.66345085011778,346.6859326298863,211.3928442140915,0.1436443732536672,0.0769428664232788
tvc275,friction_damping,0.7,friction_damping_0p7,30,238.91115605774684,179.93929496061986,236.38779391634597,199.68169950667848,239.59325887916935,195.7622014799961,0.09205211052561517,0.06458552558351725
tvc275,friction_damping,0.8,friction_damping_0p8,30,165.17185651801046,129.1346508495202,186.0733264156259,149.69431227859178,188.53296010112393,138.5564287984147,0.05975085364058082,0.04499505785916212
tvc275,friction_damping,0.9,friction_damping_0p9,30,96.41613846352129,71.58765960065897,75.865453259869,100.41505416064685,86.60826976649612,91.72716804767215,0.02865657569023272,0.03205502524622177
tvc275,friction_damping,1.0,friction_damping_1,30,0.0,0.0,0.0,0.0,0.0,0.0,0.0,0.0
tvc275,friction_damping,1.1,friction_damping_1p1,30,-40.491585450860974,61.97949725116901,-42.56794381831545,50.397843632513464,-37.027731454921785,43.37250297915589,-0.02154614661439618,0.023430285125761764
tvc275,friction_damping,1.3,friction_damping_1p3,30,167.35082036828516,219.6503263551957,69.58526331872288,250.7194890658788,103.02406612360097,237.04897458645036,0.05472527484772853,0.07286767714157634
tvc275,friction_damping,1.5,friction_damping_1p5,30,469.55460711803346,317.5360089155358,493.4269026595896,339.2464489834156,503.1076632484405,337.26535021365567,0.14317462115217766,0.09527680893200921
tvc275,friction_damping,1.7,friction_damping_1p7,30,1004.5019855602033,417.36781347318407,1048.2707212025036,431.37839872665324,1053.3307104556739,429.75145867912426,0.3268107665321567,0.12202009113415205
tvc275,friction_damping,2.0,friction_damping_2,30,1515.9626085306763,436.7507855753453,1562.5973233976315,468.3179048362541,1558.563696757138,458.14814126655085,0.4748531770117196,0.12255847270020219
tvc275,friction_mass,0.1,friction_mass_0p1,30,3120.1041336070166,285.2204699696122,3197.902283121982,316.84018680104015,3201.2526477346632,308.86103474703316,0.9853169602423152,0.003904824358390253
tvc275,friction_mass,0.2,friction_mass_0p2,30,2958.702780025937,278.3504687352731,3100.3771729923956,316.7800959572019,3097.9897362315655,306.6055431362926,0.932011780622099,0.015541850718702992
tvc275,friction_mass,0.3,friction_mass_0p3,30,2548.900868919183,270.4689991581119,2786.2012359799432,316.8105587603691,2758.173718026913,311.2187870910379,0.8057461982182057,0.03844716388840727
tvc275,friction_mass,0.4,friction_mass_0p4,30,1877.0970553481318,273.0362115822284,2167.6203939262587,351.65130224166364,2077.234367250373,330.02104828579826,0.5888606760077889,0.06235966998862415
tvc275,friction_mass,0.5,friction_mass_0p5,30,1115.734684591156,296.5939126881622,974.9629898535708,367.1104158209787,1046.7322824119271,351.78900775929276,0.33957729970460626,0.08735095750320523
tvc275,friction_mass,0.6,friction_mass_0p6,30,707.2439244689052,291.22392106420966,603.3337468998433,337.0108061208888,656.7179648110268,326.51719780367375,0.1861729140266883,0.09160024992519476
tvc275,friction_mass,0.7,friction_mass_0p7,30,320.11759509502986,213.6041688192315,206.0716019676492,234.74681331429855,234.02416249138872,227.80069072492924,0.07030347862443556,0.08258376520976929
tvc275,friction_mass,0.8,friction_mass_0p8,30,188.54860282443025,185.29563856160718,72.67279860428583,192.67743131189258,129.51648757774487,191.29878505298325,0.03401061294603438,0.06935098511633592
tvc275,friction_mass,0.9,friction_mass_0p9,30,31.226566993424463,133.17807139914737,-5.991368449072976,172.52269396577606,-7.336615139843984,147.27757801908615,-0.0007310408509506513,0.05262074414657753
tvc275,friction_mass,1.0,friction_mass_1,30,0.0,0.0,0.0,0.0,0.0,0.0,0.0,0.0
tvc275,friction_mass,1.1,friction_mass_1p1,30,258.28424995342,172.25163066997837,205.93861695209094,226.6878759720032,215.7849952719893,197.71820788468688,0.10080423706521463,0.06460698093256327
tvc275,friction_mass,1.3,friction_mass_1p3,30,1646.4244560544648,420.9102839393575,1704.7058546412895,452.947714142275,1700.8348091396879,446.2116266464574,0.5214920930256057,0.11541823725111171
tvc275,friction_mass,1.5,friction_mass_1p5,30,2577.5948513837507,322.0834360185263,2666.0182722133545,357.4317608251024,2657.504615304621,343.61385760110284,0.7991121600976105,0.05372002809711827
tvc275,friction_mass,1.7,friction_mass_1p7,30,2801.3759410793,295.1418838070337,2868.918930960131,324.2493374245829,2875.725554838992,316.3717570554954,0.8713465949365983,0.030614702764302813
tvc275,friction_mass,2.0,friction_mass_2,30,2879.7180092045496,294.407433805405,2942.2476404345116,324.6578569155544,2950.920963783302,317.00209999075946,0.8964419839479781,0.027781267540082675
tvc275,friction_mass_damping,0.1,friction_mass_damping_0p1,30,3128.6877448758746,285.9556480243128,3204.1528774765843,318.60586538948513,3209.894267847746,310.3491242247033,0.9879910465153005,0.004025788059627222
tvc275,friction_mass_damping,0.2,friction_mass_damping_0p2,30,3010.8295519582666,280.3909872558462,3127.0967701056456,316.59741924746993,3132.7545720230096,307.1669811821373,0.9495100711272856,0.011795769421981675
tvc275,friction_mass_damping,0.3,friction_mass_damping_0p3,30,2595.3058795247957,281.6226821271491,2850.226407729868,316.9776191390912,2808.3458995355104,310.52549379751383,0.8191672468354072,0.04007752867097442
tvc275,friction_mass_damping,0.4,friction_mass_damping_0p4,30,2059.899631135348,307.9279116017372,2331.3881504682136,407.04521497706327,2273.4675755287535,388.3207197096937,0.6423689558529724,0.06829169857496045
tvc275,friction_mass_damping,0.5,friction_mass_damping_0p5,30,1263.5965447453111,287.08244216865995,1166.2881652289461,384.3050296150174,1217.04572643149,358.5471221802596,0.388686207514153,0.08139373828313162
tvc275,friction_mass_damping,0.6,friction_mass_damping_0p6,30,758.6672627939219,289.5113087936953,682.5831168556426,365.5063942746998,710.0579902677413,343.39052768374984,0.20806512685634554,0.08512434902113904
tvc275,friction_mass_damping,0.7,friction_mass_damping_0p7,30,420.77496738643606,218.29955204636065,281.3606333700643,274.6000832755446,323.2693380131323,253.24441347256504,0.10088522736991433,0.07971920363300986
tvc275,friction_mass_damping,0.8,friction_mass_damping_0p8,30,165.87119839574999,170.66964585355842,45.434477679649625,173.1333496803794,85.51752292572783,170.26415757876532,0.030299198418975316,0.0647502831230999
tvc275,friction_mass_damping,0.9,friction_mass_damping_0p9,30,34.39171762869859,135.1278903819059,-11.06587432040917,156.39688413449508,4.629200771680993,138.64874265836127,-0.0029219490428730936,0.05269243694467679
tvc275,friction_mass_damping,1.0,friction_mass_damping_1,30,0.0,0.0,0.0,0.0,0.0,0.0,0.0,0.0
tvc275,friction_mass_damping,1.1,friction_mass_damping_1p1,30,225.35321839862797,167.55039064852267,143.03459267893075,189.07830076573947,174.91155072202636,177.99935112516567,0.08912689079274068,0.06410624254449566
tvc275,friction_mass_damping,1.3,friction_mass_damping_1p3,30,1628.4184219851575,428.22894334919386,1658.7894705835502,466.3823810211504,1679.453942912711,452.00752420081477,0.5166183467298943,0.1180866190919916
tvc275,friction_mass_damping,1.5,friction_mass_damping_1p5,30,2616.836248172229,312.89200090203286,2690.9497164249337,344.3752640793416,2697.748362565501,332.11329611170487,0.8097160692627347,0.04594703119458217
tvc275,friction_mass_damping,1.7,friction_mass_damping_1p7,30,2804.9296311501525,294.7222184146819,2860.4757554030157,323.27310743553505,2874.696691499541,317.0554647889817,0.8721660701529286,0.028909184557217336
tvc275,friction_mass_damping,2.0,friction_mass_damping_2,30,2879.9931215915735,292.80592859162334,2938.495810634041,321.44440873231645,2946.919622556597,314.0880554184052,0.8969842261437715,0.027055055921864628
tvc275,mass_damping,0.1,mass_damping_0p1,30,3106.1590170499344,285.70021718001243,3200.7172432259135,321.7426364785813,3199.9898169664716,317.01656982027424,0.9879479093867343,0.003968223472618513
tvc275,mass_damping,0.2,mass_damping_0p2,30,2977.0281721380293,283.0638510656981,3128.9086210563046,317.4191222525446,3121.3194339539627,313.0431771826701,0.944294161831296,0.014197884359061125
tvc275,mass_damping,0.3,mass_damping_0p3,30,2482.3891612108573,279.66289537786463,2729.052653948762,345.79481930602395,2723.4620883863213,323.53702573224814,0.7900173598476322,0.04335031457882855
tvc275,mass_damping,0.4,mass_damping_0p4,30,1882.2503091368133,285.33152139147506,2196.863974893794,386.534477306152,2102.560322342625,366.8893154472779,0.5936440760479936,0.06045857593442006
tvc275,mass_damping,0.5,mass_damping_0p5,30,1198.1559992014522,233.44402954690264,1061.5048905175022,320.3164790068792,1170.3560694340053,285.66744235895567,0.37683487168944635,0.06499532253280307
tvc275,mass_damping,0.6,mass_damping_0p6,30,658.5092811828478,195.4691882175868,560.007577028232,248.12203054494586,606.9841183144098,229.88477116067855,0.18889468696888084,0.06087300680735316
tvc275,mass_damping,0.7,mass_damping_0p7,30,328.42150612432664,201.42319020650018,193.77290197442264,230.03535172097284,256.1622759609185,228.99755197456417,0.06587972626204032,0.09827060288093127
tvc275,mass_damping,0.8,mass_damping_0p8,30,62.448295542420496,172.34325837339142,-34.077232086990286,192.82136743349378,-3.3484249787102347,188.68303202906836,-0.02493630218569381,0.08968925105427725
tvc275,mass_damping,0.9,mass_damping_0p9,30,-22.931586208935716,138.85577169695048,-78.18087184499228,151.9726165589858,-68.15119143714726,144.14424275613126,-0.027501408462192407,0.0588310588014537
tvc275,mass_damping,1.0,mass_damping_1,30,0.0,0.0,0.0,0.0,0.0,0.0,0.0,0.0
tvc275,mass_damping,1.1,mass_damping_1p1,30,224.44019504610688,144.06215719669078,215.58288528403838,191.00678971744534,221.0589254163098,178.50300334388677,0.08982731138961356,0.05423821299703376
tvc275,mass_damping,1.3,mass_damping_1p3,30,1613.7061719554897,392.66358053971356,1660.8076539783074,450.40794885880183,1675.961084362979,434.4806670848502,0.5132687278341146,0.1059377829895465
tvc275,mass_damping,1.5,mass_damping_1p5,30,2391.936495321934,350.3180300480199,2475.05553365865,385.3105504625078,2477.740183342839,379.0948044041634,0.7505622131813691,0.0741962517323724
tvc275,mass_damping,1.7,mass_damping_1p7,30,2737.9744668301346,289.3111237908435,2824.3726782136646,326.7139373161026,2828.0133807670527,321.887164883878,0.8569896364538062,0.03392681436263901
tvc275,mass_damping,2.0,mass_damping_2,30,2822.545998914013,290.8604319058418,2909.772978467205,328.77663514315833,2910.3586696812063,323.9299018166644,0.8846153179731874,0.031000000910768807
tvc300,friction_damping,0.0,friction_damping_0,30,3393.56365270338,127.52048706103263,3566.161060436919,127.52483838970757,3529.1009224974937,130.4286507416244,0.9523697446753538,0.003554293372223278
tvc300,friction_damping,0.1,friction_damping_0p1,30,3346.8982273319666,129.34069807869437,3519.7307962706554,129.4140040465678,3482.3859497465355,131.74845911710864,0.9390251375912767,0.004531553982909541
tvc300,friction_damping,0.2,friction_damping_0p2,30,2777.555785463622,278.8402168281319,3052.5394837369677,329.9453489195947,3014.3560190420726,308.2115969980747,0.778221412083946,0.07125055558499346
tvc300,friction_damping,0.3,friction_damping_0p3,30,1497.8919647784853,397.4003475817779,1517.9071334876376,508.0467788411153,1568.1700125959644,471.81011462071336,0.4216807858142559,0.11556364186506674
tvc300,friction_damping,0.4,friction_damping_0p4,30,732.365294062227,276.1099879943276,802.0797979549126,366.48653073506887,758.470372082789,338.722837417333,0.20683697576743493,0.08149717698665324
tvc300,friction_damping,0.5,friction_damping_0p5,30,369.2372786391808,156.71967570476096,326.1867920318571,189.09706023994252,339.57743664613184,179.938618493564,0.10301675471410196,0.04521104150622321
tvc300,friction_damping,0.6,friction_damping_0p6,30,205.0939475846338,122.19313286019214,242.2541754656024,171.7067663473044,209.48129957553846,157.8453668824571,0.05613871474675434,0.035223116862168426
tvc300,friction_damping,0.7,friction_damping_0p7,30,164.0981997434855,121.70370097307358,199.244024392321,178.43368111483122,174.55433550479194,163.61126970203145,0.04545994975330999,0.034649566230994334
tvc300,friction_damping,0.8,friction_damping_0p8,30,101.15602191429826,94.4064189253424,41.182151409422325,30.7836046034063,48.711367804517856,66.79089924102831,0.026527001176376474,0.026544804295351103
tvc300,friction_damping,0.9,friction_damping_0p9,30,21.484029059363152,73.52882260298834,32.75612828602092,35.86463168819587,24.27907350777182,57.37194433391696,0.004442325172350817,0.02194790029216483
tvc300,friction_damping,1.0,friction_damping_1,30,0.0,0.0,0.0,0.0,0.0,0.0,0.0,0.0
tvc300,friction_damping,1.1,friction_damping_1p1,30,-6.283833094732093,53.29145994001237,-12.000963348020104,23.048570899408517,-27.89012373191769,30.659737969303997,-0.003014359166083095,0.015079714800660012
tvc300,friction_damping,1.3,friction_damping_1p3,30,275.04786631791546,229.74676942813286,310.37638836427965,269.16338081189986,297.107478913708,267.23133427199457,0.07589864185853781,0.06061179125270448
tvc300,friction_damping,1.5,friction_damping_1p5,30,732.2462463260407,378.49274464376293,755.9705771847379,399.26983610502793,753.4687171837297,395.26204393807853,0.21002608274124493,0.1072488501076075
tvc300,friction_damping,1.7,friction_damping_1p7,30,1127.5977337279794,430.5734130992967,1224.75777342562,466.04810734176306,1196.115355517505,452.28409473788,0.32754522865426383,0.12429177935617977
tvc300,friction_damping,2.0,friction_damping_2,30,1396.3662227519446,491.66134156650986,1520.918816362383,505.11751133721697,1483.9830919089613,509.24437510518106,0.3997642038724454,0.14222426878225664
tvc300,friction_mass,0.1,friction_mass_0p1,30,3508.4420427572772,129.1064821337733,3684.4510044492504,126.81959424729531,3648.774427899934,130.74384177654798,0.9848564075793244,0.004847018375613873
tvc300,friction_mass,0.2,friction_mass_0p2,30,3371.812520135429,136.53660118898082,3608.732004175235,124.69136798906082,3570.0097569879654,128.62753467639456,0.9459166931622557,0.011218439890823077
tvc300,friction_mass,0.3,friction_mass_0p3,30,2795.512518115251,219.76961498645161,3169.0503014755604,261.56177412450535,3090.8157447588737,232.90936349979395,0.7846208890594213,0.05316540560768954
tvc300,friction_mass,0.4,friction_mass_0p4,30,2132.2141510004235,284.04452349753495,2361.3194703370846,404.04283313136364,2348.235977319452,359.23018870679994,0.5986347791791525,0.07510119598688023
tvc300,friction_mass,0.5,friction_mass_0p5,30,1368.510788709999,312.3581304706234,1433.117399091611,429.66164511205614,1412.226699655869,406.05459718000384,0.38414864776444424,0.08534219285639044
tvc300,friction_mass,0.6,friction_mass_0p6,30,833.7981322698415,262.6677219272668,796.0849679383616,351.1674035205876,788.8787707640727,319.47810742904716,0.23227292977765104,0.06954339220477745
tvc300,friction_mass,0.7,friction_mass_0p7,30,494.9332715561022,202.74996064280023,515.6762703688984,255.8533582356541,502.56830710668027,234.72478990445484,0.13664076752206009,0.05578722694368838
tvc300,friction_mass,0.8,friction_mass_0p8,30,227.46319040015356,152.21096424344478,207.14551704807047,151.94116130051142,200.79011314754163,150.94788769608198,0.05941444798654299,0.04110090078320855
tvc300,friction_mass,0.9,friction_mass_0p9,30,35.27835537913331,92.3286185582556,21.680249957928755,35.3540406465952,5.711275636024599,50.22184625968617,0.006173962451150215,0.028028865340678305
tvc300,friction_mass,1.0,friction_mass_1,30,0.0,0.0,0.0,0.0,0.0,0.0,0.0,0.0
tvc300,friction_mass,1.1,friction_mass_1p1,30,212.5204743573353,153.30923519905025,323.03665193207235,231.18415729268494,283.57017169153295,192.7578588749582,0.06381629084644865,0.04627637117120031
tvc300,friction_mass,1.3,friction_mass_1p3,30,1541.1042894183302,444.38129723604334,1574.2143524125834,499.1346100479335,1566.6083899393818,492.5752479047816,0.4356150290865768,0.12357441906657396
tvc300,friction_mass,1.5,friction_mass_1p5,30,2624.263049509303,267.8607041628253,2817.5702525039133,312.23263668223694,2813.010507147253,282.8749112941927,0.7433027309049179,0.07286415365427241
tvc300,friction_mass,1.7,friction_mass_1p7,30,3016.4970684327254,213.95104224700088,3196.9862655642673,214.473696083251,3160.002005377841,216.03000130497702,0.8506236002672115,0.05330477843563716
tvc300,friction_mass,2.0,friction_mass_2,30,3279.6531021911624,131.79548947427875,3452.6509852486197,133.72307748191446,3415.7692673613706,137.65738343557192,0.9200165658123731,0.011666096503311123
tvc300,friction_mass_damping,0.1,friction_mass_damping_0p1,30,3563.711957345607,135.4643639447269,3697.963144387901,130.9300867340325,3671.5987124439735,137.11458414768313,0.988841462098126,0.0036127239623654265
tvc300,friction_mass_damping,0.2,friction_mass_damping_0p2,30,3441.5526422554235,134.8203462212979,3612.429525869191,130.9555514376017,3586.090637460067,136.73422052784704,0.9548898020121365,0.008386617837365698
tvc300,friction_mass_damping,0.3,friction_mass_damping_0p3,30,2928.743897346551,181.53972803506898,3346.325589467519,158.65115036301296,3218.7491510559803,178.1361231167851,0.8142471945135193,0.04347668533575742
tvc300,friction_mass_damping,0.4,friction_mass_damping_0p4,30,2237.2784266420445,271.8654703482054,2425.8599541659937,368.49398240985346,2409.955182557241,330.61351573704434,0.6205557584821244,0.07048443940375171
tvc300,friction_mass_damping,0.5,friction_mass_damping_0p5,30,1454.6991099991271,296.18324629340594,1421.0669075655476,430.27331533268745,1431.8454201811799,381.1768278011293,0.4003441770618256,0.07703957317814338
tvc300,friction_mass_damping,0.6,friction_mass_damping_0p6,30,907.693718137403,284.18768781497903,856.1571144522156,354.66023809145827,856.9683182378938,338.932202249563,0.24679624369260938,0.07434727135595068
tvc300,friction_mass_damping,0.7,friction_mass_damping_0p7,30,506.8991644631778,194.85769819865362,424.25384382661264,229.96773629698046,444.6881386994972,224.12953272053696,0.1350726222816449,0.051523893701374945
tvc300,friction_mass_damping,0.8,friction_mass_damping_0p8,30,226.0992443617696,149.3591878629867,144.76880390604202,117.31051058290235,155.7236210740863,136.74813864622521,0.05813847309793905,0.04066921036365539
tvc300,friction_mass_damping,0.9,friction_mass_damping_0p9,30,80.59393560805682,98.2051402139766,12.368141268689108,43.300489774040805,16.56026338135624,66.05431740522631,0.017023844114810806,0.029635736241714995
tvc300,friction_mass_damping,1.0,friction_mass_damping_1,30,0.0,0.0,0.0,0.0,0.0,0.0,0.0,0.0
tvc300,friction_mass_damping,1.1,friction_mass_damping_1p1,30,264.0834900813359,155.47198685192032,303.49271032203166,225.57198732798634,286.86137200442874,190.39023491497156,0.07801987031864899,0.04772451821000922
tvc300,friction_mass_damping,1.3,friction_mass_damping_1p3,30,1611.918183868713,443.21929115990383,1630.4332474112082,498.12028487651884,1621.1247682440164,491.4142921622931,0.45024884487905953,0.1226288563281916
tvc300,friction_mass_damping,1.5,friction_mass_damping_1p5,30,2710.2166559091756,259.70943777773124,2924.6664321383573,276.9572641463774,2878.4573556827063,267.954809077281,0.7583474347208551,0.0687400749365076
tvc300,friction_mass_damping,1.7,friction_mass_damping_1p7,30,3066.473215872745,225.94568283949138,3196.3086487759233,221.49114777899334,3171.6829951086243,225.6902660558609,0.8538752835773862,0.053975579669097384
tvc300,friction_mass_damping,2.0,friction_mass_damping_2,30,3318.641750201849,139.0927523277255,3443.590234602727,137.56334215826354,3421.475483389643,143.60362401859814,0.9200217855231582,0.011060261314126024
tvc300,mass_damping,0.1,mass_damping_0p1,30,3522.599772849943,130.86747152844484,3701.1974531367277,127.90089922157875,3662.5987737595597,131.6209914067718,0.9886656962051739,0.0034445413508962996
tvc300,mass_damping,0.2,mass_damping_0p2,30,3378.4746755413453,134.23148007371154,3628.4164368705956,124.12535345512802,3584.303727936887,129.4337823003368,0.9479825686583503,0.011488187615135028
tvc300,mass_damping,0.3,mass_damping_0p3,30,2849.7709750801505,190.27978036221978,3274.5963070365833,159.52343263637016,3168.197524586188,174.77656074903777,0.7997851327359721,0.0426693446206493
tvc300,mass_damping,0.4,mass_damping_0p4,30,2022.4467787603014,287.91319534141087,2264.5582507363524,384.3401135169597,2228.2189457437717,352.03480951684344,0.5619323947642185,0.07053705109045552
tvc300,mass_damping,0.5,mass_damping_0p5,30,1300.4281204516187,275.71594092117795,1293.1250277868153,368.2862134447978,1299.9995576238327,329.7630533548124,0.3571939110181098,0.07039634085240978
tvc300,mass_damping,0.6,mass_damping_0p6,30,774.8171015342458,288.1819470255503,710.6486097532301,343.0341138921045,729.4174990286285,329.96046195504596,0.21150511351241805,0.07625016942530574
tvc300,mass_damping,0.7,mass_damping_0p7,30,456.05865998866864,181.5925474223166,382.435478279268,227.33136224430754,393.73765405220064,202.42740535540656,0.12738075309930613,0.04971447511797326
tvc300,mass_damping,0.8,mass_damping_0p8,30,218.93965810257401,160.2620415518717,175.83656035948485,149.13914446001252,213.0247444029532,163.64733165493018,0.05631491625430942,0.042874767328713044
tvc300,mass_damping,0.9,mass_damping_0p9,30,34.89876852447878,99.10421719223201,25.320453953332496,30.93200853806336,17.86452490385574,64.26323384626829,0.00492944133825828,0.028869905790003984
tvc300,mass_damping,1.0,mass_damping_1,30,0.0,0.0,0.0,0.0,0.0,0.0,0.0,0.0
tvc300,mass_damping,1.1,mass_damping_1p1,30,225.21036272851222,168.97084684261324,306.97407285909406,240.34431531903113,281.15258468953556,220.34707446940934,0.06786988203303615,0.050988917866551714
tvc300,mass_damping,1.3,mass_damping_1p3,30,1401.1224844850253,407.597978971226,1445.9919471422734,468.0437768164636,1415.6481493012757,464.879591271734,0.3950863963235933,0.11323411367163536
tvc300,mass_damping,1.5,mass_damping_1p5,30,2539.44453593228,285.2537031730663,2733.0954726424866,316.2778013037179,2705.1481930780224,305.29737721317787,0.7195199482161406,0.07767174108434631
tvc300,mass_damping,1.7,mass_damping_1p7,30,2968.7780986939256,226.10362736789324,3161.417882876757,221.34805985447701,3117.945934009174,226.57245058434788,0.8359632887726197,0.05534169794766142
tvc300,mass_damping,2.0,mass_damping_2,30,3195.8733167934215,132.7150129979311,3382.599944168005,127.2199924665373,3339.568363496308,133.6499297638365,0.8981240172525027,0.022113173229045813
tvc400,friction_damping,0.0,friction_damping_0,30,3832.4009314012324,261.7456100890928,3886.505576412857,258.61721629419907,3882.4172630993885,258.11655355449045,0.9528699483986053,0.011604848328132002
tvc400,friction_damping,0.1,friction_damping_0p1,30,3786.0536330706736,260.59704847138,3846.902677702992,258.5371738606822,3841.9919618642457,258.19260061579763,0.9397759119501673,0.01572886864546729
tvc400,friction_damping,0.2,friction_damping_0p2,30,3207.13151019533,359.73078008593245,3289.179990535872,389.8644062960473,3292.833182599777,371.664360846782,0.7986321217441553,0.07288970162030985
tvc400,friction_damping,0.3,friction_damping_0p3,30,2408.0221487330996,442.4775357739379,2526.8473724306605,501.28440025792503,2475.1771293741454,483.57449863939974,0.6037266593766921,0.10377701992855057
tvc400,friction_damping,0.4,friction_damping_0p4,30,1486.7193896891629,388.2078201872881,1477.5217262850051,502.78841525692377,1508.8778665916257,457.4240481278826,0.3718620990781327,0.09430788022484082
tvc400,friction_damping,0.5,friction_damping_0p5,30,728.4543703233529,303.892621700781,626.5470292166921,328.5312290674196,666.0576382720195,326.57829794492176,0.1802277765256547,0.0766441084571573
tvc400,friction_damping,0.6,friction_damping_0p6,30,320.97512421186013,189.07641760842708,348.18887208416504,267.89818674949447,326.7853383229307,224.73709662865824,0.07952593273213457,0.049771117448072985
tvc400,friction_damping,0.7,friction_damping_0p7,30,158.87682772679545,107.69539171227966,127.46592740656821,140.87498388068667,130.7969728768869,134.69602275546256,0.04003850610599699,0.030720701395042956
tvc400,friction_damping,0.8,friction_damping_0p8,30,55.90146203608289,48.97268990182641,29.289997056114156,17.80357349547252,43.32667522560873,26.968890179050334,0.012477003918781784,0.012197239211229963
tvc400,friction_damping,0.9,friction_damping_0p9,30,46.802978680283054,48.82851835894146,36.18260620639509,44.384671521210485,43.62716820519706,60.07869777783677,0.008662706561148877,0.018011107842871462
tvc400,friction_damping,1.0,friction_damping_1,30,0.0,0.0,0.0,0.0,0.0,0.0,0.0,0.0
tvc400,friction_damping,1.1,friction_damping_1p1,30,11.403497721691197,92.50469260749023,39.51297283431077,87.30345725436737,35.63117569257619,84.89098684276274,0.0012924772155366191,0.025960783721989407
tvc400,friction_damping,1.3,friction_damping_1p3,30,150.4668190704348,164.80077779532985,136.21440533494953,155.1334156385901,139.80062259853548,158.35490633552055,0.03700035431947878,0.04377038390187956
tvc400,friction_damping,1.5,friction_damping_1p5,30,585.8663581291365,305.25984748165286,554.1034430180715,327.15766331543017,582.6613287305025,324.8810238290814,0.16279250615785032,0.08326982545081899
tvc400,friction_damping,1.7,friction_damping_1p7,30,1007.6843606744934,399.78674166531715,982.9728562559812,431.187150239726,992.2080055157771,420.86058678688386,0.2772620340116758,0.11006093845452691
tvc400,friction_damping,2.0,friction_damping_2,30,1551.0501782826848,459.91572656813094,1559.1159256919152,513.3042357978605,1554.6519855935892,505.47824475377746,0.4083423121645993,0.1207602710924184
tvc400,friction_mass,0.1,friction_mass_0p1,30,3965.3431558150387,254.28463471890763,4031.14839705265,251.5297968119257,4025.0641334643055,250.86220682636554,0.9918613820514622,0.003551333139053115
tvc400,friction_mass,0.2,friction_mass_0p2,30,3834.688746372263,255.24474539999076,3935.9445716994937,254.54214148751137,3926.743829205974,253.6094920949495,0.9561098733291126,0.01153280809166707
tvc400,friction_mass,0.3,friction_mass_0p3,30,3459.9670434650197,252.69698772168906,3669.405066326713,271.0261754248701,3644.789380628144,263.1234121578643,0.8645359900818369,0.032631171880241124
tvc400,friction_mass,0.4,friction_mass_0p4,30,2779.4199882485864,303.79691205611573,2939.2928847341627,417.26995032837726,2962.0648107301477,367.5990198387828,0.6944553948244324,0.0636568548888228
tvc400,friction_mass,0.5,friction_mass_0p5,30,1838.592613434371,345.40573054212007,1749.31778020651,436.6733280890904,1797.9200521245707,420.37608067838187,0.4586846912771025,0.08355666706276463
tvc400,friction_mass,0.6,friction_mass_0p6,30,1113.0276124175668,289.38228913903885,997.5315646941568,352.89209810340225,1039.3416207334221,322.83124392371116,0.2795525932674424,0.07684154327312545
tvc400,friction_mass,0.7,friction_mass_0p7,30,590.2282300485907,255.56769818340584,475.6518858167068,282.93011984591504,508.1244763360903,281.5150253357823,0.1558849601541619,0.06976865754678883
tvc400,friction_mass,0.8,friction_mass_0p8,30,303.2751115896915,150.05609970865456,305.83153608710074,185.3294218694635,289.90704746014273,167.39949638659613,0.08389701073582506,0.039995339748137605
tvc400,friction_mass,0.9,friction_mass_0p9,30,112.94821495783273,69.87320257820123,110.89288643954328,97.46287841653336,109.03785974998759,95.60821239482684,0.03347477565298282,0.02162081784024573
tvc400,friction_mass,1.0,friction_mass_1,30,0.0,0.0,0.0,0.0,0.0,0.0,0.0,0.0
tvc400,friction_mass,1.1,friction_mass_1p1,30,54.19652397382455,112.16315091308819,29.3109604673756,102.66556317188763,36.786263746027124,101.69446421949486,0.010647875729108818,0.031342018759244784
tvc400,friction_mass,1.3,friction_mass_1p3,30,1514.4865099579756,419.262482494883,1504.632432357564,492.6013687127662,1517.1543425605048,468.1535102979368,0.3891979467143775,0.10804050514822947
tvc400,friction_mass,1.5,friction_mass_1p5,30,2645.6073182963373,412.2385901688917,2743.189874673512,453.90857678439363,2725.391567309163,430.3262792948992,0.6629209755812524,0.09653989353979524
tvc400,friction_mass,1.7,friction_mass_1p7,30,3433.8642144072655,260.7231101472848,3515.7738634420825,260.07956307364356,3508.511620875905,258.2369825415524,0.8527130773376194,0.03908701356190069
tvc400,friction_mass,2.0,friction_mass_2,30,3707.2877537955965,261.31084610256244,3761.3165419454945,259.0603718329986,3757.411525430548,258.5697800639709,0.9180788862958553,0.02010134231510103
tvc400,friction_mass_damping,0.1,friction_mass_damping_0p1,30,3979.8848743570325,256.23998314886717,4038.8201409464336,251.76783955361114,4026.5778187378182,253.37873946241126,0.9928556038650964,0.003059483611081748
tvc400,friction_mass_damping,0.2,friction_mass_damping_0p2,30,3855.622576233261,253.27488539071922,3949.185075726083,249.72635120085414,3928.7216359528716,251.7018759188341,0.9612200985431152,0.01136926201004493
tvc400,friction_mass_damping,0.3,friction_mass_damping_0p3,30,3525.1714750241417,257.5473505684235,3708.070720018609,261.89160329065976,3688.5670219089666,261.36151485719273,0.8786884301868441,0.03410981485518196
tvc400,friction_mass_damping,0.4,friction_mass_damping_0p4,30,2734.8567326076904,286.87988522171065,2779.0678557609403,392.21331585172453,2863.410412764623,335.27967531167485,0.6881857206804209,0.06256949042983317
tvc400,friction_mass_damping,0.5,friction_mass_damping_0p5,30,1839.8699820590712,374.4902245229049,1815.09934116285,464.24919751306186,1808.0721026362091,428.9257016703482,0.4538893092362048,0.09223568866813904
tvc400,friction_mass_damping,0.6,friction_mass_damping_0p6,30,1129.461766742388,298.02924356467383,1045.2451681502823,359.0953938390156,1046.3755183729036,340.61641221020915,0.28102150696480865,0.07785758901104309
tvc400,friction_mass_damping,0.7,friction_mass_damping_0p7,30,643.7406955421718,253.67876079878826,581.3567835298774,320.14269342318033,557.9989270568389,284.00473151114215,0.17006019418261703,0.06891502722406005
tvc400,friction_mass_damping,0.8,friction_mass_damping_0p8,30,294.24747936004576,120.19290905292293,256.481430501564,171.29494773689302,243.3273116629269,143.1179316549003,0.08211544296164491,0.03369722016020655
tvc400,friction_mass_damping,0.9,friction_mass_damping_0p9,30,118.24971356862487,84.56162004808112,129.8653012278878,150.63378620097774,116.50983292993077,128.92105764076345,0.03289744858991188,0.02748515842389472
tvc400,friction_mass_damping,1.0,friction_mass_damping_1,30,0.0,0.0,0.0,0.0,0.0,0.0,0.0,0.0
tvc400,friction_mass_damping,1.1,friction_mass_damping_1p1,30,90.73196276732305,108.62555106446625,36.11555099940926,102.14181259079297,47.359008770890036,98.75100569553935,0.021597340921655387,0.02886464130085444
tvc400,friction_mass_damping,1.3,friction_mass_damping_1p3,30,1538.2357163764461,419.8058395514047,1502.2512291145604,504.60692955739034,1515.4837978697603,475.22936935357455,0.3924453563913456,0.10743306922413848
tvc400,friction_mass_damping,1.5,friction_mass_damping_1p5,30,2675.6567545991015,412.7415049836059,2831.1505815226105,419.0273319256385,2777.3023502569913,425.06767581936464,0.6687031801893163,0.09618552080273401
tvc400,friction_mass_damping,1.7,friction_mass_damping_1p7,30,3479.214077901001,259.66165380985456,3556.3202353956576,249.87869013026315,3541.4293114936195,251.70797279919418,0.8610425391534542,0.03541472079420746
tvc400,friction_mass_damping,2.0,friction_mass_damping_2,30,3718.6525036116277,263.00059421921657,3764.118224987036,258.2951731433863,3754.8165362880504,260.0528010150885,0.918795047013716,0.020343730217239432
tvc400,mass_damping,0.1,mass_damping_0p1,30,3970.7279700057024,256.93512459057547,4034.426980435758,253.84178452461637,4029.2219061014894,253.11042434412454,0.9923501641514388,0.0027089007707621487
tvc400,mass_damping,0.2,mass_damping_0p2,30,3822.227534901464,253.6979496231863,3965.6393605542758,251.50756288520364,3939.37195057225,251.2318687111989,0.9551416053504261,0.012574890718852899
tvc400,mass_damping,0.3,mass_damping_0p3,30,3337.5380675854726,239.06152668709188,3635.2040831116974,255.35573844056316,3591.642219262999,251.62926323096823,0.8361835306513197,0.03298240594159407
tvc400,mass_damping,0.4,mass_damping_0p4,30,2589.790523539423,317.6223355606631,2733.160365705514,396.5102705505844,2719.9168475031397,386.0473607513357,0.6548781727738723,0.07352399562740561
tvc400,mass_damping,0.5,mass_damping_0p5,30,1717.8662372890044,373.1876150716521,1645.629667313456,456.2251594027301,1642.4377774032555,435.2599093407331,0.4354620337594131,0.09322821046004398
tvc400,mass_damping,0.6,mass_damping_0p6,30,1001.9918454917229,292.7208172396729,785.8497518817348,335.63075654110395,866.632276107361,328.05533101394576,0.2582447663700539,0.07344051698208806
tvc400,mass_damping,0.7,mass_damping_0p7,30,495.2486088041,168.31673378003353,317.96359856542364,162.20959842399137,347.8032319160674,167.98652755113667,0.12359458637788093,0.04311275555586218
tvc400,mass_damping,0.8,mass_damping_0p8,30,320.907001487767,163.91915643778674,274.22150539875565,206.0170606789122,289.30930699754225,195.88219114813478,0.09082769786433291,0.04547069089915894
tvc400,mass_damping,0.9,mass_damping_0p9,30,98.69402323011134,60.92392936258004,80.33942840819982,78.69828430414854,79.15719936732235,69.04455814639506,0.02865165279936717,0.017768099002138226
tvc400,mass_damping,1.0,mass_damping_1,30,0.0,0.0,0.0,0.0,0.0,0.0,0.0,0.0
tvc400,mass_damping,1.1,mass_damping_1p1,30,23.202028405850363,83.19140625370555,-7.889629465088816,28.823897407143015,-1.1412270051993307,36.190847730094916,0.004450530825032195,0.023361051630471384
tvc400,mass_damping,1.3,mass_damping_1p3,30,1481.9594115037441,406.56672889999965,1440.6647803297972,480.8535131010993,1463.0550006228646,463.47280836340457,0.3712506928980604,0.10162377690826443
tvc400,mass_damping,1.5,mass_damping_1p5,30,2724.4878866454114,386.8566734253758,2806.6968621322508,413.2104064958552,2800.7076940120937,413.00062909884457,0.679267269896204,0.09126228840336971
tvc400,mass_damping,1.7,mass_damping_1p7,30,3337.7488909145954,259.36073140697147,3499.52929056035,260.5186766261258,3494.663558942231,257.77727502956236,0.8249982914747196,0.04903560959751286
tvc400,mass_damping,2.0,mass_damping_2,30,3653.0766310446757,274.1744261251606,3706.7474192605123,269.6964992989165,3705.087135533967,270.46688252520573,0.8990736513451976,0.03165867862330624
tvc500,friction_damping,0.0,friction_damping_0,30,3484.046650195206,315.18050174603735,3555.524400686627,335.7130591406646,3567.724615595479,328.22772366514056,0.9435696762126189,0.014208369598106708
tvc500,friction_damping,0.1,friction_damping_0p1,30,3441.464015902022,312.17444624426867,3518.3332397037866,334.1069536683884,3529.551621152462,326.6469737309611,0.9303270370836005,0.01831202223011987
tvc500,friction_damping,0.2,friction_damping_0p2,30,3020.7351948996393,372.69394174874327,3140.5185806110753,398.5526611255597,3131.1363125549415,388.90519542303645,0.8147567620827112,0.06505525548994562
tvc500,friction_damping,0.3,friction_damping_0p3,30,2259.3814592822937,452.66886541796276,2450.0217430655384,499.859778803057,2389.1284387087444,480.85260411505595,0.608994616851014,0.10567267601241144
tvc500,friction_damping,0.4,friction_damping_0p4,30,1333.4000710713326,352.21352508711254,1268.633539389613,489.5828551998816,1394.128431603396,448.5644995700985,0.36331353154840407,0.08534514285379179
tvc500,friction_damping,0.5,friction_damping_0p5,30,645.9068638823198,284.8660551652378,638.6472375393575,335.22147429851054,663.4111410510351,327.8134219911713,0.17163628975937337,0.07280201385955623
tvc500,friction_damping,0.6,friction_damping_0p6,30,290.0471735599836,184.93837609533657,310.25933094049253,264.460636236143,304.83761992274253,220.00627335308346,0.06962846414698796,0.0501429983692652
tvc500,friction_damping,0.7,friction_damping_0p7,30,137.1279842285724,122.43902992256864,130.8131708326485,170.22553653212225,138.67017481105995,155.52127026981628,0.03663659941890134,0.034833761911981176
tvc500,friction_damping,0.8,friction_damping_0p8,30,-6.189743327666702,85.84591876437392,-36.94632984240833,105.98943075097439,-4.358672459446571,81.4968982372354,-0.0067212774780844664,0.02913437014700593
tvc500,friction_damping,0.9,friction_damping_0p9,30,-17.744585801913427,68.88718825090727,-32.87726805526697,114.75875735110414,-0.2806364511190168,88.29934029541536,-0.012100006587828217,0.02567473793250558
tvc500,friction_damping,1.0,friction_damping_1,30,0.0,0.0,0.0,0.0,0.0,0.0,0.0,0.0
tvc500,friction_damping,1.1,friction_damping_1p1,30,-1.1710042210995841,97.40750399860485,14.251681855265755,106.66279666420283,28.581279465770884,87.78433063496965,-0.0034989187612864893,0.027655249705406348
tvc500,friction_damping,1.3,friction_damping_1p3,30,163.61684121799246,161.64185632173272,148.7158480081956,157.48020108852543,169.94504085297115,154.423484362882,0.04103770805334469,0.04366342796494688
tvc500,friction_damping,1.5,friction_damping_1p5,30,706.2138267833886,374.9103438053148,688.2310677275308,404.5011785346428,713.5997557759949,389.8076931922342,0.1961601121248169,0.10327762767929426
tvc500,friction_damping,1.7,friction_damping_1p7,30,1103.3825034722925,458.102130961209,1093.4374097366203,483.22115996128406,1108.4310131832829,469.58496181657006,0.3110300430621777,0.12757804722656388
tvc500,friction_damping,2.0,friction_damping_2,30,1734.8338664365083,520.7374992582966,1830.4486537912514,545.1100171748809,1831.5343444985144,526.1183193772414,0.47509264836721454,0.13295456323288293
tvc500,friction_mass,0.1,friction_mass_0p1,30,3623.2358792101863,314.3511935552136,3706.62638253789,335.26685673219885,3715.632571036279,327.40217014539894,0.987622315356307,0.008478001859109123
tvc500,friction_mass,0.2,friction_mass_0p2,30,3540.9679275431054,316.47678319314895,3638.4303966181974,339.5075388214955,3646.7661328297995,330.3466516698407,0.9606651464603252,0.013697781017413087
tvc500,friction_mass,0.3,friction_mass_0p3,30,3201.1528847446866,307.1922017452628,3441.410161403132,330.3642835825688,3427.997415888939,322.017223770693,0.8680968793349811,0.032014854981419705
tvc500,friction_mass,0.4,friction_mass_0p4,30,2446.135098442986,319.77114149287337,2772.2624313541464,415.68297681840716,2673.686271119393,388.4161574006356,0.6694088899502765,0.06758858837740864
tvc500,friction_mass,0.5,friction_mass_0p5,30,1589.600449561721,371.17213126885696,1637.521790782826,459.01843556089545,1614.3217886076775,445.5027355480619,0.4352648067727214,0.0937186929218795
tvc500,friction_mass,0.6,friction_mass_0p6,30,948.8568321111592,311.65163661025383,762.0577166719506,333.1589368341086,874.9042383154082,353.10055567877555,0.2403660901995241,0.09291089825305783
tvc500,friction_mass,0.7,friction_mass_0p7,30,548.9738112818341,219.4967391352692,411.2145193932784,243.423007775928,472.93916545396866,242.97533240795576,0.1372988208127416,0.07610567825226708
tvc500,friction_mass,0.8,friction_mass_0p8,30,263.2661492787147,126.4463655539688,211.92776049426843,142.7459458114079,231.38523132243324,115.86608259330646,0.07228361942072206,0.04005289346826098
tvc500,friction_mass,0.9,friction_mass_0p9,30,123.25365930319495,90.36382390786918,122.15148525010585,152.16425965700407,135.01477960162367,125.13505022626187,0.033628756693482975,0.03063536755335644
tvc500,friction_mass,1.0,friction_mass_1,30,0.0,0.0,0.0,0.0,0.0,0.0,0.0,0.0
tvc500,friction_mass,1.1,friction_mass_1p1,30,79.94713249784509,234.62096710771135,83.38450907408657,266.9732818559573,111.1562843656458,249.4999226688675,0.013650291668970145,0.06232728509292582
tvc500,friction_mass,1.3,friction_mass_1p3,30,1790.950010865058,439.9939424632603,1866.1774264805285,483.28612539846614,1865.296336711766,454.5786610950375,0.4831107611395376,0.11087915082147119
tvc500,friction_mass,1.5,friction_mass_1p5,30,2692.787922438353,411.2879944232551,2798.259564819627,418.005263484228,2790.75340293278,407.7009977885209,0.7195052921033707,0.08843091497526016
tvc500,friction_mass,1.7,friction_mass_1p7,30,3167.151781178405,323.7189741409851,3248.6344928317317,336.46949122261833,3266.069932329349,329.0999421972299,0.8469817803354222,0.0383834237251283
tvc500,friction_mass,2.0,friction_mass_2,30,3360.39296160883,322.9975148621764,3431.518571087795,346.1340030742741,3441.403174309799,336.9466572355121,0.9014480236292667,0.027885770759754992
tvc500,friction_mass_damping,0.1,friction_mass_damping_0p1,30,3628.0370308708016,314.2420086684006,3711.583073969333,334.9822799708168,3719.9809543942256,327.35682485958995,0.9888710145221791,0.006978022627384897
tvc500,friction_mass_damping,0.2,friction_mass_damping_0p2,30,3531.1926946456747,312.55040502211256,3643.9305745895635,334.0772913579707,3648.2198522865056,325.1751743257627,0.95992804933736,0.012520017387528217
tvc500,friction_mass_damping,0.3,friction_mass_damping_0p3,30,3261.905868476919,310.98747840494826,3477.0334803638007,331.32670646520944,3467.581484683629,325.98834489100744,0.8843372020274598,0.02897349624148529
tvc500,friction_mass_damping,0.4,friction_mass_damping_0p4,30,2507.336551590294,343.7305266775469,2671.518523175396,467.5197142471496,2654.350190287213,416.1366255892005,0.6867725943439906,0.07312328005845012
tvc500,friction_mass_damping,0.5,friction_mass_damping_0p5,30,1600.2265371156607,378.6978465664926,1566.4632650655415,453.5501556569393,1602.335206367654,432.7078298321865,0.43862363012877364,0.09699969830938178
tvc500,friction_mass_damping,0.6,friction_mass_damping_0p6,30,1003.2688152494464,301.3298889010015,938.9086630597905,365.96760675961616,976.823438752639,345.56327083009734,0.26140052865721347,0.08686798162068227
tvc500,friction_mass_damping,0.7,friction_mass_damping_0p7,30,537.6228378297027,230.43937707479566,539.4119670213455,276.48217174949554,524.1410086877268,244.33547535385355,0.14026609133740794,0.07429639600071902
tvc500,friction_mass_damping,0.8,friction_mass_damping_0p8,30,303.3280803762347,104.96624736050997,223.4678377097478,131.65620666018788,251.13913235844308,112.46381309485868,0.081345743038409,0.037602284096635706
tvc500,friction_mass_damping,0.9,friction_mass_damping_0p9,30,124.44212149800155,96.12560845582345,113.76114806793197,181.92783087848704,126.92837768903412,146.4673840146421,0.03571037353306024,0.031092471738025283
tvc500,friction_mass_damping,1.0,friction_mass_damping_1,30,0.0,0.0,0.0,0.0,0.0,0.0,0.0,0.0
tvc500,friction_mass_damping,1.1,friction_mass_damping_1p1,30,117.1282996922848,232.8739776158909,84.88824521237325,264.2081412232145,123.14833840551223,243.14724253891984,0.027290124004362957,0.06030473588882167
tvc500,friction_mass_damping,1.3,friction_mass_damping_1p3,30,1795.83680954816,447.35350249457804,1845.2137731934629,480.1226934582615,1871.2460417739155,465.9985937732534,0.48375446119044346,0.11245125999993962
tvc500,friction_mass_damping,1.5,friction_mass_damping_1p5,30,2694.558551194308,416.40260373536336,2804.4576332333672,424.2924610045746,2796.4681894171777,418.1720969562084,0.7205472398687576,0.08953111417046396
tvc500,friction_mass_damping,1.7,friction_mass_damping_1p7,30,3170.6614917918037,326.7364650931412,3284.127324723941,344.3222112342661,3284.171373630254,333.6475251855624,0.8487835303862197,0.04032610555737913
tvc500,friction_mass_damping,2.0,friction_mass_damping_2,30,3358.9709862776554,322.73705778632893,3433.0063363246704,346.81224689464534,3442.5919369445674,337.4811097489841,0.9009034634368951,0.02807287688827212
tvc500,mass_damping,0.1,mass_damping_0p1,30,3632.412591178591,314.57259995338256,3716.118962929197,334.50492025890685,3725.7321897306756,326.6876562503061,0.9906145326632657,0.004723974736657359
tvc500,mass_damping,0.2,mass_damping_0p2,30,3467.668748098603,301.24903187680854,3652.383320051891,329.0457632662547,3639.3738748755304,319.78491094273994,0.9465299584785852,0.016348614307587835
tvc500,mass_damping,0.3,mass_damping_0p3,30,2999.317758685183,302.0725930905736,3313.3988554884786,359.97492318382456,3266.3186537873926,331.9911780724172,0.8190390635302828,0.04631173760693304
tvc500,mass_damping,0.4,mass_damping_0p4,30,2301.1459221987666,338.20569822599225,2399.4041212287416,409.76702871311096,2409.9117817546967,387.1595379220734,0.640558491849746,0.08107062473410158
tvc500,mass_damping,0.5,mass_damping_0p5,30,1573.4626486280179,342.61149492507326,1602.465224709552,443.96725037827576,1596.4087616836011,423.54568902327077,0.43665066759969323,0.08860194720417859
tvc500,mass_damping,0.6,mass_damping_0p6,30,923.4175784339997,269.6137970963082,801.8617650247336,341.33416678779105,874.7183188527266,327.4775592833606,0.24789785708555595,0.07919993605732178
tvc500,mass_damping,0.7,mass_damping_0p7,30,425.60940872025105,212.7563195499788,360.6702793302371,239.0384651694669,389.9227607101417,236.91217560182287,0.09738087225918318,0.07543114908677555
tvc500,mass_damping,0.8,mass_damping_0p8,30,249.10531706623308,141.05018805658102,212.16743773114052,168.43494689402877,257.20451797443997,157.77506344927627,0.06781594743459092,0.04994214605687291
tvc500,mass_damping,0.9,mass_damping_0p9,30,95.38582065369873,86.24730937881502,66.63370294755842,134.70641501859134,87.02565545354871,104.25465201555129,0.022470530584365028,0.0307295910086505
tvc500,mass_damping,1.0,mass_damping_1,30,0.0,0.0,0.0,0.0,0.0,0.0,0.0,0.0
tvc500,mass_damping,1.1,mass_damping_1p1,30,48.80406459948081,211.20145284396958,49.5425991974508,252.72465815887386,63.25103996023792,239.4818133702953,0.008211662414221315,0.05626821964980657
tvc500,mass_damping,1.3,mass_damping_1p3,30,1571.5016909763378,462.24385934464755,1631.032160154427,482.2563995407546,1638.7673612985482,471.6089968654883,0.41512453970084684,0.11467728020569391
tvc500,mass_damping,1.5,mass_damping_1p5,30,2737.836503252777,354.7862274259957,2828.2566967433795,364.8107332732067,2852.350784429289,353.48608636442486,0.729360728725612,0.07233148971959066
tvc500,mass_damping,1.7,mass_damping_1p7,30,3125.9244472504415,330.0802031703058,3218.5171511948097,334.60540407122176,3238.726032884218,325.33665311935204,0.8305833285865039,0.04983234053779981
tvc500,mass_damping,2.0,mass_damping_2,30,3313.1215708922264,328.47929468150824,3384.6510304367944,348.95374267861456,3395.8326639529,341.1004559614328,0.8834416557168712,0.03683239364693133
vanilla,friction_damping,0.0,friction_damping_0,30,3781.9158661026554,252.34021938379166,3844.147119877277,249.32418116459036,3832.68037885306,248.05294052631464,0.9510555413711633,0.011213584838268809
vanilla,friction_damping,0.1,friction_damping_0p1,30,3741.6226573377394,249.24244088243563,3819.5590127732407,250.05612867192033,3806.1250352229695,248.27258592767132,0.9397005559503472,0.01611370445969257
vanilla,friction_damping,0.2,friction_damping_0p2,30,3316.5079131152193,307.81065371911393,3466.125453832158,331.12991217680644,3431.0994671247804,318.39044588684413,0.834288359587435,0.05849462597517678
vanilla,friction_damping,0.3,friction_damping_0p3,30,2577.2867030788843,409.6488499860686,2660.2617625337857,441.5111948366181,2611.3844004270372,434.226502773435,0.6534882516404247,0.09694281474942276
vanilla,friction_damping,0.4,friction_damping_0p4,30,1646.3788667803633,337.7164144284011,1530.546944735863,459.6924328330461,1632.859052506976,406.8764944100285,0.41682370609071134,0.08237298030779211
vanilla,friction_damping,0.5,friction_damping_0p5,30,840.7175221869019,285.7760999558596,724.2056803612361,331.09972136312257,717.0719801670317,318.89538792378227,0.2108217922405868,0.0728760665849707
vanilla,friction_damping,0.6,friction_damping_0p6,30,375.41119923987395,196.7431443159796,365.13425946927725,253.87876004052129,361.41081693748043,222.3274208864261,0.09351999173445254,0.05083572864599363
vanilla,friction_damping,0.7,friction_damping_0p7,30,193.7819463762652,93.26087098908044,102.45825739208058,59.585580160191654,109.75580116083282,58.62812378531548,0.048555581936803836,0.02407514319937691
vanilla,friction_damping,0.8,friction_damping_0p8,30,118.97748774055718,76.74384748439049,62.237878428059076,66.72567386737342,77.65534609916482,62.60312417650332,0.02894481414297506,0.0193016149047507
vanilla,friction_damping,0.9,friction_damping_0p9,30,108.99312331042874,74.51192715039465,65.66584233794921,92.62819717812714,87.77693411455634,84.54004376905041,0.026042141754518834,0.020617965960611655
vanilla,friction_damping,1.0,friction_damping_1,30,0.0,0.0,0.0,0.0,0.0,0.0,0.0,0.0
vanilla,friction_damping,1.1,friction_damping_1p1,30,3.2643515932145535,96.26610035817897,37.38080141537599,88.2477005982205,23.50466919361104,88.6867556670874,-0.0007815765559123145,0.026989838016642474
vanilla,friction_damping,1.3,friction_damping_1p3,30,175.36523306215182,165.84610625000445,136.599859946261,158.5887697728415,128.42105075184682,160.58947831141293,0.041683696220405325,0.043964851816376875
vanilla,friction_damping,1.5,friction_damping_1p5,30,599.2760988187378,319.5614944244502,528.1758266322702,348.44592299349927,533.0227641806113,345.3101122761213,0.16372796246569177,0.08555226107555391
vanilla,friction_damping,1.7,friction_damping_1p7,30,1016.3570010028537,389.64864072449353,937.9464526179056,417.4579895213409,942.4635938143895,418.4535494015601,0.27745512605524236,0.1065306414150382
vanilla,friction_damping,2.0,friction_damping_2,30,1652.896820930527,493.9758822932594,1694.323813047285,544.9855200975943,1656.4242229354124,528.2528376954592,0.43271126727689985,0.12674151973658232
vanilla,friction_mass,0.1,friction_mass_0p1,30,3920.8757540505044,248.37482886911718,4000.8976700624776,247.16057519805832,3985.862101468435,245.56170687951303,0.9914491241630851,0.002690754686312393
vanilla,friction_mass,0.2,friction_mass_0p2,30,3811.681556729362,249.97857157265057,3911.827761311934,249.45112928847027,3896.7909836664267,247.4717822305258,0.9607085691249387,0.0100779527136796
vanilla,friction_mass,0.3,friction_mass_0p3,30,3443.353860930024,250.95791502312974,3678.5102441001713,260.9267839510476,3643.302646034889,256.15299236575487,0.8692532271596682,0.03218247325403464
vanilla,friction_mass,0.4,friction_mass_0p4,30,2668.2532440904242,314.38660905878703,2956.450048632708,410.51622712740055,2856.5688279585443,369.8826856833926,0.6769245625913463,0.06715678809045983
vanilla,friction_mass,0.5,friction_mass_0p5,30,1826.4333762982,350.25724707923195,1750.666285527471,471.6782372772931,1788.9772600870124,423.35750471487125,0.4571023099325275,0.08190712368731856
vanilla,friction_mass,0.6,friction_mass_0p6,30,1070.857635496238,301.36847403439486,920.4787359295341,332.7216533882021,957.2819285173737,330.00356735955796,0.2613673349542475,0.07517164810970911
vanilla,friction_mass,0.7,friction_mass_0p7,30,696.6363799233839,268.1544932593351,515.081416650178,278.5677618394929,593.9151535274385,280.2346601845632,0.1737373152992697,0.062196510957953206
vanilla,friction_mass,0.8,friction_mass_0p8,30,426.2887030787416,229.7536323046349,387.5117771460006,227.77335602071273,386.5555270908735,226.8842768556212,0.10881064502711743,0.0550038486833443
vanilla,friction_mass,0.9,friction_mass_0p9,30,189.30362680970265,165.53547341777332,209.28390206724168,176.54081784972587,214.85044602853256,178.5298565954794,0.048581904391742405,0.03990299853060092
vanilla,friction_mass,1.0,friction_mass_1,30,0.0,0.0,0.0,0.0,0.0,0.0,0.0,0.0
vanilla,friction_mass,1.1,friction_mass_1p1,30,40.3395947770168,118.13471515717079,28.98230493249407,105.02327029551226,22.01981725273814,105.30323187782017,0.006463538761503887,0.03219834221719905
vanilla,friction_mass,1.3,friction_mass_1p3,30,1442.0299650778318,468.7006861482409,1329.4207121263355,521.8662573062536,1386.1522950500812,500.0105125624696,0.37086192118046163,0.12061969244421566
vanilla,friction_mass,1.5,friction_mass_1p5,30,2791.420637218706,426.92466062245074,2792.1522415871636,473.7263717844136,2804.544816264887,451.1163873891911,0.7045155360441256,0.09918436751909082
vanilla,friction_mass,1.7,friction_mass_1p7,30,3413.55245154552,271.41736672556505,3514.331877772899,262.12422585854466,3483.0684657205443,267.5556861845295,0.8571339276535962,0.04413017225429205
vanilla,friction_mass,2.0,friction_mass_2,30,3661.1924500170794,252.8404050689873,3729.273534097805,251.4435599998674,3717.1417700635225,249.82385617484914,0.917074334938139,0.020618049169054582
vanilla,friction_mass_damping,0.1,friction_mass_damping_0p1,30,3915.0350820172384,248.33768270493178,4001.810027797166,245.9217911365587,3991.3802186064254,247.93002532459485,0.9913121439279984,0.002987099423158051
vanilla,friction_mass_damping,0.2,friction_mass_damping_0p2,30,3806.4262163718117,242.7386223332585,3925.925696157823,245.0507150274426,3913.183008832316,246.7188776497054,0.9634424712995201,0.009835784129941707
vanilla,friction_mass_damping,0.3,friction_mass_damping_0p3,30,3473.172098743749,242.49747369052602,3720.806026011392,248.55353296191015,3681.7791211758436,249.23675952050093,0.8785210381264823,0.030244412754794284
vanilla,friction_mass_damping,0.4,friction_mass_damping_0p4,30,2651.057912446258,265.04684523876244,2914.209054373142,389.4697719119864,2870.3241261573717,331.2684412856555,0.6768182479956628,0.05824255393001113
vanilla,friction_mass_damping,0.5,friction_mass_damping_0p5,30,1849.505569964002,369.3495399955406,1794.8369372312527,485.0290078402089,1834.1426090107677,446.9068750195053,0.46110501113812763,0.09031033512259641
vanilla,friction_mass_damping,0.6,friction_mass_damping_0p6,30,1136.9583800744185,282.01614290564254,1032.1396328768571,361.0888025130595,1056.6721369253391,334.5479700263637,0.2815360576875198,0.06882174442888393
vanilla,friction_mass_damping,0.7,friction_mass_damping_0p7,30,672.2909019492649,250.81492470713243,653.1838903913635,331.1717937358375,605.636741451129,289.11802637124725,0.17309859436595568,0.06265931223750439
vanilla,friction_mass_damping,0.8,friction_mass_damping_0p8,30,397.05450578414406,203.44055494241692,382.8907582505383,229.10585986121745,388.19265440201355,217.00089752657635,0.10397914451707649,0.049814940099629695
vanilla,friction_mass_damping,0.9,friction_mass_damping_0p9,30,188.83681983584125,151.50483413958472,230.89579192194086,201.58734800818314,227.3249997191521,177.15093115277142,0.04760157373281085,0.03970467173975733
vanilla,friction_mass_damping,1.0,friction_mass_damping_1,30,0.0,0.0,0.0,0.0,0.0,0.0,0.0,0.0
vanilla,friction_mass_damping,1.1,friction_mass_damping_1p1,30,34.74289282973905,105.39816549986038,36.98909499937824,105.10956267854607,41.25340032018847,100.41525309655933,0.007770963451093371,0.02813561521355599
vanilla,friction_mass_damping,1.3,friction_mass_damping_1p3,30,1457.752967043905,470.6527700740406,1382.0093550551776,527.0608301131186,1423.8968801926007,506.36149060155816,0.37474003970837455,0.12065654238930543
vanilla,friction_mass_damping,1.5,friction_mass_damping_1p5,30,2794.1514637684722,422.06315716628586,2737.110205372709,497.5195626765049,2783.942242041088,460.32223706111733,0.70660068174409,0.0973934128377416
vanilla,friction_mass_damping,1.7,friction_mass_damping_1p7,30,3454.1369219921307,259.25784832742426,3567.7950943465567,243.9263510818722,3558.2327044247404,245.45196918712884,0.8665610780530947,0.03498334147580479
vanilla,friction_mass_damping,2.0,friction_mass_damping_2,30,3643.2804859868947,253.18976505235398,3721.830631743517,247.9279717653658,3711.6446310441925,250.48796601855517,0.914093953469764,0.020817504171534707
vanilla,mass_damping,0.1,mass_damping_0p1,30,3911.104805818948,247.57151040406933,4003.9609947748977,244.84557936109087,3993.0267368139775,246.96487949099478,0.9905553145821769,0.0029419434554393458
vanilla,mass_damping,0.2,mass_damping_0p2,30,3758.7561804076536,242.3103028352957,3923.9246274389275,243.63737843380983,3902.2598767125864,245.129074280571,0.9518205574969318,0.012803639585491137
vanilla,mass_damping,0.3,mass_damping_0p3,30,3273.0087896533996,256.6527559154167,3615.36923414639,288.8824082638507,3557.8784890375823,280.3275600844955,0.8318953390775836,0.04213068000638644
vanilla,mass_damping,0.4,mass_damping_0p4,30,2386.872191203496,341.65406019272524,2455.0974099132195,450.65893557061014,2460.7153884831964,410.00496695821846,0.6103679403258154,0.08059818584255232
vanilla,mass_damping,0.5,mass_damping_0p5,30,1660.1205852293938,379.6721329888242,1610.8111466961695,467.9330294852672,1612.393073858345,450.727930463848,0.42195539961780226,0.09297693795954463
vanilla,mass_damping,0.6,mass_damping_0p6,30,1036.6735691781303,355.2460587051729,937.8792525897659,399.96556973383764,990.8197579472578,395.9871373786859,0.264999995677217,0.08657507237807936
vanilla,mass_damping,0.7,mass_damping_0p7,30,607.4536932819143,253.6588863163227,569.6864246333384,298.206796744992,563.426407993934,280.2911073094755,0.14738595315489073,0.06130519546573044
vanilla,mass_damping,0.8,mass_damping_0p8,30,341.1913651061598,152.87143177340064,297.5674264199891,179.31208358528227,294.87880607486,158.44090518995765,0.090770116708473,0.04069185038275142
vanilla,mass_damping,0.9,mass_damping_0p9,30,104.8817801231375,96.92592755169898,112.69712419312462,99.06434745688524,98.3313559965528,82.16952199006387,0.029730386424221412,0.02507474835904669
vanilla,mass_damping,1.0,mass_damping_1,30,0.0,0.0,0.0,0.0,0.0,0.0,0.0,0.0
vanilla,mass_damping,1.1,mass_damping_1p1,30,-16.929272662279132,77.42940384941866,0.7882959338808291,41.36807450777945,-7.887401400920635,43.502651113863244,-0.005832095554775516,0.023108064769711913
vanilla,mass_damping,1.3,mass_damping_1p3,30,1567.9627326333134,439.91379349064414,1527.807596806719,513.2128998584576,1551.599357982098,482.3870599347122,0.3951462800094561,0.1110306251715135
vanilla,mass_damping,1.5,mass_damping_1p5,30,2647.624514675699,410.89092899486076,2712.7710299188857,437.5559492713113,2705.287091484923,430.4872791582979,0.6641104497188193,0.09789523395353035
vanilla,mass_damping,1.7,mass_damping_1p7,30,3265.980063495554,312.09985011391495,3376.453127631123,300.5737469386107,3357.517637271781,301.4705755172534,0.8161711012845545,0.06438804115137006
vanilla,mass_damping,2.0,mass_damping_2,30,3579.7356293958105,270.9735029860609,3672.368015988829,258.0039333101658,3662.975325160305,261.15995100474987,0.8929174370249212,0.03515890295608121
