model_label,seed,cap,event_path,final__charts/episodic_return,max__charts/episodic_return,mean__charts/episodic_return,first_step__charts/episodic_return__ge_0p01,final__charts/episodic_length,max__charts/episodic_length,mean__charts/episodic_length,first_step__charts/episodic_length__ge_0p01,final__eval/episodic_return,max__eval/episodic_return,mean__eval/episodic_return,first_step__eval/episodic_return__ge_0p01,final__losses/qf1_values,max__losses/qf1_values,mean__losses/qf1_values,first_step__losses/qf1_values__ge_0p01,final__losses/qf2_values,max__losses/qf2_values,mean__losses/qf2_values,first_step__losses/qf2_values__ge_0p01,final__losses/qf_loss,max__losses/qf_loss,mean__losses/qf_loss,first_step__losses/qf_loss__ge_0p01,final__losses/actor_loss,max__losses/actor_loss,mean__losses/actor_loss,first_step__losses/actor_loss__ge_0p01,final__targets/min_q_next_mean_pre_clip,max__targets/min_q_next_mean_pre_clip,mean__targets/min_q_next_mean_pre_clip,first_step__targets/min_q_next_mean_pre_clip__ge_0p01,final__targets/min_q_next_p95_pre_clip,max__targets/min_q_next_p95_pre_clip,mean__targets/min_q_next_p95_pre_clip,first_step__targets/min_q_next_p95_pre_clip__ge_0p01,final__targets/min_q_next_p99_pre_clip,max__targets/min_q_next_p99_pre_clip,mean__targets/min_q_next_p99_pre_clip,first_step__targets/min_q_next_p99_pre_clip__ge_0p01,final__targets/min_q_next_mean_post_clip,max__targets/min_q_next_mean_post_clip,mean__targets/min_q_next_mean_post_clip,first_step__targets/min_q_next_mean_post_clip__ge_0p01,final__targets/td_target_mean,max__targets/td_target_mean,mean__targets/td_target_mean,first_step__targets/td_target_mean__ge_0p01,final__robust/td3_q_target_clip_fraction,max__robust/td3_q_target_clip_fraction,mean__robust/td3_q_target_clip_fraction,first_step__robust/td3_q_target_clip_fraction__ge_0p01,final__robust/td3_q_target_excess_mean,max__robust/td3_q_target_excess_mean,mean__robust/td3_q_target_excess_mean,first_step__robust/td3_q_target_excess_mean__ge_0p01,final__charts/SPS,max__charts/SPS,mean__charts/SPS,first_step__charts/SPS__ge_0p01,max_step,training_return_auc,final_q_p95_over_cap,cap_active_final,cap_active_ever
tvc100,1,100.0,/home/users/am1015/rl_runs_td3_tvcap_20260722_walker_v5_full30/Walker2d-v5__td3_tvcap_tvc100__1__1784796862/events.out.tfevents.1784796866.linux57.312932.0,609.6138305664062,1246.6585693359375,354.9263148359428,16.0,284.0,1000.0,185.8024530756365,16.0,683.6537170410156,996.5184936523438,706.5268005371094,0.0,93.34423065185547,97.85254669189453,89.0679985489511,25300.0,93.377685546875,97.84333801269531,89.06772036487209,25300.0,2.4157803058624268,39.650779724121094,4.140523007163829,25100.0,-93.89996337890625,-0.4543216824531555,-90.19257019171776,,93.47242736816406,97.82498931884766,89.50981431534875,25400.0,102.03153991699219,102.61566162109375,100.2343658196497,25100.0,102.94688415527344,106.11060333251953,101.45305012032757,25100.0,92.88055419921875,97.23463439941406,89.09478171854346,25400.0,93.36194610595703,98.04441833496094,89.06680671730929,25300.0,0.734375,0.828125,0.5318522252282285,49500.0,0.6011651754379272,0.7499680519104004,0.4150325865063964,49700.0,51.0,2357.0,59.04923581905837,25100.0,999900,452.2875470924072,1.0203153991699219,1.0,1.0
tvc100,2,100.0,/home/users/am1015/rl_runs_td3_tvcap_20260722_walker_v5_full30/Walker2d-v5__td3_tvcap_tvc100__2__1784797281/events.out.tfevents.1784797284.compsci-cluster-fitz-02.3267297.0,550.4214782714844,1417.2806396484375,381.7304868437649,13.0,234.0,1000.0,200.16836836836836,13.0,509.7964782714844,664.846435546875,516.8407806396484,0.0,93.74311828613281,97.53621673583984,89.88400997335647,25400.0,93.76762390136719,97.4855728149414,89.8850207268024,25400.0,3.3226544857025146,37.836692810058594,4.774485261665468,25100.0,-94.5148696899414,-0.26639217138290405,-91.23104608972349,,93.78744506835938,97.69440460205078,90.31117571893678,25500.0,102.04041290283203,102.593505859375,100.2662210178942,25100.0,102.85456848144531,107.79582214355469,101.4270766051684,25100.0,93.22860717773438,97.04661560058594,89.89901513292703,25500.0,93.74491119384766,97.550537109375,89.88715586284131,25400.0,0.62890625,0.765625,0.49471981100625706,53100.0,0.5677316188812256,0.7346034049987793,0.41216056752735586,49000.0,43.0,2359.0,50.20196943276233,25100.0,999900,516.7198698635285,1.0204041290283203,1.0,1.0
tvc100,3,100.0,/home/users/am1015/rl_runs_td3_tvcap_20260722_walker_v5_full30/Walker2d-v5__td3_tvcap_tvc100__3__1784797281/events.out.tfevents.1784797284.compsci-cluster-fitz-02.3267290.0,632.8381652832031,1647.805908203125,403.1948475270347,27.0,278.5,1000.0,196.17049244653717,27.0,646.6188659667969,832.4729614257812,639.4654602050781,0.0,94.21016693115234,97.99185180664062,90.95018580793747,25400.0,94.2077407836914,97.97452545166016,90.94835457934629,25400.0,3.4525840282440186,43.08534240722656,4.873900656553889,25100.0,-94.88098907470703,-0.30421799421310425,-92.19089798828139,,94.33807373046875,98.42298889160156,91.39258371272528,25400.0,102.49948120117188,103.1540756225586,100.82307238634556,25100.0,103.36778259277344,105.85971069335938,101.97736166985582,25100.0,93.63056945800781,97.654541015625,90.82604031400894,25400.0,94.1850814819336,97.86441802978516,90.94684829413188,25400.0,0.7265625,0.82421875,0.5484669100676992,50800.0,0.7341886758804321,0.9484122395515442,0.5665433687642362,51000.0,46.0,2273.0,52.90747769001949,25100.0,999900,523.170506666104,1.0249948120117187,1.0,1.0
tvc100,4,100.0,/home/users/am1015/rl_runs_td3_tvcap_20260722_walker_v5_full30/Walker2d-v5__td3_tvcap_tvc100__4__1784797365/events.out.tfevents.1784797367.compsci-cluster-fitz-12.1081036.0,526.7555541992188,1484.6785888671875,400.3018417668421,21.0,225.0,1000.0,200.34441995592067,21.0,516.0540771484375,541.810791015625,514.4188568115235,0.0,95.57228088378906,98.6973876953125,92.15332550496736,25300.0,95.57412719726562,98.8271484375,92.15874371262673,25200.0,2.187572956085205,49.49346160888672,4.082537188401897,25100.0,-96.228515625,-0.40911540389060974,-93.38581067744018,,95.776611328125,99.15914916992188,92.62093558291531,25400.0,102.227783203125,103.80755615234375,100.89980922172725,25100.0,103.05754089355469,106.41511535644531,101.97315293440899,25100.0,95.08432006835938,98.48037719726562,92.04444972260546,25400.0,95.586181640625,99.02090454101562,92.15391183427221,25300.0,0.71484375,0.828125,0.5949043651913016,46800.0,0.6984723806381226,0.9140580296516418,0.5764858778996007,47500.0,47.0,2647.0,55.480151810442095,25100.0,999918,524.6398065330891,1.02227783203125,1.0,1.0
tvc100,5,100.0,/home/users/am1015/rl_runs_td3_tvcap_20260722_walker_v5_full30/Walker2d-v5__td3_tvcap_tvc100__5__1784797460/events.out.tfevents.1784797463.compsci-cluster-fitz-20.1395968.0,684.8540649414062,1751.9439697265625,410.01085154829747,26.0,321.0,1000.0,204.3646216768916,26.0,946.8932800292969,1384.5286865234375,910.9766967773437,0.0,93.89549255371094,97.92422485351562,88.78909772994999,25100.0,93.88752746582031,97.68167877197266,88.7909422992788,25100.0,5.227522850036621,49.62792205810547,6.552960300192364,25100.0,-94.71678161621094,-0.4120614230632782,-90.16872495870454,,93.96298217773438,97.66093444824219,89.2441109737905,25200.0,102.40164184570312,103.15179443359375,100.33152928730746,25100.0,103.60114288330078,106.65862274169922,101.65820151785726,25100.0,93.27799987792969,96.96123504638672,88.75788134929026,25200.0,93.92273712158203,97.63412475585938,88.79739992752066,25100.0,0.6796875,0.78515625,0.48491471881731457,61300.0,0.6858785152435303,0.8799012899398804,0.4862296246867239,52100.0,45.0,2650.0,54.08216227305365,25100.0,999900,549.4448226919541,1.0240164184570313,1.0,1.0
tvc100,6,100.0,/home/users/am1015/rl_runs_td3_tvcap_20260722_walker_v5_full30/Walker2d-v5__td3_tvcap_tvc100__6__1784797546/events.out.tfevents.1784797549.compsci-cluster-fitz-22.436899.0,592.5804443359375,1552.0025634765625,398.7832397838674,17.0,256.0,1000.0,183.5486417033774,17.0,623.3812255859375,1166.846923828125,729.5481689453125,0.0,93.340087890625,97.78524780273438,90.11551167186285,25200.0,93.34538269042969,97.83690643310547,90.11774515450125,25200.0,4.292184829711914,40.134971618652344,5.345461180823967,25100.0,-94.03169250488281,-0.33034729957580566,-91.41690320154376,,93.37781524658203,97.97660064697266,90.54124988539088,25400.0,102.80177307128906,103.71878814697266,101.0532851840841,25100.0,103.8506088256836,106.5051040649414,102.38513991083227,25100.0,92.58844757080078,97.15438842773438,89.90498696686714,25400.0,93.31303405761719,97.80850982666016,90.11239605987171,25200.0,0.7109375,0.80859375,0.5471250256436557,52000.0,0.7982292771339417,1.0682945251464844,0.6362630029570349,52000.0,46.0,2304.0,53.221561185762646,25100.0,999972,493.20620273053646,1.0280177307128906,1.0,1.0
tvc100,7,100.0,/home/users/am1015/rl_runs_td3_tvcap_20260722_walker_v5_full30/Walker2d-v5__td3_tvcap_tvc100__7__1784797761/events.out.tfevents.1784797764.compsci-cluster-fitz-23.1017546.0,519.1174621582031,2121.909423828125,394.61674786482877,59.0,226.0,1000.0,203.74220501324638,11.0,604.2942810058594,672.5453491210938,559.817007446289,0.0,94.114990234375,98.1711654663086,90.83785026787517,25100.0,94.10316467285156,98.23846435546875,90.83744663074926,25100.0,3.331132411956787,45.00248718261719,4.662687402625156,25100.0,-94.82538604736328,-0.5818972587585449,-92.06010887206841,,94.31411743164062,97.85707092285156,91.30006825619523,25100.0,102.19027709960938,102.84425354003906,100.23606513600335,25100.0,103.1159439086914,105.50894165039062,101.41205339126556,25100.0,93.67254638671875,97.15633392333984,90.85117939670708,25100.0,94.11857604980469,98.03352355957031,90.83989429351139,25100.0,0.72265625,0.8125,0.5395621506051903,52100.0,0.6276397705078125,0.7967380285263062,0.4488888558197882,44000.0,46.0,2265.0,53.42722330495435,25100.0,999900,535.7622455606858,1.0219027709960937,1.0,1.0
tvc100,8,100.0,/home/users/am1015/rl_runs_td3_tvcap_20260722_walker_v5_full30/Walker2d-v5__td3_tvcap_tvc100__8__1784797821/events.out.tfevents.1784797824.compsci-cluster-fitz-14.1584363.0,556.8375244140625,1531.95166015625,385.89443163926086,51.0,238.0,1000.0,196.4869325997249,13.0,612.8394165039062,704.3008422851562,618.7036071777344,0.0,93.71670532226562,97.66656494140625,90.03383564388561,25100.0,93.72526550292969,97.74925231933594,90.03693499669382,25100.0,3.1812973022460938,44.278472900390625,5.087554754488914,25100.0,-94.45276641845703,-0.4155019223690033,-91.28643794294345,,93.84783935546875,97.52278137207031,90.47435346689302,25200.0,102.07949829101562,102.76522064208984,100.41458496920316,25100.0,102.98345947265625,107.16291809082031,101.6748032628854,25100.0,93.21659851074219,96.7994155883789,90.00853596386337,25200.0,93.72480773925781,97.64561462402344,90.04055084486421,25100.0,0.6015625,0.78515625,0.5207921966355523,49200.0,0.6247899532318115,0.805893063545227,0.46581748695003766,48800.0,45.0,2346.0,53.165042568468564,25100.0,999921,507.04772045597053,1.0207949829101564,1.0,1.0
tvc100,9,100.0,/home/users/am1015/rl_runs_td3_tvcap_20260722_walker_v5_full30/Walker2d-v5__td3_tvcap_tvc100__9__1784797851/events.out.tfevents.1784797854.compsci-cluster-fitz-15.1685403.0,711.5837707519531,1732.6248779296875,440.2687152819129,27.0,315.0,1000.0,224.06094555231905,27.0,662.1414184570312,903.5486450195312,696.139306640625,0.0,95.15703582763672,98.89752960205078,91.72293973007649,25300.0,95.16389465332031,98.97895050048828,91.72193540895242,25300.0,5.5277204513549805,123.41842651367188,6.307584405701207,25100.0,-95.96373748779297,-0.4145891070365906,-92.99721849556519,,95.21891784667969,98.73737335205078,92.1633718336881,25400.0,102.34239196777344,103.65762329101562,100.33558953569869,25100.0,104.13581848144531,107.2127914428711,102.04535171308876,25100.0,94.58123779296875,98.14720916748047,91.66280571954475,25400.0,95.16870880126953,98.87621307373047,91.72461192137291,25300.0,0.6640625,0.78515625,0.5640530439019387,53600.0,0.6469972133636475,0.8333415985107422,0.5005661106522921,47900.0,45.0,2372.0,52.567442814647656,25100.0,999983,585.6134852033395,1.0234239196777344,1.0,1.0
tvc100,10,100.0,/home/users/am1015/rl_runs_td3_tvcap_20260722_walker_v5_full30/Walker2d-v5__td3_tvcap_tvc100__10__1784797880/events.out.tfevents.1784797883.compsci-cluster-fitz-15.1685535.0,587.67626953125,1253.2061767578125,365.08630299104044,25.0,232.0,1000.0,188.89495560173813,25.0,411.18316650390625,990.1259155273438,476.62278442382814,0.0,92.75558471679688,96.74040985107422,88.15950968205861,25200.0,92.75253295898438,96.47137451171875,88.15938826805102,25200.0,4.124789237976074,65.46495819091797,4.959359782087716,25100.0,-93.62467956542969,-0.3737124800682068,-89.49904409717054,,92.9026870727539,96.64906311035156,88.63595396964442,25300.0,102.31216430664062,103.19476318359375,99.74405043034392,25100.0,103.50044250488281,106.49584197998047,101.0977942505113,25100.0,92.31243896484375,95.99320983886719,88.1943474623201,25300.0,92.76181030273438,96.47073364257812,88.16254175314981,25200.0,0.55859375,0.71484375,0.4730352952866961,59900.0,0.5936518907546997,0.7876365184783936,0.4416065652201219,60000.0,44.0,2612.0,52.77382295620063,25100.0,999900,474.7098530003658,1.0231216430664063,1.0,1.0
tvc100,11,100.0,/home/users/am1015/rl_runs_td3_tvcap_20260722_walker_v5_full30/Walker2d-v5__td3_tvcap_tvc100__11__1784797906/events.out.tfevents.1784797909.compsci-cluster-fitz-23.1017779.0,576.4841613769531,1610.1009521484375,371.7813933237417,91.0,265.0,1000.0,191.125406232078,15.0,769.1500244140625,1010.3130493164062,814.3022155761719,0.0,93.59593200683594,97.374755859375,89.91111982207684,25400.0,93.55366516113281,97.4143295288086,89.91117247180296,25400.0,3.886413335800171,42.600791931152344,4.1871586592209,25100.0,-94.28971862792969,-0.03984907269477844,-91.1207216200596,,93.69139099121094,97.31666564941406,90.38458601575918,25500.0,102.19847106933594,103.88965606689453,100.57324509275108,25100.0,103.29303741455078,107.03439331054688,101.62213965371544,25100.0,93.04670715332031,96.6903076171875,89.86579932705033,25500.0,93.59403228759766,97.2613525390625,89.9119629357673,25400.0,0.73046875,0.8125,0.5986739825879578,50400.0,0.6230159997940063,0.8494882583618164,0.5187867227542435,50400.0,44.0,2311.0,50.82952097651041,25100.0,999900,475.2955257120805,1.0219847106933593,1.0,1.0
tvc100,12,100.0,/home/users/am1015/rl_runs_td3_tvcap_20260722_walker_v5_full30/Walker2d-v5__td3_tvcap_tvc100__12__1784797941/events.out.tfevents.1784797944.compsci-cluster-fitz-21.2159420.0,724.0858764648438,2019.5101318359375,430.3089269233783,20.0,263.0,1000.0,191.64021468276786,20.0,886.6761474609375,1106.8028564453125,835.571855545044,0.0,94.71802520751953,98.21731567382812,91.15489937762383,25200.0,94.74118041992188,98.30386352539062,91.15465655194416,25200.0,5.970118999481201,50.634010314941406,6.578087255847428,25100.0,-95.53899383544922,-0.361205130815506,-92.48605772086823,,94.75697326660156,98.30184936523438,91.5755036165228,25400.0,102.92864227294922,104.36634826660156,100.94101202500174,25100.0,104.46490478515625,107.39257049560547,102.71225558742094,25100.0,93.9293212890625,97.47541809082031,90.94818196648953,25400.0,94.72190856933594,98.48727416992188,91.15654061909459,25200.0,0.71484375,0.81640625,0.568393232639245,52100.0,0.8316705226898193,1.1155521869659424,0.6273216641870006,52300.0,44.0,2282.0,52.700379526105245,25100.0,999900,548.7384438296923,1.0292864227294922,1.0,1.0
tvc100,13,100.0,/home/users/am1015/rl_runs_td3_tvcap_20260722_walker_v5_full30/Walker2d-v5__td3_tvcap_tvc100__13__1784797940/events.out.tfevents.1784797943.compsci-cluster-fitz-23.1017914.0,617.6156005859375,1610.4222412109375,386.53278583069476,38.0,276.0,1000.0,211.94362017804156,38.0,644.6672668457031,1176.13671875,690.6410522460938,0.0,93.3177490234375,97.17430114746094,88.30405457625417,25200.0,93.28900146484375,97.29363250732422,88.30562767924543,25300.0,1.8313498497009277,36.92547607421875,4.456723410318262,25100.0,-93.894287109375,-0.19758287072181702,-89.62319454720098,,93.44062042236328,97.05426025390625,88.75412010767329,25400.0,102.11808776855469,103.37387084960938,100.27857666742143,25100.0,102.90086364746094,106.04345703125,101.37977074471691,25100.0,92.85415649414062,96.38284301757812,88.34459810382019,25400.0,93.27898406982422,97.25157165527344,88.30592796052547,25400.0,0.62890625,0.72265625,0.439075081418607,53600.0,0.581313967704773,0.783085823059082,0.40952197429228715,52700.0,46.0,2448.0,55.04810749820494,25100.0,999949,514.5958168701484,1.0211808776855469,1.0,1.0
tvc100,14,100.0,/home/users/am1015/rl_runs_td3_tvcap_20260722_walker_v5_full30/Walker2d-v5__td3_tvcap_tvc100__14__1784797967/events.out.tfevents.1784797970.compsci-cluster-fitz-10.2857438.0,476.8818664550781,1272.6898193359375,364.5554159979973,15.0,208.0,1000.0,184.91584982430183,15.0,573.0972595214844,621.4866943359375,554.8997589111328,0.0,93.6631088256836,97.33596801757812,89.18764264292057,25400.0,93.68296813964844,97.38145446777344,89.18909122484527,25200.0,2.413083553314209,38.314517974853516,4.40279626123877,25100.0,-94.35871124267578,-0.26242542266845703,-90.47131182146214,,93.82688903808594,97.03470611572266,89.6340705791498,25400.0,102.14216613769531,102.872802734375,100.3435506289501,25100.0,103.11245727539062,105.62983703613281,101.49547724874708,25100.0,93.18400573730469,96.34712982177734,89.15587677819494,25400.0,93.6958999633789,97.12649536132812,89.18831576180168,25300.0,0.68359375,0.79296875,0.5185123153656785,52000.0,0.6479108929634094,0.8145772218704224,0.47819377848314304,52100.0,45.0,2635.0,53.397271515027185,25100.0,999900,468.64165236686284,1.0214216613769531,1.0,1.0
tvc100,15,100.0,/home/users/am1015/rl_runs_td3_tvcap_20260722_walker_v5_full30/Walker2d-v5__td3_tvcap_tvc100__15__1784797966/events.out.tfevents.1784797968.compsci-cluster-fitz-12.1081796.0,603.8463134765625,1510.6861572265625,408.29943639361767,20.0,251.5,1000.0,202.06447049312854,20.0,598.5393371582031,929.12841796875,598.7530120849609,0.0,94.17349243164062,97.8755111694336,89.83209178995057,25400.0,94.16340637207031,97.96147155761719,89.83082874279772,25400.0,3.762059450149536,54.63032150268555,5.541575093971731,25100.0,-94.86566162109375,-0.2897685170173645,-91.06151291510058,,94.23822784423828,97.56607818603516,90.26462393879592,25500.0,102.4487533569336,103.11906433105469,100.06058161674704,25100.0,103.435791015625,108.75405883789062,101.44189489828261,25100.0,93.55523681640625,96.90819549560547,89.78875726751535,25500.0,94.17539978027344,97.7912826538086,89.83435166924535,25400.0,0.59765625,0.76953125,0.5033468977587445,53100.0,0.6884853839874268,0.906887412071228,0.475866707948822,49100.0,45.0,2664.0,53.35162580777516,25100.0,999900,524.3817877089366,1.024487533569336,1.0,1.0
tvc100,16,100.0,/home/users/am1015/rl_runs_td3_tvcap_20260722_walker_v5_full30/Walker2d-v5__td3_tvcap_tvc100__16__1784798026/events.out.tfevents.1784798029.compsci-cluster-fitz-14.1584648.0,466.77850341796875,1285.2215576171875,357.48683009134004,14.0,200.0,1000.0,190.18029669075693,14.0,501.3331604003906,523.0040893554688,500.20253295898436,0.0,93.01548767089844,96.88259887695312,89.66531408560121,25300.0,92.9825439453125,96.78439331054688,89.66331661975204,25300.0,2.0628416538238525,57.29026794433594,3.6524491108130865,25100.0,-93.61151123046875,-0.44866877794265747,-90.83178117247358,,93.2130355834961,97.03282165527344,90.13056552022684,25400.0,101.89218139648438,102.98945617675781,100.27517342508597,25100.0,102.54151916503906,108.08335876464844,101.26037664855612,25100.0,92.63868713378906,96.45753479003906,89.70344092746075,25400.0,93.010498046875,96.71055603027344,89.6686260884297,25300.0,0.6953125,0.7890625,0.5254232805928813,48700.0,0.5800802707672119,0.7444215416908264,0.4271246316353716,48800.0,45.0,2425.0,52.1131398092112,25100.0,999967,457.1729563092574,1.0189218139648437,1.0,1.0
tvc100,17,100.0,/home/users/am1015/rl_runs_td3_tvcap_20260722_walker_v5_full30/Walker2d-v5__td3_tvcap_tvc100__17__1784798031/events.out.tfevents.1784798034.compsci-cluster-fitz-22.437552.0,539.6931762695312,2062.986083984375,407.5325197363216,27.0,234.0,1000.0,191.69478527607362,7.0,487.3448944091797,818.2446899414062,556.3620727539062,0.0,94.22183227539062,98.34370422363281,90.3047832794291,25500.0,94.20207977294922,97.92204284667969,90.30472145141805,25500.0,5.385677337646484,70.55796813964844,6.48021514002027,25100.0,-95.05216979980469,-0.3633705973625183,-91.66255416311549,,94.28875732421875,98.12460327148438,90.74155001440654,25500.0,102.63863372802734,103.55725860595703,100.79414121593857,25100.0,103.8607406616211,106.64772033691406,102.24905327780667,25100.0,93.53252410888672,97.48237609863281,90.15246858131547,25500.0,94.22058868408203,97.85092163085938,90.30244080035318,25500.0,0.65625,0.76171875,0.5190656573751153,49600.0,0.7606818675994873,1.0056400299072266,0.589081465999265,48800.0,45.0,2641.0,52.73320340547748,25100.0,999900,509.0058256482276,1.0263863372802735,1.0,1.0
tvc100,18,100.0,/home/users/am1015/rl_runs_td3_tvcap_20260722_walker_v5_full30/Walker2d-v5__td3_tvcap_tvc100__18__1784798146/events.out.tfevents.1784798149.compsci-cluster-fitz-09.1384380.0,568.7198181152344,1973.7052001953125,406.1098488263218,66.0,277.0,1000.0,211.60021164021165,24.0,519.0479125976562,704.3916015625,565.2941284179688,0.0,94.45032501220703,97.88850402832031,90.35878415013427,25400.0,94.44093322753906,97.73553466796875,90.35813481073893,25400.0,2.818188190460205,63.34374237060547,4.291356340357922,25100.0,-95.13221740722656,-0.10253922641277313,-91.54880870971323,,94.656005859375,97.96977996826172,90.82740472692066,25500.0,102.29814147949219,102.85591125488281,100.05878491632738,25200.0,103.14483642578125,106.88150787353516,101.27552211939133,25100.0,94.0028305053711,97.2781982421875,90.33408940848506,25500.0,94.4864273071289,97.66708374023438,90.36322060160293,25400.0,0.6953125,0.80078125,0.5175406612216638,65400.0,0.6600281000137329,0.815575361251831,0.49331531998854145,57600.0,46.0,2390.0,54.20555954456867,25100.0,999900,529.8139298038604,1.0229814147949219,1.0,1.0
tvc100,19,100.0,/home/users/am1015/rl_runs_td3_tvcap_20260722_walker_v5_full30/Walker2d-v5__td3_tvcap_tvc100__19__1784798146/events.out.tfevents.1784798149.compsci-cluster-fitz-14.1584867.0,536.1102294921875,1442.47412109375,400.6781195575539,57.0,245.0,1000.0,194.82482462977396,27.0,511.1388397216797,728.272705078125,531.1688751220703,0.0,93.7054672241211,97.27584838867188,90.31963944427572,25100.0,93.71469116210938,97.52984619140625,90.31913586224987,25100.0,3.7859718799591064,51.170860290527344,4.677048885556875,25100.0,-94.36308288574219,-0.15603423118591309,-91.51657605882865,,93.83101654052734,97.57661437988281,90.72867553945582,25300.0,102.49812316894531,103.34776306152344,100.77012135031431,25100.0,103.4159164428711,106.84600067138672,102.01874158545107,25100.0,93.13754272460938,96.85763549804688,90.18941697403342,25300.0,93.72798156738281,97.43333435058594,90.32081269760077,25100.0,0.71875,0.8125,0.5550212682069956,46700.0,0.7002815008163452,0.9132071733474731,0.5392585249604512,46500.0,45.0,2334.0,52.52425889834855,25100.0,999900,508.7639056933232,1.024981231689453,1.0,1.0
tvc100,20,100.0,/home/users/am1015/rl_runs_td3_tvcap_20260722_walker_v5_full30/Walker2d-v5__td3_tvcap_tvc100__20__1784798146/events.out.tfevents.1784798149.compsci-cluster-fitz-15.1685927.0,574.994873046875,1826.9730224609375,375.3418088206067,47.0,262.0,1000.0,180.85892566467714,19.0,568.8450012207031,647.466064453125,561.7732482910156,0.0,94.37100219726562,98.25956726074219,91.20902080891689,25100.0,94.400390625,98.40950012207031,91.20696446716065,25100.0,3.1355249881744385,39.788673400878906,5.032523061409524,25100.0,-95.05404663085938,-0.6860982775688171,-92.48949910498409,,94.49333190917969,98.49683380126953,91.67827414273634,25100.0,102.45166778564453,103.01908874511719,100.44644238426937,25100.0,103.33016967773438,106.7696304321289,101.83885729951801,25100.0,93.77325439453125,97.87881469726562,91.09857154022896,25100.0,94.34761810302734,98.2381591796875,91.20945077630749,25100.0,0.75390625,0.83203125,0.594545754692789,59400.0,0.7199165225028992,0.9527662992477417,0.5797025680676499,47800.0,45.0,2575.0,52.92429992819776,25100.0,999968,464.2786962023148,1.0245166778564454,1.0,1.0
tvc100,21,100.0,/home/users/am1015/rl_runs_td3_tvcap_20260722_walker_v5_full30/Walker2d-v5__td3_tvcap_tvc100__21__1784798182/events.out.tfevents.1784798186.gpu-compute5.663992.0,528.8089904785156,1929.4005126953125,373.74917012768293,68.0,233.5,1000.0,197.50503653960104,23.0,460.0652160644531,498.73529052734375,459.74937744140624,0.0,93.92062377929688,97.96028900146484,89.64462251040436,25500.0,93.92111206054688,98.14080047607422,89.64628681885812,25500.0,2.9432358741760254,41.34956741333008,3.7969536459305946,25100.0,-94.59069061279297,-0.30446434020996094,-90.8263692829056,,94.12548065185547,97.94450378417969,90.13882249778834,25500.0,102.19746398925781,102.78602600097656,100.07244130641952,25100.0,102.93812561035156,105.44414520263672,101.09469441595549,25100.0,93.50191497802734,97.25579833984375,89.71812865233584,25500.0,93.95219421386719,97.7131576538086,89.64784274109381,25500.0,0.671875,0.79296875,0.5098070955995486,56000.0,0.6104751825332642,0.8132184743881226,0.42069387539849795,53100.0,47.0,1844.0,54.847471535542105,25100.0,999967,470.5816574536073,1.0219746398925782,1.0,1.0
tvc100,22,100.0,/home/users/am1015/rl_runs_td3_tvcap_20260722_walker_v5_full30/Walker2d-v5__td3_tvcap_tvc100__22__1784798180/events.out.tfevents.1784798183.compsci-cluster-fitz-09.1384537.0,670.3753967285156,1727.2578125,403.45577947056205,32.0,286.5,1000.0,202.05679062247373,32.0,685.8300476074219,1003.9075927734375,708.9509704589843,0.0,94.08482360839844,97.92599487304688,90.1751420693838,25500.0,94.0560302734375,97.79100799560547,90.17634064772274,25400.0,4.255345344543457,44.91527557373047,4.989966897967412,25100.0,-94.80815887451172,-0.25510746240615845,-91.40927176745637,,94.19245910644531,98.13700103759766,90.61219466538084,25500.0,102.29605865478516,103.09367370605469,100.08064446245595,25100.0,103.48194122314453,106.28736877441406,101.61929666308491,25100.0,93.52263641357422,97.53165435791016,90.137198695523,25500.0,94.0684585571289,98.24525451660156,90.17470894463827,25500.0,0.671875,0.796875,0.523925130141553,53500.0,0.667343020439148,0.8517313003540039,0.47499596122497534,53000.0,45.0,2296.0,51.782028926043694,25100.0,999900,519.5576681578771,1.0229605865478515,1.0,1.0
tvc100,23,100.0,/home/users/am1015/rl_runs_td3_tvcap_20260722_walker_v5_full30/Walker2d-v5__td3_tvcap_tvc100__23__1784798244/events.out.tfevents.1784798248.linux59.728009.0,538.531494140625,1417.556640625,378.55699834991344,24.0,221.0,1000.0,183.04283360790774,24.0,534.22802734375,660.9803466796875,528.9757049560546,0.0,93.96449279785156,97.64827728271484,91.09706263717523,25700.0,93.94644165039062,97.54692077636719,91.09490284521783,25700.0,2.2624168395996094,40.822269439697266,3.7376994155790606,25100.0,-94.53285217285156,0.12302190810441971,-92.23003359816771,25100.0,94.110595703125,98.20950317382812,91.55508028646265,25600.0,102.35530090332031,103.03587341308594,100.5083743791566,25200.0,103.08969116210938,105.63186645507812,101.5319229610027,25200.0,93.41070556640625,97.37870788574219,91.02908421277806,25600.0,93.96621704101562,97.57134246826172,91.09648509634337,25700.0,0.74609375,0.8359375,0.5923632391783773,51700.0,0.7051446437835693,0.8671234846115112,0.5259960913446601,51700.0,50.0,2215.0,58.664273258795774,25100.0,999962,485.21877824973603,1.0235530090332032,1.0,1.0
tvc100,24,100.0,/home/users/am1015/rl_runs_td3_tvcap_20260722_walker_v5_full30/Walker2d-v5__td3_tvcap_tvc100__24__1784798271/events.out.tfevents.1784798274.linux60.710665.0,424.9745178222656,1203.7301025390625,334.3221983944635,12.0,186.0,1000.0,180.86414616497828,12.0,473.2470703125,684.3331909179688,482.3342620849609,0.0,91.53018951416016,95.40184020996094,87.97112284023656,25300.0,91.5218734741211,95.50689697265625,87.96963574353204,25300.0,1.8991824388504028,36.208213806152344,3.2939603701787936,25100.0,-92.17988586425781,-0.31743124127388,-89.15153544530745,,91.60739135742188,95.99630737304688,88.42005525272141,25400.0,101.8744888305664,102.9667739868164,99.93769953089921,25100.0,102.5749282836914,105.61387634277344,100.93914709430264,25100.0,91.11518859863281,95.43251037597656,88.05288414860252,25400.0,91.51158905029297,95.54216003417969,87.97284090654986,25300.0,0.56640625,0.6953125,0.4654427697712586,54600.0,0.4959898293018341,0.6577081680297852,0.3671710697922759,53800.0,50.0,2372.0,58.624576879679964,25100.0,999900,426.6601689568697,1.018744888305664,1.0,1.0
tvc100,25,100.0,/home/users/am1015/rl_runs_td3_tvcap_20260722_walker_v5_full30/Walker2d-v5__td3_tvcap_tvc100__25__1784798330/events.out.tfevents.1784798333.linux51.112036.0,621.9974975585938,1519.7291259765625,410.8329343081624,51.0,279.0,1000.0,199.6956261234272,18.0,615.6148986816406,782.7469482421875,603.7928680419922,0.0,94.48753356933594,97.75914764404297,90.4435687629241,25300.0,94.47340393066406,97.79120635986328,90.44535865784614,25200.0,3.823044776916504,64.41958618164062,5.222650126561619,25100.0,-95.20689392089844,-0.3269423544406891,-91.72852656511188,,94.58027648925781,97.99618530273438,90.90909280098276,25400.0,102.39971923828125,103.25918579101562,100.67119927457638,25100.0,103.44239044189453,105.8750991821289,101.94717228493332,25100.0,93.85554504394531,97.32789611816406,90.37208615555708,25400.0,94.50914764404297,97.69328308105469,90.443479299515,25300.0,0.71484375,0.80078125,0.5464114107857216,50700.0,0.725186824798584,0.9531986117362976,0.5370067069317478,50900.0,51.0,2495.0,59.08913734742025,25100.0,999900,529.6752550601959,1.0239971923828124,1.0,1.0
tvc100,26,100.0,/home/users/am1015/rl_runs_td3_tvcap_20260722_walker_v5_full30/Walker2d-v5__td3_tvcap_tvc100__26__1784798505/events.out.tfevents.1784798508.linux52.160249.0,511.45770263671875,1461.8985595703125,360.64000578605817,20.0,222.0,1000.0,183.973137074517,20.0,628.6477355957031,1546.2052001953125,745.4782318115234,0.0,93.6732406616211,97.22368621826172,89.00684020460395,25300.0,93.64862823486328,97.11070251464844,89.00805026978401,25200.0,3.807201862335205,34.10655212402344,4.521483314453528,25100.0,-94.47920227050781,-0.19223946332931519,-90.32183019537622,,93.88481140136719,97.59821319580078,89.45313320335978,25300.0,102.1672134399414,103.09553527832031,99.73663562086254,25100.0,103.40764617919922,106.23698425292969,101.17728084915784,25100.0,93.2616195678711,96.94962310791016,89.06984462961057,25300.0,93.6849365234375,96.92494201660156,89.00891058368316,25200.0,0.65625,0.77734375,0.46551529323520363,58300.0,0.6063092350959778,0.7989866137504578,0.3832886503230414,58100.0,50.0,2385.0,58.745307210995996,25100.0,999900,455.3911403562778,1.021672134399414,1.0,1.0
tvc100,27,100.0,/home/users/am1015/rl_runs_td3_tvcap_20260722_walker_v5_full30/Walker2d-v5__td3_tvcap_tvc100__27__1784798565/events.out.tfevents.1784798569.linux53.488669.0,491.9775085449219,1225.8701171875,368.34994415716653,17.0,228.0,1000.0,186.63064576334452,17.0,576.0053100585938,753.1866455078125,602.5439453125,0.0,93.37262725830078,97.88346862792969,89.16156720665519,25100.0,93.33482360839844,97.96479034423828,89.15619104524538,25200.0,3.1920251846313477,58.83711242675781,5.052600218263412,25100.0,-94.015625,-0.48298588395118713,-90.37355850443606,,93.54200744628906,97.35948181152344,89.58718403008251,25300.0,102.1707534790039,102.94132232666016,100.18594111054173,25100.0,103.19775390625,105.4887924194336,101.50813696449605,25100.0,92.89590454101562,96.77202606201172,89.12466818881747,25300.0,93.322265625,97.68099975585938,89.15995738782345,25200.0,0.7109375,0.8046875,0.5156229965893938,55700.0,0.6372151970863342,0.8013966083526611,0.46251583522143075,47200.0,51.0,2399.0,58.939788696276544,25100.0,999966,464.5051520566146,1.021707534790039,1.0,1.0
tvc100,28,100.0,/home/users/am1015/rl_runs_td3_tvcap_20260722_walker_v5_full30/Walker2d-v5__td3_tvcap_tvc100__28__1784798685/events.out.tfevents.1784798689.linux54.499819.0,674.7046508789062,1922.08935546875,463.59866876748083,45.0,276.0,1000.0,227.8457155879672,45.0,760.5784912109375,1211.106689453125,819.5894348144532,0.0,95.0350341796875,98.39337921142578,91.03843721062982,25600.0,95.03256225585938,98.71294403076172,91.04075966935869,25600.0,5.171288013458252,61.9500732421875,6.074019614139763,25100.0,-95.84181213378906,0.028248421847820282,-92.37029576132295,25100.0,95.10092163085938,98.15727233886719,91.4655471640532,25600.0,102.65162658691406,103.7615966796875,100.711520600931,25200.0,104.23186492919922,106.43804168701172,102.20913675899853,25100.0,94.40040588378906,97.40809631347656,90.94524228609147,25600.0,94.96627807617188,98.39358520507812,91.03841214824736,25600.0,0.625,0.7578125,0.48803483049543545,53700.0,0.6955148577690125,0.9006833434104919,0.5203048750301156,51400.0,51.0,2396.0,58.99210175402605,25100.0,999900,627.2653546195763,1.0265162658691407,1.0,1.0
tvc100,29,100.0,/home/users/am1015/rl_runs_td3_tvcap_20260722_walker_v5_full30/Walker2d-v5__td3_tvcap_tvc100__29__1784798806/events.out.tfevents.1784798809.compsci-cluster-fitz-09.1392561.0,512.7432861328125,1918.4471435546875,375.92836543619495,74.0,243.0,1000.0,193.9427740058196,10.0,499.0735321044922,703.7491455078125,538.6212463378906,0.0,93.96456146240234,97.8536376953125,90.57316026822906,25300.0,93.97032165527344,98.05902862548828,90.57161881346975,25400.0,2.6415023803710938,37.97108840942383,3.9258896497359386,25100.0,-94.51231384277344,-0.3167964816093445,-91.68502189069054,,94.04196166992188,97.66425323486328,91.02325430431495,25400.0,101.94157409667969,102.606201171875,100.61031227666686,25100.0,102.73474884033203,105.56877136230469,101.7335349290964,25100.0,93.42034912109375,96.9986572265625,90.5038700983928,25400.0,93.96266174316406,97.90811920166016,90.57482803733735,25300.0,0.7421875,0.8515625,0.6137600651348857,45100.0,0.6188246011734009,0.7831450700759888,0.5193842879190532,44500.0,44.0,2448.0,51.52938762950046,25100.0,999900,477.6731021308746,1.0194157409667968,1.0,1.0
tvc100,30,100.0,/home/users/am1015/rl_runs_td3_tvcap_20260722_walker_v5_full30/Walker2d-v5__td3_tvcap_tvc100__30__1784798841/events.out.tfevents.1784798844.compsci-cluster-fitz-09.1392697.0,529.6220397949219,1525.5650634765625,384.20546848255754,12.0,237.0,1000.0,193.08341378644525,12.0,565.6641845703125,793.808349609375,599.491830444336,0.0,93.78530883789062,97.57872009277344,90.36542402951811,25400.0,93.78972625732422,97.61557006835938,90.3650007722392,25100.0,3.34902286529541,63.80702209472656,4.93042505057222,25100.0,-94.45848083496094,-0.3401024639606476,-91.54139470259878,,93.86915588378906,97.53807067871094,90.80627130057003,25400.0,102.22201538085938,103.11814880371094,100.4798570656785,25100.0,103.17877197265625,107.54247283935547,101.7568070878248,25100.0,93.2048110961914,96.93856811523438,90.31783193843117,25400.0,93.75518798828125,97.5599136352539,90.36560643973655,25100.0,0.72265625,0.81640625,0.555097798492153,49000.0,0.6461485028266907,0.8297688961029053,0.4884394009194749,47100.0,44.0,2565.0,51.607139193763466,25100.0,999978,489.47208661681566,1.0222201538085938,1.0,1.0
tvc150,1,150.0,/home/users/am1015/rl_runs_td3_tvcap_20260722_walker_v5_full30/Walker2d-v5__td3_tvcap_tvc150__1__1784816423/events.out.tfevents.1784816426.linux57.341721.0,673.0560302734375,2863.7685546875,416.30889638214717,16.0,232.0,1000.0,154.47628611154025,16.0,1172.0205688476562,1836.29638671875,1197.1526245117188,0.0,132.10220336914062,138.6372528076172,120.9725082949364,25300.0,132.13148498535156,138.8310546875,120.97055940140726,25300.0,8.307700157165527,97.57076263427734,9.932034662879712,25100.0,-133.48220825195312,-0.4543216824531555,-122.8829228770355,,132.2232666015625,139.24282836914062,121.47874575626503,25400.0,152.50990295410156,153.9140167236328,148.34880161013942,25100.0,153.7776641845703,158.0089874267578,150.2027167833234,25100.0,131.6824188232422,138.60113525390625,121.11655841462837,25400.0,132.14242553710938,139.03257751464844,120.97046691350542,25300.0,0.390625,0.48828125,0.26181371166273465,80500.0,0.5595064759254456,0.7847816944122314,0.36218733960071553,72400.0,51.0,2476.0,59.08411119089137,25100.0,999924,496.90458122201454,1.0167326863606772,1.0,1.0
tvc150,2,150.0,/home/users/am1015/rl_runs_td3_tvcap_20260722_walker_v5_full30/Walker2d-v5__td3_tvcap_tvc150__2__1784817923/events.out.tfevents.1784817927.linux51.143630.0,881.9489135742188,2757.1611328125,507.916432799956,13.0,263.0,1000.0,184.4668880280391,13.0,859.7135314941406,1171.0911865234375,929.2616363525391,0.0,136.60037231445312,143.39642333984375,126.69490042089856,25400.0,136.5707244873047,143.41171264648438,126.69230404556262,25400.0,11.265729904174805,232.35963439941406,12.330558128118842,25100.0,-137.9462432861328,-0.26639610528945923,-128.65688634622475,,136.82061767578125,143.1156005859375,127.1983749405064,25500.0,152.71791076660156,153.70263671875,146.8439742576521,25100.0,154.1045684814453,157.52500915527344,149.09383254261712,25100.0,136.12820434570312,142.3731689453125,126.72694225475216,25500.0,136.6198272705078,143.62457275390625,126.70215723316375,25400.0,0.49609375,0.6015625,0.32445274835880605,102000.0,0.7141330242156982,0.9490852952003479,0.4714327910359987,79800.0,51.0,2444.0,59.049851266796594,25100.0,999994,621.3480714704746,1.018119405110677,1.0,1.0
tvc150,3,150.0,/home/users/am1015/rl_runs_td3_tvcap_20260722_walker_v5_full30/Walker2d-v5__td3_tvcap_tvc150__3__1784817984/events.out.tfevents.1784817987.linux59.768462.0,748.42236328125,2269.345703125,438.18250246229013,27.0,242.0,1000.0,165.67191383595693,27.0,553.24072265625,1025.004150390625,624.9528411865234,0.0,135.2278594970703,142.92396545410156,123.66670372800921,25400.0,135.24124145507812,142.971435546875,123.6674813496583,25400.0,7.966423988342285,87.06632995605469,9.552740949085017,25100.0,-136.50384521484375,-0.30421802401542664,-125.5886727422705,,135.46469116210938,141.89425659179688,124.20296146184762,25400.0,152.38229370117188,153.405517578125,147.24925566754234,25100.0,153.89051818847656,160.09426879882812,149.2358659455068,25100.0,134.8723602294922,141.268310546875,123.86372375529474,25400.0,135.25901794433594,142.31179809570312,123.6712385638125,25400.0,0.47265625,0.5703125,0.2722522822853626,76600.0,0.5735288858413696,0.7512804865837097,0.3392376267294943,70300.0,51.0,2455.0,59.19068622422812,25100.0,999900,557.1503230050588,1.0158819580078124,1.0,1.0
tvc150,4,150.0,/home/users/am1015/rl_runs_td3_tvcap_20260722_walker_v5_full30/Walker2d-v5__td3_tvcap_tvc150__4__1784817983/events.out.tfevents.1784817987.linux60.730711.0,979.660400390625,3653.542724609375,556.5406267535633,21.0,304.0,1000.0,203.76212800652263,21.0,1289.8616943359375,2984.9951171875,1267.6738311767579,0.0,137.89999389648438,143.151123046875,124.47015605290844,25300.0,137.8907470703125,143.15122985839844,124.47509343691262,25200.0,6.989664077758789,80.69462585449219,10.018571876989064,25100.0,-139.0454864501953,-0.40907877683639526,-126.33909462428555,,137.94529724121094,143.08731079101562,125.01273862237079,25400.0,152.82275390625,153.54940795898438,147.3850855983657,25100.0,153.88186645507812,157.2091827392578,149.2689685244241,25100.0,137.12847900390625,142.27110290527344,124.55501959290126,25400.0,137.873291015625,143.356689453125,124.46600344346344,25300.0,0.5390625,0.640625,0.32995531592983895,115000.0,0.8130093216896057,1.0200077295303345,0.45771902412594934,105700.0,51.0,2497.0,59.05487742332547,25100.0,999900,699.1081101156963,1.018818359375,1.0,1.0
tvc150,5,150.0,/home/users/am1015/rl_runs_td3_tvcap_20260722_walker_v5_full30/Walker2d-v5__td3_tvcap_tvc150__5__1784818163/events.out.tfevents.1784818166.linux53.523761.0,716.4600219726562,3439.201416015625,467.25186117867906,26.0,240.0,1000.0,186.06959434313362,26.0,716.0884094238281,955.76611328125,716.2631896972656,0.0,135.15185546875,142.5672149658203,116.44046686595526,25100.0,135.1599578857422,143.3162078857422,116.44156508023823,25100.0,9.980551719665527,91.19435119628906,13.219912962111245,25100.0,-136.60650634765625,-0.4120602309703827,-118.52019572321275,,135.3893585205078,142.48867797851562,117.03103370997829,25200.0,152.69825744628906,153.69287109375,139.90889738030415,25100.0,153.9259490966797,157.1548309326172,142.6199210210511,25100.0,134.81838989257812,141.8605194091797,116.70545247877153,25200.0,135.24295043945312,142.8863067626953,116.44083990230553,25100.0,0.40625,0.51171875,0.21722941134988205,240700.0,0.5767645835876465,0.8004902005195618,0.3255812041954403,222300.0,51.0,2389.0,59.07693096727869,25100.0,999937,616.4461846366906,1.0179883829752605,1.0,1.0
tvc150,6,150.0,/home/users/am1015/rl_runs_td3_tvcap_20260722_walker_v5_full30/Walker2d-v5__td3_tvcap_tvc150__6__1784818186/events.out.tfevents.1784818188.linux52.190587.0,1116.77392578125,4034.66552734375,606.941510833646,17.0,322.0,1000.0,207.17633651056775,17.0,1248.7525634765625,1817.0615234375,1296.116766357422,0.0,137.7708740234375,144.55458068847656,123.1942894802658,25200.0,137.73135375976562,144.26046752929688,123.19686525400985,25200.0,16.731769561767578,105.8808822631836,15.18230054782701,25100.0,-139.30902099609375,-0.330341637134552,-125.2810384870884,,137.67752075195312,143.47259521484375,123.60015658192307,25400.0,153.58477783203125,155.01463317871094,145.22455961292908,25100.0,155.3687744140625,158.47454833984375,147.3552404103407,25100.0,136.90225219726562,142.53753662109375,123.16618221286343,25400.0,137.75091552734375,144.14163208007812,123.19169712428862,25200.0,0.42578125,0.53515625,0.2519429076059083,203400.0,0.8060622811317444,1.0761795043945312,0.43397428225414464,198000.0,51.0,2469.0,59.13026977125859,25100.0,999900,834.3775536498198,1.0238985188802083,1.0,1.0
tvc150,7,150.0,/home/users/am1015/rl_runs_td3_tvcap_20260722_walker_v5_full30/Walker2d-v5__td3_tvcap_tvc150__7__1784818305/events.out.tfevents.1784818308.linux54.534033.0,524.454345703125,1131.5516357421875,382.93690198909434,59.0,186.0,1000.0,153.18520220588235,11.0,519.3214416503906,611.1834106445312,514.0311248779296,0.0,131.5103302001953,138.6456298828125,121.99718441745785,25100.0,131.54379272460938,138.44198608398438,121.99497808791534,25100.0,4.230419158935547,50.890960693359375,7.524207188461711,25100.0,-132.6482696533203,-0.5820348858833313,-123.84004947221246,,131.68417358398438,139.03854370117188,122.54211137458263,25100.0,151.97752380371094,152.72010803222656,145.735083113488,25100.0,152.9718017578125,155.23744201660156,147.38232077771744,25100.0,131.25416564941406,138.57177734375,122.24831110196729,25100.0,131.5105438232422,138.6161651611328,121.99469781943573,25100.0,0.39453125,0.52734375,0.27050090073340854,141900.0,0.4277791976928711,0.598118782043457,0.293800409830146,108000.0,51.0,2437.0,59.199405067186376,25100.0,999992,471.61103800359444,1.0131834920247396,1.0,1.0
tvc150,8,150.0,/home/users/am1015/rl_runs_td3_tvcap_20260722_walker_v5_full30/Walker2d-v5__td3_tvcap_tvc150__8__1784818734/events.out.tfevents.1784818743.linux55.434766.0,782.8682250976562,3740.690185546875,567.9723226773913,51.0,256.0,1000.0,210.28944047118216,13.0,1173.4022827148438,1468.764404296875,975.4426513671875,0.0,138.93350219726562,144.3555145263672,130.42187401975744,25100.0,138.93341064453125,144.55152893066406,130.42351179052645,25100.0,7.844133377075195,120.47601318359375,9.116704514291238,25100.0,-140.15797424316406,-0.41550636291503906,-132.2320633625138,,139.10546875,144.49827575683594,130.98837717521258,25200.0,152.68910217285156,153.42501831054688,148.65402465209507,25100.0,153.55917358398438,155.59779357910156,150.01430669612782,25100.0,138.29627990722656,143.60757446289062,130.4440770766936,25200.0,138.92921447753906,144.5630340576172,130.42383796227807,25100.0,0.5546875,0.66015625,0.3933700732126372,71000.0,0.785673201084137,1.0047051906585693,0.5443001498575882,70100.0,51.0,2376.0,59.104933839368144,25100.0,999900,733.5995236535867,1.0179273478190105,1.0,1.0
tvc150,9,150.0,/home/users/am1015/rl_runs_td3_tvcap_20260722_walker_v5_full30/Walker2d-v5__td3_tvcap_tvc150__9__1784818949/events.out.tfevents.1784818954.linux46.83558.0,757.0237731933594,1999.856689453125,480.4235373282214,27.0,247.0,1000.0,183.71260565968393,27.0,715.4159545898438,799.1755981445312,695.6778381347656,0.0,137.14305114746094,143.34642028808594,124.88414578022967,25300.0,137.13815307617188,143.24276733398438,124.88020694770468,25300.0,8.512062072753906,108.12834167480469,12.368594024405272,25100.0,-138.38885498046875,-0.4144948720932007,-126.84164369451118,,137.22084045410156,142.5792999267578,125.42142133614173,25400.0,152.3302001953125,152.90567016601562,145.5991326753837,25100.0,153.10626220703125,155.27740478515625,147.66550272351773,25100.0,136.60028076171875,141.83749389648438,125.0649107202818,25400.0,137.11712646484375,142.84860229492188,124.8809091842448,25300.0,0.484375,0.578125,0.27680443186480663,189100.0,0.6216904520988464,0.7755728960037231,0.35651061832385134,83400.0,49.0,1815.0,57.09118883988101,25100.0,999900,634.8586063033496,1.01553466796875,1.0,1.0
tvc150,10,150.0,/home/users/am1015/rl_runs_td3_tvcap_20260722_walker_v5_full30/Walker2d-v5__td3_tvcap_tvc150__10__1784819091/events.out.tfevents.1784819096.linux47.850179.0,517.45166015625,1523.04833984375,389.0816189183011,25.0,186.0,1000.0,150.52205328917657,25.0,545.3051452636719,680.7999267578125,566.9868041992188,0.0,132.52706909179688,140.4007568359375,121.29093273593892,25200.0,132.44577026367188,140.205322265625,121.29484075325118,25200.0,5.890650272369385,87.99653625488281,8.828467465678441,25100.0,-133.7497100830078,-0.373712420463562,-123.24351592016338,,132.74185180664062,140.54696655273438,121.91148877340542,25300.0,152.27023315429688,153.26620483398438,147.52086229696496,25100.0,153.35121154785156,156.40162658691406,149.32593477005554,25100.0,132.20974731445312,139.9357452392578,121.60204977429709,25300.0,132.47845458984375,140.2996368408203,121.29139224447579,25200.0,0.40625,0.51171875,0.23428244242999283,118800.0,0.5205914974212646,0.712409496307373,0.3094390000009649,117100.0,45.0,1786.0,52.9506616063186,25100.0,999917,478.4339337188464,1.0151348876953126,1.0,1.0
tvc150,11,150.0,/home/users/am1015/rl_runs_td3_tvcap_20260722_walker_v5_full30/Walker2d-v5__td3_tvcap_tvc150__11__1784819124/events.out.tfevents.1784819127.linux47.850288.0,1041.939453125,3943.954833984375,594.9234760134241,91.0,289.0,1000.0,193.8352393874782,15.0,1138.0626220703125,1941.827880859375,1315.3192565917968,0.0,138.39846801757812,144.12039184570312,126.54806331571557,25400.0,138.3936767578125,144.33627319335938,126.54750722177546,25400.0,13.268074989318848,139.00634765625,14.215347920329599,25100.0,-139.79629516601562,-0.03985384479165077,-128.61978528700544,,138.46438598632812,144.50799560546875,127.08155360850618,25500.0,153.8323974609375,155.15037536621094,147.02394328826188,25100.0,155.47735595703125,158.37672424316406,149.13111778779793,25100.0,137.4603271484375,143.546630859375,126.52517013769172,25500.0,138.4151611328125,144.0946044921875,126.54948090384671,25400.0,0.52734375,0.62109375,0.33651768771156015,142300.0,0.9817104339599609,1.2925574779510498,0.5563835809812605,118800.0,47.0,1918.0,54.55595445686737,25100.0,999995,831.0858274996281,1.02554931640625,1.0,1.0
tvc150,12,150.0,/home/users/am1015/rl_runs_td3_tvcap_20260722_walker_v5_full30/Walker2d-v5__td3_tvcap_tvc150__12__1784819544/events.out.tfevents.1784819546.linux47.850608.0,519.6897583007812,1377.933837890625,406.8692669064041,20.0,176.0,1000.0,160.08309317963497,20.0,544.203857421875,616.7774658203125,527.9977783203125,0.0,133.3733673095703,139.31991577148438,123.86516368195394,25200.0,133.33416748046875,139.42388916015625,123.8670414865318,25200.0,5.159430503845215,135.53944396972656,7.992281564037817,25100.0,-134.63095092773438,-0.36119315028190613,-125.80743003904924,,133.43026733398438,139.6607208251953,124.39638562990508,25400.0,152.14715576171875,152.7557373046875,148.02979876807024,25100.0,152.9950714111328,155.4835662841797,149.40092938154223,25100.0,132.9259490966797,139.15216064453125,124.06344033633731,25400.0,133.38784790039062,139.32955932617188,123.86586213215776,25200.0,0.42578125,0.55078125,0.2815837682069956,71100.0,0.5238922238349915,0.7367135882377625,0.33294530624193414,68900.0,49.0,1936.0,56.465996512462816,25100.0,999900,504.6943396692857,1.0143143717447918,1.0,1.0
tvc150,13,150.0,/home/users/am1015/rl_runs_td3_tvcap_20260722_walker_v5_full30/Walker2d-v5__td3_tvcap_tvc150__13__1784819549/events.out.tfevents.1784819554.linux48.786075.0,652.7511901855469,1768.062255859375,408.6823591444601,38.0,209.0,1000.0,153.11638591117918,38.0,473.2899932861328,736.9129028320312,500.3980712890625,0.0,131.55426025390625,137.7799530029297,118.70337682535035,25200.0,131.52301025390625,137.896484375,118.69907667204217,25300.0,8.19043254852295,94.7686538696289,12.077029839524512,25100.0,-132.98834228515625,-0.19758448004722595,-120.79345819022072,,131.61244201660156,137.56678771972656,119.21021738602713,25400.0,152.55384826660156,153.59405517578125,145.92757500250016,25100.0,153.7117919921875,156.8509521484375,147.96775015155063,25100.0,131.06024169921875,136.9215545654297,118.89682952374913,25400.0,131.54193115234375,137.43646240234375,118.70557091198957,25400.0,0.37890625,0.47265625,0.21350667376141141,103300.0,0.5560324192047119,0.7670427560806274,0.3133878802407007,88900.0,48.0,1776.0,55.517899271720175,25100.0,999900,516.669454612411,1.017025655110677,1.0,1.0
tvc150,14,150.0,/home/users/am1015/rl_runs_td3_tvcap_20260722_walker_v5_full30/Walker2d-v5__td3_tvcap_tvc150__14__1784819604/events.out.tfevents.1784819607.linux48.786206.0,853.663818359375,2841.485107421875,472.2610510772266,15.0,258.0,1000.0,179.42777678090795,15.0,940.3733520507812,1210.57080078125,954.7330688476562,0.0,135.97610473632812,141.521728515625,123.31771403096421,25400.0,136.0077362060547,141.42840576171875,123.31383733552008,25200.0,10.0991849899292,109.76210021972656,11.438414480101558,25100.0,-137.35696411132812,-0.26242542266845703,-125.28436556478343,,136.13998413085938,141.88670349121094,123.85213150496632,25400.0,152.29708862304688,153.1752166748047,144.32980700417036,25100.0,153.4298095703125,157.40476989746094,146.27624245343335,25100.0,135.52801513671875,141.21633911132812,123.50137669951677,25400.0,136.0330810546875,141.29421997070312,123.3148954064657,25300.0,0.4453125,0.5625,0.26733551197558725,172300.0,0.6030579209327698,0.809725821018219,0.3507547557739151,160400.0,48.0,1943.0,55.59565083598318,25100.0,999950,608.5223452645617,1.0153139241536457,1.0,1.0
tvc150,15,150.0,/home/users/am1015/rl_runs_td3_tvcap_20260722_walker_v5_full30/Walker2d-v5__td3_tvcap_tvc150__15__1784819904/events.out.tfevents.1784819907.linux48.786534.0,459.385498046875,1823.1065673828125,346.61195013975987,20.0,164.0,1000.0,137.92524137931034,20.0,481.08570861816406,525.9058837890625,479.1002655029297,0.0,128.73782348632812,137.97268676757812,121.12427975224874,25400.0,128.70468139648438,137.63848876953125,121.12562970694658,25400.0,5.073643684387207,81.5609130859375,7.276551715959716,25100.0,-129.8216552734375,-0.2897685170173645,-123.0135249397928,,128.88018798828125,137.40701293945312,121.68874291585527,25500.0,151.93896484375,152.98483276367188,147.19710384623548,25100.0,153.2910919189453,156.7982635498047,148.77153963259593,25100.0,128.53128051757812,136.97653198242188,121.4508578778666,25500.0,128.72140502929688,137.51071166992188,121.1249539226237,25400.0,0.29296875,0.41796875,0.20153829879987692,84500.0,0.35391438007354736,0.5447003245353699,0.2378850681303171,84900.0,48.0,1914.0,55.16350394912299,25100.0,999957,407.08412238191335,1.0129264322916667,1.0,1.0
tvc150,16,150.0,/home/users/am1015/rl_runs_td3_tvcap_20260722_walker_v5_full30/Walker2d-v5__td3_tvcap_tvc150__16__1784819925/events.out.tfevents.1784819928.gpu-compute4.1182474.0,931.4517517089844,3559.810546875,618.6650203902634,14.0,263.0,1000.0,202.78848103832894,14.0,1020.2863464355469,1570.568359375,1041.2969696044922,0.0,135.24032592773438,141.48410034179688,127.75114673595267,25300.0,135.22402954101562,142.0263671875,127.7575005770474,25300.0,13.774529457092285,152.1422119140625,17.77517216338491,25100.0,-136.94015502929688,-0.4486692547798157,-129.96390801822238,,135.11972045898438,141.21841430664062,128.10318929046326,25400.0,153.8067626953125,154.83889770507812,148.78025951152037,25100.0,155.3215789794922,158.3739013671875,150.90786499544063,25100.0,134.22695922851562,140.2417449951172,127.47521656719917,25400.0,135.27764892578125,141.32711791992188,127.7551762787542,25300.0,0.41015625,0.55078125,0.32429608164939994,72800.0,0.8800971508026123,1.1683018207550049,0.6279726501232124,72000.0,49.0,1965.0,57.29562006359627,25100.0,999949,803.7010434361605,1.02537841796875,1.0,1.0
tvc150,17,150.0,/home/users/am1015/rl_runs_td3_tvcap_20260722_walker_v5_full30/Walker2d-v5__td3_tvcap_tvc150__17__1784819964/events.out.tfevents.1784819966.gpu-compute5.699426.0,908.2847595214844,2170.928466796875,513.4330705188914,27.0,278.0,1000.0,189.51810426540285,7.0,852.4064331054688,1356.96875,943.5921508789063,0.0,136.37306213378906,143.75584411621094,126.34124189868595,25500.0,136.36956787109375,143.86825561523438,126.34048591353475,25500.0,6.810747146606445,77.88230895996094,10.511480220442097,25100.0,-137.4801025390625,-0.3633725643157959,-128.21357142074817,,136.4473876953125,143.9381103515625,126.84821443120624,25500.0,152.68287658691406,153.4116668701172,148.3049085053953,25100.0,153.65867614746094,156.2978973388672,150.1519065513811,25100.0,135.73828125,143.0980987548828,126.41794499598848,25500.0,136.33609008789062,143.71817016601562,126.34688735280425,25500.0,0.46484375,0.578125,0.3065654971022669,72400.0,0.6793527603149414,0.9445468783378601,0.43026945963066315,72300.0,47.0,1929.0,54.296030362088416,25100.0,999900,655.0159801767231,1.0178858439127605,1.0,1.0
tvc150,18,150.0,/home/users/am1015/rl_runs_td3_tvcap_20260722_walker_v5_full30/Walker2d-v5__td3_tvcap_tvc150__18__1784819985/events.out.tfevents.1784819988.gpu-compute5.699530.0,743.7760009765625,3562.943115234375,559.0482460283882,66.0,247.5,1000.0,205.28747433264888,24.0,873.3570556640625,927.80908203125,837.3356811523438,0.0,139.28224182128906,145.11207580566406,128.26724258625526,25400.0,139.279541015625,145.29515075683594,128.26322447518393,25400.0,8.085031509399414,92.88156127929688,9.971390585994072,25100.0,-140.44737243652344,-0.10253922641277313,-129.9968626605115,,139.2851104736328,145.28697204589844,128.75690089429293,25500.0,152.70396423339844,153.4435272216797,145.3542355842649,25200.0,153.57736206054688,155.5142364501953,147.46412511552182,25100.0,138.48519897460938,144.40518188476562,128.2056605064066,25500.0,139.2327423095703,144.85621643066406,128.2603182371842,25400.0,0.52734375,0.63671875,0.3821958502154067,140900.0,0.7738921046257019,1.0417789220809937,0.5512404168663373,111300.0,47.0,1934.0,54.14616883782952,25100.0,999900,753.8831968811842,1.0180264282226563,1.0,1.0
tvc150,19,150.0,/home/users/am1015/rl_runs_td3_tvcap_20260722_walker_v5_full30/Walker2d-v5__td3_tvcap_tvc150__19__1784820025/events.out.tfevents.1784820028.compsci-cluster-fitz-02.3305693.0,679.0986938476562,2646.58349609375,472.91875996208125,57.0,212.0,1000.0,177.84614016364284,27.0,727.3753967285156,816.9229125976562,725.0451232910157,0.0,134.78826904296875,141.8880157470703,124.86386366948736,25100.0,134.76974487304688,142.2441864013672,124.86451560696163,25100.0,5.862919807434082,88.9180908203125,8.508071530959581,25100.0,-135.95635986328125,-0.15603423118591309,-126.78178521926274,,134.8859100341797,142.4615020751953,125.37638784590193,25300.0,152.40447998046875,153.14974975585938,148.4092456830784,25100.0,153.2559814453125,155.5620880126953,150.0176318477962,25100.0,134.2675323486328,141.68637084960938,125.00571391920288,25300.0,134.77627563476562,141.60073852539062,124.86523346287095,25100.0,0.44921875,0.546875,0.2778690442609498,71700.0,0.6122162938117981,0.8115371465682983,0.37067396179298606,71500.0,46.0,2308.0,54.28146476561699,25100.0,999900,597.2911488918157,1.0160298665364584,1.0,1.0
tvc150,20,150.0,/home/users/am1015/rl_runs_td3_tvcap_20260722_walker_v5_full30/Walker2d-v5__td3_tvcap_tvc150__20__1784820025/events.out.tfevents.1784820027.compsci-cluster-fitz-12.1129530.0,881.8087158203125,2728.038330078125,449.7569975575889,47.0,283.0,1000.0,172.14236529523154,19.0,1119.6820678710938,2082.08642578125,1132.0681518554688,0.0,136.198974609375,142.9339599609375,122.12550412034062,25100.0,136.21112060546875,142.82777404785156,122.12338564076971,25100.0,9.44969654083252,80.80839538574219,11.298856180002657,25100.0,-137.69967651367188,-0.6860982775688171,-124.1830015614566,,136.36465454101562,142.64566040039062,122.66529529050706,25100.0,152.48370361328125,153.78619384765625,145.60632219647417,25100.0,154.4143829345703,158.25572204589844,148.0008020285998,25100.0,135.77407836914062,141.99014282226562,122.3405857729932,25100.0,136.17660522460938,142.44912719726562,122.11674974253636,25100.0,0.43359375,0.5390625,0.24369206136526822,128800.0,0.5961093902587891,0.8251424431800842,0.3247094283667402,109400.0,44.0,2276.0,51.917632577700275,25100.0,999974,571.0087386843486,1.0165580240885417,1.0,1.0
tvc150,21,150.0,/home/users/am1015/rl_runs_td3_tvcap_20260722_walker_v5_full30/Walker2d-v5__td3_tvcap_tvc150__21__1784820031/events.out.tfevents.1784820034.compsci-cluster-fitz-12.1129633.0,824.8637084960938,3431.3310546875,504.82219331732404,68.0,263.0,1000.0,191.8254029163469,23.0,866.7825012207031,1189.86376953125,864.6093688964844,0.0,135.56886291503906,142.25144958496094,119.85482840359681,25500.0,135.60122680664062,141.90281677246094,119.85531192442944,25500.0,8.796940803527832,132.90565490722656,10.83202854578659,25100.0,-137.16427612304688,-0.3044290840625763,-121.94902374436823,,135.79771423339844,142.55467224121094,120.38051023617568,25500.0,152.66024780273438,153.53591918945312,142.27744537630758,25100.0,153.89894104003906,155.97715759277344,144.75899453377258,25100.0,135.15487670898438,141.77630615234375,120.05434293380388,25500.0,135.61013793945312,141.86170959472656,119.85058378036815,25500.0,0.421875,0.515625,0.2250787741050364,220600.0,0.6293215155601501,0.8435453772544861,0.3261672535949223,138900.0,45.0,2458.0,52.53441378602933,25100.0,999900,642.9791739487495,1.0177349853515625,1.0,1.0
tvc150,22,150.0,/home/users/am1015/rl_runs_td3_tvcap_20260722_walker_v5_full30/Walker2d-v5__td3_tvcap_tvc150__22__1784820055/events.out.tfevents.1784820058.compsci-cluster-fitz-20.1432995.0,775.5799560546875,3151.06982421875,534.4847011044662,32.0,227.0,1000.0,184.06848306332842,32.0,822.285888671875,948.676025390625,767.9764190673828,0.0,137.1140899658203,143.05670166015625,124.66933170281574,25500.0,137.0690155029297,143.10394287109375,124.66464973260885,25400.0,9.123878479003906,174.62069702148438,11.7194825167631,25100.0,-138.4141387939453,-0.25510746240615845,-126.65044289264866,,137.2156524658203,142.65127563476562,125.13111602788962,25500.0,153.24777221679688,154.00717163085938,146.73076558646997,25100.0,154.43455505371094,157.29690551757812,148.8580669190061,25100.0,136.35879516601562,141.6927947998047,124.60507870898918,25500.0,137.0906982421875,142.85302734375,124.66694383625526,25500.0,0.53125,0.66015625,0.33489732921325266,114700.0,0.8765270709991455,1.1655237674713135,0.5260372704965101,108900.0,44.0,2284.0,51.8300338496256,25100.0,999900,650.9321215802278,1.0216518147786458,1.0,1.0
tvc150,23,150.0,/home/users/am1015/rl_runs_td3_tvcap_20260722_walker_v5_full30/Walker2d-v5__td3_tvcap_tvc150__23__1784820117/events.out.tfevents.1784820120.compsci-cluster-fitz-09.1429152.0,969.2532958984375,3454.485107421875,591.7447783584856,24.0,280.0,1000.0,201.76347124117052,24.0,1236.7504272460938,1629.85205078125,1144.0356079101562,0.0,137.10421752929688,143.75392150878906,125.53323725217082,25700.0,137.11973571777344,143.98097229003906,125.5365051166024,25700.0,13.223852157592773,136.4828338623047,14.62951319015953,25100.0,-138.58645629882812,0.12302188575267792,-127.67595715872757,25100.0,137.07037353515625,143.65890502929688,125.98459530517525,25600.0,153.65182495117188,154.76544189453125,146.70626024909376,25200.0,155.10531616210938,158.46273803710938,149.61370656083997,25200.0,136.24081420898438,142.80238342285156,125.50595255985937,25600.0,137.0973663330078,143.75,125.53829443051912,25700.0,0.41796875,0.53125,0.24658017809518926,128600.0,0.8258135318756104,1.1644091606140137,0.4786427829593056,78200.0,45.0,1887.0,52.16965842650528,25100.0,999900,789.5350317162198,1.0243454996744792,1.0,1.0
tvc150,24,150.0,/home/users/am1015/rl_runs_td3_tvcap_20260722_walker_v5_full30/Walker2d-v5__td3_tvcap_tvc150__24__1784820245/events.out.tfevents.1784820249.compsci-cluster-fitz-09.1429429.0,681.3616333007812,2816.00732421875,464.852349381843,12.0,219.0,1000.0,162.3583955829815,12.0,793.611328125,1786.0042724609375,935.7381042480469,0.0,134.37960815429688,142.77947998046875,122.66720815552522,25300.0,134.3699493408203,142.54385375976562,122.6638753067548,25300.0,9.699300765991211,102.81759643554688,10.349904315594493,25100.0,-135.7997283935547,-0.3174290657043457,-124.66303502157879,,134.46652221679688,142.21337890625,123.20802615631032,25400.0,152.95053100585938,153.9561309814453,148.3196868506569,25100.0,154.53799438476562,157.4047088623047,150.0532031070874,25100.0,133.70973205566406,141.41726684570312,122.78363399140129,25400.0,134.34133911132812,142.208984375,122.662013018713,25300.0,0.453125,0.5703125,0.28298655631346803,95500.0,0.7428348660469055,0.9878770709037781,0.4243921636006614,91900.0,45.0,2449.0,53.71176530926249,25100.0,999900,584.9678430713905,1.0196702067057293,1.0,1.0
tvc150,25,150.0,/home/users/am1015/rl_runs_td3_tvcap_20260722_walker_v5_full30/Walker2d-v5__td3_tvcap_tvc150__25__1784820265/events.out.tfevents.1784820269.compsci-cluster-fitz-10.2907975.0,590.97900390625,1450.9459228515625,469.9403368062921,51.0,201.0,1000.0,176.82970822281166,18.0,752.3984375,898.1194458007812,701.8659790039062,0.0,135.09127807617188,143.3380889892578,122.1158963995819,25300.0,135.09979248046875,143.39654541015625,122.1152756127199,25200.0,8.929669380187988,90.94912719726562,11.11880439482893,25100.0,-136.43511962890625,-0.3268601596355438,-124.09822149881217,,135.2198028564453,141.9979248046875,122.65606732093757,25400.0,152.46173095703125,153.3141326904297,144.42350989246947,25100.0,153.6362762451172,157.14138793945312,146.5462480540388,25100.0,134.58175659179688,141.25247192382812,122.25923296262597,25400.0,135.18814086914062,142.52203369140625,122.12075178604373,25300.0,0.45703125,0.59375,0.28625011219099394,174900.0,0.6414258480072021,0.8537746667861938,0.39683443169701904,140300.0,44.0,2425.0,51.70848292132526,25100.0,999971,601.2333478132883,1.0164115397135416,1.0,1.0
tvc150,26,150.0,/home/users/am1015/rl_runs_td3_tvcap_20260722_walker_v5_full30/Walker2d-v5__td3_tvcap_tvc150__26__1784820265/events.out.tfevents.1784820269.compsci-cluster-fitz-22.479736.0,657.082763671875,1594.9090576171875,429.14081235331804,20.0,200.0,1000.0,158.44770206022187,20.0,812.479248046875,1155.716552734375,751.8398803710937,0.0,132.15115356445312,138.086181640625,118.65308015686263,25300.0,132.16827392578125,138.17665100097656,118.65343342310129,25200.0,11.738264083862305,164.510986328125,11.0465864802198,25100.0,-133.9684295654297,-0.19223946332931519,-120.79355613222879,,132.24562072753906,138.08216857910156,119.09625011334647,25300.0,152.6807861328125,153.7793731689453,146.86858647517002,25100.0,154.13816833496094,161.1350555419922,148.64110295335897,25100.0,131.70115661621094,137.54568481445312,118.82526021138737,25300.0,132.1030731201172,138.05264282226562,118.65152164714604,25200.0,0.328125,0.421875,0.18968011142168428,91300.0,0.5432033538818359,0.8234487175941467,0.27098988330551316,83000.0,45.0,2277.0,52.369371217560776,25100.0,999900,526.0665158789891,1.0178719075520832,1.0,1.0
tvc150,27,150.0,/home/users/am1015/rl_runs_td3_tvcap_20260722_walker_v5_full30/Walker2d-v5__td3_tvcap_tvc150__27__1784820406/events.out.tfevents.1784820410.compsci-cluster-fitz-14.1615704.0,1171.243408203125,3247.0888671875,521.0200266073754,17.0,309.0,1000.0,184.62511542012928,17.0,1192.6514892578125,1702.443603515625,1230.2559448242187,0.0,136.7152099609375,143.48178100585938,117.96208212297739,25100.0,136.65939331054688,143.24502563476562,117.96593743262801,25200.0,12.8167142868042,80.42794036865234,15.072671159287593,25100.0,-138.13037109375,-0.4829859137535095,-119.91195684840146,,136.89834594726562,143.82630920410156,118.4251577534254,25300.0,153.46923828125,154.60125732421875,141.70380643572926,25100.0,155.075439453125,158.00474548339844,145.26018008170482,25100.0,136.09942626953125,142.81491088867188,118.07562747245007,25300.0,136.6942901611328,143.69334411621094,117.97283587785428,25200.0,0.43359375,0.54296875,0.19748139232228948,179800.0,0.8077571988105774,1.1081814765930176,0.34953025315697833,143700.0,45.0,2437.0,52.3774746127808,25100.0,999900,669.2784400009192,1.0231282552083334,1.0,1.0
tvc150,28,150.0,/home/users/am1015/rl_runs_td3_tvcap_20260722_walker_v5_full30/Walker2d-v5__td3_tvcap_tvc150__28__1784820647/events.out.tfevents.1784820650.compsci-cluster-fitz-14.1615941.0,571.9145812988281,2099.232177734375,398.08000776332165,45.0,191.0,1000.0,155.95585712057402,45.0,577.0482788085938,1297.4478759765625,680.0923095703125,0.0,133.31732177734375,139.38516235351562,119.38320280595465,25600.0,133.33692932128906,139.36351013183594,119.37739419993993,25600.0,5.156692981719971,61.962886810302734,8.685386586067679,25100.0,-134.44412231445312,0.028247885406017303,-121.3387238093623,25100.0,133.536865234375,139.59030151367188,119.92134600865992,25600.0,152.25767517089844,153.62081909179688,145.0063149603465,25200.0,153.45513916015625,156.003662109375,147.32372455055108,25100.0,133.00746154785156,138.89376831054688,119.59010820630019,25600.0,133.32815551757812,139.58265686035156,119.38567776562728,25600.0,0.4375,0.55078125,0.25478013770643143,154900.0,0.5209634900093079,0.7349874377250671,0.3312378182253699,112400.0,44.0,2246.0,51.943891681198075,25100.0,999900,475.979866979978,1.0150511678059895,1.0,1.0
tvc150,29,150.0,/home/users/am1015/rl_runs_td3_tvcap_20260722_walker_v5_full30/Walker2d-v5__td3_tvcap_tvc150__29__1784821225/events.out.tfevents.1784821229.compsci-cluster-fitz-09.1430781.0,641.6927490234375,1710.48095703125,459.1724408018426,74.0,208.0,1000.0,166.20029920212767,10.0,647.534912109375,791.0689086914062,636.6562133789063,0.0,135.21067810058594,142.78668212890625,124.1254340368271,25300.0,135.20578002929688,142.7742919921875,124.11857411188853,25400.0,6.437527179718018,76.7977066040039,9.062563124478187,25100.0,-136.38864135742188,-0.3167964816093445,-126.05498488639756,,135.41201782226562,142.89822387695312,124.653042985472,25400.0,152.63467407226562,153.42669677734375,147.98882757126063,25100.0,153.5403594970703,156.8426971435547,149.96767637211397,25100.0,134.70346069335938,142.18130493164062,124.21946885637463,25400.0,135.20413208007812,142.79928588867188,124.13135190223683,25300.0,0.49609375,0.61328125,0.31769604574828186,73100.0,0.7160207629203796,0.9729740023612976,0.43357412784402094,68200.0,44.0,2461.0,51.645296953533695,25100.0,999900,568.8048463200147,1.0175644938151043,1.0,1.0
tvc150,30,150.0,/home/users/am1015/rl_runs_td3_tvcap_20260722_walker_v5_full30/Walker2d-v5__td3_tvcap_tvc150__30__1784821284/events.out.tfevents.1784821287.compsci-cluster-fitz-09.1430962.0,921.519287109375,2841.55712890625,507.2925947516202,12.0,309.0,1000.0,187.04863449307894,12.0,1007.5944213867188,1399.0736083984375,908.4873992919922,0.0,137.17762756347656,143.16815185546875,126.54152448465167,25400.0,137.18031311035156,143.1331329345703,126.54175861056441,25100.0,9.618809700012207,89.5102767944336,11.181037466415553,25100.0,-138.40725708007812,-0.3401024639606476,-128.3811205252768,,137.29037475585938,143.02908325195312,127.07990603164872,25400.0,152.8235321044922,153.63729858398438,147.42508549521318,25100.0,153.8807830810547,156.6068115234375,149.49679879814994,25100.0,136.56890869140625,142.22219848632812,126.61069172245875,25400.0,137.13868713378906,142.985107421875,126.5464577604781,25100.0,0.4765625,0.58984375,0.30601175441070877,87500.0,0.7139987945556641,0.971703290939331,0.46921416422882767,83800.0,45.0,2524.0,52.94286593496769,25100.0,999961,630.2987931363093,1.0188235473632812,1.0,1.0
tvc200,1,200.0,/home/users/am1015/rl_runs_td3_tvcap_20260722_walker_v5_full30/Walker2d-v5__td3_tvcap_tvc200__1__1784836046/events.out.tfevents.1784836048.linux51.172452.0,1997.3182373046875,4429.94970703125,963.8559962698148,16.0,558.0,1000.0,292.1627703097604,16.0,2905.714599609375,3903.00244140625,2777.1293212890623,0.0,183.42791748046875,191.2047576904297,159.8546545652342,25300.0,183.46939086914062,191.1999053955078,159.85555625902174,25300.0,18.035730361938477,146.629638671875,21.554964624933387,25100.0,-185.1297149658203,-0.4543216824531555,-162.3303276099221,,183.39395141601562,190.96124267578125,160.30157395177574,25400.0,203.4335479736328,204.26513671875,189.654789470717,25100.0,204.6561279296875,207.7545623779297,193.42956013181495,25100.0,182.50941467285156,189.93759155273438,159.78305948274365,25400.0,183.49273681640625,191.45803833007812,159.85374190058974,25300.0,0.453125,0.5703125,0.26891059339419426,159900.0,0.862333357334137,1.1377547979354858,0.5185143978232077,136500.0,50.0,2388.0,58.31705815981126,25100.0,999900,1538.1259398880677,1.017167739868164,1.0,1.0
tvc200,2,200.0,/home/users/am1015/rl_runs_td3_tvcap_20260722_walker_v5_full30/Walker2d-v5__td3_tvcap_tvc200__2__1784837486/events.out.tfevents.1784837489.linux59.835211.0,1487.2153930664062,4724.54248046875,865.3320006210096,13.0,382.0,1000.0,251.809019904258,13.0,1840.1568603515625,3266.082763671875,2047.7443603515626,0.0,180.375244140625,188.11685180664062,157.2155302708426,25400.0,180.30282592773438,188.29306030273438,157.21566355184862,25400.0,19.54827880859375,149.61920166015625,21.68993227635141,25100.0,-182.07803344726562,-0.26639610528945923,-159.7359292526186,,180.35446166992188,187.9018096923828,157.65182646826224,25500.0,203.68453979492188,204.69712829589844,187.65739480995657,25100.0,205.20175170898438,209.1706085205078,191.45724403543625,25100.0,179.48721313476562,187.020751953125,157.1657845101202,25500.0,180.35037231445312,188.50921630859375,157.21770647685244,25400.0,0.3984375,0.5,0.22932319981536567,222600.0,0.8569623827934265,1.199257731437683,0.4860418454501944,201700.0,51.0,2458.0,59.05087701302698,25100.0,999900,1243.5360808792786,1.0184226989746095,1.0,1.0
tvc200,3,200.0,/home/users/am1015/rl_runs_td3_tvcap_20260722_walker_v5_full30/Walker2d-v5__td3_tvcap_tvc200__3__1784837486/events.out.tfevents.1784837488.linux51.174185.0,899.9207763671875,2408.101806640625,597.1224103533712,27.0,267.0,1000.0,201.0287494973864,27.0,912.7676086425781,2485.421630859375,1061.9332946777345,0.0,175.52642822265625,183.99989318847656,157.5489650169713,25400.0,175.48858642578125,184.033935546875,157.5516782110827,25400.0,8.298398971557617,85.47795104980469,10.373137687291946,25100.0,-176.96630859375,-0.30421802401542664,-159.72996683289287,,175.53392028808594,183.97193908691406,158.1226241776863,25400.0,202.25015258789062,203.146728515625,190.88534788609144,25100.0,203.29498291015625,206.0957489013672,193.55423929116546,25100.0,175.03692626953125,183.41244506835938,157.85545823407142,25400.0,175.43637084960938,183.84307861328125,157.5506823484427,25400.0,0.375,0.46875,0.2073650182069956,147900.0,0.4734671711921692,0.6576328277587891,0.26716599213501063,138600.0,51.0,2477.0,58.93363421889425,25100.0,999916,798.2534192089851,1.0112507629394532,1.0,1.0
tvc200,4,200.0,/home/users/am1015/rl_runs_td3_tvcap_20260722_walker_v5_full30/Walker2d-v5__td3_tvcap_tvc200__4__1784837565/events.out.tfevents.1784837567.linux46.109721.0,1749.781982421875,4747.435546875,721.396174749592,21.0,466.5,1000.0,244.0625,21.0,1855.5906372070312,4216.04345703125,1913.305242919922,0.0,179.60647583007812,187.08876037597656,152.53728139041766,25300.0,179.59173583984375,187.34564208984375,152.53486513148897,25200.0,17.392356872558594,136.56759643554688,13.378660749832425,25100.0,-181.37718200683594,-0.40910273790359497,-154.7562357464782,,179.65158081054688,187.3669891357422,153.14281251597208,25400.0,202.52951049804688,203.47117614746094,182.90971018373125,25100.0,203.97401428222656,207.9827117919922,184.9914926320883,25100.0,179.11080932617188,186.72808837890625,152.89126787700368,25400.0,179.63731384277344,187.8760986328125,152.53495121099064,25300.0,0.3515625,0.44921875,0.19088456187814135,341600.0,0.5506184697151184,0.7537102103233337,0.25154476369242873,312000.0,48.0,1954.0,55.50056416042671,25100.0,999900,1148.5234089688613,1.0126475524902343,1.0,1.0
tvc200,5,200.0,/home/users/am1015/rl_runs_td3_tvcap_20260722_walker_v5_full30/Walker2d-v5__td3_tvcap_tvc200__5__1784837726/events.out.tfevents.1784837728.linux60.748918.0,1828.4710693359375,4171.3974609375,692.3333370369025,26.0,472.0,1000.0,239.00071701720842,26.0,2024.2057495117188,3997.18310546875,2391.6091552734374,0.0,174.80276489257812,184.73997497558594,138.70947875679823,25100.0,174.82933044433594,185.69235229492188,138.71599600503836,25100.0,14.659477233886719,121.31368255615234,18.497079809193906,25100.0,-176.67532348632812,-0.4120602309703827,-141.15677718089256,,174.99639892578125,185.14553833007812,139.31568441887637,25200.0,202.71701049804688,203.64056396484375,174.01298589621865,25100.0,203.68804931640625,206.10610961914062,177.78889066794676,25100.0,174.3506622314453,184.3148193359375,139.06058965962072,25200.0,174.85626220703125,184.84190368652344,138.7090361350409,25100.0,0.38671875,0.4921875,0.15179802095086675,336200.0,0.6428157091140747,0.8725717067718506,0.25509457540996305,296500.0,51.0,2490.0,59.25223099805108,25100.0,999978,1182.0503693009034,1.0135850524902343,1.0,1.0
tvc200,6,200.0,/home/users/am1015/rl_runs_td3_tvcap_20260722_walker_v5_full30/Walker2d-v5__td3_tvcap_tvc200__6__1784837752/events.out.tfevents.1784837756.linux49.572830.0,713.6807556152344,3676.835205078125,638.2267555581155,17.0,220.0,1000.0,218.13132635253055,17.0,749.9483947753906,878.4664916992188,759.0726379394531,0.0,177.48829650878906,187.3233642578125,159.25892711859336,25200.0,177.49932861328125,187.70367431640625,159.2578361399192,25200.0,5.628190994262695,117.16085815429688,8.666881676859209,25100.0,-178.87515258789062,-0.3303501009941101,-161.33964167273783,,177.518310546875,189.30010986328125,159.77638729817437,25400.0,202.07696533203125,202.71197509765625,189.05681603171786,25100.0,202.8436737060547,204.8041534423828,191.18863077578953,25100.0,177.05770874023438,188.77154541015625,159.44605430960712,25400.0,177.4889373779297,187.97528076171875,159.25902840391936,25200.0,0.37109375,0.5078125,0.2675727157913632,186700.0,0.45824557542800903,0.6520308256149292,0.3303330049280974,178500.0,46.0,1619.0,53.259000923171605,25100.0,999913,1006.2010945574596,1.0103848266601563,1.0,1.0
tvc200,7,200.0,/home/users/am1015/rl_runs_td3_tvcap_20260722_walker_v5_full30/Walker2d-v5__td3_tvcap_tvc200__7__1784837850/events.out.tfevents.1784837855.linux50.648600.0,911.1502685546875,2562.192626953125,550.4771330897595,59.0,252.0,1000.0,185.9161398289327,11.0,1062.21044921875,1529.70849609375,1092.8804443359375,0.0,173.83355712890625,182.46875,150.31363695328608,25100.0,173.84625244140625,182.19522094726562,150.31653400157776,25100.0,12.378314018249512,107.81040954589844,13.897844853830168,25100.0,-175.61923217773438,-0.5820348858833313,-152.72770977119922,,174.05540466308594,182.45782470703125,150.88805865272894,25100.0,202.3404998779297,203.17196655273438,186.66497773405882,25100.0,203.59530639648438,206.1154022216797,189.42370315050636,25100.0,173.6075439453125,181.97256469726562,150.66340362109685,25100.0,173.89834594726562,181.92034912109375,150.316794265801,25100.0,0.32421875,0.44140625,0.16574816968407016,215100.0,0.4360817074775696,0.6158474683761597,0.22465495721953185,210400.0,47.0,1715.0,54.58539337367935,25100.0,999900,735.22541906016,1.0117024993896484,1.0,1.0
tvc200,8,200.0,/home/users/am1015/rl_runs_td3_tvcap_20260722_walker_v5_full30/Walker2d-v5__td3_tvcap_tvc200__8__1784838296/events.out.tfevents.1784838299.linux50.656170.0,1153.8529052734375,4087.36474609375,606.0315957124861,51.0,313.0,1000.0,209.20213433772756,13.0,1717.0245971679688,3627.578369140625,1705.396664428711,0.0,174.17770385742188,183.51431274414062,146.44268359785525,25100.0,174.08477783203125,183.30545043945312,146.43862542333972,25100.0,13.083017349243164,135.5394287109375,13.307553977070741,25100.0,-176.00718688964844,-0.41550636291503906,-148.72574191041355,,174.26443481445312,183.1017303466797,147.00702640906934,25200.0,202.6888427734375,203.69873046875,184.4488166408461,25100.0,204.07579040527344,206.61618041992188,187.25682823918933,25100.0,173.79437255859375,182.5657958984375,146.80168300589727,25200.0,174.1288604736328,183.52294921875,146.4423443735935,25100.0,0.26953125,0.36328125,0.13248794748179302,212900.0,0.4759385585784912,0.7174353003501892,0.20534339294957923,202900.0,49.0,1808.0,56.57687967996718,25100.0,999900,811.3026866049339,1.0134442138671875,1.0,1.0
tvc200,9,200.0,/home/users/am1015/rl_runs_td3_tvcap_20260722_walker_v5_full30/Walker2d-v5__td3_tvcap_tvc200__9__1784839136/events.out.tfevents.1784839139.linux46.110946.0,1156.66357421875,3440.731689453125,711.8255773114777,27.0,356.0,1000.0,258.8720870015536,27.0,1342.6328125,1457.760986328125,1355.454736328125,0.0,177.87347412109375,186.07894897460938,150.88924396876084,25300.0,177.79998779296875,186.02720642089844,150.89314715836932,25300.0,10.027219772338867,96.03440856933594,14.653586085857487,25100.0,-179.33837890625,-0.4144948720932007,-153.13264941671517,,178.00607299804688,185.95103454589844,151.46836597500743,25400.0,201.96864318847656,202.522705078125,183.41650581047136,25100.0,202.56105041503906,205.3941650390625,186.0935394272647,25100.0,177.47393798828125,185.41348266601562,151.2038080846236,25400.0,177.88754272460938,185.75587463378906,150.8936280149071,25300.0,0.421875,0.515625,0.2139710643399323,245500.0,0.5246492028236389,0.7243451476097107,0.26455780836554943,235000.0,49.0,1953.0,56.28413170581598,25100.0,999900,1178.183686979306,1.009843215942383,1.0,1.0
tvc200,10,200.0,/home/users/am1015/rl_runs_td3_tvcap_20260722_walker_v5_full30/Walker2d-v5__td3_tvcap_tvc200__10__1784839946/events.out.tfevents.1784839949.linux47.873267.0,722.329345703125,1687.636962890625,420.9628133109862,25.0,223.0,1000.0,151.84707668944571,25.0,675.7024841308594,903.9639282226562,740.7988525390625,0.0,163.80264282226562,175.31472778320312,143.52893884018704,25200.0,163.89910888671875,175.66915893554688,143.52818092515358,25200.0,7.560113906860352,68.03756713867188,9.056777361942425,25100.0,-165.53683471679688,-0.373712420463562,-145.73117542029013,,164.00735473632812,174.94671630859375,144.2036047755938,25300.0,201.6420135498047,202.48130798339844,186.29750125806984,25100.0,202.83648681640625,205.8175506591797,188.90637938146202,25100.0,163.74464416503906,174.67138671875,144.09630635372918,25300.0,163.86233520507812,175.70449829101562,143.5297500177177,25200.0,0.19140625,0.26953125,0.08644796902246384,247200.0,0.23239600658416748,0.37901413440704346,0.10729858295430109,218200.0,49.0,1889.0,56.488562929531234,25100.0,999912,529.3065435664776,1.0082100677490233,1.0,1.0
tvc200,11,200.0,/home/users/am1015/rl_runs_td3_tvcap_20260722_walker_v5_full30/Walker2d-v5__td3_tvcap_tvc200__11__1784840086/events.out.tfevents.1784840089.linux50.658600.0,1380.5023193359375,4826.59423828125,780.287462620426,91.0,368.0,1000.0,252.633400707428,15.0,1348.26806640625,2697.95166015625,1562.5326416015625,0.0,179.14048767089844,186.85440063476562,158.47297491340856,25400.0,179.15435791015625,186.61361694335938,158.46714957144255,25400.0,18.878704071044922,158.06967163085938,16.81184908879772,25100.0,-180.91668701171875,-0.040655601769685745,-160.83286957075964,,179.12518310546875,186.7136993408203,158.9986230307881,25500.0,202.529296875,203.99893188476562,190.26643806234185,25100.0,204.5681915283203,209.50003051757812,192.54744769912375,25100.0,178.552001953125,186.0863800048828,158.6701438293581,25500.0,179.14913940429688,186.60671997070312,158.4695304900527,25400.0,0.3828125,0.48046875,0.23476045620063596,211000.0,0.5840543508529663,0.7811548709869385,0.32847908970416784,191300.0,48.0,1929.0,55.76797620268746,25100.0,999922,1176.9414877669933,1.012646484375,1.0,1.0
tvc200,12,200.0,/home/users/am1015/rl_runs_td3_tvcap_20260722_walker_v5_full30/Walker2d-v5__td3_tvcap_tvc200__12__1784840187/events.out.tfevents.1784840189.linux47.873539.0,1363.4718017578125,4526.2607421875,616.4566541432788,20.0,346.0,1000.0,196.37765121759622,20.0,1810.4468383789062,3766.324951171875,1720.2269104003906,0.0,176.557373046875,185.65887451171875,155.5877920834907,25200.0,176.56544494628906,185.102294921875,155.58942677120027,25200.0,17.56659698486328,154.36795043945312,16.525560908727613,25100.0,-178.50643920898438,-0.36119717359542847,-158.0452913574065,,176.50454711914062,184.2152099609375,156.13654484216295,25400.0,202.7748565673828,203.7864990234375,191.62582273099292,25100.0,204.4345703125,207.72422790527344,194.20863281382984,25100.0,176.03309631347656,183.7278289794922,155.8826429808843,25400.0,176.5661163330078,185.00765991210938,155.592078011392,25200.0,0.3125,0.40625,0.169266960072828,160900.0,0.5162590146064758,0.7159441709518433,0.25390172310395903,154300.0,43.0,1903.0,50.53584983075187,25100.0,999954,818.1317336402642,1.013874282836914,1.0,1.0
tvc200,13,200.0,/home/users/am1015/rl_runs_td3_tvcap_20260722_walker_v5_full30/Walker2d-v5__td3_tvcap_tvc200__13__1784840306/events.out.tfevents.1784840309.linux48.812965.0,849.6754150390625,1790.65380859375,481.74894795576057,38.0,254.0,738.0,172.5330457290768,38.0,927.4503479003906,1082.377197265625,946.854052734375,0.0,167.58926391601562,178.57363891601562,140.1118274435578,25200.0,167.58670043945312,178.8059844970703,140.11107386074372,25300.0,10.368471145629883,108.12274169921875,14.979600793357331,25100.0,-169.459228515625,-0.19758448004722595,-142.67362705062618,,167.93490600585938,177.8743896484375,140.73372181950594,25400.0,202.00439453125,203.29718017578125,182.64994550432374,25100.0,203.21861267089844,206.7889404296875,185.38542172454274,25100.0,167.60446166992188,177.50143432617188,140.56439123001664,25400.0,167.54348754882812,177.73995971679688,140.1171447808126,25400.0,0.28125,0.37109375,0.12082248820391835,352800.0,0.355063259601593,0.5431186556816101,0.16933060087953694,237300.0,46.0,1890.0,53.01353985024105,25100.0,999900,656.1625721160418,1.01002197265625,1.0,1.0
tvc200,14,200.0,/home/users/am1015/rl_runs_td3_tvcap_20260722_walker_v5_full30/Walker2d-v5__td3_tvcap_tvc200__14__1784840336/events.out.tfevents.1784840339.linux48.813091.0,966.7951049804688,3475.63037109375,673.7698943558457,15.0,292.5,1000.0,239.21363636363637,15.0,1126.3890991210938,1448.9488525390625,1062.588800048828,0.0,177.7262725830078,186.68133544921875,153.88138520445747,25400.0,177.68507385253906,186.67112731933594,153.88205946202447,25200.0,10.192438125610352,120.85639953613281,12.787193663560824,25100.0,-179.204345703125,-0.26242542266845703,-156.09891755966203,,177.8649444580078,185.90968322753906,154.49267149070678,25400.0,202.138427734375,202.7217254638672,183.26068596063084,25100.0,202.93038940429688,205.01734924316406,185.86473432073825,25100.0,177.35910034179688,185.35232543945312,154.2254767042398,25400.0,177.70285034179688,186.29623413085938,153.88012281679656,25300.0,0.39453125,0.48046875,0.22419286593496768,250100.0,0.4888424873352051,0.6705760359764099,0.2671948054446014,236000.0,48.0,2027.0,57.544568673710124,25100.0,999912,1136.7713616595438,1.010692138671875,1.0,1.0
tvc200,15,200.0,/home/users/am1015/rl_runs_td3_tvcap_20260722_walker_v5_full30/Walker2d-v5__td3_tvcap_tvc200__15__1784840685/events.out.tfevents.1784840688.linux48.814647.0,3130.4189453125,4128.8232421875,860.0769970319634,20.0,825.5,1000.0,275.8830022075055,20.0,872.2033996582031,3638.21630859375,1241.7001220703125,0.0,181.70767211914062,190.22996520996094,154.35243914580033,25400.0,181.71954345703125,190.753173828125,154.3549626013911,25400.0,14.459733009338379,160.22805786132812,18.76753929085859,25100.0,-183.48681640625,-0.2897685170173645,-156.90625931360327,,181.72532653808594,189.951171875,154.85297820141164,25500.0,203.03314208984375,204.29458618164062,188.4837731908778,25100.0,204.6739959716797,207.655517578125,191.21252710247714,25100.0,180.938720703125,189.1609344482422,154.506716995084,25500.0,181.74256896972656,190.3360595703125,154.35500806992908,25400.0,0.4609375,0.5703125,0.19767572315109241,259800.0,0.7814207673072815,1.0226929187774658,0.34626113076566584,242400.0,49.0,1881.0,56.43286490922146,25100.0,999900,2043.8223259685894,1.0151657104492187,1.0,1.0
tvc200,16,200.0,/home/users/am1015/rl_runs_td3_tvcap_20260722_walker_v5_full30/Walker2d-v5__td3_tvcap_tvc200__16__1784840966/events.out.tfevents.1784840969.linux47.874215.0,1985.69873046875,4658.09521484375,1123.0669130790282,14.0,477.5,1000.0,321.00224791265254,14.0,3070.683349609375,4398.638671875,2917.570721435547,0.0,186.14727783203125,192.16604614257812,165.60559724155593,25300.0,186.16748046875,191.92819213867188,165.6113485357811,25300.0,16.245872497558594,167.53179931640625,21.736897046306062,25100.0,-187.71365356445312,-0.4486692547798157,-168.02557657543042,,186.13766479492188,191.89752197265625,166.01630843840695,25400.0,203.58848571777344,204.71392822265625,192.91772435432503,25100.0,204.85060119628906,207.74827575683594,195.8896578159445,25100.0,185.03720092773438,190.71685791015625,165.32801330195417,25400.0,186.23231506347656,192.47393798828125,165.61425161939536,25300.0,0.546875,0.63671875,0.3412617640270797,134100.0,1.1281144618988037,1.4335438013076782,0.6882948973066612,103800.0,48.0,1928.0,55.53338803979895,25100.0,999900,2054.071558525929,1.0179424285888672,1.0,1.0
tvc200,17,200.0,/home/users/am1015/rl_runs_td3_tvcap_20260722_walker_v5_full30/Walker2d-v5__td3_tvcap_tvc200__17__1784841226/events.out.tfevents.1784841229.linux52.219636.0,3637.3948974609375,4604.02685546875,827.4446824487724,27.0,893.0,1000.0,269.95460686301,7.0,2437.9796142578125,3520.975830078125,2418.073760986328,0.0,178.807373046875,187.1156005859375,150.4141982994467,25500.0,178.7854766845703,187.03826904296875,150.4178072029811,25500.0,14.314718246459961,139.2462158203125,15.008877950250577,25100.0,-180.6022491455078,-0.36337077617645264,-152.80808087448204,,178.70053100585938,186.0740966796875,150.83082855341968,25500.0,202.864990234375,203.88206481933594,185.27244303148044,25100.0,204.27586364746094,206.76112365722656,188.35403251990175,25100.0,178.1470947265625,185.3780517578125,150.58585937961695,25500.0,178.722412109375,186.37313842773438,150.42120693494596,25500.0,0.34765625,0.4453125,0.15353417658221355,230300.0,0.611937403678894,0.8593041300773621,0.2449691024165555,226000.0,51.0,2479.0,59.0860601087291,25100.0,999900,1488.6013235620771,1.014324951171875,1.0,1.0
tvc200,18,200.0,/home/users/am1015/rl_runs_td3_tvcap_20260722_walker_v5_full30/Walker2d-v5__td3_tvcap_tvc200__18__1784841266/events.out.tfevents.1784841268.linux52.219745.0,980.5596923828125,3416.504150390625,723.4518174512165,66.0,312.5,1000.0,260.1324141519251,24.0,1015.250732421875,1266.5523681640625,1046.4727294921875,0.0,178.70188903808594,186.99005126953125,155.32808606268117,25400.0,178.69293212890625,186.76519775390625,155.33175548242957,25400.0,8.698273658752441,57.25758361816406,12.839364747333489,25100.0,-180.02484130859375,-0.10253926366567612,-157.48588388933487,,178.83135986328125,186.22769165039062,155.8774265035932,25500.0,202.03924560546875,202.99179077148438,186.27726443420315,25200.0,202.9801483154297,206.2180633544922,189.58442804232777,25100.0,178.3497314453125,185.72665405273438,155.58584567654947,25500.0,178.68026733398438,186.58932495117188,155.33959212410323,25400.0,0.39453125,0.48828125,0.23953578572161247,201400.0,0.48084795475006104,0.648108720779419,0.2915807818190136,174800.0,50.0,2364.0,57.94296850959073,25100.0,999948,1088.1737809563294,1.0101962280273438,1.0,1.0
tvc200,19,200.0,/home/users/am1015/rl_runs_td3_tvcap_20260722_walker_v5_full30/Walker2d-v5__td3_tvcap_tvc200__19__1784841747/events.out.tfevents.1784841749.linux53.566652.0,1286.636474609375,3884.056396484375,759.8665636902683,57.0,398.5,1000.0,283.3476905638991,27.0,1334.4081420898438,2202.81591796875,1451.5292663574219,0.0,178.0305633544922,184.86065673828125,145.76790323907198,25100.0,178.0587158203125,184.9273681640625,145.76770185661735,25100.0,8.32118034362793,78.47743225097656,10.880003835160677,25100.0,-179.57455444335938,-0.15603426098823547,-147.91167333183478,,178.1792449951172,184.97097778320312,146.27413666918886,25300.0,202.02516174316406,202.54766845703125,177.18004440548103,25100.0,202.77029418945312,205.09173583984375,180.08650053717966,25100.0,177.7277069091797,184.47442626953125,146.06683303830013,25300.0,178.06361389160156,185.25833129882812,145.7762293865405,25100.0,0.359375,0.453125,0.16919684070161042,313300.0,0.44561636447906494,0.6092161536216736,0.20730356085983984,289700.0,50.0,2393.0,58.65811878141348,25100.0,999933,1333.6151862969766,1.0101258087158203,1.0,1.0
tvc200,20,200.0,/home/users/am1015/rl_runs_td3_tvcap_20260722_walker_v5_full30/Walker2d-v5__td3_tvcap_tvc200__20__1784842185/events.out.tfevents.1784842187.linux53.567893.0,1437.5031127929688,4546.50830078125,587.3576296638888,47.0,362.0,1000.0,190.5169588414634,19.0,1459.2982788085938,1802.5396728515625,1431.9368774414063,0.0,170.8746337890625,179.702880859375,137.89707081771434,25100.0,170.90625,179.52230834960938,137.89461366134046,25100.0,16.95746612548828,148.48391723632812,15.431822471901452,25100.0,-172.90216064453125,-0.6860900521278381,-140.2760433221685,,171.12448120117188,179.84246826171875,138.51670893495304,25100.0,203.269287109375,204.54965209960938,177.14872113651882,25100.0,205.0015106201172,207.61386108398438,181.99881117266744,25100.0,170.51441955566406,179.12008666992188,138.29123179047477,25100.0,170.96974182128906,179.3089599609375,137.90084160841425,25100.0,0.31640625,0.41796875,0.12094830238998872,339800.0,0.6163516044616699,0.9759501218795776,0.22547719790784135,310300.0,51.0,2458.0,59.16565801620679,25100.0,999900,907.8544928676043,1.016346435546875,1.0,1.0
tvc200,21,200.0,/home/users/am1015/rl_runs_td3_tvcap_20260722_walker_v5_full30/Walker2d-v5__td3_tvcap_tvc200__21__1784842227/events.out.tfevents.1784842230.linux54.580548.0,965.866455078125,3568.735107421875,542.7279026791737,68.0,273.0,1000.0,187.8650629580906,23.0,1097.37744140625,1747.425048828125,1050.2451293945312,0.0,170.2698211669922,182.06649780273438,148.74833790915054,25500.0,170.2351837158203,182.36846923828125,148.75068458707534,25500.0,11.624418258666992,104.03814697265625,14.916034039079758,25100.0,-171.86087036132812,-0.30446434020996094,-151.0515766158839,,170.2198486328125,181.0912322998047,149.32442673056835,25500.0,202.16258239746094,203.128662109375,190.12564004894244,25100.0,203.34765625,206.65045166015625,192.59165154105088,25100.0,169.82958984375,180.56884765625,149.1417372363797,25500.0,170.189208984375,181.59291076660156,148.74807250476644,25500.0,0.28125,0.375,0.13633529720997026,229800.0,0.3851964473724365,0.5656003952026367,0.18268954014702324,134600.0,50.0,2378.0,58.19632782849523,25100.0,999900,704.7753169181256,1.0108129119873046,1.0,1.0
tvc200,22,200.0,/home/users/am1015/rl_runs_td3_tvcap_20260722_walker_v5_full30/Walker2d-v5__td3_tvcap_tvc200__22__1784842245/events.out.tfevents.1784842248.linux54.580657.0,1204.363525390625,3427.848388671875,639.426090098037,32.0,351.0,1000.0,229.41555759522717,32.0,1249.7075805664062,1594.17529296875,1294.913232421875,0.0,178.59912109375,188.68881225585938,152.3355817108768,25500.0,178.54342651367188,188.1732940673828,152.33572507375794,25500.0,9.61630916595459,59.227699279785156,9.862469374655864,25100.0,-180.294921875,-0.2551100254058838,-154.60334063662125,,178.80804443359375,188.28945922851562,152.9525155097717,25500.0,202.15924072265625,202.8145751953125,187.0225966469803,25100.0,203.16612243652344,205.64840698242188,189.2714403398264,25100.0,178.3581085205078,187.9554901123047,152.75097520599604,25500.0,178.57278442382812,187.95657348632812,152.33721095671063,25500.0,0.35546875,0.46875,0.15730659875371833,263100.0,0.43761515617370605,0.6182737350463867,0.2015402357521296,256500.0,50.0,2454.0,58.67473587034568,25100.0,999900,942.2460365394751,1.0107962036132812,1.0,1.0
tvc200,23,200.0,/home/users/am1015/rl_runs_td3_tvcap_20260722_walker_v5_full30/Walker2d-v5__td3_tvcap_tvc200__23__1784842287/events.out.tfevents.1784842289.linux55.470093.0,1451.7740478515625,4456.45068359375,1029.2232296111172,24.0,376.0,1000.0,307.97628580227905,24.0,1890.30419921875,4042.356689453125,2139.1123962402344,0.0,187.4462890625,193.6389617919922,162.71650883771082,25700.0,187.44528198242188,193.6424560546875,162.71334642459826,25700.0,11.677106857299805,166.43978881835938,17.153805371235947,25100.0,-188.908935546875,0.12302139401435852,-165.00794471630513,25100.0,187.46437072753906,193.44053649902344,163.20578816916125,25600.0,203.31304931640625,204.11660766601562,188.67683046812863,25200.0,204.70704650878906,207.67701721191406,192.21601033119663,25200.0,186.41543579101562,192.18002319335938,162.6425053184675,25600.0,187.4850616455078,193.7548828125,162.71123265544352,25700.0,0.546875,0.65234375,0.30853124358908607,188300.0,1.0264256000518799,1.3261244297027588,0.5632826924409631,164600.0,50.0,2350.0,58.33049543542928,25100.0,999998,2226.614049746631,1.0165652465820312,1.0,1.0
tvc200,24,200.0,/home/users/am1015/rl_runs_td3_tvcap_20260722_walker_v5_full30/Walker2d-v5__td3_tvcap_tvc200__24__1784842304/events.out.tfevents.1784842307.linux55.470201.0,1383.2388916015625,4247.17919921875,689.6678827632495,12.0,383.0,1000.0,233.56061667834618,12.0,2295.55419921875,4132.314453125,2593.476599121094,0.0,177.3845977783203,185.23765563964844,155.9001691021084,25300.0,177.4385986328125,185.67764282226562,155.89572959523642,25300.0,17.35342788696289,161.30905151367188,16.087854652500575,25100.0,-179.3547821044922,-0.31743124127388,-158.47243661464563,,177.3695831298828,185.48655700683594,156.51967732668388,25400.0,202.41226196289062,203.42733764648438,188.62145487083367,25100.0,203.7101593017578,207.7120361328125,191.92450871924544,25100.0,176.8756866455078,184.9044189453125,156.25547276436825,25400.0,177.41383361816406,185.6489715576172,155.89756667297587,25300.0,0.32421875,0.43359375,0.18783497025335932,191800.0,0.47736066579818726,0.7441526651382446,0.2642046760713055,171400.0,50.0,2454.0,58.84767668478818,25100.0,999900,1035.2280392681178,1.012061309814453,1.0,1.0
tvc200,25,200.0,/home/users/am1015/rl_runs_td3_tvcap_20260722_walker_v5_full30/Walker2d-v5__td3_tvcap_tvc200__25__1784842487/events.out.tfevents.1784842490.linux56.765488.0,2217.934326171875,4845.93017578125,729.5915164401634,51.0,526.0,1000.0,226.88220608261463,18.0,1912.587158203125,2574.840576171875,1924.7208862304688,0.0,176.9986572265625,186.27825927734375,151.64162020616982,25300.0,176.96511840820312,186.729736328125,151.6436417806594,25200.0,15.780516624450684,156.868408203125,16.54385035997032,25100.0,-179.26629638671875,-0.3269423544406891,-154.38755593381853,,177.03164672851562,186.3843536376953,152.16576622236218,25400.0,203.54571533203125,204.65110778808594,188.3593532339706,25100.0,204.9912872314453,209.19400024414062,191.0301600609795,25100.0,176.32823181152344,185.61041259765625,151.92606744666645,25400.0,177.00770568847656,186.32070922851562,151.64509481531599,25300.0,0.30859375,0.421875,0.12024470458508565,245500.0,0.6741071939468384,0.9611937999725342,0.2396990433633358,216700.0,50.0,2394.0,58.539029644066055,25100.0,999900,1324.1900866031647,1.0177285766601563,1.0,1.0
tvc200,26,200.0,/home/users/am1015/rl_runs_td3_tvcap_20260722_walker_v5_full30/Walker2d-v5__td3_tvcap_tvc200__26__1784842527/events.out.tfevents.1784842529.linux57.371048.0,853.9589233398438,3357.7587890625,565.343262554922,20.0,251.0,1000.0,188.91855631141345,20.0,864.3433532714844,1058.9820556640625,818.9148498535156,0.0,172.55174255371094,181.38665771484375,145.21071131658186,25300.0,172.6175537109375,180.90444946289062,145.20781879008797,25200.0,11.351922988891602,197.46142578125,13.81854896670547,25100.0,-174.306396484375,-0.19223946332931519,-147.61474633354422,,172.79080200195312,181.00994873046875,145.74091017425002,25300.0,202.66842651367188,203.44822692871094,185.8578498016652,25100.0,203.7072296142578,206.7919921875,188.61641104471525,25100.0,172.2663116455078,180.3358612060547,145.483577465265,25300.0,172.58865356445312,180.91372680664062,145.20635568453534,25200.0,0.32421875,0.42578125,0.15278209624064007,220800.0,0.5356557965278625,0.734881579875946,0.25733274804077244,201200.0,51.0,2447.0,58.67914657913632,25100.0,999900,761.3735473637397,1.0133421325683594,1.0,1.0
tvc200,27,200.0,/home/users/am1015/rl_runs_td3_tvcap_20260722_walker_v5_full30/Walker2d-v5__td3_tvcap_tvc200__27__1784842647/events.out.tfevents.1784842650.gpu-compute4.1220022.0,1381.88427734375,4190.4443359375,753.4983695518307,17.0,382.0,1000.0,249.56390414378433,17.0,1080.4225463867188,2677.202880859375,1290.1241821289063,0.0,174.8994598388672,183.2633514404297,147.39051767698587,25100.0,174.8992462158203,183.5823974609375,147.38706483296397,25200.0,13.0343599319458,138.60501098632812,16.768746305023605,25100.0,-176.7029266357422,-0.48296061158180237,-149.90896406918932,,174.95428466796875,182.83999633789062,147.82703700892029,25300.0,202.74195861816406,203.65072631835938,186.98851542736534,25100.0,203.74476623535156,206.8242645263672,191.326538955579,25100.0,174.37921142578125,182.1830596923828,147.55216591368026,25300.0,174.92098999023438,183.30014038085938,147.3872570629247,25200.0,0.36328125,0.453125,0.1671024752538722,169700.0,0.592880129814148,0.7998141646385193,0.2748709770762281,131800.0,46.0,1967.0,53.234280439019386,25100.0,999900,1023.36536120375,1.0137097930908203,1.0,1.0
tvc200,28,200.0,/home/users/am1015/rl_runs_td3_tvcap_20260722_walker_v5_full30/Walker2d-v5__td3_tvcap_tvc200__28__1784843146/events.out.tfevents.1784843150.gpu-compute4.1220339.0,1430.9103393554688,4261.0302734375,891.413479707658,45.0,377.0,1000.0,285.95022883295195,45.0,1797.5202026367188,3847.65380859375,2129.47998046875,0.0,182.65579223632812,190.0138702392578,160.63673748125484,25600.0,182.6007080078125,189.77639770507812,160.64039117781888,25600.0,12.368864059448242,137.9927520751953,15.01807089508075,25100.0,-184.16830444335938,0.028247909620404243,-162.87819560581653,25100.0,182.68572998046875,190.24826049804688,161.19845113495944,25600.0,202.63418579101562,203.0664825439453,188.50656902116697,25200.0,203.30755615234375,205.43023681640625,190.93731980129525,25100.0,181.88116455078125,189.42095947265625,160.77742379363858,25600.0,182.57058715820312,189.91989135742188,160.64142557514813,25600.0,0.49609375,0.61328125,0.2830582784131706,196100.0,0.7887905836105347,1.0338616371154785,0.4210272259878029,186500.0,48.0,1928.0,56.246794543030056,25100.0,999900,1393.782863101898,1.013170928955078,1.0,1.0
tvc200,29,200.0,/home/users/am1015/rl_runs_td3_tvcap_20260722_walker_v5_full30/Walker2d-v5__td3_tvcap_tvc200__29__1784843217/events.out.tfevents.1784843221.gpu-compute4.1220462.0,1813.479736328125,4498.87353515625,740.5065419422717,74.0,453.5,1000.0,250.03075768942236,10.0,1616.2987670898438,1930.0926513671875,1562.5374389648437,0.0,179.99285888671875,187.51385498046875,156.0898084826771,25300.0,179.98019409179688,187.6658935546875,156.09012431260234,25400.0,11.65400218963623,150.1127166748047,10.137241469523255,25100.0,-181.88050842285156,-0.3167964220046997,-158.31973227013904,,180.17282104492188,188.0211181640625,156.68819090712796,25400.0,202.57302856445312,203.33938598632812,188.42520347924332,25100.0,203.78260803222656,206.63235473632812,191.54597512884425,25100.0,179.5948028564453,187.4676513671875,156.45525756766085,25400.0,180.03024291992188,187.73748779296875,156.09588949769412,25300.0,0.375,0.50390625,0.16490393245461074,198200.0,0.555882453918457,0.8036275506019592,0.23293339820357636,198200.0,49.0,1943.0,56.25069237870551,25100.0,999900,1091.3431421636772,1.0128651428222657,1.0,1.0
tvc200,30,200.0,/home/users/am1015/rl_runs_td3_tvcap_20260722_walker_v5_full30/Walker2d-v5__td3_tvcap_tvc200__30__1784843625/events.out.tfevents.1784843628.gpu-compute4.1220839.0,1563.82958984375,3853.631591796875,606.675362961591,12.0,399.0,1000.0,203.16805527331843,12.0,1676.434326171875,2050.195556640625,1680.3086303710938,0.0,174.43798828125,182.39663696289062,152.29760144247666,25400.0,174.38294982910156,182.37692260742188,152.29480482057787,25100.0,16.291746139526367,107.43209075927734,18.190029106066294,25100.0,-176.27236938476562,-0.3401024639606476,-154.78366115376855,,174.46798706054688,182.8911895751953,152.81756395005903,25400.0,202.67047119140625,203.88314819335938,193.8650423169078,25100.0,204.36643981933594,208.62435913085938,196.5416677417523,25100.0,174.0472412109375,182.35684204101562,152.573773131507,25400.0,174.39178466796875,182.30715942382812,152.2925421988051,25100.0,0.32421875,0.41015625,0.16695903105446713,97200.0,0.4946732521057129,0.6924154162406921,0.2437907861726616,78400.0,47.0,1932.0,54.0257462303826,25100.0,999900,837.177858625467,1.0133523559570312,1.0,1.0
tvc225,1,225.0,/home/users/am1015/rl_runs_td3_tvcap_20260722_walker_v5_full30/Walker2d-v5__td3_tvcap_tvc225__1__1784855849/events.out.tfevents.1784855851.linux51.199047.0,1829.9327392578125,5174.55615234375,1025.9382003540575,16.0,430.0,1000.0,290.83013379872017,16.0,2081.1337280273438,5106.5009765625,2826.078466796875,0.0,202.64630126953125,212.18109130859375,174.31229029742968,25300.0,202.71237182617188,212.62803649902344,174.314573440653,25300.0,27.65231704711914,249.44482421875,28.06791322091811,25100.0,-204.66973876953125,-0.4543216824531555,-177.07277751445207,,202.67970275878906,211.73126220703125,174.75518831924992,25400.0,228.58099365234375,229.9906768798828,209.5789420292827,25100.0,230.24258422851562,233.54183959960938,214.20815818745737,25100.0,201.88845825195312,210.7942352294922,174.32058402311495,25400.0,202.6880645751953,212.1133575439453,174.3124708438678,25300.0,0.37890625,0.49609375,0.21830364011693507,198500.0,0.7739768624305725,1.1045284271240234,0.4346042170391558,171200.0,50.0,2395.0,58.17806954559442,25100.0,999900,1758.254705678958,1.01591552734375,1.0,1.0
tvc225,2,225.0,/home/users/am1015/rl_runs_td3_tvcap_20260722_walker_v5_full30/Walker2d-v5__td3_tvcap_tvc225__2__1784857109/events.out.tfevents.1784857111.linux59.870845.0,2235.0030517578125,4957.82373046875,1008.9071550294026,13.0,532.5,1000.0,285.0205245153934,13.0,3833.0699462890625,4925.50439453125,3392.987756347656,0.0,201.78189086914062,211.22018432617188,171.05980502277404,25400.0,201.80943298339844,211.26087951660156,171.062723817714,25400.0,23.48176383972168,196.84832763671875,26.073911081987312,25100.0,-203.70028686523438,-0.26639610528945923,-173.75875442581844,,201.6622772216797,210.7710723876953,171.49332668041092,25500.0,228.53623962402344,229.6575927734375,206.42976501017293,25100.0,230.0818634033203,233.32064819335938,210.72616853062183,25100.0,200.8275146484375,209.8000030517578,171.07012052675492,25500.0,201.760498046875,211.20294189453125,171.07369025363403,25400.0,0.3984375,0.51953125,0.20732575135911377,246900.0,0.8178441524505615,1.1079156398773193,0.423206303141425,226400.0,51.0,2469.0,59.269360960098474,25100.0,999900,1826.1509959934613,1.0157166205512154,1.0,1.0
tvc225,3,225.0,/home/users/am1015/rl_runs_td3_tvcap_20260722_walker_v5_full30/Walker2d-v5__td3_tvcap_tvc225__3__1784857126/events.out.tfevents.1784857129.linux51.199751.0,1538.150146484375,4490.658203125,724.560623843191,27.0,401.0,1000.0,230.42162286768095,27.0,2188.47021484375,4193.771484375,2207.5170166015623,0.0,195.49990844726562,205.66159057617188,170.18512537182815,25400.0,195.50753784179688,205.4027557373047,170.1885543422897,25400.0,14.768815994262695,190.41998291015625,13.446935624489097,25100.0,-197.38299560546875,-0.30421802401542664,-172.58161194619,,195.4174041748047,204.87408447265625,170.72971956953765,25400.0,227.2134552001953,228.10194396972656,210.56712460684335,25100.0,228.51651000976562,231.204833984375,214.06017281427017,25100.0,195.0175323486328,204.50131225585938,170.5291971689529,25400.0,195.5129852294922,205.521240234375,170.19619147411575,25400.0,0.2734375,0.37890625,0.13729693430095394,212400.0,0.39973199367523193,0.604935884475708,0.2005225633985508,162000.0,51.0,2382.0,58.83423940917017,25100.0,999900,1020.8121925431949,1.0098375786675347,1.0,1.0
tvc225,4,225.0,/home/users/am1015/rl_runs_td3_tvcap_20260722_walker_v5_full30/Walker2d-v5__td3_tvcap_tvc225__4__1784857306/events.out.tfevents.1784857308.linux60.776578.0,3635.3446044921875,3985.078369140625,961.4926606849209,21.0,1000.0,1000.0,308.3257248611968,21.0,3652.503173828125,3919.4482421875,2945.5490661621093,0.0,205.7520294189453,212.9369354248047,170.9390233752943,25300.0,205.73114013671875,213.18948364257812,170.94595631590906,25200.0,9.29607105255127,153.4907989501953,14.12753388668292,25100.0,-207.17071533203125,-0.40907877683639526,-173.28855731535208,,205.95480346679688,213.0399169921875,171.5327476145854,25400.0,227.28677368164062,227.86697387695312,208.70814223874027,25100.0,227.9210205078125,230.5777130126953,211.71080618855103,25100.0,205.238037109375,212.30987548828125,171.1896184511851,25400.0,205.79656982421875,212.9244384765625,170.94310695432407,25300.0,0.53125,0.62109375,0.25754244025028206,234900.0,0.7161365151405334,0.8560793995857239,0.34312923382656285,223400.0,51.0,2460.0,58.76920709816392,25100.0,999900,2504.2259212697927,1.0101634385850695,1.0,1.0
tvc225,5,225.0,/home/users/am1015/rl_runs_td3_tvcap_20260722_walker_v5_full30/Walker2d-v5__td3_tvcap_tvc225__5__1784858039/events.out.tfevents.1784858041.linux46.129038.0,1944.4540405273438,3841.37744140625,797.2818988159585,26.0,546.5,1000.0,269.8911693221712,26.0,3253.5809326171875,3591.539306640625,2737.662384033203,0.0,195.9444122314453,205.5427703857422,163.01890618592563,25100.0,195.9701690673828,205.63150024414062,163.02000266140348,25100.0,11.017038345336914,104.57305145263672,14.158109638003499,25100.0,-197.816650390625,-0.4120614230632782,-165.59070453645694,,196.03501892089844,205.4716033935547,163.66029234697803,25200.0,227.1708526611328,227.833251953125,205.8636206158651,25100.0,228.15823364257812,231.0423583984375,209.87807188563278,25100.0,195.576904296875,204.9169464111328,163.45516311935594,25200.0,195.96331787109375,205.25234985351562,163.01996725454165,25100.0,0.3203125,0.41796875,0.14574772092009436,264700.0,0.43767207860946655,0.5962352156639099,0.20512938176024106,214200.0,46.0,1940.0,52.927992614627144,25100.0,999900,1397.8681979439198,1.0096482340494792,1.0,1.0
tvc225,6,225.0,/home/users/am1015/rl_runs_td3_tvcap_20260722_walker_v5_full30/Walker2d-v5__td3_tvcap_tvc225__6__1784858609/events.out.tfevents.1784858612.linux50.680779.0,1000.17138671875,3929.4462890625,700.5442854088839,17.0,295.0,1000.0,228.70745654162855,17.0,1106.8802490234375,1284.7608642578125,1101.9239990234375,0.0,194.02105712890625,204.0350799560547,169.64619373096176,25200.0,194.03170776367188,203.78018188476562,169.64600731800152,25200.0,6.706818580627441,63.88379669189453,9.90233742967225,25100.0,-195.64035034179688,-0.3303501009941101,-171.94129703786265,,194.15005493164062,204.34669494628906,170.1476052878049,25400.0,227.19451904296875,227.8553924560547,209.36709553122532,25100.0,227.94796752929688,230.2555694580078,211.78444528415858,25100.0,193.71054077148438,203.93341064453125,169.8668142253502,25400.0,194.04115295410156,204.15774536132812,169.65002240163233,25200.0,0.29296875,0.40625,0.1943156028823469,212400.0,0.4235166907310486,0.6097986698150635,0.280791092364039,208400.0,49.0,1983.0,56.489793825007695,25100.0,999908,1030.0810501426458,1.00975341796875,1.0,1.0
tvc225,7,225.0,/home/users/am1015/rl_runs_td3_tvcap_20260722_walker_v5_full30/Walker2d-v5__td3_tvcap_tvc225__7__1784859089/events.out.tfevents.1784859092.linux50.681227.0,1222.9938354492188,4067.823974609375,681.4984552387173,59.0,328.0,1000.0,220.70854493265622,11.0,1103.4083251953125,3627.217529296875,1368.2774688720704,0.0,194.4935302734375,204.99855041503906,162.5970020986408,25100.0,194.48138427734375,205.37107849121094,162.59448687683386,25100.0,11.541038513183594,97.12064361572266,14.363792130765438,25100.0,-196.39108276367188,-0.5820348858833313,-165.15474406610159,,194.65858459472656,205.02328491210938,163.18617711647664,25100.0,227.28038024902344,228.03594970703125,204.46746339032754,25100.0,228.3394775390625,230.37351989746094,207.81783312049225,25100.0,194.23837280273438,204.57354736328125,162.98741071624437,25100.0,194.43008422851562,205.5452117919922,162.59599015638514,25100.0,0.3125,0.42578125,0.1421692288952713,294900.0,0.4405862092971802,0.6505454778671265,0.1987664915987352,276800.0,44.0,1923.0,51.00789824597395,25100.0,999900,963.7734052130045,1.010135023328993,1.0,1.0
tvc225,8,225.0,/home/users/am1015/rl_runs_td3_tvcap_20260722_walker_v5_full30/Walker2d-v5__td3_tvcap_tvc225__8__1784859345/events.out.tfevents.1784859348.linux49.636945.0,1378.24658203125,4354.2353515625,720.4499890603696,51.0,367.0,1000.0,247.51101757860857,13.0,1512.0992431640625,2831.25927734375,1580.5034423828124,0.0,194.55186462402344,202.96263122558594,157.69723663801332,25100.0,194.5367431640625,202.98960876464844,157.69536528086692,25100.0,11.007881164550781,144.8055419921875,12.893867256348164,25100.0,-196.45980834960938,-0.41550636291503906,-160.01727038974676,,194.71377563476562,203.36138916015625,158.23808221472288,25200.0,227.29652404785156,228.1959686279297,202.59554120599583,25100.0,228.62753295898438,230.5588836669922,205.77472139424648,25100.0,194.33151245117188,202.99029541015625,158.09264707124714,25200.0,194.55653381347656,203.1544952392578,157.7083564818253,25100.0,0.2578125,0.34375,0.10300936313980921,279300.0,0.3818517327308655,0.5657316446304321,0.145435038304033,267800.0,50.0,1906.0,57.214996409888194,25100.0,999900,1018.649158929403,1.010206773546007,1.0,1.0
tvc225,9,225.0,/home/users/am1015/rl_runs_td3_tvcap_20260722_walker_v5_full30/Walker2d-v5__td3_tvcap_tvc225__9__1784859585/events.out.tfevents.1784859588.linux46.129936.0,1142.7767333984375,3468.489013671875,717.3437817229834,27.0,334.0,1000.0,247.56152512998267,27.0,1380.9629516601562,1543.3306884765625,1363.5092041015625,0.0,195.480224609375,207.0552215576172,163.2682083927963,25300.0,195.45120239257812,207.17359924316406,163.2692528406829,25300.0,10.922577857971191,108.26622009277344,16.43513430017817,25100.0,-197.1005859375,-0.4144948720932007,-165.6714462542952,,195.68490600585938,206.27626037597656,163.86555568905789,25400.0,226.97598266601562,227.54156494140625,202.12899353551197,25100.0,227.63223266601562,229.7135009765625,205.07269808759304,25100.0,195.27879333496094,205.7887420654297,163.65512724630196,25400.0,195.45596313476562,206.63381958007812,163.270916386412,25300.0,0.34375,0.4453125,0.17048984190686226,261600.0,0.4242841601371765,0.5723896026611328,0.2104284023734799,257600.0,49.0,1948.0,56.809724074264025,25100.0,999900,1159.825257241726,1.0087821451822916,1.0,1.0
tvc225,10,225.0,/home/users/am1015/rl_runs_td3_tvcap_20260722_walker_v5_full30/Walker2d-v5__td3_tvcap_tvc225__10__1784860379/events.out.tfevents.1784860382.linux47.896762.0,1075.806884765625,2690.193115234375,530.1497342535573,25.0,313.0,1000.0,182.91546203110704,25.0,982.9890747070312,1232.662841796875,962.0359069824219,0.0,185.42649841308594,197.50454711914062,156.75119558585212,25200.0,185.38275146484375,197.43365478515625,156.75323647534722,25200.0,9.833740234375,142.0199737548828,10.798967492861731,25100.0,-187.53729248046875,-0.373712420463562,-159.20042238742073,,185.69371032714844,196.84825134277344,157.45923867142557,25300.0,226.81842041015625,227.9390106201172,204.20496093774102,25100.0,228.26895141601562,231.2609405517578,207.8834902556392,25100.0,185.44888305664062,196.58203125,157.35321775798502,25300.0,185.48016357421875,197.4363250732422,156.75670733516742,25200.0,0.15625,0.22265625,0.07253227895168735,267400.0,0.23856204748153687,0.41308295726776123,0.10602080467383376,259700.0,49.0,1911.0,56.65257975176941,25100.0,999900,737.4465276973369,1.0080818684895834,1.0,1.0
tvc225,11,225.0,/home/users/am1015/rl_runs_td3_tvcap_20260722_walker_v5_full30/Walker2d-v5__td3_tvcap_tvc225__11__1784860679/events.out.tfevents.1784860682.linux50.682479.0,1093.1004028320312,3496.496337890625,747.4240963513303,91.0,322.0,1000.0,253.47503168567806,15.0,1165.9157104492188,1416.5289306640625,1069.5894348144532,0.0,197.70767211914062,208.42218017578125,172.97403562619726,25400.0,197.7997283935547,207.8626708984375,172.9725891630533,25400.0,9.972827911376953,107.31112670898438,12.899564135938896,25100.0,-199.35641479492188,-0.040655601769685745,-175.31992859159922,,198.0290985107422,208.23789978027344,173.59050568776084,25500.0,226.84742736816406,227.2874298095703,209.28177425661647,25100.0,227.44619750976562,229.59765625,211.3833789384656,25100.0,197.60446166992188,207.67953491210938,173.34453914494335,25500.0,197.78543090820312,208.52720642089844,172.98096273746694,25400.0,0.37890625,0.4921875,0.22023773271617603,236700.0,0.4248153567314148,0.5877427458763123,0.2459665270557965,210600.0,48.0,1950.0,56.573494717406916,25100.0,999958,1246.8462752707494,1.0082107883029514,1.0,1.0
tvc225,12,225.0,/home/users/am1015/rl_runs_td3_tvcap_20260722_walker_v5_full30/Walker2d-v5__td3_tvcap_tvc225__12__1784860846/events.out.tfevents.1784860857.linux52.244460.0,1711.72119140625,4579.07177734375,715.2383014263066,20.0,441.0,1000.0,220.27605199383123,20.0,1618.5792236328125,2451.551513671875,1669.2760314941406,0.0,195.68325805664062,206.23403930664062,170.33454455489806,25200.0,195.70159912109375,206.61859130859375,170.32737225506077,25200.0,20.810884475708008,116.62866973876953,17.797621192670622,25100.0,-197.80429077148438,-0.36119717359542847,-172.92808575549606,,195.72213745117188,206.0380859375,170.86761363868214,25400.0,227.60423278808594,228.52215576171875,211.26394336130394,25100.0,229.1131591796875,232.60731506347656,214.38251481805383,25100.0,195.2445068359375,205.4425048828125,170.64768752709477,25400.0,195.67449951171875,206.61831665039062,170.33715176166322,25200.0,0.28515625,0.3828125,0.14236596381680172,217600.0,0.47434669733047485,0.6846632361412048,0.2199261318611382,209100.0,50.0,2432.0,58.50743666017027,25100.0,999900,1000.8527892824167,1.0115743679470486,1.0,1.0
tvc225,13,225.0,/home/users/am1015/rl_runs_td3_tvcap_20260722_walker_v5_full30/Walker2d-v5__td3_tvcap_tvc225__13__1784860906/events.out.tfevents.1784860909.linux48.847501.0,1076.93994140625,3381.048828125,559.4196950113874,38.0,298.0,842.0,188.88078594369924,38.0,1172.6346435546875,1797.7606201171875,1228.798388671875,0.0,186.03012084960938,196.95709228515625,149.99120904967904,25200.0,186.08856201171875,196.92794799804688,149.9933925450719,25300.0,13.12403392791748,110.84646606445312,17.312039131207907,25100.0,-188.15086364746094,-0.19758448004722595,-152.68267402719908,,186.36534118652344,197.18585205078125,150.60167282789638,25400.0,227.337158203125,228.50289916992188,199.13991352744878,25100.0,228.66249084472656,231.00048828125,202.10350143343916,25100.0,185.98521423339844,196.80325317382812,150.45077169161445,25400.0,186.01527404785156,197.06260681152344,149.99546144741834,25400.0,0.234375,0.32421875,0.09008816609395835,367100.0,0.3681716322898865,0.5735107660293579,0.1509012313717658,356900.0,47.0,1947.0,54.914042465893935,25100.0,999900,808.4800695650853,1.0103873697916668,1.0,1.0
tvc225,14,225.0,/home/users/am1015/rl_runs_td3_tvcap_20260722_walker_v5_full30/Walker2d-v5__td3_tvcap_tvc225__14__1784861025/events.out.tfevents.1784861028.compsci-cluster-fitz-23.1109807.0,1727.1923217773438,4781.26513671875,724.7409192006116,15.0,409.0,1000.0,236.33845426613095,15.0,1754.080322265625,3400.55615234375,1931.8115478515624,0.0,193.5838165283203,203.21444702148438,157.4667760533103,25400.0,193.68215942382812,203.43496704101562,157.4688065555837,25200.0,19.71677589416504,122.23039245605469,15.075968785732847,25100.0,-195.97650146484375,-0.26242542266845703,-159.99461228504634,,193.6201171875,203.20880126953125,158.01861462458902,25400.0,227.62176513671875,228.90472412109375,200.9272888779139,25100.0,229.4894561767578,232.4405517578125,204.79466388016215,25100.0,193.24200439453125,202.60475158691406,157.9092168561405,25400.0,193.56515502929688,203.32334899902344,157.47932842668425,25300.0,0.20703125,0.30859375,0.06158644476356549,377300.0,0.38862550258636475,0.6299104690551758,0.10939786124564474,343000.0,45.0,2633.0,51.78479844086573,25100.0,999947,1244.7815862219686,1.0116522894965279,1.0,1.0
tvc225,15,225.0,/home/users/am1015/rl_runs_td3_tvcap_20260722_walker_v5_full30/Walker2d-v5__td3_tvcap_tvc225__15__1784861309/events.out.tfevents.1784861312.linux48.847910.0,3591.4808349609375,4135.69287109375,857.5178926808528,20.0,1000.0,1000.0,280.81550126368995,20.0,2895.7415771484375,3759.9326171875,2744.5969329833983,0.0,200.75755310058594,210.47128295898438,163.41322210552346,25400.0,200.74461364746094,210.71343994140625,163.42218256321658,25400.0,17.123788833618164,199.18386840820312,20.828013422831408,25100.0,-202.83609008789062,-0.2897685170173645,-166.18131205949163,,200.82440185546875,209.99839782714844,163.90620611739706,25500.0,227.73533630371094,228.99017333984375,204.2692739195057,25100.0,229.27772521972656,232.8524932861328,208.14235648464233,25100.0,200.2784423828125,209.36349487304688,163.69345707405068,25500.0,200.77191162109375,210.46951293945312,163.41476237691128,25400.0,0.3359375,0.43359375,0.12458208854754334,316900.0,0.544435441493988,0.8029728531837463,0.21274911240316413,294100.0,46.0,1909.0,52.93363421889425,25100.0,999983,2155.605632383854,1.0121570502387154,1.0,1.0
tvc225,16,225.0,/home/users/am1015/rl_runs_td3_tvcap_20260722_walker_v5_full30/Walker2d-v5__td3_tvcap_tvc225__16__1784861489/events.out.tfevents.1784861492.linux47.897679.0,3378.5482177734375,4317.09912109375,1169.792406430985,14.0,909.5,1000.0,345.2435233160622,14.0,3252.0987548828125,3707.455078125,2825.365673828125,0.0,210.47207641601562,217.38998413085938,183.9549580363417,25300.0,210.48074340820312,216.75181579589844,183.95275078897694,25300.0,16.049301147460938,255.99795532226562,23.69290407190472,25100.0,-212.00253295898438,-0.4486692547798157,-186.48126201479113,,210.6281280517578,217.11984252929688,184.47965225445066,25400.0,227.93609619140625,229.270751953125,213.59582199149253,25100.0,229.29043579101562,232.1700439453125,217.05312636574118,25100.0,209.65916442871094,216.12168884277344,183.90806712699217,25400.0,210.49813842773438,217.00186157226562,183.95886551352623,25300.0,0.5703125,0.69140625,0.3354654964611755,162100.0,0.9539518356323242,1.2129534482955933,0.5715852105283703,146800.0,48.0,1924.0,55.333059801005234,25100.0,999900,2732.2284345275316,1.01304931640625,1.0,1.0
tvc225,17,225.0,/home/users/am1015/rl_runs_td3_tvcap_20260722_walker_v5_full30/Walker2d-v5__td3_tvcap_tvc225__17__1784861609/events.out.tfevents.1784861612.linux52.245091.0,2889.153564453125,4115.71044921875,881.4218733343573,27.0,743.0,1000.0,291.7122847971987,7.0,3420.977294921875,3589.37353515625,3454.5492919921876,0.0,204.05145263671875,211.6025848388672,165.26910364205747,25500.0,204.01858520507812,211.6802978515625,165.2677141250218,25500.0,8.700946807861328,71.96145629882812,12.947126166202057,25100.0,-205.73727416992188,-0.36337074637413025,-167.71165977805893,,204.24598693847656,211.09886169433594,165.89167086168297,25500.0,227.28872680664062,227.7735595703125,202.2581953937397,25100.0,227.9564666748047,229.8128204345703,206.35535702274413,25100.0,203.6439208984375,210.39794921875,165.65308824081671,25500.0,203.97085571289062,211.22610473632812,165.2772211308688,25500.0,0.42578125,0.55078125,0.17395373884500975,326900.0,0.5947063565254211,0.7950360178947449,0.23858262252925005,266100.0,50.0,2363.0,58.02113037234588,25100.0,999900,2155.3142296414917,1.010172119140625,1.0,1.0
tvc225,18,225.0,/home/users/am1015/rl_runs_td3_tvcap_20260722_walker_v5_full30/Walker2d-v5__td3_tvcap_tvc225__18__1784861789/events.out.tfevents.1784861792.linux53.590231.0,1138.2166748046875,4004.03076171875,757.5436293786423,66.0,316.0,1000.0,248.45725646123262,24.0,1110.458984375,1239.14453125,1094.2367004394532,0.0,197.07398986816406,205.6953887939453,164.0841567836047,25400.0,196.96258544921875,205.8528289794922,164.0855954872078,25400.0,13.056595802307129,107.4588623046875,17.50588324514092,25100.0,-198.83396911621094,-0.10253921151161194,-166.65327583335159,,197.1667022705078,205.8428497314453,164.70177888541693,25500.0,227.37107849121094,227.92758178710938,200.8053703166063,25200.0,228.1018524169922,231.41033935546875,204.29238236727855,25100.0,196.63339233398438,205.32620239257812,164.41891385160838,25500.0,197.019775390625,206.15447998046875,164.08902387459474,25400.0,0.3671875,0.46875,0.19363083713714227,249700.0,0.5425662994384766,0.7267612218856812,0.28286507766984625,247000.0,51.0,2420.0,59.086880705713405,25100.0,999900,1225.0507894433463,1.0105381266276041,1.0,1.0
tvc225,19,225.0,/home/users/am1015/rl_runs_td3_tvcap_20260722_walker_v5_full30/Walker2d-v5__td3_tvcap_tvc225__19__1784861970/events.out.tfevents.1784861972.linux54.601425.0,1186.598388671875,3459.078857421875,728.6747994324597,57.0,354.0,1000.0,260.89692066805844,27.0,1820.3566284179688,2617.427001953125,1920.5323364257813,0.0,198.57089233398438,206.94862365722656,164.36065711429484,25100.0,198.6103515625,206.95274353027344,164.35883417616697,25100.0,8.863205909729004,119.05999755859375,11.292793824013863,25100.0,-200.32005310058594,-0.15603071451187134,-166.79802890442764,,198.70201110839844,206.50161743164062,164.99531984791972,25300.0,226.65408325195312,227.09054565429688,203.17797799302207,25100.0,227.28228759765625,229.68157958984375,206.45474512281876,25100.0,198.35006713867188,206.1391143798828,164.83955811038774,25300.0,198.54876708984375,206.8741455078125,164.36316336895223,25100.0,0.30859375,0.4140625,0.14315731100625706,314100.0,0.3278658986091614,0.4761642813682556,0.15576184286265657,261600.0,51.0,2460.0,58.86962765411837,25100.0,999900,1332.0568822683433,1.0073514811197917,1.0,1.0
tvc225,20,225.0,/home/users/am1015/rl_runs_td3_tvcap_20260722_walker_v5_full30/Walker2d-v5__td3_tvcap_tvc225__20__1784861985/events.out.tfevents.1784861988.linux55.496596.0,931.5365295410156,2098.437255859375,485.6886071621093,47.0,267.5,926.0,171.3707576276997,19.0,958.7861022949219,1309.385009765625,996.3100280761719,0.0,178.8118896484375,190.75772094726562,142.13733640287776,25100.0,178.85943603515625,190.65716552734375,142.13546847382324,25100.0,12.228825569152832,57.68879699707031,14.83440779727069,25100.0,-180.79159545898438,-0.6860900521278381,-144.55831103675706,,179.14151000976562,189.6634979248047,142.7795281951804,25100.0,226.48336791992188,227.76315307617188,191.26538554131403,25100.0,228.03070068359375,230.73709106445312,196.75195909731937,25100.0,178.93093872070312,189.4400634765625,142.697762066836,25100.0,178.84803771972656,190.33938598632812,142.13798238249305,25100.0,0.140625,0.22265625,0.05796708316237563,413500.0,0.19724559783935547,0.3576222062110901,0.08176618212246872,345400.0,51.0,2426.0,59.16822238178275,25100.0,999900,653.8918099968861,1.0065927463107638,1.0,1.0
tvc225,21,225.0,/home/users/am1015/rl_runs_td3_tvcap_20260722_walker_v5_full30/Walker2d-v5__td3_tvcap_tvc225__21__1784862030/events.out.tfevents.1784862032.linux48.848717.0,2465.951416015625,4304.9638671875,995.4565268453368,68.0,639.0,1000.0,319.04883498244493,23.0,3768.3824462890625,4026.783447265625,3430.8050048828127,0.0,204.9077606201172,211.86221313476562,173.84341244423123,25500.0,204.9633026123047,212.24778747558594,173.8524969808023,25500.0,11.308130264282227,93.13207244873047,13.357708373131377,25100.0,-206.45361328125,-0.30442899465560913,-176.17546856065252,,205.01419067382812,212.63816833496094,174.3898099415445,25500.0,227.26751708984375,228.0846405029297,209.0696864507283,25100.0,228.37103271484375,231.7003173828125,211.95024115239084,25100.0,204.3997802734375,211.95852661132812,174.07116708237857,25500.0,204.9381866455078,211.90048217773438,173.8485271088555,25500.0,0.45703125,0.5703125,0.26416771912503845,222900.0,0.61835116147995,0.8067445755004883,0.31864285144405813,222300.0,47.0,1927.0,53.91691455533901,25100.0,999900,1903.976576824601,1.010077853732639,1.0,1.0
tvc225,22,225.0,/home/users/am1015/rl_runs_td3_tvcap_20260722_walker_v5_full30/Walker2d-v5__td3_tvcap_tvc225__22__1784862060/events.out.tfevents.1784862062.linux54.601592.0,1966.0257568359375,3568.68310546875,628.7633073189542,32.0,603.0,1000.0,223.02275769745648,32.0,2768.6187744140625,3487.888671875,2714.321081542969,0.0,193.29937744140625,202.48007202148438,154.44585684737032,25500.0,193.2423095703125,202.87518310546875,154.4443583579233,25400.0,11.11519718170166,216.61801147460938,13.716740377584363,25100.0,-195.1010284423828,-0.2551099956035614,-156.99542827363905,,193.47024536132812,202.79034423828125,155.1137356981765,25500.0,226.9124298095703,227.96401977539062,196.5699256642719,25100.0,228.62025451660156,231.84353637695312,200.69784185841354,25100.0,193.19937133789062,202.44146728515625,155.02182280065978,25500.0,193.23992919921875,202.58961486816406,154.44667323828293,25500.0,0.18359375,0.26953125,0.05606224035798543,420700.0,0.2826998829841614,0.47647660970687866,0.0919128442338851,398700.0,50.0,2316.0,58.163093650630834,25100.0,999900,1178.8910523538407,1.0084996880425348,1.0,1.0
tvc225,23,225.0,/home/users/am1015/rl_runs_td3_tvcap_20260722_walker_v5_full30/Walker2d-v5__td3_tvcap_tvc225__23__1784862150/events.out.tfevents.1784862154.compsci-cluster-fitz-04.868180.0,1780.6363525390625,4336.0478515625,697.1863107981583,24.0,479.0,1000.0,246.64627528367046,24.0,3377.7484130859375,4096.98681640625,2944.7331665039064,0.0,196.81674194335938,206.7482452392578,151.1895207811255,25700.0,196.80445861816406,206.7005615234375,151.190947501819,25700.0,12.302566528320312,109.09642791748047,13.203229249222227,25100.0,-198.807373046875,0.12302188575267792,-153.65871678840864,25100.0,197.0807342529297,206.24655151367188,151.78683040599213,25600.0,227.31326293945312,228.32630920410156,190.81084156019278,25200.0,228.78012084960938,231.59902954101562,196.01577736492686,25200.0,196.6393280029297,205.8288116455078,151.66309882159285,25600.0,196.78858947753906,206.56324768066406,151.19231234702642,25700.0,0.2734375,0.390625,0.08092176120627757,472000.0,0.4179952144622803,0.6066035032272339,0.12373148839233325,470800.0,45.0,2326.0,52.764078367012004,25100.0,999903,1656.1355127984514,1.0102811686197917,1.0,1.0
tvc225,24,225.0,/home/users/am1015/rl_runs_td3_tvcap_20260722_walker_v5_full30/Walker2d-v5__td3_tvcap_tvc225__24__1784862179/events.out.tfevents.1784862182.linux57.393516.0,1086.7808837890625,3353.342041015625,695.6417088316535,12.0,323.0,1000.0,235.35546139359698,12.0,1160.8056640625,1720.0684814453125,1226.977117919922,0.0,195.07192993164062,204.07681274414062,168.80107429373163,25300.0,195.05657958984375,203.81661987304688,168.80026622840072,25300.0,8.872901916503906,109.38814544677734,13.945207607094304,25100.0,-196.79351806640625,-0.31743124127388,-171.38216348288486,,195.18621826171875,203.72984313964844,169.4288784358083,25400.0,226.93089294433594,227.77627563476562,208.64570735513794,25100.0,227.751708984375,229.39520263671875,211.96980688327739,25100.0,194.8931884765625,203.3818359375,169.23419242108685,25400.0,195.04827880859375,203.806640625,168.80021651359579,25300.0,0.25,0.3515625,0.14746264039901527,225600.0,0.3179880976676941,0.49130916595458984,0.1946860060702594,213300.0,51.0,2422.0,58.99056313468048,25100.0,999900,1056.9474074447003,1.0085817464192708,1.0,1.0
tvc225,25,225.0,/home/users/am1015/rl_runs_td3_tvcap_20260722_walker_v5_full30/Walker2d-v5__td3_tvcap_tvc225__25__1784862225/events.out.tfevents.1784862228.linux56.781610.0,2556.949951171875,4785.9892578125,757.5852897658023,51.0,595.5,1000.0,244.06591796875,18.0,2474.5657958984375,4459.609375,2672.2141845703127,0.0,194.7683868408203,203.4461669921875,159.07324354705787,25300.0,194.9121856689453,204.05386352539062,159.07273029375662,25200.0,19.881898880004883,317.3189392089844,18.877151618761804,25100.0,-197.3328857421875,-0.3269423544406891,-161.90655955981018,,194.94076538085938,203.57302856445312,159.59405021349744,25400.0,227.6875457763672,228.8129119873047,204.25733577507356,25100.0,229.2240753173828,235.14480590820312,208.23570446414647,25100.0,194.48646545410156,202.97000122070312,159.45298226567306,25400.0,194.79937744140625,204.1392059326172,159.07124936879657,25300.0,0.23828125,0.33203125,0.07673583508564981,323000.0,0.4369373321533203,0.7162251472473145,0.14106791752376902,309200.0,51.0,2485.0,59.11560160016412,25100.0,999900,1319.1060294554784,1.0119446478949652,1.0,1.0
tvc225,26,225.0,/home/users/am1015/rl_runs_td3_tvcap_20260722_walker_v5_full30/Walker2d-v5__td3_tvcap_tvc225__26__1784863065/events.out.tfevents.1784863068.linux47.898964.0,1436.0259399414062,4380.205078125,694.3768511829089,20.0,376.5,1000.0,218.5229558373415,20.0,1219.8788452148438,2026.053955078125,1292.972393798828,0.0,192.46310424804688,201.32229614257812,156.89854183628987,25300.0,192.43020629882812,201.11669921875,156.89620322543823,25200.0,11.911731719970703,85.56080627441406,15.089978066110154,25100.0,-194.2742919921875,-0.19223946332931519,-159.45704655919837,,192.7099151611328,201.81829833984375,157.43933417595804,25300.0,227.67739868164062,228.6064910888672,203.33484463923918,25100.0,228.5919952392578,230.77847290039062,206.72061032419364,25100.0,192.13699340820312,201.19740295410156,157.1942387528535,25300.0,192.51254272460938,201.18789672851562,156.88887464778713,25200.0,0.34765625,0.4609375,0.14578538503949123,330700.0,0.5736802220344543,0.7897270321846008,0.24509547633236525,262700.0,47.0,1857.0,54.97835675453893,25100.0,999900,1057.0537560100738,1.0118995496961805,1.0,1.0
tvc225,27,225.0,/home/users/am1015/rl_runs_td3_tvcap_20260722_walker_v5_full30/Walker2d-v5__td3_tvcap_tvc225__27__1784863650/events.out.tfevents.1784863653.gpu-compute4.1248126.0,1420.7794189453125,4432.1630859375,794.4908184665061,17.0,388.0,1000.0,265.6658692185008,17.0,3416.19580078125,3978.45751953125,3089.5375366210938,0.0,195.1231689453125,204.068359375,157.65361368412843,25100.0,195.0493927001953,203.66067504882812,157.6519930397119,25200.0,12.827580451965332,79.32225799560547,17.34848476569507,25100.0,-196.97052001953125,-0.48296061158180237,-160.24389738936108,,195.16351318359375,203.61546325683594,158.1321761410601,25300.0,227.4586181640625,228.424560546875,203.99023511903093,25100.0,228.61270141601562,231.7460174560547,210.24979313630877,25100.0,194.7315673828125,203.11488342285156,157.96115335280288,25300.0,195.06201171875,204.13832092285156,157.6458021483594,25200.0,0.296875,0.40625,0.11394798504974869,206400.0,0.4612489342689514,0.6506989598274231,0.171022839650874,188000.0,47.0,1932.0,53.60498512667966,25100.0,999900,1268.3601094415556,1.0109271918402778,1.0,1.0
tvc225,28,225.0,/home/users/am1015/rl_runs_td3_tvcap_20260722_walker_v5_full30/Walker2d-v5__td3_tvcap_tvc225__28__1784864160/events.out.tfevents.1784864162.gpu-compute4.1248600.0,2977.6544189453125,4225.93115234375,965.7327938363132,45.0,744.5,1000.0,299.4830787660976,45.0,2440.858642578125,4135.84619140625,2611.1591552734376,0.0,203.1126708984375,211.6208953857422,172.87972115384656,25600.0,203.14004516601562,211.45220947265625,172.8763627606853,25600.0,14.868709564208984,413.56707763671875,19.70863656030947,25100.0,-205.04791259765625,0.028247909620404243,-175.54013068174604,25100.0,203.2864532470703,211.39724731445312,173.46375198234077,25600.0,227.4056854248047,227.8626708984375,208.38685357696977,25200.0,228.0880584716797,230.0386199951172,211.27571285193716,25100.0,202.5319366455078,210.62371826171875,173.0675499802399,25600.0,203.1154022216797,211.55694580078125,172.87428149766436,25600.0,0.4921875,0.58203125,0.265478350343625,211200.0,0.7441467642784119,0.9647255539894104,0.39620199980815507,194300.0,45.0,1878.0,52.4399425582111,25100.0,999973,1842.491777051718,1.0106919352213541,1.0,1.0
tvc225,29,225.0,/home/users/am1015/rl_runs_td3_tvcap_20260722_walker_v5_full30/Walker2d-v5__td3_tvcap_tvc225__29__1784864910/events.out.tfevents.1784864913.gpu-compute4.1249339.0,1706.72021484375,4161.48974609375,677.0565390486958,74.0,455.0,1000.0,240.29127613554434,10.0,1111.6591796875,1909.9017333984375,1334.0484008789062,0.0,196.63717651367188,206.12521362304688,164.11793201330067,25300.0,196.66510009765625,206.2180633544922,164.12089931255602,25400.0,7.225219249725342,84.02542877197266,8.382743954824349,25100.0,-198.5731201171875,-0.3167964220046997,-166.31935642013576,,196.99087524414062,205.43463134765625,164.7753438074755,25400.0,227.07601928710938,227.86708068847656,205.40902803278829,25100.0,228.13626098632812,229.73294067382812,209.15053634636095,25100.0,196.6355743408203,205.10360717773438,164.67167829762403,25400.0,196.71800231933594,205.71694946289062,164.12289676940472,25300.0,0.234375,0.35546875,0.07843392591547851,328100.0,0.32573384046554565,0.5471789836883545,0.10366549863242067,314300.0,48.0,1963.0,56.064519437891065,25100.0,999900,1034.3863002791618,1.0092267523871528,1.0,1.0
tvc225,30,225.0,/home/users/am1015/rl_runs_td3_tvcap_20260722_walker_v5_full30/Walker2d-v5__td3_tvcap_tvc225__30__1784867670/events.out.tfevents.1784867673.linux53.594758.0,2026.8031616210938,4643.2626953125,855.142664024305,12.0,504.0,1000.0,262.98263157894735,12.0,3103.35888671875,4354.767578125,3010.243798828125,0.0,200.75289916992188,208.90676879882812,169.27381395455535,25400.0,200.69802856445312,209.24473571777344,169.26419152192406,25100.0,11.933133125305176,111.77486419677734,13.048306070205104,25100.0,-202.58151245117188,-0.3401024341583252,-171.75012592835137,,200.87522888183594,208.67828369140625,169.93089174318717,25400.0,227.6524658203125,228.32366943359375,207.6925372185157,25100.0,228.53517150878906,230.2888641357422,210.48197343196853,25100.0,200.21405029296875,207.9336395263672,169.59346131725508,25400.0,200.78457641601562,208.5457305908203,169.27347582290463,25100.0,0.4140625,0.5078125,0.22873419709713816,235200.0,0.6699602007865906,0.8905479311943054,0.3374303046807667,219000.0,50.0,2381.0,58.48456251923274,25100.0,999900,1529.416719513826,1.0117887369791667,1.0,1.0
tvc250,1,250.0,/home/users/am1015/rl_runs_td3_tvcap_20260722_walker_v5_full30/Walker2d-v5__td3_tvcap_tvc250__1__1784878217/events.out.tfevents.1784878220.linux42.336500.0,1650.18994140625,3438.203125,597.8885027925511,16.0,466.0,1000.0,213.98929106875133,16.0,2330.06494140625,3537.3916015625,2287.8447875976562,0.0,205.15673828125,220.34280395507812,155.5376563464749,25300.0,205.22911071777344,219.99497985839844,155.53937361069487,25300.0,14.583330154418945,85.22001647949219,15.602669217606861,25100.0,-207.5308837890625,-0.4543217122554779,-158.22113390770224,,205.58221435546875,219.54055786132812,156.19390427858303,25400.0,251.21572875976562,252.35858154296875,210.38439668752142,25100.0,252.7859649658203,254.80227661132812,215.41497731981448,25100.0,205.4376220703125,219.33035278320312,156.158253658843,25400.0,205.16452026367188,220.0352325439453,155.53988345044743,25300.0,0.10546875,0.1796875,0.023584149656375012,470800.0,0.14891177415847778,0.28023308515548706,0.03565070872820882,469900.0,49.0,1795.0,56.928710636988406,25100.0,999900,916.0318244596323,1.0048629150390624,1.0,1.0
tvc250,2,250.0,/home/users/am1015/rl_runs_td3_tvcap_20260722_walker_v5_full30/Walker2d-v5__td3_tvcap_tvc250__2__1784878216/events.out.tfevents.1784878222.linux43.272452.0,3147.60888671875,3482.042236328125,908.7973914937266,13.0,1000.0,1000.0,352.5465772759351,13.0,3189.2762451171875,3289.738525390625,3071.798205566406,0.0,221.84185791015625,233.06201171875,166.85834794902004,25400.0,221.81057739257812,233.64617919921875,166.85103714779967,25400.0,9.546627044677734,42.926292419433594,12.488810568199622,25100.0,-223.69906616210938,-0.2663955092430115,-169.31166716404041,,222.12557983398438,232.9608154296875,167.42625257292727,25500.0,251.27296447753906,251.8137664794922,204.28412378688665,25100.0,251.9522247314453,253.62374877929688,208.6570251554584,25100.0,221.90322875976562,232.69735717773438,167.35886463294824,25500.0,221.8164825439453,233.10797119140625,166.86002114108098,25400.0,0.26953125,0.36328125,0.0726003949122987,454800.0,0.23047709465026855,0.34056973457336426,0.06738792219972939,444800.0,45.0,1707.0,52.351318083906044,25100.0,999900,2302.803631616709,1.0050918579101562,1.0,1.0
tvc250,3,250.0,/home/users/am1015/rl_runs_td3_tvcap_20260722_walker_v5_full30/Walker2d-v5__td3_tvcap_tvc250__3__1784878216/events.out.tfevents.1784878223.linux43.272447.0,3118.0367431640625,4399.92431640625,543.0103862844735,27.0,764.5,1000.0,180.03404178674353,27.0,3902.0411376953125,4255.4833984375,3593.43125,0.0,200.5763702392578,214.63250732421875,151.47386425462642,25400.0,200.65106201171875,214.30284118652344,151.4709980677466,25400.0,18.42559051513672,87.90757751464844,14.119797502588858,25100.0,-203.28070068359375,-0.30431145429611206,-154.05046985964736,,200.88345336914062,214.19461059570312,152.144774903291,25400.0,251.25326538085938,253.2903289794922,201.68817857351868,25100.0,253.7036895751953,256.71051025390625,205.18131019997375,25100.0,200.71893310546875,214.02743530273438,152.1128418451403,25400.0,200.68643188476562,214.20053100585938,151.48099577110247,25400.0,0.08203125,0.171875,0.015476346933018772,710100.0,0.1715564727783203,0.3962021470069885,0.031933019333392466,670700.0,49.0,1709.0,56.819366088829625,25100.0,999900,1063.5969857122655,1.0050130615234374,1.0,1.0
tvc250,4,250.0,/home/users/am1015/rl_runs_td3_tvcap_20260722_walker_v5_full30/Walker2d-v5__td3_tvcap_tvc250__4__1784878216/events.out.tfevents.1784878221.linux44.248319.0,3277.4652099609375,3804.927490234375,802.9136183631682,21.0,1000.0,1000.0,293.659518213866,21.0,3106.1539306640625,3357.13134765625,2873.4225830078126,0.0,221.79998779296875,231.1040496826172,171.59306719219788,25300.0,221.84970092773438,230.4031982421875,171.5945122262656,25200.0,10.71341609954834,55.24394989013672,12.693757007054236,25100.0,-223.51589965820312,-0.40910273790359497,-173.95316245544507,,222.20057678222656,230.44558715820312,172.25401281476698,25400.0,251.47348022460938,252.0303192138672,211.60883441344492,25100.0,252.27247619628906,254.21275329589844,214.9452381478293,25100.0,221.9300079345703,230.08335876464844,172.1738174166838,25400.0,221.84454345703125,230.6758575439453,171.5969191505234,25300.0,0.27734375,0.36328125,0.07858338034670223,444600.0,0.26482653617858887,0.37765514850616455,0.0801953742022098,435100.0,49.0,1743.0,56.42096625294902,25100.0,999900,2090.0814455774353,1.0058939208984374,1.0,1.0
tvc250,5,250.0,/home/users/am1015/rl_runs_td3_tvcap_20260722_walker_v5_full30/Walker2d-v5__td3_tvcap_tvc250__5__1784879028/events.out.tfevents.1784879031.linux50.703248.0,3441.170166015625,3919.78125,816.1263914473906,26.0,1000.0,1000.0,274.6977191536136,26.0,3791.1815185546875,3886.1962890625,3152.654431152344,0.0,210.6659698486328,221.0935516357422,168.38474891768593,25100.0,210.67945861816406,220.71697998046875,168.3913954141758,25100.0,13.665433883666992,108.25262451171875,15.33082248373684,25100.0,-212.80474853515625,-0.4120614230632782,-171.04542613810534,,210.6988525390625,219.97601318359375,168.9908858845727,25200.0,251.8684844970703,252.61183166503906,221.64652618587,25100.0,252.9241485595703,254.90737915039062,226.6731719608759,25100.0,210.35723876953125,219.62924194335938,168.85858354056225,25200.0,210.6441650390625,220.41445922851562,168.38512202527335,25100.0,0.2421875,0.34765625,0.09892200482100728,363800.0,0.312206506729126,0.4863782525062561,0.13230232792470942,271900.0,49.0,1942.0,55.98933223920402,25100.0,999900,1558.544004625235,1.0074739379882813,1.0,1.0
tvc250,6,250.0,/home/users/am1015/rl_runs_td3_tvcap_20260722_walker_v5_full30/Walker2d-v5__td3_tvcap_tvc250__6__1784879343/events.out.tfevents.1784879346.linux49.660158.0,2617.21533203125,4255.63232421875,1064.6787468144546,17.0,700.5,1000.0,330.0448993067019,17.0,3331.929931640625,3645.7333984375,3241.9862548828123,0.0,229.83837890625,237.99575805664062,190.91959942838355,25200.0,229.91468811035156,237.9088134765625,190.92260913462164,25200.0,6.256252288818359,65.42010498046875,9.635108433721927,25100.0,-231.22128295898438,-0.3303501009941101,-193.22619604524533,,230.13623046875,238.51657104492188,191.5213023321532,25400.0,252.0887908935547,252.3820037841797,228.52099226565102,25100.0,252.59922790527344,255.1787872314453,230.9851745118458,25100.0,229.41839599609375,237.78253173828125,191.18837869889745,25400.0,229.86598205566406,237.57972717285156,190.92982146906473,25200.0,0.54296875,0.66015625,0.2842314756641707,240000.0,0.6880202889442444,0.8829664587974548,0.3329236135322359,231400.0,50.0,1882.0,57.5539029644066,25100.0,999900,2704.1577126464017,1.0083551635742187,1.0,1.0
tvc250,7,250.0,/home/users/am1015/rl_runs_td3_tvcap_20260722_walker_v5_full30/Walker2d-v5__td3_tvcap_tvc250__7__1784879583/events.out.tfevents.1784879586.linux46.155895.0,2361.36083984375,4210.02880859375,835.4672045502745,59.0,590.0,1000.0,267.66050870147257,11.0,3766.1529541015625,4014.416259765625,3614.4330810546876,0.0,216.70721435546875,227.37283325195312,178.89723611919038,25100.0,216.83419799804688,226.58935546875,178.8974822818536,25100.0,13.622509002685547,115.71670532226562,15.35843839732066,25100.0,-218.78207397460938,-0.5818975567817688,-181.54338930267983,,216.9016571044922,226.36631774902344,179.4871180407651,25100.0,252.12692260742188,253.1195526123047,226.35474250250346,25100.0,253.26217651367188,255.75502014160156,231.48694200167375,25100.0,216.54136657714844,225.8740234375,179.36224919216224,25100.0,216.8255615234375,226.75442504882812,178.8976784725992,25100.0,0.27734375,0.390625,0.0868991370909837,233000.0,0.3855917453765869,0.573369562625885,0.12486873394233139,203100.0,46.0,1891.0,52.38147502307929,25100.0,999900,1469.904412089632,1.0085076904296875,1.0,1.0
tvc250,8,250.0,/home/users/am1015/rl_runs_td3_tvcap_20260722_walker_v5_full30/Walker2d-v5__td3_tvcap_tvc250__8__1784879973/events.out.tfevents.1784879975.linux46.156241.0,2228.25927734375,4121.94091796875,864.4385108198485,51.0,600.0,1000.0,313.20463804450014,13.0,1848.6641845703125,2849.90283203125,1965.2392822265624,0.0,218.38406372070312,228.57550048828125,167.9829920298674,25100.0,218.2960205078125,228.2822265625,167.97864461842366,25100.0,9.842849731445312,90.61947631835938,12.3392202002976,25100.0,-220.14813232421875,-0.41550636291503906,-170.23719842335618,,218.65780639648438,228.4380645751953,168.55215165841884,25200.0,251.53622436523438,252.2669677734375,216.93004855724809,25100.0,252.61476135253906,254.17764282226562,220.53709914268794,25100.0,218.42633056640625,228.14149475097656,168.47255940744577,25200.0,218.474365234375,228.58255004882812,167.98956140665183,25100.0,0.25390625,0.3671875,0.08603847189455328,437700.0,0.2501690983772278,0.40773069858551025,0.07959224535436041,432800.0,48.0,1962.0,55.554005539029646,25100.0,999900,1967.0489611128967,1.0061448974609375,1.0,1.0
tvc250,9,250.0,/home/users/am1015/rl_runs_td3_tvcap_20260722_walker_v5_full30/Walker2d-v5__td3_tvcap_tvc250__9__1784880573/events.out.tfevents.1784880575.linux52.267907.0,3602.437744140625,3936.424560546875,900.2876130257482,27.0,1000.0,1000.0,310.45898073337474,27.0,3643.15771484375,3692.571044921875,3424.992138671875,0.0,222.3634033203125,231.2605438232422,173.65677664003726,25300.0,222.29188537597656,231.34295654296875,173.65392111769984,25300.0,9.886077880859375,97.31251525878906,14.10672523897435,25100.0,-224.05458068847656,-0.41449490189552307,-176.0885934192427,,222.57891845703125,232.266845703125,174.27880142461822,25400.0,251.65921020507812,252.21615600585938,216.48810004698416,25100.0,252.24740600585938,253.97059631347656,219.91084447864117,25100.0,222.1632843017578,231.78192138671875,174.1124181862933,25400.0,222.22604370117188,231.18218994140625,173.66420706288852,25300.0,0.4140625,0.51171875,0.17278174364037338,317500.0,0.4145527482032776,0.5779567360877991,0.16638332295997385,306000.0,51.0,2462.0,59.01425787260232,25100.0,999900,2459.584927205856,1.0066368408203126,1.0,1.0
tvc250,10,250.0,/home/users/am1015/rl_runs_td3_tvcap_20260722_walker_v5_full30/Walker2d-v5__td3_tvcap_tvc250__10__1784880723/events.out.tfevents.1784880726.linux47.927326.0,1121.2147216796875,3336.30810546875,553.2548254217713,25.0,317.5,1000.0,187.6290110714956,25.0,1036.8728942871094,1778.01708984375,1134.5544921875,0.0,201.05130004882812,214.0077362060547,164.65974292653237,25200.0,201.02162170410156,213.59625244140625,164.65680477329892,25200.0,8.559369087219238,67.97903442382812,10.441464252685499,25100.0,-202.852294921875,-0.373712420463562,-167.07368117865568,,201.18063354492188,213.19406127929688,165.3817034645519,25300.0,251.0377197265625,252.35211181640625,219.92176696269289,25100.0,252.55154418945312,254.70167541503906,224.72488838149616,25100.0,201.01687622070312,213.0713348388672,165.3342079566367,25300.0,200.9751739501953,213.74114990234375,164.65412299480514,25200.0,0.10546875,0.16796875,0.0353241358088009,346000.0,0.13436394929885864,0.2702040672302246,0.04749561611328727,322200.0,49.0,1930.0,57.146989434813825,25100.0,999900,767.9018996518391,1.00415087890625,1.0,1.0
tvc250,11,250.0,/home/users/am1015/rl_runs_td3_tvcap_20260722_walker_v5_full30/Walker2d-v5__td3_tvcap_tvc250__11__1784881173/events.out.tfevents.1784881176.linux50.704865.0,2387.52490234375,3974.324462890625,897.8311135165046,91.0,654.0,1000.0,292.6700819672131,15.0,3398.2755126953125,3514.22265625,3200.0408447265627,0.0,222.31549072265625,232.574951171875,187.266111821556,25400.0,222.30007934570312,232.06297302246094,187.2627910934446,25400.0,14.914203643798828,74.4285888671875,15.209760102957445,25100.0,-224.20523071289062,-0.040655601769685745,-189.81807637275685,,222.4824981689453,232.2571563720703,187.90616283201447,25500.0,251.81515502929688,252.3782501220703,227.770128948832,25100.0,252.60067749023438,255.2916259765625,230.4486092427857,25100.0,222.11865234375,231.89234924316406,187.73233339697174,25500.0,222.3294219970703,232.55514526367188,187.26573319006044,25400.0,0.33203125,0.42578125,0.16140237139706637,260800.0,0.36859965324401855,0.5459883213043213,0.17382936398057844,225600.0,46.0,1958.0,53.26228331110883,25100.0,999900,1718.7738398428146,1.0072606201171874,1.0,1.0
tvc250,12,250.0,/home/users/am1015/rl_runs_td3_tvcap_20260722_walker_v5_full30/Walker2d-v5__td3_tvcap_tvc250__12__1784881353/events.out.tfevents.1784881355.compsci-cluster-fitz-16.1932888.0,4162.198974609375,4747.18310546875,1042.4299030176726,20.0,1000.0,1000.0,314.788031496063,20.0,4157.281982421875,4753.89599609375,3391.683972167969,0.0,223.71435546875,232.21127319335938,183.32302496493617,25200.0,223.67974853515625,232.64590454101562,183.32154222295424,25200.0,19.437763214111328,191.10720825195312,21.393338610236537,25100.0,-225.6038360595703,-0.361205130815506,-185.90873607052194,,223.8673095703125,231.58908081054688,183.79921425330772,25400.0,252.76885986328125,253.798583984375,227.1636852327769,25100.0,254.2849578857422,258.3022766113281,230.59546638736177,25100.0,223.23391723632812,230.89671325683594,183.5521089171209,25400.0,223.74099731445312,231.8349609375,183.32063404831098,25200.0,0.38671875,0.484375,0.15657014501487332,248300.0,0.6240136623382568,0.8917605876922607,0.24710538862595033,238700.0,46.0,2618.0,53.815981126269364,25100.0,999900,2397.514426026207,1.011075439453125,1.0,1.0
tvc250,13,250.0,/home/users/am1015/rl_runs_td3_tvcap_20260722_walker_v5_full30/Walker2d-v5__td3_tvcap_tvc250__13__1784881503/events.out.tfevents.1784881506.linux55.517382.0,3655.420654296875,4351.40966796875,955.7737438408658,38.0,1000.0,1000.0,302.49061743341406,38.0,3928.8770751953125,4353.54541015625,3937.3270263671875,0.0,221.99273681640625,229.66781616210938,177.5755216171221,25200.0,222.01638793945312,229.90150451660156,177.5828823476227,25300.0,22.26666831970215,220.59860229492188,25.046516782280214,25100.0,-223.8603973388672,-0.19759371876716614,-180.27812714069083,,222.01699829101562,230.76052856445312,178.0709452193648,25400.0,252.5796661376953,253.9204559326172,220.92732386313494,25100.0,254.16281127929688,258.0264587402344,225.8805344558695,25100.0,221.52145385742188,230.31146240234375,177.87839093526406,25400.0,221.9671630859375,229.92462158203125,177.58714184748567,25400.0,0.3046875,0.4140625,0.11009542645399528,312700.0,0.48134845495224,0.7111776471138,0.19255433764649924,298200.0,51.0,2484.0,59.12185865216945,25100.0,999900,2401.284929606777,1.0103186645507813,1.0,1.0
tvc250,14,250.0,/home/users/am1015/rl_runs_td3_tvcap_20260722_walker_v5_full30/Walker2d-v5__td3_tvcap_tvc250__14__1784881533/events.out.tfevents.1784881536.linux52.269102.0,4188.74462890625,4723.08447265625,1059.2021795333621,15.0,1000.0,1000.0,304.02373706634205,15.0,4173.9345703125,4303.29541015625,3507.9909729003907,0.0,221.603271484375,230.8925018310547,175.91367663304254,25400.0,221.50299072265625,230.64089965820312,175.90380736377523,25200.0,24.8651065826416,249.1770782470703,27.250642498227002,25100.0,-223.7542724609375,-0.2624254822731018,-178.72293747357313,,221.67462158203125,230.607666015625,176.38694703883309,25400.0,253.13137817382812,254.39276123046875,219.9524756381161,25100.0,254.80226135253906,258.7752990722656,225.58032594210633,25100.0,220.875244140625,229.6478271484375,176.0294738968687,25400.0,221.50454711914062,230.7742462158203,175.90628602919335,25300.0,0.40625,0.4921875,0.17958692878756796,299800.0,0.7689686417579651,1.0187132358551025,0.3574730832584822,266300.0,50.0,2388.0,58.463842445379015,25100.0,999900,2560.306295678975,1.0125255126953125,1.0,1.0
tvc250,15,250.0,/home/users/am1015/rl_runs_td3_tvcap_20260722_walker_v5_full30/Walker2d-v5__td3_tvcap_tvc250__15__1784881563/events.out.tfevents.1784881565.linux54.632250.0,3693.341796875,4173.89599609375,884.7247437725883,20.0,1000.0,1000.0,286.33581661891117,20.0,3613.2540283203125,3691.677978515625,3612.229443359375,0.0,222.90582275390625,233.12957763671875,175.89750544065703,25400.0,222.9190216064453,232.6977996826172,175.89893410934604,25400.0,16.69148826599121,165.10447692871094,19.826096489206638,25100.0,-225.00315856933594,-0.2897685170173645,-178.71878022587669,,223.1273651123047,232.2649383544922,176.5031597257841,25500.0,252.41261291503906,253.19090270996094,220.61407005268512,25100.0,253.53553771972656,255.9550018310547,226.61806597335118,25100.0,222.69851684570312,231.75006103515625,176.34647124806963,25500.0,222.83799743652344,232.5352783203125,175.89929045892924,25400.0,0.30078125,0.41015625,0.10013727369473792,366500.0,0.44831138849258423,0.6305298209190369,0.15668841306582904,256100.0,51.0,2454.0,59.20863678325982,25100.0,999900,2176.2727415554036,1.0096504516601563,1.0,1.0
tvc250,16,250.0,/home/users/am1015/rl_runs_td3_tvcap_20260722_walker_v5_full30/Walker2d-v5__td3_tvcap_tvc250__16__1784881773/events.out.tfevents.1784881776.linux56.800221.0,2014.62109375,5194.78466796875,1130.5080170467738,14.0,448.0,1000.0,298.1323792486583,14.0,1750.5853271484375,4304.85205078125,2279.266748046875,0.0,225.21697998046875,235.12400817871094,188.93915542983896,25300.0,225.1388397216797,235.00119018554688,188.93450863051888,25300.0,26.205982208251953,368.9339599609375,29.736332418825235,25100.0,-227.25595092773438,-0.4487069249153137,-191.88824062991696,,225.1507568359375,233.7835693359375,189.41019827923623,25400.0,253.672607421875,254.47720336914062,229.26507574422553,25100.0,254.75344848632812,257.92913818359375,232.54099283637555,25100.0,224.23666381835938,232.65872192382812,188.94749794850568,25400.0,225.1951904296875,234.47967529296875,188.94091644798402,25300.0,0.40625,0.5078125,0.21047431146784285,239100.0,0.919299840927124,1.2149561643600464,0.462700342762738,227800.0,51.0,2513.0,59.206585290799055,25100.0,999935,2386.2922964722684,1.0146904296875,1.0,1.0
tvc250,17,250.0,/home/users/am1015/rl_runs_td3_tvcap_20260722_walker_v5_full30/Walker2d-v5__td3_tvcap_tvc250__17__1784881774/events.out.tfevents.1784881777.linux50.705370.0,3957.5714111328125,4538.5927734375,951.5934102295004,27.0,1000.0,1000.0,312.4462163852408,7.0,3702.0679931640625,4306.74755859375,3479.3516845703125,0.0,218.21026611328125,227.66287231445312,170.6219828811373,25500.0,218.26925659179688,227.11856079101562,170.62948491624516,25500.0,17.58678436279297,139.34783935546875,17.347132545117017,25100.0,-220.33363342285156,-0.36337077617645264,-173.17160522270746,,218.24234008789062,227.07437133789062,171.07283679434278,25500.0,252.0770263671875,252.779296875,216.91928382731376,25100.0,253.13270568847656,256.2742919921875,221.06840213460885,25100.0,217.89321899414062,226.660888671875,170.9690593830528,25500.0,218.26004028320312,226.8862762451172,170.62881282649698,25500.0,0.25,0.35546875,0.07424639706636578,461800.0,0.3546822667121887,0.6247567534446716,0.10377744288673914,436600.0,46.0,1905.0,54.07621294491743,25100.0,999900,2362.540671831809,1.00830810546875,1.0,1.0
tvc250,18,250.0,/home/users/am1015/rl_runs_td3_tvcap_20260722_walker_v5_full30/Walker2d-v5__td3_tvcap_tvc250__18__1784881803/events.out.tfevents.1784881806.linux57.409984.0,1834.70849609375,4246.2333984375,871.1124730272983,66.0,482.0,1000.0,272.53080697928027,24.0,2349.5851440429688,4442.0712890625,2697.710900878906,0.0,216.32412719726562,226.370361328125,175.2671960372864,25400.0,216.31646728515625,226.14703369140625,175.26163308689877,25400.0,14.092035293579102,100.16342163085938,18.494573665247266,25100.0,-218.28224182128906,-0.10253921151161194,-177.97086711402906,,216.4864501953125,227.14096069335938,175.88542165871795,25500.0,252.3119659423828,252.85316467285156,218.82395381565505,25200.0,253.10589599609375,255.57037353515625,222.76865032366,25100.0,215.94265747070312,226.49075317382812,175.63080523722198,25500.0,216.33792114257812,226.33566284179688,175.2643654104003,25400.0,0.3671875,0.44921875,0.18096647733100832,282300.0,0.5246968269348145,0.6872947216033936,0.2546164423444354,267400.0,51.0,2490.0,58.993845522617704,25100.0,999900,1567.4297989836107,1.0092478637695312,1.0,1.0
tvc250,19,250.0,/home/users/am1015/rl_runs_td3_tvcap_20260722_walker_v5_full30/Walker2d-v5__td3_tvcap_tvc250__19__1784881833/events.out.tfevents.1784881837.linux54.632658.0,3363.107177734375,4062.8349609375,902.6512981919734,57.0,968.0,1000.0,326.83218842001963,27.0,3353.6763916015625,3439.832763671875,3037.9348846435546,0.0,214.7184600830078,224.52944946289062,162.40751972999865,25100.0,214.70912170410156,224.67294311523438,162.4059241099314,25100.0,8.72893238067627,83.91952514648438,11.967133460484437,25100.0,-216.49703979492188,-0.15603426098823547,-164.7706105560966,,214.96365356445312,225.21456909179688,162.9141984102969,25300.0,251.50506591796875,252.00213623046875,207.83865686013633,25100.0,252.12355041503906,254.06210327148438,212.24454746345444,25100.0,214.6772003173828,224.88601684570312,162.82342126346967,25300.0,214.77243041992188,224.7278289794922,162.41012251135243,25100.0,0.296875,0.41796875,0.09791268655759565,406600.0,0.2808375954627991,0.423605740070343,0.09077716442313191,386200.0,50.0,2346.0,58.2048415222074,25100.0,999900,2180.500302482874,1.006020263671875,1.0,1.0
tvc250,20,250.0,/home/users/am1015/rl_runs_td3_tvcap_20260722_walker_v5_full30/Walker2d-v5__td3_tvcap_tvc250__20__1784881894/events.out.tfevents.1784881897.linux48.875190.0,2918.5352783203125,3186.35595703125,869.7834483173042,47.0,1000.0,1000.0,336.81805929919136,19.0,2874.7928466796875,2966.951416015625,2886.075732421875,0.0,221.15463256835938,231.1195068359375,176.82213136447993,25100.0,221.09576416015625,231.03489685058594,176.82234364249868,25100.0,8.895892143249512,77.59634399414062,13.46688403104046,25100.0,-222.65655517578125,-0.6862011551856995,-179.18358666328348,,221.2324981689453,231.02157592773438,177.44091959107362,25100.0,250.99472045898438,251.47869873046875,218.57214662660414,25100.0,251.54641723632812,252.9127960205078,222.80667305857796,25100.0,221.09231567382812,230.80538940429688,177.3876207598308,25100.0,221.09890747070312,231.22193908691406,176.82270955262655,25100.0,0.21875,0.3046875,0.07240886885834445,410400.0,0.1498403549194336,0.22316622734069824,0.053298900959882774,401000.0,48.0,1975.0,55.9672786952508,25100.0,999900,2151.396021813918,1.0039788818359374,1.0,1.0
tvc250,21,250.0,/home/users/am1015/rl_runs_td3_tvcap_20260722_walker_v5_full30/Walker2d-v5__td3_tvcap_tvc250__21__1784882103/events.out.tfevents.1784882107.linux47.928491.0,1721.1819458007812,4268.47802734375,985.2023396304799,68.0,469.0,1000.0,311.778297474275,23.0,3308.3121337890625,4225.35400390625,3151.957879638672,0.0,221.2605743408203,232.13768005371094,183.8427700005351,25500.0,221.15426635742188,232.18560791015625,183.85164452019836,25500.0,12.147865295410156,126.32115173339844,14.724419781822986,25100.0,-222.99681091308594,-0.30442899465560913,-186.3509882247036,,221.312744140625,231.52566528320312,184.3674117327088,25500.0,252.12319946289062,253.0940704345703,227.72943826690766,25100.0,253.20758056640625,256.12384033203125,230.93386203420505,25100.0,220.89215087890625,230.88272094726562,184.15162758646574,25500.0,221.2506103515625,231.7188262939453,183.84707787449142,25500.0,0.34765625,0.46875,0.17762558980408247,267800.0,0.4505205750465393,0.7173769474029541,0.21578420519963304,265800.0,48.0,1909.0,55.61503743973741,25100.0,999900,1824.1159060012837,1.0084927978515625,1.0,1.0
tvc250,22,250.0,/home/users/am1015/rl_runs_td3_tvcap_20260722_walker_v5_full30/Walker2d-v5__td3_tvcap_tvc250__22__1784882913/events.out.tfevents.1784882916.linux48.876206.0,4196.34912109375,4549.2314453125,869.2420968340681,32.0,1000.0,1000.0,256.12407075108945,32.0,4242.418212890625,4297.66552734375,3922.2338012695313,0.0,221.12460327148438,230.4638671875,175.3606911927583,25500.0,221.09478759765625,230.2316436767578,175.3622711000469,25400.0,17.391613006591797,234.06524658203125,19.443982464422895,25100.0,-223.49131774902344,-0.25510743260383606,-178.35405598355692,,221.36041259765625,229.96295166015625,175.95274266201292,25500.0,253.0481414794922,254.22735595703125,224.66243722992672,25100.0,254.6162109375,258.3404541015625,230.7407365529531,25100.0,220.72836303710938,229.37843322753906,175.74655831628277,25500.0,221.09945678710938,229.9227294921875,175.36788282248884,25500.0,0.35546875,0.46484375,0.10745973946045748,390300.0,0.6463415622711182,0.8691317439079285,0.20618434738704444,280600.0,48.0,1902.0,56.209047081751976,25100.0,999900,2266.9922590110546,1.0121925659179687,1.0,1.0
tvc250,23,250.0,/home/users/am1015/rl_runs_td3_tvcap_20260722_walker_v5_full30/Walker2d-v5__td3_tvcap_tvc250__23__1784883214/events.out.tfevents.1784883216.linux48.876563.0,3592.695068359375,4162.3486328125,986.1661357889794,24.0,1000.0,1000.0,312.2964698531709,24.0,2734.1451416015625,3974.851806640625,2909.0315551757812,0.0,225.99807739257812,235.66055297851562,186.33808869334618,25700.0,226.0065460205078,235.54843139648438,186.33968719698893,25700.0,9.191095352172852,92.4859619140625,14.171637003873556,25100.0,-227.7465057373047,0.12302187830209732,-188.82284700886333,25100.0,226.15859985351562,235.09774780273438,186.956104019139,25600.0,252.0570068359375,252.6210174560547,228.15038131843843,25200.0,252.84214782714844,255.07391357421875,231.7033048457928,25200.0,225.6651611328125,234.51043701171875,186.73465986385906,25600.0,226.14053344726562,235.37913513183594,186.3429341749811,25700.0,0.4296875,0.5390625,0.18751722933121345,238500.0,0.5095728635787964,0.6424784660339355,0.22144419786954295,222300.0,49.0,1938.0,55.57934147092009,25100.0,999900,2257.300815368501,1.00822802734375,1.0,1.0
tvc250,24,250.0,/home/users/am1015/rl_runs_td3_tvcap_20260722_walker_v5_full30/Walker2d-v5__td3_tvcap_tvc250__24__1784883334/events.out.tfevents.1784883337.compsci-cluster-fitz-23.1156579.0,893.1419067382812,3193.66259765625,516.7454349895378,12.0,277.0,1000.0,186.06066244882769,12.0,1208.215576171875,1943.6856689453125,1192.3353271484375,0.0,192.35382080078125,205.15142822265625,158.4371190205318,25300.0,192.40863037109375,204.8843231201172,158.44079702735445,25300.0,8.131099700927734,57.60753631591797,9.838151653296768,25100.0,-194.07388305664062,-0.3174290657043457,-160.68451118181272,,192.6877899169922,205.66392517089844,159.08424688917344,25400.0,248.5587921142578,250.4606475830078,213.8402258568861,25100.0,250.96823120117188,252.77163696289062,218.06782096127236,25100.0,192.66375732421875,205.63497924804688,159.07850193709203,25400.0,192.42037963867188,204.86019897460938,158.44280186411214,25300.0,0.0234375,0.0703125,0.005015738793722433,625700.0,0.026759564876556396,0.0916222333908081,0.005744915177778337,625800.0,44.0,2418.0,50.684275310288236,25100.0,999900,696.1833781619102,0.9942351684570313,1.0,1.0
tvc250,25,250.0,/home/users/am1015/rl_runs_td3_tvcap_20260722_walker_v5_full30/Walker2d-v5__td3_tvcap_tvc250__25__1784884264/events.out.tfevents.1784884267.linux47.930110.0,2910.58837890625,4834.845703125,768.2512876167892,51.0,668.0,1000.0,243.41295349403458,18.0,4208.288330078125,4622.900390625,3719.3930541992186,0.0,208.5653839111328,219.8628692626953,164.5983120924996,25300.0,208.55767822265625,219.2281036376953,164.5968285436172,25200.0,27.569995880126953,171.69393920898438,20.867674024681815,25100.0,-211.53041076660156,-0.3269423544406891,-167.5058502594848,,208.60916137695312,219.39564514160156,165.11144363186537,25400.0,252.25985717773438,254.096923828125,215.39051274398295,25100.0,254.40304565429688,258.4275207519531,221.47825717181348,25100.0,208.34060668945312,219.05499267578125,165.0427781325944,25400.0,208.56436157226562,219.74090576171875,164.59667759687454,25300.0,0.13671875,0.21484375,0.03170597625397477,539700.0,0.28298497200012207,0.5175771117210388,0.0686654245649219,449300.0,44.0,1847.0,50.609498410093344,25100.0,999900,1440.3396994211735,1.0090394287109374,1.0,1.0
tvc250,26,250.0,/home/users/am1015/rl_runs_td3_tvcap_20260722_walker_v5_full30/Walker2d-v5__td3_tvcap_tvc250__26__1784884294/events.out.tfevents.1784884297.compsci-cluster-fitz-04.913028.0,1782.2351684570312,4273.76318359375,627.0371827392436,20.0,481.5,1000.0,215.37397673416632,20.0,1992.965087890625,4210.09716796875,2103.1545166015626,0.0,199.99180603027344,214.54586791992188,153.19300294876732,25300.0,199.94808959960938,214.2451934814453,153.19093253815726,25200.0,11.098214149475098,45.39931106567383,10.63986085777601,25100.0,-202.278564453125,-0.19223946332931519,-155.61502800907695,,200.2379150390625,214.405517578125,153.70637405083767,25300.0,251.82949829101562,253.00979614257812,206.92890790073992,25100.0,253.5033416748047,256.18096923828125,210.91125805446558,25100.0,199.97894287109375,214.11502075195312,153.656273667758,25300.0,200.0644989013672,214.1812744140625,153.19098459762293,25200.0,0.13671875,0.21484375,0.029406060878038775,595800.0,0.22833847999572754,0.4137323498725891,0.05010040971802154,579400.0,44.0,2305.0,52.01805313365473,25100.0,999900,1006.4820381364761,1.0073179931640626,1.0,1.0
tvc250,27,250.0,/home/users/am1015/rl_runs_td3_tvcap_20260722_walker_v5_full30/Walker2d-v5__td3_tvcap_tvc250__27__1784885014/events.out.tfevents.1784885017.gpu-compute4.1275312.0,3736.82763671875,4179.18505859375,892.8868098093585,17.0,955.0,1000.0,293.0685814771395,17.0,3878.4642333984375,4122.142578125,2944.0518005371096,0.0,216.82675170898438,227.40963745117188,167.92264757257638,25100.0,216.8187713623047,227.6578826904297,167.91635284835013,25200.0,14.739653587341309,138.965576171875,19.31383209892289,25100.0,-219.205078125,-0.48296061158180237,-170.85501940019108,,216.98635864257812,227.26324462890625,168.43648648649216,25300.0,252.23757934570312,253.33419799804688,220.0036185482934,25100.0,253.44566345214844,256.0315246582031,227.9763252298573,25100.0,216.60494995117188,226.79122924804688,168.3073049710052,25300.0,216.79550170898438,226.96475219726562,167.92355446186667,25200.0,0.2421875,0.3515625,0.08134287811570418,285500.0,0.36478298902511597,0.5889428853988647,0.12918156864142,228400.0,49.0,1895.0,55.95486716586316,25100.0,999949,2151.172017087539,1.0089503173828125,1.0,1.0
tvc250,28,250.0,/home/users/am1015/rl_runs_td3_tvcap_20260722_walker_v5_full30/Walker2d-v5__td3_tvcap_tvc250__28__1784885478/events.out.tfevents.1784885480.gpu-compute4.1275845.0,3895.7562255859375,4359.677734375,1031.2563320601041,45.0,1000.0,1000.0,311.5130922693267,45.0,4006.726806640625,4153.15673828125,3657.7077880859374,0.0,226.01751708984375,235.0386962890625,188.33791541578935,25600.0,226.04058837890625,234.9794464111328,188.33802808097656,25600.0,18.80670928955078,164.73287963867188,20.405921928246016,25100.0,-228.02210998535156,0.028247909620404243,-191.02551600641024,25100.0,226.14590454101562,235.58480834960938,188.9311349504181,25600.0,252.3328857421875,253.05857849121094,227.04259621323374,25200.0,253.2083740234375,255.87449645996094,230.45913552788818,25100.0,225.53469848632812,234.9961700439453,188.6595197714875,25600.0,226.0018768310547,235.2451171875,188.34621352646894,25600.0,0.41796875,0.5234375,0.18978829559441995,253500.0,0.5887248516082764,0.7779712677001953,0.2716151324647893,214600.0,48.0,1863.0,55.5517488973228,25100.0,999900,2170.2322015747045,1.00933154296875,1.0,1.0
tvc250,29,250.0,/home/users/am1015/rl_runs_td3_tvcap_20260722_walker_v5_full30/Walker2d-v5__td3_tvcap_tvc250__29__1784886214/events.out.tfevents.1784886217.gpu-compute4.1276747.0,2185.68408203125,3988.052001953125,755.5467009781338,74.0,601.0,1000.0,271.68089154661595,10.0,2399.609375,3891.89794921875,2510.2135620117188,0.0,216.89645385742188,226.94834899902344,171.2305780177962,25300.0,216.91232299804688,227.33319091796875,171.22848263584308,25400.0,9.19114875793457,103.29782104492188,9.584036679968815,25100.0,-218.92811584472656,-0.3167964220046997,-173.53269296207725,,217.18719482421875,226.94769287109375,171.87488178436487,25400.0,251.61517333984375,252.31735229492188,217.40624590900075,25100.0,252.68833923339844,255.22972106933594,222.06331728650846,25100.0,216.98001098632812,226.66915893554688,171.82115378031077,25400.0,216.94036865234375,227.32762145996094,171.2352282212183,25300.0,0.16796875,0.2578125,0.039476003949122984,589700.0,0.21292191743850708,0.40795302391052246,0.053727955644051716,572100.0,49.0,1885.0,57.099907682839266,25100.0,999900,1484.4252078437653,1.006460693359375,1.0,1.0
tvc250,30,250.0,/home/users/am1015/rl_runs_td3_tvcap_20260722_walker_v5_full30/Walker2d-v5__td3_tvcap_tvc250__30__1784887414/events.out.tfevents.1784887416.linux53.624763.0,3926.15771484375,4299.94384765625,988.1474697918958,12.0,1000.0,1000.0,306.28715905608334,12.0,4010.060546875,4403.26708984375,3740.540966796875,0.0,227.8620147705078,236.20272827148438,184.72380200405456,25400.0,227.8704833984375,236.33441162109375,184.72091167669052,25100.0,8.366976737976074,73.41645050048828,12.462336245448876,25100.0,-229.49688720703125,-0.3401024341583252,-187.25140714151993,,228.06362915039062,236.55484008789062,185.43486163590754,25400.0,252.17544555664062,252.78480529785156,225.75520281292364,25100.0,252.87960815429688,254.3632354736328,228.8131639522728,25100.0,227.42823791503906,235.8252716064453,185.1471320863724,25400.0,227.86639404296875,235.9727783203125,184.7188856393574,25100.0,0.49609375,0.5859375,0.23323586072930558,287400.0,0.6367387771606445,0.7969520688056946,0.28772960502510253,275000.0,50.0,2389.0,58.52313057749513,25100.0,999900,2728.3257896510454,1.0087017822265625,1.0,1.0
tvc275,1,275.0,/home/users/am1015/rl_runs_td3_tvcap_20260722_walker_v5_full30/Walker2d-v5__td3_tvcap_tvc275__1__1784898370/events.out.tfevents.1784898372.linux42.360839.0,2462.19775390625,3701.18310546875,639.4235214127864,16.0,696.0,1000.0,228.0367496005478,16.0,3412.9453125,3551.92333984375,3253.5431518554688,0.0,216.57977294921875,229.4827423095703,159.1935082891346,25300.0,216.62840270996094,229.7397003173828,159.18765662582484,25300.0,15.456892013549805,65.9866943359375,15.95239994558489,25100.0,-218.78953552246094,-0.4543217122554779,-161.85965293186396,,217.06141662597656,229.69737243652344,159.85152290071287,25400.0,274.9927062988281,276.9230041503906,218.77715912003654,25100.0,277.48406982421875,279.9394836425781,225.28849374887082,25100.0,216.94329833984375,229.6260528564453,159.83444198466137,25400.0,216.68580627441406,230.08541870117188,159.1939541137822,25300.0,0.05078125,0.109375,0.010201767488973229,663600.0,0.08666419982910156,0.2063310146331787,0.017080867152322144,662800.0,49.0,1931.0,56.49615345163607,25100.0,999900,1230.7382038854635,0.9999734774502841,1.0,1.0
tvc275,2,275.0,/home/users/am1015/rl_runs_td3_tvcap_20260722_walker_v5_full30/Walker2d-v5__td3_tvcap_tvc275__2__1784898489/events.out.tfevents.1784898492.linux43.299498.0,3280.1376953125,3595.655029296875,931.4082019755967,13.0,1000.0,1000.0,351.6834329933169,13.0,3242.0213623046875,3304.8935546875,3246.5014892578124,0.0,234.82830810546875,244.59695434570312,171.86661154978648,25400.0,234.89390563964844,244.8504638671875,171.860650726456,25400.0,11.628507614135742,52.98279571533203,13.375704746145031,25100.0,-236.8519744873047,-0.2663955092430115,-174.38997239586706,,235.09226989746094,244.4296875,172.43708486851477,25500.0,276.10003662109375,276.8726806640625,215.23673869506882,25100.0,276.9378967285156,279.24591064453125,220.16132599282892,25100.0,234.95294189453125,244.29086303710938,172.39688537978014,25500.0,234.8616180419922,244.63919067382812,171.86819706289526,25400.0,0.17578125,0.26171875,0.04144816134988204,562600.0,0.15234601497650146,0.23928093910217285,0.040199563397861335,545000.0,50.0,1934.0,58.148425479536364,25100.0,999900,2371.0092981832154,1.0040001331676136,1.0,1.0
tvc275,3,275.0,/home/users/am1015/rl_runs_td3_tvcap_20260722_walker_v5_full30/Walker2d-v5__td3_tvcap_tvc275__3__1784898609/events.out.tfevents.1784898612.linux44.266945.0,3943.576171875,4408.0927734375,564.3790760519905,27.0,1000.0,1000.0,187.89697311524722,27.0,4042.8857421875,4141.67529296875,4035.4216796875,0.0,216.8343505859375,229.4857940673828,155.93208005245066,25400.0,216.79159545898438,229.76290893554688,155.93244062599527,25400.0,20.405893325805664,95.39083862304688,14.762134073373797,25100.0,-219.54354858398438,-0.30431145429611206,-158.52279303011275,,217.1566925048828,230.384033203125,156.61250065648824,25400.0,275.50927734375,277.4862060546875,208.83374007272744,25100.0,277.9747619628906,281.60394287109375,213.09443819501,25100.0,217.0289306640625,230.26397705078125,156.5941218011374,25400.0,216.77859497070312,230.076171875,155.93232284468755,25400.0,0.0625,0.12109375,0.009434060544671248,768600.0,0.1150519847869873,0.30507397651672363,0.018378765084875806,552900.0,49.0,1963.0,55.84829213252641,25100.0,999900,1343.9712626804144,1.0018519176136365,1.0,1.0
tvc275,4,275.0,/home/users/am1015/rl_runs_td3_tvcap_20260722_walker_v5_full30/Walker2d-v5__td3_tvcap_tvc275__4__1784899180/events.out.tfevents.1784899183.linux49.678933.0,3167.612548828125,3354.08837890625,790.895380747975,21.0,1000.0,1000.0,296.37700059276824,21.0,3156.8028564453125,3321.3125,3158.614306640625,0.0,236.9005126953125,248.281982421875,175.97313942404037,25300.0,236.92129516601562,248.31800842285156,175.97375144310837,25200.0,11.118940353393555,62.40950012207031,13.191916882433896,25100.0,-238.859130859375,-0.40910273790359497,-178.46764058113123,,237.24241638183594,248.0262451171875,176.63710102476068,25400.0,275.55010986328125,276.36590576171875,221.82161244363851,25100.0,276.7798156738281,278.6907653808594,226.440778214614,25100.0,237.17881774902344,247.9228515625,176.61853582718084,25400.0,236.91766357421875,248.18272399902344,175.97366119430373,25300.0,0.078125,0.1484375,0.016031291670940608,547500.0,0.07993531227111816,0.17195510864257812,0.018565107411709258,536100.0,49.0,1961.0,57.39039901528362,25100.0,999975,2052.7167370437814,1.0020003995028408,1.0,1.0
tvc275,5,275.0,/home/users/am1015/rl_runs_td3_tvcap_20260722_walker_v5_full30/Walker2d-v5__td3_tvcap_tvc275__5__1784899360/events.out.tfevents.1784899362.linux50.726406.0,3627.254150390625,3890.04833984375,897.353464273782,26.0,1000.0,1000.0,302.2921960072595,26.0,3742.609619140625,3892.42333984375,3731.6492919921875,0.0,232.51852416992188,243.30709838867188,180.90258164330552,25100.0,232.47088623046875,243.451416015625,180.90536618160402,25100.0,9.884918212890625,78.32303619384766,14.361734503280788,25100.0,-234.3760528564453,-0.4120614230632782,-183.52592161015946,,232.6163330078125,244.18496704101562,181.57793229973362,25200.0,276.63043212890625,277.2351379394531,235.70995846986526,25100.0,277.4224548339844,279.3919372558594,241.21427305168538,25100.0,232.34329223632812,243.8397216796875,181.482386450292,25200.0,232.46958923339844,243.76702880859375,180.89962305479474,25100.0,0.25390625,0.35546875,0.08810519027592574,428100.0,0.2718477249145508,0.4099200963973999,0.09554596741586627,419000.0,49.0,1964.0,56.286183198276746,25100.0,999900,2293.5080596132157,1.0059288441051137,1.0,1.0
tvc275,6,275.0,/home/users/am1015/rl_runs_td3_tvcap_20260722_walker_v5_full30/Walker2d-v5__td3_tvcap_tvc275__6__1784900080/events.out.tfevents.1784900083.linux43.300971.0,3736.056396484375,4104.70849609375,1055.9556911313412,17.0,1000.0,1000.0,337.56452702702705,17.0,3998.7923583984375,4035.559814453125,3986.735400390625,0.0,247.081787109375,257.3092041015625,200.98577293998218,25200.0,247.02676391601562,257.3770751953125,200.98994970646115,25200.0,6.86915397644043,95.91471099853516,10.435208587798446,25100.0,-248.5543212890625,-0.3303501009941101,-203.39082147388754,,247.27047729492188,257.625244140625,201.5833095807933,25400.0,276.5651550292969,277.1803894042969,247.05419215702108,25100.0,277.06463623046875,279.7118835449219,249.79344045535052,25100.0,246.80633544921875,257.09271240234375,201.35011357384857,25400.0,247.12319946289062,257.77423095703125,200.99401382669686,25200.0,0.51953125,0.61328125,0.24809155105651862,264900.0,0.47173285484313965,0.6124991178512573,0.23319608465269634,259300.0,49.0,1942.0,56.31736588368038,25100.0,999900,2722.2045704313578,1.0056914728338069,1.0,1.0
tvc275,7,275.0,/home/users/am1015/rl_runs_td3_tvcap_20260722_walker_v5_full30/Walker2d-v5__td3_tvcap_tvc275__7__1784900201/events.out.tfevents.1784900204.linux52.299560.0,3515.1397705078125,4225.3369140625,841.5542511429944,59.0,878.5,1000.0,265.33536909187467,11.0,3862.273681640625,4005.86767578125,3423.423681640625,0.0,234.87387084960938,247.03675842285156,180.0943634957457,25100.0,234.79183959960938,246.91476440429688,180.0937922317701,25100.0,14.445413589477539,79.10551452636719,17.07993912846706,25100.0,-237.04315185546875,-0.5820348858833313,-182.95151878600976,,235.0333251953125,246.2588653564453,180.6816415474677,25100.0,276.88287353515625,277.65484619140625,232.36760768660253,25100.0,277.9076843261719,279.982177734375,237.40025013189998,25100.0,234.72897338867188,245.88589477539062,180.59848828422736,25100.0,234.7681121826172,246.2057342529297,180.09561083797723,25100.0,0.234375,0.34765625,0.06162290683659863,491600.0,0.2985137701034546,0.4497537612915039,0.08315331255525109,438500.0,50.0,2424.0,58.57503333675249,25100.0,999900,2127.3501545744825,1.0068468128551136,1.0,1.0
tvc275,8,275.0,/home/users/am1015/rl_runs_td3_tvcap_20260722_walker_v5_full30/Walker2d-v5__td3_tvcap_tvc275__8__1784900621/events.out.tfevents.1784900623.linux46.175997.0,3015.8153076171875,3242.119384765625,831.8238761846663,51.0,1000.0,1000.0,323.06625727213964,13.0,3054.49267578125,3071.223388671875,3052.015283203125,0.0,230.85806274414062,246.06631469726562,173.28625177112593,25100.0,230.7798614501953,246.10035705566406,173.28053827624925,25100.0,8.028217315673828,99.01294708251953,12.365737374678234,25100.0,-232.61273193359375,-0.41550636291503906,-175.60478605766983,,231.18789672851562,245.89796447753906,173.86365801997374,25200.0,274.8498840332031,276.627685546875,227.8087303110032,25100.0,276.4755554199219,277.9414367675781,232.33319688980512,25100.0,231.115966796875,245.82135009765625,173.8502470813794,25200.0,230.7882080078125,246.0706329345703,173.293326091902,25100.0,0.046875,0.125,0.012573805646732997,561200.0,0.0492321252822876,0.1378774642944336,0.01341103629486807,557100.0,48.0,1970.0,55.79300441070879,25100.0,999900,2036.0529252680449,0.9994541237571023,1.0,1.0
tvc275,9,275.0,/home/users/am1015/rl_runs_td3_tvcap_20260722_walker_v5_full30/Walker2d-v5__td3_tvcap_tvc275__9__1784900981/events.out.tfevents.1784900984.linux47.951205.0,3720.062255859375,4013.22900390625,991.5150166006392,27.0,1000.0,1000.0,330.5923229649239,27.0,3808.755615234375,3840.27392578125,3790.8848388671877,0.0,245.09043884277344,255.27674865722656,190.8371811565606,25300.0,245.09317016601562,255.97616577148438,190.83713473954626,25300.0,12.477595329284668,100.73468017578125,18.585087539899643,25100.0,-246.7198028564453,-0.4144948720932007,-193.43514312184251,,245.4368896484375,254.51535034179688,191.4929629575042,25400.0,276.6070556640625,276.9989013671875,236.4200047326615,25100.0,277.2084655761719,279.2101745605469,240.3679378647271,25100.0,245.11036682128906,254.1702880859375,191.38895064162514,25400.0,245.2410888671875,254.7386474609375,190.843605645106,25300.0,0.32421875,0.43359375,0.10667961137039697,327300.0,0.3197523355484009,0.4730653762817383,0.10401231755426767,313700.0,49.0,1997.0,56.69853318289055,25100.0,999900,2638.3354266377596,1.005843838778409,1.0,1.0
tvc275,10,275.0,/home/users/am1015/rl_runs_td3_tvcap_20260722_walker_v5_full30/Walker2d-v5__td3_tvcap_tvc275__10__1784901041/events.out.tfevents.1784901044.linux55.540976.0,1365.4869384765625,4274.4091796875,521.8478029419152,25.0,376.0,1000.0,186.1811580711227,25.0,1815.8599853515625,4166.84619140625,2242.2839782714846,0.0,201.2593994140625,217.2169952392578,152.00388787777004,25200.0,201.118896484375,217.08053588867188,152.0058035431958,25200.0,13.508779525756836,141.93975830078125,11.381482828100491,25100.0,-203.53819274902344,-0.373712420463562,-154.40898061487684,,201.60777282714844,217.88528442382812,152.65131691042615,25300.0,273.99298095703125,276.2129821777344,209.47090032803106,25100.0,276.8364562988281,280.4862365722656,214.10890439762275,25100.0,201.54833984375,217.85897827148438,152.64289108035553,25300.0,201.33096313476562,216.85269165039062,152.01705751930865,25200.0,0.03515625,0.08984375,0.005065423376756591,750500.0,0.057218194007873535,0.17357110977172852,0.008425863085801644,727000.0,50.0,2441.0,58.45932916196533,25100.0,999978,752.9764247513734,0.9963381125710228,1.0,1.0
tvc275,11,275.0,/home/users/am1015/rl_runs_td3_tvcap_20260722_walker_v5_full30/Walker2d-v5__td3_tvcap_tvc275__11__1784901191/events.out.tfevents.1784901194.linux54.662680.0,3961.591064453125,4294.162109375,1022.0362004592039,91.0,1000.0,1000.0,307.98243451463793,15.0,4097.3724365234375,4291.013671875,3655.5058837890624,0.0,247.73458862304688,257.636474609375,201.5751757977863,25400.0,247.7244110107422,257.85211181640625,201.57474437154923,25400.0,10.874654769897461,76.39143371582031,15.488793331111367,25100.0,-249.33135986328125,-0.03985384479165077,-204.2062064713672,,248.00064086914062,257.87603759765625,202.34091746829108,25500.0,277.131103515625,277.71026611328125,245.04124627298808,25100.0,277.76416015625,279.58721923828125,247.66866765800947,25100.0,247.37510681152344,257.166748046875,202.08110458471307,25500.0,247.7357940673828,257.55169677734375,201.5754589624875,25400.0,0.49609375,0.6015625,0.22046131333982974,280500.0,0.609572172164917,0.8002893924713135,0.259812936182205,275500.0,50.0,2442.0,58.59308647040722,25100.0,999900,2857.6132037234615,1.0077494673295455,1.0,1.0
tvc275,12,275.0,/home/users/am1015/rl_runs_td3_tvcap_20260722_walker_v5_full30/Walker2d-v5__td3_tvcap_tvc275__12__1784901311/events.out.tfevents.1784901314.linux46.176433.0,1866.4508056640625,4448.8515625,1087.9737227272565,20.0,468.0,1000.0,316.877971473851,20.0,1818.1126708984375,3280.54638671875,1989.2256958007813,0.0,242.4639892578125,253.29330444335938,200.05997116126923,25200.0,242.4466552734375,253.25241088867188,200.06033377075397,25200.0,8.029409408569336,62.02873229980469,13.154096979421277,25100.0,-244.0303192138672,-0.36119315028190613,-202.53916495785626,,242.6361083984375,253.09243774414062,200.6075748169709,25400.0,277.2537841796875,277.7728271484375,247.93401561777264,25100.0,277.9427185058594,280.0399475097656,251.3096833317671,25100.0,242.05865478515625,252.450927734375,200.36623647194733,25400.0,242.41604614257812,253.54547119140625,200.06545888269713,25200.0,0.3984375,0.48828125,0.17275049043491641,292000.0,0.5593122243881226,0.7056416273117065,0.241338186134912,284500.0,49.0,1952.0,56.61257564878449,25100.0,999900,2116.4344222388972,1.0081955788352273,1.0,1.0
tvc275,13,275.0,/home/users/am1015/rl_runs_td3_tvcap_20260722_walker_v5_full30/Walker2d-v5__td3_tvcap_tvc275__13__1784901341/events.out.tfevents.1784901344.linux52.308186.0,3700.31689453125,4111.31640625,677.1012161896097,38.0,1000.0,1000.0,230.37235023041475,38.0,3054.805419921875,4067.103271484375,2914.8717407226563,0.0,224.03082275390625,237.69546508789062,168.54281737373415,25200.0,223.8931121826172,237.76837158203125,168.5395478573111,25300.0,14.927977561950684,136.65931701660156,15.487934910258472,25100.0,-226.49119567871094,-0.19759373366832733,-171.19841781596836,,224.29364013671875,237.19631958007812,169.1521141866358,25400.0,276.0545959472656,277.4223937988281,227.48735649093675,25100.0,277.528076171875,279.9263916015625,233.9185175246056,25100.0,224.17059326171875,237.02975463867188,169.1308696887526,25400.0,223.96670532226562,237.15606689453125,168.54643878220057,25400.0,0.09375,0.16796875,0.015174232613601395,731700.0,0.1281137466430664,0.2689255475997925,0.021244491365753404,682900.0,50.0,2383.0,58.08318801928403,25100.0,999900,1517.890744809539,1.0038348943536932,1.0,1.0
tvc275,14,275.0,/home/users/am1015/rl_runs_td3_tvcap_20260722_walker_v5_full30/Walker2d-v5__td3_tvcap_tvc275__14__1784901341/events.out.tfevents.1784901344.linux56.826588.0,3433.654052734375,3702.4013671875,881.9476828664913,15.0,1000.0,1000.0,310.0675968992248,15.0,3370.75439453125,3413.340087890625,3375.3145751953125,0.0,242.96835327148438,253.4884490966797,184.04876367921676,25400.0,243.01373291015625,253.73556518554688,184.04663113879977,25200.0,7.14696741104126,61.725364685058594,12.661480113748162,25100.0,-244.56826782226562,-0.2624254822731018,-186.6058926462626,,243.37890625,253.31253051757812,184.78470261335156,25400.0,276.1705322265625,276.5511169433594,233.23555284063792,25100.0,276.67669677734375,279.12396240234375,238.1304292981717,25100.0,243.119140625,253.02523803710938,184.6920849754598,25400.0,243.03961181640625,253.4596710205078,184.05131615601394,25300.0,0.37890625,0.48046875,0.12271651259103498,380600.0,0.26151835918426514,0.3611096143722534,0.09261757566422875,345300.0,51.0,2458.0,58.96009847163812,25100.0,999967,2383.3076891194173,1.0042564808238637,1.0,1.0
tvc275,15,275.0,/home/users/am1015/rl_runs_td3_tvcap_20260722_walker_v5_full30/Walker2d-v5__td3_tvcap_tvc275__15__1784901492/events.out.tfevents.1784901494.linux57.428568.0,3581.7392578125,3938.501708984375,911.8847223642234,20.0,1000.0,1000.0,298.6159593544531,20.0,3760.3507080078125,3956.4970703125,3781.3301025390624,0.0,240.07252502441406,249.7174835205078,184.37866185508696,25400.0,240.0100555419922,249.32159423828125,184.3877269897206,25400.0,16.122007369995117,90.32035064697266,19.40633256464443,25100.0,-242.30307006835938,-0.2897685170173645,-187.2266045100005,,240.3319854736328,249.17294311523438,184.97037818411255,25500.0,276.92303466796875,277.8753356933594,234.79815000383144,25100.0,278.1122131347656,281.2705078125,241.27987026334947,25100.0,240.04171752929688,248.88323974609375,184.8795225615006,25500.0,240.01434326171875,249.59078979492188,184.3840580898441,25400.0,0.19140625,0.27734375,0.06122823494717407,435400.0,0.27181923389434814,0.4324532747268677,0.09085568601332612,417800.0,50.0,2480.0,58.564057852087394,25100.0,999900,2365.7477695689754,1.006992853338068,1.0,1.0
tvc275,16,275.0,/home/users/am1015/rl_runs_td3_tvcap_20260722_walker_v5_full30/Walker2d-v5__td3_tvcap_tvc275__16__1784901732/events.out.tfevents.1784901734.linux54.663309.0,3966.6517333984375,4561.09814453125,1036.7843190686312,14.0,1000.0,1000.0,310.81753186198324,14.0,3875.1649169921875,4145.77197265625,3560.0348999023436,0.0,240.86328125,251.88735961914062,190.83303238290839,25300.0,240.75460815429688,251.9012451171875,190.8366462870659,25300.0,17.138320922851562,162.13699340820312,20.675928217903696,25100.0,-242.80548095703125,-0.4487069249153137,-193.6151471220844,,240.8949737548828,252.20790100097656,191.38452987977504,25400.0,277.3750915527344,278.5802001953125,241.22932785498764,25100.0,278.77655029296875,281.05731201171875,245.49725397119022,25100.0,240.3751220703125,251.58543395996094,191.16833312172665,25400.0,240.84210205078125,251.9798583984375,190.83685738626545,25300.0,0.359375,0.453125,0.1546697097138168,318100.0,0.5059064626693726,0.7195415496826172,0.21619681687657802,309900.0,50.0,2362.0,58.05313365473382,25100.0,999900,2855.3744458800707,1.0086366965553977,1.0,1.0
tvc275,17,275.0,/home/users/am1015/rl_runs_td3_tvcap_20260722_walker_v5_full30/Walker2d-v5__td3_tvcap_tvc275__17__1784902753/events.out.tfevents.1784902755.linux48.903655.0,2515.00146484375,4501.7646484375,701.4418117565787,27.0,588.0,1000.0,228.86243991760128,7.0,3788.4122314453125,4319.4111328125,3375.1640747070314,0.0,215.08584594726562,228.10244750976562,159.51706560174495,25500.0,215.08848571777344,228.92471313476562,159.51962148255478,25500.0,22.361957550048828,225.18885803222656,18.310985313886075,25100.0,-217.96633911132812,-0.36337244510650635,-162.40616406063958,,215.34197998046875,228.53485107421875,160.07576460752767,25500.0,276.0395812988281,277.8415832519531,219.91080960615017,25100.0,278.62554931640625,281.9450378417969,227.13132017564132,25100.0,215.1821746826172,228.3297119140625,160.03593660433506,25500.0,215.14837646484375,228.98971557617188,159.5198421223428,25500.0,0.07421875,0.13671875,0.018371275259000924,554700.0,0.15634846687316895,0.5757077932357788,0.03982806362265965,483400.0,49.0,1966.0,56.96686839675864,25100.0,999900,1256.5688268407607,1.0037802956321022,1.0,1.0
tvc275,18,275.0,/home/users/am1015/rl_runs_td3_tvcap_20260722_walker_v5_full30/Walker2d-v5__td3_tvcap_tvc275__18__1784902813/events.out.tfevents.1784902816.linux57.429086.0,3677.3931884765625,4052.01171875,983.2736126486873,66.0,1000.0,1000.0,313.9664050235479,24.0,3655.4466552734375,3870.72705078125,3293.6360595703127,0.0,243.53878784179688,254.92807006835938,188.72344257169908,25400.0,243.57565307617188,254.98036193847656,188.71788095013613,25400.0,14.137969970703125,207.30120849609375,19.32258948964062,25100.0,-245.51544189453125,-0.10253921151161194,-191.48926274637856,,243.867919921875,254.70657348632812,189.40784272834688,25500.0,276.7627258300781,277.393310546875,236.14709339722873,25200.0,277.3770751953125,281.3252868652344,240.3648729377257,25100.0,243.40737915039062,254.17996215820312,189.19365154083175,25500.0,243.6103515625,254.4427032470703,188.71968006149984,25400.0,0.453125,0.5703125,0.19475475048722946,296700.0,0.46763932704925537,0.6060233116149902,0.2141912202490747,287100.0,50.0,2329.0,57.89947686942251,25100.0,999982,2576.241144010654,1.006409912109375,1.0,1.0
tvc275,19,275.0,/home/users/am1015/rl_runs_td3_tvcap_20260722_walker_v5_full30/Walker2d-v5__td3_tvcap_tvc275__19__1784902842/events.out.tfevents.1784902845.linux47.952692.0,3405.1083984375,3753.92431640625,992.2547642530174,57.0,1000.0,1000.0,346.36266020090056,27.0,3258.51416015625,3363.38916015625,3262.764208984375,0.0,238.834228515625,248.9883575439453,186.88903433082805,25100.0,238.78720092773438,248.85009765625,186.88479391299742,25100.0,7.955645561218262,61.89862060546875,10.740162115768003,25100.0,-240.49700927734375,-0.15603424608707428,-189.26289935414914,,239.09512329101562,248.54629516601562,187.53075819513398,25300.0,276.4302978515625,276.94439697265625,235.29950698652578,25100.0,276.98297119140625,278.0301208496094,238.08696091151236,25100.0,238.80001831054688,248.171630859375,187.42258337425642,25300.0,238.7892303466797,248.67105102539062,186.8913685531987,25100.0,0.32421875,0.43359375,0.11681166017027388,374700.0,0.2946964502334595,0.3986232280731201,0.10817493766573762,369600.0,49.0,1938.0,56.687147399733306,25100.0,999948,2632.861543554526,1.005201083096591,1.0,1.0
tvc275,20,275.0,/home/users/am1015/rl_runs_td3_tvcap_20260722_walker_v5_full30/Walker2d-v5__td3_tvcap_tvc275__20__1784902842/events.out.tfevents.1784902845.linux50.736162.0,3000.18701171875,3160.027587890625,877.8186790814176,47.0,1000.0,1000.0,335.7102081934184,19.0,2935.3551025390625,2955.4365234375,2934.5528076171877,0.0,235.0814666748047,245.60140991210938,182.41969383295125,25100.0,235.15335083007812,245.36236572265625,182.41613628697164,25100.0,9.883490562438965,121.98660278320312,14.131433142797924,25100.0,-236.7632598876953,-0.6862011551856995,-184.81688014460607,,235.27447509765625,244.8410186767578,183.0486859807003,25100.0,275.6485595703125,276.1414794921875,231.18011324303444,25100.0,276.3415832519531,277.6231689453125,236.07156845399913,25100.0,235.2064208984375,244.7640380859375,183.02690080924944,25100.0,235.14627075195312,244.99095153808594,182.4199203693209,25100.0,0.12890625,0.21875,0.030005080649297362,498500.0,0.08168160915374756,0.14299678802490234,0.021785210714497703,489300.0,48.0,1925.0,55.83075187198687,25100.0,999900,2200.3449979882976,1.0023583984375,1.0,1.0
tvc275,21,275.0,/home/users/am1015/rl_runs_td3_tvcap_20260722_walker_v5_full30/Walker2d-v5__td3_tvcap_tvc275__21__1784903173/events.out.tfevents.1784903176.linux50.736487.0,3927.9786376953125,4502.443359375,1147.64408081809,68.0,1000.0,1000.0,331.8297378028543,23.0,4017.4578857421875,4461.03955078125,3817.1539306640625,0.0,251.456298828125,261.56842041015625,205.61672327570875,25500.0,251.51019287109375,261.04345703125,205.61758165042596,25500.0,17.33888816833496,182.32403564453125,23.14842677220522,25100.0,-253.30078125,-0.3044300675392151,-208.43347944149127,,251.67514038085938,260.7313537597656,206.2947350482853,25500.0,277.2584228515625,277.94134521484375,247.5776345392003,25100.0,278.08343505859375,280.87933349609375,250.89403023225415,25100.0,251.06214904785156,260.04840087890625,205.98184165670048,25500.0,251.41029357910156,260.9847717285156,205.6179452561746,25500.0,0.48828125,0.578125,0.22954237293568572,267900.0,0.6576024293899536,0.8227195739746094,0.3128934184494159,258900.0,47.0,1927.0,53.93096727869525,25100.0,999900,3118.2545571399805,1.0082124467329545,1.0,1.0
tvc275,22,275.0,/home/users/am1015/rl_runs_td3_tvcap_20260722_walker_v5_full30/Walker2d-v5__td3_tvcap_tvc275__22__1784903383/events.out.tfevents.1784903385.linux48.904323.0,4258.755615234375,4749.03173828125,852.117813568178,32.0,1000.0,1000.0,252.05346784363178,32.0,4362.58544921875,4421.6572265625,4343.379296875,0.0,238.28842163085938,249.33438110351562,182.51512058397893,25500.0,238.27877807617188,249.53695678710938,182.5180476737735,25400.0,19.236202239990234,220.29119873046875,20.287736431332412,25100.0,-240.6171875,-0.25510743260383606,-185.51183221149486,,238.40542602539062,249.75750732421875,183.1352283709964,25500.0,277.8171081542969,279.20745849609375,237.84883509897148,25100.0,279.5653381347656,283.2412109375,244.58537234999648,25100.0,237.94003295898438,249.29165649414062,183.01290051536748,25500.0,238.27114868164062,249.7969970703125,182.52175575858774,25500.0,0.234375,0.33203125,0.05866867755667248,470500.0,0.45267724990844727,0.703102707862854,0.1223278424473026,442900.0,50.0,1918.0,57.170068724997435,25100.0,999900,2108.2261911149208,1.0102440296519886,1.0,1.0
tvc275,23,275.0,/home/users/am1015/rl_runs_td3_tvcap_20260722_walker_v5_full30/Walker2d-v5__td3_tvcap_tvc275__23__1784903713/events.out.tfevents.1784903716.linux48.904718.0,3862.0595703125,4107.03955078125,1037.0744905317397,24.0,1000.0,1000.0,326.21482206986616,24.0,3953.04345703125,3996.492919921875,3642.0418334960937,0.0,248.76339721679688,257.8900146484375,198.11884374919075,25700.0,248.63641357421875,258.752685546875,198.11514915436268,25700.0,9.485751152038574,92.4859619140625,14.216444820002469,25100.0,-250.50289916992188,0.12302187830209732,-200.7240578035577,25100.0,248.9287567138672,258.5550537109375,198.74116382526546,25600.0,276.92242431640625,277.5479736328125,244.69415946510532,25200.0,277.7340393066406,279.4713134765625,248.871570466811,25200.0,248.52606201171875,258.1636962890625,198.61059779183765,25600.0,248.6660919189453,258.7879638671875,198.114502744877,25700.0,0.34765625,0.4609375,0.11555552172017643,330100.0,0.39077234268188477,0.5449124574661255,0.13056615884884382,319800.0,50.0,1928.0,57.12544876397579,25100.0,999900,2595.5636851789473,1.006990633877841,1.0,1.0
tvc275,24,275.0,/home/users/am1015/rl_runs_td3_tvcap_20260722_walker_v5_full30/Walker2d-v5__td3_tvcap_tvc275__24__1784905334/events.out.tfevents.1784905337.linux49.681864.0,3648.3253173828125,4018.33837890625,841.6502042971383,12.0,1000.0,1000.0,280.03921568627453,12.0,3551.728759765625,3605.482177734375,3557.365380859375,0.0,233.42770385742188,245.5211181640625,179.34680486057655,25300.0,233.4623565673828,245.24822998046875,179.3408357290692,25300.0,15.675985336303711,104.42588806152344,18.816636622037652,25100.0,-235.7127227783203,-0.3174313008785248,-182.09449451178364,,233.69183349609375,244.39175415039062,179.98112731798395,25400.0,276.4665222167969,277.0875549316406,235.20652067164147,25100.0,277.24700927734375,279.40008544921875,239.53316438387392,25100.0,233.48031616210938,244.0936737060547,179.90242759739212,25400.0,233.4395294189453,244.3271942138672,179.34264904950209,25300.0,0.23828125,0.33984375,0.07312448712688481,447300.0,0.23609745502471924,0.36684370040893555,0.07869979399560671,425900.0,48.0,1946.0,56.60929326084727,25100.0,999900,2161.849783081657,1.0053328080610795,1.0,1.0
tvc275,25,275.0,/home/users/am1015/rl_runs_td3_tvcap_20260722_walker_v5_full30/Walker2d-v5__td3_tvcap_tvc275__25__1784905965/events.out.tfevents.1784905967.linux55.545178.0,893.2488403320312,2620.644287109375,475.2810568237865,51.0,273.0,1000.0,175.76300984528834,18.0,1238.760009765625,1368.390869140625,1203.34130859375,0.0,187.50279235839844,201.59141540527344,151.45804525238617,25300.0,187.56182861328125,201.9039764404297,151.4607310813089,25200.0,9.066607475280762,78.36918640136719,12.250368032891046,25100.0,-189.3815155029297,-0.3268621563911438,-153.9423831585909,,187.7425537109375,201.8801727294922,152.10040379430026,25400.0,249.97288513183594,257.5984191894531,204.53439755486653,25100.0,255.5786895751953,264.54449462890625,209.5896981754374,25100.0,187.7425537109375,201.8801727294922,152.10040379430026,25400.0,187.57269287109375,201.74693298339844,151.46214593364937,25300.0,0.0,0.0,0.0,,0.0,0.0,0.0,,50.0,2398.0,57.9672786952508,25100.0,999900,636.5728922562721,0.9089923095703125,0.0,0.0
tvc275,26,275.0,/home/users/am1015/rl_runs_td3_tvcap_20260722_walker_v5_full30/Walker2d-v5__td3_tvcap_tvc275__26__1784906025/events.out.tfevents.1784906027.gpu-compute4.1309736.0,4027.8677978515625,4422.06591796875,1159.095527810759,20.0,1000.0,1000.0,336.38458950201886,20.0,4036.7930908203125,4293.20703125,3594.6152099609376,0.0,245.83523559570312,257.9333801269531,196.54627334570412,25300.0,245.87155151367188,257.80364990234375,196.54638807802738,25200.0,22.571834564208984,301.65399169921875,29.423356569057727,25100.0,-247.64767456054688,-0.19223949313163757,-199.41025457329073,,245.73451232910156,257.2689208984375,197.00356186347872,25300.0,277.51629638671875,278.3641357421875,245.9092172889914,25100.0,278.64508056640625,282.6607360839844,250.80559371299458,25100.0,245.16275024414062,256.516357421875,196.73338920435634,25300.0,245.8154754638672,256.9109191894531,196.5488290366278,25200.0,0.40625,0.51171875,0.17087369537901323,301100.0,0.5921728610992432,0.8687295913696289,0.2701727496084647,242500.0,48.0,1903.0,54.97168940404144,25100.0,999900,2975.9222369858853,1.0091501686789772,1.0,1.0
tvc275,27,275.0,/home/users/am1015/rl_runs_td3_tvcap_20260722_walker_v5_full30/Walker2d-v5__td3_tvcap_tvc275__27__1784906655/events.out.tfevents.1784906658.gpu-compute4.1310403.0,1466.7763671875,2973.658935546875,717.111111180065,17.0,416.0,1000.0,246.88666666666666,17.0,3037.426025390625,3510.59619140625,2897.1059814453124,0.0,210.34689331054688,223.7524871826172,164.63393399157607,25100.0,210.4191131591797,224.29969787597656,164.62725609159392,25200.0,13.639520645141602,87.643310546875,19.075218637516585,25100.0,-212.440185546875,-0.48296061158180237,-167.4625671355495,,210.44512939453125,224.64840698242188,165.12798789771338,25300.0,275.92083740234375,277.0145263671875,232.91958232565298,25100.0,277.1640625,278.94482421875,242.42335353208904,25100.0,210.3164825439453,224.49127197265625,165.09266193066208,25300.0,210.3125,223.86514282226562,164.62518586839187,25200.0,0.09765625,0.16796875,0.028349862806441688,450700.0,0.11362123489379883,0.22717070579528809,0.03532593783897942,430000.0,47.0,1927.0,55.58877833623961,25100.0,999900,1105.940316679386,1.0033484996448863,1.0,1.0
tvc275,28,275.0,/home/users/am1015/rl_runs_td3_tvcap_20260722_walker_v5_full30/Walker2d-v5__td3_tvcap_tvc275__28__1784906685/events.out.tfevents.1784906687.gpu-compute4.1310534.0,3631.2841796875,3978.49755859375,1095.55660310343,45.0,1000.0,1000.0,340.1586113002042,45.0,3540.8609619140625,3611.91455078125,3546.3121826171873,0.0,249.1339569091797,259.291259765625,204.4480600932758,25600.0,249.14231872558594,259.27777099609375,204.4540177636874,25600.0,14.769145965576172,117.7740478515625,18.433009612241126,25100.0,-250.951904296875,0.028247909620404243,-207.11130594895843,25100.0,249.34921264648438,259.13726806640625,205.11176060534558,25600.0,276.7478942871094,277.1856384277344,244.89544635375046,25200.0,277.3267822265625,279.19744873046875,248.47341156109462,25100.0,248.90744018554688,258.6105651855469,204.8965389041089,25600.0,249.17489624023438,259.4100036621094,204.4469815896447,25600.0,0.40234375,0.5234375,0.19973843471125244,280500.0,0.43241214752197266,0.5653018951416016,0.21522172986207735,266900.0,48.0,1952.0,55.80746743255718,25100.0,999900,2846.8290870602314,1.0063559792258523,1.0,1.0
tvc275,29,275.0,/home/users/am1015/rl_runs_td3_tvcap_20260722_walker_v5_full30/Walker2d-v5__td3_tvcap_tvc275__29__1784906985/events.out.tfevents.1784906988.linux47.958133.0,4163.216796875,4688.07080078125,734.6976336937344,74.0,1000.0,1000.0,230.7119113573407,10.0,4074.6138916015625,4286.47021484375,4008.869091796875,0.0,232.2198028564453,248.11199951171875,172.02066426824064,25300.0,232.21633911132812,248.0165557861328,172.02245011391915,25400.0,15.985107421875,122.94195556640625,13.111188935494424,25100.0,-234.6578369140625,-0.3167964518070221,-174.53991580164754,,232.58453369140625,247.71803283691406,172.6901449675262,25400.0,277.274169921875,278.2784118652344,221.52090045886018,25100.0,278.61590576171875,280.639404296875,225.3957187072343,25100.0,232.24899291992188,247.31497192382812,172.61961002790753,25400.0,232.1290283203125,248.14309692382812,172.0232271960557,25300.0,0.2109375,0.3125,0.04397566417068417,627200.0,0.34395456314086914,0.5265129804611206,0.07053484711503723,616900.0,46.0,1798.0,52.666222176633504,25100.0,999900,1798.7483001821317,1.0082697088068182,1.0,1.0
tvc275,30,275.0,/home/users/am1015/rl_runs_td3_tvcap_20260722_walker_v5_full30/Walker2d-v5__td3_tvcap_tvc275__30__1784907230/events.out.tfevents.1784907233.linux53.648968.0,3786.534912109375,4063.263427734375,971.1468291957653,12.0,1000.0,1000.0,312.006864274571,12.0,3796.534423828125,3859.551025390625,3787.89765625,0.0,248.04693603515625,256.8577575683594,194.3352505168152,25400.0,248.05279541015625,256.92767333984375,194.33420769088758,25100.0,8.495613098144531,66.9939193725586,12.958453474946742,25100.0,-249.85549926757812,-0.3401024341583252,-197.01671493431888,,248.3385009765625,256.822265625,195.0510063779038,25400.0,276.66485595703125,277.1959228515625,242.24440155611404,25100.0,277.35009765625,279.3327941894531,245.69860220360187,25100.0,247.9681396484375,256.37994384765625,194.9109960367991,25400.0,248.045654296875,257.10626220703125,194.3335456506231,25100.0,0.37890625,0.49609375,0.13533920145655964,358300.0,0.3749021291732788,0.5623323917388916,0.14001026272419134,343400.0,50.0,2358.0,57.996717612062774,25100.0,999981,2665.1921210938535,1.0060540216619318,1.0,1.0
tvc300,1,300.0,/home/users/am1015/rl_runs_td3_tvcap_20260722_walker_v5_full30/Walker2d-v5__td3_tvcap_tvc300__1__1784918545/events.out.tfevents.1784918548.linux43.327691.0,3391.327392578125,3850.212158203125,646.1772021895147,16.0,1000.0,1000.0,230.52941176470588,16.0,3340.26513671875,3453.054931640625,3097.7239501953127,0.0,224.5352325439453,238.46795654296875,160.3823087107849,25300.0,224.4384307861328,238.6140594482422,160.37762894094408,25300.0,16.973512649536133,67.2256088256836,16.254056025667108,25100.0,-226.82559204101562,-0.4543217122554779,-163.07242422715458,,224.80723571777344,238.77450561523438,161.04596142692236,25400.0,293.5560302734375,298.9131164550781,222.73166069476736,25100.0,299.660400390625,303.4500732421875,230.69608313529224,25100.0,224.77899169921875,238.74490356445312,161.0435419501927,25400.0,224.41018676757812,238.38824462890625,160.38628913554825,25300.0,0.01171875,0.0390625,0.0014725067955687764,831300.0,0.015263199806213379,0.08632159233093262,0.0024195105152284685,830800.0,47.0,2094.0,54.10216432454611,25100.0,999900,1388.9683909347425,0.9785201009114584,1.0,1.0
tvc300,2,300.0,/home/users/am1015/rl_runs_td3_tvcap_20260722_walker_v5_full30/Walker2d-v5__td3_tvcap_tvc300__2__1784918725/events.out.tfevents.1784918728.linux42.392583.0,3452.75,3751.6923828125,960.3022245499957,13.0,1000.0,1000.0,352.4686177715092,13.0,3529.0067138671875,3625.5546875,3525.266015625,0.0,247.69320678710938,259.2095642089844,175.6807705161984,25400.0,247.72482299804688,258.6485900878906,175.6735052330931,25400.0,13.015583038330078,42.926292419433594,13.750313185704881,25100.0,-249.958984375,-0.2663955092430115,-178.2635790488331,,248.00506591796875,258.9505920410156,176.2521446716361,25500.0,300.8710632324219,301.54351806640625,224.6205957952712,25100.0,301.9300231933594,303.68597412109375,230.21692281116498,25100.0,247.9031982421875,258.8171691894531,176.22714566488952,25500.0,247.70761108398438,259.040771484375,175.68054533271481,25400.0,0.10546875,0.171875,0.022934243255718537,613300.0,0.10601091384887695,0.18639147281646729,0.024999039737319123,601100.0,49.0,1923.0,57.45932916196533,25100.0,999900,2446.896761875122,1.002903544108073,1.0,1.0
tvc300,3,300.0,/home/users/am1015/rl_runs_td3_tvcap_20260722_walker_v5_full30/Walker2d-v5__td3_tvcap_tvc300__3__1784919018/events.out.tfevents.1784919021.linux44.285147.0,3905.498291015625,4139.23486328125,567.7756707814466,27.0,1000.0,1000.0,189.7079142152211,27.0,4011.4444580078125,4232.150390625,4027.8815673828126,0.0,231.51803588867188,248.24630737304688,157.96664816839873,25400.0,231.51263427734375,248.075439453125,157.96461147489842,25400.0,17.6924991607666,88.82174682617188,14.038896081209296,25100.0,-234.25579833984375,-0.30431145429611206,-160.54649962572114,,232.02713012695312,248.0584716796875,158.65208375369042,25400.0,298.6490783691406,301.2073059082031,213.64092683684967,25100.0,301.7399597167969,304.638427734375,218.84007298085692,25100.0,231.97732543945312,248.0006103515625,158.64477450417405,25400.0,231.586669921875,247.95501708984375,157.96732719859963,25400.0,0.03125,0.078125,0.004248432531541697,813600.0,0.05186736583709717,0.1591407060623169,0.007309241140300842,798900.0,50.0,1927.0,57.48999897425377,25100.0,999900,1402.766579718926,0.9954969278971354,1.0,1.0
tvc300,4,300.0,/home/users/am1015/rl_runs_td3_tvcap_20260722_walker_v5_full30/Walker2d-v5__td3_tvcap_tvc300__4__1784919325/events.out.tfevents.1784919328.linux49.696924.0,3347.896240234375,3520.994384765625,809.5001790440873,21.0,1000.0,1000.0,296.01392592592595,21.0,3384.2166748046875,3451.822021484375,3383.9823974609376,0.0,248.8896942138672,260.5096435546875,179.70793846780748,25300.0,248.87612915039062,260.8012390136719,179.70704846264192,25200.0,12.226540565490723,55.24394989013672,13.43391284826065,25100.0,-250.89639282226562,-0.40910273790359497,-182.19757368330687,,249.31192016601562,260.539306640625,180.38882634945344,25400.0,297.39227294921875,300.434814453125,228.16094120285572,25100.0,300.7737731933594,304.65692138671875,234.01421576595138,25100.0,249.2825927734375,260.5,180.38420882295134,25400.0,248.85800170898438,260.20404052734375,179.70651588581808,25300.0,0.01953125,0.05859375,0.0031185089496358603,713400.0,0.02583456039428711,0.09730887413024902,0.004617462146953505,681500.0,49.0,1960.0,56.29151707867474,25100.0,999900,2118.3054039107683,0.9913075764973959,1.0,1.0
tvc300,5,300.0,/home/users/am1015/rl_runs_td3_tvcap_20260722_walker_v5_full30/Walker2d-v5__td3_tvcap_tvc300__5__1784919807/events.out.tfevents.1784919809.linux50.756099.0,3483.775146484375,3682.52099609375,895.2840958686337,26.0,1000.0,1000.0,308.2759790317607,26.0,3534.2264404296875,3568.802001953125,3537.720556640625,0.0,251.1252899169922,264.249755859375,188.85576955509404,25100.0,251.050537109375,264.24334716796875,188.85472175359226,25100.0,9.675539016723633,122.18766784667969,14.424543326604622,25100.0,-252.99317932128906,-0.4120614230632782,-191.51449473673765,,251.4813232421875,264.184814453125,189.56623516622102,25200.0,301.06353759765625,301.67779541015625,248.08122862016913,25100.0,301.8271179199219,304.061279296875,254.30231748853467,25100.0,251.33087158203125,264.05767822265625,189.52564460234507,25200.0,251.13917541503906,264.38885498046875,188.84821600036278,25100.0,0.1953125,0.3203125,0.04516729279926146,479500.0,0.15271449089050293,0.250463604927063,0.040590526764423915,472000.0,48.0,1959.0,56.20894450712893,25100.0,999900,2325.2682196192254,1.0035451253255208,1.0,1.0
tvc300,6,300.0,/home/users/am1015/rl_runs_td3_tvcap_20260722_walker_v5_full30/Walker2d-v5__td3_tvcap_tvc300__6__1784919890/events.out.tfevents.1784919893.linux52.338424.0,3939.968994140625,4487.98681640625,976.3859568779062,17.0,1000.0,1000.0,298.69345682700924,17.0,3718.727294921875,3868.240966796875,3698.9937744140625,0.0,251.2507781982422,262.14874267578125,184.91459138785828,25200.0,251.18597412109375,261.635009765625,184.91856440511344,25200.0,22.420272827148438,180.603271484375,22.84815469020415,25100.0,-253.8085174560547,-0.330341637134552,-187.87833754071605,,251.41384887695312,263.07763671875,185.40877964667226,25400.0,301.96429443359375,303.1617431640625,243.07396993343372,25100.0,303.7575378417969,307.15618896484375,249.0346116610204,25100.0,251.15109252929688,262.71820068359375,185.31398273002637,25400.0,251.2564697265625,261.9994812011719,184.92280868658102,25200.0,0.19921875,0.3046875,0.056251362319212225,471200.0,0.296207070350647,0.4727292060852051,0.09479700040665635,440200.0,50.0,2393.0,58.80582623858857,25100.0,999900,2531.486727155554,1.0065476481119793,1.0,1.0
tvc300,7,300.0,/home/users/am1015/rl_runs_td3_tvcap_20260722_walker_v5_full30/Walker2d-v5__td3_tvcap_tvc300__7__1784920558/events.out.tfevents.1784920560.linux43.329343.0,3653.9736328125,3847.334716796875,743.0929528758618,59.0,1000.0,1000.0,245.8310378750615,11.0,3653.763427734375,3807.1787109375,3605.9871826171875,0.0,238.63961791992188,253.78765869140625,183.31907550543653,25100.0,238.75270080566406,254.2435302734375,183.31763479480415,25100.0,11.460697174072266,63.73465347290039,13.862691295951382,25100.0,-240.8802490234375,-0.5818975567817688,-185.98633435045417,,239.09567260742188,254.27993774414062,183.93991268931228,25100.0,298.83087158203125,300.9874267578125,245.35164006153295,25100.0,301.40203857421875,303.79876708984375,253.53308281116284,25100.0,239.04714965820312,254.22450256347656,183.93381862415075,25100.0,238.77769470214844,254.00827026367188,183.3238723140574,25100.0,0.03125,0.0859375,0.00428128846548364,782100.0,0.04085385799407959,0.1381239891052246,0.006094035912518722,692500.0,49.0,1939.0,57.172530515950356,25100.0,999900,1430.6220133766913,0.9961029052734375,1.0,1.0
tvc300,8,300.0,/home/users/am1015/rl_runs_td3_tvcap_20260722_walker_v5_full30/Walker2d-v5__td3_tvcap_tvc300__8__1784920852/events.out.tfevents.1784920854.linux55.566812.0,3602.2869873046875,3899.043701171875,912.5721456683319,51.0,1000.0,1000.0,306.7958243782622,13.0,3696.39990234375,3743.6962890625,3691.8138671875,0.0,261.6274719238281,272.64019775390625,199.85905348110367,25100.0,261.61639404296875,273.4563903808594,199.86097212221387,25100.0,11.419571876525879,63.94915771484375,14.2727254562031,25100.0,-263.6802978515625,-0.41550636291503906,-202.6391118437232,,262.0305480957031,272.68231201171875,200.6397694742124,25200.0,301.2929992675781,301.9046936035156,251.4787801189268,25100.0,302.0956726074219,303.7295837402344,254.9410142543249,25100.0,261.842041015625,272.4884033203125,200.57158898812787,25200.0,261.5545349121094,272.4501037597656,199.86361137550549,25100.0,0.21484375,0.29296875,0.07311887757718741,460300.0,0.1911238431930542,0.3102998733520508,0.06818054896010436,456000.0,50.0,2437.0,58.51584777925941,25100.0,999900,2525.0303007876264,1.0043099975585938,1.0,1.0
tvc300,9,300.0,/home/users/am1015/rl_runs_td3_tvcap_20260722_walker_v5_full30/Walker2d-v5__td3_tvcap_tvc300__9__1784920888/events.out.tfevents.1784920891.linux54.694118.0,3406.53271484375,3605.84423828125,917.3458662876104,27.0,1000.0,1000.0,318.3009554140127,27.0,3244.601318359375,3262.056396484375,3244.177490234375,0.0,255.739013671875,268.8431396484375,188.5363713699179,25300.0,255.71104431152344,268.64959716796875,188.53958834790504,25300.0,9.887986183166504,157.720458984375,14.903700915688654,25100.0,-257.5998229980469,-0.41449490189552307,-191.1499119078377,,255.90049743652344,268.9627685546875,189.18618547710417,25400.0,300.8996276855469,301.519287109375,246.54611368753083,25100.0,301.3568115234375,303.0311279296875,250.73462973910608,25100.0,255.74855041503906,268.76531982421875,189.13573625954368,25400.0,255.6580352783203,269.18621826171875,188.5406580846705,25300.0,0.2265625,0.328125,0.06934284926659144,451100.0,0.13908958435058594,0.24435901641845703,0.050449131170729265,384300.0,51.0,2438.0,59.21868909631757,25100.0,999900,2506.724810393957,1.002998758951823,1.0,1.0
tvc300,10,300.0,/home/users/am1015/rl_runs_td3_tvcap_20260722_walker_v5_full30/Walker2d-v5__td3_tvcap_tvc300__10__1784920948/events.out.tfevents.1784920951.linux56.850285.0,1610.2024536132812,4111.66015625,528.5529304009879,25.0,448.5,1000.0,187.54944642522048,25.0,3262.778564453125,4161.634765625,3146.942346191406,0.0,208.29946899414062,224.42169189453125,153.1498590024502,25200.0,208.33233642578125,224.6005401611328,153.14886812446395,25200.0,14.368256568908691,152.00350952148438,11.56960050605145,25100.0,-210.59048461914062,-0.373712420463562,-155.5618597074941,,208.67474365234375,225.29937744140625,153.79873636010979,25300.0,291.5362854003906,297.0504150390625,212.68958669626684,25100.0,298.0289611816406,304.4990539550781,218.34542125642318,25100.0,208.66062927246094,225.28150939941406,153.79689895241944,25300.0,208.32347106933594,224.36744689941406,153.15939608022475,25200.0,0.0078125,0.03125,0.0008534529182480255,860200.0,0.01118934154510498,0.11289143562316895,0.0018374295415163212,801400.0,51.0,2490.0,59.113344958457276,25100.0,999900,826.4677616716959,0.9717876180013021,0.0,1.0
tvc300,11,300.0,/home/users/am1015/rl_runs_td3_tvcap_20260722_walker_v5_full30/Walker2d-v5__td3_tvcap_tvc300__11__1784921168/events.out.tfevents.1784921171.linux47.990787.0,3585.6068115234375,3788.5947265625,1005.2346096941021,91.0,1000.0,1000.0,334.1003009027081,15.0,3555.80078125,3596.14697265625,3400.2697875976564,0.0,263.569091796875,275.3080139160156,208.18940935734344,25400.0,263.6499328613281,275.254638671875,208.1920148242364,25400.0,11.57006549835205,89.13835906982422,15.990849872710768,25100.0,-265.6658020019531,-0.040655601769685745,-210.93257407646013,,263.7867736816406,275.4180603027344,208.89655191413786,25500.0,301.0350036621094,301.76220703125,258.18608253853563,25100.0,301.96063232421875,304.078857421875,263.4826120416505,25100.0,263.6539001464844,275.2264404296875,208.85560476508633,25500.0,263.58563232421875,275.62091064453125,208.19132021409766,25400.0,0.12109375,0.203125,0.03615034234280439,344500.0,0.12335705757141113,0.21865308284759521,0.04094722487643042,306600.0,50.0,1935.0,57.722945943173656,25100.0,999900,2596.7560497086783,1.0034500122070313,1.0,1.0
tvc300,12,300.0,/home/users/am1015/rl_runs_td3_tvcap_20260722_walker_v5_full30/Walker2d-v5__td3_tvcap_tvc300__12__1784921168/events.out.tfevents.1784921170.linux52.340423.0,3494.5767822265625,3952.324951171875,631.4887219047307,20.0,1000.0,1000.0,212.7909303810943,20.0,3569.9678955078125,3745.423095703125,3594.26904296875,0.0,229.0074920654297,243.34442138671875,167.12786559598896,25200.0,228.9824981689453,243.35003662109375,167.12268040901787,25200.0,16.763090133666992,78.60356140136719,16.07688250439103,25100.0,-231.38467407226562,-0.36119720339775085,-169.8820279333448,,229.32516479492188,243.22596740722656,167.74769576432973,25400.0,297.9990234375,300.89349365234375,230.25849587441022,25100.0,301.3062438964844,303.94952392578125,237.04502185607203,25100.0,229.296875,243.08425903320312,167.74140391089094,25400.0,229.0577850341797,243.5638885498047,167.12791603446695,25200.0,0.02734375,0.06640625,0.0038761988409067596,799300.0,0.0400846004486084,0.14170777797698975,0.006291908623071949,744200.0,50.0,2351.0,58.120627756693,25100.0,999900,1239.6027161184795,0.993330078125,1.0,1.0
tvc300,13,300.0,/home/users/am1015/rl_runs_td3_tvcap_20260722_walker_v5_full30/Walker2d-v5__td3_tvcap_tvc300__13__1784921233/events.out.tfevents.1784921235.linux57.446075.0,4253.1787109375,4621.0126953125,1040.3184224238826,38.0,1000.0,1000.0,303.4417122040073,38.0,4346.923828125,4641.0146484375,3621.497912597656,0.0,252.251953125,264.18621826171875,192.73405912230842,25200.0,252.23919677734375,263.960693359375,192.7358588263426,25300.0,29.16014289855957,275.4983825683594,29.699192700497765,25100.0,-254.654052734375,-0.19759371876716614,-195.6800395172582,,252.21401977539062,263.75164794921875,193.20193572854512,25400.0,302.3315124511719,303.5852355957031,251.51563759123817,25100.0,304.0192565917969,307.2518615722656,257.9121631975143,25100.0,251.85162353515625,263.24957275390625,193.08692865299972,25400.0,252.29344177246094,263.53021240234375,192.74105223171125,25400.0,0.20703125,0.30859375,0.061868124294799466,374100.0,0.3525015115737915,0.6010110378265381,0.11500709237092727,366200.0,50.0,2471.0,58.52979792799262,25100.0,999900,2685.340537329133,1.0077717081705728,1.0,1.0
tvc300,14,300.0,/home/users/am1015/rl_runs_td3_tvcap_20260722_walker_v5_full30/Walker2d-v5__td3_tvcap_tvc300__14__1784921270/events.out.tfevents.1784921273.linux46.193540.0,3804.9080810546875,4056.725341796875,955.8197559117491,15.0,1000.0,1000.0,308.0823057953144,15.0,3863.30419921875,4026.744140625,3872.681005859375,0.0,253.4996337890625,269.04351806640625,192.2326362406277,25400.0,253.48318481445312,268.7648010253906,192.23256801778982,25200.0,17.379281997680664,69.32521057128906,20.156490520643604,25100.0,-255.6143035888672,-0.26242542266845703,-195.01840708847962,,253.71275329589844,268.4443359375,192.8655699560229,25400.0,301.39727783203125,301.8880615234375,247.83875001155866,25100.0,302.2275695800781,304.3643798828125,252.99288420341102,25100.0,253.49891662597656,268.1723327636719,192.80398392602794,25400.0,253.47445678710938,267.97796630859375,192.23322888206206,25300.0,0.19140625,0.296875,0.05520157516155503,422700.0,0.19712388515472412,0.3114677667617798,0.06158611320546865,410900.0,48.0,1972.0,55.54897938250077,25100.0,999900,2535.0997949653333,1.0046575927734376,1.0,1.0
tvc300,15,300.0,/home/users/am1015/rl_runs_td3_tvcap_20260722_walker_v5_full30/Walker2d-v5__td3_tvcap_tvc300__15__1784921630/events.out.tfevents.1784921633.linux54.695236.0,4328.4853515625,4699.048828125,944.7795273100821,20.0,1000.0,1000.0,274.67995600769865,20.0,4360.39013671875,4545.46337890625,3734.81708984375,0.0,247.315185546875,261.2212829589844,179.3182813875604,25400.0,247.3338623046875,262.03240966796875,179.31649366620857,25400.0,32.97333526611328,240.71994018554688,32.905975881774054,25100.0,-249.98532104492188,-0.2897685170173645,-182.46767547972718,,247.28695678710938,260.3694763183594,179.75450223589183,25500.0,302.1653137207031,303.5550231933594,243.71939532527563,25100.0,304.0622253417969,307.2195129394531,252.33850419229546,25100.0,247.04266357421875,260.00738525390625,179.6723139185003,25500.0,247.38088989257812,260.7262268066406,179.31010242160502,25400.0,0.140625,0.23046875,0.03890743601907888,429100.0,0.27552294731140137,0.47705042362213135,0.08218823651654107,406800.0,50.0,2377.0,58.405374910247204,25100.0,999900,2340.0918597617215,1.0072177124023438,1.0,1.0
tvc300,16,300.0,/home/users/am1015/rl_runs_td3_tvcap_20260722_walker_v5_full30/Walker2d-v5__td3_tvcap_tvc300__16__1784921699/events.out.tfevents.1784921702.linux46.193844.0,3982.77099609375,4625.220703125,1300.689885400647,14.0,1000.0,1000.0,367.58492647058824,14.0,4098.04443359375,4418.427734375,4111.39150390625,0.0,271.4510192871094,282.5332336425781,222.41871213444333,25300.0,271.51641845703125,282.1161804199219,222.41338855918568,25300.0,19.359256744384766,234.22412109375,27.906540113949575,25100.0,-273.38409423828125,-0.4486692547798157,-225.35275784695207,,271.63360595703125,282.3973083496094,222.98044878468247,25400.0,302.589599609375,303.97796630859375,270.7316334281323,25100.0,304.1201477050781,306.84112548828125,275.5483027837627,25100.0,271.0809020996094,281.69696044921875,222.6973754478213,25400.0,271.4476013183594,282.60760498046875,222.41657181194742,25300.0,0.375,0.5078125,0.1740078309313776,269600.0,0.5761303901672363,0.8003796339035034,0.2830731706602633,259300.0,48.0,1967.0,54.74469176325777,25100.0,999900,3258.219666592586,1.0086319986979166,1.0,1.0
tvc300,17,300.0,/home/users/am1015/rl_runs_td3_tvcap_20260722_walker_v5_full30/Walker2d-v5__td3_tvcap_tvc300__17__1784922751/events.out.tfevents.1784922753.linux57.454223.0,3736.758544921875,3875.854736328125,935.9113965660448,27.0,1000.0,1000.0,315.5261994949495,7.0,3649.7664794921875,3687.389404296875,3651.6409423828127,0.0,249.4168701171875,261.6858215332031,180.5321278337797,25500.0,249.4754638671875,261.9473876953125,180.5350393399085,25500.0,18.09070587158203,166.8119659423828,18.338904079848838,25100.0,-251.72637939453125,-0.36337077617645264,-183.22354332338003,,249.54510498046875,261.93792724609375,181.0113674520595,25500.0,300.7646484375,301.6119384765625,236.65718321316575,25100.0,301.92071533203125,303.70599365234375,241.9338595377294,25100.0,249.44363403320312,261.8173522949219,180.99230628983693,25500.0,249.41351318359375,261.4960021972656,180.53366491074772,25500.0,0.09765625,0.17578125,0.01768170132834137,690600.0,0.09717869758605957,0.21777009963989258,0.019061203467098796,668600.0,50.0,2354.0,58.058775259000925,25100.0,999900,2279.0754509158432,1.002548828125,1.0,1.0
tvc300,18,300.0,/home/users/am1015/rl_runs_td3_tvcap_20260722_walker_v5_full30/Walker2d-v5__td3_tvcap_tvc300__18__1784923021/events.out.tfevents.1784923023.linux47.994065.0,4082.413330078125,4631.76806640625,1108.2199612269837,66.0,1000.0,1000.0,322.0460695876289,24.0,4148.62353515625,4388.63232421875,4156.742456054688,0.0,263.83441162109375,275.18719482421875,202.89412432640495,25400.0,263.8873596191406,275.19287109375,202.88815025546452,25400.0,16.966205596923828,167.10739135742188,21.196589868437396,25100.0,-265.92926025390625,-0.10253921151161194,-205.7999571645238,,264.003173828125,275.20245361328125,203.52939072072107,25500.0,302.2151184082031,303.32269287109375,260.057203607729,25200.0,303.4044494628906,307.0643615722656,265.4903018064029,25100.0,263.52459716796875,274.6697082519531,203.3125852247948,25500.0,263.7851257324219,275.4242248535156,202.89257779089317,25400.0,0.3828125,0.4765625,0.1524403143912196,339500.0,0.5056641101837158,0.7021019458770752,0.21680544214818964,326400.0,49.0,1882.0,56.27018155708278,25100.0,999900,2951.6487864729684,1.0073837280273437,1.0,1.0
tvc300,19,300.0,/home/users/am1015/rl_runs_td3_tvcap_20260722_walker_v5_full30/Walker2d-v5__td3_tvcap_tvc300__19__1784923111/events.out.tfevents.1784923114.linux48.940799.0,3418.56103515625,3602.13037109375,988.6888017912746,57.0,1000.0,1000.0,346.48439667128986,27.0,3396.6229248046875,3484.197509765625,3399.63154296875,0.0,256.337890625,268.6553039550781,195.11463371152627,25100.0,256.3832702636719,268.9683837890625,195.1137298848459,25100.0,8.190860748291016,60.82024002075195,11.056428001739038,25100.0,-258.1216735839844,-0.15603424608707428,-197.55026852298465,,256.7128601074219,268.97039794921875,195.7877877653994,25300.0,301.0479736328125,301.40673828125,249.99199982696234,25100.0,301.53863525390625,302.99224853515625,253.17217387806662,25100.0,256.5318603515625,268.78094482421875,195.73012445093536,25300.0,256.39520263671875,269.06573486328125,195.1214460543241,25100.0,0.2421875,0.34375,0.0734398239563032,416800.0,0.17024719715118408,0.25227653980255127,0.05766334250249891,409900.0,49.0,1930.0,56.63483434198379,25100.0,999900,2595.082960321353,1.0034932454427083,1.0,1.0
tvc300,20,300.0,/home/users/am1015/rl_runs_td3_tvcap_20260722_walker_v5_full30/Walker2d-v5__td3_tvcap_tvc300__20__1784923351/events.out.tfevents.1784923354.linux48.941163.0,3126.078369140625,3306.08837890625,896.4955819663554,47.0,1000.0,1000.0,337.4508611955421,19.0,3069.2237548828125,3102.76318359375,3060.3254150390626,0.0,244.19451904296875,256.367431640625,185.47496206064457,25100.0,244.25344848632812,256.1041564941406,185.4731608311807,25100.0,10.379961013793945,92.79237365722656,14.246045693726108,25100.0,-245.95452880859375,-0.6862011551856995,-187.8972754908936,,244.36917114257812,255.1822052001953,186.10788654968644,25100.0,298.7975769042969,300.08831787109375,239.20674864339003,25100.0,300.62689208984375,302.6430358886719,244.8081017595485,25100.0,244.3490753173828,255.16693115234375,186.10414364182262,25100.0,244.23927307128906,255.3358154296875,185.4746052554961,25100.0,0.0234375,0.05859375,0.003665440045132834,725100.0,0.019212841987609863,0.06965970993041992,0.003742879666430068,703000.0,49.0,1922.0,56.841727356651965,25100.0,999900,2239.9690621159016,0.9959919230143229,1.0,1.0
tvc300,21,300.0,/home/users/am1015/rl_runs_td3_tvcap_20260722_walker_v5_full30/Walker2d-v5__td3_tvcap_tvc300__21__1784923531/events.out.tfevents.1784923534.linux50.759935.0,3354.9998779296875,3695.00244140625,1053.3722485204091,68.0,1000.0,1000.0,359.83123425692696,23.0,3338.38818359375,3359.015625,3338.0758056640625,0.0,264.04345703125,274.46051025390625,203.3392574927168,25500.0,263.965576171875,274.369384765625,203.34530225594017,25500.0,8.38087272644043,68.30248260498047,13.340744956353818,25100.0,-265.8450927734375,-0.30442899465560913,-205.92555132655318,,264.4766845703125,275.1260070800781,203.9083792962014,25500.0,300.9642639160156,301.41925048828125,257.25366719705085,25100.0,301.51336669921875,304.3669128417969,261.42522017229936,25100.0,264.314697265625,274.9452209472656,203.86864492115131,25500.0,264.1339111328125,275.2261962890625,203.33593001356047,25500.0,0.23046875,0.328125,0.053673774233254694,532100.0,0.15094828605651855,0.23561012744903564,0.03973432583299731,451500.0,49.0,1953.0,56.094163503949126,25100.0,999970,2648.7791453091763,1.0032142130533854,1.0,1.0
tvc300,22,300.0,/home/users/am1015/rl_runs_td3_tvcap_20260722_walker_v5_full30/Walker2d-v5__td3_tvcap_tvc300__22__1784923742/events.out.tfevents.1784923744.linux48.941648.0,4457.153076171875,5054.90185546875,890.1955567957999,32.0,1000.0,1000.0,254.44452926208652,32.0,4347.79150390625,4658.77001953125,3914.173791503906,0.0,249.34439086914062,260.81939697265625,188.02315753483407,25500.0,249.51902770996094,261.35308837890625,188.03044309292258,25400.0,22.949899673461914,239.927001953125,21.807656656022925,25100.0,-252.20980834960938,-0.25510743260383606,-191.1501694997068,,249.59811401367188,261.113037109375,188.63374237717804,25500.0,302.5906982421875,304.02874755859375,249.33497388445238,25100.0,304.73016357421875,309.4940490722656,257.2669781892147,25100.0,249.29721069335938,260.77337646484375,188.54133827781428,25500.0,249.4093780517578,261.0037841796875,188.03290458835554,25500.0,0.18359375,0.2890625,0.04372403579854344,485100.0,0.37328875064849854,0.6273846626281738,0.09240420458438837,459900.0,49.0,1883.0,56.84470202072007,25100.0,999966,2229.8655422016595,1.0086356608072917,1.0,1.0
tvc300,23,300.0,/home/users/am1015/rl_runs_td3_tvcap_20260722_walker_v5_full30/Walker2d-v5__td3_tvcap_tvc300__23__1784924402/events.out.tfevents.1784924405.linux50.761005.0,3404.4718017578125,3568.4814453125,809.9058844246387,24.0,1000.0,1000.0,285.8318077803204,24.0,3372.83154296875,3488.384765625,3239.0368041992188,0.0,241.958251953125,257.4640197753906,176.85740525773372,25700.0,242.00794982910156,256.63128662109375,176.85719549683733,25700.0,13.256196975708008,113.76617431640625,15.122280428700584,25100.0,-244.38491821289062,0.12302190810441971,-179.57845457973423,25100.0,242.27076721191406,256.33966064453125,177.48149409066667,25600.0,300.2032470703125,301.2152099609375,237.2146499841528,25200.0,301.5469665527344,303.3135070800781,243.9358134699864,25200.0,242.20245361328125,256.26910400390625,177.46570799454165,25600.0,241.9666748046875,256.59686279296875,176.86135392114008,25700.0,0.05859375,0.1171875,0.01415089047594625,612300.0,0.058304429054260254,0.13990521430969238,0.01578607497086634,602200.0,44.0,1878.0,51.14668171094471,25100.0,999900,2214.977256854566,1.000677490234375,1.0,1.0
tvc300,24,300.0,/home/users/am1015/rl_runs_td3_tvcap_20260722_walker_v5_full30/Walker2d-v5__td3_tvcap_tvc300__24__1784925874/events.out.tfevents.1784925877.linux55.572298.0,3872.835693359375,4331.99658203125,962.169395943649,12.0,1000.0,1000.0,303.00242497726583,12.0,4039.3642578125,4126.978515625,3880.9221435546874,0.0,256.89422607421875,269.3699951171875,188.25378454749352,25300.0,256.9703674316406,269.424072265625,188.24785607359811,25300.0,12.543281555175781,136.5810546875,14.814413916117084,25100.0,-259.2359924316406,-0.3174290657043457,-191.0931002787412,,257.28778076171875,268.59771728515625,188.92220604821736,25400.0,301.8709716796875,302.6646728515625,246.72497428979497,25100.0,302.784423828125,304.925048828125,251.5431905602613,25100.0,256.9464111328125,268.2677001953125,188.8035343637292,25400.0,256.9942932128906,268.84136962890625,188.25737361184406,25300.0,0.296875,0.390625,0.10274050543645502,435600.0,0.3372817039489746,0.48735523223876953,0.11867171799247601,399600.0,50.0,2367.0,58.199405067186376,25100.0,999900,2665.546924484464,1.006236572265625,1.0,1.0
tvc300,25,300.0,/home/users/am1015/rl_runs_td3_tvcap_20260722_walker_v5_full30/Walker2d-v5__td3_tvcap_tvc300__25__1784925934/events.out.tfevents.1784925937.linux49.707564.0,3873.804931640625,4573.69677734375,1160.0897480710898,51.0,1000.0,1000.0,346.88645833333334,18.0,4118.992919921875,4330.29052734375,4125.66142578125,0.0,264.31890869140625,276.89093017578125,204.43210232479703,25300.0,264.3846740722656,276.47808837890625,204.42946666141955,25200.0,16.146730422973633,167.60610961914062,19.278458930286813,25100.0,-266.4964294433594,-0.32743287086486816,-207.14059335518547,,264.54541015625,276.24322509765625,205.04996572836893,25400.0,302.3133850097656,303.64398193359375,256.61378864847075,25100.0,303.8352355957031,306.85614013671875,261.7376140603754,25100.0,264.13714599609375,275.6181945800781,204.84775079172329,25400.0,264.3916320800781,276.39471435546875,204.43697348957744,25300.0,0.296875,0.40625,0.12186586444763566,339300.0,0.4510977268218994,0.6844607591629028,0.20221505217435287,321600.0,49.0,1976.0,57.43973740896502,25100.0,999900,3060.1672447828146,1.0077112833658854,1.0,1.0
tvc300,26,300.0,/home/users/am1015/rl_runs_td3_tvcap_20260722_walker_v5_full30/Walker2d-v5__td3_tvcap_tvc300__26__1784926775/events.out.tfevents.1784926777.gpu-compute4.1349039.0,4031.3095703125,4397.337890625,1166.4136340554462,20.0,1000.0,1000.0,337.50777027027027,20.0,4162.7109375,4295.40283203125,4142.177490234375,0.0,260.3594970703125,271.9827575683594,206.60181219034575,25300.0,260.3522033691406,272.1534423828125,206.6011752398792,25200.0,28.20290756225586,393.496337890625,32.31589056991736,25100.0,-262.5284729003906,-0.19223949313163757,-209.5653872414575,,260.42486572265625,272.11993408203125,207.04154531557006,25300.0,302.248046875,303.2486572265625,263.3408526315611,25100.0,303.4778137207031,306.43194580078125,268.49035975245016,25100.0,259.983642578125,271.5568542480469,206.84755553611953,25300.0,260.3912353515625,272.5617370605469,206.60012887259356,25200.0,0.30859375,0.4296875,0.12446068186480665,318100.0,0.43571746349334717,0.6956716775894165,0.19398980983673872,299900.0,49.0,1916.0,56.14668171094471,25100.0,999900,3027.813935578634,1.0074934895833334,1.0,1.0
tvc300,27,300.0,/home/users/am1015/rl_runs_td3_tvcap_20260722_walker_v5_full30/Walker2d-v5__td3_tvcap_tvc300__27__1784927075/events.out.tfevents.1784927078.linux53.674429.0,4241.4150390625,4542.32275390625,1198.0250319575773,17.0,1000.0,1000.0,345.26399447131996,17.0,4160.706787109375,4380.87158203125,4170.8654296875,0.0,265.9496765136719,275.1998291015625,205.85474294440755,25100.0,265.9222717285156,275.72906494140625,205.85282602024483,25200.0,19.54244613647461,266.7814636230469,24.375961719241868,25100.0,-268.16461181640625,-0.48298588395118713,-208.84207391053826,,266.10662841796875,275.43902587890625,206.49764275639131,25300.0,302.5751647949219,303.8612976074219,256.061110216543,25100.0,304.2810363769531,306.675537109375,261.6247261370457,25100.0,265.5601501464844,274.8125,206.2711996659241,25300.0,265.963134765625,275.040771484375,205.85647448823823,25200.0,0.3515625,0.44140625,0.1326874871781721,353100.0,0.5600049495697021,0.7812259197235107,0.22644314955217262,343700.0,50.0,2392.0,58.60354908195713,25100.0,999900,3077.8718835535724,1.0085838826497395,1.0,1.0
tvc300,28,300.0,/home/users/am1015/rl_runs_td3_tvcap_20260722_walker_v5_full30/Walker2d-v5__td3_tvcap_tvc300__28__1784927556/events.out.tfevents.1784927558.gpu-compute4.1350025.0,3825.176513671875,4119.65185546875,1151.5461656351645,45.0,1000.0,1000.0,348.0348068221371,45.0,3970.4017333984375,4058.086669921875,3985.312646484375,0.0,271.0760498046875,280.2025146484375,215.18115891915448,25600.0,271.0445556640625,279.96478271484375,215.18257043926232,25600.0,14.415336608886719,98.13481140136719,19.719581866156737,25100.0,-272.9446105957031,0.028247909620404243,-217.9617180405031,25100.0,271.39337158203125,281.3942565917969,215.8727411642741,25600.0,301.62554931640625,302.2189025878906,261.5749254740048,25200.0,302.12713623046875,304.341064453125,265.56429735851367,25100.0,271.00701904296875,280.93084716796875,215.70599843582818,25600.0,271.0606384277344,280.0064392089844,215.1839544121778,25600.0,0.4140625,0.51953125,0.1619080322340753,351200.0,0.40726935863494873,0.5511182546615601,0.1667428323581581,325800.0,48.0,1920.0,55.08575238485999,25100.0,999903,2987.079954072451,1.0054184977213543,1.0,1.0
tvc300,29,300.0,/home/users/am1015/rl_runs_td3_tvcap_20260722_walker_v5_full30/Walker2d-v5__td3_tvcap_tvc300__29__1784927630/events.out.tfevents.1784927633.gpu-compute4.1350204.0,3482.149658203125,3821.689697265625,778.9916406481346,74.0,1000.0,1000.0,277.6098306026104,10.0,3599.7928466796875,3680.404296875,3258.918017578125,0.0,243.16529846191406,260.37628173828125,178.34389406922966,25300.0,243.10238647460938,260.1690979003906,178.3436327236025,25400.0,10.926618576049805,93.64812469482422,10.34838772065313,25100.0,-245.5195770263672,-0.3167964220046997,-180.8272266590555,,243.4437713623047,260.4264221191406,179.0078916985678,25400.0,298.388916015625,301.1797790527344,231.68320852734973,25100.0,301.4496765136719,304.33721923828125,238.33641109359314,25100.0,243.40200805664062,260.34716796875,179.00030397967265,25400.0,243.07772827148438,260.6630859375,178.3501460354302,25300.0,0.02734375,0.0703125,0.00485907208431634,756600.0,0.04088950157165527,0.13846564292907715,0.007587650749350538,662100.0,45.0,1873.0,52.25048722945943,25100.0,999900,1681.9677047450575,0.9946297200520834,1.0,1.0
tvc300,30,300.0,/home/users/am1015/rl_runs_td3_tvcap_20260722_walker_v5_full30/Walker2d-v5__td3_tvcap_tvc300__30__1784928637/events.out.tfevents.1784928640.linux47.1003907.0,4107.535888671875,4403.25244140625,683.1967877466465,12.0,1000.0,1000.0,239.57296908698777,12.0,4066.8265380859375,4234.59228515625,4049.7466064453124,0.0,231.43142700195312,246.661376953125,154.19516525647623,25400.0,231.46597290039062,247.17803955078125,154.18424862290837,25100.0,16.87752342224121,104.00363159179688,14.570251554877776,25100.0,-233.87095642089844,-0.34010249376296997,-156.8181471943837,,231.8134002685547,246.45297241210938,154.81647007591303,25400.0,300.3289489746094,302.09124755859375,210.5241797330661,25100.0,302.45159912109375,305.4619445800781,218.2536470969893,25100.0,231.72552490234375,246.28677368164062,154.8037466640141,25400.0,231.45602416992188,246.81822204589844,154.19131825008785,25100.0,0.05859375,0.140625,0.007601741204226075,799500.0,0.09260344505310059,0.2550830841064453,0.012723460993726189,754900.0,47.0,1782.0,54.328033644476356,25100.0,999900,1589.7728709968237,1.0010964965820313,1.0,1.0
tvc400,1,400.0,/home/users/am1015/rl_runs_td3_tvcap_20260722_walker_v5_full30/Walker2d-v5__td3_tvcap_tvc400__1__1784833432/events.out.tfevents.1784833435.compsci-cluster-fitz-01.3953967.0,4049.8734130859375,4136.06787109375,1005.8448851963794,16.0,1000.0,1000.0,295.9410545023697,16.0,4089.0172119140625,4104.87841796875,4091.907666015625,0.0,302.2710876464844,319.8424987792969,214.1557797515261,25300.0,302.294677734375,319.9842529296875,214.15563866086683,25300.0,20.095979690551758,86.22355651855469,23.310760314856516,25100.0,-305.01007080078125,-0.45423179864883423,-217.35322389535776,,302.5276184082031,320.25543212890625,214.7473912534748,25400.0,381.00933837890625,387.1636047363281,290.1185844871474,25100.0,388.07391357421875,394.93359375,299.80741768573745,25100.0,302.5276184082031,320.25543212890625,214.74736606371675,25400.0,302.3967590332031,320.11614990234375,214.1532410825032,25300.0,0.0,0.0078125,1.1619781516052929e-05,,0.0,0.023071646690368652,2.518042819611732e-05,887200.0,45.0,2313.0,52.58703456764796,25100.0,999900,2649.3947526056036,0.9525233459472656,0.0,0.0
tvc400,2,400.0,/home/users/am1015/rl_runs_td3_tvcap_20260722_walker_v5_full30/Walker2d-v5__td3_tvcap_tvc400__2__1784833432/events.out.tfevents.1784833436.compsci-cluster-fitz-16.1849259.0,3700.351318359375,3776.40283203125,711.9724071402364,13.0,1000.0,1000.0,240.252945419572,13.0,3659.5731201171875,3688.415283203125,3659.508154296875,0.0,257.5314636230469,274.5450439453125,175.56609318071494,25400.0,257.6095886230469,274.51055908203125,175.56585731504146,25400.0,15.039875030517578,61.33860778808594,17.12405315369134,25100.0,-260.38555908203125,-0.26639217138290405,-178.68733375900794,,257.97174072265625,274.3461608886719,176.28906445601967,25500.0,342.5282897949219,350.209228515625,248.53847744317008,25100.0,345.4793395996094,355.09771728515625,255.21605692072634,25100.0,257.97174072265625,274.3461608886719,176.28906445601967,25500.0,257.6109619140625,274.710693359375,175.56320581324562,25400.0,0.0,0.0,0.0,,0.0,0.0,0.0,,45.0,2467.0,52.77761821725305,25100.0,999900,2005.10694856445,0.8563207244873047,0.0,0.0
tvc400,3,400.0,/home/users/am1015/rl_runs_td3_tvcap_20260722_walker_v5_full30/Walker2d-v5__td3_tvcap_tvc400__3__1784833432/events.out.tfevents.1784833435.compsci-cluster-fitz-19.3754297.0,3935.700927734375,4128.13427734375,825.1139109285132,27.0,1000.0,1000.0,260.6762252346194,27.0,3953.4833984375,4085.1162109375,3966.224951171875,0.0,253.00831604003906,271.4945068359375,184.02057901564677,25400.0,252.99415588378906,271.0023193359375,184.01963093349283,25400.0,16.708330154418945,156.12640380859375,16.091200576670808,25100.0,-255.86611938476562,-0.30421799421310425,-186.99130915943104,,252.87271118164062,270.56451416015625,184.60440722615266,25400.0,336.42681884765625,345.99932861328125,253.82934335109846,25100.0,341.9599304199219,352.2749328613281,262.75669775301003,25100.0,252.87271118164062,270.56451416015625,184.60440722615266,25400.0,252.97357177734375,271.05889892578125,184.02733788484548,25400.0,0.0,0.0,0.0,,0.0,0.0,0.0,,45.0,2305.0,53.28649092214586,25100.0,999953,1971.913542593901,0.8410670471191406,0.0,0.0
tvc400,4,400.0,/home/users/am1015/rl_runs_td3_tvcap_20260722_walker_v5_full30/Walker2d-v5__td3_tvcap_tvc400__4__1784833432/events.out.tfevents.1784833435.compsci-cluster-fitz-20.1454097.0,3623.5986328125,3941.53076171875,812.2828511900968,21.0,1000.0,1000.0,266.1981358189081,21.0,3845.9248046875,3892.0146484375,3845.325439453125,0.0,268.85980224609375,287.4598083496094,191.12157821110867,25300.0,268.8685302734375,287.5426025390625,191.12443859988406,25200.0,11.087722778320312,82.55863189697266,13.403418580816227,25100.0,-271.24041748046875,-0.40911540389060974,-193.75376519219046,,269.0199890136719,287.54449462890625,191.72826124959903,25400.0,354.318115234375,361.50213623046875,258.6070708201224,25100.0,359.939208984375,370.9862976074219,267.52160356128746,25100.0,269.0199890136719,287.54449462890625,191.72826124959903,25400.0,268.918212890625,287.7834167480469,191.12400877182995,25300.0,0.0,0.0,0.0,,0.0,0.0,0.0,,44.0,2324.0,51.356857113550106,25100.0,999900,1932.4751708503718,0.8857952880859375,0.0,0.0
tvc400,5,400.0,/home/users/am1015/rl_runs_td3_tvcap_20260722_walker_v5_full30/Walker2d-v5__td3_tvcap_tvc400__5__1784833432/events.out.tfevents.1784833436.compsci-cluster-fitz-21.2224038.0,3611.024658203125,3812.646728515625,898.9066580153053,26.0,1000.0,1000.0,313.3173408592035,26.0,3730.491943359375,3769.0029296875,3291.9724304199217,0.0,258.65533447265625,273.1772766113281,184.30209011146152,25100.0,258.6033630371094,272.91619873046875,184.29906071146996,25100.0,17.22136688232422,608.3419189453125,23.766537483894684,25100.0,-260.922607421875,-0.4120614230632782,-187.16817823147173,,258.869873046875,275.23321533203125,184.95699907222365,25200.0,323.501953125,331.01788330078125,244.50936990958908,25100.0,330.1449890136719,337.60601806640625,252.27011969736606,25100.0,258.869873046875,275.23321533203125,184.95699907222365,25200.0,258.61712646484375,274.0433349609375,184.30326489367968,25100.0,0.0,0.0,0.0,,0.0,0.0,0.0,,44.0,2278.0,50.48158785516463,25100.0,999900,2324.4921081142547,0.8087548828125,0.0,0.0
tvc400,6,400.0,/home/users/am1015/rl_runs_td3_tvcap_20260722_walker_v5_full30/Walker2d-v5__td3_tvcap_tvc400__6__1784833432/events.out.tfevents.1784833435.compsci-cluster-fitz-21.2224043.0,4246.126953125,4432.126953125,764.177048746256,17.0,1000.0,1000.0,238.70909959398136,17.0,4334.043701171875,4400.56005859375,4326.601318359375,0.0,266.2011413574219,285.720947265625,175.64481766003337,25200.0,266.1773376464844,286.292724609375,175.64554930899698,25200.0,34.2867317199707,202.43634033203125,23.781147565456514,25100.0,-269.55133056640625,-0.33034729957580566,-178.75685091407644,,266.52947998046875,285.9178466796875,176.24687095422973,25400.0,359.679931640625,368.5810546875,241.7945891432254,25100.0,367.23602294921875,377.8289489746094,249.06580399367942,25100.0,266.52947998046875,285.9178466796875,176.24687095422973,25400.0,266.25225830078125,285.9289245605469,175.64808823199115,25200.0,0.0,0.0,0.0,,0.0,0.0,0.0,,46.0,2296.0,53.0096420145656,25100.0,999900,2119.567833488186,0.8991998291015625,0.0,0.0
tvc400,7,400.0,/home/users/am1015/rl_runs_td3_tvcap_20260722_walker_v5_full30/Walker2d-v5__td3_tvcap_tvc400__7__1784833432/events.out.tfevents.1784833435.compsci-cluster-fitz-26.462306.0,4595.47265625,4943.4853515625,1354.6923675245312,59.0,1000.0,1000.0,350.35541535226076,11.0,4621.977294921875,4665.857421875,4592.79296875,0.0,340.5789794921875,359.941650390625,255.7143038960474,25100.0,340.58734130859375,359.985595703125,255.70931942183256,25100.0,20.79292869567871,316.00714111328125,27.97616498102699,25100.0,-343.030029296875,-0.5818972587585449,-258.95327776098804,,340.8939208984375,359.2720031738281,256.4076644353525,25100.0,401.629638671875,402.8839416503906,336.1129368219709,25100.0,403.0685729980469,406.0824279785156,342.7158155624702,25100.0,340.66668701171875,358.9852600097656,256.31856845053545,25100.0,340.6309814453125,359.5683288574219,255.71535972531564,25100.0,0.1796875,0.26953125,0.06236697353574726,367700.0,0.2331458330154419,0.452923059463501,0.08909556796971634,338200.0,45.0,2418.0,52.59165042568468,25100.0,999900,3567.4144324190343,1.0040740966796875,1.0,1.0
tvc400,8,400.0,/home/users/am1015/rl_runs_td3_tvcap_20260722_walker_v5_full30/Walker2d-v5__td3_tvcap_tvc400__8__1784833432/events.out.tfevents.1784833436.compsci-cluster-fitz-26.462301.0,4289.53173828125,4550.0810546875,956.4113808065739,51.0,1000.0,1000.0,288.3388119953864,13.0,4427.111572265625,4481.576171875,4428.02939453125,0.0,294.3690185546875,314.50885009765625,199.8606874658805,25100.0,294.44744873046875,314.17474365234375,199.8548522119298,25100.0,25.424413681030273,169.50302124023438,22.01421279121022,25100.0,-297.2352294921875,-0.4155019223690033,-202.8266283341592,,294.79937744140625,313.97454833984375,200.5511554129635,25200.0,388.1590576171875,397.7065734863281,268.6383216749773,25100.0,393.42486572265625,402.00701904296875,274.78575032431905,25100.0,294.79937744140625,313.96875,200.55091074957355,25200.0,294.54925537109375,313.6340637207031,199.86422778929128,25100.0,0.0,0.03125,0.00019112537183300853,972900.0,0.0,0.04429030418395996,0.00024463431213266214,945000.0,45.0,2463.0,51.88891168324957,25100.0,999958,2718.6261105285244,0.9703976440429688,0.0,1.0
tvc400,9,400.0,/home/users/am1015/rl_runs_td3_tvcap_20260722_walker_v5_full30/Walker2d-v5__td3_tvcap_tvc400__9__1784833432/events.out.tfevents.1784833436.compsci-cluster-fitz-25.998643.0,4199.837890625,4411.12841796875,1112.6500523960444,27.0,1000.0,1000.0,327.2010478061559,27.0,4207.19140625,4320.50634765625,4210.012939453125,0.0,317.88568115234375,334.03692626953125,222.74456251570675,25300.0,317.8966979980469,334.134033203125,222.7385418359838,25300.0,20.263992309570312,151.01129150390625,21.76883267326509,25100.0,-320.48455810546875,-0.4145891070365906,-225.81054483474688,,318.3584899902344,335.4846496582031,223.45837943314103,25400.0,398.584228515625,401.02447509765625,295.8162244466962,25100.0,401.54498291015625,403.7741394042969,304.0912886896351,25100.0,318.3377380371094,335.4281005859375,223.44963017590553,25400.0,317.9226989746094,334.81634521484375,222.75205858915828,25300.0,0.03125,0.06640625,0.005901646963791158,741500.0,0.04460453987121582,0.12399697303771973,0.008749203371847578,706600.0,45.0,2931.0,53.580674941019595,25100.0,999900,2934.91417294435,0.9964605712890625,1.0,1.0
tvc400,10,400.0,/home/users/am1015/rl_runs_td3_tvcap_20260722_walker_v5_full30/Walker2d-v5__td3_tvcap_tvc400__10__1784833432/events.out.tfevents.1784833436.compsci-cluster-fitz-25.998637.0,4450.451416015625,4566.181640625,872.2835880797577,25.0,1000.0,1000.0,263.31707959936745,25.0,4423.475830078125,4468.01025390625,4428.741455078125,0.0,287.2125244140625,309.63153076171875,193.29980719798723,25200.0,287.1917724609375,309.6419982910156,193.30095593456525,25200.0,26.69684410095215,392.6785888671875,22.208129996679748,25100.0,-290.43145751953125,-0.3737124800682068,-196.61274734722406,,287.4941101074219,310.9158630371094,194.00880237239025,25300.0,394.9262390136719,399.978271484375,270.0443406154488,25100.0,399.6741943359375,402.9324645996094,279.5463057003097,25100.0,287.4797058105469,310.89276123046875,194.0070675815824,25300.0,287.24273681640625,310.48931884765625,193.31110301266614,25200.0,0.01171875,0.05078125,0.0011695911119089138,908400.0,0.01376962661743164,0.07320761680603027,0.0017348469092376612,880500.0,45.0,2496.0,52.12503846548364,25100.0,999900,2124.6425102910935,0.9873155975341796,1.0,1.0
tvc400,11,400.0,/home/users/am1015/rl_runs_td3_tvcap_20260722_walker_v5_full30/Walker2d-v5__td3_tvcap_tvc400__11__1784833434/events.out.tfevents.1784833437.compsci-cluster-fitz-27.444052.0,4589.199462890625,4840.98193359375,980.354887862459,91.0,1000.0,1000.0,277.5111111111111,15.0,4512.832763671875,4725.8837890625,4538.892724609375,0.0,306.5267333984375,324.4387512207031,207.4477298665478,25400.0,306.5152587890625,324.00634765625,207.4470705514907,25400.0,30.568859100341797,307.4017639160156,27.392402519065655,25100.0,-309.7696228027344,-0.03984907269477844,-210.73781387118916,,306.7625732421875,323.9801330566406,208.14417766880808,25500.0,400.00634765625,402.16558837890625,286.4672195190331,25100.0,403.0713806152344,407.59051513671875,294.42389412145883,25100.0,306.68646240234375,323.8348388671875,208.1191762798811,25500.0,306.4910888671875,324.2716369628906,207.45340875015296,25400.0,0.05078125,0.109375,0.011291222176633501,633700.0,0.10685217380523682,0.30820298194885254,0.02500155391736157,625400.0,44.0,2381.0,50.94512257667453,25100.0,999900,2886.178158627871,1.000015869140625,1.0,1.0
tvc400,12,400.0,/home/users/am1015/rl_runs_td3_tvcap_20260722_walker_v5_full30/Walker2d-v5__td3_tvcap_tvc400__12__1784833434/events.out.tfevents.1784833437.compsci-cluster-fitz-27.444058.0,4149.733642578125,4340.490234375,1114.4880959560328,20.0,1000.0,1000.0,333.81523554961575,20.0,4140.55712890625,4196.390625,4121.493432617188,0.0,316.5580139160156,337.45245361328125,225.59771306896448,25200.0,316.6806640625,336.5165710449219,225.59085910019354,25200.0,22.358335494995117,138.26834106445312,22.372871518328807,25100.0,-318.90899658203125,-0.361205130815506,-228.4158365709138,,316.82379150390625,337.7763671875,226.2144110045696,25400.0,392.9496765136719,397.7899475097656,297.5214617944079,25100.0,397.9250793457031,403.1175537109375,304.2338979172608,25100.0,316.81524658203125,337.75421142578125,226.2134682214506,25400.0,316.593994140625,337.9388122558594,225.59962011137225,25200.0,0.00390625,0.03125,0.0005653624730741615,903300.0,0.004561066627502441,0.06361043453216553,0.0009428211353609948,860100.0,45.0,2473.0,52.81003179813314,25100.0,999900,2927.5267668652996,0.9823741912841797,0.0,1.0
tvc400,13,400.0,/home/users/am1015/rl_runs_td3_tvcap_20260722_walker_v5_full30/Walker2d-v5__td3_tvcap_tvc400__13__1784833434/events.out.tfevents.1784833437.compsci-cluster-fitz-28.355981.0,4607.31640625,4832.08447265625,1259.3720406141797,38.0,1000.0,1000.0,345.0555747324819,38.0,4516.078369140625,4763.751953125,4529.034423828125,0.0,321.9810791015625,337.86700439453125,231.1738049772274,25200.0,322.04669189453125,338.0619812011719,231.1682366284706,25300.0,27.340988159179688,587.956787109375,28.532437749420627,25100.0,-324.55377197265625,-0.19758287072181702,-234.26872942061323,,322.15838623046875,337.56298828125,231.694476545473,25400.0,400.7281494140625,402.609619140625,306.57666956733675,25100.0,403.0887451171875,406.35955810546875,315.07588442974804,25100.0,322.00946044921875,337.4113464355469,231.6643858315416,25400.0,321.8985595703125,337.853759765625,231.16764080609877,25400.0,0.06640625,0.1328125,0.014925809698430608,600400.0,0.12976789474487305,0.31571459770202637,0.030090686736662996,589300.0,44.0,2401.0,51.3123397271515,25100.0,999900,3273.223833415371,1.0018203735351563,1.0,1.0
tvc400,14,400.0,/home/users/am1015/rl_runs_td3_tvcap_20260722_walker_v5_full30/Walker2d-v5__td3_tvcap_tvc400__14__1784833434/events.out.tfevents.1784833437.compsci-cluster-fitz-28.355976.0,4760.264404296875,5042.6376953125,838.1624432670254,15.0,1000.0,1000.0,257.08054554812145,15.0,4750.0517578125,4766.12158203125,4746.234228515625,0.0,283.2930908203125,305.63153076171875,181.1932371760381,25400.0,283.1715393066406,306.01678466796875,181.19488126892568,25200.0,31.117862701416016,376.7779541015625,19.77440360845043,25100.0,-286.76678466796875,-0.26242542266845703,-184.18918109555185,,283.64166259765625,307.3695068359375,181.83628894898385,25400.0,398.99432373046875,401.2345886230469,251.83281188089916,25100.0,402.2709655761719,406.2082214355469,260.1659607587808,25100.0,283.5924987792969,307.2962646484375,181.82557913378196,25400.0,283.1856994628906,307.6527099609375,181.2087157372042,25300.0,0.0390625,0.08203125,0.005512584624064006,807600.0,0.07010173797607422,0.20001065731048584,0.010709836918557652,797000.0,44.0,2396.0,51.16258077751564,25100.0,999900,2091.1331510694745,0.9974858093261719,1.0,1.0
tvc400,15,400.0,/home/users/am1015/rl_runs_td3_tvcap_20260722_walker_v5_full30/Walker2d-v5__td3_tvcap_tvc400__15__1784833434/events.out.tfevents.1784833437.compsci-cluster-fitz-28.355969.0,4267.88330078125,4429.72607421875,1148.826300431421,20.0,1000.0,1000.0,341.85470085470087,20.0,4352.77001953125,4360.46044921875,4350.870654296875,0.0,314.70587158203125,335.51092529296875,218.52035133651827,25400.0,314.6832275390625,335.99639892578125,218.51788235943718,25400.0,17.14447784423828,57.63999557495117,18.481276903856315,25100.0,-317.3994140625,-0.2897685170173645,-221.45488269719263,,315.0227966308594,335.31024169921875,219.15300540142914,25500.0,398.64453125,400.5562744140625,293.7695312568331,25100.0,400.71136474609375,402.5418395996094,300.5659634234774,25100.0,315.0039978027344,335.2863464355469,219.1477857436087,25500.0,314.7615051269531,335.5434875488281,218.52705632026826,25400.0,0.0234375,0.0703125,0.0053595240537491024,731700.0,0.02140223979949951,0.0769275426864624,0.005219524842627245,711400.0,45.0,2354.0,52.426813006462204,25100.0,999924,3045.0921571124827,0.996611328125,1.0,1.0
tvc400,16,400.0,/home/users/am1015/rl_runs_td3_tvcap_20260722_walker_v5_full30/Walker2d-v5__td3_tvcap_tvc400__16__1784847837/events.out.tfevents.1784847840.linux45.460405.0,4721.62646484375,4978.736328125,1411.5246918843309,14.0,1000.0,1000.0,366.4038109197508,14.0,4533.953369140625,4954.23046875,3902.19267578125,0.0,332.959228515625,349.9882507324219,252.35674166716984,25300.0,332.96087646484375,350.2463073730469,252.3533351195225,25300.0,31.376331329345703,248.44573974609375,36.611052744513565,25100.0,-335.5271911621094,-0.4486692547798157,-255.6893255041066,,333.1170654296875,349.77301025390625,252.85816961819194,25400.0,401.3773498535156,402.85577392578125,328.91384497350464,25100.0,403.3201904296875,407.3594970703125,336.5381462244862,25100.0,332.95379638671875,349.5206298828125,252.81164190315985,25400.0,333.0499572753906,350.1093444824219,252.34765458726412,25300.0,0.09765625,0.18359375,0.024378702302800287,468900.0,0.17207181453704834,0.3832268714904785,0.046527694746070866,462600.0,50.0,1936.0,58.11847368960919,25100.0,999915,3574.484668720991,1.003443374633789,1.0,1.0
tvc400,17,400.0,/home/users/am1015/rl_runs_td3_tvcap_20260722_walker_v5_full30/Walker2d-v5__td3_tvcap_tvc400__17__1784848047/events.out.tfevents.1784848050.gpu-compute5.723241.0,3493.5833740234375,3693.625,701.8540064936196,27.0,1000.0,1000.0,257.23712667353243,7.0,3521.6341552734375,3573.8564453125,3527.14912109375,0.0,224.56370544433594,244.9766082763672,167.10368353401344,25500.0,224.5070037841797,244.337158203125,167.10447006938043,25500.0,13.549029350280762,179.25213623046875,12.302541577837943,25100.0,-226.71524047851562,-0.3633725643157959,-169.4845619558163,,224.67637634277344,244.7975311279297,167.7267112474675,25500.0,300.0867004394531,318.0364685058594,223.54197053448112,25100.0,308.339111328125,324.6534423828125,231.62680789686917,25100.0,224.67637634277344,244.7975311279297,167.7267112474675,25500.0,224.48281860351562,244.44198608398438,167.10104322072254,25500.0,0.0,0.0,0.0,,0.0,0.0,0.0,,46.0,1887.0,53.244332752077135,25100.0,999900,1539.712948059711,0.7502167510986328,0.0,0.0
tvc400,18,400.0,/home/users/am1015/rl_runs_td3_tvcap_20260722_walker_v5_full30/Walker2d-v5__td3_tvcap_tvc400__18__1784848108/events.out.tfevents.1784848111.gpu-compute5.723358.0,4674.08544921875,4938.23828125,1212.2234533886115,66.0,1000.0,1000.0,323.8807517822424,24.0,4568.925537109375,4773.1181640625,4579.86396484375,0.0,326.09820556640625,346.3035888671875,229.05634202800766,25400.0,326.0119934082031,346.42535400390625,229.063053640675,25400.0,23.086223602294922,206.01455688476562,26.669223320984432,25100.0,-328.70184326171875,-0.10253921151161194,-232.35604257557756,,326.337158203125,346.4460144042969,229.70302176489815,25500.0,401.5417785644531,402.4923400878906,314.3115697594156,25200.0,402.732666015625,405.4624938964844,322.0471010514376,25100.0,326.13653564453125,346.1722412109375,229.64595386876178,25500.0,326.1767578125,346.70526123046875,229.07205338013628,25400.0,0.171875,0.265625,0.039933182249461484,520000.0,0.21639621257781982,0.36838412284851074,0.057067951773090694,499100.0,48.0,1893.0,55.369576366806854,25100.0,999900,3315.8364429733692,1.0038544464111328,1.0,1.0
tvc400,19,400.0,/home/users/am1015/rl_runs_td3_tvcap_20260722_walker_v5_full30/Walker2d-v5__td3_tvcap_tvc400__19__1784848918/events.out.tfevents.1784848922.gpu-compute5.731424.0,3439.838623046875,3592.8251953125,901.4935688785137,57.0,1000.0,1000.0,315.6339229311434,27.0,3402.2528076171875,3469.908935546875,3419.034326171875,0.0,251.40557861328125,265.6822509765625,181.77362291358492,25100.0,251.56373596191406,265.9295654296875,181.7678999607101,25100.0,16.885984420776367,162.20260620117188,21.096128314798467,25100.0,-253.62010192871094,-0.15603423118591309,-184.5603900596672,,251.8137664794922,265.61053466796875,182.2878589816145,25300.0,303.3097839355469,311.12176513671875,235.73830685201384,25100.0,309.2056884765625,316.20745849609375,244.05687817359217,25100.0,251.8137664794922,265.61053466796875,182.2878589816145,25300.0,251.42906188964844,265.7088623046875,181.76821919981225,25100.0,0.0,0.0,0.0,,0.0,0.0,0.0,,47.0,1908.0,54.734947174069134,25100.0,999900,2384.078709574846,0.7582744598388672,0.0,0.0
tvc400,20,400.0,/home/users/am1015/rl_runs_td3_tvcap_20260722_walker_v5_full30/Walker2d-v5__td3_tvcap_tvc400__20__1784849220/events.out.tfevents.1784849224.compsci-cluster-fitz-09.1473549.0,3923.495361328125,4174.478515625,643.7958619360968,47.0,1000.0,1000.0,221.47695035460993,19.0,4075.4659423828125,4103.35302734375,4075.1751708984375,0.0,237.00296020507812,259.76275634765625,164.30913717553503,25100.0,237.01638793945312,259.55853271484375,164.30620504987553,25100.0,14.112711906433105,79.4331283569336,13.561683915351425,25100.0,-239.91836547851562,-0.6860982775688171,-167.00581542524708,,237.3958740234375,259.57208251953125,164.92312248818465,25100.0,340.0134582519531,358.07354736328125,227.4069385696942,25100.0,345.69012451171875,365.6807861328125,236.66636607154527,25100.0,237.3958740234375,259.57208251953125,164.92312248818465,25100.0,236.947021484375,259.8087158203125,164.3057343817048,25100.0,0.0,0.0,0.0,,0.0,0.0,0.0,,44.0,2532.0,50.626320648271616,25100.0,999900,1315.1110539512756,0.8500336456298828,0.0,0.0
tvc400,21,400.0,/home/users/am1015/rl_runs_td3_tvcap_20260722_walker_v5_full30/Walker2d-v5__td3_tvcap_tvc400__21__1784855086/events.out.tfevents.1784855089.compsci-cluster-fitz-15.1776404.0,4184.92041015625,4393.31640625,953.4004878663649,68.0,1000.0,1000.0,300.9689759036145,23.0,4251.6572265625,4319.60888671875,4251.228857421875,0.0,294.7574462890625,320.0433349609375,192.51461424410545,25500.0,294.80963134765625,320.2861328125,192.51276407252888,25500.0,18.361841201782227,153.44906616210938,18.313638561064295,25100.0,-297.3587341308594,-0.3044290840625763,-195.41568241455712,,295.21240234375,319.43670654296875,193.20820258009073,25500.0,382.7311706542969,393.65777587890625,263.44772226036247,25100.0,388.99224853515625,398.5721435546875,271.83683419019115,25100.0,295.21240234375,319.43670654296875,193.20818134080795,25500.0,294.7003173828125,319.676025390625,192.51462408476985,25500.0,0.0,0.0078125,1.722933121345779e-05,,0.0,0.020023703575134277,2.123670267904706e-05,973600.0,44.0,2824.0,52.064519437891065,25100.0,999900,2580.9749392435338,0.9568279266357422,0.0,0.0
tvc400,22,400.0,/home/users/am1015/rl_runs_td3_tvcap_20260722_walker_v5_full30/Walker2d-v5__td3_tvcap_tvc400__22__1784855429/events.out.tfevents.1784855432.compsci-cluster-fitz-20.1484658.0,4207.23291015625,4389.0048828125,905.7087536780705,32.0,1000.0,1000.0,277.7645259938838,32.0,4168.2373046875,4229.142578125,3935.7438720703126,0.0,281.9208984375,299.8963623046875,196.5345947351958,25500.0,281.88031005859375,299.2205810546875,196.53511654421519,25400.0,24.84915542602539,86.89193725585938,19.90837634982959,25100.0,-285.2167663574219,-0.25510746240615845,-199.5570224036081,,282.1778564453125,299.34735107421875,197.11990953276484,25500.0,372.8970642089844,382.476318359375,273.9904060249149,25100.0,381.16619873046875,391.0131530761719,283.18258545749103,25100.0,282.1778564453125,299.34735107421875,197.11990862496938,25500.0,281.898681640625,299.63763427734375,196.5315202857341,25500.0,0.0,0.00390625,4.006821212432044e-07,,0.0,0.008856058120727539,9.084068233385516e-07,,44.0,2298.0,50.99066570930352,25100.0,999900,2277.142004267527,0.932242660522461,0.0,0.0
tvc400,23,400.0,/home/users/am1015/rl_runs_td3_tvcap_20260722_walker_v5_full30/Walker2d-v5__td3_tvcap_tvc400__23__1784855429/events.out.tfevents.1784855432.compsci-cluster-fitz-20.1484656.0,4362.124267578125,4508.47412109375,772.3927408747102,24.0,1000.0,1000.0,256.7989214175655,24.0,4296.509765625,4328.32861328125,4303.56513671875,0.0,282.0782470703125,303.17578125,175.24902249872454,25700.0,282.1041259765625,303.2860412597656,175.25248385662192,25700.0,20.429115295410156,135.81573486328125,16.392840434319364,25100.0,-285.22637939453125,0.12302188575267792,-178.08126978794755,25100.0,282.55352783203125,303.09332275390625,175.95818596857688,25600.0,389.25225830078125,397.8990173339844,240.27736382394457,25200.0,395.7006530761719,403.8196716308594,248.32999991614804,25200.0,282.5458984375,303.0693664550781,175.95735697918033,25600.0,282.06524658203125,303.15716552734375,175.25428712319788,25700.0,0.00390625,0.03125,0.00041670940609293263,926300.0,0.00041925907135009766,0.11823058128356934,0.000829020834345734,915600.0,45.0,2286.0,51.734947174069134,25100.0,999974,2193.5093899080766,0.9731306457519531,0.0,1.0
tvc400,24,400.0,/home/users/am1015/rl_runs_td3_tvcap_20260722_walker_v5_full30/Walker2d-v5__td3_tvcap_tvc400__24__1784855447/events.out.tfevents.1784855450.compsci-cluster-fitz-18.1001611.0,859.6055297851562,2751.205078125,510.615508731075,12.0,268.0,1000.0,184.5653377630122,12.0,1093.48974609375,1130.1361083984375,1059.13662109375,0.0,194.1668243408203,208.75286865234375,159.2043059952626,25300.0,194.09393310546875,208.796630859375,159.20699142795203,25300.0,7.031789779663086,57.60753631591797,9.681250368279624,25100.0,-195.81097412109375,-0.3174290657043457,-161.46590826501966,,194.40548706054688,207.9656524658203,159.85490082386937,25400.0,253.5548553466797,259.8251953125,215.31190409660888,25100.0,257.87445068359375,263.3687438964844,219.93802137326622,25100.0,194.40548706054688,207.9656524658203,159.85490082386937,25400.0,194.17626953125,208.6192169189453,159.2086348306544,25300.0,0.0,0.0,0.0,,0.0,0.0,0.0,,46.0,2283.0,53.16288850138476,25100.0,999974,684.9063845815567,0.6338871383666992,0.0,0.0
tvc400,25,400.0,/home/users/am1015/rl_runs_td3_tvcap_20260722_walker_v5_full30/Walker2d-v5__td3_tvcap_tvc400__25__1784855489/events.out.tfevents.1784855492.compsci-cluster-fitz-18.1001744.0,3806.138916015625,3892.869873046875,971.4317031672758,51.0,1000.0,1000.0,312.3903125,18.0,3880.8037109375,3897.188232421875,3880.7867919921873,0.0,293.82281494140625,313.62884521484375,201.39918267160013,25300.0,293.8196716308594,314.407470703125,201.3970382471475,25200.0,17.099557876586914,125.56520080566406,19.046334593430434,25100.0,-296.30218505859375,-0.3268601596355438,-204.40362245167557,,294.11474609375,314.3261413574219,202.02560715210865,25400.0,370.23760986328125,373.9983215332031,271.81906059908613,25100.0,373.1054992675781,378.6387634277344,277.3594719645491,25100.0,294.11474609375,314.3261413574219,202.02560715210865,25400.0,293.7775573730469,314.4425048828125,201.40036570390248,25300.0,0.0,0.0,0.0,,0.0,0.0,0.0,,45.0,2275.0,52.54138886039594,25100.0,999900,2639.496159327336,0.9255940246582032,0.0,0.0
tvc400,26,400.0,/home/users/am1015/rl_runs_td3_tvcap_20260722_walker_v5_full30/Walker2d-v5__td3_tvcap_tvc400__26__1784855489/events.out.tfevents.1784855492.compsci-cluster-fitz-19.3787107.0,3848.1312255859375,4171.13330078125,652.4370799339478,20.0,1000.0,1000.0,223.77138378862517,20.0,3987.354248046875,4059.7216796875,3981.54453125,0.0,220.79269409179688,250.289794921875,157.77440376614382,25300.0,220.72991943359375,249.64703369140625,157.77182231835658,25200.0,16.380386352539062,71.56990051269531,11.8333867939665,25100.0,-223.87840270996094,-0.19223946332931519,-160.38618127195417,,220.9300537109375,250.24525451660156,158.26847883583613,25300.0,325.4355163574219,345.8536682128906,224.8174076530307,25100.0,335.8456726074219,357.3545837402344,232.8228757893725,25100.0,220.9300537109375,250.24525451660156,158.26847883583613,25300.0,220.729248046875,249.9617156982422,157.76664013892895,25200.0,0.0,0.0,0.0,,0.0,0.0,0.0,,45.0,2273.0,53.79444045543133,25100.0,999900,1353.8874078217225,0.8135887908935547,0.0,0.0
tvc400,27,400.0,/home/users/am1015/rl_runs_td3_tvcap_20260722_walker_v5_full30/Walker2d-v5__td3_tvcap_tvc400__27__1784855489/events.out.tfevents.1784855492.compsci-cluster-fitz-19.3787102.0,4520.46240234375,4801.76318359375,1064.9253342558497,17.0,1000.0,1000.0,304.61486898232783,17.0,4511.660888671875,4581.232421875,4519.738818359375,0.0,313.26641845703125,332.0706481933594,209.00358653947103,25100.0,313.1528625488281,332.53387451171875,209.00898391495954,25200.0,33.565303802490234,223.75881958007812,33.15848950580594,25100.0,-316.2056884765625,-0.4829859137535095,-212.1014918048989,,313.697021484375,332.818603515625,209.67020304978794,25300.0,400.6813659667969,402.2578430175781,290.20332374211665,25100.0,403.1246643066406,406.1860656738281,298.5444422205074,25100.0,313.58709716796875,332.618896484375,209.6418905505893,25300.0,313.21124267578125,333.02117919921875,209.01055008955953,25200.0,0.0703125,0.140625,0.015005144758436763,638400.0,0.12451183795928955,0.2634683847427368,0.02831255327017934,621200.0,45.0,2268.0,53.474817930044104,25100.0,999900,2966.442224321457,1.001703414916992,1.0,1.0
tvc400,28,400.0,/home/users/am1015/rl_runs_td3_tvcap_20260722_walker_v5_full30/Walker2d-v5__td3_tvcap_tvc400__28__1784855519/events.out.tfevents.1784855522.compsci-cluster-fitz-21.2253307.0,3962.82568359375,4052.91845703125,927.1872332116816,45.0,1000.0,1000.0,291.5176539247155,45.0,4074.98779296875,4087.307861328125,3675.2791633605957,0.0,287.47235107421875,309.26495361328125,194.73580371906164,25600.0,287.4155578613281,308.9545593261719,194.7308488296954,25600.0,12.508626937866211,58.527442932128906,13.823292906603678,25100.0,-289.96356201171875,0.028247885406017303,-197.56085049063702,25100.0,287.8069152832031,308.4919738769531,195.3450451977532,25600.0,382.9386291503906,388.98876953125,277.65905422898993,25200.0,385.9449157714844,391.7848205566406,284.7263354921368,25100.0,287.8069152832031,308.4919738769531,195.3450451977532,25600.0,287.443359375,308.7511901855469,194.73493471331128,25600.0,0.0,0.0,0.0,,0.0,0.0,0.0,,46.0,2281.0,53.52641296543235,25100.0,999900,2413.6687506391454,0.9573465728759766,0.0,0.0
tvc400,29,400.0,/home/users/am1015/rl_runs_td3_tvcap_20260722_walker_v5_full30/Walker2d-v5__td3_tvcap_tvc400__29__1784855654/events.out.tfevents.1784855657.compsci-cluster-fitz-16.1883882.0,4088.174072265625,4238.98828125,959.6391151780218,74.0,1000.0,1000.0,286.44740613356265,10.0,4189.9580078125,4244.35205078125,4197.26552734375,0.0,288.0882263183594,306.457275390625,205.9854218863922,25300.0,288.18438720703125,305.87994384765625,205.9826199017224,25400.0,19.848270416259766,135.90863037109375,17.87788524015162,25100.0,-290.9296875,-0.3167964816093445,-208.94790900040925,,288.2076416015625,305.4378662109375,206.5959460633593,25400.0,368.31854248046875,372.8050537109375,281.054252838736,25100.0,373.0189514160156,378.2679138183594,290.9028267643292,25100.0,288.2076416015625,305.4378662109375,206.5959460633593,25400.0,288.109619140625,305.7958068847656,205.9913013614462,25300.0,0.0,0.0,0.0,,0.0,0.0,0.0,,45.0,2370.0,52.00071802236127,25100.0,999900,2422.9009178078327,0.9207963562011718,0.0,0.0
tvc400,30,400.0,/home/users/am1015/rl_runs_td3_tvcap_20260722_walker_v5_full30/Walker2d-v5__td3_tvcap_tvc400__30__1784855746/events.out.tfevents.1784855749.compsci-cluster-fitz-01.4146919.0,4113.59814453125,4264.48291015625,1067.156717481455,12.0,1000.0,1000.0,315.05419029615626,12.0,4079.720947265625,4170.501953125,4089.7072509765626,0.0,305.7876892089844,322.7867431640625,218.03675452912313,25400.0,305.8027038574219,322.7083740234375,218.0304978707497,25100.0,18.620973587036133,133.1040802001953,24.749936149719556,25100.0,-308.3206787109375,-0.3401024639606476,-221.10263390934935,,306.1551513671875,322.69622802734375,218.66490006377026,25400.0,380.6399230957031,388.2132873535156,294.0410677606093,25100.0,388.342529296875,398.36669921875,304.0679833405274,25100.0,306.1551513671875,322.69622802734375,218.66488877893394,25400.0,305.790771484375,323.016357421875,218.03691282211253,25100.0,0.0,0.01171875,1.081841727356652e-05,993900.0,0.0,0.015685319900512695,1.1295816912774808e-05,993900.0,45.0,2287.0,51.76736075494922,25100.0,999981,2838.1860686364844,0.9515998077392578,0.0,1.0
tvc500,1,500.0,/home/users/am1015/rl_runs_td3_tvcap_20260722_walker_v5_full30/Walker2d-v5__td3_tvcap_tvc500__1__1784855806/events.out.tfevents.1784855809.compsci-cluster-fitz-21.2253548.0,4017.654541015625,4136.06787109375,1004.9177121098747,16.0,1000.0,1000.0,295.93426117856086,16.0,4034.4322509765625,4159.56884765625,3941.5969970703127,0.0,301.8809509277344,318.6308898925781,214.1085665789461,25300.0,301.98431396484375,318.4933776855469,214.10908342711187,25300.0,20.24835968017578,86.22355651855469,23.312298553182348,25100.0,-304.529296875,-0.45423179864883423,-217.30638051794205,,302.030517578125,319.5578918457031,214.70001402347845,25400.0,380.51556396484375,386.2353515625,290.052526260873,25100.0,387.3014221191406,395.63134765625,299.7286303018451,25100.0,302.030517578125,319.5578918457031,214.70001402347845,25400.0,301.9653625488281,318.95770263671875,214.10652198228198,25300.0,0.0,0.0,0.0,,0.0,0.0,0.0,,46.0,2450.0,53.01302697712586,25100.0,999900,2645.7347152959082,0.7610311279296875,0.0,0.0
tvc500,2,500.0,/home/users/am1015/rl_runs_td3_tvcap_20260722_walker_v5_full30/Walker2d-v5__td3_tvcap_tvc500__2__1784855865/events.out.tfevents.1784855868.compsci-cluster-fitz-21.2253682.0,3700.351318359375,3776.40283203125,711.9724071402364,13.0,1000.0,1000.0,240.252945419572,13.0,3659.4061279296875,3677.70166015625,3658.230029296875,0.0,257.5314636230469,274.5450439453125,175.56609318071494,25400.0,257.6095886230469,274.51055908203125,175.56585731504146,25400.0,15.039875030517578,61.33860778808594,17.12405315369134,25100.0,-260.38555908203125,-0.26639217138290405,-178.68733375900794,,257.97174072265625,274.3461608886719,176.28906445601967,25500.0,342.5282897949219,350.209228515625,248.53847744317008,25100.0,345.4793395996094,355.09771728515625,255.21605692072634,25100.0,257.97174072265625,274.3461608886719,176.28906445601967,25500.0,257.6109619140625,274.710693359375,175.56320581324562,25400.0,0.0,0.0,0.0,,0.0,0.0,0.0,,46.0,2475.0,53.76807877731049,25100.0,999900,2005.10694856445,0.6850565795898438,0.0,0.0
tvc500,3,500.0,/home/users/am1015/rl_runs_td3_tvcap_20260722_walker_v5_full30/Walker2d-v5__td3_tvcap_tvc500__3__1784856047/events.out.tfevents.1784856050.compsci-cluster-fitz-21.2253969.0,3935.700927734375,4128.13427734375,825.1139109285132,27.0,1000.0,1000.0,260.6762252346194,27.0,3960.8646240234375,4040.412841796875,3964.0560302734375,0.0,253.00831604003906,271.4945068359375,184.02057901564677,25400.0,252.99415588378906,271.0023193359375,184.01963093349283,25400.0,16.708330154418945,156.12640380859375,16.091200576670808,25100.0,-255.86611938476562,-0.30421799421310425,-186.99130915943104,,252.87271118164062,270.56451416015625,184.60440722615266,25400.0,336.42681884765625,345.99932861328125,253.82934335109846,25100.0,341.9599304199219,352.2749328613281,262.75669775301003,25100.0,252.87271118164062,270.56451416015625,184.60440722615266,25400.0,252.97357177734375,271.05889892578125,184.02733788484548,25400.0,0.0,0.0,0.0,,0.0,0.0,0.0,,44.0,2343.0,51.31798133141861,25100.0,999953,1971.913542593901,0.6728536376953125,0.0,0.0
tvc500,4,500.0,/home/users/am1015/rl_runs_td3_tvcap_20260722_walker_v5_full30/Walker2d-v5__td3_tvcap_tvc500__4__1784856226/events.out.tfevents.1784856229.compsci-cluster-fitz-20.1485554.0,3623.5986328125,3941.53076171875,812.2828511900968,21.0,1000.0,1000.0,266.1981358189081,21.0,3834.867919921875,4061.58447265625,3551.5049682617187,0.0,268.85980224609375,287.4598083496094,191.12157821110867,25300.0,268.8685302734375,287.5426025390625,191.12443859988406,25200.0,11.087722778320312,82.55863189697266,13.403418580816227,25100.0,-271.24041748046875,-0.40911540389060974,-193.75376519219046,,269.0199890136719,287.54449462890625,191.72826124959903,25400.0,354.318115234375,361.50213623046875,258.6070708201224,25100.0,359.939208984375,370.9862976074219,267.52160356128746,25100.0,269.0199890136719,287.54449462890625,191.72826124959903,25400.0,268.918212890625,287.7834167480469,191.12400877182995,25300.0,0.0,0.0,0.0,,0.0,0.0,0.0,,46.0,2472.0,53.10647245871371,25100.0,999900,1932.4751708503718,0.70863623046875,0.0,0.0
tvc500,5,500.0,/home/users/am1015/rl_runs_td3_tvcap_20260722_walker_v5_full30/Walker2d-v5__td3_tvcap_tvc500__5__1784856226/events.out.tfevents.1784856229.compsci-cluster-fitz-22.529817.0,3611.024658203125,3812.646728515625,898.9066580153053,26.0,1000.0,1000.0,313.3173408592035,26.0,3706.850341796875,3753.94921875,3435.146276855469,0.0,258.65533447265625,273.1772766113281,184.30209011146152,25100.0,258.6033630371094,272.91619873046875,184.29906071146996,25100.0,17.22136688232422,608.3419189453125,23.766537483894684,25100.0,-260.922607421875,-0.4120614230632782,-187.16817823147173,,258.869873046875,275.23321533203125,184.95699907222365,25200.0,323.501953125,331.01788330078125,244.50936990958908,25100.0,330.1449890136719,337.60601806640625,252.27011969736606,25100.0,258.869873046875,275.23321533203125,184.95699907222365,25200.0,258.61712646484375,274.0433349609375,184.30326489367968,25100.0,0.0,0.0,0.0,,0.0,0.0,0.0,,45.0,2314.0,53.06831469894348,25100.0,999900,2324.4921081142547,0.64700390625,0.0,0.0
tvc500,6,500.0,/home/users/am1015/rl_runs_td3_tvcap_20260722_walker_v5_full30/Walker2d-v5__td3_tvcap_tvc500__6__1784863531/events.out.tfevents.1784863534.compsci-cluster-fitz-24.3433100.0,4246.126953125,4432.126953125,764.177048746256,17.0,1000.0,1000.0,238.70909959398136,17.0,4312.2431640625,4390.22216796875,4314.6044921875,0.0,266.2011413574219,285.720947265625,175.64481766003337,25200.0,266.1773376464844,286.292724609375,175.64554930899698,25200.0,34.2867317199707,202.43634033203125,23.781147565456514,25100.0,-269.55133056640625,-0.33034729957580566,-178.75685091407644,,266.52947998046875,285.9178466796875,176.24687095422973,25400.0,359.679931640625,368.5810546875,241.7945891432254,25100.0,367.23602294921875,377.8289489746094,249.06580399367942,25100.0,266.52947998046875,285.9178466796875,176.24687095422973,25400.0,266.25225830078125,285.9289245605469,175.64808823199115,25200.0,0.0,0.0,0.0,,0.0,0.0,0.0,,46.0,2404.0,52.22340752897733,25100.0,999900,2119.567833488186,0.71935986328125,0.0,0.0
tvc500,7,500.0,/home/users/am1015/rl_runs_td3_tvcap_20260722_walker_v5_full30/Walker2d-v5__td3_tvcap_tvc500__7__1784868885/events.out.tfevents.1784868888.linux45.488385.0,3646.906494140625,3800.406494140625,742.7148259211789,59.0,1000.0,1000.0,245.66838741396265,11.0,3688.64306640625,3776.452880859375,3688.1137451171876,0.0,241.8690643310547,259.34234619140625,183.89636932793996,25100.0,241.81182861328125,259.5205078125,183.89226543976412,25100.0,12.907663345336914,63.73465347290039,14.050382215504078,25100.0,-244.00338745117188,-0.5818975567817688,-186.57815068357968,,242.03680419921875,261.18548583984375,184.51997628175957,25100.0,314.08282470703125,327.5973815917969,247.3661765991596,25100.0,321.21380615234375,334.46612548828125,256.3357445562677,25100.0,242.03680419921875,261.18548583984375,184.51997628175957,25100.0,241.80825805664062,259.96142578125,183.9014397038443,25100.0,0.0,0.0,0.0,,0.0,0.0,0.0,,49.0,1952.0,57.278490101548876,25100.0,999900,1421.5337221106656,0.6281656494140625,0.0,0.0
tvc500,8,500.0,/home/users/am1015/rl_runs_td3_tvcap_20260722_walker_v5_full30/Walker2d-v5__td3_tvcap_tvc500__8__1784869666/events.out.tfevents.1784869669.gpu-compute4.1253408.0,3128.320068359375,3225.06884765625,849.9961032734941,51.0,1000.0,1000.0,325.2514638906962,13.0,3098.355712890625,3172.070556640625,3096.062841796875,0.0,245.52577209472656,261.222900390625,176.76488017875207,25100.0,245.54898071289062,261.3185729980469,176.76124572479716,25100.0,8.42609977722168,99.01294708251953,12.523400598274694,25100.0,-247.4007568359375,-0.41550636291503906,-179.09840609172832,,246.0418701171875,261.16278076171875,177.3578940167096,25200.0,299.7254943847656,303.802978515625,234.25305930230297,25100.0,303.1632385253906,308.66748046875,239.34435332627257,25100.0,246.0418701171875,261.16278076171875,177.3578940167096,25200.0,245.62197875976562,261.26318359375,176.77110932946061,25100.0,0.0,0.0,0.0,,0.0,0.0,0.0,,49.0,1925.0,56.476766847881834,25100.0,999900,2076.935274526859,0.5994509887695313,0.0,0.0
tvc500,9,500.0,/home/users/am1015/rl_runs_td3_tvcap_20260722_walker_v5_full30/Walker2d-v5__td3_tvcap_tvc500__9__1784870131/events.out.tfevents.1784870133.gpu-compute5.753970.0,4249.64697265625,4391.001953125,910.5298974904318,27.0,1000.0,1000.0,277.76598110061144,27.0,4318.140625,4357.091796875,4220.132885742188,0.0,306.7664794921875,331.840576171875,202.91544704897436,25300.0,306.67352294921875,332.1684265136719,202.91689818002055,25300.0,16.791847229003906,69.91619110107422,16.437433492994142,25100.0,-309.4717712402344,-0.41458794474601746,-205.73728943782984,,307.44464111328125,332.6510009765625,203.68758946672082,25400.0,395.97991943359375,402.9650573730469,272.7799200742966,25100.0,399.9358825683594,407.4246826171875,279.78925869709036,25100.0,307.44464111328125,332.6510009765625,203.68758946672082,25400.0,306.781982421875,331.94677734375,202.92453036436055,25300.0,0.0,0.0,0.0,,0.0,0.0,0.0,,46.0,1904.0,53.77013026977126,25100.0,999900,2408.512500385443,0.7919598388671875,0.0,0.0
tvc500,10,500.0,/home/users/am1015/rl_runs_td3_tvcap_20260722_walker_v5_full30/Walker2d-v5__td3_tvcap_tvc500__10__1784871811/events.out.tfevents.1784871814.gpu-compute5.754527.0,1012.2593994140625,1831.3843994140625,547.5377187338139,25.0,291.0,1000.0,185.88880624767572,25.0,1178.4605712890625,1737.256103515625,1264.2462585449218,0.0,210.1767578125,229.80953979492188,167.71646122751798,25200.0,210.16287231445312,230.1673583984375,167.71381327613665,25200.0,9.84500789642334,57.90081787109375,11.461319615294649,25100.0,-212.21246337890625,-0.373712420463562,-170.24216712788566,,210.34925842285156,229.58450317382812,168.41761102170216,25300.0,287.7164001464844,295.7710876464844,235.59194240843422,25100.0,296.51739501953125,312.9709167480469,245.27374987267373,25100.0,210.34925842285156,229.58450317382812,168.41761102170216,25300.0,210.16574096679688,230.20736694335938,167.71988569453768,25200.0,0.0,0.0,0.0,,0.0,0.0,0.0,,49.0,1859.0,56.312134577905425,25100.0,999900,752.2754657169183,0.5754328002929687,0.0,0.0
tvc500,11,500.0,/home/users/am1015/rl_runs_td3_tvcap_20260722_walker_v5_full30/Walker2d-v5__td3_tvcap_tvc500__11__1784877872/events.out.tfevents.1784877875.linux51.232814.0,4549.4033203125,4694.97021484375,1113.5350975761264,91.0,1000.0,1000.0,315.2615967182076,15.0,4561.02294921875,4775.4794921875,4565.029638671875,0.0,348.9909362792969,368.6009521484375,245.46115067829788,25400.0,348.941162109375,368.66754150390625,245.4582410080983,25400.0,16.75478744506836,78.27326965332031,19.90488713524845,25100.0,-351.5783996582031,-0.03985384479165077,-248.6131075140773,,349.5462951660156,368.12567138671875,246.35210853089356,25500.0,432.94671630859375,442.94464111328125,319.8913011423352,25100.0,439.3665771484375,450.88958740234375,325.8482159319285,25100.0,349.5462951660156,368.12567138671875,246.35210853089356,25500.0,348.9913330078125,368.09759521484375,245.46271885873486,25400.0,0.0,0.0,0.0,,0.0,0.0,0.0,,51.0,2418.0,58.888809108626525,25100.0,999900,3141.5268014172716,0.8658934326171875,0.0,0.0
tvc500,12,500.0,/home/users/am1015/rl_runs_td3_tvcap_20260722_walker_v5_full30/Walker2d-v5__td3_tvcap_tvc500__12__1784966483/events.out.tfevents.1784966486.gpu-compute4.1454578.0,3885.603759765625,4072.04443359375,1162.7800517497133,20.0,1000.0,1000.0,354.42532813054277,20.0,3943.002197265625,3959.169189453125,3945.6956787109375,0.0,313.6082763671875,331.1953430175781,233.71939601144666,25200.0,313.6051330566406,330.77203369140625,233.71992261261084,25200.0,9.449662208557129,61.537200927734375,13.714060913071728,25100.0,-315.4549865722656,-0.36119315028190613,-236.3559471572475,,314.146484375,330.5805358886719,234.37232311353347,25400.0,381.9312438964844,387.85302734375,303.6869579690189,25100.0,385.5694580078125,393.00579833984375,310.5500170039356,25100.0,314.146484375,330.5805358886719,234.37232311353347,25400.0,313.70538330078125,330.6925048828125,233.73083037518845,25200.0,0.0,0.0,0.0,,0.0,0.0,0.0,,50.0,1909.0,57.428249051184736,25100.0,999900,2924.852297088657,0.7638624877929687,0.0,0.0
tvc500,13,500.0,/home/users/am1015/rl_runs_td3_tvcap_20260722_walker_v5_full30/Walker2d-v5__td3_tvcap_tvc500__13__1784878113/events.out.tfevents.1784878115.linux60.794982.0,4950.412109375,5153.16552734375,1142.4981522642329,38.0,1000.0,1000.0,305.7610890180483,38.0,4907.289306640625,5061.34423828125,4903.14853515625,0.0,332.67510986328125,360.1627197265625,219.65396705012722,25200.0,332.9065856933594,359.02734375,219.65455431354,25300.0,43.05902862548828,797.17041015625,36.124402792220415,25100.0,-336.26251220703125,-0.19759371876716614,-223.0413830137391,,333.0985107421875,358.85107421875,220.1935951889856,25400.0,475.24554443359375,483.2034912109375,321.1444377465601,25100.0,482.33203125,489.3251037597656,333.0308877047404,25100.0,333.0985107421875,358.85107421875,220.1935951889856,25400.0,332.86541748046875,358.3427734375,219.66244358334828,25400.0,0.0,0.0,0.0,,0.0,0.0,0.0,,51.0,2485.0,59.077956713509074,25100.0,999900,3050.348163593656,0.9504910888671875,0.0,0.0
tvc500,14,500.0,/home/users/am1015/rl_runs_td3_tvcap_20260722_walker_v5_full30/Walker2d-v5__td3_tvcap_tvc500__14__1784878216/events.out.tfevents.1784878221.linux44.248313.0,3978.369873046875,4153.59521484375,983.9124427165233,15.0,1000.0,1000.0,308.8244204018547,15.0,3849.20703125,3909.767578125,3852.3214599609373,0.0,282.1195068359375,298.24639892578125,201.02209174874721,25400.0,282.04571533203125,298.43316650390625,201.02000667210493,25200.0,20.662704467773438,84.67955017089844,21.778066421388672,25100.0,-284.71246337890625,-0.26242542266845703,-203.96318895700762,,282.48089599609375,298.37213134765625,201.66242294354888,25400.0,367.7042541503906,374.41241455078125,270.8612245612946,25100.0,373.9081726074219,381.161865234375,278.97354263257085,25100.0,282.48089599609375,298.37213134765625,201.66242294354888,25400.0,282.16741943359375,298.43572998046875,201.0236225858033,25300.0,0.0,0.0,0.0,,0.0,0.0,0.0,,49.0,1743.0,55.93322392040209,25100.0,999900,2596.321249292256,0.7354085083007813,0.0,0.0
tvc500,15,500.0,/home/users/am1015/rl_runs_td3_tvcap_20260722_walker_v5_full30/Walker2d-v5__td3_tvcap_tvc500__15__1784878219/events.out.tfevents.1784878222.gpu-compute6.244682.0,3682.378662109375,3854.65771484375,784.3935532940714,20.0,1000.0,1000.0,268.2128287707998,20.0,3739.3319091796875,3768.322998046875,3730.9566162109377,0.0,239.40597534179688,255.16151428222656,165.17532199301596,25400.0,239.44647216796875,255.23748779296875,165.1784979275062,25400.0,21.68914222717285,88.23011779785156,20.935404193464844,25100.0,-241.98043823242188,-0.2897684872150421,-168.02849550890807,,239.51361083984375,256.7650451660156,165.69019506909206,25500.0,311.687744140625,324.1976318359375,223.24685528574662,25100.0,322.089599609375,335.1461486816406,232.23719234310158,25100.0,239.51361083984375,256.7650451660156,165.69019506909206,25500.0,239.4034881591797,255.85299682617188,165.1761791275638,25400.0,0.0,0.0,0.0,,0.0,0.0,0.0,,46.0,1808.0,52.752795158477795,25100.0,999900,1970.9230865996617,0.62337548828125,0.0,0.0
tvc500,16,500.0,/home/users/am1015/rl_runs_td3_tvcap_20260722_walker_v5_full30/Walker2d-v5__td3_tvcap_tvc500__16__1784878219/events.out.tfevents.1784878222.gpu-compute6.244677.0,4692.30712890625,5149.494140625,1173.0669189507491,14.0,1000.0,1000.0,308.8958590852905,14.0,4649.3876953125,4709.7109375,4644.955029296875,0.0,322.769775390625,344.4893798828125,229.89624905816814,25300.0,322.76953125,344.64385986328125,229.89462680503357,25300.0,46.3697509765625,323.39154052734375,42.81925368390947,25100.0,-325.90509033203125,-0.44866883754730225,-233.4878290560395,,322.604736328125,344.6404113769531,230.42747349640103,25400.0,429.9998474121094,437.0321960449219,318.91913862859013,25100.0,439.5355529785156,448.6748046875,330.3249708697733,25100.0,322.604736328125,344.6404113769531,230.42747349640103,25400.0,322.7079772949219,344.3843078613281,229.9058487433793,25300.0,0.0,0.0,0.0,,0.0,0.0,0.0,,46.0,1854.0,53.28536260129244,25100.0,999900,2883.1513868371644,0.8599996948242188,0.0,0.0
tvc500,17,500.0,/home/users/am1015/rl_runs_td3_tvcap_20260722_walker_v5_full30/Walker2d-v5__td3_tvcap_tvc500__17__1784878219/events.out.tfevents.1784878222.gpu-compute6.244687.0,3493.5833740234375,3693.625,701.8540064936196,27.0,1000.0,1000.0,257.23712667353243,7.0,3536.3831787109375,3605.006103515625,3547.5105224609374,0.0,224.56370544433594,244.9766082763672,167.10368353401344,25500.0,224.5070037841797,244.337158203125,167.10447006938043,25500.0,13.549029350280762,179.25213623046875,12.302541577837943,25100.0,-226.71524047851562,-0.3633725643157959,-169.4845619558163,,224.67637634277344,244.7975311279297,167.7267112474675,25500.0,300.0867004394531,318.0364685058594,223.54197053448112,25100.0,308.339111328125,324.6534423828125,231.62680789686917,25100.0,224.67637634277344,244.7975311279297,167.7267112474675,25500.0,224.48281860351562,244.44198608398438,167.10104322072254,25500.0,0.0,0.0,0.0,,0.0,0.0,0.0,,47.0,1900.0,54.94594317365884,25100.0,999900,1539.712948059711,0.6001734008789062,0.0,0.0
tvc500,18,500.0,/home/users/am1015/rl_runs_td3_tvcap_20260722_walker_v5_full30/Walker2d-v5__td3_tvcap_tvc500__18__1784878218/events.out.tfevents.1784878221.compsci-cluster-fitz-07.4026336.0,4795.921630859375,4956.78857421875,1048.2832907276968,66.0,1000.0,1000.0,302.0030202355784,24.0,4763.110107421875,4778.90087890625,4761.203125,0.0,317.1077575683594,340.6182556152344,199.73187080960912,25400.0,317.127685546875,341.010498046875,199.73795259444844,25400.0,29.1654052734375,99.16139221191406,26.949770847142297,25100.0,-320.3418884277344,-0.10253925621509552,-202.8411063288041,,317.5568542480469,340.9150390625,200.34694999106574,25500.0,433.3009948730469,439.6396484375,286.12830982470535,25200.0,439.4772033691406,445.013427734375,295.30279066001333,25100.0,317.5568542480469,340.9150390625,200.34694999106574,25500.0,317.0025329589844,341.1689453125,199.73427471735866,25400.0,0.0,0.0,0.0,,0.0,0.0,0.0,,48.0,2534.0,55.87208944507129,25100.0,999931,2934.5526631443927,0.8666019897460937,0.0,0.0
tvc500,19,500.0,/home/users/am1015/rl_runs_td3_tvcap_20260722_walker_v5_full30/Walker2d-v5__td3_tvcap_tvc500__19__1784878218/events.out.tfevents.1784878221.compsci-cluster-fitz-07.4026328.0,3417.033935546875,3526.2353515625,780.4530853280665,57.0,1000.0,1000.0,281.22769490571346,27.0,3451.93408203125,3459.569091796875,3452.0166748046877,0.0,246.18545532226562,263.1542663574219,172.219776710789,25100.0,246.15318298339844,263.22930908203125,172.21969556192533,25100.0,10.943493843078613,55.536869049072266,13.19164583911048,25100.0,-248.46173095703125,-0.1560342162847519,-174.86995422994036,,246.64901733398438,263.19189453125,172.84575083043478,25300.0,317.5394592285156,323.79071044921875,227.95521255599766,25100.0,320.75054931640625,326.7292785644531,234.09403541769746,25100.0,246.64901733398438,263.19189453125,172.84575083043478,25300.0,246.2439422607422,263.07135009765625,172.21845512187528,25100.0,0.0,0.0,0.0,,0.0,0.0,0.0,,48.0,2387.0,56.7112524361473,25100.0,999900,2041.2768152157466,0.6350789184570312,0.0,0.0
tvc500,20,500.0,/home/users/am1015/rl_runs_td3_tvcap_20260722_walker_v5_full30/Walker2d-v5__td3_tvcap_tvc500__20__1784878218/events.out.tfevents.1784878221.compsci-cluster-fitz-07.4026330.0,3778.5126953125,4241.720703125,657.0861391924916,47.0,968.0,1000.0,216.96615317856367,19.0,3940.59326171875,4062.58984375,3680.8778564453123,0.0,236.60049438476562,255.78224182128906,169.90633876010943,25100.0,236.5898895263672,255.97401428222656,169.91254800572918,25100.0,17.445589065551758,111.76380920410156,16.20084883812278,25100.0,-239.2646484375,-0.6860982775688171,-172.59794668229816,,236.98370361328125,257.4784240722656,170.6032299287262,25100.0,313.1968078613281,329.20062255859375,233.27941270244588,25100.0,320.76910400390625,338.3512268066406,246.34281746876988,25100.0,236.98370361328125,257.4784240722656,170.6032299287262,25100.0,236.63011169433594,256.126220703125,169.91695930904694,25100.0,0.0,0.0,0.0,,0.0,0.0,0.0,,44.0,2369.0,51.24258898348548,25100.0,999996,1185.809521303727,0.6263936157226563,0.0,0.0
tvc500,21,500.0,/home/users/am1015/rl_runs_td3_tvcap_20260722_walker_v5_full30/Walker2d-v5__td3_tvcap_tvc500__21__1784878219/events.out.tfevents.1784878222.compsci-cluster-fitz-08.3964018.0,4923.8857421875,5303.568359375,1049.442225978632,68.0,1000.0,1000.0,276.6151079136691,23.0,5092.4697265625,5190.31396484375,5039.714404296875,0.0,316.2371826171875,339.0741882324219,212.61258559906278,25500.0,316.1971740722656,338.95159912109375,212.6122852295835,25500.0,55.062252044677734,611.3216552734375,47.76487345019341,25100.0,-319.723876953125,-0.3044643998146057,-216.2809992765742,,316.39923095703125,338.8678894042969,213.17782885409378,25500.0,442.21484375,456.1129455566406,311.78464154657314,25100.0,456.5267028808594,469.33380126953125,327.46688552517344,25100.0,316.39923095703125,338.8678894042969,213.17782885409378,25500.0,316.22662353515625,339.47869873046875,212.62005328610104,25500.0,0.0,0.0,0.0,,0.0,0.0,0.0,,45.0,2240.0,52.16278592676172,25100.0,999900,2696.5165364631475,0.8844296875,0.0,0.0
tvc500,22,500.0,/home/users/am1015/rl_runs_td3_tvcap_20260722_walker_v5_full30/Walker2d-v5__td3_tvcap_tvc500__22__1784878219/events.out.tfevents.1784878222.compsci-cluster-fitz-08.3964010.0,3914.60009765625,4139.29931640625,1030.3131483304664,32.0,1000.0,1000.0,314.6582677165354,32.0,3861.224853515625,4033.94873046875,3527.6822662353516,0.0,309.7862548828125,330.3037109375,216.9707818620074,25500.0,309.68017578125,330.174560546875,216.97890134883917,25500.0,17.334163665771484,54.45024871826172,18.452041485719324,25100.0,-312.3064880371094,-0.2551424205303192,-219.85114937327694,,310.2364807128906,331.93115234375,217.66386413652324,25500.0,385.97021484375,391.7171936035156,288.51856696995367,25100.0,391.1811828613281,397.4821472167969,295.86025182360964,25100.0,310.2364807128906,331.93115234375,217.66386413652324,25500.0,309.76318359375,331.30352783203125,216.9793739186099,25500.0,0.0,0.0,0.0,,0.0,0.0,0.0,,45.0,2240.0,52.23274181967381,25100.0,999900,2770.064362071263,0.7719404296875,0.0,0.0
tvc500,23,500.0,/home/users/am1015/rl_runs_td3_tvcap_20260722_walker_v5_full30/Walker2d-v5__td3_tvcap_tvc500__23__1784878219/events.out.tfevents.1784878222.compsci-cluster-fitz-08.3964014.0,4122.32421875,4230.865234375,977.1461828111118,24.0,1000.0,1000.0,301.25346594333934,24.0,4138.695068359375,4174.78955078125,4134.93876953125,0.0,299.50177001953125,316.7958679199219,205.8263340699462,25700.0,299.49652099609375,316.93316650390625,205.82330450404453,25700.0,17.194917678833008,128.2282257080078,18.045497765333753,25100.0,-301.9425964355469,0.12302187830209732,-208.72919101036794,25100.0,299.8733825683594,319.0156555175781,206.49079022947853,25600.0,383.99859619140625,392.4081726074219,278.05304673546044,25200.0,392.3074951171875,400.8868713378906,288.2836787876801,25200.0,299.8733825683594,319.0156555175781,206.49079022947853,25600.0,299.39398193359375,317.65008544921875,205.824025688379,25700.0,0.0,0.0,0.0,,0.0,0.0,0.0,,45.0,2240.0,51.4809724074264,25100.0,999900,2659.6327253306904,0.7679971923828125,0.0,0.0
tvc500,24,500.0,/home/users/am1015/rl_runs_td3_tvcap_20260722_walker_v5_full30/Walker2d-v5__td3_tvcap_tvc500__24__1784878354/events.out.tfevents.1784878357.compsci-cluster-fitz-22.562579.0,859.6055297851562,2751.205078125,510.615508731075,12.0,268.0,1000.0,184.5653377630122,12.0,978.8516845703125,1145.7603759765625,1001.579052734375,0.0,194.1668243408203,208.75286865234375,159.2043059952626,25300.0,194.09393310546875,208.796630859375,159.20699142795203,25300.0,7.031789779663086,57.60753631591797,9.681250368279624,25100.0,-195.81097412109375,-0.3174290657043457,-161.46590826501966,,194.40548706054688,207.9656524658203,159.85490082386937,25400.0,253.5548553466797,259.8251953125,215.31190409660888,25100.0,257.87445068359375,263.3687438964844,219.93802137326622,25100.0,194.40548706054688,207.9656524658203,159.85490082386937,25400.0,194.17626953125,208.6192169189453,159.2086348306544,25300.0,0.0,0.0,0.0,,0.0,0.0,0.0,,46.0,2478.0,53.9375320545697,25100.0,999974,684.9063845815567,0.5071097106933594,0.0,0.0
tvc500,25,500.0,/home/users/am1015/rl_runs_td3_tvcap_20260722_walker_v5_full30/Walker2d-v5__td3_tvcap_tvc500__25__1784878503/events.out.tfevents.1784878505.compsci-cluster-fitz-21.2321771.0,3806.138916015625,3892.869873046875,971.4317031672758,51.0,1000.0,1000.0,312.3903125,18.0,3869.094970703125,3901.351318359375,3875.25234375,0.0,293.82281494140625,313.62884521484375,201.39918267160013,25300.0,293.8196716308594,314.407470703125,201.3970382471475,25200.0,17.099557876586914,125.56520080566406,19.046334593430434,25100.0,-296.30218505859375,-0.3268601596355438,-204.40362245167557,,294.11474609375,314.3261413574219,202.02560715210865,25400.0,370.23760986328125,373.9983215332031,271.81906059908613,25100.0,373.1054992675781,378.6387634277344,277.3594719645491,25100.0,294.11474609375,314.3261413574219,202.02560715210865,25400.0,293.7775573730469,314.4425048828125,201.40036570390248,25300.0,0.0,0.0,0.0,,0.0,0.0,0.0,,44.0,2569.0,51.558826546312446,25100.0,999900,2639.496159327336,0.7404752197265625,0.0,0.0
tvc500,26,500.0,/home/users/am1015/rl_runs_td3_tvcap_20260722_walker_v5_full30/Walker2d-v5__td3_tvcap_tvc500__26__1784885074/events.out.tfevents.1784885078.compsci-cluster-fitz-17.808700.0,3848.1312255859375,4171.13330078125,652.4370799339478,20.0,1000.0,1000.0,223.77138378862517,20.0,3974.74951171875,4047.65869140625,3967.405224609375,0.0,220.79269409179688,250.289794921875,157.77440376614382,25300.0,220.72991943359375,249.64703369140625,157.77182231835658,25200.0,16.380386352539062,71.56990051269531,11.8333867939665,25100.0,-223.87840270996094,-0.19223946332931519,-160.38618127195417,,220.9300537109375,250.24525451660156,158.26847883583613,25300.0,325.4355163574219,345.8536682128906,224.8174076530307,25100.0,335.8456726074219,357.3545837402344,232.8228757893725,25100.0,220.9300537109375,250.24525451660156,158.26847883583613,25300.0,220.729248046875,249.9617156982422,157.76664013892895,25200.0,0.0,0.0,0.0,,0.0,0.0,0.0,,43.0,2479.0,50.340752897733104,25100.0,999900,1353.8874078217225,0.6508710327148437,0.0,0.0
tvc500,27,500.0,/home/users/am1015/rl_runs_td3_tvcap_20260722_walker_v5_full30/Walker2d-v5__td3_tvcap_tvc500__27__1784897559/events.out.tfevents.1784897561.linux51.256981.0,3917.154052734375,4025.298095703125,888.8582691865001,17.0,1000.0,1000.0,288.7267475447718,17.0,3824.2677001953125,3898.737060546875,3829.30048828125,0.0,295.2279968261719,315.20452880859375,208.1793960874481,25100.0,295.3016052246094,314.73046875,208.1809523888004,25200.0,18.095020294189453,419.73175048828125,21.464079677193123,25100.0,-297.94000244140625,-0.48298588395118713,-211.26609864171888,,295.776611328125,315.970458984375,208.9352756924222,25300.0,374.398681640625,381.4844665527344,278.2840227699149,25100.0,377.7356872558594,410.7102966308594,285.1842401477114,25100.0,295.776611328125,315.970458984375,208.9352707809359,25300.0,295.3412780761719,315.83489990234375,208.18318680937196,25200.0,0.0,0.00390625,1.2020463637296133e-06,,0.0,0.029949665069580078,4.9117675548040485e-06,603300.0,51.0,2401.0,59.22792081239101,25100.0,999900,2575.8637918715294,0.74879736328125,0.0,0.0
tvc500,28,500.0,/home/users/am1015/rl_runs_td3_tvcap_20260722_walker_v5_full30/Walker2d-v5__td3_tvcap_tvc500__28__1784897739/events.out.tfevents.1784897742.linux60.813355.0,3482.94921875,3569.075927734375,754.0645524230071,45.0,1000.0,1000.0,275.25881057268725,45.0,3550.228515625,3572.7763671875,3550.4248046875,0.0,237.73883056640625,252.62640380859375,167.73742041667103,25600.0,237.7565460205078,252.56619262695312,167.73579822330544,25600.0,15.440194129943848,97.56832885742188,15.854532346662094,25100.0,-240.6849822998047,0.028248421847820282,-170.64618019260377,25100.0,238.00283813476562,254.05313110351562,168.37176425607754,25600.0,300.59832763671875,305.4586181640625,220.89473502861017,25200.0,305.8891296386719,313.7757873535156,226.53126584921796,25100.0,238.00283813476562,254.05313110351562,168.37176425607754,25600.0,237.73342895507812,251.35504150390625,167.73421706427078,25600.0,0.0,0.0,0.0,,0.0,0.0,0.0,,50.0,2447.0,58.822751051389886,25100.0,999900,2084.068548910129,0.6011966552734375,0.0,0.0
tvc500,29,500.0,/home/users/am1015/rl_runs_td3_tvcap_20260722_walker_v5_full30/Walker2d-v5__td3_tvcap_tvc500__29__1784898700/events.out.tfevents.1784898702.gpu-compute5.788910.0,3933.0191650390625,4115.771484375,738.2051758261009,74.0,1000.0,1000.0,245.1101299975472,10.0,3984.6505126953125,4101.9716796875,3781.3207885742186,0.0,256.6836242675781,274.4495544433594,170.13643179405142,25300.0,256.6311340332031,273.975830078125,170.13936016499125,25400.0,17.130046844482422,252.24337768554688,13.5785361932997,25100.0,-259.5104064941406,-0.3167964816093445,-172.80757539532638,,256.87664794921875,273.98907470703125,170.7556619008764,25400.0,342.2123107910156,351.3401184082031,227.93224692528082,25100.0,347.5487365722656,359.72003173828125,234.74064738351035,25100.0,256.87664794921875,273.98907470703125,170.7556619008764,25400.0,256.61114501953125,273.60223388671875,170.1431958679267,25300.0,0.0,0.0,0.0,,0.0,0.0,0.0,,47.0,1923.0,55.01754026053954,25100.0,999900,1892.6115223532306,0.6844246215820312,0.0,0.0
tvc500,30,500.0,/home/users/am1015/rl_runs_td3_tvcap_20260722_walker_v5_full30/Walker2d-v5__td3_tvcap_tvc500__30__1784898790/events.out.tfevents.1784898792.linux44.267108.0,4470.62939453125,4914.06494140625,943.9904063235912,12.0,1000.0,1000.0,275.1594602038006,12.0,4531.8369140625,4699.11962890625,4426.748095703125,0.0,272.7227478027344,291.0916748046875,195.2440657901008,25400.0,272.68463134765625,291.71588134765625,195.23851600621904,25100.0,36.3974609375,234.6905517578125,29.363514424718865,25100.0,-275.863037109375,-0.3401024639606476,-198.4354155105418,,272.7720947265625,291.2747802734375,195.80284175418026,25400.0,352.3141784667969,367.6722717285156,270.57402593436814,25100.0,363.2492370605469,383.5491943359375,282.68265773186147,25100.0,272.7720947265625,291.2747802734375,195.80284175418026,25400.0,272.7603454589844,291.07012939453125,195.24304009673904,25100.0,0.0,0.0,0.0,,0.0,0.0,0.0,,49.0,1919.0,55.93148015181044,25100.0,999900,2344.79199671516,0.7046283569335937,0.0,0.0
vanilla,1,,/home/users/am1015/rl_runs_td3_tvcap_20260722_walker_v5_full30/Walker2d-v5__td3_tvcap_vanilla__1__1784776681/events.out.tfevents.1784776684.compsci-cluster-fitz-12.1049538.0,4017.654541015625,4136.06787109375,1004.9177121098747,16.0,1000.0,1000.0,295.93426117856086,16.0,4036.6165771484375,4126.50341796875,4028.1790771484375,0.0,301.8809509277344,318.6308898925781,214.1085665789461,25300.0,301.98431396484375,318.4933776855469,214.10908342711187,25300.0,20.24835968017578,86.22355651855469,23.312298553182348,25100.0,-304.529296875,-0.45423179864883423,-217.30638051794205,,302.030517578125,319.5578918457031,214.70001402347845,25400.0,380.51556396484375,386.2353515625,290.052526260873,25100.0,387.3014221191406,395.63134765625,299.7286303018451,25100.0,302.030517578125,319.5578918457031,214.70001402347845,25400.0,301.9653625488281,318.95770263671875,214.10652198228198,25300.0,,,,,,,,,47.0,2587.0,54.14832290491332,25100.0,999900,2645.7347152959082,,,
vanilla,2,,/home/users/am1015/rl_runs_td3_tvcap_20260722_walker_v5_full30/Walker2d-v5__td3_tvcap_vanilla__2__1784776681/events.out.tfevents.1784776684.compsci-cluster-fitz-12.1049533.0,3700.351318359375,3776.40283203125,711.9724071402364,13.0,1000.0,1000.0,240.252945419572,13.0,3661.026611328125,3678.45703125,3659.21884765625,0.0,257.5314636230469,274.5450439453125,175.56609318071494,25400.0,257.6095886230469,274.51055908203125,175.56585731504146,25400.0,15.039875030517578,61.33860778808594,17.12405315369134,25100.0,-260.38555908203125,-0.26639217138290405,-178.68733375900794,,257.97174072265625,274.3461608886719,176.28906445601967,25500.0,342.5282897949219,350.209228515625,248.53847744317008,25100.0,345.4793395996094,355.09771728515625,255.21605692072634,25100.0,257.97174072265625,274.3461608886719,176.28906445601967,25500.0,257.6109619140625,274.710693359375,175.56320581324562,25400.0,,,,,,,,,48.0,2597.0,55.36896091906862,25100.0,999900,2005.10694856445,,,
vanilla,3,,/home/users/am1015/rl_runs_td3_tvcap_20260722_walker_v5_full30/Walker2d-v5__td3_tvcap_vanilla__3__1784776684/events.out.tfevents.1784776687.compsci-cluster-fitz-09.1354410.0,3935.700927734375,4128.13427734375,825.1139109285132,27.0,1000.0,1000.0,260.6762252346194,27.0,3953.1795654296875,4003.55419921875,3940.302099609375,0.0,253.00831604003906,271.4945068359375,184.02057901564677,25400.0,252.99415588378906,271.0023193359375,184.01963093349283,25400.0,16.708330154418945,156.12640380859375,16.091200576670808,25100.0,-255.86611938476562,-0.30421799421310425,-186.99130915943104,,252.87271118164062,270.56451416015625,184.60440722615266,25400.0,336.42681884765625,345.99932861328125,253.82934335109846,25100.0,341.9599304199219,352.2749328613281,262.75669775301003,25100.0,252.87271118164062,270.56451416015625,184.60440722615266,25400.0,252.97357177734375,271.05889892578125,184.02733788484548,25400.0,,,,,,,,,45.0,2243.0,52.552261770437994,25100.0,999953,1971.913542593901,,,
vanilla,4,,/home/users/am1015/rl_runs_td3_tvcap_20260722_walker_v5_full30/Walker2d-v5__td3_tvcap_vanilla__4__1784776684/events.out.tfevents.1784776687.compsci-cluster-fitz-09.1354408.0,3623.5986328125,3941.53076171875,812.2828511900968,21.0,1000.0,1000.0,266.1981358189081,21.0,3838.5308837890625,3886.943359375,3833.99072265625,0.0,268.85980224609375,287.4598083496094,191.12157821110867,25300.0,268.8685302734375,287.5426025390625,191.12443859988406,25200.0,11.087722778320312,82.55863189697266,13.403418580816227,25100.0,-271.24041748046875,-0.40911540389060974,-193.75376519219046,,269.0199890136719,287.54449462890625,191.72826124959903,25400.0,354.318115234375,361.50213623046875,258.6070708201224,25100.0,359.939208984375,370.9862976074219,267.52160356128746,25100.0,269.0199890136719,287.54449462890625,191.72826124959903,25400.0,268.918212890625,287.7834167480469,191.12400877182995,25300.0,,,,,,,,,46.0,2287.0,53.29664580982665,25100.0,999900,1932.4751708503718,,,
vanilla,5,,/home/users/am1015/rl_runs_td3_tvcap_20260722_walker_v5_full30/Walker2d-v5__td3_tvcap_vanilla__5__1784776684/events.out.tfevents.1784776687.compsci-cluster-fitz-09.1354418.0,3611.024658203125,3812.646728515625,898.9066580153053,26.0,1000.0,1000.0,313.3173408592035,26.0,3702.2982177734375,3742.731201171875,3375.444616699219,0.0,258.65533447265625,273.1772766113281,184.30209011146152,25100.0,258.6033630371094,272.91619873046875,184.29906071146996,25100.0,17.22136688232422,608.3419189453125,23.766537483894684,25100.0,-260.922607421875,-0.4120614230632782,-187.16817823147173,,258.869873046875,275.23321533203125,184.95699907222365,25200.0,323.501953125,331.01788330078125,244.50936990958908,25100.0,330.1449890136719,337.60601806640625,252.27011969736606,25100.0,258.869873046875,275.23321533203125,184.95699907222365,25200.0,258.61712646484375,274.0433349609375,184.30326489367968,25100.0,,,,,,,,,45.0,2287.0,53.01630936506308,25100.0,999900,2324.4921081142547,,,
vanilla,6,,/home/users/am1015/rl_runs_td3_tvcap_20260722_walker_v5_full30/Walker2d-v5__td3_tvcap_vanilla__6__1784776684/events.out.tfevents.1784776687.compsci-cluster-fitz-09.1354421.0,4246.126953125,4432.126953125,764.177048746256,17.0,1000.0,1000.0,238.70909959398136,17.0,4325.685302734375,4399.72265625,3913.2667877197264,0.0,266.2011413574219,285.720947265625,175.64481766003337,25200.0,266.1773376464844,286.292724609375,175.64554930899698,25200.0,34.2867317199707,202.43634033203125,23.781147565456514,25100.0,-269.55133056640625,-0.33034729957580566,-178.75685091407644,,266.52947998046875,285.9178466796875,176.24687095422973,25400.0,359.679931640625,368.5810546875,241.7945891432254,25100.0,367.23602294921875,377.8289489746094,249.06580399367942,25100.0,266.52947998046875,285.9178466796875,176.24687095422973,25400.0,266.25225830078125,285.9289245605469,175.64808823199115,25200.0,,,,,,,,,46.0,2286.0,55.0930351830957,25100.0,999900,2119.567833488186,,,
vanilla,7,,/home/users/am1015/rl_runs_td3_tvcap_20260722_walker_v5_full30/Walker2d-v5__td3_tvcap_vanilla__7__1784776681/events.out.tfevents.1784776684.compsci-cluster-fitz-10.2821804.0,4818.15869140625,5177.39697265625,1375.9477539690429,59.0,1000.0,1000.0,348.7009769713887,11.0,4686.906982421875,4807.8095703125,3301.0619400024416,0.0,378.26446533203125,398.8100280761719,270.0426122769851,25100.0,378.212890625,398.5577087402344,270.03747230523874,25100.0,27.520397186279297,1004.3587036132812,31.10467548768462,25100.0,-381.1168212890625,-0.5818972587585449,-273.4621244246733,,378.6334228515625,398.16265869140625,270.7863225191243,25100.0,486.565185546875,494.96893310546875,369.3714291730995,25100.0,497.7630920410156,509.1086730957031,381.06799631185294,25100.0,378.6334228515625,398.16265869140625,270.7863225191243,25100.0,378.2578125,398.40704345703125,270.05193618652066,25100.0,,,,,,,,,47.0,2490.0,54.25264129654324,25100.0,999900,3647.4191962912296,,,
vanilla,8,,/home/users/am1015/rl_runs_td3_tvcap_20260722_walker_v5_full30/Walker2d-v5__td3_tvcap_vanilla__8__1784776681/events.out.tfevents.1784776684.compsci-cluster-fitz-10.2821808.0,4299.576171875,4533.18310546875,955.3088121658706,51.0,1000.0,1000.0,288.07410611303345,13.0,4439.78369140625,4484.22265625,3578.449181365967,0.0,294.2222595214844,314.13751220703125,199.84003671003373,25100.0,294.2104797363281,313.68682861328125,199.83463744831622,25100.0,25.29889678955078,169.50302124023438,22.017401848092685,25100.0,-296.9364929199219,-0.4155019223690033,-202.80629850903992,,294.57379150390625,313.5268859863281,200.52993752600776,25200.0,388.2319030761719,400.7044677734375,268.6657723507578,25100.0,393.3946228027344,406.37310791015625,274.82743438726783,25100.0,294.57379150390625,313.5268859863281,200.52993752600776,25200.0,294.2662353515625,313.1927490234375,199.84347426474108,25100.0,,,,,,,,,49.0,2621.0,58.625397476664276,25100.0,999900,2719.4901242003994,,,
vanilla,9,,/home/users/am1015/rl_runs_td3_tvcap_20260722_walker_v5_full30/Walker2d-v5__td3_tvcap_vanilla__9__1784776681/events.out.tfevents.1784776684.compsci-cluster-fitz-10.2821798.0,4289.95361328125,4445.10546875,1117.169633023718,27.0,1000.0,1000.0,326.8887798495257,27.0,4235.714599609375,4281.28466796875,4236.218310546875,0.0,328.4886474609375,348.41497802734375,224.34885307871122,25300.0,328.4444274902344,348.65606689453125,224.34192236850234,25300.0,20.63939666748047,151.01129150390625,21.996518236241723,25100.0,-331.20074462890625,-0.4145891070365906,-227.44134514356762,,328.8105773925781,347.8457336425781,225.06798657834503,25400.0,418.4565734863281,427.2499084472656,299.2691954094632,25100.0,424.69659423828125,433.0316162109375,308.3544756735315,25100.0,328.8105773925781,347.8457336425781,225.06798657834503,25400.0,328.38031005859375,347.93487548828125,224.35515789917363,25300.0,,,,,,,,,48.0,2492.0,57.024617909529184,25100.0,999900,2953.1474336614974,,,
vanilla,10,,/home/users/am1015/rl_runs_td3_tvcap_20260722_walker_v5_full30/Walker2d-v5__td3_tvcap_vanilla__10__1784776683/events.out.tfevents.1784776686.compsci-cluster-fitz-16.1758193.0,4484.423828125,4652.12841796875,873.9557700788231,25.0,1000.0,1000.0,263.5027682573161,25.0,4494.50341796875,4509.10498046875,4487.476904296875,0.0,288.9614562988281,314.34674072265625,193.5232015075849,25200.0,289.11614990234375,314.378662109375,193.5244182943866,25200.0,27.27237892150879,392.6785888671875,22.26753506165142,25100.0,-292.50054931640625,-0.3737124800682068,-196.83975377797177,,289.3936462402344,315.90557861328125,194.232562717627,25300.0,401.8490295410156,418.20538330078125,270.804860039341,25100.0,409.5582275390625,426.4888000488281,280.55647435830804,25100.0,289.3936462402344,315.90557861328125,194.232562717627,25300.0,289.203857421875,315.438720703125,193.53440474278148,25200.0,,,,,,,,,48.0,2679.0,56.49440968304442,25100.0,999900,2126.7994614128884,,,
vanilla,11,,/home/users/am1015/rl_runs_td3_tvcap_20260722_walker_v5_full30/Walker2d-v5__td3_tvcap_vanilla__11__1784776684/events.out.tfevents.1784776687.compsci-cluster-fitz-14.1557163.0,4689.8642578125,5045.27490234375,983.5343789337497,91.0,1000.0,1000.0,277.3144758735441,15.0,4687.00390625,4990.54443359375,3605.8841445922853,0.0,318.2410888671875,342.7584228515625,209.58473072806444,25400.0,318.03436279296875,341.9736328125,209.58793623466724,25400.0,36.10411834716797,301.36865234375,28.62785347597,25100.0,-321.3592834472656,-0.03984907269477844,-212.92237921429177,,318.41357421875,341.9144592285156,210.26932296303198,25500.0,441.0202331542969,452.00726318359375,296.03732591503666,25100.0,452.3036804199219,463.7890319824219,306.2615432540922,25100.0,318.41357421875,341.9144592285156,210.26932296303198,25500.0,318.064697265625,342.27166748046875,209.59244135801458,25400.0,,,,,,,,,46.0,2204.0,52.971484254795364,25100.0,999995,2894.5149725301144,,,
vanilla,12,,/home/users/am1015/rl_runs_td3_tvcap_20260722_walker_v5_full30/Walker2d-v5__td3_tvcap_vanilla__12__1784938784/events.out.tfevents.1784938787.gpu-compute5.837965.0,3885.603759765625,4072.04443359375,1162.7800517497133,20.0,1000.0,1000.0,354.42532813054277,20.0,3942.683349609375,3951.42236328125,3943.0572998046873,0.0,313.6082763671875,331.1953430175781,233.71939601144666,25200.0,313.6051330566406,330.77203369140625,233.71992261261084,25200.0,9.449662208557129,61.537200927734375,13.714060913071728,25100.0,-315.4549865722656,-0.36119315028190613,-236.3559471572475,,314.146484375,330.5805358886719,234.37232311353347,25400.0,381.9312438964844,387.85302734375,303.6869579690189,25100.0,385.5694580078125,393.00579833984375,310.5500170039356,25100.0,314.146484375,330.5805358886719,234.37232311353347,25400.0,313.70538330078125,330.6925048828125,233.73083037518845,25200.0,,,,,,,,,49.0,1896.0,58.34065032311006,25100.0,999900,2924.852297088657,,,
vanilla,13,,/home/users/am1015/rl_runs_td3_tvcap_20260722_walker_v5_full30/Walker2d-v5__td3_tvcap_vanilla__13__1784776684/events.out.tfevents.1784776687.compsci-cluster-fitz-14.1557168.0,4659.173828125,4911.72119140625,1274.4835661420937,38.0,1000.0,1000.0,345.4072538860104,38.0,4795.026123046875,4869.79638671875,4782.771044921875,0.0,346.20330810546875,367.4865417480469,237.27146908122305,25200.0,346.22412109375,368.7191467285156,237.2695165693169,25300.0,30.682167053222656,868.74853515625,29.102400452265794,25100.0,-349.07843017578125,-0.19758287072181702,-240.44026738747303,,346.37554931640625,368.4031066894531,237.81395374345485,25400.0,456.0838623046875,466.8313903808594,319.8950005909463,25100.0,465.46051025390625,473.0116271972656,330.62949027584045,25100.0,346.37554931640625,368.4031066894531,237.81395374345485,25400.0,346.2349853515625,368.59869384765625,237.26871325621283,25400.0,,,,,,,,,46.0,2202.0,53.50076930967278,25100.0,999953,3313.6393138090007,,,
vanilla,14,,/home/users/am1015/rl_runs_td3_tvcap_20260722_walker_v5_full30/Walker2d-v5__td3_tvcap_vanilla__14__1784776684/events.out.tfevents.1784776687.compsci-cluster-fitz-14.1557175.0,4884.076904296875,5093.42578125,841.1401905977931,15.0,1000.0,1000.0,256.78397123041356,15.0,5069.5,5157.6357421875,5059.26064453125,0.0,292.79705810546875,320.37933349609375,182.16004740032645,25400.0,292.8343200683594,319.9217529296875,182.16255036160157,25200.0,34.36219024658203,176.86712646484375,20.191956282838152,25100.0,-296.47271728515625,-0.26242542266845703,-185.15810307739625,,293.42816162109375,319.3117370605469,182.80385301911934,25400.0,445.1929931640625,460.8524475097656,258.2515632663828,25100.0,455.8548278808594,469.83514404296875,268.1277896731997,25100.0,293.42816162109375,319.3117370605469,182.80385301911934,25400.0,292.9897766113281,319.64459228515625,182.17798023652531,25300.0,,,,,,,,,47.0,2204.0,54.572674120422604,25100.0,999900,2103.252883265989,,,
vanilla,15,,/home/users/am1015/rl_runs_td3_tvcap_20260722_walker_v5_full30/Walker2d-v5__td3_tvcap_vanilla__15__1784776684/events.out.tfevents.1784776687.compsci-cluster-fitz-15.1653983.0,4391.004638671875,4575.21533203125,1154.9679443007105,20.0,1000.0,1000.0,341.2209699453552,20.0,4388.346435546875,4528.08544921875,3558.5495307922365,0.0,324.06298828125,345.845458984375,220.0777489032609,25400.0,323.97283935546875,346.07244873046875,220.07327781152983,25400.0,18.051597595214844,63.02078628540039,18.629695258176774,25100.0,-326.9083557128906,-0.2897685170173645,-223.02534743135607,,324.4964294433594,345.435302734375,220.7159726249555,25500.0,426.64190673828125,435.9015808105469,298.46516638732925,25100.0,431.8109436035156,446.12042236328125,306.06798366899335,25100.0,324.4964294433594,345.435302734375,220.7159726249555,25500.0,324.0782165527344,345.5254211425781,220.08280264155562,25400.0,,,,,,,,,45.0,2164.0,52.3560365165658,25100.0,999900,3071.445547537162,,,
vanilla,16,,/home/users/am1015/rl_runs_td3_tvcap_20260722_walker_v5_full30/Walker2d-v5__td3_tvcap_vanilla__16__1784776684/events.out.tfevents.1784776687.compsci-cluster-fitz-15.1653979.0,3524.765869140625,4005.022705078125,556.7820619702626,14.0,1000.0,1000.0,203.0637692932575,14.0,3489.1903076171875,3556.711669921875,3203.1186279296876,0.0,221.95550537109375,240.4376220703125,151.76193933902638,25300.0,221.88067626953125,240.55299377441406,151.76397956960787,25300.0,16.611343383789062,59.33411407470703,13.428345984271557,25100.0,-224.94949340820312,-0.44866877794265747,-154.47048871757337,,222.49215698242188,240.87367248535156,152.40668042042043,25400.0,297.94622802734375,306.10833740234375,209.57366089045954,25100.0,305.2904968261719,313.59637451171875,215.77073098750148,25100.0,222.49215698242188,240.87367248535156,152.40668042042043,25400.0,221.9029541015625,240.519775390625,151.76494982425444,25300.0,,,,,,,,,47.0,2231.0,53.39922043286491,25100.0,999900,1431.874305420961,,,
vanilla,17,,/home/users/am1015/rl_runs_td3_tvcap_20260722_walker_v5_full30/Walker2d-v5__td3_tvcap_vanilla__17__1784776684/events.out.tfevents.1784776687.compsci-cluster-fitz-15.1653974.0,4139.96728515625,4346.16162109375,1237.2842696547254,27.0,1000.0,1000.0,357.8492660221984,7.0,4130.777587890625,4192.822265625,4102.904858398438,0.0,340.34027099609375,356.3924865722656,250.02715143859265,25500.0,340.37957763671875,356.1882629394531,250.02757338415773,25500.0,13.748133659362793,99.44845581054688,19.47169360875891,25100.0,-342.66949462890625,-0.3633705973625183,-253.1098101009209,,340.74798583984375,356.864501953125,250.80861428422887,25500.0,408.24609375,413.61041259765625,321.8022179172774,25100.0,413.2434997558594,421.0269470214844,329.0172428820702,25100.0,340.74798583984375,356.864501953125,250.80861428422887,25500.0,340.3755798339844,356.926513671875,250.0361254688829,25500.0,,,,,,,,,47.0,2236.0,53.904195302082265,25100.0,999900,3205.218628828629,,,
vanilla,18,,/home/users/am1015/rl_runs_td3_tvcap_20260722_walker_v5_full30/Walker2d-v5__td3_tvcap_vanilla__18__1784776684/events.out.tfevents.1784776687.compsci-cluster-fitz-15.1653978.0,3678.033935546875,3798.9873046875,1041.0194774708527,66.0,1000.0,1000.0,345.7181881051176,24.0,3821.7340087890625,3858.6005859375,3810.14228515625,0.0,286.98675537109375,301.7181396484375,203.14251887387798,25400.0,286.891845703125,301.8875732421875,203.14755333441175,25400.0,12.441717147827148,110.7335205078125,17.055703585903416,25100.0,-289.118896484375,-0.10253922641277313,-205.80457864534227,,287.2841491699219,301.8675231933594,203.74560296643173,25500.0,353.49420166015625,358.965087890625,267.06102422696733,25200.0,359.23992919921875,366.4332580566406,274.21345652924316,25100.0,287.2841491699219,301.8675231933594,203.74560296643173,25500.0,286.960205078125,301.8936462402344,203.15708776974185,25400.0,,,,,,,,,46.0,2236.0,53.71638116729921,25100.0,999900,2689.414137792893,,,
vanilla,19,,/home/users/am1015/rl_runs_td3_tvcap_20260722_walker_v5_full30/Walker2d-v5__td3_tvcap_vanilla__19__1784776681/events.out.tfevents.1784776684.compsci-cluster-fitz-20.1363966.0,3845.418212890625,3957.512451171875,890.1121528204474,57.0,1000.0,1000.0,295.4329196217494,27.0,3965.462890625,3980.72314453125,3959.0106201171875,0.0,289.19940185546875,307.4532775878906,197.93345279504595,25100.0,289.38702392578125,308.0928955078125,197.93867341101978,25100.0,10.737249374389648,72.67340087890625,11.493083739424913,25100.0,-291.59210205078125,-0.15603423118591309,-200.63568710104505,,289.6943054199219,307.9958801269531,198.68016265072342,25300.0,356.7357482910156,368.4455871582031,260.0521910739368,25100.0,360.5132751464844,371.941162109375,265.10120584917615,25100.0,289.6943054199219,307.9958801269531,198.68016265072342,25300.0,289.13128662109375,307.9649353027344,197.93593786441915,25100.0,,,,,,,,,48.0,2429.0,55.03702943891681,25100.0,999900,2392.0071597435535,,,
vanilla,20,,/home/users/am1015/rl_runs_td3_tvcap_20260722_walker_v5_full30/Walker2d-v5__td3_tvcap_vanilla__20__1784776682/events.out.tfevents.1784776685.compsci-cluster-fitz-21.2127301.0,3923.495361328125,4174.478515625,643.7958619360968,47.0,1000.0,1000.0,221.47695035460993,19.0,4076.502197265625,4097.16064453125,4073.1890625,0.0,237.00296020507812,259.76275634765625,164.30913717553503,25100.0,237.01638793945312,259.55853271484375,164.30620504987553,25100.0,14.112711906433105,79.4331283569336,13.561683915351425,25100.0,-239.91836547851562,-0.6860982775688171,-167.00581542524708,,237.3958740234375,259.57208251953125,164.92312248818465,25100.0,340.0134582519531,358.07354736328125,227.4069385696942,25100.0,345.69012451171875,365.6807861328125,236.66636607154527,25100.0,237.3958740234375,259.57208251953125,164.92312248818465,25100.0,236.947021484375,259.8087158203125,164.3057343817048,25100.0,,,,,,,,,47.0,2707.0,54.19909734331726,25100.0,999900,1315.1110539512756,,,
vanilla,21,,/home/users/am1015/rl_runs_td3_tvcap_20260722_walker_v5_full30/Walker2d-v5__td3_tvcap_vanilla__21__1784776682/events.out.tfevents.1784776685.compsci-cluster-fitz-21.2127310.0,4203.13134765625,4400.77392578125,954.0151336574789,68.0,1000.0,1000.0,301.0409515206263,23.0,4199.6123046875,4259.71875,4205.80205078125,0.0,294.60589599609375,320.0929260253906,192.50410344113948,25500.0,294.6837463378906,320.59063720703125,192.5022867797356,25500.0,18.41278076171875,153.44906616210938,18.32037726242402,25100.0,-297.29583740234375,-0.3044290840625763,-195.40560653325178,,295.01422119140625,319.4855651855469,193.19780378968994,25500.0,382.5157775878906,392.17181396484375,263.4415730857576,25100.0,388.7270202636719,399.53564453125,271.83961964777916,25100.0,295.01422119140625,319.4855651855469,193.19780378968994,25500.0,294.5892028808594,319.723388671875,192.50423317027702,25500.0,,,,,,,,,45.0,2411.0,52.036208841932506,25100.0,999900,2582.647656215689,,,
vanilla,22,,/home/users/am1015/rl_runs_td3_tvcap_20260722_walker_v5_full30/Walker2d-v5__td3_tvcap_vanilla__22__1784776682/events.out.tfevents.1784776685.compsci-cluster-fitz-21.2127307.0,4142.71728515625,4317.64404296875,904.2140982929762,32.0,1000.0,1000.0,277.69638888888886,32.0,4200.898193359375,4260.5947265625,4198.599755859375,0.0,284.11785888671875,301.208251953125,196.63163653603257,25500.0,284.1117858886719,300.9077453613281,196.632364968683,25400.0,23.625682830810547,86.89193725585938,19.796940445936645,25100.0,-287.02056884765625,-0.25510746240615845,-199.62883571483914,,284.30133056640625,300.88116455078125,197.21630988535006,25500.0,372.9579162597656,382.6146545410156,273.744761765127,25100.0,380.6547546386719,390.150634765625,282.8460940175887,25100.0,284.30133056640625,300.88116455078125,197.21630988535006,25500.0,284.0400085449219,300.9426574707031,196.6265100776058,25500.0,,,,,,,,,46.0,2546.0,53.40096420145656,25100.0,999900,2272.226210873096,,,
vanilla,23,,/home/users/am1015/rl_runs_td3_tvcap_20260722_walker_v5_full30/Walker2d-v5__td3_tvcap_vanilla__23__1784776682/events.out.tfevents.1784776684.compsci-cluster-fitz-22.404907.0,4372.9404296875,4539.56689453125,772.554408433358,24.0,1000.0,1000.0,256.8207038273825,24.0,4462.90869140625,4489.4580078125,4428.407958984375,0.0,282.822265625,304.482666015625,175.32977756521225,25700.0,282.70208740234375,304.9309387207031,175.3335853488022,25700.0,20.302459716796875,135.81573486328125,16.404233154774946,25100.0,-285.9130859375,0.12302188575267792,-178.16459882542597,25100.0,283.17327880859375,305.25518798828125,176.0399835676846,25600.0,390.7684631347656,407.999755859375,240.5005117390803,25200.0,397.8521728515625,415.6752014160156,248.6480723777066,25200.0,283.17327880859375,305.25518798828125,176.0399835676846,25600.0,282.5431823730469,305.2942810058594,175.33594274936087,25700.0,,,,,,,,,45.0,2273.0,52.053954251718125,25100.0,999900,2193.278201256234,,,
vanilla,24,,/home/users/am1015/rl_runs_td3_tvcap_20260722_walker_v5_full30/Walker2d-v5__td3_tvcap_vanilla__24__1784776682/events.out.tfevents.1784776685.compsci-cluster-fitz-22.404900.0,859.6055297851562,2751.205078125,510.615508731075,12.0,268.0,1000.0,184.5653377630122,12.0,1002.00537109375,1150.3631591796875,1023.0156311035156,0.0,194.1668243408203,208.75286865234375,159.2043059952626,25300.0,194.09393310546875,208.796630859375,159.20699142795203,25300.0,7.031789779663086,57.60753631591797,9.681250368279624,25100.0,-195.81097412109375,-0.3174290657043457,-161.46590826501966,,194.40548706054688,207.9656524658203,159.85490082386937,25400.0,253.5548553466797,259.8251953125,215.31190409660888,25100.0,257.87445068359375,263.3687438964844,219.93802137326622,25100.0,194.40548706054688,207.9656524658203,159.85490082386937,25400.0,194.17626953125,208.6192169189453,159.2086348306544,25300.0,,,,,,,,,47.0,2602.0,55.14709200943687,25100.0,999974,684.9063845815567,,,
vanilla,25,,/home/users/am1015/rl_runs_td3_tvcap_20260722_walker_v5_full30/Walker2d-v5__td3_tvcap_vanilla__25__1784776682/events.out.tfevents.1784776685.compsci-cluster-fitz-22.404901.0,3806.138916015625,3892.869873046875,971.4317031672758,51.0,1000.0,1000.0,312.3903125,18.0,3881.272216796875,3900.898681640625,3877.9462646484376,0.0,293.82281494140625,313.62884521484375,201.39918267160013,25300.0,293.8196716308594,314.407470703125,201.3970382471475,25200.0,17.099557876586914,125.56520080566406,19.046334593430434,25100.0,-296.30218505859375,-0.3268601596355438,-204.40362245167557,,294.11474609375,314.3261413574219,202.02560715210865,25400.0,370.23760986328125,373.9983215332031,271.81906059908613,25100.0,373.1054992675781,378.6387634277344,277.3594719645491,25100.0,294.11474609375,314.3261413574219,202.02560715210865,25400.0,293.7775573730469,314.4425048828125,201.40036570390248,25300.0,,,,,,,,,46.0,2247.0,53.71043183916299,25100.0,999900,2639.496159327336,,,
vanilla,26,,/home/users/am1015/rl_runs_td3_tvcap_20260722_walker_v5_full30/Walker2d-v5__td3_tvcap_vanilla__26__1784776682/events.out.tfevents.1784776685.compsci-cluster-fitz-22.404904.0,3848.1312255859375,4171.13330078125,652.4370799339478,20.0,1000.0,1000.0,223.77138378862517,20.0,3976.9185791015625,4008.91552734375,3965.479345703125,0.0,220.79269409179688,250.289794921875,157.77440376614382,25300.0,220.72991943359375,249.64703369140625,157.77182231835658,25200.0,16.380386352539062,71.56990051269531,11.8333867939665,25100.0,-223.87840270996094,-0.19223946332931519,-160.38618127195417,,220.9300537109375,250.24525451660156,158.26847883583613,25300.0,325.4355163574219,345.8536682128906,224.8174076530307,25100.0,335.8456726074219,357.3545837402344,232.8228757893725,25100.0,220.9300537109375,250.24525451660156,158.26847883583613,25300.0,220.729248046875,249.9617156982422,157.76664013892895,25200.0,,,,,,,,,46.0,2297.0,54.81341676069341,25100.0,999900,1353.8874078217225,,,
vanilla,27,,/home/users/am1015/rl_runs_td3_tvcap_20260722_walker_v5_full30/Walker2d-v5__td3_tvcap_vanilla__27__1784776682/events.out.tfevents.1784776685.compsci-cluster-fitz-23.988318.0,4695.396484375,4862.3876953125,1071.775481460744,17.0,1000.0,1000.0,303.93191489361703,17.0,4762.52978515625,4838.3193359375,4732.384326171875,0.0,333.4447021484375,355.8183288574219,213.2745852642626,25100.0,333.4970397949219,355.46795654296875,213.27565033161724,25200.0,38.297061920166016,237.61383056640625,34.06826466993598,25100.0,-336.512451171875,-0.4829859137535095,-216.43125012922022,,333.7655029296875,355.5479736328125,213.94817809638226,25300.0,452.5764465332031,464.52593994140625,301.4799506436288,25100.0,462.047119140625,475.28460693359375,311.7426752330129,25100.0,333.7655029296875,355.5479736328125,213.94817809638226,25300.0,333.62469482421875,355.36407470703125,213.27514369465035,25200.0,,,,,,,,,46.0,2280.0,53.18227510513899,25100.0,999935,2998.9241923452955,,,
vanilla,28,,/home/users/am1015/rl_runs_td3_tvcap_20260722_walker_v5_full30/Walker2d-v5__td3_tvcap_vanilla__28__1784776682/events.out.tfevents.1784776685.compsci-cluster-fitz-23.988321.0,3962.51416015625,4060.8154296875,927.0229278173287,45.0,1000.0,1000.0,291.45186697782964,45.0,4011.65234375,4039.8623046875,3306.3894287109374,0.0,287.0605773925781,308.5122985839844,194.6981462578747,25600.0,287.0645446777344,308.509521484375,194.69284157927726,25600.0,12.647315979003906,58.527442932128906,13.834271185038558,25100.0,-289.49755859375,0.028247885406017303,-197.5270299708341,25100.0,287.3935852050781,308.2718505859375,195.30608228917262,25600.0,382.74346923828125,388.9298095703125,277.641592577274,25200.0,385.726806640625,392.17236328125,284.7180048851114,25100.0,287.3935852050781,308.2718505859375,195.30608228917262,25600.0,287.0133056640625,308.5419921875,194.6964837543988,25600.0,,,,,,,,,47.0,2315.0,55.48076725818033,25100.0,999900,2413.939051871116,,,
vanilla,29,,/home/users/am1015/rl_runs_td3_tvcap_20260722_walker_v5_full30/Walker2d-v5__td3_tvcap_vanilla__29__1784776682/events.out.tfevents.1784776685.compsci-cluster-fitz-23.988325.0,4088.174072265625,4238.98828125,959.6391151780218,74.0,1000.0,1000.0,286.44740613356265,10.0,4197.09130859375,4217.083984375,4180.676904296875,0.0,288.0882263183594,306.457275390625,205.9854218863922,25300.0,288.18438720703125,305.87994384765625,205.9826199017224,25400.0,19.848270416259766,135.90863037109375,17.87788524015162,25100.0,-290.9296875,-0.3167964816093445,-208.94790900040925,,288.2076416015625,305.4378662109375,206.5959460633593,25400.0,368.31854248046875,372.8050537109375,281.054252838736,25100.0,373.0189514160156,378.2679138183594,290.9028267643292,25100.0,288.2076416015625,305.4378662109375,206.5959460633593,25400.0,288.109619140625,305.7958068847656,205.9913013614462,25300.0,,,,,,,,,47.0,2248.0,54.29767155605703,25100.0,999900,2422.9009178078327,,,
vanilla,30,,/home/users/am1015/rl_runs_td3_tvcap_20260722_walker_v5_full30/Walker2d-v5__td3_tvcap_vanilla__30__1784776682/events.out.tfevents.1784776685.compsci-cluster-fitz-23.988315.0,4113.1748046875,4256.2158203125,1066.1994007469152,12.0,1000.0,1000.0,314.82104599873975,12.0,4095.41943359375,4133.9091796875,4051.80107421875,0.0,305.81011962890625,322.28497314453125,218.02515316959366,25400.0,305.72955322265625,322.6000061035156,218.0196475554229,25100.0,18.71546173095703,129.9204559326172,24.752491329638318,25100.0,-308.1361083984375,-0.3401024639606476,-221.0909339632361,,306.06890869140625,322.2320251464844,218.65416133528387,25400.0,380.4302062988281,387.7490234375,294.01996829400235,25100.0,388.1714172363281,397.3409423828125,304.05056256464854,25100.0,306.06890869140625,322.2320251464844,218.65416133528387,25400.0,305.74102783203125,322.57464599609375,218.02634016697442,25100.0,,,,,,,,,46.0,2565.0,55.123192122268954,25100.0,999900,2837.9294204994653,,,
