model_label,axis,factor,scenario_label,n,drop_mean_return_mean,drop_mean_return_ci95,drop_median_return_mean,drop_median_return_ci95,drop_iqm_return_mean,drop_iqm_return_ci95,rel_drop_mean_return_mean,rel_drop_mean_return_ci95
tvc100,foot_left_actuator_gain,0.0,foot_left_actuator_gain_0,30,164.9355656312746,65.19161658110977,162.90404979759688,75.38447116837231,160.01346755295737,70.79170294151427,0.27054448778048834,0.09215138807751017
tvc100,foot_left_actuator_gain,0.1,foot_left_actuator_gain_0p1,30,182.78765583987035,32.99040280922362,181.42001877932503,36.52685588625741,179.46517238788127,33.033561672934766,0.3225844008990784,0.046574512281211435
tvc100,foot_left_actuator_gain,0.2,foot_left_actuator_gain_0p2,30,175.79934001899295,31.851417633944553,173.24906018109894,35.38211737655256,171.987145149806,32.95816505818598,0.30894257962011284,0.04631610329660348
tvc100,foot_left_actuator_gain,0.3,foot_left_actuator_gain_0p3,30,154.5641476538507,36.17448286873048,151.01495921508774,40.660952615907796,149.2199174525436,37.90515674736578,0.26656672703013773,0.0533974949444381
tvc100,foot_left_actuator_gain,0.4,foot_left_actuator_gain_0p4,30,134.2941927650198,36.73927763828568,136.29524031956026,38.056717061902134,130.87942936652527,35.83039644052017,0.230131103212535,0.053923142749580176
tvc100,foot_left_actuator_gain,0.5,foot_left_actuator_gain_0p5,30,114.91579668065506,36.250820792449346,121.1520277782227,38.52750252190805,115.41923810984639,37.504178424533315,0.19304933747707148,0.055370326849297755
tvc100,foot_left_actuator_gain,0.6,foot_left_actuator_gain_0p6,30,100.10067150634794,32.21384375366008,102.29534668235824,35.613077750561516,99.16163954897868,33.3308232022896,0.16678155285148405,0.048406173529591034
tvc100,foot_left_actuator_gain,0.7,foot_left_actuator_gain_0p7,30,64.74505462018871,29.42213119538234,63.05606861787395,32.684065723839474,60.35241613037833,29.911013142201707,0.10483232390300684,0.05023054852693772
tvc100,foot_left_actuator_gain,0.8,foot_left_actuator_gain_0p8,30,45.74098805063176,28.744013073567483,45.99472922683121,31.583640350146286,41.084342728089695,28.2381705126117,0.07003554680375935,0.04875374627086558
tvc100,foot_left_actuator_gain,0.9,foot_left_actuator_gain_0p9,30,16.34946165483793,17.706525453329878,16.24878774991546,17.988186442875048,14.213255089566557,16.599841262669514,0.018681229464173128,0.03542666844211949
tvc100,foot_left_actuator_gain,1.0,foot_left_actuator_gain_1,30,0.0,0.0,0.0,0.0,0.0,0.0,0.0,0.0
tvc100,foot_left_actuator_gain,1.1,foot_left_actuator_gain_1p1,30,-29.41783737573589,20.580689949098428,-36.85070197987052,20.637902309870064,-35.543319204285005,21.497516729552594,-0.058949312551641604,0.0406321591765001
tvc100,foot_left_actuator_gain,1.3,foot_left_actuator_gain_1p3,30,-19.700962391567533,19.25086559980739,-24.487076713030767,24.705822638567827,-23.78132446536161,21.17340873539148,-0.03868672919372416,0.03703731589093628
tvc100,foot_left_actuator_gain,1.5,foot_left_actuator_gain_1p5,30,-2.460008430761521,23.128291194518518,-13.693804111676048,27.261008496760862,-11.886877511692644,26.73517495252269,-0.015019813483262685,0.042044918363483806
tvc100,foot_left_actuator_gain,1.7,foot_left_actuator_gain_1p7,30,4.991243226172916,38.90338394997551,6.012274973612434,41.87717162938001,6.810314120108623,40.24457587661294,-0.00821615789530828,0.06541369437082775
tvc100,foot_left_actuator_gain,2.0,foot_left_actuator_gain_2,30,25.06187602258465,37.59343012419067,45.674293734935866,45.72988132314815,36.22690715850361,39.76863660570185,0.027985197895890542,0.06169291587432539
tvc100,foot_left_damping,0.0,foot_left_damping_0,30,-0.5321330381922261,15.9161032031488,-5.931191745750937,17.408230118389604,-6.94054267859399,15.715948673964776,-0.006498046452640995,0.02968556428682909
tvc100,foot_left_damping,0.1,foot_left_damping_0p1,30,-8.745753539362443,19.487527304503995,-5.708757999825568,22.025415341650437,-12.211021842543945,22.11895817997049,-0.020788438169960972,0.03522193136094595
tvc100,foot_left_damping,0.2,foot_left_damping_0p2,30,-8.542012383966119,17.141679488263872,-16.865118944404088,18.43471790436726,-15.669321013671482,19.53044934900933,-0.02247635433711336,0.034710898718015144
tvc100,foot_left_damping,0.3,foot_left_damping_0p3,30,-5.632737630839945,15.211339995416834,-9.888216579984528,18.43015368369355,-12.180601479721927,17.37548275816013,-0.01518457509380242,0.029516219981928663
tvc100,foot_left_damping,0.4,foot_left_damping_0p4,30,-12.950114777005028,16.10519806605228,-14.845825747221513,17.959352408255675,-18.82571030992723,18.717668522421807,-0.029687768866551285,0.032198458406391704
tvc100,foot_left_damping,0.5,foot_left_damping_0p5,30,-8.095203775645185,15.882499398194351,-7.631664067036401,16.05100154812557,-12.413212549926644,14.19657050846032,-0.018281375657090242,0.029206780310260735
tvc100,foot_left_damping,0.6,foot_left_damping_0p6,30,11.245905425697233,13.842713771339426,12.503429369004078,15.034401823116513,8.165229201083758,14.154293758230553,0.014551156930520899,0.02651576521690567
tvc100,foot_left_damping,0.7,foot_left_damping_0p7,30,-17.973452263308324,15.596321560349665,-11.717369505857274,19.15869028343357,-18.313874727171235,17.45844079364799,-0.03497960975695055,0.028358594875892013
tvc100,foot_left_damping,0.8,foot_left_damping_0p8,30,-5.564162249133026,18.906686434967614,-8.569202350912205,17.10086148735336,-7.3715518598965994,18.31116211382571,-0.012902106873333612,0.034806088351036456
tvc100,foot_left_damping,0.9,foot_left_damping_0p9,30,-12.117841210370278,19.071546736394186,-3.3367133084395237,18.43916534835146,-9.809454279014593,20.717651836953973,-0.022549525824095622,0.029755985255791293
tvc100,foot_left_damping,1.0,foot_left_damping_1,30,0.0,0.0,0.0,0.0,0.0,0.0,0.0,0.0
tvc100,foot_left_damping,1.1,foot_left_damping_1p1,30,-3.7858702423782025,17.91639369272227,-0.5762892771203307,15.811539438800294,-6.832599134794418,18.761195655244933,-0.011207290993963438,0.030334645065573915
tvc100,foot_left_damping,1.3,foot_left_damping_1p3,30,-0.7775506692770667,15.199614147911232,-13.90172199238092,13.247794505694257,-12.256937106379402,13.326841910076865,-0.009922910047278367,0.029524692184599032
tvc100,foot_left_damping,1.5,foot_left_damping_1p5,30,-23.668678963881423,17.78284877394552,-26.957171785364377,19.93184009492702,-28.13631232950904,20.67184910545336,-0.0482390894197365,0.037243761892225884
tvc100,foot_left_damping,1.7,foot_left_damping_1p7,30,-11.828032710746568,14.047466030544118,-11.84199894188897,16.642363451140778,-16.91817809791634,18.53145362555317,-0.02250869487972832,0.02575104469891194
tvc100,foot_left_damping,2.0,foot_left_damping_2,30,0.25178626499902257,15.944391980162196,0.40341066813936094,14.557300417831796,-1.83601833853135,15.156593277402855,-0.004803664051713314,0.02787675847995506
tvc100,foot_left_friction,0.0,foot_left_friction_0,30,52.62952596559377,20.432633071186196,50.529422558978844,23.90629182849505,52.26912259101711,21.773258995817454,0.08914101844772152,0.03427633667302911
tvc100,foot_left_friction,0.1,foot_left_friction_0p1,30,52.62952596559377,20.432633071186196,50.529422558978844,23.90629182849505,52.26912259101711,21.773258995817454,0.08914101844772152,0.03427633667302911
tvc100,foot_left_friction,0.2,foot_left_friction_0p2,30,52.62952596559377,20.432633071186196,50.529422558978844,23.90629182849505,52.26912259101711,21.773258995817454,0.08914101844772152,0.03427633667302911
tvc100,foot_left_friction,0.3,foot_left_friction_0p3,30,52.62952596559377,20.432633071186196,50.529422558978844,23.90629182849505,52.26912259101711,21.773258995817454,0.08914101844772152,0.03427633667302911
tvc100,foot_left_friction,0.4,foot_left_friction_0p4,30,39.84174244907104,20.674188421241272,44.451277114544986,20.715542758840076,42.53488947999059,20.08698907334275,0.06452385098634279,0.03607504841680628
tvc100,foot_left_friction,0.5,foot_left_friction_0p5,30,36.426123593606945,17.853984914857076,44.83079527454185,21.213497632855557,37.819990652453015,17.83638959660387,0.05909456018506162,0.030370908567308442
tvc100,foot_left_friction,0.6,foot_left_friction_0p6,30,22.94639555045883,17.523283641819305,25.206665456808068,20.72018205380411,23.855802288299348,18.81195778888559,0.03390634988842487,0.031299166184384906
tvc100,foot_left_friction,0.7,foot_left_friction_0p7,30,10.06790421980889,14.441580322381588,15.786325717818995,16.721931470365703,14.952070903063001,15.96594390892237,0.012990340550549014,0.02841837220791939
tvc100,foot_left_friction,0.8,foot_left_friction_0p8,30,0.10501541793752077,17.16168089665929,5.6498053528980865,17.284431039662262,3.521377378958245,16.38112010532641,-0.0023473939128367577,0.029644345059305594
tvc100,foot_left_friction,0.9,foot_left_friction_0p9,30,-4.35118655619478,15.820819351611664,-0.11614615240300546,13.42243587801445,-3.4484245086238974,13.713282708113793,-0.008273662273419292,0.026485431661353354
tvc100,foot_left_friction,1.0,foot_left_friction_1,30,0.0,0.0,0.0,0.0,0.0,0.0,0.0,0.0
tvc100,foot_left_friction,1.1,foot_left_friction_1p1,30,0.5953474510608657,14.783165165839716,-2.3048258670828754,11.768529904108036,-1.0940475033475763,13.650604407338308,-0.0012829307793946884,0.025146014300250874
tvc100,foot_left_friction,1.3,foot_left_friction_1p3,30,8.517539693844231,19.815335452954454,7.616671543592715,20.06587079868559,6.980951650116869,19.442630623096864,0.010564065150873566,0.03613892389409676
tvc100,foot_left_friction,1.5,foot_left_friction_1p5,30,40.04288661050912,21.0339928886745,32.229615213173396,20.751906786350805,33.45821777418367,20.731846321789078,0.06433413215119758,0.038136888481088364
tvc100,foot_left_friction,1.7,foot_left_friction_1p7,30,67.57872703444812,28.059764074778847,70.73552960847341,27.17398555776202,69.17669418711263,25.61360453523391,0.10795620943809524,0.046717954349001514
tvc100,foot_left_friction,2.0,foot_left_friction_2,30,95.97582114618125,27.125920265459897,100.96288973838801,28.540680252129317,98.35877313776112,27.32144268912165,0.15951299356035079,0.04132859960878978
tvc100,foot_left_mass,0.1,foot_left_mass_0p1,30,154.80182174040152,62.84654640727264,176.5422564780037,76.72507736134693,166.2034594407675,69.70888455716693,0.2451732875989013,0.09418509465215884
tvc100,foot_left_mass,0.2,foot_left_mass_0p2,30,105.2210340176806,65.0074273671904,119.26720354034784,80.9614057394557,115.20489445849688,75.18842944666291,0.15181095071661668,0.09796592114657142
tvc100,foot_left_mass,0.3,foot_left_mass_0p3,30,85.1450712079839,69.14569812521893,84.57483088160247,84.76881781539309,87.45087281532082,79.73081989332525,0.1140080292237659,0.10374592150970807
tvc100,foot_left_mass,0.4,foot_left_mass_0p4,30,44.477997047562745,65.5513602053204,42.11093495701755,81.94913289639942,44.99247736387316,77.65926406751433,0.041602463775395906,0.09951997157122122
tvc100,foot_left_mass,0.5,foot_left_mass_0p5,30,38.063551463129066,54.40925168036504,36.83257489541217,73.89520660559583,41.05416220533074,66.81936477729496,0.03788728901968895,0.08485349323512704
tvc100,foot_left_mass,0.6,foot_left_mass_0p6,30,11.961962076955748,43.592098214848896,16.37213019073272,60.411570177872555,10.330564619345017,50.23105315609599,-0.001241921910979014,0.06982348045463581
tvc100,foot_left_mass,0.7,foot_left_mass_0p7,30,10.369033116000756,30.114245111597633,-6.343072656752516,25.228628417744233,3.187074858520602,28.367956290771833,0.00016443500306453132,0.05169725535710342
tvc100,foot_left_mass,0.8,foot_left_mass_0p8,30,-11.936942171875534,25.780097480796496,-20.595383037720467,31.85707142553458,-22.980761966122664,27.0372711316595,-0.030440021203376154,0.044115034793489834
tvc100,foot_left_mass,0.9,foot_left_mass_0p9,30,-7.986389690313922,12.103534969489461,-14.518290885932256,15.448713984775901,-16.72845344608936,12.170739027044498,-0.020373304139785532,0.021315731451823364
tvc100,foot_left_mass,1.0,foot_left_mass_1,30,0.0,0.0,0.0,0.0,0.0,0.0,0.0,0.0
tvc100,foot_left_mass,1.1,foot_left_mass_1p1,30,-3.1234425011041744,13.05672999296809,-3.144700685532981,9.927541982035635,-9.720599065256438,10.678554710694183,-0.010635842285166314,0.02291009353908011
tvc100,foot_left_mass,1.3,foot_left_mass_1p3,30,9.976328706392291,18.50820442448215,9.898376424389319,21.7829444419857,6.802542392538047,18.216015588081646,0.007298007509077381,0.038065773063880454
tvc100,foot_left_mass,1.5,foot_left_mass_1p5,30,9.954055203857658,15.735021259096055,11.49939128456782,14.045234358370536,8.74080328715486,14.139585148091363,0.013783995235288761,0.02981696881862052
tvc100,foot_left_mass,1.7,foot_left_mass_1p7,30,37.874781118456184,18.344451605538527,35.39839039457157,17.7745650617265,34.6716315721308,16.845523553450175,0.061325586823585666,0.03162032255634816
tvc100,foot_left_mass,2.0,foot_left_mass_2,30,32.302057331304916,18.07330368934232,30.64133772547587,17.688200273918973,28.222598366584005,17.98899256685311,0.0536709956376783,0.03216724713780737
tvc100,leg_left_actuator_gain,0.0,leg_left_actuator_gain_0,30,133.21843962157772,48.289547860359924,130.5118280901559,55.4360532933767,131.57200898119717,52.434556753018086,0.21955342749441026,0.07820761477190973
tvc100,leg_left_actuator_gain,0.1,leg_left_actuator_gain_0p1,30,102.0314576392307,40.25042850939302,105.13289550990295,44.24339993617574,102.39320229169113,43.09077850971904,0.16698240479069712,0.061765664533475054
tvc100,leg_left_actuator_gain,0.2,leg_left_actuator_gain_0p2,30,70.72273038135009,31.876092786136244,70.27066853212298,36.118670257781744,70.21920359035049,34.51061983652499,0.11674893057808404,0.05365398632890009
tvc100,leg_left_actuator_gain,0.3,leg_left_actuator_gain_0p3,30,52.275911219054564,27.627240238107305,48.69288920542003,35.376374176459386,51.24769857379796,33.14824306763526,0.08472593691994533,0.04306184056557835
tvc100,leg_left_actuator_gain,0.4,leg_left_actuator_gain_0p4,30,29.042879592736515,19.17536499137248,36.73717498146346,23.081817414106318,34.41738716325863,21.348856530197857,0.04562887492761514,0.03291996650977686
tvc100,leg_left_actuator_gain,0.5,leg_left_actuator_gain_0p5,30,12.774563178062088,16.776151297682677,12.161138015417917,20.44364525451294,13.901452178265084,19.73919543520464,0.018734165033800557,0.029873695272372068
tvc100,leg_left_actuator_gain,0.6,leg_left_actuator_gain_0p6,30,8.966110857370214,16.36838084420481,16.25628364295628,17.38745850676476,14.07327628153533,16.20407108949855,0.014113866759748617,0.02560426339843374
tvc100,leg_left_actuator_gain,0.7,leg_left_actuator_gain_0p7,30,-7.356703710517688,16.120924583846246,5.526688525255988,19.493819631448822,0.12304428481750165,17.114329284235993,-0.013210894547444509,0.029303567704710064
tvc100,leg_left_actuator_gain,0.8,leg_left_actuator_gain_0p8,30,-4.725321357095256,14.949566956344182,4.107154361419106,15.558874678717629,-0.6387459861676348,14.85560288415241,-0.012168011913311707,0.027273474340099187
tvc100,leg_left_actuator_gain,0.9,leg_left_actuator_gain_0p9,30,-4.994292500258287,13.12638262321758,3.4317099211988533,14.45575286229014,0.9992995798316031,12.470114675445103,-0.011048224027365154,0.02331904931176926
tvc100,leg_left_actuator_gain,1.0,leg_left_actuator_gain_1,30,0.0,0.0,0.0,0.0,0.0,0.0,0.0,0.0
tvc100,leg_left_actuator_gain,1.1,leg_left_actuator_gain_1p1,30,4.313133750695668,12.924122350512981,11.419098318561442,14.860469583483097,6.01043382006859,12.747551810672011,0.001339553496720619,0.024550055332888666
tvc100,leg_left_actuator_gain,1.3,leg_left_actuator_gain_1p3,30,9.554847352822685,14.964769284017278,16.042654477323012,19.293461484138412,12.58356088186409,16.684132064750326,0.014967518394138977,0.024385760333548896
tvc100,leg_left_actuator_gain,1.5,leg_left_actuator_gain_1p5,30,16.705480308361185,15.090920936095914,12.994133431153806,17.05374775764766,12.932368613935877,15.923960582484701,0.026722805726617647,0.02768957007712148
tvc100,leg_left_actuator_gain,1.7,leg_left_actuator_gain_1p7,30,19.65782244109571,15.264237477365311,22.854761462546467,18.734684350138984,19.986330842908327,17.85594182055537,0.032609553964006346,0.027128081160143844
tvc100,leg_left_actuator_gain,2.0,leg_left_actuator_gain_2,30,22.470569524884997,15.41091738362995,34.11973732454335,20.907186677408237,27.36022355833718,18.427381286858655,0.0354153616218733,0.025792640255557532
tvc100,leg_left_damping,0.0,leg_left_damping_0,30,-2.0215447227920267,14.805867448131375,5.132261461626162,14.108127283581288,1.2639873144275346,13.444581877179688,-0.008872176648548245,0.02816412578925642
tvc100,leg_left_damping,0.1,leg_left_damping_0p1,30,1.9902938582556657,9.03090462366687,4.496526640843234,10.754487994430363,2.661188009200066,8.384393864474456,-0.00012728364664118635,0.01590726314989395
tvc100,leg_left_damping,0.2,leg_left_damping_0p2,30,-1.84663007563402,11.575677896707445,5.40822393076505,14.401567160627584,2.6199330262875224,12.546567109184256,-0.004812125820137803,0.019777020620226297
tvc100,leg_left_damping,0.3,leg_left_damping_0p3,30,-8.602429440187459,13.879270006079878,-0.7709067322852813,15.321027758874573,-8.248822088705873,15.271132011796485,-0.015776808589127823,0.024989360683162296
tvc100,leg_left_damping,0.4,leg_left_damping_0p4,30,1.7111262220284706,12.107238952298202,7.118997561885599,14.116380856618452,2.0490168514781657,11.719477008187479,0.0013891632413780774,0.021516206664276918
tvc100,leg_left_damping,0.5,leg_left_damping_0p5,30,-8.49366680375179,16.23034256220756,-6.031134574944074,21.723202204512045,-5.593459865704301,18.301333277466522,-0.014913703685513507,0.02950988273045736
tvc100,leg_left_damping,0.6,leg_left_damping_0p6,30,-5.857741512894085,10.63222393741329,-4.959515116558536,12.775679416300159,-5.478765531072882,10.308188756317334,-0.01078533621883068,0.019604763865423015
tvc100,leg_left_damping,0.7,leg_left_damping_0p7,30,3.887825260743284,11.865383698411927,11.91257031810264,13.239941249592437,8.498283170068277,11.160585259727068,0.005678752592778772,0.021977812504225102
tvc100,leg_left_damping,0.8,leg_left_damping_0p8,30,-6.406405928193777,14.569768069735758,-4.06974648335738,16.845685556225618,-4.305045188140533,15.793880971756357,-0.013226065810497107,0.025995518667862778
tvc100,leg_left_damping,0.9,leg_left_damping_0p9,30,-0.0066807289065157725,16.190584172042904,11.930298598403404,16.00705470459531,6.487188103807076,17.23152808552219,-0.005842126555749553,0.03046084059095301
tvc100,leg_left_damping,1.0,leg_left_damping_1,30,0.0,0.0,0.0,0.0,0.0,0.0,0.0,0.0
tvc100,leg_left_damping,1.1,leg_left_damping_1p1,30,-5.283829753965295,18.39827494488729,0.3691737549466609,18.175969679169867,-2.2148114618336194,17.204768943865396,-0.014128490760201225,0.036227075647301
tvc100,leg_left_damping,1.3,leg_left_damping_1p3,30,8.3821750448125,12.346152998094112,13.321176549487236,15.342066050733568,11.214032907457298,14.281355633192522,0.012978940802993692,0.02075370572533347
tvc100,leg_left_damping,1.5,leg_left_damping_1p5,30,-10.64235741516897,15.876988671971754,-10.548858229205683,14.86849439764286,-10.970962115304436,13.767273603812853,-0.022306398286881333,0.029713545202780498
tvc100,leg_left_damping,1.7,leg_left_damping_1p7,30,0.05766358373229157,11.637691724374383,9.81821288814121,12.984607964802908,3.08592238784481,13.0379154735686,0.0006140721172975039,0.020178039669161183
tvc100,leg_left_damping,2.0,leg_left_damping_2,30,-2.555649141752082,12.95286893500365,1.5416722031792234,15.777339425209373,-0.5579830354552409,13.936289470963183,-0.006578707403062102,0.023146428338861765
tvc100,leg_left_mass,0.1,leg_left_mass_0p1,30,1.7830669625729552,16.517244002062142,11.668498429787006,20.407590899854238,6.118688547173978,20.034050551757797,0.0001688176234937185,0.02992090528853101
tvc100,leg_left_mass,0.2,leg_left_mass_0p2,30,-11.045122212261342,18.38063791417146,-2.791433998127519,16.877855171382507,-5.674415596962393,17.000562298222032,-0.02395970347784893,0.03559243262721425
tvc100,leg_left_mass,0.3,leg_left_mass_0p3,30,-22.56143189626473,20.339335838303175,-16.42444387328718,17.732940686453794,-20.757961618858758,20.0157553088354,-0.04442788994051005,0.03937990123860171
tvc100,leg_left_mass,0.4,leg_left_mass_0p4,30,-8.063846013694176,16.636402515869122,-8.734295220876096,17.9121240902494,-7.563687511506694,17.125001063193064,-0.0166711766610012,0.028386500949791112
tvc100,leg_left_mass,0.5,leg_left_mass_0p5,30,0.4498414347715387,15.478874359258029,-1.1594269610741492,14.889700492316479,-0.2436522280502667,15.716029975326382,-5.353241262570918e-05,0.025529132062137676
tvc100,leg_left_mass,0.6,leg_left_mass_0p6,30,-12.83204288128042,14.173829114802956,-9.956713083130218,15.211875067611292,-12.262318005087552,13.3055710156921,-0.022192094059189704,0.023726355123196752
tvc100,leg_left_mass,0.7,leg_left_mass_0p7,30,-5.9239386840015165,14.231869092887091,-3.479348923544082,16.621799346520504,-4.283528307785914,14.580725057176815,-0.01122702388263691,0.026277431116071313
tvc100,leg_left_mass,0.8,leg_left_mass_0p8,30,-9.253208023710803,15.861804632840347,3.7300104067788995,16.426309577024462,-2.5851063291495393,14.497899505724247,-0.01565455400494397,0.027176204801358662
tvc100,leg_left_mass,0.9,leg_left_mass_0p9,30,-4.260872504891523,13.43120042276006,5.02628361270698,11.937437052614921,-2.4584312106915034,12.238370381363824,-0.0070338986085324,0.023694344110710214
tvc100,leg_left_mass,1.0,leg_left_mass_1,30,0.0,0.0,0.0,0.0,0.0,0.0,0.0,0.0
tvc100,leg_left_mass,1.1,leg_left_mass_1p1,30,-4.63572570402877,14.688580185037399,1.7190765584622851,17.961381751259893,-2.680426160138709,15.385256030045767,-0.009195336003706821,0.027750017304382722
tvc100,leg_left_mass,1.3,leg_left_mass_1p3,30,7.84576303859022,12.986401469744289,5.171070440148571,17.76811582968816,5.166811897002015,13.622647870360895,0.013263512727640672,0.022431012090446577
tvc100,leg_left_mass,1.5,leg_left_mass_1p5,30,18.300486521532033,22.721211555345945,13.86305925162016,20.924777570850676,15.475223323410756,19.424518318497434,0.02248849012482873,0.03822786339655644
tvc100,leg_left_mass,1.7,leg_left_mass_1p7,30,14.85607630015912,17.478958791095323,16.09759510356594,21.781729647222146,16.941475972868226,19.496666604751432,0.021403906924916245,0.02851292391487833
tvc100,leg_left_mass,2.0,leg_left_mass_2,30,28.619739347125407,23.82945161523034,25.72035841915197,25.449048392695047,25.852434478763023,23.429425374489668,0.04419779294921384,0.036898879476484125
tvc100,thigh_left_actuator_gain,0.0,thigh_left_actuator_gain_0,30,88.4494944786833,58.266601477751216,89.75096761030495,69.85484346954733,89.01373490423718,67.41116937170865,0.13062273161664514,0.10549827824079597
tvc100,thigh_left_actuator_gain,0.1,thigh_left_actuator_gain_0p1,30,97.43828667535124,53.40291354721678,93.86340151814963,60.382966674008685,92.78388636215627,60.353523663887884,0.15269636608736833,0.10045336958180379
tvc100,thigh_left_actuator_gain,0.2,thigh_left_actuator_gain_0p2,30,92.97759593950987,40.992974597164576,101.82239464664305,43.401063225899996,97.90369863144373,42.38072490817457,0.15045647662655517,0.06809187771193423
tvc100,thigh_left_actuator_gain,0.3,thigh_left_actuator_gain_0p3,30,86.58444817311555,31.255055345327694,87.2301642526328,34.074258341166896,87.1662112984126,32.40952847104893,0.14455189432354212,0.048573733935123244
tvc100,thigh_left_actuator_gain,0.4,thigh_left_actuator_gain_0p4,30,71.46637484242676,26.032108716006572,72.68311663443157,29.695938414324434,69.20087716254893,26.817220494080253,0.12299917208035124,0.041146517201540694
tvc100,thigh_left_actuator_gain,0.5,thigh_left_actuator_gain_0p5,30,65.08396388219242,21.329195162655505,67.5128951213874,26.15549460858039,65.32281749550704,24.27418044948566,0.10885959963811395,0.03277369519561875
tvc100,thigh_left_actuator_gain,0.6,thigh_left_actuator_gain_0p6,30,60.82187246408203,22.75646502641886,62.06437373016185,26.942590325370844,60.54670151510253,23.982481511996554,0.09815351952381843,0.03340966959246991
tvc100,thigh_left_actuator_gain,0.7,thigh_left_actuator_gain_0p7,30,37.54969972336941,17.560641916755184,37.23916390995304,20.96761665972812,35.55846990318807,18.78124354407464,0.06251239410384388,0.030866732675549603
tvc100,thigh_left_actuator_gain,0.8,thigh_left_actuator_gain_0p8,30,23.801436035865187,15.067001012749204,26.91235499804149,17.717240655162104,23.843542775961122,16.199228770268885,0.03945513549811462,0.025761235768596735
tvc100,thigh_left_actuator_gain,0.9,thigh_left_actuator_gain_0p9,30,6.650433797873785,14.60785727975974,14.529068756262495,16.792600352795745,13.294850040703462,15.301740349614686,0.011181479328017852,0.026762865062668083
tvc100,thigh_left_actuator_gain,1.0,thigh_left_actuator_gain_1,30,0.0,0.0,0.0,0.0,0.0,0.0,0.0,0.0
tvc100,thigh_left_actuator_gain,1.1,thigh_left_actuator_gain_1p1,30,-9.095970498850495,14.876231979846944,-1.267082073836493,17.83721351779469,-8.046393632896613,15.831568547308347,-0.02092591267473849,0.028127247548066454
tvc100,thigh_left_actuator_gain,1.3,thigh_left_actuator_gain_1p3,30,-3.6464563798897074,16.535225917218884,-0.14504276749571923,20.468369613916437,-2.0330880720632365,18.168121225546336,-0.008435915299438174,0.03122164766277751
tvc100,thigh_left_actuator_gain,1.5,thigh_left_actuator_gain_1p5,30,-0.6420936828430683,18.547955291016695,5.0370547603191484,21.459382247384514,2.9520260892069397,21.671792366439846,-0.004779848100872676,0.033724492338960736
tvc100,thigh_left_actuator_gain,1.7,thigh_left_actuator_gain_1p7,30,17.346614083817872,15.047939189592451,28.585533280791207,19.81576764614616,23.940646017862864,17.037594897206397,0.026136794521957572,0.027908510688879663
tvc100,thigh_left_actuator_gain,2.0,thigh_left_actuator_gain_2,30,32.86242253149842,21.059739286511896,42.30610282419089,23.99597843284677,38.91837008119507,23.05035078967149,0.04911993933835953,0.0360370073185967
tvc100,thigh_left_damping,0.0,thigh_left_damping_0,30,2.2635625090284632,11.747805382251352,0.8269508206424765,14.439133779443443,1.1096781916332608,13.378181961234617,0.0028877794166643537,0.019838229369836723
tvc100,thigh_left_damping,0.1,thigh_left_damping_0p1,30,-6.926297126037701,13.658528092611713,1.7006621141970224,14.224803701167826,-2.9741797003235186,14.304302802541642,-0.012401436444633478,0.023867961776368338
tvc100,thigh_left_damping,0.2,thigh_left_damping_0p2,30,-8.587678017468429,13.578644813604074,-0.14882278174892652,14.26429580328983,-3.787612538113848,14.43232487866875,-0.01569704312323696,0.024181788503887008
tvc100,thigh_left_damping,0.3,thigh_left_damping_0p3,30,2.169636622398538,17.652433870366117,9.696109378968355,20.703404641324884,5.485068252788496,18.16970018191694,-0.0004128131520458637,0.030752471107316926
tvc100,thigh_left_damping,0.4,thigh_left_damping_0p4,30,-9.439010743867467,13.73821140063422,-8.95920808696189,15.709591346036582,-7.638433295962002,13.397016263171686,-0.01759385744359689,0.023733077940718668
tvc100,thigh_left_damping,0.5,thigh_left_damping_0p5,30,-11.240040129926983,12.707215321173635,-7.087221616052525,13.777228467806838,-10.700180638389254,12.971929398431516,-0.01947465700223578,0.021512353331547846
tvc100,thigh_left_damping,0.6,thigh_left_damping_0p6,30,3.800239127057813,15.05258383786613,7.261857158227891,17.642685243122916,5.899541458737017,14.347263837863103,0.004794464066992839,0.026957355610315745
tvc100,thigh_left_damping,0.7,thigh_left_damping_0p7,30,4.66517746291355,11.549803775093618,7.434790817406346,14.025361015091914,6.926208226967958,13.100499816047455,0.006625468958774893,0.020375775568517652
tvc100,thigh_left_damping,0.8,thigh_left_damping_0p8,30,-11.464860377711165,12.986216760868725,-10.189555662915948,14.509872707190617,-10.89718251584609,12.127124168134747,-0.02058963079680346,0.0229908989059086
tvc100,thigh_left_damping,0.9,thigh_left_damping_0p9,30,-1.6353582137410967,14.975321846348228,9.045079016233919,13.538967968677069,1.6380891320195208,13.27556869941598,-0.005352249554308177,0.028981870202828094
tvc100,thigh_left_damping,1.0,thigh_left_damping_1,30,0.0,0.0,0.0,0.0,0.0,0.0,0.0,0.0
tvc100,thigh_left_damping,1.1,thigh_left_damping_1p1,30,-0.05680359195837923,12.860777044916508,12.09681376529352,12.16064106268968,4.968005459275937,12.094847587823814,-0.0013301905288893312,0.02202651555565179
tvc100,thigh_left_damping,1.3,thigh_left_damping_1p3,30,-2.32889889699714,14.313409312913977,6.244480767370429,17.55450503629693,1.2123266147404441,14.496916336134204,-0.008717370080613114,0.025863835919466872
tvc100,thigh_left_damping,1.5,thigh_left_damping_1p5,30,-1.3006302447950362,17.172313612494214,-2.379305203758213,22.44541187199111,-1.943284661211995,18.49924035784466,-0.0030433662764528,0.030500706355090557
tvc100,thigh_left_damping,1.7,thigh_left_damping_1p7,30,-2.741156525605758,13.503245941459252,-3.322896512310899,13.183491697744275,-2.6407667006441593,12.78724289887649,-0.008887019731538168,0.02572413444341239
tvc100,thigh_left_damping,2.0,thigh_left_damping_2,30,0.2939284394293585,17.336643055475957,-3.6546871049321092,18.77562802618964,-2.8012435994584926,17.358822790056593,-0.0035183730832819113,0.03298760138734468
tvc100,thigh_left_mass,0.1,thigh_left_mass_0p1,30,-58.75712414860372,28.366936272645958,-53.46761848232704,29.219608799223447,-57.470162568617624,27.13167482628647,-0.10850806148171412,0.04598936204733874
tvc100,thigh_left_mass,0.2,thigh_left_mass_0p2,30,-60.50575822536087,27.697483060027842,-55.73683209404016,25.237255883367,-58.53168335454188,25.159149080798368,-0.11572056732730017,0.04947798207304179
tvc100,thigh_left_mass,0.3,thigh_left_mass_0p3,30,-57.99506330415034,21.963892757101966,-62.61339838446692,21.829922711149162,-63.101214669894034,22.53980680455577,-0.10783059672781432,0.04025057053276368
tvc100,thigh_left_mass,0.4,thigh_left_mass_0p4,30,-44.33487130953366,20.873787475318252,-43.69558488544632,20.887602293101292,-46.16240666563899,18.98128305276698,-0.08128071793687869,0.03519192350614784
tvc100,thigh_left_mass,0.5,thigh_left_mass_0p5,30,-43.41000921727958,22.817071466483895,-46.31775082867203,21.90763320915724,-48.496728085500465,22.84746940718576,-0.07955014349833926,0.03746267965345345
tvc100,thigh_left_mass,0.6,thigh_left_mass_0p6,30,-34.42111530050464,24.267962685137032,-31.66642584206567,20.170487577768288,-32.904495542795864,23.359409701671375,-0.06635343673824383,0.04003740409457912
tvc100,thigh_left_mass,0.7,thigh_left_mass_0p7,30,-42.16725174700938,17.658132968032504,-38.406469792628045,20.745698395361565,-44.12368257198632,19.180219489699986,-0.07854491313742386,0.032433434777276345
tvc100,thigh_left_mass,0.8,thigh_left_mass_0p8,30,-18.991011443291523,17.92957505580182,-20.655091394635942,18.12400281818068,-23.05787668022323,18.56275955430721,-0.04143377260087789,0.03383836631713127
tvc100,thigh_left_mass,0.9,thigh_left_mass_0p9,30,-9.043431988053268,16.680172295267234,-8.30436461499629,17.34719041374103,-12.228988280286682,18.292752088161762,-0.02108048966577136,0.03221772509260946
tvc100,thigh_left_mass,1.0,thigh_left_mass_1,30,0.0,0.0,0.0,0.0,0.0,0.0,0.0,0.0
tvc100,thigh_left_mass,1.1,thigh_left_mass_1p1,30,4.020784374512581,12.727627914376532,4.6455172497169395,9.905107027169715,-1.559980428460733,11.039565329365685,0.0047118471958350425,0.021626993291546773
tvc100,thigh_left_mass,1.3,thigh_left_mass_1p3,30,20.30946532109609,17.488981464464413,19.442309519179528,20.371572620763267,15.66634958131684,17.39010971318744,0.03058645376734042,0.02767265533898739
tvc100,thigh_left_mass,1.5,thigh_left_mass_1p5,30,40.69446167042432,28.51357154707694,26.487984271524017,25.679384934700742,30.01739641716437,24.38754197121465,0.05898194549316354,0.04402827437910045
tvc100,thigh_left_mass,1.7,thigh_left_mass_1p7,30,52.760031468832416,24.625459784740826,36.89786015852374,22.179747368245543,40.87257708646674,20.469760452292387,0.08239106166665158,0.03902220684961192
tvc100,thigh_left_mass,2.0,thigh_left_mass_2,30,83.38893370565893,33.5101804585698,70.7111301291187,33.11844254412893,75.81201972469208,31.91730266414186,0.1305199098334619,0.04903804108706656
tvc150,foot_left_actuator_gain,0.0,foot_left_actuator_gain_0,30,462.50190804438967,103.52344307804181,450.13257973681834,95.51753093007672,446.6419580727862,95.48353834877167,0.5473952968936354,0.07692927140731665
tvc150,foot_left_actuator_gain,0.1,foot_left_actuator_gain_0p1,30,455.149246833479,98.89153245198219,448.61845240003163,91.73723284495466,445.43082754291197,90.70640642011337,0.543505665615187,0.06700630007707903
tvc150,foot_left_actuator_gain,0.2,foot_left_actuator_gain_0p2,30,446.43297137212994,101.21130404095773,437.9405376171304,94.3757627686191,435.63241215715607,93.31888239870237,0.529316087752634,0.06929544611341719
tvc150,foot_left_actuator_gain,0.3,foot_left_actuator_gain_0p3,30,404.80793974057934,102.32823698734695,391.3740952120646,97.28939580562034,390.079610938244,96.48812916021652,0.4730708081990401,0.07703066210565314
tvc150,foot_left_actuator_gain,0.4,foot_left_actuator_gain_0p4,30,364.53119168861554,90.90762624405886,359.24890984220815,89.86349010387151,360.13117807255225,88.59431533694168,0.43213088812330874,0.07012769258496719
tvc150,foot_left_actuator_gain,0.5,foot_left_actuator_gain_0p5,30,340.79356269873256,90.05578688314269,334.75330439330014,89.10711538845733,341.29522175086464,86.67854551474653,0.40017067973972603,0.06887022277138619
tvc150,foot_left_actuator_gain,0.6,foot_left_actuator_gain_0p6,30,296.59039399467565,86.46879503382915,311.78693024302,87.30398396900887,305.9723154445081,85.87872625754316,0.34711720511609234,0.07092357638958383
tvc150,foot_left_actuator_gain,0.7,foot_left_actuator_gain_0p7,30,201.48248271227277,68.26694955968495,218.682231680679,69.85914739830127,209.982918679818,67.94701842874805,0.23472639995505903,0.05643924646864223
tvc150,foot_left_actuator_gain,0.8,foot_left_actuator_gain_0p8,30,114.92425667981864,48.32985721111024,127.80301659697086,53.09545325610911,116.46414809313552,48.51604810830285,0.13479868041720877,0.04483878042829217
tvc150,foot_left_actuator_gain,0.9,foot_left_actuator_gain_0p9,30,63.492719275190936,35.42326751688693,68.87194856002128,52.557111882417274,62.7011399762122,44.685256537587165,0.07260667251229992,0.032445716064026534
tvc150,foot_left_actuator_gain,1.0,foot_left_actuator_gain_1,30,0.0,0.0,0.0,0.0,0.0,0.0,0.0,0.0
tvc150,foot_left_actuator_gain,1.1,foot_left_actuator_gain_1p1,30,-43.555947172285826,28.602186198504096,-55.120903458240036,45.60144453229189,-49.94712134567867,35.48568305686482,-0.056861115644182274,0.03529214524688438
tvc150,foot_left_actuator_gain,1.3,foot_left_actuator_gain_1p3,30,-57.612657501081074,39.753945119786536,-38.80011008951347,51.82296697273708,-47.44234119982967,45.421465945412656,-0.07266685613953672,0.05219718256934257
tvc150,foot_left_actuator_gain,1.5,foot_left_actuator_gain_1p5,30,-96.62899194111766,73.95261860650056,-83.8481118212612,91.64795356448404,-85.0111100678147,84.14305357310907,-0.12836926926657208,0.0889182257535257
tvc150,foot_left_actuator_gain,1.7,foot_left_actuator_gain_1p7,30,-48.01552995137724,70.28813355542988,-18.020206069506774,78.14399268456118,-20.715455179363335,74.21915390450711,-0.07033802923707873,0.07706707675060112
tvc150,foot_left_actuator_gain,2.0,foot_left_actuator_gain_2,30,-44.898925250903254,77.78763600781824,-11.143671910392527,80.23144961328539,-14.406226170567694,78.07450626170179,-0.06514231144129237,0.10087806052489968
tvc150,foot_left_damping,0.0,foot_left_damping_0,30,6.478702354231632,28.763490804569713,8.686843063558904,40.29450378595672,2.1490659744960814,32.0095251766281,-0.0014439674881316783,0.030638573592823293
tvc150,foot_left_damping,0.1,foot_left_damping_0p1,30,8.295006625964364,29.3656478550123,-8.787397679487821,31.32179423860259,-1.225644921077219,30.949203064049634,-0.00157557610822657,0.029108549331485118
tvc150,foot_left_damping,0.2,foot_left_damping_0p2,30,14.740570251380028,19.708627882042382,8.38422904918914,28.43995270338724,9.52469976714834,17.753714343479324,0.011515091584086541,0.020278624232071798
tvc150,foot_left_damping,0.3,foot_left_damping_0p3,30,21.049088176681117,25.304667335194523,4.860760796937151,23.30355918077252,9.876413888319396,19.785786715741985,0.017302619959548505,0.023281021941166647
tvc150,foot_left_damping,0.4,foot_left_damping_0p4,30,-4.720132250832421,21.626845035722322,-15.032577692187632,29.072779528833266,-8.7619649639581,20.671935669991246,-0.00795484730191381,0.02729698467094213
tvc150,foot_left_damping,0.5,foot_left_damping_0p5,30,-18.839018084597072,27.300353945388245,-17.436753902697625,34.86897731753438,-18.562654332073162,29.703786510780255,-0.019664881492353757,0.0332976700727821
tvc150,foot_left_damping,0.6,foot_left_damping_0p6,30,0.5192488091750723,19.672757313166965,5.6772398311141234,25.287966810226095,-2.247285615464627,22.33655859958265,-0.004454968488804199,0.02157887688765945
tvc150,foot_left_damping,0.7,foot_left_damping_0p7,30,2.9792234849339594,17.29406224254903,3.076895576752035,29.87491515832685,4.970476433068395,23.202813505718208,0.0034241049843461904,0.020472203706979834
tvc150,foot_left_damping,0.8,foot_left_damping_0p8,30,14.337922439132491,20.85110155676843,0.7594408138012928,23.12803165915094,7.053324922046548,20.22220047777127,0.022967611791579513,0.022730827668381432
tvc150,foot_left_damping,0.9,foot_left_damping_0p9,30,5.955183149995336,15.112919815865968,-10.470226436008094,22.904436653146405,-1.5791330469557314,17.554294509459726,0.0040906485268262065,0.017525374144680615
tvc150,foot_left_damping,1.0,foot_left_damping_1,30,0.0,0.0,0.0,0.0,0.0,0.0,0.0,0.0
tvc150,foot_left_damping,1.1,foot_left_damping_1p1,30,-10.572988078032207,26.640170516489455,-16.083553960569315,35.98274615207698,-20.40547840573213,34.31053494910943,-0.007518335336779242,0.027604022456916028
tvc150,foot_left_damping,1.3,foot_left_damping_1p3,30,21.197267702412386,29.776848080168154,7.038545054776354,31.871707802364167,13.628348049344877,27.4204590659,0.018265685980755737,0.032366617794139886
tvc150,foot_left_damping,1.5,foot_left_damping_1p5,30,12.698116800940833,16.53694364604228,-0.43777314282300117,25.661727839004644,6.354165079654693,16.405887785752636,0.016290927794568495,0.019892063141233512
tvc150,foot_left_damping,1.7,foot_left_damping_1p7,30,17.519550795916476,23.780178251005474,12.558650083936522,25.733865786877647,18.772177166286852,23.218628163454465,0.021705504624147227,0.028590083991594167
tvc150,foot_left_damping,2.0,foot_left_damping_2,30,-8.187799507044543,21.432634125077612,-11.751472881095129,38.45639853145396,-10.197201990267002,26.025469692640037,-0.01223018501628715,0.025506984402050164
tvc150,foot_left_friction,0.0,foot_left_friction_0,30,158.17013099496688,44.111897934960645,185.25426758515792,56.449173814550406,169.96515484948316,49.734187644434684,0.1920734860834791,0.05083669309846747
tvc150,foot_left_friction,0.1,foot_left_friction_0p1,30,158.17013099496688,44.111897934960645,185.25426758515792,56.449173814550406,169.96515484948316,49.734187644434684,0.1920734860834791,0.05083669309846747
tvc150,foot_left_friction,0.2,foot_left_friction_0p2,30,158.17013099496688,44.111897934960645,185.25426758515792,56.449173814550406,169.96515484948316,49.734187644434684,0.1920734860834791,0.05083669309846747
tvc150,foot_left_friction,0.3,foot_left_friction_0p3,30,158.17013099496688,44.111897934960645,185.25426758515792,56.449173814550406,169.96515484948316,49.734187644434684,0.1920734860834791,0.05083669309846747
tvc150,foot_left_friction,0.4,foot_left_friction_0p4,30,154.71237243968656,42.23619562779432,169.3460908821025,53.529890619683876,165.29416487705075,48.84619693368816,0.18704531678302633,0.04709534257651419
tvc150,foot_left_friction,0.5,foot_left_friction_0p5,30,116.00745906197247,39.278154589845485,123.84079508567848,44.481016541001345,119.29915235312795,41.80215584026964,0.1330607863312786,0.0405233971937096
tvc150,foot_left_friction,0.6,foot_left_friction_0p6,30,91.40581529379186,34.50753624587186,98.54756686677017,38.486254519198994,95.78638001052263,34.32581840748137,0.1041215990584942,0.03124350254899886
tvc150,foot_left_friction,0.7,foot_left_friction_0p7,30,53.19276195497333,42.22377812704537,50.264939390912076,45.13408584987599,54.66660130257008,43.30476490533208,0.057384423292941925,0.03938842524881891
tvc150,foot_left_friction,0.8,foot_left_friction_0p8,30,29.254855319681806,30.747918401293322,31.4918597497361,33.81576086172083,27.437772760146082,31.05772423788961,0.03499444075764726,0.035473973217439066
tvc150,foot_left_friction,0.9,foot_left_friction_0p9,30,24.08062349616231,38.640901957574854,29.18377673574681,47.685079158870515,24.679552542024297,39.84891338255136,0.013118532516721694,0.032016581398374024
tvc150,foot_left_friction,1.0,foot_left_friction_1,30,0.0,0.0,0.0,0.0,0.0,0.0,0.0,0.0
tvc150,foot_left_friction,1.1,foot_left_friction_1p1,30,12.949232218400622,35.59711606802772,5.604157722300626,36.50448355634857,11.54228896755375,32.317170887508176,0.007664363405991965,0.03560068408170004
tvc150,foot_left_friction,1.3,foot_left_friction_1p3,30,14.724782611984029,54.386882891773666,11.885310150015204,55.69679374253606,14.255705015527434,51.13320129295684,0.00834044348491917,0.06418316719688702
tvc150,foot_left_friction,1.5,foot_left_friction_1p5,30,18.480287439814653,50.97206308077958,47.399165794094536,64.53959326421072,40.84176595655234,55.13418346113169,0.02674411242280452,0.06163968234091663
tvc150,foot_left_friction,1.7,foot_left_friction_1p7,30,67.90121316853784,52.13602275910171,60.17315125702888,72.21601804093741,61.84096830595934,65.65630357816079,0.09825775045191684,0.06225581453232069
tvc150,foot_left_friction,2.0,foot_left_friction_2,30,188.21515298021527,55.314438609400355,192.91159047506505,66.70482271742586,189.11424756100328,60.49107118410199,0.2263240683361863,0.05738522257059094
tvc150,foot_left_mass,0.1,foot_left_mass_0p1,30,59.95481073174982,56.50165327352427,82.85109029030333,60.429807178279326,74.05106462254294,54.944766840668194,0.07691918485865822,0.07221625642408877
tvc150,foot_left_mass,0.2,foot_left_mass_0p2,30,18.747120497827265,69.15144809075436,58.627897069914994,58.44576886549612,42.17639971766475,61.169704719943695,0.025626809057452096,0.08394740495188314
tvc150,foot_left_mass,0.3,foot_left_mass_0p3,30,-40.56854119966305,47.02981084197388,-34.795364065307076,45.81987443958307,-38.19631752733938,46.8146476806341,-0.04851247076033091,0.06120481392085082
tvc150,foot_left_mass,0.4,foot_left_mass_0p4,30,-19.13702271667145,42.21332930434314,-19.760674464711922,46.51618227624579,-14.45709920737684,45.18373343940695,-0.030856342360607844,0.052914277431159035
tvc150,foot_left_mass,0.5,foot_left_mass_0p5,30,-0.7926037496745872,44.17465473436869,7.052409514587985,44.38918337522937,0.8261936985930163,44.36571289143374,-0.014378452832300907,0.044721140330707926
tvc150,foot_left_mass,0.6,foot_left_mass_0p6,30,-10.180998272711275,34.14224697144822,-18.869403454020926,47.23422547084428,-15.248258981848831,40.73940882563294,-0.021850090610706415,0.039350145086076725
tvc150,foot_left_mass,0.7,foot_left_mass_0p7,30,-31.2445862833117,34.83102939533044,-15.030493201883477,46.47652477397711,-26.40472528328637,40.152636916506864,-0.032787727488111554,0.041057121599249125
tvc150,foot_left_mass,0.8,foot_left_mass_0p8,30,-7.26641347220937,31.72169437620592,-0.5973170894277037,33.661569648715776,-4.887719704963655,33.635365239704704,-0.01150325382821416,0.03481006987440206
tvc150,foot_left_mass,0.9,foot_left_mass_0p9,30,-4.174353803358096,18.807898717603816,3.4303047171632746,26.628152881234755,-3.57519471274901,23.595017827811336,-0.00825977033497748,0.024194852680231006
tvc150,foot_left_mass,1.0,foot_left_mass_1,30,0.0,0.0,0.0,0.0,0.0,0.0,0.0,0.0
tvc150,foot_left_mass,1.1,foot_left_mass_1p1,30,37.062109777681066,31.513519814094476,48.4130970222038,47.33722973368419,34.151203266255216,36.67020623835949,0.03582800475342719,0.028544324710238853
tvc150,foot_left_mass,1.3,foot_left_mass_1p3,30,44.02782984525971,42.75308583946863,35.99085689553575,47.097564350015425,40.099237344489346,46.31107223358107,0.04275504720193042,0.038933797836443504
tvc150,foot_left_mass,1.5,foot_left_mass_1p5,30,73.95932862124386,43.64575587203347,69.11227161926266,51.42971574352302,70.22148699285289,46.175302039705336,0.07524848865432675,0.050749173952416786
tvc150,foot_left_mass,1.7,foot_left_mass_1p7,30,79.80053214624671,64.65444034471872,80.50439802721455,66.60040151370295,78.45070522180819,66.82111967598732,0.07905735095108804,0.06330830043318078
tvc150,foot_left_mass,2.0,foot_left_mass_2,30,77.56514217746076,54.22904097618263,74.2424652490121,57.00782785016528,74.28387414244867,53.69360837730272,0.08146397706493892,0.058879715166601405
tvc150,leg_left_actuator_gain,0.0,leg_left_actuator_gain_0,30,393.1345093467415,96.81445138816647,389.312786807986,93.63195397769162,389.5899828284094,91.6775325097902,0.46044849998707343,0.08257981039979778
tvc150,leg_left_actuator_gain,0.1,leg_left_actuator_gain_0p1,30,325.91702250566686,96.40534420740023,317.5696056319078,94.2524413005592,322.9965205767658,93.61423995559706,0.3627270326267169,0.08472858579781986
tvc150,leg_left_actuator_gain,0.2,leg_left_actuator_gain_0p2,30,276.3720988382808,93.16912379078366,294.04026966668386,93.72236446869314,286.46510504397264,92.89456354019183,0.29862529952503114,0.08416623742294592
tvc150,leg_left_actuator_gain,0.3,leg_left_actuator_gain_0p3,30,202.48974396531096,88.90744760545829,219.9112411367462,89.7340379908619,215.40602995295652,86.21631858146282,0.2089051716562041,0.08712134374192486
tvc150,leg_left_actuator_gain,0.4,leg_left_actuator_gain_0p4,30,144.32147637131206,77.9049795355812,159.94672973014454,78.54306730034875,158.6126729288464,79.57759398997254,0.14234225500714912,0.07478344281902914
tvc150,leg_left_actuator_gain,0.5,leg_left_actuator_gain_0p5,30,64.97833428507312,57.01424515411725,76.39179728488944,49.79310284200245,72.15921700898993,55.342415524090164,0.058447976312835846,0.05469961837514125
tvc150,leg_left_actuator_gain,0.6,leg_left_actuator_gain_0p6,30,-2.9063907390018966,45.37972266396157,14.05658697423022,45.39879456280619,8.60881673796559,44.87241787079052,-0.014428314910399498,0.05166731729363484
tvc150,leg_left_actuator_gain,0.7,leg_left_actuator_gain_0p7,30,13.280771006216268,34.58813496279317,15.02214740063677,38.625583000534554,18.161312408364754,34.21101029038554,0.0028819297541212555,0.0352247555635958
tvc150,leg_left_actuator_gain,0.8,leg_left_actuator_gain_0p8,30,-0.14624950473962978,26.842731505856108,-8.71394828835262,32.957352825270746,-0.7010767429907294,28.651384733757926,-0.002051620925118047,0.03077466608589503
tvc150,leg_left_actuator_gain,0.9,leg_left_actuator_gain_0p9,30,-2.234738250121664,25.56128849962282,-3.1890286026803474,33.69035148054218,-4.488070646731795,25.45525561141108,-0.002980284461747801,0.031488278004434274
tvc150,leg_left_actuator_gain,1.0,leg_left_actuator_gain_1,30,0.0,0.0,0.0,0.0,0.0,0.0,0.0,0.0
tvc150,leg_left_actuator_gain,1.1,leg_left_actuator_gain_1p1,30,-7.018288850455511,32.216602602325565,-29.96313231750032,44.82324911437844,-24.350785739978978,39.76467492083387,-0.00027839815342671644,0.030999171449000395
tvc150,leg_left_actuator_gain,1.3,leg_left_actuator_gain_1p3,30,48.76016365435176,33.52571535324133,37.13722343878104,33.34124012631786,37.151224683042145,29.60101112015104,0.04992944232770018,0.03754349909107221
tvc150,leg_left_actuator_gain,1.5,leg_left_actuator_gain_1p5,30,69.41569148562819,34.9317305723176,54.94097749532188,41.884363215842704,56.65790772461263,36.74809803759407,0.07977365153164526,0.03929053380273877
tvc150,leg_left_actuator_gain,1.7,leg_left_actuator_gain_1p7,30,86.46792339708023,49.07256439677514,77.21272408961289,48.76675355173981,78.30054360468579,47.36348229786352,0.09002432801984694,0.04474270964072676
tvc150,leg_left_actuator_gain,2.0,leg_left_actuator_gain_2,30,105.48943018134518,46.39337677652115,109.99444602812243,54.070607123502356,105.34049317244623,48.987904790243554,0.11536994578834862,0.04640262592710651
tvc150,leg_left_damping,0.0,leg_left_damping_0,30,19.64369365195031,19.853059960278724,17.04435151402002,24.90699239703576,17.632330434192607,22.87258906984998,0.016040267531938632,0.022837789733790678
tvc150,leg_left_damping,0.1,leg_left_damping_0p1,30,-2.647659706086919,18.90600155028998,-6.516420082761223,27.574797629838002,-1.5161937449846448,20.982221206866186,-0.0044441615726589076,0.02308206003196598
tvc150,leg_left_damping,0.2,leg_left_damping_0p2,30,8.014570737281396,28.895398001268312,19.407747898186905,39.99496923678868,14.904338963267445,34.46959949413694,0.006482736763570645,0.03178723023688558
tvc150,leg_left_damping,0.3,leg_left_damping_0p3,30,-10.683140896396493,16.352025505682008,-4.268515723657654,28.511858879137296,-4.4966733707213695,20.94253074087838,-0.016830322581034972,0.02183096443741679
tvc150,leg_left_damping,0.4,leg_left_damping_0p4,30,2.5590426323260735,21.65162623506692,17.602934115692072,32.86502824073088,10.457193511192022,20.14195396846499,0.005466781606256194,0.026067435875802555
tvc150,leg_left_damping,0.5,leg_left_damping_0p5,30,2.2906900692103305,18.350611871492763,-6.818961684196826,25.570386368490997,-1.807063279337901,23.227279206690973,0.003046286693622535,0.020821010725560057
tvc150,leg_left_damping,0.6,leg_left_damping_0p6,30,9.242155102000114,23.1834380672091,21.590468925219746,38.152626443885076,14.87412173982313,32.61174208199405,0.012636592812835171,0.025216902708484028
tvc150,leg_left_damping,0.7,leg_left_damping_0p7,30,5.927580048962644,27.22974290192567,14.078806020776797,33.53629515101366,10.834977110727374,27.503431696242014,-0.003097997812956952,0.0312201476625841
tvc150,leg_left_damping,0.8,leg_left_damping_0p8,30,4.678379166240287,27.515005472020675,23.64530255586003,26.669917336467474,12.369976394797709,26.169272204018846,0.0033557539533219964,0.030579850813272316
tvc150,leg_left_damping,0.9,leg_left_damping_0p9,30,-1.3441296443675885,25.041538404815068,-13.31109044890616,33.96227681235569,-10.2096193520707,29.298933029002207,-0.005287793497567607,0.027939787980029947
tvc150,leg_left_damping,1.0,leg_left_damping_1,30,0.0,0.0,0.0,0.0,0.0,0.0,0.0,0.0
tvc150,leg_left_damping,1.1,leg_left_damping_1p1,30,6.416244247351712,20.489411529898003,9.758658024215949,32.50801282339195,10.66018210079603,23.70277495824294,0.005291052237281054,0.02360066273021188
tvc150,leg_left_damping,1.3,leg_left_damping_1p3,30,13.109886855710453,23.218674376642003,34.091476323601384,37.07520582392328,20.864183276665493,25.2703038049657,0.010376307961964266,0.02595966462540995
tvc150,leg_left_damping,1.5,leg_left_damping_1p5,30,0.6256995415218588,22.1183036467173,12.699822552471234,35.925862449116416,3.870544704606251,26.691493171650468,-0.004653362467352406,0.024276323001731395
tvc150,leg_left_damping,1.7,leg_left_damping_1p7,30,6.126093311144293,23.814143422986554,3.6201750261034835,30.199072993980096,9.702402613880777,24.038470520723056,-0.0001448476319041619,0.029065435168170548
tvc150,leg_left_damping,2.0,leg_left_damping_2,30,0.8418845430123516,26.77899671118031,-1.4022735083857925,39.28278802201278,-5.693583065178817,26.80726991783592,-0.006310027048757686,0.02531264678275826
tvc150,leg_left_mass,0.1,leg_left_mass_0p1,30,-64.49142364127304,42.94563706157984,-58.1765750868948,49.928282532929636,-56.309532094082776,42.96688578220985,-0.08124476442243116,0.04906586736200523
tvc150,leg_left_mass,0.2,leg_left_mass_0p2,30,-82.38395181681062,49.32871088705527,-90.22853556313788,61.49902289963044,-83.23129108802861,49.55162207462434,-0.09186418734511025,0.04816840122061826
tvc150,leg_left_mass,0.3,leg_left_mass_0p3,30,-38.07539662121149,36.92666080655227,-21.571159710364153,37.50398272697719,-27.03110387358372,33.29054479020678,-0.046328626710195955,0.04341410290574691
tvc150,leg_left_mass,0.4,leg_left_mass_0p4,30,-54.81114963098265,44.877497213698064,-49.36191303095663,45.0270846539936,-52.5951586187099,41.57824711790319,-0.06124197996158457,0.04556682815331267
tvc150,leg_left_mass,0.5,leg_left_mass_0p5,30,-60.80382253528747,43.225825961745834,-57.96654206004744,44.028827527782774,-61.631765857505385,42.130112477289764,-0.07763885246230821,0.052242280904204436
tvc150,leg_left_mass,0.6,leg_left_mass_0p6,30,-20.1995360164487,27.231868690359676,-32.70191357299065,35.663433883043055,-25.223614077408158,29.027339246969895,-0.026277381866470894,0.032031785346838995
tvc150,leg_left_mass,0.7,leg_left_mass_0p7,30,-25.82856635066376,41.32870760172791,-33.28356890448805,53.08331255941538,-34.64297248539131,45.442906586138875,-0.03245352532801629,0.04100543083994619
tvc150,leg_left_mass,0.8,leg_left_mass_0p8,30,-21.40418330208634,20.957107245344368,-26.679543415968467,25.65362956316851,-27.00284858301919,19.907987443626997,-0.02939643854547371,0.023934701868181127
tvc150,leg_left_mass,0.9,leg_left_mass_0p9,30,-20.919064008184435,23.942069270168265,-33.77027958025365,35.393383687174314,-33.04778798999254,29.20683661583897,-0.027247118581695935,0.02922244068895458
tvc150,leg_left_mass,1.0,leg_left_mass_1,30,0.0,0.0,0.0,0.0,0.0,0.0,0.0,0.0
tvc150,leg_left_mass,1.1,leg_left_mass_1p1,30,14.698395331660254,18.82644491570258,9.816381514520183,26.77703451338257,8.138216104975937,19.141905450210214,0.011311778739242282,0.022118961060222115
tvc150,leg_left_mass,1.3,leg_left_mass_1p3,30,40.562035633621115,53.37058338517113,32.08454032459237,48.78765461350149,37.417999922503,50.91488258753979,0.039497474023616815,0.044179587135817
tvc150,leg_left_mass,1.5,leg_left_mass_1p5,30,72.73614563656454,37.42764214851562,66.94089744052123,30.076471277009606,65.55157108633699,30.44099413231086,0.07717757210214836,0.03156821907096745
tvc150,leg_left_mass,1.7,leg_left_mass_1p7,30,86.46112446631227,49.746588380291215,74.38674458072228,52.57031710794095,76.25551989686257,48.51101616661373,0.08843823370770276,0.04569184995899743
tvc150,leg_left_mass,2.0,leg_left_mass_2,30,98.12292420952015,49.60008714894732,100.59797890493105,63.397578067446396,99.29419076104372,54.706487484431804,0.10595066678821093,0.04502711447614784
tvc150,thigh_left_actuator_gain,0.0,thigh_left_actuator_gain_0,30,370.26482802149894,123.91583404300378,358.941582012211,118.71972923948188,357.6728760102415,117.7755522575691,0.4099650792694778,0.11554462884563756
tvc150,thigh_left_actuator_gain,0.1,thigh_left_actuator_gain_0p1,30,382.72705578638056,117.58643429015888,375.7367449197793,110.28933878126581,373.11664585404054,110.47960846909217,0.42900545799162876,0.10474892628182726
tvc150,thigh_left_actuator_gain,0.2,thigh_left_actuator_gain_0p2,30,361.1076468385393,107.34080569287768,352.7568825230251,105.90532213931664,354.1008188993549,103.65320146610644,0.40679033878842763,0.09674819400929359
tvc150,thigh_left_actuator_gain,0.3,thigh_left_actuator_gain_0p3,30,308.6752660637481,93.80024378240853,297.4671802427855,90.11256458785732,294.5211292885235,88.80085868871488,0.34094795994487,0.08213056119994284
tvc150,thigh_left_actuator_gain,0.4,thigh_left_actuator_gain_0p4,30,296.00858109270706,85.18188890340576,282.1122334369263,80.99048631838241,281.8197500456511,79.21324606841522,0.331116868575615,0.07213201396517044
tvc150,thigh_left_actuator_gain,0.5,thigh_left_actuator_gain_0p5,30,261.8188342763895,83.75915550399631,254.05351747207158,85.4232512942171,253.5279156455382,84.43413018259686,0.28603847632538165,0.077280397946256
tvc150,thigh_left_actuator_gain,0.6,thigh_left_actuator_gain_0p6,30,214.96699790399413,77.82707848876508,208.3046576250583,77.78340755977221,207.79761699182504,76.15408372446473,0.23111913128644043,0.07523467987959517
tvc150,thigh_left_actuator_gain,0.7,thigh_left_actuator_gain_0p7,30,161.06991149944534,59.333899968363745,152.67430348241004,63.97604125117574,158.27691158471546,61.14503851627353,0.17711352898638694,0.06717881264935313
tvc150,thigh_left_actuator_gain,0.8,thigh_left_actuator_gain_0p8,30,112.23811124479083,47.38715151280258,107.02070880284352,56.54333731329393,107.38359641695843,50.63707890083266,0.11878316916253069,0.05532855370120395
tvc150,thigh_left_actuator_gain,0.9,thigh_left_actuator_gain_0p9,30,23.209650603164086,36.6259465744827,28.969461867837666,47.48517561085894,29.291520882887415,41.015552349146034,0.03185395735750495,0.04042719407509634
tvc150,thigh_left_actuator_gain,1.0,thigh_left_actuator_gain_1,30,0.0,0.0,0.0,0.0,0.0,0.0,0.0,0.0
tvc150,thigh_left_actuator_gain,1.1,thigh_left_actuator_gain_1p1,30,9.231567827526343,27.285337875615383,3.4818554950942504,28.083201750489202,8.52058156832013,25.941307579191424,0.0038531269768589857,0.03449082060380024
tvc150,thigh_left_actuator_gain,1.3,thigh_left_actuator_gain_1p3,30,8.249509127377767,45.65384207794428,16.767601723143898,52.86388613365405,13.470090701633143,46.85971001298807,0.0007798557152128127,0.056631749332335085
tvc150,thigh_left_actuator_gain,1.5,thigh_left_actuator_gain_1p5,30,15.1701572661221,48.179244052612326,4.866017249501999,57.994280630719466,12.74268003501862,51.84023305968044,0.0006267366691275149,0.06416251597977968
tvc150,thigh_left_actuator_gain,1.7,thigh_left_actuator_gain_1p7,30,18.52250768048714,53.61916621209132,20.43130057207544,65.56256966313904,24.617790644501955,57.219932162860786,0.006072541309159857,0.07060528412412256
tvc150,thigh_left_actuator_gain,2.0,thigh_left_actuator_gain_2,30,67.27970060476615,68.95631436814847,67.43012203485863,70.93119516406658,67.0880085247733,70.5676010368323,0.06262748261094325,0.08142523903250326
tvc150,thigh_left_damping,0.0,thigh_left_damping_0,30,26.227860249493137,23.786819552397944,24.249142274332108,28.73371567391334,20.294324992539277,27.69342190229241,0.02676488032358592,0.02606040455200505
tvc150,thigh_left_damping,0.1,thigh_left_damping_0p1,30,5.325667578967771,20.830458180183914,-6.286514177044387,26.036002433873822,-9.632914674028314,19.54203167193089,0.004267725614618082,0.02615588569342307
tvc150,thigh_left_damping,0.2,thigh_left_damping_0p2,30,-6.328065327976881,21.748507035820563,7.930689792370019,27.96851795625361,1.1274110613538235,23.467205512548723,-0.002013419244636982,0.026943832128969527
tvc150,thigh_left_damping,0.3,thigh_left_damping_0p3,30,9.796106563617416,23.531633430193523,16.766607827506068,31.204093169424137,8.186993852357608,23.716035276008906,0.009276391110643444,0.030049647306621675
tvc150,thigh_left_damping,0.4,thigh_left_damping_0p4,30,7.452014951527621,28.29686039457281,19.703027927099537,27.7259887367396,8.242831366334164,23.656290400126437,0.004959189135452206,0.031269315287469
tvc150,thigh_left_damping,0.5,thigh_left_damping_0p5,30,-1.932756658344571,22.386938448605637,-3.48675362836229,35.59867731234142,-2.706414663028153,25.111161954858606,0.0017546468700142968,0.022771251616857172
tvc150,thigh_left_damping,0.6,thigh_left_damping_0p6,30,9.227332723911907,19.286385625779463,-7.2402029607495,35.06734967732797,-1.034669230912285,22.506041545990826,0.013667528009035056,0.02077159976425827
tvc150,thigh_left_damping,0.7,thigh_left_damping_0p7,30,14.026423041679255,23.156253396291365,-1.3404025075533128,29.19913697148367,7.355813414116005,23.661583853108155,0.012269815974489737,0.02619022548953517
tvc150,thigh_left_damping,0.8,thigh_left_damping_0p8,30,16.99322622494751,24.07092120101132,12.272635193669556,30.409888550905812,7.487451806050563,26.49380296691862,0.01616482797199021,0.028473380880784802
tvc150,thigh_left_damping,0.9,thigh_left_damping_0p9,30,11.385210870567626,27.64640834258015,-16.386547171227907,30.33369272426311,-2.7355324383748876,25.922609839505444,0.011929666214815554,0.0289726225742271
tvc150,thigh_left_damping,1.0,thigh_left_damping_1,30,0.0,0.0,0.0,0.0,0.0,0.0,0.0,0.0
tvc150,thigh_left_damping,1.1,thigh_left_damping_1p1,30,3.492095016354911,22.33040349491982,8.281902302336844,33.47270903143153,3.934726002238106,25.16630964595266,0.006428684617842403,0.0271393589277635
tvc150,thigh_left_damping,1.3,thigh_left_damping_1p3,30,9.233212470509093,22.672099453351226,-1.0256769152673106,39.2480471626797,5.7806200038095445,33.63756193459294,0.002977586361237842,0.022486708091427464
tvc150,thigh_left_damping,1.5,thigh_left_damping_1p5,30,17.04151112014943,24.811898987616576,12.5441768506431,23.832356623906563,7.417142772362121,19.604936441887947,0.013088457831324507,0.026173384263082366
tvc150,thigh_left_damping,1.7,thigh_left_damping_1p7,30,29.711466011340043,28.10190005138172,12.276072435359756,30.732586253404317,18.22123766499484,24.37820017976922,0.02981602896729106,0.029994717883385556
tvc150,thigh_left_damping,2.0,thigh_left_damping_2,30,9.968461795044815,20.690692521273004,12.703257393407666,26.568833936728236,11.315166993748077,23.083970067417617,0.009071245559000381,0.024270661976466604
tvc150,thigh_left_mass,0.1,thigh_left_mass_0p1,30,-166.01080859978734,78.18240210596417,-147.89538138872382,69.69920153655703,-139.10392069605598,73.30205603929127,-0.2186843461297564,0.08782052951562823
tvc150,thigh_left_mass,0.2,thigh_left_mass_0p2,30,-199.52594561936056,62.48991084074396,-182.66373511297033,64.17519686289103,-184.81641652239654,62.22205690748309,-0.25941646638194477,0.07994731545073909
tvc150,thigh_left_mass,0.3,thigh_left_mass_0p3,30,-196.47122074875222,62.87982792446813,-194.31319709854426,59.94086050021227,-193.42631515838923,62.63730828764417,-0.24552593216523358,0.07432509859072657
tvc150,thigh_left_mass,0.4,thigh_left_mass_0p4,30,-165.47599502850886,58.95206056434097,-142.99151478730886,54.7079310556524,-147.10764873787502,51.128962920228616,-0.209458253879803,0.0612655953526439
tvc150,thigh_left_mass,0.5,thigh_left_mass_0p5,30,-139.25011906478315,42.49746367378531,-139.22944573858112,45.463518900809014,-135.79642915609057,46.331468021151075,-0.1747021474529241,0.05313848921204494
tvc150,thigh_left_mass,0.6,thigh_left_mass_0p6,30,-98.17306961505234,35.97271940134437,-89.7476776213216,43.88444721136178,-93.61718353983163,38.60478193268158,-0.13084403127637537,0.044907569056282216
tvc150,thigh_left_mass,0.7,thigh_left_mass_0p7,30,-94.10384308929176,42.11166659346373,-90.2318110187391,38.87387642422892,-95.12667398235165,42.90917224928848,-0.10640429576996231,0.04265182933740836
tvc150,thigh_left_mass,0.8,thigh_left_mass_0p8,30,-73.8355817362601,29.546935753319293,-64.69255584855719,39.51608631335904,-61.66141595586409,33.565466884321,-0.09108828320674629,0.034874394094278255
tvc150,thigh_left_mass,0.9,thigh_left_mass_0p9,30,-1.712700549419058,20.19840242222178,-4.620945303692687,34.80669627845671,4.473802145235271,27.580253800269947,-0.006502742363317463,0.026510012032043447
tvc150,thigh_left_mass,1.0,thigh_left_mass_1,30,0.0,0.0,0.0,0.0,0.0,0.0,0.0,0.0
tvc150,thigh_left_mass,1.1,thigh_left_mass_1p1,30,30.040078089537417,20.801583054372326,41.53401169181097,31.13228696880714,37.78678610595692,23.6173383807547,0.034143278318056976,0.022677362398684075
tvc150,thigh_left_mass,1.3,thigh_left_mass_1p3,30,85.40607504239298,42.08209322849267,88.41595283150583,49.6767465125116,85.15759917194676,45.11619398933525,0.09521853796518433,0.041810662363344075
tvc150,thigh_left_mass,1.5,thigh_left_mass_1p5,30,146.9267856680144,58.702813468856455,157.66196774379088,71.21138395362192,150.30731060427945,64.28273133237245,0.16284719243063797,0.05021525095998522
tvc150,thigh_left_mass,1.7,thigh_left_mass_1p7,30,208.51742587129993,63.61918983870031,227.3444105005445,71.90026421058813,214.6537919274402,65.0453952347831,0.23783158881050334,0.049072030929398415
tvc150,thigh_left_mass,2.0,thigh_left_mass_2,30,271.4136122977122,73.65097911663734,284.5057787426634,79.54198257455967,278.02494067399806,73.16405179489715,0.315405632279351,0.052454776591100205
tvc200,foot_left_actuator_gain,0.0,foot_left_actuator_gain_0,30,1100.9345816082662,222.89094316261668,1007.2575426387649,205.8720191152431,1028.1907243701164,212.94241540816932,0.7119583949235992,0.07713864208470238
tvc200,foot_left_actuator_gain,0.1,foot_left_actuator_gain_0p1,30,1083.5508246934385,220.0420922976361,978.4569964821729,206.02021162998892,1004.0504902091892,212.7464521673628,0.7035059149968658,0.07873041870743314
tvc200,foot_left_actuator_gain,0.2,foot_left_actuator_gain_0p2,30,1058.5888856225504,225.37652502192284,971.6692335163955,206.1890531177713,992.7282016597396,215.69048443180202,0.681871211959827,0.08909832320256598
tvc200,foot_left_actuator_gain,0.3,foot_left_actuator_gain_0p3,30,1016.846625371913,218.60601535184102,933.6194804709195,204.21578880247444,953.7287823125148,212.3688429736413,0.6533637288354188,0.08255281416307741
tvc200,foot_left_actuator_gain,0.4,foot_left_actuator_gain_0p4,30,913.7911030487471,199.9680676132004,825.1052582117188,178.99553537685367,859.88962498976,191.3371226955322,0.589871908628842,0.08068725471386065
tvc200,foot_left_actuator_gain,0.5,foot_left_actuator_gain_0p5,30,816.5237324174682,207.89082858845973,762.0723341713502,187.89410065251096,776.9868330007106,196.51214128647115,0.5149077376533855,0.09388294783507271
tvc200,foot_left_actuator_gain,0.6,foot_left_actuator_gain_0p6,30,651.503896271348,185.50908643805127,625.1456090276391,179.6731558577129,628.5479257761813,188.2791898213905,0.4176695395432108,0.0918792445046164
tvc200,foot_left_actuator_gain,0.7,foot_left_actuator_gain_0p7,30,410.03409211114297,181.0843343396961,350.2545849426934,187.31150465351965,361.91671152737945,188.36411951429315,0.27309431369515447,0.09788197402756532
tvc200,foot_left_actuator_gain,0.8,foot_left_actuator_gain_0p8,30,351.1052422835901,138.72594571615818,316.39065359876906,164.69978548810852,328.2517582866432,155.48802439486332,0.2265777409428577,0.07024948313729154
tvc200,foot_left_actuator_gain,0.9,foot_left_actuator_gain_0p9,30,153.50949303055629,87.02234417128675,142.56876919663839,110.66882643769561,134.40364135296923,97.54478732250395,0.10221463327222649,0.05022638676107463
tvc200,foot_left_actuator_gain,1.0,foot_left_actuator_gain_1,30,0.0,0.0,0.0,0.0,0.0,0.0,0.0,0.0
tvc200,foot_left_actuator_gain,1.1,foot_left_actuator_gain_1p1,30,-40.263421994002925,76.31804736010653,-67.35240120971872,125.60382920939723,-59.26872897633679,99.37122794444086,-0.03917781946536566,0.05500080025202687
tvc200,foot_left_actuator_gain,1.3,foot_left_actuator_gain_1p3,30,-220.09673404568878,142.48703450359906,-284.7211745355441,205.9254362440012,-266.2596187054679,177.46066155265282,-0.17206055974113935,0.09950360946545159
tvc200,foot_left_actuator_gain,1.5,foot_left_actuator_gain_1p5,30,-218.90523500658048,139.44455168616375,-256.35651449367344,175.49712920673826,-244.95655120089177,173.10453043382836,-0.1655347525923845,0.09914434185734607
tvc200,foot_left_actuator_gain,1.7,foot_left_actuator_gain_1p7,30,-114.04323106696471,120.22629051216045,-186.47520466304044,183.21930916432638,-146.31809493995826,144.9993190734922,-0.10024060013751764,0.08279837174994224
tvc200,foot_left_actuator_gain,2.0,foot_left_actuator_gain_2,30,24.740933853992782,145.4221045995004,36.78769598339057,219.64258087089434,37.932865675718496,190.04538140666233,-0.010362440647937943,0.1003646689323162
tvc200,foot_left_damping,0.0,foot_left_damping_0,30,-4.530839579329085,74.96419214115818,-16.483372695157527,136.48347084621554,-6.408250742660387,108.63083926650218,-0.01720233850265069,0.04164065460394193
tvc200,foot_left_damping,0.1,foot_left_damping_0p1,30,28.842748553667985,61.82967273730898,18.038601115062907,94.87587615340888,26.116609113402145,74.88139517747307,0.011261225258661243,0.03927465048942695
tvc200,foot_left_damping,0.2,foot_left_damping_0p2,30,46.770985014037215,73.85632862741843,30.148546799580863,131.30144698586463,28.444565809566196,109.48532360593893,0.02042742906129917,0.04037349874015082
tvc200,foot_left_damping,0.3,foot_left_damping_0p3,30,20.305800861439376,48.369094277303574,20.465767195581883,55.163163464492264,19.409654792671017,46.171124614788994,0.006026695199593876,0.03298545049336258
tvc200,foot_left_damping,0.4,foot_left_damping_0p4,30,-0.4555655408247617,84.0095334208843,-21.641193293403813,137.48440051665685,-2.0228632150774577,125.0280068409914,-0.001123871637302725,0.040983568237017994
tvc200,foot_left_damping,0.5,foot_left_damping_0p5,30,8.137100569108497,60.776655965693415,-5.9125928440635755,113.6123406700105,1.0230688682773652,83.18095168243332,-0.002155815523192724,0.03530742058059335
tvc200,foot_left_damping,0.6,foot_left_damping_0p6,30,-9.459169801409628,71.36378208518592,-46.81618661197391,149.68939832031074,-20.192899839832368,107.58277372194861,-0.014339707541395694,0.03759353257510718
tvc200,foot_left_damping,0.7,foot_left_damping_0p7,30,-11.260614395236674,65.39105460623354,-49.09016847077182,123.406872462161,-30.82611250448086,96.8983165276466,-0.011826712645888884,0.03860654430832321
tvc200,foot_left_damping,0.8,foot_left_damping_0p8,30,9.609274527092168,65.56159734225257,-21.938984271395984,99.44356888093228,-5.342074187583012,83.81762784650988,0.013301169794069185,0.035184196709630224
tvc200,foot_left_damping,0.9,foot_left_damping_0p9,30,-7.603491853385863,74.66455672632088,-13.99919279970654,89.3402639767475,-15.4481235033268,88.8820731527613,-0.01027907814732262,0.04428261988924564
tvc200,foot_left_damping,1.0,foot_left_damping_1,30,0.0,0.0,0.0,0.0,0.0,0.0,0.0,0.0
tvc200,foot_left_damping,1.1,foot_left_damping_1p1,30,-16.94731357344466,91.50163230175562,-52.61353013855042,81.26271937966142,-55.73023893280668,109.41114004751225,-0.008111479582587221,0.05397368817923079
tvc200,foot_left_damping,1.3,foot_left_damping_1p3,30,27.318147628555884,52.672183160205996,48.5615978912059,97.35691580697772,32.46136624600746,66.67628838959939,0.01270562012963902,0.04127030542254913
tvc200,foot_left_damping,1.5,foot_left_damping_1p5,30,-29.32110568577726,79.72466133381022,-5.485115299919028,73.53612345383166,-32.532442421216274,76.52789257036329,-0.023490361491495023,0.05251508795558019
tvc200,foot_left_damping,1.7,foot_left_damping_1p7,30,0.5714308620246054,96.77349268654541,-21.268516143332516,124.38788419958234,-16.44230317597441,118.76753607661365,-0.00935006443788916,0.05547918128473997
tvc200,foot_left_damping,2.0,foot_left_damping_2,30,-24.886074292564185,79.123735178669,-59.97947605349154,109.53624557878422,-62.28354447989621,96.87447511669863,-0.010315635735904992,0.05277244327703192
tvc200,foot_left_friction,0.0,foot_left_friction_0,30,316.56218752503383,146.2727464604505,318.10312040036456,153.8781876761663,303.6168039046162,159.18439061855148,0.1819277284189082,0.0753742372655774
tvc200,foot_left_friction,0.1,foot_left_friction_0p1,30,316.56218752503383,146.2727464604505,318.10312040036456,153.8781876761663,303.6168039046162,159.18439061855148,0.1819277284189082,0.0753742372655774
tvc200,foot_left_friction,0.2,foot_left_friction_0p2,30,316.56218752503383,146.2727464604505,318.10312040036456,153.8781876761663,303.6168039046162,159.18439061855148,0.1819277284189082,0.0753742372655774
tvc200,foot_left_friction,0.3,foot_left_friction_0p3,30,316.56218752503383,146.2727464604505,318.10312040036456,153.8781876761663,303.6168039046162,159.18439061855148,0.1819277284189082,0.0753742372655774
tvc200,foot_left_friction,0.4,foot_left_friction_0p4,30,278.46300490586407,135.8319337302651,270.8400660010976,148.41254417453754,269.74298338671844,142.04162856392986,0.16318181743207488,0.07232549910080467
tvc200,foot_left_friction,0.5,foot_left_friction_0p5,30,195.0199479972841,134.31258736537546,146.0052683029984,130.22581752685096,167.10209354079632,134.62333839523055,0.11089217736486531,0.07139933086887026
tvc200,foot_left_friction,0.6,foot_left_friction_0p6,30,59.7940815984159,112.21026988165447,24.17679220854853,168.4706194911775,36.436745022813014,140.40807513837893,0.040491978341596464,0.05938214129854564
tvc200,foot_left_friction,0.7,foot_left_friction_0p7,30,45.7407211514433,86.59375510505643,9.238360200354453,139.01767597744444,18.93685785210836,112.1955333282461,0.04123898413590525,0.04961850889869655
tvc200,foot_left_friction,0.8,foot_left_friction_0p8,30,30.68905560709762,66.77555648433335,1.0221617579715712,92.39801120758779,-0.06274245343996654,74.11389577414722,0.023123652531053952,0.03761306825418742
tvc200,foot_left_friction,0.9,foot_left_friction_0p9,30,-37.02595449390974,86.8048031377663,-47.19645318627576,120.47665112900434,-53.13637457638564,99.69366970440907,-0.01667708550911555,0.0480052204737605
tvc200,foot_left_friction,1.0,foot_left_friction_1,30,0.0,0.0,0.0,0.0,0.0,0.0,0.0,0.0
tvc200,foot_left_friction,1.1,foot_left_friction_1p1,30,16.8957138767319,118.38531247416617,20.787001425648803,143.71691721946584,11.396922241170678,150.2060313022882,-0.0006335300825926327,0.06516656033277966
tvc200,foot_left_friction,1.3,foot_left_friction_1p3,30,51.20081136557097,154.30088840563468,57.33542366858186,170.48631224570673,51.5802390474286,174.68344088310954,0.00466063436409064,0.08189527295642691
tvc200,foot_left_friction,1.5,foot_left_friction_1p5,30,151.86197907803552,151.23028746604214,141.19051800247058,145.36865203465558,136.0258325650892,156.5550967346375,0.0832008474813067,0.09559413356637601
tvc200,foot_left_friction,1.7,foot_left_friction_1p7,30,294.68865509137527,191.78454954891177,266.86195613415805,187.76895568856438,288.0278470856302,196.83754993751933,0.18935003773375403,0.1093458979033151
tvc200,foot_left_friction,2.0,foot_left_friction_2,30,624.6801456219931,202.42220493321156,609.4143809532197,196.6694033099289,611.0115337589436,204.45245175098876,0.3975309073051857,0.09831075214766499
tvc200,foot_left_mass,0.1,foot_left_mass_0p1,30,294.281066750387,130.4582182003747,285.18323177041674,139.7420114627262,288.15952074381846,136.83747958814817,0.19528601732499334,0.07309446046196723
tvc200,foot_left_mass,0.2,foot_left_mass_0p2,30,161.5089795610688,130.75284336905622,167.16718346514855,145.72508713160008,171.8799631088677,140.86546656267402,0.09089859156367157,0.08185278075814907
tvc200,foot_left_mass,0.3,foot_left_mass_0p3,30,91.91281620276871,106.95503020738825,69.90913450464362,132.04393864043712,86.18855413952227,119.02930334976001,0.05897388819045162,0.0794305279956345
tvc200,foot_left_mass,0.4,foot_left_mass_0p4,30,48.471728307491176,137.92659408263648,-13.391527726123062,191.85094519713508,4.1932086803182775,163.0144518201528,0.032404947569304565,0.09534432840601974
tvc200,foot_left_mass,0.5,foot_left_mass_0p5,30,30.38270575085672,113.68294223298982,-24.861593101607273,158.13206844397658,-5.603596073370325,143.52361457975238,0.017000644907864404,0.07446266869011865
tvc200,foot_left_mass,0.6,foot_left_mass_0p6,30,-10.495765858202898,113.78145980818006,-32.477611500183386,161.25847064749482,-27.634876857962045,146.2163563431286,-0.005178956831510218,0.07160709146761678
tvc200,foot_left_mass,0.7,foot_left_mass_0p7,30,-11.48371698221118,91.19525430241657,-45.675374481068,154.3404557988343,-27.499148504129902,132.88809852340316,-0.01615393694470558,0.05276870664387317
tvc200,foot_left_mass,0.8,foot_left_mass_0p8,30,-20.63570199036565,86.95713927053008,-52.939064965037375,131.77940778347642,-43.13860517314054,115.85320201919968,-0.017377350545645688,0.050396395272084143
tvc200,foot_left_mass,0.9,foot_left_mass_0p9,30,8.632459150357215,78.55457740420682,-30.86499846213848,146.24136614966844,-14.93899523104224,115.57092861743176,-0.00293556130894221,0.045312190714430545
tvc200,foot_left_mass,1.0,foot_left_mass_1,30,0.0,0.0,0.0,0.0,0.0,0.0,0.0,0.0
tvc200,foot_left_mass,1.1,foot_left_mass_1p1,30,-1.003774075618882,85.68186041600929,-66.30735340197252,144.40980747967905,-25.701121949559546,123.95124244965719,0.005266376731967911,0.04639514673996371
tvc200,foot_left_mass,1.3,foot_left_mass_1p3,30,21.16189375406137,107.31892331664486,-23.690265789570375,150.10749372000726,-3.50245396434766,137.022509278712,0.008977558742376244,0.05700786212568384
tvc200,foot_left_mass,1.5,foot_left_mass_1p5,30,40.7826158341034,118.59569846624129,21.016815607796637,148.03137142933076,13.58067653357859,145.99290832076787,0.01000120917757528,0.0745622129436046
tvc200,foot_left_mass,1.7,foot_left_mass_1p7,30,26.518601145297094,143.55557280140243,-68.36573718226947,186.13484945076507,-29.737633151745126,165.0487918603082,-0.008243901597317147,0.09322140169177727
tvc200,foot_left_mass,2.0,foot_left_mass_2,30,96.52724759095354,169.43260248247523,21.762490358949517,204.41357243956483,59.6664909827725,198.8354984409815,0.021261424971884775,0.11521654390880484
tvc200,leg_left_actuator_gain,0.0,leg_left_actuator_gain_0,30,974.5441318587023,245.91465168350493,883.3060001496813,234.05544045642915,909.5374009299802,240.67858052488194,0.589878230759687,0.12216744025137245
tvc200,leg_left_actuator_gain,0.1,leg_left_actuator_gain_0p1,30,867.8205109241943,236.68369305718878,786.9371620862906,223.47437796797752,804.4595547982661,231.56877177553864,0.5170459402947446,0.11144612675363921
tvc200,leg_left_actuator_gain,0.2,leg_left_actuator_gain_0p2,30,674.7199963173623,217.99435674115796,631.6775252858567,210.7970694238641,652.3316724276959,220.82363986296622,0.3827653640216846,0.11254061662031273
tvc200,leg_left_actuator_gain,0.3,leg_left_actuator_gain_0p3,30,436.6270761548483,195.15040810479914,418.1405951264091,205.80533196735774,419.46895092366424,207.9669557744286,0.23438221367254805,0.09672333063884486
tvc200,leg_left_actuator_gain,0.4,leg_left_actuator_gain_0p4,30,187.77238577757907,171.76177006580428,164.13761828732993,175.00064690471007,174.42221800484774,179.8104796968154,0.08153456768369735,0.10032452414177123
tvc200,leg_left_actuator_gain,0.5,leg_left_actuator_gain_0p5,30,136.9457861831538,145.85784581433842,129.96535289336484,189.0915097923815,139.1025217466826,179.3372059800739,0.06307657952970686,0.07339181508142799
tvc200,leg_left_actuator_gain,0.6,leg_left_actuator_gain_0p6,30,49.894566316685065,93.19373865438956,-1.2625331996226123,140.25330989717915,21.643090554776336,119.84453090246808,0.02482096597680554,0.049581927178968074
tvc200,leg_left_actuator_gain,0.7,leg_left_actuator_gain_0p7,30,-29.57806949560723,97.42417747390769,-112.12254686256405,166.0854724325706,-68.8237369448532,126.6823368576912,-0.020276428808907624,0.057199959110919546
tvc200,leg_left_actuator_gain,0.8,leg_left_actuator_gain_0p8,30,-63.32684439368917,71.99152791915937,-74.74343325794148,91.82615214635864,-85.00483380726773,80.36206194377478,-0.035037948265398224,0.047460010281445426
tvc200,leg_left_actuator_gain,0.9,leg_left_actuator_gain_0p9,30,-39.394658960315965,57.08351791095037,-53.39831659841131,94.1130351684663,-56.08724260734139,73.09378421611771,-0.02074394784192428,0.035559997021429854
tvc200,leg_left_actuator_gain,1.0,leg_left_actuator_gain_1,30,0.0,0.0,0.0,0.0,0.0,0.0,0.0,0.0
tvc200,leg_left_actuator_gain,1.1,leg_left_actuator_gain_1p1,30,11.543936502243549,78.10526618738751,9.521783339938334,96.58230715216843,18.892476850816653,94.2112785533447,-0.0048868002696289955,0.041782156521718454
tvc200,leg_left_actuator_gain,1.3,leg_left_actuator_gain_1p3,30,36.769432845175466,90.92972448403037,37.731143023064284,116.53554383156752,41.01534414532571,105.99466996247737,0.015840180306596615,0.051190079291197
tvc200,leg_left_actuator_gain,1.5,leg_left_actuator_gain_1p5,30,108.21264419248406,88.90306961832557,99.22567248381056,101.93557090997848,102.77188456299064,94.17075101211391,0.06440130850422587,0.04520408591793691
tvc200,leg_left_actuator_gain,1.7,leg_left_actuator_gain_1p7,30,167.5278723779405,112.45037220700013,155.74067609905822,125.14346486540947,154.0213665827028,122.42221042113317,0.09421307887814886,0.06387229760866397
tvc200,leg_left_actuator_gain,2.0,leg_left_actuator_gain_2,30,213.05964385158507,127.7300070305637,185.0622244833759,130.6432954939375,197.57017676273801,137.2994554403935,0.12730256293037676,0.06849433923518838
tvc200,leg_left_damping,0.0,leg_left_damping_0,30,3.709960251957549,77.27403044573806,-33.14465200269085,108.70276761945885,-12.810785576960878,85.07020947153292,0.001826231531950052,0.047474623783129596
tvc200,leg_left_damping,0.1,leg_left_damping_0p1,30,-47.41277216449929,80.5983965980297,-98.31515679364023,143.77613010299652,-66.77222122979735,113.40665533436845,-0.0295425299220075,0.04460404031828137
tvc200,leg_left_damping,0.2,leg_left_damping_0p2,30,32.04036901405777,76.60679722967808,8.976119278886562,151.23063670143097,25.406455210665907,111.79745578802759,0.015367229758829874,0.03519899644865574
tvc200,leg_left_damping,0.3,leg_left_damping_0p3,30,8.572612781839934,86.08284340493977,-9.532264363240294,153.92067860008922,0.41494124399344706,126.16553896837986,-0.0007182472046805036,0.04574558897008932
tvc200,leg_left_damping,0.4,leg_left_damping_0p4,30,-21.242785236801524,83.81021833387318,-45.5237141003527,170.44965519949497,-32.26012516514369,133.83103992917862,-0.010397494259758621,0.04412856850480041
tvc200,leg_left_damping,0.5,leg_left_damping_0p5,30,-5.5123355631042195,81.39578680938928,-50.72929989389514,171.8274454555689,-39.905009307104436,124.3155286349196,0.0062992177747241826,0.04230309924249107
tvc200,leg_left_damping,0.6,leg_left_damping_0p6,30,-1.078334784270559,67.21309118319125,-21.976161936324058,116.01104614885402,-17.699455466715122,80.44268666403008,-0.001876295684174641,0.03920901809320209
tvc200,leg_left_damping,0.7,leg_left_damping_0p7,30,-17.28500770630255,56.19076964663831,4.0812826429792075,88.82474270419091,-19.20575201338513,74.83312537494265,-0.009794131341106686,0.03433281269284156
tvc200,leg_left_damping,0.8,leg_left_damping_0p8,30,-19.333379217061292,69.37694694090452,-38.69668130588687,74.25762468651327,-41.68859657366542,74.96546744241398,-0.017547360902132523,0.04358546873208821
tvc200,leg_left_damping,0.9,leg_left_damping_0p9,30,0.6091720298042522,64.9928126753719,-28.213696379745656,125.78491841407966,-9.290310433675911,90.77948200584844,-0.0038027479205500424,0.03800502720126327
tvc200,leg_left_damping,1.0,leg_left_damping_1,30,0.0,0.0,0.0,0.0,0.0,0.0,0.0,0.0
tvc200,leg_left_damping,1.1,leg_left_damping_1p1,30,-5.121417058283949,76.93847345515644,-16.946071341105657,122.16660907336943,-1.6054305663958794,100.17632163012784,-0.0061482008588364355,0.04072444733773721
tvc200,leg_left_damping,1.3,leg_left_damping_1p3,30,12.093087147041752,56.35909210902331,20.327308311977415,110.03301673138783,17.264633507798198,74.16086168646287,0.004681646304743459,0.03385778211065824
tvc200,leg_left_damping,1.5,leg_left_damping_1p5,30,4.4754366634829275,93.45296882972964,-47.5424511275312,147.97692999695565,-38.94945776153748,129.25923758410352,-0.004463845819488613,0.05240723286987926
tvc200,leg_left_damping,1.7,leg_left_damping_1p7,30,-16.724957788633205,53.713119012003645,-13.536846296077256,100.32287360653672,-12.820997646534154,63.997493237244285,-0.01343449707425204,0.03737411614414429
tvc200,leg_left_damping,2.0,leg_left_damping_2,30,-20.660905577069627,59.391159113069996,-17.3905615824083,94.07296428984114,-24.35710710325308,71.49545301181443,-0.009688752408487987,0.037265126392306745
tvc200,leg_left_mass,0.1,leg_left_mass_0p1,30,-220.48461141672092,139.38975120151704,-258.99040078296946,176.7836063275496,-230.87815840346641,162.14312282394093,-0.1534876746171874,0.11720665058977872
tvc200,leg_left_mass,0.2,leg_left_mass_0p2,30,-198.7493918865463,127.53708430460253,-289.76187481702544,158.52143975558766,-236.25761657464258,149.02030873557342,-0.13146321542031342,0.09580667709062991
tvc200,leg_left_mass,0.3,leg_left_mass_0p3,30,-129.01483513251216,112.8198297697676,-189.77489410205374,113.76686975780872,-154.2322007057953,115.37801658697961,-0.08742124521445523,0.08940944563222238
tvc200,leg_left_mass,0.4,leg_left_mass_0p4,30,-157.4133133048022,105.65905523794306,-140.56706539730982,127.37313268661839,-149.85113956212848,126.76260800612164,-0.10206209816752337,0.07174381114517123
tvc200,leg_left_mass,0.5,leg_left_mass_0p5,30,-108.19283705617153,112.42509202703127,-122.8148134157508,133.56379945700576,-112.98862355456546,135.53925750443477,-0.06644661562436217,0.0741723586400676
tvc200,leg_left_mass,0.6,leg_left_mass_0p6,30,-73.78137396362463,84.82969357445798,-107.46530505977984,121.81471738599423,-92.6488655858374,97.0425302790502,-0.04694769920797469,0.05373385542651592
tvc200,leg_left_mass,0.7,leg_left_mass_0p7,30,-125.63437369043103,95.64363815770598,-160.08954942241533,156.83873040080115,-142.91626089879156,142.09762805774525,-0.07440965176589592,0.05449357945816459
tvc200,leg_left_mass,0.8,leg_left_mass_0p8,30,-87.2791032118268,80.73717651702594,-87.3327869005789,111.09854764045325,-82.26534605239723,93.76869552776931,-0.056017928204298593,0.053602320202037194
tvc200,leg_left_mass,0.9,leg_left_mass_0p9,30,-51.63089187780563,109.51611386427079,-102.80711985872958,166.46880352944714,-84.07105976575818,152.75683734384575,-0.026916950753069976,0.06338428898407933
tvc200,leg_left_mass,1.0,leg_left_mass_1,30,0.0,0.0,0.0,0.0,0.0,0.0,0.0,0.0
tvc200,leg_left_mass,1.1,leg_left_mass_1p1,30,-16.216522923529094,73.17723916233447,-58.98261680389945,106.71806194922694,-37.67138628167343,85.37958933256223,-0.008530884748513552,0.04260363205067457
tvc200,leg_left_mass,1.3,leg_left_mass_1p3,30,-1.521193098488349,107.84342690909682,-33.64024764721118,113.85083443794753,-18.35918935712781,126.5205524289704,4.3958963698565814e-05,0.0679656110834155
tvc200,leg_left_mass,1.5,leg_left_mass_1p5,30,127.87815896885108,90.45166615613707,107.80492368995449,128.93714162014948,111.6761557452086,113.20720717900703,0.08561905733841552,0.05593270202567376
tvc200,leg_left_mass,1.7,leg_left_mass_1p7,30,89.23726840825044,135.38394918957815,-4.8998500301066805,168.16559936269866,41.14365473025747,162.02027041219182,0.0658504954126263,0.08111085337420451
tvc200,leg_left_mass,2.0,leg_left_mass_2,30,177.3425344906676,143.98686074624345,89.24916282752089,171.78153096145599,136.03436445448054,161.7338309937762,0.1191105481762253,0.08533279742839239
tvc200,thigh_left_actuator_gain,0.0,thigh_left_actuator_gain_0,30,1180.5040532986916,224.90651423613096,1112.701547687987,221.9421642595351,1122.0451972348162,223.69685174897336,0.7723284488255602,0.07861098145775809
tvc200,thigh_left_actuator_gain,0.1,thigh_left_actuator_gain_0p1,30,1100.84922549537,216.6777645217392,1013.9390794414554,203.61179875576732,1031.5595177300675,207.88593188478862,0.717249668379902,0.07056130882203307
tvc200,thigh_left_actuator_gain,0.2,thigh_left_actuator_gain_0p2,30,995.0216045211447,224.6200903088145,886.2316506320515,208.72113688739483,915.3960249977944,217.64496529198894,0.6312532029026392,0.08040175427780691
tvc200,thigh_left_actuator_gain,0.3,thigh_left_actuator_gain_0p3,30,906.5249576940205,212.68551433916977,836.4216284087053,207.87398713923142,853.0014338031532,211.16782500531016,0.5702590662373775,0.08360258576247662
tvc200,thigh_left_actuator_gain,0.4,thigh_left_actuator_gain_0p4,30,811.7113388223993,184.55352683116107,765.5092030546696,189.55628570828983,774.0063397398143,187.82153293696356,0.5138694670459505,0.07139183906530347
tvc200,thigh_left_actuator_gain,0.5,thigh_left_actuator_gain_0p5,30,677.6283135991573,153.23897629552536,617.6993693525438,153.84405449796392,637.4369965374842,157.12723722149073,0.4312218480563724,0.056879272891835114
tvc200,thigh_left_actuator_gain,0.6,thigh_left_actuator_gain_0p6,30,518.2832115478172,150.65062941249246,484.3056515419163,144.54427863845598,500.20217340431066,153.64265619531145,0.3168149997162478,0.06713001484085081
tvc200,thigh_left_actuator_gain,0.7,thigh_left_actuator_gain_0p7,30,396.2649965630551,136.5502802716023,352.7467285238749,133.85456091010542,359.22849340887353,140.66059404376716,0.24250568329784272,0.06480061235939133
tvc200,thigh_left_actuator_gain,0.8,thigh_left_actuator_gain_0p8,30,246.10709770397662,110.94482290837475,227.41926753034025,121.96577750181362,248.07264889553917,125.20669533271976,0.14929865909754864,0.049646165691469527
tvc200,thigh_left_actuator_gain,0.9,thigh_left_actuator_gain_0p9,30,123.74993657555328,106.72313520015048,133.17805669443644,132.24571191341758,119.5986745856328,126.64672933414622,0.07245435411668337,0.05137635275557285
tvc200,thigh_left_actuator_gain,1.0,thigh_left_actuator_gain_1,30,0.0,0.0,0.0,0.0,0.0,0.0,0.0,0.0
tvc200,thigh_left_actuator_gain,1.1,thigh_left_actuator_gain_1p1,30,-27.59010631073095,86.74981498504037,-40.970518278019576,104.3648904446924,-59.44283322292137,101.70222579109702,-0.029061041118123607,0.05101293717487962
tvc200,thigh_left_actuator_gain,1.3,thigh_left_actuator_gain_1p3,30,4.980416279981838,86.66594557842359,-42.924699381804935,120.44339290007746,-16.406105706931864,103.45761615899637,-0.00594219545040745,0.05653142656530503
tvc200,thigh_left_actuator_gain,1.5,thigh_left_actuator_gain_1p5,30,-6.70782061131248,117.00359314588052,-40.12294232286033,157.7178482178265,-40.55247331383628,146.7402039513325,-0.008558877125640593,0.07021629002155684
tvc200,thigh_left_actuator_gain,1.7,thigh_left_actuator_gain_1p7,30,20.875381121361258,119.57972988951036,-54.852226057649894,146.8537025747257,-34.08256822642729,130.79728565627659,0.011554130534770415,0.08447744493628406
tvc200,thigh_left_actuator_gain,2.0,thigh_left_actuator_gain_2,30,112.1630405579742,133.84522031384887,49.14521807353477,175.9732720511495,64.92400027762297,155.2027641112885,0.07140474603161588,0.08659481281524019
tvc200,thigh_left_damping,0.0,thigh_left_damping_0,30,-31.644279124704713,71.33253999187504,-89.5390929437374,125.86659148075576,-54.23982806427818,97.81191470118792,-0.014196705743557659,0.040798548892640986
tvc200,thigh_left_damping,0.1,thigh_left_damping_0p1,30,41.384942640723345,62.02504697098167,33.506935321991925,79.91565635805526,39.6916786030592,68.0019798019467,0.018399009518033548,0.03471903685562885
tvc200,thigh_left_damping,0.2,thigh_left_damping_0p2,30,2.4939283082961574,88.80454754404595,-32.67504199601992,134.99729937485202,-18.883994774417296,119.91843492681413,0.0020029136715544247,0.046041955617347564
tvc200,thigh_left_damping,0.3,thigh_left_damping_0p3,30,-15.835367186893366,86.71721422834005,-54.40963751242007,155.23560432382706,-21.210717059071346,105.70864559313603,-0.015984179534142728,0.053244198394862524
tvc200,thigh_left_damping,0.4,thigh_left_damping_0p4,30,20.797258417110307,48.48693454716903,25.98877404887465,76.48775039937131,25.50674550244754,56.84308455314216,0.009028237515530004,0.031637047906333426
tvc200,thigh_left_damping,0.5,thigh_left_damping_0p5,30,-57.35022425570126,75.13687843304805,-76.34238811357987,132.73211662828544,-72.0571847781704,103.33952669361216,-0.03126678213643582,0.04262592649272088
tvc200,thigh_left_damping,0.6,thigh_left_damping_0p6,30,-37.98060438750528,60.06254236936558,-73.97547738497262,89.87583299451991,-63.921244270390346,83.03287265741496,-0.021133898423655942,0.03443513983245796
tvc200,thigh_left_damping,0.7,thigh_left_damping_0p7,30,-13.23862952692915,55.94597369755643,-33.92569680326938,60.015445492804076,-46.464641177328936,61.670956277888806,-0.00983228517435272,0.03819433826926127
tvc200,thigh_left_damping,0.8,thigh_left_damping_0p8,30,27.41277856566894,41.395108458667785,7.737799457710074,95.08866600893818,23.20923309514889,63.81768444343206,0.010819722762095118,0.027628664868320992
tvc200,thigh_left_damping,0.9,thigh_left_damping_0p9,30,12.129206908577357,85.96748422023973,-28.380667627836637,130.5929088908334,-10.367411130031936,117.33159972020577,0.0025326555212306025,0.04832253443536986
tvc200,thigh_left_damping,1.0,thigh_left_damping_1,30,0.0,0.0,0.0,0.0,0.0,0.0,0.0,0.0
tvc200,thigh_left_damping,1.1,thigh_left_damping_1p1,30,8.094217929578413,76.04144461298496,8.118767265973728,81.61948068888111,-0.2700861785526968,89.71283767165322,0.007635927221251225,0.04131687168502569
tvc200,thigh_left_damping,1.3,thigh_left_damping_1p3,30,-20.06439925730303,79.83279813161431,-70.24607820482454,116.44283437570103,-42.659010529978644,97.72143657529004,-0.011255951850185542,0.047818565411204716
tvc200,thigh_left_damping,1.5,thigh_left_damping_1p5,30,-31.14654620499331,70.09019929097929,-76.53608828549656,129.34325800442554,-66.74823053980703,91.42410654419287,-0.01328001907071034,0.039649409621747615
tvc200,thigh_left_damping,1.7,thigh_left_damping_1p7,30,-13.836599327538105,60.37619137266285,-60.200144734274524,119.99820794359887,-33.2014500157997,85.8780324555359,-0.009309216086495216,0.034074571892336376
tvc200,thigh_left_damping,2.0,thigh_left_damping_2,30,-6.0258069731367145,62.11346788216871,-44.343952540670294,116.5173938322299,-31.735735989498917,94.03751019000747,-0.0030528178780128926,0.03398301460490447
tvc200,thigh_left_mass,0.1,thigh_left_mass_0p1,30,-573.202977668984,154.09013873156633,-687.7287594825625,224.65880319095356,-645.8224888837631,202.97637670976764,-0.44564870230902204,0.13520771407801313
tvc200,thigh_left_mass,0.2,thigh_left_mass_0p2,30,-623.9819888056059,174.6644536556965,-750.6042950759232,250.20840819724265,-709.7294130351622,225.15590343557662,-0.4640588255648422,0.13497063815465773
tvc200,thigh_left_mass,0.3,thigh_left_mass_0p3,30,-517.6638343881797,165.4358773559156,-618.6062829062122,234.9471268603898,-577.7454625859223,209.39411455108728,-0.39534505264193337,0.1268373283120541
tvc200,thigh_left_mass,0.4,thigh_left_mass_0p4,30,-524.7197419566255,147.2921648111698,-653.4563598765804,224.11612598556906,-597.2733016886867,203.22512605664036,-0.38538569079387336,0.10572730816299653
tvc200,thigh_left_mass,0.5,thigh_left_mass_0p5,30,-380.6320412780162,139.6157528843597,-424.70496747098707,180.42972153352895,-432.81416446753,184.70749640330848,-0.2694445389596796,0.09682670049179071
tvc200,thigh_left_mass,0.6,thigh_left_mass_0p6,30,-368.5420482685389,123.43077561038339,-459.91986287744714,189.7707613972356,-414.80779387348207,168.55764438605794,-0.25190363112307856,0.08400710109718655
tvc200,thigh_left_mass,0.7,thigh_left_mass_0p7,30,-271.35390248112714,134.5267157339756,-342.59824840090283,180.5764809985371,-318.69386403232767,173.14623986372538,-0.18640234507951428,0.08843730449851597
tvc200,thigh_left_mass,0.8,thigh_left_mass_0p8,30,-223.04910649578883,104.69784176242217,-297.059411162642,151.97308148514026,-255.31881293474498,122.76018126774142,-0.15034710977305482,0.06476032082254059
tvc200,thigh_left_mass,0.9,thigh_left_mass_0p9,30,-135.12537804262033,98.95987026963851,-154.12098860809823,155.4182523989443,-153.81197223541898,138.49933425430626,-0.08588380968748258,0.060269853045315847
tvc200,thigh_left_mass,1.0,thigh_left_mass_1,30,0.0,0.0,0.0,0.0,0.0,0.0,0.0,0.0
tvc200,thigh_left_mass,1.1,thigh_left_mass_1p1,30,22.349095581253426,83.9400749969503,-25.81065688758813,110.33787462126472,4.853431943346535,99.72717676505324,0.01964666755740566,0.05199001502556968
tvc200,thigh_left_mass,1.3,thigh_left_mass_1p3,30,196.75550880049187,109.00937071495294,158.93342240921186,108.77169533366194,180.70350443669267,114.01132627313532,0.14147710028579458,0.05954578770579531
tvc200,thigh_left_mass,1.5,thigh_left_mass_1p5,30,336.93971121059417,104.60551814622426,299.9309999788616,107.08107018784341,322.9421657951964,108.55203859399566,0.23449372024213672,0.056292640366399686
tvc200,thigh_left_mass,1.7,thigh_left_mass_1p7,30,498.64826674283864,137.77823963104686,439.442858165131,131.2193651822039,472.34501349733563,141.17716378222204,0.34024899130448255,0.06628331316687139
tvc200,thigh_left_mass,2.0,thigh_left_mass_2,30,616.6278589491973,148.4178998456084,542.3126904171938,144.7691946122424,567.2544468444381,154.4019347709651,0.412547554340582,0.06278671222392103
tvc225,foot_left_actuator_gain,0.0,foot_left_actuator_gain_0,30,1544.3867866453122,300.79070349887036,1549.1903932946548,350.03707004976684,1567.0349761203217,337.24321141844,0.7829351515741723,0.059485327084164256
tvc225,foot_left_actuator_gain,0.1,foot_left_actuator_gain_0p1,30,1492.3642825190457,306.2326988088795,1502.1398291413193,353.4000676886308,1517.996907131509,342.84116552363554,0.7428223361474895,0.07628517515977498
tvc225,foot_left_actuator_gain,0.2,foot_left_actuator_gain_0p2,30,1406.5075001041273,309.45302637820527,1411.9159809420328,355.79134792586456,1425.1407608487393,345.91631838408455,0.6929972627574812,0.08774328242240542
tvc225,foot_left_actuator_gain,0.3,foot_left_actuator_gain_0p3,30,1340.2254216848667,311.3857276691258,1365.2894887102525,357.6976989469407,1372.8296009526625,347.9183842094663,0.6554362435257406,0.09825736474139002
tvc225,foot_left_actuator_gain,0.4,foot_left_actuator_gain_0p4,30,1266.2077571472219,294.31433149855616,1316.9579690599821,359.77880452584395,1324.8937272771761,345.2990150431254,0.6155505100236702,0.09661815338021718
tvc225,foot_left_actuator_gain,0.5,foot_left_actuator_gain_0p5,30,1127.4383268737424,286.98596252571184,1176.5806293144706,342.87708059733745,1175.362415494678,323.4874025369026,0.5475060817758344,0.10570225722671131
tvc225,foot_left_actuator_gain,0.6,foot_left_actuator_gain_0p6,30,933.782664485355,267.3410619540929,958.2585121502065,315.7116332874508,977.7278095274206,292.8849848868157,0.4615468465174434,0.10362565936783355
tvc225,foot_left_actuator_gain,0.7,foot_left_actuator_gain_0p7,30,695.7295933591566,199.08655176400606,708.7447996467088,255.8444359801547,754.7398784210238,238.69004523118963,0.34889818254331145,0.08822518571075827
tvc225,foot_left_actuator_gain,0.8,foot_left_actuator_gain_0p8,30,456.2410357265309,157.84937368675486,474.7124115872133,201.8490235537315,491.7380312402671,197.16006658866067,0.23067257489115006,0.07672515817359657
tvc225,foot_left_actuator_gain,0.9,foot_left_actuator_gain_0p9,30,180.32750447529,99.60296756687208,165.87485215817017,145.24849609287986,209.62501790503694,128.97274451220542,0.09372800893688904,0.049929059593204296
tvc225,foot_left_actuator_gain,1.0,foot_left_actuator_gain_1,30,0.0,0.0,0.0,0.0,0.0,0.0,0.0,0.0
tvc225,foot_left_actuator_gain,1.1,foot_left_actuator_gain_1p1,30,22.228816973758345,127.28336496915978,80.36322256941006,177.54245260654048,93.6959475117958,167.38277700164065,-0.020740735741144507,0.06093108371681246
tvc225,foot_left_actuator_gain,1.3,foot_left_actuator_gain_1p3,30,-100.76952653862622,167.36809089093916,-110.4986244816246,192.82982061232852,-98.45750474412085,191.4686747900958,-0.09115946771921342,0.10131349062359685
tvc225,foot_left_actuator_gain,1.5,foot_left_actuator_gain_1p5,30,-81.44526776011783,237.64287948779116,-59.35950092520463,350.2213844944968,-45.63599499283508,302.0801082906929,-0.10057855417151244,0.12827324941495863
tvc225,foot_left_actuator_gain,1.7,foot_left_actuator_gain_1p7,30,21.107576332184333,188.94671734765225,97.21451582053882,260.8157639536605,75.45229315267945,238.5771920913549,-0.03511528084209654,0.0922885531921508
tvc225,foot_left_actuator_gain,2.0,foot_left_actuator_gain_2,30,167.89845953827,185.56923604012195,279.2924577830644,280.1706848626527,264.8149094775379,236.73298965916413,0.04496028991712935,0.08787549580153681
tvc225,foot_left_damping,0.0,foot_left_damping_0,30,-49.37514720918212,76.82620726500573,-33.53147569632308,97.54276144967596,-36.21723687462036,88.96059386147999,-0.030659501751091136,0.03632154231640606
tvc225,foot_left_damping,0.1,foot_left_damping_0p1,30,16.567454553499655,80.05202068665123,22.38430834973914,108.27735868788541,40.02400161254299,100.53444386425907,-0.005929516903815938,0.037970232961147724
tvc225,foot_left_damping,0.2,foot_left_damping_0p2,30,-61.54573821512372,76.98690024607491,-14.803913776918394,84.71171370702724,-13.794739458884445,96.510871679234,-0.04040474594984391,0.03887425156536397
tvc225,foot_left_damping,0.3,foot_left_damping_0p3,30,-22.282866431950726,102.39955953991851,-7.799101866891025,117.39628672378704,9.728159997963951,118.61538170491299,-0.01630407303974444,0.04634117970902261
tvc225,foot_left_damping,0.4,foot_left_damping_0p4,30,56.44957519966852,84.39220685232762,88.3981288181664,105.14737602136643,95.68725520048254,100.20443125143508,0.020798690821820766,0.04324670952286354
tvc225,foot_left_damping,0.5,foot_left_damping_0p5,30,-58.39054034846219,70.86812137124282,-75.68024561500097,91.19335631683954,-53.20050182075037,79.81369322673989,-0.033025297772146814,0.04057066056872282
tvc225,foot_left_damping,0.6,foot_left_damping_0p6,30,-45.16514087010073,65.02093446730623,11.243913699874387,75.80650252548368,1.0792024329612748,74.44522721705489,-0.02715030690789615,0.034138107617795586
tvc225,foot_left_damping,0.7,foot_left_damping_0p7,30,-62.21567758300036,87.08772630854213,-49.475523726358794,99.50206472289254,-55.748208420986884,96.56057477377422,-0.036444811180185895,0.042369556193760025
tvc225,foot_left_damping,0.8,foot_left_damping_0p8,30,-15.808196095945732,86.11333135832176,70.2430571064357,119.15328057485718,33.40839992093046,120.93659411840382,-0.015707180083621174,0.041431335864610626
tvc225,foot_left_damping,0.9,foot_left_damping_0p9,30,46.20449075778143,93.12811243653199,95.62431324049086,102.90523901368563,90.25240420672426,103.20307356593025,0.010448387440877591,0.04938783398298056
tvc225,foot_left_damping,1.0,foot_left_damping_1,30,0.0,0.0,0.0,0.0,0.0,0.0,0.0,0.0
tvc225,foot_left_damping,1.1,foot_left_damping_1p1,30,7.512570488115057,81.68039971422725,44.91505644035417,121.4680314542903,42.93503117934678,100.13177958783834,-0.003840153612657753,0.041050251959103834
tvc225,foot_left_damping,1.3,foot_left_damping_1p3,30,-3.0086494647270077,63.7666852444635,26.346790711664053,82.27237798071121,28.542402180469377,74.3174724022628,0.0007439820399668293,0.029828815005483535
tvc225,foot_left_damping,1.5,foot_left_damping_1p5,30,-31.1738310279179,68.29216514534359,-40.25692839774728,67.45962406430759,4.783417240342138,71.15674774639622,-0.026113082272861042,0.030833515051691983
tvc225,foot_left_damping,1.7,foot_left_damping_1p7,30,-17.722905794780175,81.206552845001,-12.339920790145674,94.02497459137348,10.339383529669817,96.81003178630361,-0.01391069389155823,0.03868600985450367
tvc225,foot_left_damping,2.0,foot_left_damping_2,30,19.35555436008094,80.06781268714485,61.11483263747425,114.87748232346416,57.812488909187074,108.5178805736033,0.010243413506423967,0.03534105335486976
tvc225,foot_left_friction,0.0,foot_left_friction_0,30,317.6865844139098,136.10798572400293,395.619684882985,182.96992213419225,359.43136199369957,151.51643802169065,0.15283625200184078,0.07252855701397949
tvc225,foot_left_friction,0.1,foot_left_friction_0p1,30,317.6865844139098,136.10798572400293,395.619684882985,182.96992213419225,359.43136199369957,151.51643802169065,0.15283625200184078,0.07252855701397949
tvc225,foot_left_friction,0.2,foot_left_friction_0p2,30,317.6865844139098,136.10798572400293,395.619684882985,182.96992213419225,359.43136199369957,151.51643802169065,0.15283625200184078,0.07252855701397949
tvc225,foot_left_friction,0.3,foot_left_friction_0p3,30,317.6865844139098,136.10798572400293,395.619684882985,182.96992213419225,359.43136199369957,151.51643802169065,0.15283625200184078,0.07252855701397949
tvc225,foot_left_friction,0.4,foot_left_friction_0p4,30,277.809748513003,117.3937570389282,362.63114963715583,200.7158301306532,333.7191084969126,157.98681466358255,0.13932171643655142,0.06404966399062871
tvc225,foot_left_friction,0.5,foot_left_friction_0p5,30,199.14167631438414,117.02183531874252,213.8602043113974,157.6082258772612,223.52700050720225,139.92696176134436,0.08602269272651766,0.058483291250286104
tvc225,foot_left_friction,0.6,foot_left_friction_0p6,30,94.28065674435362,109.40763052124092,135.77578314555487,167.25271367907567,96.81765351747795,130.15617638778986,0.030265621466354697,0.05819428430351087
tvc225,foot_left_friction,0.7,foot_left_friction_0p7,30,-20.659437202201243,102.40486333972913,-14.514013472402961,139.82198651484194,-38.8834726399016,109.07097940561071,-0.02139746673611991,0.057598270754931666
tvc225,foot_left_friction,0.8,foot_left_friction_0p8,30,26.690429334181193,128.62304825679374,38.68109924083148,170.63978271632237,33.810710773006626,145.52356177838732,-0.005463627135321491,0.06651622779653366
tvc225,foot_left_friction,0.9,foot_left_friction_0p9,30,-24.426741427171766,128.4712043490207,41.63220600289432,184.76931788628823,5.526271355887305,155.45679087681276,-0.03171967928337314,0.06201545267476491
tvc225,foot_left_friction,1.0,foot_left_friction_1,30,0.0,0.0,0.0,0.0,0.0,0.0,0.0,0.0
tvc225,foot_left_friction,1.1,foot_left_friction_1p1,30,-32.039925702218916,121.42146075795651,25.25855070263315,136.7254318345416,-2.654480699655452,132.10793216128303,-0.0383305906904837,0.07141905723064369
tvc225,foot_left_friction,1.3,foot_left_friction_1p3,30,33.022801717758256,144.90476535804356,81.02846224871324,187.33086034107896,54.705015354837876,159.17919137215006,0.00743699732649117,0.08110235705695568
tvc225,foot_left_friction,1.5,foot_left_friction_1p5,30,112.21881255259419,260.0040186066895,150.92224202706393,348.83862596636527,151.6629878704195,295.7013732969181,0.037771279058761764,0.15808886012851286
tvc225,foot_left_friction,1.7,foot_left_friction_1p7,30,371.70669712817585,244.7158440216903,464.95861156674084,320.5187386822622,436.3694775049023,285.76068124979247,0.2034552976255523,0.11698009679936436
tvc225,foot_left_friction,2.0,foot_left_friction_2,30,663.9032230536073,233.42869438102855,711.9246906759902,313.9460090534762,692.3211442853209,271.7193378602531,0.3535516778035398,0.11672392709152599
tvc225,foot_left_mass,0.1,foot_left_mass_0p1,30,605.5900071947816,251.27677521349287,738.4848052175759,353.10550011512044,688.3473742561042,311.4030494357195,0.2864402267308335,0.10039693667096508
tvc225,foot_left_mass,0.2,foot_left_mass_0p2,30,372.2874549714303,249.1996119056466,500.99620588113964,341.3508760121436,465.96774429677924,304.78343798244373,0.16864282025755958,0.11263617691922471
tvc225,foot_left_mass,0.3,foot_left_mass_0p3,30,316.4028396702992,253.45125818022737,459.4794854514945,335.8637029335335,418.6706992498745,300.58037741841906,0.12297912259081167,0.12409182455365168
tvc225,foot_left_mass,0.4,foot_left_mass_0p4,30,228.9457774439741,220.95482255862848,390.95346068015834,299.7584798295595,336.12567583652907,265.15635950849,0.06367164794221251,0.11306449305484476
tvc225,foot_left_mass,0.5,foot_left_mass_0p5,30,126.68617196220644,158.06335305482526,269.43059445740624,226.19986277430692,213.83305991724473,184.37125162943167,0.019428073185291123,0.0981982549871429
tvc225,foot_left_mass,0.6,foot_left_mass_0p6,30,160.27977525386436,177.60970514096178,235.24030173534325,250.5608213611688,217.07894431789748,212.0878392918813,0.027877278135850222,0.0973617115712034
tvc225,foot_left_mass,0.7,foot_left_mass_0p7,30,43.629871019890295,138.38061866676372,148.73540765056066,206.50051278701133,99.66779161039548,167.97119069862924,-0.02326654176635616,0.08633388361363083
tvc225,foot_left_mass,0.8,foot_left_mass_0p8,30,-4.483295577287155,127.54691644629547,84.91722168269914,151.13633328864816,47.12500520926594,125.88486132993808,-0.031168242444820148,0.08177287942212323
tvc225,foot_left_mass,0.9,foot_left_mass_0p9,30,-46.117383899291774,88.50591746955564,1.9401299978633688,120.13337887212255,-26.07981711068115,99.5954836447584,-0.04116666581526819,0.04958879166510728
tvc225,foot_left_mass,1.0,foot_left_mass_1,30,0.0,0.0,0.0,0.0,0.0,0.0,0.0,0.0
tvc225,foot_left_mass,1.1,foot_left_mass_1p1,30,-90.78303344459137,91.02722260346253,-77.49530822727434,113.74118259650528,-88.01740552034708,112.26446494046726,-0.05238612454221049,0.045477866035798294
tvc225,foot_left_mass,1.3,foot_left_mass_1p3,30,-3.757044188703518,126.37094314683064,40.92840358020941,210.30677451036166,5.438302318048473,160.60463988505072,-0.007237854366006038,0.06506735012718108
tvc225,foot_left_mass,1.5,foot_left_mass_1p5,30,-77.52652864288844,126.65577778916963,-98.59380344576682,170.1825925687309,-105.61159583805548,161.77616218943993,-0.032088010177343716,0.07119625233148376
tvc225,foot_left_mass,1.7,foot_left_mass_1p7,30,108.3544662797621,143.4924293544615,91.43741386387993,176.58278975514173,106.58806698879677,164.73388866245338,0.03737591809637977,0.08583646318228863
tvc225,foot_left_mass,2.0,foot_left_mass_2,30,72.99672221460638,196.94633653074467,99.5940318674293,243.83147656923438,76.43727857001909,220.6399585089397,0.007664526541841758,0.11905001255911306
tvc225,leg_left_actuator_gain,0.0,leg_left_actuator_gain_0,30,1338.285916499993,293.43801298719654,1391.6126228764147,338.37143050977346,1391.8716559732857,326.5335081154329,0.6548619490245816,0.07364380722045873
tvc225,leg_left_actuator_gain,0.1,leg_left_actuator_gain_0p1,30,1181.1011051916219,275.4051009638145,1232.2816834964697,318.36333319207733,1228.7421609592236,310.5131548071434,0.5713650693439035,0.08303932809717121
tvc225,leg_left_actuator_gain,0.2,leg_left_actuator_gain_0p2,30,896.5472070473,247.7483148936744,973.667943916508,313.6250187463565,973.8183919804454,301.91366827958876,0.41928728380939456,0.08281129081628844
tvc225,leg_left_actuator_gain,0.3,leg_left_actuator_gain_0p3,30,547.1503209067624,258.3022008240117,613.3321137524082,329.32797582662016,610.4607097415548,302.46457274098185,0.23768805133647808,0.11163470669987961
tvc225,leg_left_actuator_gain,0.4,leg_left_actuator_gain_0p4,30,286.601097631424,286.38117549567886,268.0736493148058,359.6881910519813,312.1615921392743,346.78527489570735,0.09213664937164495,0.14102825529397994
tvc225,leg_left_actuator_gain,0.5,leg_left_actuator_gain_0p5,30,85.36984184402255,221.77069889619915,106.2611693320908,283.4805318457935,135.76996831248786,264.95150284757113,-0.0028721493249189546,0.10544908754422172
tvc225,leg_left_actuator_gain,0.6,leg_left_actuator_gain_0p6,30,9.128314410147238,179.58550773819022,-52.98787798748929,223.53739909906886,12.374954113724645,217.11752296462737,-0.025107057704515746,0.07677654276691301
tvc225,leg_left_actuator_gain,0.7,leg_left_actuator_gain_0p7,30,-29.09878850158329,134.6148549802346,-24.96771749500214,199.55843565104868,-10.226682698634152,181.6844447524286,-0.04861527321963555,0.061183615158812404
tvc225,leg_left_actuator_gain,0.8,leg_left_actuator_gain_0p8,30,-10.460283352386254,80.46772063273376,-13.103951432111785,92.34867001378866,-9.45069351392984,100.065739264851,-0.009129385989789289,0.03941250664070922
tvc225,leg_left_actuator_gain,0.9,leg_left_actuator_gain_0p9,30,-14.858853883593119,83.58018637884949,57.30196694308555,103.47049589167386,33.53017700446245,111.88315672955613,-0.013922372050940388,0.04068469449806724
tvc225,leg_left_actuator_gain,1.0,leg_left_actuator_gain_1,30,0.0,0.0,0.0,0.0,0.0,0.0,0.0,0.0
tvc225,leg_left_actuator_gain,1.1,leg_left_actuator_gain_1p1,30,67.72394727186052,83.30812437218083,121.01983236629502,92.59974861302965,110.00076433997664,91.3939905435672,0.02615685020940746,0.04251871898109137
tvc225,leg_left_actuator_gain,1.3,leg_left_actuator_gain_1p3,30,54.58317516242577,105.75777527387358,47.78948712039177,156.36975962604222,87.40195270001271,127.09173859027928,0.0224173218485851,0.052120603924578686
tvc225,leg_left_actuator_gain,1.5,leg_left_actuator_gain_1p5,30,41.238159174807464,82.4165536895969,39.76784674807833,113.33889281884622,47.56709646030356,99.90160857030791,0.013788662026379907,0.043406305167396485
tvc225,leg_left_actuator_gain,1.7,leg_left_actuator_gain_1p7,30,119.95536731807451,144.1647353025522,157.0337023368457,154.10826956924356,156.4945747059697,155.8130577170719,0.05327946714338498,0.06668485744170528
tvc225,leg_left_actuator_gain,2.0,leg_left_actuator_gain_2,30,223.92797930528758,139.67576069479585,269.75670852672334,168.72857884120197,270.77450087642416,157.04681768172838,0.1033584059011221,0.06144650340134654
tvc225,leg_left_damping,0.0,leg_left_damping_0,30,-20.129445901332357,69.16467803352458,-72.92664881166174,112.70525837088901,-17.7480580626566,98.0994002693372,-0.02052893139575605,0.03440410592840305
tvc225,leg_left_damping,0.1,leg_left_damping_0p1,30,2.052033513216755,78.49037555732392,-7.394699791226386,87.05469183662231,6.526818349244862,97.78288604501653,-0.010060797615739032,0.038731689790730196
tvc225,leg_left_damping,0.2,leg_left_damping_0p2,30,43.140598430853174,48.06037427731878,53.939733885893496,63.58855151589175,61.135563427701996,58.731592856261486,0.01608968235184609,0.02478546575261132
tvc225,leg_left_damping,0.3,leg_left_damping_0p3,30,30.5383940422525,90.33044230423685,31.654045546018484,106.91956978895479,54.272121268842355,118.90772119971739,0.004078540463960531,0.042336250863096433
tvc225,leg_left_damping,0.4,leg_left_damping_0p4,30,24.21678356297497,63.6460686413412,34.20479905520314,92.77667909618278,33.752192107201424,85.39113104392226,0.008023614467545152,0.03443108894824021
tvc225,leg_left_damping,0.5,leg_left_damping_0p5,30,-3.359385840749106,86.77972697518837,7.9009311253143855,112.41209233947319,28.75765007686171,109.5673436404872,-0.006561875984415916,0.04402633405599891
tvc225,leg_left_damping,0.6,leg_left_damping_0p6,30,-22.924091780261204,59.715434602298366,-29.237833013963463,97.14688898970843,-9.066088833296067,76.64036346076554,-0.019584656769385558,0.03891148706916433
tvc225,leg_left_damping,0.7,leg_left_damping_0p7,30,-28.6272508841929,63.33543223526491,-60.81839265967587,108.90739122787407,-39.249447855173,91.46454210905549,-0.01588615855440881,0.03436188195883641
tvc225,leg_left_damping,0.8,leg_left_damping_0p8,30,12.177889475628717,57.219454132617564,10.554584894398966,83.3547294912562,47.85424700809194,75.46550822612309,-0.004448188226614206,0.026922971791683535
tvc225,leg_left_damping,0.9,leg_left_damping_0p9,30,-96.17348735051061,69.60229862313315,-140.55880933282637,106.57097360881399,-105.80661052921384,94.40832697155295,-0.05284957049028448,0.030297608681404038
tvc225,leg_left_damping,1.0,leg_left_damping_1,30,0.0,0.0,0.0,0.0,0.0,0.0,0.0,0.0
tvc225,leg_left_damping,1.1,leg_left_damping_1p1,30,-22.929170220297138,81.48881910156426,-7.706312072620706,112.41491631771689,8.55113485062814,102.24053282872981,-0.024166866362798765,0.038680288824091365
tvc225,leg_left_damping,1.3,leg_left_damping_1p3,30,-40.48259624883472,77.3282917798142,-64.02107945412465,81.07316476149957,-28.771969383329953,89.26846237087649,-0.02414307008272564,0.03417506984374901
tvc225,leg_left_damping,1.5,leg_left_damping_1p5,30,-17.043711864903017,65.30170242951938,5.569922105231266,124.38104176063729,8.13828081135872,80.87896359491845,-0.026200765581104905,0.0346741868875644
tvc225,leg_left_damping,1.7,leg_left_damping_1p7,30,-8.944107254314554,73.63175939799022,17.76182656682938,86.40405172318613,15.165179953773986,85.7696382577118,-0.007809625681180826,0.03724384340243483
tvc225,leg_left_damping,2.0,leg_left_damping_2,30,18.00687978208091,54.83268175548228,22.170461662213317,85.55793638502465,50.10779091663941,67.0710798813745,0.0014800084548315772,0.029214756812420913
tvc225,leg_left_mass,0.1,leg_left_mass_0p1,30,-135.7516457198423,171.24565889779794,-150.88469147258834,191.0014608663538,-110.71088638692117,186.7042678322751,-0.11043730228975734,0.10501549545371267
tvc225,leg_left_mass,0.2,leg_left_mass_0p2,30,-182.04719335336955,167.86183349669588,-168.17126534953914,246.25293476057806,-179.62109257035218,208.35774682107876,-0.1476522005957221,0.10247371144361642
tvc225,leg_left_mass,0.3,leg_left_mass_0p3,30,-154.7518227125387,155.0596825704504,-139.20028303173459,190.96876547709,-127.33602848848268,177.95956680346535,-0.13187794072864822,0.09589245177261153
tvc225,leg_left_mass,0.4,leg_left_mass_0p4,30,-131.41884453984707,126.61368533222571,-183.38014303326216,174.98493257407677,-120.28131440168872,155.20731414602767,-0.10019007044191562,0.08222178176503162
tvc225,leg_left_mass,0.5,leg_left_mass_0p5,30,-30.753611399168555,135.36077358074726,12.003519140611608,182.46215056114946,25.65268152278123,156.47932538741017,-0.056431495246162575,0.07615842171607408
tvc225,leg_left_mass,0.6,leg_left_mass_0p6,30,-61.73587607325995,106.20689752560992,-30.93003760661693,127.57410776168567,-25.264150420678792,122.34798170322316,-0.06577689083713503,0.06648164843885344
tvc225,leg_left_mass,0.7,leg_left_mass_0p7,30,-81.08716395907587,96.49822029776068,-63.1943494261121,131.93566509427959,-62.40194473213509,128.3047194393097,-0.05128636673465752,0.058475879119807936
tvc225,leg_left_mass,0.8,leg_left_mass_0p8,30,-76.33193466551559,85.32445900946954,-67.98202574101575,141.8873259853205,-52.82204508848134,119.09102187639147,-0.05102732643395809,0.049511765341970465
tvc225,leg_left_mass,0.9,leg_left_mass_0p9,30,-20.499735101189053,87.71934036177767,7.626234730560899,90.77656298230839,26.946717981780594,89.4831779906725,-0.02285849129170799,0.05328904211280565
tvc225,leg_left_mass,1.0,leg_left_mass_1,30,0.0,0.0,0.0,0.0,0.0,0.0,0.0,0.0
tvc225,leg_left_mass,1.1,leg_left_mass_1p1,30,-14.50744650461968,82.25132868831902,-17.513775404368495,79.79637576294331,-3.9607983067343637,88.82419675577172,-0.007904192958685894,0.04136048033784264
tvc225,leg_left_mass,1.3,leg_left_mass_1p3,30,62.002782242153806,81.33478973071327,61.75364382796772,95.58020048720715,81.14498077352918,90.62894840414219,0.026430364288807948,0.03838343157589196
tvc225,leg_left_mass,1.5,leg_left_mass_1p5,30,89.70129949759122,102.37350933408251,106.57145356560254,114.06188780446224,127.96908905536975,111.37759694614185,0.05527067942211839,0.04912840435535206
tvc225,leg_left_mass,1.7,leg_left_mass_1p7,30,209.95919856226362,113.50397479949774,220.94002669584597,117.66699349673611,232.19478263616855,127.29105405404704,0.11112911433009683,0.05284402540562748
tvc225,leg_left_mass,2.0,leg_left_mass_2,30,370.9405543510451,117.23626093619224,455.05309910750407,149.37795095798285,434.73373065002403,143.61176747969782,0.19178083514991073,0.059165804166221685
tvc225,thigh_left_actuator_gain,0.0,thigh_left_actuator_gain_0,30,1525.1426989968465,314.2038185252657,1594.441318128758,375.59014400812066,1566.044593195623,348.41353150902864,0.7707026378189619,0.06702651390964601
tvc225,thigh_left_actuator_gain,0.1,thigh_left_actuator_gain_0p1,30,1442.2586810303912,306.6149429809982,1492.8634656275099,374.02690550308387,1467.450248488147,347.08602111017433,0.7237014086032421,0.06807308503275274
tvc225,thigh_left_actuator_gain,0.2,thigh_left_actuator_gain_0p2,30,1327.4395765796507,289.4341319436089,1387.0689984414769,361.21243449162813,1362.0677132420678,331.67027710210385,0.6661277051533698,0.06392762186076473
tvc225,thigh_left_actuator_gain,0.3,thigh_left_actuator_gain_0p3,30,1190.5730730050393,296.2091491388971,1261.7110469808895,368.65842478155673,1233.0051916127054,336.5226368917699,0.5641426893679985,0.08012602664998651
tvc225,thigh_left_actuator_gain,0.4,thigh_left_actuator_gain_0p4,30,1054.5580292610537,285.4628440676722,1154.9797377637253,357.70727714994297,1127.1147788388325,331.3557748927197,0.4932021703697017,0.08212347249170879
tvc225,thigh_left_actuator_gain,0.5,thigh_left_actuator_gain_0p5,30,870.7972106849652,240.01165056311785,965.954025269521,312.8392265340106,936.9467238334148,284.780329418246,0.407339051578607,0.07958076394253626
tvc225,thigh_left_actuator_gain,0.6,thigh_left_actuator_gain_0p6,30,679.1980211786081,198.3842888319662,812.9921997291709,280.3447669097533,774.4654445205938,240.7977002312927,0.3118099138197155,0.07519789236951338
tvc225,thigh_left_actuator_gain,0.7,thigh_left_actuator_gain_0p7,30,458.8776474642274,153.66526766019243,512.4924881797525,233.71665642232006,512.097604341037,176.39526472246845,0.21840716225862936,0.061361161546910896
tvc225,thigh_left_actuator_gain,0.8,thigh_left_actuator_gain_0p8,30,252.59147416737576,125.10540186131463,331.6340606468933,179.4371310800517,293.79132166855436,137.30658221277858,0.10592666952441984,0.05937866034663811
tvc225,thigh_left_actuator_gain,0.9,thigh_left_actuator_gain_0p9,30,47.68171815133541,95.75391850590476,101.07591501198655,119.58665879433158,108.57508651686749,105.16251861846716,0.0030612554081003744,0.05057381923627515
tvc225,thigh_left_actuator_gain,1.0,thigh_left_actuator_gain_1,30,0.0,0.0,0.0,0.0,0.0,0.0,0.0,0.0
tvc225,thigh_left_actuator_gain,1.1,thigh_left_actuator_gain_1p1,30,-124.4836147786603,118.54763070355679,-107.44088069410252,186.03992431009277,-125.19815640202562,156.66414878682096,-0.06939152120044274,0.060649110224624214
tvc225,thigh_left_actuator_gain,1.3,thigh_left_actuator_gain_1p3,30,-47.81065939842835,138.73003260839153,9.871560985188948,193.32123322490628,-11.87137670616443,169.97658657180952,-0.042706549859387134,0.06803932379518883
tvc225,thigh_left_actuator_gain,1.5,thigh_left_actuator_gain_1p5,30,11.601161073436257,152.27597311566473,54.90392959998572,208.67660430631656,56.41517769234125,183.8197758536238,-0.01763148498486714,0.06594450371908846
tvc225,thigh_left_actuator_gain,1.7,thigh_left_actuator_gain_1p7,30,-36.43799927771061,180.84115904885604,-28.602947957722805,237.32484437701947,-34.62553745970219,228.41605087390298,-0.05315455446426795,0.09367678591560016
tvc225,thigh_left_actuator_gain,2.0,thigh_left_actuator_gain_2,30,186.8786038294067,209.69901452430122,217.05233636513248,274.0354961110163,222.96591032682736,245.31095762250544,0.05833431944987874,0.09597605783014028
tvc225,thigh_left_damping,0.0,thigh_left_damping_0,30,-4.512358146158374,69.90967499687171,-35.52074930200289,89.50589227903463,-10.023062799150075,86.66012522222262,-0.009084952115372974,0.035217178682530985
tvc225,thigh_left_damping,0.1,thigh_left_damping_0p1,30,-51.3672733022549,71.00409711800857,-57.83240317403336,57.383600167538916,-23.660292197756636,60.11401636595572,-0.03345868854826318,0.03387102090411226
tvc225,thigh_left_damping,0.2,thigh_left_damping_0p2,30,16.651964627541346,75.4098613930827,29.178783202418725,85.23495815400341,46.78537280402557,85.7287337913158,-0.0026817880999896486,0.03460854822634284
tvc225,thigh_left_damping,0.3,thigh_left_damping_0p3,30,-12.859506619638015,56.16685857727536,-23.949153906345693,60.057669395194274,-12.239339619679477,60.82351220060408,-0.008379156332937765,0.03286145868717727
tvc225,thigh_left_damping,0.4,thigh_left_damping_0p4,30,-8.437959390129647,68.63171118678518,-15.389764309264779,88.7506789915935,-2.833685617042719,81.19153715239858,0.0003572754285895337,0.03381711712220531
tvc225,thigh_left_damping,0.5,thigh_left_damping_0p5,30,-84.39589485664695,85.16016195595682,-102.62732005580125,80.87331013401112,-75.60158038911692,94.03782121151875,-0.0438385621256142,0.03915138839915297
tvc225,thigh_left_damping,0.6,thigh_left_damping_0p6,30,11.710795569996048,56.808265210292156,42.922793759158516,60.57202425703192,66.0936613839593,70.27454165832278,0.0048822537212202975,0.030274299242830392
tvc225,thigh_left_damping,0.7,thigh_left_damping_0p7,30,2.403947434554478,79.3153564589875,58.106975316929564,74.32311421629842,62.44746519799855,77.82307653437859,-0.00923039608331914,0.04310108407236298
tvc225,thigh_left_damping,0.8,thigh_left_damping_0p8,30,-58.85564764707571,68.19458728765018,-66.61015491807223,83.97156582820831,-47.6514037263515,84.28368793785643,-0.03143377954432284,0.03512582307466248
tvc225,thigh_left_damping,0.9,thigh_left_damping_0p9,30,-25.843102875300737,66.21159871224765,-18.41392912687561,109.66069070866348,7.1173059778486465,78.77033834808769,-0.0238770091967485,0.03745094089586632
tvc225,thigh_left_damping,1.0,thigh_left_damping_1,30,0.0,0.0,0.0,0.0,0.0,0.0,0.0,0.0
tvc225,thigh_left_damping,1.1,thigh_left_damping_1p1,30,-23.772755294915115,78.60036338576222,-29.642176846257097,91.58088518394504,-14.904039483532054,89.25100628221524,-0.012781139102803067,0.037875713142431225
tvc225,thigh_left_damping,1.3,thigh_left_damping_1p3,30,-29.108026643133744,88.6263884862001,11.354458665018843,96.50353717682007,8.703485904139809,96.2234291233547,-0.01806929542495479,0.04158716037617029
tvc225,thigh_left_damping,1.5,thigh_left_damping_1p5,30,21.03103497098007,71.36324625065211,27.825655261105457,82.69004195146553,58.843009736886216,83.2545444613487,6.312236943441148e-05,0.0353978576631772
tvc225,thigh_left_damping,1.7,thigh_left_damping_1p7,30,-73.49849159842228,66.8245051235041,-85.74431789222768,80.86124845290094,-76.30371481604725,83.49272498422265,-0.04221555707982428,0.035206199032072255
tvc225,thigh_left_damping,2.0,thigh_left_damping_2,30,-59.12916691132327,80.58709696550278,-36.23982083869054,102.14745450480174,-29.490967660221497,110.1764685631291,-0.030873260453203388,0.03647210307382374
tvc225,thigh_left_mass,0.1,thigh_left_mass_0p1,30,-484.28463442740303,201.62258213168118,-608.671584329808,269.4270925363617,-563.2208353464715,248.37575168934316,-0.3406819899829781,0.13773018959665195
tvc225,thigh_left_mass,0.2,thigh_left_mass_0p2,30,-526.7366870545924,175.72605952206854,-681.6556238900388,256.08713379812986,-602.1526260762287,221.764579165295,-0.34145142125225547,0.11979243036666946
tvc225,thigh_left_mass,0.3,thigh_left_mass_0p3,30,-532.92971576141,190.7513492214306,-636.3505697817978,286.488401392386,-609.0488156928902,259.257489195685,-0.3499387423822255,0.13332737282690188
tvc225,thigh_left_mass,0.4,thigh_left_mass_0p4,30,-427.1363560225471,194.61172562086892,-569.4449839063602,274.95027981383237,-528.580336423927,243.38538595161893,-0.2710158910004046,0.11874519535922701
tvc225,thigh_left_mass,0.5,thigh_left_mass_0p5,30,-397.1240992739777,181.57819912716235,-585.8429273288104,271.2405193738142,-479.34703120599806,231.94404803393573,-0.2507820995077857,0.11636004394842822
tvc225,thigh_left_mass,0.6,thigh_left_mass_0p6,30,-338.16197950699495,150.3738175546025,-454.8152471817715,214.60708885298877,-399.3968418228605,184.94720906503417,-0.20759676822088974,0.10364814117481187
tvc225,thigh_left_mass,0.7,thigh_left_mass_0p7,30,-336.01490326625736,112.21118975890643,-414.0375921430981,168.7199131031838,-380.53835683096366,140.8320353071022,-0.19747667006503514,0.07691948599979259
tvc225,thigh_left_mass,0.8,thigh_left_mass_0p8,30,-143.3311544166314,86.42406596596189,-150.25116512334782,118.42001101478998,-140.95765565762952,103.64371688817656,-0.09219307836023186,0.05080306621501103
tvc225,thigh_left_mass,0.9,thigh_left_mass_0p9,30,-49.52133395247048,99.37406747115345,-96.16643590546813,125.64913090853172,-55.67153861022016,118.11536556349233,-0.038629217362354154,0.04501277061928283
tvc225,thigh_left_mass,1.0,thigh_left_mass_1,30,0.0,0.0,0.0,0.0,0.0,0.0,0.0,0.0
tvc225,thigh_left_mass,1.1,thigh_left_mass_1p1,30,30.8337899262359,92.06073641983986,60.26908225745423,91.75537581153186,68.21743040676256,101.79657229982881,0.013008448822436814,0.04226423604903397
tvc225,thigh_left_mass,1.3,thigh_left_mass_1p3,30,342.08610638660815,128.75393723683257,333.74017624897925,156.196526279691,378.37670682391666,161.20632813747704,0.16891988534333846,0.049162803103143415
tvc225,thigh_left_mass,1.5,thigh_left_mass_1p5,30,549.4298072527977,165.96867264417344,588.4139197256748,221.8010912280076,612.4183233509395,208.3642159158397,0.26320151252799723,0.06347072022959384
tvc225,thigh_left_mass,1.7,thigh_left_mass_1p7,30,705.9238095121854,179.15767074408407,733.3256585290684,229.57133255133408,755.5954159953803,222.19671283132686,0.3458365466343282,0.06420928132468406
tvc225,thigh_left_mass,2.0,thigh_left_mass_2,30,832.9745171444749,217.29760433701958,869.096130096285,264.0503820883808,874.0818719510547,257.66457547225275,0.41158427679015375,0.06983414572843581
tvc250,foot_left_actuator_gain,0.0,foot_left_actuator_gain_0,30,2437.5939431634392,310.89719765309906,2617.7731966928554,394.2971012569052,2564.738972389821,362.93878250578575,0.8451640251428406,0.04614739611753047
tvc250,foot_left_actuator_gain,0.1,foot_left_actuator_gain_0p1,30,2255.5438803372735,375.57030548779045,2455.779569859058,448.5457743891547,2393.269190827251,421.22893919834786,0.765119096307047,0.09476631396881378
tvc250,foot_left_actuator_gain,0.2,foot_left_actuator_gain_0p2,30,2117.5666736594385,412.33156181492603,2277.04539484557,489.54015039732553,2231.8566271220616,457.6555642723684,0.700291475572039,0.1351339167152983
tvc250,foot_left_actuator_gain,0.3,foot_left_actuator_gain_0p3,30,1989.6135850835817,400.0298082656628,2186.070386291676,471.49670691852833,2132.3291772148073,444.8346317893006,0.6646412144428187,0.1312811239779779
tvc250,foot_left_actuator_gain,0.4,foot_left_actuator_gain_0p4,30,1877.8813185952638,386.233749662026,2039.1397578604513,472.4617448584646,2006.0326270846074,438.39001545664314,0.6307905053046892,0.12342967224661142
tvc250,foot_left_actuator_gain,0.5,foot_left_actuator_gain_0p5,30,1572.8982362857787,391.9720031263287,1814.3511878911145,467.2142115315153,1737.0823100147709,435.1805124741928,0.5244565510271609,0.13770205435085558
tvc250,foot_left_actuator_gain,0.6,foot_left_actuator_gain_0p6,30,1241.5827003161492,393.21866378696586,1426.4840764325968,467.47985630322916,1384.0696767717345,438.49267142965147,0.3982670424411004,0.16329439001199406
tvc250,foot_left_actuator_gain,0.7,foot_left_actuator_gain_0p7,30,854.8385140109309,326.0188088016711,910.0654012332627,390.1095436591892,908.0562393852376,368.0112295043873,0.27748467482498435,0.13592670195978004
tvc250,foot_left_actuator_gain,0.8,foot_left_actuator_gain_0p8,30,518.9281155718412,259.59954112790473,636.5828209815292,345.0332287308082,625.4131636986593,304.0234940001668,0.16916430435807742,0.09068266679504806
tvc250,foot_left_actuator_gain,0.9,foot_left_actuator_gain_0p9,30,71.12202567245433,165.5394097831683,211.4550267537903,222.67561631682,141.89125763995125,196.1363451767464,0.016976278179737694,0.06352149536044929
tvc250,foot_left_actuator_gain,1.0,foot_left_actuator_gain_1,30,0.0,0.0,0.0,0.0,0.0,0.0,0.0,0.0
tvc250,foot_left_actuator_gain,1.1,foot_left_actuator_gain_1p1,30,-92.23887470780724,134.0763482249383,-88.4106263502211,224.27761811468153,-98.53012881721789,174.74195491126378,-0.04591964040917171,0.06151870525486086
tvc250,foot_left_actuator_gain,1.3,foot_left_actuator_gain_1p3,30,70.62151352601258,142.40304078173867,50.81658419743289,252.27526779065587,65.65765961094431,209.9824737998294,0.014384688377505398,0.05730530779806032
tvc250,foot_left_actuator_gain,1.5,foot_left_actuator_gain_1p5,30,91.60605103450628,177.7976772254323,95.8087948784761,214.85524906508294,76.60833959976043,194.4641588247711,0.011701326582209414,0.07185641788547191
tvc250,foot_left_actuator_gain,1.7,foot_left_actuator_gain_1p7,30,129.63293856412332,200.39749279340268,121.66744309306779,264.91386585111763,114.71328381458355,233.57763318811854,0.01812412308287934,0.09019786144248136
tvc250,foot_left_actuator_gain,2.0,foot_left_actuator_gain_2,30,479.2753513958897,244.66017812567836,545.0610337465056,351.8130153832788,528.8354908466348,311.6188099962142,0.13172517659621596,0.11106120177747744
tvc250,foot_left_damping,0.0,foot_left_damping_0,30,-18.69941526980735,82.02015466454341,-24.281317070524096,129.79673291793895,-43.2411829046339,88.80950573874969,-0.0054496017124524305,0.02851249099239825
tvc250,foot_left_damping,0.1,foot_left_damping_0p1,30,-8.00721460862281,70.24062653449712,-53.73075221651114,106.7306860434586,-54.12912329370034,83.61034798233378,-0.009933040166503824,0.029621997943554194
tvc250,foot_left_damping,0.2,foot_left_damping_0p2,30,-23.399635411165097,70.98792373315051,-7.745087752967655,84.98251842740038,-29.22099575651314,81.7168270140409,-0.01303523593691968,0.025218248829605595
tvc250,foot_left_damping,0.3,foot_left_damping_0p3,30,-48.4131572795652,85.99944085656058,-25.500046936893206,93.55142721904572,-56.39753190769813,100.43539643717105,-0.025175157671137746,0.03243753961559289
tvc250,foot_left_damping,0.4,foot_left_damping_0p4,30,2.0937827227893537,94.19241020080388,40.040180597139965,149.8544896210706,9.379620400050946,119.58238283862609,-0.008331455119339816,0.03900126577659584
tvc250,foot_left_damping,0.5,foot_left_damping_0p5,30,-32.3116195748621,85.29885938364622,-11.263361984325236,135.39859950982904,-29.44802008456101,106.90253279397926,-0.015455230426959437,0.03517719157315532
tvc250,foot_left_damping,0.6,foot_left_damping_0p6,30,-54.7330194823001,87.76344911870989,-34.53487570789969,91.77556466918483,-53.85447882684992,85.63544804900913,-0.019681975047162088,0.03486757559634652
tvc250,foot_left_damping,0.7,foot_left_damping_0p7,30,-59.68128000479435,75.98139131883657,-72.90119858828574,103.87936387819943,-74.2930826528023,83.30863098871716,-0.02467549251521271,0.03409592806520106
tvc250,foot_left_damping,0.8,foot_left_damping_0p8,30,-96.63124715714247,74.68121367128498,-116.23973351572846,109.23266578892432,-121.21082579273587,80.12442069737378,-0.03616989483724145,0.030747084666422182
tvc250,foot_left_damping,0.9,foot_left_damping_0p9,30,-49.99577383323513,95.49054563253134,28.804590595139675,162.12844941156823,-25.76092863678252,118.33601289925012,-0.03059939701773505,0.039276812061299134
tvc250,foot_left_damping,1.0,foot_left_damping_1,30,0.0,0.0,0.0,0.0,0.0,0.0,0.0,0.0
tvc250,foot_left_damping,1.1,foot_left_damping_1p1,30,-39.173382475833705,76.86481453655219,-52.781069389474645,76.40254164189162,-61.84513701877578,80.06910655806976,-0.01488257990800832,0.026985933041272035
tvc250,foot_left_damping,1.3,foot_left_damping_1p3,30,-60.933278354199146,77.54585794419967,-89.79363081133774,87.7144038530022,-104.1403400303272,82.66965244677563,-0.02883444737780474,0.03585888240546838
tvc250,foot_left_damping,1.5,foot_left_damping_1p5,30,14.49202671294408,85.47273398269124,55.485513414152564,115.68367003855039,11.699336090118814,110.04679217822202,0.0014679756705416954,0.032000735075047075
tvc250,foot_left_damping,1.7,foot_left_damping_1p7,30,-41.88674305108965,83.69123845312772,-8.736709052751872,87.46539490176389,-43.588723212718236,90.55390826211617,-0.018105228414406132,0.03411116926495957
tvc250,foot_left_damping,2.0,foot_left_damping_2,30,-29.729443675419255,102.63837098106222,2.599142912267795,139.99053623744257,-12.968418630886708,109.19938967526618,-0.015069547521367275,0.04019908214955491
tvc250,foot_left_friction,0.0,foot_left_friction_0,30,401.94541845256134,271.54354989780813,494.76612970661716,355.0816628793652,465.86242335702275,320.0124438988269,0.11410122979720604,0.1034651069616124
tvc250,foot_left_friction,0.1,foot_left_friction_0p1,30,432.59720795959316,256.23589878863345,595.8544701597574,357.063843045285,520.8312190482695,313.7702793696288,0.12045154420565062,0.10093244091850903
tvc250,foot_left_friction,0.2,foot_left_friction_0p2,30,439.42871534823945,259.56691437085095,580.0419472210118,358.37357971831705,511.7392441790823,318.7963415139771,0.11809724061309443,0.10973411455190896
tvc250,foot_left_friction,0.3,foot_left_friction_0p3,30,439.42871534823945,259.56691437085095,580.0419472210118,358.37357971831705,511.7392441790823,318.7963415139771,0.11809724061309443,0.10973411455190896
tvc250,foot_left_friction,0.4,foot_left_friction_0p4,30,281.92457933036314,258.21396451425693,367.26758725816785,329.5788007162924,328.39457862815294,299.3264841463199,0.06365556879220421,0.1189183890683127
tvc250,foot_left_friction,0.5,foot_left_friction_0p5,30,99.5528941933129,209.98463251045106,131.54689702713702,246.90307553214708,107.21549691512321,246.987716360251,0.002631876715199938,0.1062711138855369
tvc250,foot_left_friction,0.6,foot_left_friction_0p6,30,43.76645375170861,166.90232641653776,86.91566563753354,221.56634739170957,73.54288943663248,191.08805712769507,-0.0005565933238184051,0.07361516202056359
tvc250,foot_left_friction,0.7,foot_left_friction_0p7,30,-25.69915101817143,146.1311435382117,22.565854223459276,194.64127477392339,-4.282178253610891,172.2561968438046,-0.025887019886541917,0.05571505790720598
tvc250,foot_left_friction,0.8,foot_left_friction_0p8,30,-72.50486671454249,145.67671376845772,-36.33668956970271,164.76002473897907,-60.952268763338346,155.28518259687814,-0.029219909807344954,0.06369241513459546
tvc250,foot_left_friction,0.9,foot_left_friction_0p9,30,-81.5578278879189,124.47130341849743,-45.79259004085207,151.3402854261962,-72.16586021312132,141.9886671710898,-0.03564484730583734,0.05104949663368479
tvc250,foot_left_friction,1.0,foot_left_friction_1,30,0.0,0.0,0.0,0.0,0.0,0.0,0.0,0.0
tvc250,foot_left_friction,1.1,foot_left_friction_1p1,30,-10.986694374479969,109.86138541549094,-16.114092124464523,151.78761419473787,-33.80382726962277,132.9956968953291,-0.012641963903745274,0.04530906914349204
tvc250,foot_left_friction,1.3,foot_left_friction_1p3,30,74.79509169912215,159.92266470688156,129.44223143048015,214.78724324430544,116.915557411499,187.619317209854,0.02182606671064046,0.06528828076657789
tvc250,foot_left_friction,1.5,foot_left_friction_1p5,30,430.0008562970521,254.94418454720326,600.2466765395844,343.57424297682604,530.1128131137077,295.0861079522491,0.14578480014757214,0.09992501949827265
tvc250,foot_left_friction,1.7,foot_left_friction_1p7,30,717.3103913951419,335.2784514419665,847.2506779124984,407.2958135756429,791.2815483558951,370.0366753793177,0.25210534421194286,0.11838141640442007
tvc250,foot_left_friction,2.0,foot_left_friction_2,30,1228.6447891428354,369.9275570582385,1370.429111916442,462.4919358084009,1328.1469692637984,424.837371081305,0.42348955212809547,0.1271595505393617
tvc250,foot_left_mass,0.1,foot_left_mass_0p1,30,850.0025866393701,275.5186735673462,979.482971659072,395.24223208061403,937.3025554010698,351.5021851346707,0.295373380215196,0.09016716215182712
tvc250,foot_left_mass,0.2,foot_left_mass_0p2,30,595.1411598065748,260.10547280804377,719.6216385056475,357.61184091188073,675.9830257549136,326.2508065784165,0.2077695205302681,0.0879665609343398
tvc250,foot_left_mass,0.3,foot_left_mass_0p3,30,401.60427572938755,232.9460384934789,496.88043978827505,324.8230327547665,454.3426214828304,297.07587302874543,0.13801538142351946,0.08112704760056909
tvc250,foot_left_mass,0.4,foot_left_mass_0p4,30,315.5669928835622,208.83527852127253,439.1340377764664,320.0469364872422,374.81249482389666,295.8692263381381,0.10531424736624029,0.07242516966991167
tvc250,foot_left_mass,0.5,foot_left_mass_0p5,30,175.96982280829215,181.56165834078448,253.19660253183594,268.09876963469804,198.56176641994796,231.0590767878116,0.0567368248080515,0.06331837920906444
tvc250,foot_left_mass,0.6,foot_left_mass_0p6,30,106.33162786276772,150.9903699169986,172.39208302158067,256.72736712680836,117.46226379547663,208.4801396982598,0.036401992391570916,0.052718340727498834
tvc250,foot_left_mass,0.7,foot_left_mass_0p7,30,34.257878637089675,121.41589708354957,-28.726559101222765,196.99907412095206,-13.957391247977812,161.2988578282318,0.013095612416038545,0.04717964889818417
tvc250,foot_left_mass,0.8,foot_left_mass_0p8,30,-3.3596410342906133,104.19401819460542,-68.23135492189819,132.5227321977342,-43.392622823284015,130.8271530964622,-0.0037664992037244856,0.04230887013658057
tvc250,foot_left_mass,0.9,foot_left_mass_0p9,30,-11.051015307885745,103.05884186469852,-103.47961028696862,140.21953206148,-75.40518243491844,109.62133282925868,-0.009582632724522493,0.044011067820277396
tvc250,foot_left_mass,1.0,foot_left_mass_1,30,0.0,0.0,0.0,0.0,0.0,0.0,0.0,0.0
tvc250,foot_left_mass,1.1,foot_left_mass_1p1,30,-74.96743688352116,104.99187949217982,-59.271673752309944,133.75776693901105,-96.74892804198969,124.42843088787086,-0.0360664734368373,0.045572566244002514
tvc250,foot_left_mass,1.3,foot_left_mass_1p3,30,27.970211381968753,134.95676675653255,40.01464707588029,96.62458616050932,41.03081807876795,128.66203849847437,0.012807531729456308,0.056893185436532705
tvc250,foot_left_mass,1.5,foot_left_mass_1p5,30,54.90134198045485,136.1943933121221,79.44772510149889,181.04252721431632,86.47351887196653,139.85331346728802,0.008830474836923596,0.05870565099760274
tvc250,foot_left_mass,1.7,foot_left_mass_1p7,30,197.34194287795484,163.66725326966625,237.09612388485397,202.2368439769293,209.76798904338483,183.86716533846453,0.06480230718483258,0.07105440507460517
tvc250,foot_left_mass,2.0,foot_left_mass_2,30,370.9621524612238,263.8846410826823,497.30429049444524,326.34431603551883,437.8662399056832,301.1183606761417,0.10194886902863404,0.12305591033762203
tvc250,leg_left_actuator_gain,0.0,leg_left_actuator_gain_0,30,2298.3836179823065,319.8719531725208,2508.707979630476,389.0206504751471,2433.872147501841,366.6978798352566,0.7891574970265153,0.07370476282521862
tvc250,leg_left_actuator_gain,0.1,leg_left_actuator_gain_0p1,30,2031.788430043634,334.3895925066628,2214.450503994825,403.50768726228745,2157.6613228128945,382.1836071826481,0.6906662305993915,0.08494554591491427
tvc250,leg_left_actuator_gain,0.2,leg_left_actuator_gain_0p2,30,1672.2050091143096,348.46392768913245,1974.1797639669915,423.8023925823709,1883.4650929864486,400.1644524250725,0.5517645247148963,0.09173361000487346
tvc250,leg_left_actuator_gain,0.3,leg_left_actuator_gain_0p3,30,1218.7811215529669,390.74567194104293,1454.1621556735142,458.3405176439075,1404.7111101221988,438.5992883331181,0.37267437215176336,0.11949997590072128
tvc250,leg_left_actuator_gain,0.4,leg_left_actuator_gain_0p4,30,670.3923251515123,322.37320994542546,766.4294383247451,391.8944521501762,756.9950435900607,367.44441946447006,0.1812124285322439,0.1179108487600957
tvc250,leg_left_actuator_gain,0.5,leg_left_actuator_gain_0p5,30,345.64786220631044,305.9846656221819,482.7707076092551,380.4658843037097,427.7512375088912,350.21652330861565,0.07709872514682596,0.11538992339997167
tvc250,leg_left_actuator_gain,0.6,leg_left_actuator_gain_0p6,30,156.38257813436243,193.69276812420352,146.24891816373614,262.8444886243665,162.67380991939996,223.11187767479333,0.0429918085747169,0.07373425825445355
tvc250,leg_left_actuator_gain,0.7,leg_left_actuator_gain_0p7,30,-79.70216009647893,133.11894455468044,-159.77860456421197,156.05001818375575,-136.18869701635003,133.5274124074259,-0.038331304736847996,0.060962952468201256
tvc250,leg_left_actuator_gain,0.8,leg_left_actuator_gain_0p8,30,-5.669986035767647,111.21816677729048,25.178153352470197,174.3979995440258,-21.088797002811898,145.86734539448074,-0.008793168627947396,0.04585642457893319
tvc250,leg_left_actuator_gain,0.9,leg_left_actuator_gain_0p9,30,-40.682628098517355,104.2365714097389,-26.90421047339935,161.37614516231596,-53.559509968008435,118.04035499346041,-0.024019362613238684,0.04383910124372205
tvc250,leg_left_actuator_gain,1.0,leg_left_actuator_gain_1,30,0.0,0.0,0.0,0.0,0.0,0.0,0.0,0.0
tvc250,leg_left_actuator_gain,1.1,leg_left_actuator_gain_1p1,30,-17.81385347948926,99.37512730159077,-14.599824580719936,136.53687441812679,-29.014388297219565,122.14951514577479,-0.01841081355307002,0.045610870464039735
tvc250,leg_left_actuator_gain,1.3,leg_left_actuator_gain_1p3,30,93.62674917603279,124.57340603126354,100.5762691912444,161.06707631870637,76.50309381506821,139.54986732013458,0.02063873626749106,0.06711086770804799
tvc250,leg_left_actuator_gain,1.5,leg_left_actuator_gain_1p5,30,120.64002699429356,121.0984264558089,107.28923337886569,189.78843827006276,128.59107169537958,152.2252989399075,0.02958886931570024,0.06297232155845713
tvc250,leg_left_actuator_gain,1.7,leg_left_actuator_gain_1p7,30,246.6592840743251,145.32733508285193,295.34727087797194,245.77351032721464,236.7519510062857,193.9983754464014,0.0740688624612896,0.060721711835694185
tvc250,leg_left_actuator_gain,2.0,leg_left_actuator_gain_2,30,284.4490762503136,186.35786726493197,402.62909332703765,283.9510773897952,331.33938146101514,242.21880161446296,0.08946296696085021,0.06656013782974421
tvc250,leg_left_damping,0.0,leg_left_damping_0,30,31.642412637986368,87.84098027386501,35.723500826814075,83.84841271475433,41.331074656261436,91.4941367389547,0.005390472605955047,0.0301324089435447
tvc250,leg_left_damping,0.1,leg_left_damping_0p1,30,18.82368322811848,92.30833321903523,8.304258276089021,122.80861907857624,5.994915964065531,91.7312419686774,0.00921560001535463,0.03680062704141264
tvc250,leg_left_damping,0.2,leg_left_damping_0p2,30,18.218319337430263,89.40869365065403,-14.66529111063178,164.21792212554175,6.330044466763585,100.96614473357165,0.00401159016071571,0.03379035953662409
tvc250,leg_left_damping,0.3,leg_left_damping_0p3,30,-5.762875332694394,76.92004171117762,-50.06729710785105,109.29481495098062,-32.235035825682225,72.80866735222271,8.627778283679504e-05,0.031129677130571513
tvc250,leg_left_damping,0.4,leg_left_damping_0p4,30,-63.53244943088378,85.04566118487843,-109.49280504808651,122.36192443178909,-99.22444251841112,104.23572023377126,-0.02397416994970056,0.03608921584146211
tvc250,leg_left_damping,0.5,leg_left_damping_0p5,30,-10.9468020578606,105.7896710999264,61.085050215303326,94.40568344945164,0.35041171959053374,102.1471200831171,-0.004178901324724478,0.041074250708309286
tvc250,leg_left_damping,0.6,leg_left_damping_0p6,30,5.518071773067466,82.0260913707666,-17.428093965378817,99.30827006088437,-21.23751502859863,82.78278684027063,-0.0014302999955920293,0.032240088015994706
tvc250,leg_left_damping,0.7,leg_left_damping_0p7,30,-72.14003984196876,82.88263364186943,-61.98582639697422,125.90226260522982,-69.73057981222658,82.38357834493783,-0.025184934136217096,0.03174423372907086
tvc250,leg_left_damping,0.8,leg_left_damping_0p8,30,-73.92392239514007,72.30448740914733,-115.90877450841411,122.72147827038111,-119.06361297746139,79.96843688658406,-0.033264347598310866,0.02903235068009055
tvc250,leg_left_damping,0.9,leg_left_damping_0p9,30,-10.020735229444009,102.56814244870111,-48.101202235967094,107.93180836012016,-54.094324819498624,105.90385470501052,-0.00924653097879738,0.04034980629328689
tvc250,leg_left_damping,1.0,leg_left_damping_1,30,0.0,0.0,0.0,0.0,0.0,0.0,0.0,0.0
tvc250,leg_left_damping,1.1,leg_left_damping_1p1,30,-56.651582573615364,108.12439390000294,-95.38593970801882,148.78357649010454,-68.70052353763646,109.32656637785105,-0.022730744805624117,0.043760235787406794
tvc250,leg_left_damping,1.3,leg_left_damping_1p3,30,-12.495020140727744,104.55992803587355,7.801386403541453,198.76307627569741,14.616315674540935,149.64419602932662,-0.01678994457830577,0.04394357889983276
tvc250,leg_left_damping,1.5,leg_left_damping_1p5,30,-46.33767094549161,73.86233770112403,-53.52101445806055,106.65883317270743,-45.624661253517395,89.67439468763982,-0.012386186543581748,0.028819506910667182
tvc250,leg_left_damping,1.7,leg_left_damping_1p7,30,4.725664592737265,89.30741163555072,24.453656337303006,109.01811001353856,-3.892523099962591,90.35010200587418,-0.003669432471486971,0.0337289749328394
tvc250,leg_left_damping,2.0,leg_left_damping_2,30,-10.54606039372976,87.09080926402943,4.972867749721555,94.46284564196142,-5.358008393175142,87.17332759776122,0.0020132422160926916,0.03345548994896809
tvc250,leg_left_mass,0.1,leg_left_mass_0p1,30,28.651632273907193,175.3905405928243,86.5384392395961,253.1121044975958,46.63919682634909,229.2909352129598,-0.005387421847244467,0.07194507285173561
tvc250,leg_left_mass,0.2,leg_left_mass_0p2,30,-19.06057465820751,172.09475058089558,49.9758336908693,259.679862358377,5.763059905981951,234.85824571380968,-0.02240484339699156,0.06712723949274009
tvc250,leg_left_mass,0.3,leg_left_mass_0p3,30,-41.595063368959714,129.97293242592616,-4.820809224959551,167.6938497541513,-49.95378737794685,153.15745063679222,-0.02807696730420713,0.05091591622625415
tvc250,leg_left_mass,0.4,leg_left_mass_0p4,30,-16.992132527488106,132.06670730248157,-1.254898764349006,188.90008902144015,-41.982862169931146,172.07451744473954,-0.010278405963809195,0.04980552523371962
tvc250,leg_left_mass,0.5,leg_left_mass_0p5,30,-52.95180346045756,123.4559286963462,26.889855652731324,188.22951471250335,-36.02482390519699,168.6263973007414,-0.034405078147690143,0.04502439941352258
tvc250,leg_left_mass,0.6,leg_left_mass_0p6,30,-31.00669170375085,113.94894069650914,-2.9960044201255416,153.0749711310472,-18.899475211374558,142.10141677175895,-0.01610905787144405,0.050018514229241307
tvc250,leg_left_mass,0.7,leg_left_mass_0p7,30,-70.36914574675555,120.8215674691524,-20.3297589315908,133.63974210762197,-57.957822578085434,130.12263198051315,-0.036872176785170595,0.049141196380159194
tvc250,leg_left_mass,0.8,leg_left_mass_0p8,30,-72.83251967891171,113.10993207261961,-27.513130101898188,163.77131477958886,-81.46887077434336,143.60483632300665,-0.04366186285514078,0.046881273816638695
tvc250,leg_left_mass,0.9,leg_left_mass_0p9,30,-19.34390112112369,120.05629195766787,-13.62636973262141,188.1396744290821,-17.365062775294973,178.20439372201724,-0.01588020470790605,0.04286680934020161
tvc250,leg_left_mass,1.0,leg_left_mass_1,30,0.0,0.0,0.0,0.0,0.0,0.0,0.0,0.0
tvc250,leg_left_mass,1.1,leg_left_mass_1p1,30,-98.24230719021311,95.30553894238422,-115.83761461500606,126.96522495090743,-131.35555600551695,123.4241319626725,-0.040133757797112285,0.035486166383436706
tvc250,leg_left_mass,1.3,leg_left_mass_1p3,30,69.22732757220292,109.39375579445726,96.73970489817039,148.3284513342835,89.95029375834822,144.0414766996015,0.015126695748704408,0.04021095133479245
tvc250,leg_left_mass,1.5,leg_left_mass_1p5,30,34.45522420063121,125.5347712451625,60.016269267873525,161.49911494837494,67.20414943798679,148.9365745049464,0.0019679870378744285,0.04898591710034074
tvc250,leg_left_mass,1.7,leg_left_mass_1p7,30,100.47922844524211,153.49311839641115,178.2101702201399,224.17250194047176,160.43550507796814,197.09581468916375,0.01180506855372724,0.056787246802308004
tvc250,leg_left_mass,2.0,leg_left_mass_2,30,247.9221583176488,186.88575052250172,305.7416738260682,259.6461794150251,293.702922819546,238.90885245372166,0.06386731785814043,0.07343639449335472
tvc250,thigh_left_actuator_gain,0.0,thigh_left_actuator_gain_0,30,2393.330879746949,357.0603200596548,2566.344460182553,439.4087685930432,2520.1442923749437,409.4282230672967,0.8123655021571514,0.07357392462011023
tvc250,thigh_left_actuator_gain,0.1,thigh_left_actuator_gain_0p1,30,2243.5596009200613,344.3466373141577,2461.230895596714,422.38262928959875,2391.7541364812637,395.2109410237564,0.75975227008397,0.072640980254256
tvc250,thigh_left_actuator_gain,0.2,thigh_left_actuator_gain_0p2,30,2097.644628160184,337.10049659315877,2291.0924406021127,422.03183263111964,2231.944360527521,391.5564396497279,0.7104120930714476,0.07151897363320157
tvc250,thigh_left_actuator_gain,0.3,thigh_left_actuator_gain_0p3,30,1889.0531187063714,323.9906638932688,2123.2724048420573,415.3586827995691,2063.6934348099517,385.0044696865709,0.6322208057161113,0.07126171241864575
tvc250,thigh_left_actuator_gain,0.4,thigh_left_actuator_gain_0p4,30,1505.1782965140217,304.60119304283756,1746.4701998860594,403.5447558892032,1707.695745260044,362.579086910597,0.5011471334184541,0.07741212120724922
tvc250,thigh_left_actuator_gain,0.5,thigh_left_actuator_gain_0p5,30,1175.8551798834635,280.11082689689925,1392.0388788729317,392.2897294018684,1340.5370450202397,343.20407192121826,0.3932065002782656,0.07948640683972405
tvc250,thigh_left_actuator_gain,0.6,thigh_left_actuator_gain_0p6,30,700.9718056935366,200.8900372044765,842.7682770312156,307.2521945402829,799.1960068059212,259.88031430677415,0.24359548368117848,0.06581949656712922
tvc250,thigh_left_actuator_gain,0.7,thigh_left_actuator_gain_0p7,30,451.62385932165523,158.23412251021318,557.8439299864896,232.75981528682362,511.0603441355617,198.8134063598381,0.1564309222566139,0.056633993342696726
tvc250,thigh_left_actuator_gain,0.8,thigh_left_actuator_gain_0p8,30,269.5440328710989,132.07406918171634,297.4670981140615,170.1517917762325,280.7061134766361,157.68245736060052,0.0971595777961874,0.04652144165970774
tvc250,thigh_left_actuator_gain,0.9,thigh_left_actuator_gain_0p9,30,9.979667160067553,131.47601870119033,-32.628582630160984,142.81944024825106,-27.284597505680413,139.6165056946914,0.0015412254248445686,0.054341786784992865
tvc250,thigh_left_actuator_gain,1.0,thigh_left_actuator_gain_1,30,0.0,0.0,0.0,0.0,0.0,0.0,0.0,0.0
tvc250,thigh_left_actuator_gain,1.1,thigh_left_actuator_gain_1p1,30,12.816921434729503,103.95820267953799,-45.54275753595386,138.1432454658249,-11.448895466639593,122.99129489875072,-0.00513552588148572,0.04273805602442408
tvc250,thigh_left_actuator_gain,1.3,thigh_left_actuator_gain_1p3,30,27.596333838528594,120.01568096692401,41.86962632867192,180.61056392872382,-3.145225491568567,144.9257986716383,-0.00010240519236532017,0.04884638125557457
tvc250,thigh_left_actuator_gain,1.5,thigh_left_actuator_gain_1p5,30,71.0671117868129,136.9312951519142,30.226254637758302,212.70444016576792,12.152456909272283,179.6493611416142,0.0035884386631758664,0.05440940604449509
tvc250,thigh_left_actuator_gain,1.7,thigh_left_actuator_gain_1p7,30,257.9399978429554,140.41021871365638,267.27469056234213,249.1361228437909,230.8004457906062,199.73636497311733,0.0784363176524865,0.052217124028289916
tvc250,thigh_left_actuator_gain,2.0,thigh_left_actuator_gain_2,30,410.9360882081327,203.08073919175325,458.49635438753364,301.1850860233365,442.1432201316923,264.9043513534771,0.1361821755716333,0.08261058077372788
tvc250,thigh_left_damping,0.0,thigh_left_damping_0,30,-84.16358218937835,97.14334594050999,-94.38538233351102,122.46550908156782,-108.55065794258854,111.41132113786948,-0.029272601006013258,0.04124340177052592
tvc250,thigh_left_damping,0.1,thigh_left_damping_0p1,30,-87.92586481045132,104.61735088635028,-113.74274296073006,140.9236942134865,-125.57210698315046,118.80790303094655,-0.03282612028383284,0.04547419724812113
tvc250,thigh_left_damping,0.2,thigh_left_damping_0p2,30,9.425349045508938,94.25997762520598,-34.86951594742327,83.39948196796604,-36.210272317208045,99.31158691088652,0.002129434410595214,0.03672298035374769
tvc250,thigh_left_damping,0.3,thigh_left_damping_0p3,30,-40.5945903887488,92.73568115649825,-93.04491609883848,127.83369076292304,-60.77101496138671,110.3613794188819,-0.024246889319425383,0.03770766951853489
tvc250,thigh_left_damping,0.4,thigh_left_damping_0p4,30,-36.823237985978245,84.78602266455114,-63.341480672696065,128.97582602316092,-46.24428317787488,91.86970756055943,-0.02105211257948739,0.035940440668521076
tvc250,thigh_left_damping,0.5,thigh_left_damping_0p5,30,-42.75014740046473,73.81953609853078,11.742871801950143,101.88866323500841,-35.88258780044395,86.94119389528146,-0.019448807613482343,0.02921656028432185
tvc250,thigh_left_damping,0.6,thigh_left_damping_0p6,30,-14.026026352227435,91.36474766278734,-15.388518297571045,104.85270316558388,-21.3366938233029,91.54835020237357,-0.005368825642194924,0.03440226549000253
tvc250,thigh_left_damping,0.7,thigh_left_damping_0p7,30,19.91158905004401,99.90426690716464,-10.880383182325469,147.47312156758105,0.4824236242597256,130.3764244411663,0.0012763669544534801,0.03871892202510254
tvc250,thigh_left_damping,0.8,thigh_left_damping_0p8,30,-10.78753749191241,108.17684137547056,59.54746209513881,115.13702764453832,17.442860350886864,112.56226718699612,-0.0021302771150211184,0.041177839932077055
tvc250,thigh_left_damping,0.9,thigh_left_damping_0p9,30,-5.79826556957252,100.54646204235878,54.55849705220844,145.04528726237527,12.377113408798861,123.82163985254721,-0.008614897927413432,0.04116820515793946
tvc250,thigh_left_damping,1.0,thigh_left_damping_1,30,0.0,0.0,0.0,0.0,0.0,0.0,0.0,0.0
tvc250,thigh_left_damping,1.1,thigh_left_damping_1p1,30,0.4744916317292791,78.80875428836231,-12.162541077149756,138.45750656729953,3.4746614855345266,91.08138452947368,-0.0034130812431724714,0.03560172642741757
tvc250,thigh_left_damping,1.3,thigh_left_damping_1p3,30,-38.57395347690503,84.2269612747372,-57.99008019000497,111.31595887801447,-46.65760777022506,88.28498111800701,-0.01737453129544064,0.029657622430859898
tvc250,thigh_left_damping,1.5,thigh_left_damping_1p5,30,-27.677614690673604,88.45852916749095,-33.588456823248606,135.74123197314333,-24.857427437920244,104.68354989094397,-0.015681917029069143,0.034916602134589685
tvc250,thigh_left_damping,1.7,thigh_left_damping_1p7,30,-26.10706437605119,95.84213622417977,-20.77008128627847,155.54440287204076,-33.023772562647224,108.18478773829172,-0.013638152728078522,0.03935867544939796
tvc250,thigh_left_damping,2.0,thigh_left_damping_2,30,-5.850574916275628,87.63395920084852,-60.28524890243185,112.99247403067722,-24.58306319540424,84.55461304690739,-0.001496683464743467,0.0362385232507205
tvc250,thigh_left_mass,0.1,thigh_left_mass_0p1,30,-0.7029719037866319,215.15473196522177,53.80840460787018,279.25050386689725,9.695285885726662,253.56329581994274,-0.054458076902037654,0.12817571479050527
tvc250,thigh_left_mass,0.2,thigh_left_mass_0p2,30,-96.98517143813454,233.52885854448115,-3.126981594539704,266.57842879892263,-46.59920448050743,262.8557966859875,-0.08171137759165935,0.13053028995327626
tvc250,thigh_left_mass,0.3,thigh_left_mass_0p3,30,-135.66075149293124,187.77455531429734,-120.78581969990606,215.36657693290775,-134.2116085142198,202.50249358557036,-0.09935661615881955,0.11862514399611486
tvc250,thigh_left_mass,0.4,thigh_left_mass_0p4,30,-147.04081842967173,186.42256733127962,-186.37822077048767,240.12007449757473,-191.335536007844,225.80591748399596,-0.10422893133561593,0.1201833728328219
tvc250,thigh_left_mass,0.5,thigh_left_mass_0p5,30,-120.75376610762517,147.2284201627211,-80.98992073635918,161.8252925150683,-116.71097553609293,157.8442323516181,-0.08210747147870417,0.08111578373058867
tvc250,thigh_left_mass,0.6,thigh_left_mass_0p6,30,-126.2397992857485,145.04234799714322,-128.9301731974227,164.27490685270178,-150.2324800699826,163.66715664238174,-0.09341759071510856,0.08202711108350359
tvc250,thigh_left_mass,0.7,thigh_left_mass_0p7,30,-181.02159707509512,146.07500506836246,-169.18787030560287,159.07296995473823,-179.76259238492028,152.43301852417463,-0.10587273111625689,0.07234060848398471
tvc250,thigh_left_mass,0.8,thigh_left_mass_0p8,30,-87.70846248068021,94.18911123873661,-109.5293070156736,130.5341374915882,-105.42563217049761,111.96223786731967,-0.0532296076221253,0.040392042215456246
tvc250,thigh_left_mass,0.9,thigh_left_mass_0p9,30,-79.26869514178118,97.82627077839885,-48.572098189695176,154.05291613546206,-78.4385495845117,132.474585516255,-0.049237392466522985,0.04289008463472913
tvc250,thigh_left_mass,1.0,thigh_left_mass_1,30,0.0,0.0,0.0,0.0,0.0,0.0,0.0,0.0
tvc250,thigh_left_mass,1.1,thigh_left_mass_1p1,30,94.88687856712099,101.42777992453583,96.91973379138956,148.92975518625812,109.23954538383668,133.31041381797758,0.030484304489682916,0.03795554960299795
tvc250,thigh_left_mass,1.3,thigh_left_mass_1p3,30,232.4476883238248,148.62907839314508,320.5186049572778,213.13968898078224,292.3130270852065,187.72744374496486,0.08363288879534861,0.05899611059860631
tvc250,thigh_left_mass,1.5,thigh_left_mass_1p5,30,450.2371508363659,212.41447156489647,627.0030767212485,324.01314188118664,580.1496362236772,287.641735434357,0.1608488315444373,0.07311580830531317
tvc250,thigh_left_mass,1.7,thigh_left_mass_1p7,30,689.9184222718535,242.93353744867144,886.1161204230041,361.1526360347799,823.267222516304,317.2853399335189,0.2437547993646363,0.07826929637027166
tvc250,thigh_left_mass,2.0,thigh_left_mass_2,30,1109.0603676631772,291.8590969134395,1338.6045211514788,384.9875361130735,1279.4511015301402,353.32593576730267,0.38552855960695087,0.09659300741449955
tvc275,foot_left_actuator_gain,0.0,foot_left_actuator_gain_0,30,2840.493297207527,310.0816884529348,2900.516852676919,336.3132173125947,2909.283245173443,328.52516918169647,0.8806770578815996,0.032168069277713186
tvc275,foot_left_actuator_gain,0.1,foot_left_actuator_gain_0p1,30,2582.8797673068752,452.92735998869784,2631.624908872094,472.4835529990329,2641.8448280803527,467.4108892327683,0.7912401712602759,0.10797560408038322
tvc275,foot_left_actuator_gain,0.2,foot_left_actuator_gain_0p2,30,2480.226217013774,442.4317102623832,2553.372116862152,455.5614192620259,2558.677489210423,449.919257926123,0.7614257263446508,0.10512403427145028
tvc275,foot_left_actuator_gain,0.3,foot_left_actuator_gain_0p3,30,2398.5215286356365,442.63516429491307,2477.1370251236995,451.90299449611865,2490.5170526385805,444.52291185232065,0.7350685009388276,0.10723900993166387
tvc275,foot_left_actuator_gain,0.4,foot_left_actuator_gain_0p4,30,2234.054356326274,460.2804550706012,2288.353411353109,476.08293845273977,2297.4867458833983,471.01218727108835,0.6839358219901732,0.11532112900806311
tvc275,foot_left_actuator_gain,0.5,foot_left_actuator_gain_0p5,30,2036.4998067400127,469.27308438447454,2091.622883448111,500.88477857675446,2097.04068699548,490.784171543754,0.6242937713260913,0.12444429915375853
tvc275,foot_left_actuator_gain,0.6,foot_left_actuator_gain_0p6,30,1681.865883879946,464.60759019297757,1741.7350933778537,508.62871137768985,1734.1002893019001,499.93150551691645,0.5222583563927313,0.1269375972375646
tvc275,foot_left_actuator_gain,0.7,foot_left_actuator_gain_0p7,30,1179.446176975991,398.67514814678475,1250.9078680329433,448.66726607428956,1245.8027466614394,434.51453723611303,0.3687088309390364,0.11228143257792138
tvc275,foot_left_actuator_gain,0.8,foot_left_actuator_gain_0p8,30,613.3033933172759,299.4405466149455,611.0776602241931,347.8044162338722,622.0744569422528,329.6621809117465,0.20070894894139257,0.088092435968262
tvc275,foot_left_actuator_gain,0.9,foot_left_actuator_gain_0p9,30,140.77202591815077,102.14782277578045,50.913649473441644,59.450261260003735,76.77878211057177,74.46942273744139,0.05759030617367304,0.04260838779732842
tvc275,foot_left_actuator_gain,1.0,foot_left_actuator_gain_1,30,0.0,0.0,0.0,0.0,0.0,0.0,0.0,0.0
tvc275,foot_left_actuator_gain,1.1,foot_left_actuator_gain_1p1,30,-18.560059076034563,108.78810358795806,-101.86772639471705,152.0836476443724,-61.49822701735852,124.16642808374333,-0.020323696992341565,0.04879430084184771
tvc275,foot_left_actuator_gain,1.3,foot_left_actuator_gain_1p3,30,167.65104781858184,146.3927476541572,50.390894316477016,153.26325293743992,99.26809891130024,151.1993866661428,0.03035659328024342,0.06354859245365291
tvc275,foot_left_actuator_gain,1.5,foot_left_actuator_gain_1p5,30,237.61555898231626,167.35544971506485,127.27733679481662,173.37718374620903,178.7893018331105,170.92829493603182,0.049552457928128325,0.06813822255930932
tvc275,foot_left_actuator_gain,1.7,foot_left_actuator_gain_1p7,30,467.4591593942107,226.13078389076597,403.41459743345763,287.4808485620865,440.100768032333,267.6863488318193,0.11877361477511059,0.0711790436061917
tvc275,foot_left_actuator_gain,2.0,foot_left_actuator_gain_2,30,789.4060534564741,305.9774174372282,793.8432058181911,377.0588466396423,791.0830113319831,351.342935639035,0.2150938075782635,0.09454471006643553
tvc275,foot_left_damping,0.0,foot_left_damping_0,30,2.410791688079458,63.01719992042212,-31.923052557833806,60.70326914061625,10.980854327847169,69.5562746028151,-0.0015957232800205003,0.01974113464428529
tvc275,foot_left_damping,0.1,foot_left_damping_0p1,30,7.727900903002145,74.37661970577923,8.649857174859559,35.072030320362636,26.286500856616044,42.345308569585995,0.001610493346990324,0.023522953259996492
tvc275,foot_left_damping,0.2,foot_left_damping_0p2,30,-9.894494665433038,68.27614671179781,-16.62548282379823,46.83739405068923,-28.665332564606082,34.787261037807355,-0.009393098067596233,0.02154794111474571
tvc275,foot_left_damping,0.3,foot_left_damping_0p3,30,25.704115767563184,60.407333607793205,7.678500409977906,36.01330426293264,19.543600129525405,40.87838483793569,0.009319545843431256,0.019021939057891266
tvc275,foot_left_damping,0.4,foot_left_damping_0p4,30,-23.71261169453413,65.52495950933437,-53.106052452120295,69.1316858243301,-30.942198839374488,56.84664089215702,-0.007864562487638166,0.020905119103145672
tvc275,foot_left_damping,0.5,foot_left_damping_0p5,30,9.243981643060666,58.78509912137359,-5.492053484396278,37.13941821688707,-8.275540187659328,44.453180700157425,0.003545258773170115,0.020784988700330225
tvc275,foot_left_damping,0.6,foot_left_damping_0p6,30,19.347222241098663,46.38129933437447,3.618867421961473,34.51337110385743,24.554624059316016,39.27700543380143,0.009064892968454205,0.016122427593715297
tvc275,foot_left_damping,0.7,foot_left_damping_0p7,30,6.829492301859781,47.12998282124207,-20.766627652519983,31.371611681972094,-11.83408847892352,17.92862452618007,0.0027297784189954026,0.014550612357931064
tvc275,foot_left_damping,0.8,foot_left_damping_0p8,30,20.24314528939836,60.595172581576264,-10.000318934875907,67.25608457984266,4.459730496337249,49.68337679349044,0.007944155664955438,0.019405467044612178
tvc275,foot_left_damping,0.9,foot_left_damping_0p9,30,14.398831497909601,57.839976120343614,-22.736622187028978,62.87915912493632,-7.3941337079233564,41.44944439772237,0.006709713366313337,0.019578944150516985
tvc275,foot_left_damping,1.0,foot_left_damping_1,30,0.0,0.0,0.0,0.0,0.0,0.0,0.0,0.0
tvc275,foot_left_damping,1.1,foot_left_damping_1p1,30,3.428735818011542,52.20095104580231,-9.95481394883598,41.29421459109725,-0.9697060694879913,42.24661735685419,0.0009630572838651529,0.01712077958447356
tvc275,foot_left_damping,1.3,foot_left_damping_1p3,30,-6.7513480038586335,57.43401133593298,-36.56547128180603,80.50619509146199,-24.784036215244257,73.38198419191663,-0.0023667847199572824,0.021986784159947342
tvc275,foot_left_damping,1.5,foot_left_damping_1p5,30,-13.33356019188338,46.02586599674259,18.60313802381712,80.02354358703371,11.26676795510457,54.35319216638185,-0.0030810558761955346,0.016101693962459727
tvc275,foot_left_damping,1.7,foot_left_damping_1p7,30,17.783735893883772,39.56049377058874,-4.18423284519705,38.57824309708173,21.786010583121634,44.148424554355245,0.008351490326346083,0.015260399583821542
tvc275,foot_left_damping,2.0,foot_left_damping_2,30,-17.7614530930293,53.125624342935154,-22.220025859124117,31.317935843070227,-12.727552389776251,39.866138427915885,-0.0015522380798961531,0.018959296055697964
tvc275,foot_left_friction,0.0,foot_left_friction_0,30,358.9503040681533,175.91355429197498,345.07445992768845,199.9138544776334,358.12572636894515,190.44324905591782,0.13406589636405128,0.06561850449692337
tvc275,foot_left_friction,0.1,foot_left_friction_0p1,30,358.9503040681533,175.91355429197498,345.07445992768845,199.9138544776334,358.12572636894515,190.44324905591782,0.13406589636405128,0.06561850449692337
tvc275,foot_left_friction,0.2,foot_left_friction_0p2,30,345.64903623676713,156.01726330756514,278.54077659849935,155.7446944547378,302.6855140120825,155.32810012831533,0.12957913888318762,0.06149416350177797
tvc275,foot_left_friction,0.3,foot_left_friction_0p3,30,367.7372588945247,167.96242012564073,348.53065439682035,186.92975787088918,363.9449827560895,182.57495205124624,0.13158618976306938,0.06116118383313526
tvc275,foot_left_friction,0.4,foot_left_friction_0p4,30,292.484188730528,149.52905110224938,242.4299202554727,182.79678183081717,268.9797239875877,171.6860965899452,0.1088510876274461,0.058106071834082
tvc275,foot_left_friction,0.5,foot_left_friction_0p5,30,153.72374021947903,101.91847366296665,145.08041827257742,85.92200102348794,160.841669184976,90.713093256928,0.05955689324425303,0.039470455885436496
tvc275,foot_left_friction,0.6,foot_left_friction_0p6,30,76.54697315291202,94.58080963959051,103.26108340352805,116.480788226782,99.10046334370989,112.73637512924675,0.03163107566238905,0.041688651090811546
tvc275,foot_left_friction,0.7,foot_left_friction_0p7,30,75.76937465756743,54.77868073759139,38.22398093894443,38.63425447146505,70.60509762374507,37.976352507812166,0.037047983510379065,0.03148475190830261
tvc275,foot_left_friction,0.8,foot_left_friction_0p8,30,10.648527450674013,60.500352618604126,8.881231486625987,58.009566010983086,10.355266709813657,57.2521929716228,-0.003277285519905876,0.030228460822461976
tvc275,foot_left_friction,0.9,foot_left_friction_0p9,30,19.897289582679043,61.26858187954637,41.482518119351774,82.77365555962966,29.00409628814443,59.62529228005537,0.0006600725572603164,0.03117837155997365
tvc275,foot_left_friction,1.0,foot_left_friction_1,30,0.0,0.0,0.0,0.0,0.0,0.0,0.0,0.0
tvc275,foot_left_friction,1.1,foot_left_friction_1p1,30,17.8360509890617,87.1243681522387,-5.3300479998533286,111.29326308353704,4.006215486717398,106.55098143335589,-0.0038788580837621303,0.03839965727221644
tvc275,foot_left_friction,1.3,foot_left_friction_1p3,30,182.43399160354667,212.7166655902799,208.00139269876186,257.1619593712743,196.3794743741729,236.90114051140094,0.055440857303681215,0.08596245402131744
tvc275,foot_left_friction,1.5,foot_left_friction_1p5,30,548.3332681245032,283.5452115257389,602.919935053064,330.3630076793004,585.3259257490242,316.39097654978684,0.1674249839295643,0.09645333037998446
tvc275,foot_left_friction,1.7,foot_left_friction_1p7,30,1085.7495055288712,404.43150165297396,1116.8235201094699,426.27481128760735,1132.517792255866,419.4644184070409,0.3651762162335796,0.11919836143865609
tvc275,foot_left_friction,2.0,foot_left_friction_2,30,1703.8013936573918,419.15630763964276,1745.8682073748516,452.5370154511445,1749.289234470996,445.40658604498117,0.5411832262616174,0.11468770403975433
tvc275,foot_left_mass,0.1,foot_left_mass_0p1,30,1094.368009473469,292.7841647209707,1212.6181243929705,388.9536133928693,1178.2578803973397,386.5775160448484,0.3403145174525118,0.0798753633092271
tvc275,foot_left_mass,0.2,foot_left_mass_0p2,30,760.3424529579178,251.1297294042329,771.3090332769386,315.3085319349263,776.1487820710453,306.9383343526445,0.23900319831461656,0.07327178233995767
tvc275,foot_left_mass,0.3,foot_left_mass_0p3,30,552.247589606273,258.66485229024414,468.32064033634447,311.47648726920715,512.1215613697111,308.5403188744027,0.1623549308091784,0.08078332455751928
tvc275,foot_left_mass,0.4,foot_left_mass_0p4,30,388.1329734629625,211.5225876508919,409.6270678033413,313.459368688078,383.0525650684546,259.5058490958604,0.11598421146455916,0.06592955252944008
tvc275,foot_left_mass,0.5,foot_left_mass_0p5,30,193.88951168426132,163.02558364233667,141.99018072182025,152.81730156881517,164.0199094579052,167.86755409796712,0.05330476389379572,0.061814888922559735
tvc275,foot_left_mass,0.6,foot_left_mass_0p6,30,91.26821825310107,138.6812527247933,82.13298641976719,143.8786943538919,79.39237129339527,152.3175892791334,0.017540299265140284,0.05403667031791923
tvc275,foot_left_mass,0.7,foot_left_mass_0p7,30,22.626824856726493,137.6324891735853,35.683103911111495,168.7499200594855,29.740586586453833,163.25639094846463,-0.01059037440319367,0.06374743969200306
tvc275,foot_left_mass,0.8,foot_left_mass_0p8,30,-26.515802319145298,118.38707297169978,29.27850247689451,150.1543177471792,24.596275630355656,136.31620805660782,-0.018332740599649244,0.04885292671090974
tvc275,foot_left_mass,0.9,foot_left_mass_0p9,30,-33.748519091501485,56.732253523338024,-31.757025258673384,53.49196947450882,-25.29751282372147,47.256673479262275,-0.01833230210852642,0.027482902624806026
tvc275,foot_left_mass,1.0,foot_left_mass_1,30,0.0,0.0,0.0,0.0,0.0,0.0,0.0,0.0
tvc275,foot_left_mass,1.1,foot_left_mass_1p1,30,-11.029771997537637,71.90153098709182,-1.3942776646139805,82.00226102207391,-4.818282178863638,81.36848733910224,-0.002945166715413948,0.028743428432928483
tvc275,foot_left_mass,1.3,foot_left_mass_1p3,30,5.149491531635416,65.34715707565678,-1.3890054807432306,72.31436342920723,14.06320920057152,65.52459779142512,-0.002773110124411588,0.024556087929912436
tvc275,foot_left_mass,1.5,foot_left_mass_1p5,30,99.65156056063636,109.6000998045369,83.94128309420552,104.15339798200719,83.22621641937789,105.79539954886414,0.03762860288219131,0.0447372124963458
tvc275,foot_left_mass,1.7,foot_left_mass_1p7,30,166.02203979403438,156.5842088289785,135.03421194204165,195.75526411554026,151.77722993958997,173.60111925495715,0.04810875565021317,0.05719401792480753
tvc275,foot_left_mass,2.0,foot_left_mass_2,30,355.4849740475298,287.22763492878045,345.66670976030196,322.6891958064439,373.3035585919409,312.23719697007266,0.1012163326469025,0.09297987103113974
tvc275,leg_left_actuator_gain,0.0,leg_left_actuator_gain_0,30,2439.5908906629193,384.0552199507847,2505.419498342971,435.89022584360094,2513.5005670359888,431.1607726699798,0.7260421344044556,0.10042830596594755
tvc275,leg_left_actuator_gain,0.1,leg_left_actuator_gain_0p1,30,2128.354911646559,402.7763428997081,2242.061297643321,461.39440095045796,2228.2225275105934,447.61280643061775,0.6310999935773932,0.10705567960769279
tvc275,leg_left_actuator_gain,0.2,leg_left_actuator_gain_0p2,30,1634.8418278033128,433.70394866650855,1711.2615675414202,504.3841424580952,1733.9820696847207,486.77930869574357,0.47784924649124,0.12048471193779944
tvc275,leg_left_actuator_gain,0.3,leg_left_actuator_gain_0p3,30,1048.3128642576132,378.82086362127757,1089.4040424572524,457.5594208701176,1111.7748485153197,436.31779293847484,0.3002770700401044,0.11071961820288813
tvc275,leg_left_actuator_gain,0.4,leg_left_actuator_gain_0p4,30,612.0015907075008,334.7311739468312,634.7935180812206,410.3832886982954,650.0106277287141,384.8813879920771,0.17649485746428709,0.09705329667658169
tvc275,leg_left_actuator_gain,0.5,leg_left_actuator_gain_0p5,30,277.3743122569294,230.8875853945845,280.56386852106056,279.4966200042319,272.564913799219,269.6333285903741,0.07647027119090445,0.06508340183011876
tvc275,leg_left_actuator_gain,0.6,leg_left_actuator_gain_0p6,30,114.861279077912,143.28715149266833,138.31713080771493,166.2575256873973,135.09114366872635,153.14991440940682,0.0343983901159936,0.04070058578265996
tvc275,leg_left_actuator_gain,0.7,leg_left_actuator_gain_0p7,30,26.857203699451453,91.7650933760099,51.63751217757594,122.20754096466811,54.88354806714788,110.74455269158052,0.009632348442719423,0.03140904596752212
tvc275,leg_left_actuator_gain,0.8,leg_left_actuator_gain_0p8,30,26.592841132828195,45.20492538266391,18.507116050248058,61.590530928734864,22.96633935555303,43.206021532484435,0.010452556951898135,0.015900827399463444
tvc275,leg_left_actuator_gain,0.9,leg_left_actuator_gain_0p9,30,18.517422986768608,64.03515109990909,25.54683067702243,99.40612925222264,29.335357524361118,77.80079385386706,0.0017685835776786376,0.02621139633741429
tvc275,leg_left_actuator_gain,1.0,leg_left_actuator_gain_1,30,0.0,0.0,0.0,0.0,0.0,0.0,0.0,0.0
tvc275,leg_left_actuator_gain,1.1,leg_left_actuator_gain_1p1,30,22.477195794192713,103.75977903977031,56.43555966317631,123.72729691596862,46.51079500460161,117.18037186114876,0.0035147854878175267,0.04158889076692537
tvc275,leg_left_actuator_gain,1.3,leg_left_actuator_gain_1p3,30,25.59220345647262,69.52062082492355,40.267424216891825,45.055996676090395,33.390851006879345,48.6048828836794,0.010631716614574077,0.022749244434122726
tvc275,leg_left_actuator_gain,1.5,leg_left_actuator_gain_1p5,30,51.70065925352787,77.79019659702294,57.76506975905405,116.19508900888759,38.647653509167746,76.61617101900376,0.01306150389082222,0.027775170686280395
tvc275,leg_left_actuator_gain,1.7,leg_left_actuator_gain_1p7,30,127.76855748335251,123.3907227204329,1.3691193964383046,82.30776802315404,91.28456552823322,108.94431076811144,0.03640955624876131,0.036928278646477
tvc275,leg_left_actuator_gain,2.0,leg_left_actuator_gain_2,30,192.03966689862528,121.19289070591421,100.6683953073302,100.00971085534582,141.9670959487579,108.18201694231558,0.05359612082900394,0.04368600699815202
tvc275,leg_left_damping,0.0,leg_left_damping_0,30,26.974848513739364,57.96304603035796,34.81383818811569,73.67750154315188,42.58744057843681,69.45310108428404,0.009200426328094277,0.02140463285329782
tvc275,leg_left_damping,0.1,leg_left_damping_0p1,30,25.9939247837602,54.47076989125375,-6.608748819471002,41.90829359316604,-4.590180569044291,36.92601743585546,0.00458486601914116,0.020029888906801022
tvc275,leg_left_damping,0.2,leg_left_damping_0p2,30,-7.603466119934024,54.02659235078281,-8.099220947539019,24.994260509129433,2.7090587431534723,38.99023403499305,-0.005968826761411333,0.02099384940569678
tvc275,leg_left_damping,0.3,leg_left_damping_0p3,30,-6.609709251229329,64.00541454104861,15.935498866715758,86.54769759306129,6.204997114716506,81.56192424175465,-0.004938494737857893,0.026190853308300423
tvc275,leg_left_damping,0.4,leg_left_damping_0p4,30,-8.436324932772553,65.12778585810537,-33.064880864775695,81.71616983174398,-8.615647898721837,74.10039364857626,-0.0058420025808074,0.024982493899548718
tvc275,leg_left_damping,0.5,leg_left_damping_0p5,30,9.051652651390631,61.50554664303504,10.186959484877434,80.30591962021155,19.538872857484996,68.2226216569453,-0.0002909421670565297,0.02346656985169144
tvc275,leg_left_damping,0.6,leg_left_damping_0p6,30,14.893188969049815,60.041954202246636,-33.39801878181448,86.26063215172131,-23.455246642021844,65.54158242663063,-7.854831793133345e-05,0.024996204423856416
tvc275,leg_left_damping,0.7,leg_left_damping_0p7,30,-1.8458078367037616,67.30117730364037,-14.521996688329905,76.45357146720937,12.370098004513222,65.8250360550114,-0.0012631749950572156,0.02306093927659541
tvc275,leg_left_damping,0.8,leg_left_damping_0p8,30,-9.868871778559363,64.4499682391223,12.285949159164094,52.685038176613844,18.13978657664034,57.884053500409465,-0.0034920240318027387,0.026696461692866085
tvc275,leg_left_damping,0.9,leg_left_damping_0p9,30,23.267646088078127,47.56550973475207,-18.337465116993734,30.001085197627393,-15.26055221931957,32.56551607794622,0.00396758092096941,0.01837748622055892
tvc275,leg_left_damping,1.0,leg_left_damping_1,30,0.0,0.0,0.0,0.0,0.0,0.0,0.0,0.0
tvc275,leg_left_damping,1.1,leg_left_damping_1p1,30,-5.870220734217526,77.81686704030223,-52.635976049326786,75.37416712220957,-22.16683449163746,69.35629899673168,-0.0049783467648419405,0.025090664587754278
tvc275,leg_left_damping,1.3,leg_left_damping_1p3,30,0.022933270315608448,46.8655527737905,-21.164311461997215,39.62904434849823,-20.320947378918472,38.890926906418656,-0.0015570836003118943,0.019324608685288337
tvc275,leg_left_damping,1.5,leg_left_damping_1p5,30,7.701473654908966,80.57812949397953,-39.003314478309285,82.94446953782924,-7.734006093248138,87.7671848310575,-0.0027278626902856843,0.028344563480105486
tvc275,leg_left_damping,1.7,leg_left_damping_1p7,30,63.44256681302239,84.20297099800959,-21.57854804140233,89.67680232383935,17.747620886433975,89.00889411092297,0.01912595216483107,0.027289230665146623
tvc275,leg_left_damping,2.0,leg_left_damping_2,30,35.841570486814476,67.957215066693,24.47110062217616,74.69935694650093,20.762224810600294,65.29128951870159,0.007960073716700803,0.025460150008907573
tvc275,leg_left_mass,0.1,leg_left_mass_0p1,30,167.74073822229354,196.6366107797938,121.9857574504699,224.24018944922412,132.39829961694042,219.152807222284,0.039125016082267226,0.07760418537968639
tvc275,leg_left_mass,0.2,leg_left_mass_0p2,30,128.94981371001157,194.77052982377216,70.25091009855909,218.20128668625654,110.4350822087604,219.97579396435268,0.024546003886897146,0.07607877180553786
tvc275,leg_left_mass,0.3,leg_left_mass_0p3,30,65.13317243002604,148.56594823714497,27.917271835836495,179.29825068469924,45.35019546622769,155.30543131773302,0.012317949605663901,0.056422666823648424
tvc275,leg_left_mass,0.4,leg_left_mass_0p4,30,25.38371677023262,156.95959547606074,43.2133283200167,198.86854209999757,36.11068271063529,169.78441172695267,-0.008701945716005303,0.06344634329504764
tvc275,leg_left_mass,0.5,leg_left_mass_0p5,30,-39.15757991739208,145.8693945216119,-45.93584698085754,183.6717435806685,-42.87555214757674,168.58868940936702,-0.03133297830800013,0.06581586806346437
tvc275,leg_left_mass,0.6,leg_left_mass_0p6,30,48.11642814796409,123.31059523992501,80.80677838041403,145.99726776492898,72.60205799573778,128.77781652264827,0.012093400608525574,0.04425952762555373
tvc275,leg_left_mass,0.7,leg_left_mass_0p7,30,-39.9798734621734,102.78344402331122,-16.909514163100027,111.64323197497454,-12.382196792821617,109.62259617011888,-0.02292533093092984,0.04208094064499496
tvc275,leg_left_mass,0.8,leg_left_mass_0p8,30,-73.93306944131048,85.98395233785611,-32.76101474281743,110.98871311569498,-49.96792630323425,103.42746210042385,-0.03308929551084748,0.04284524800677336
tvc275,leg_left_mass,0.9,leg_left_mass_0p9,30,-14.470407360031606,87.14451762450047,20.265089033993863,119.90336644912969,6.945429452402346,94.44839991068962,-0.009142961387924831,0.03688609935301745
tvc275,leg_left_mass,1.0,leg_left_mass_1,30,0.0,0.0,0.0,0.0,0.0,0.0,0.0,0.0
tvc275,leg_left_mass,1.1,leg_left_mass_1p1,30,17.045426975792978,76.72490320569754,58.83823343994789,91.32098504602187,52.46862019061229,82.86487719615775,0.006928555542223897,0.02752734236158403
tvc275,leg_left_mass,1.3,leg_left_mass_1p3,30,39.715670034216664,85.77601827569003,-29.318677128510156,86.53221417774425,-19.79490960250094,90.79054254064205,0.012758925312764005,0.03669757647162862
tvc275,leg_left_mass,1.5,leg_left_mass_1p5,30,114.67361111886207,106.8872196549483,37.5084518968444,94.08403540662032,44.63087040057591,103.34423904451994,0.03646238011672589,0.042860316765602445
tvc275,leg_left_mass,1.7,leg_left_mass_1p7,30,155.1047755252586,141.02663095573783,113.60083021785141,187.59066342929538,127.22628240883999,170.64505572787994,0.047399224644584764,0.05095970640916992
tvc275,leg_left_mass,2.0,leg_left_mass_2,30,373.2062240920086,207.91300816089273,257.9008132315952,242.62182754988314,314.06033630428686,236.08328263782823,0.11309273856627813,0.07061496034290561
tvc275,thigh_left_actuator_gain,0.0,thigh_left_actuator_gain_0,30,2765.8940586069466,285.8759905043957,2856.9755353336523,321.2594725256687,2873.5425726603044,311.50952317807804,0.8744850228384811,0.03724335289388361
tvc275,thigh_left_actuator_gain,0.1,thigh_left_actuator_gain_0p1,30,2610.6093884045854,279.23481938382275,2693.6637505151552,346.88732171767526,2716.006879408346,309.9283751930265,0.8284190921533024,0.045979870779240595
tvc275,thigh_left_actuator_gain,0.2,thigh_left_actuator_gain_0p2,30,2271.293688631763,335.88699654915655,2351.6419524088255,393.9886002499757,2354.2370860758037,385.5219552848607,0.7148909961427868,0.07682382108178723
tvc275,thigh_left_actuator_gain,0.3,thigh_left_actuator_gain_0p3,30,1883.2587917755948,360.8997740163136,1975.9348060188952,417.56511913067186,1982.7040874015831,409.2745245259254,0.5826974710575433,0.0967410169325773
tvc275,thigh_left_actuator_gain,0.4,thigh_left_actuator_gain_0p4,30,1573.9117144626368,338.3898474843043,1691.2968961970503,400.91826932034076,1700.1798638090945,380.05624067671727,0.4706308269824729,0.09877854057899026
tvc275,thigh_left_actuator_gain,0.5,thigh_left_actuator_gain_0p5,30,1176.368687386517,313.3075942735547,1136.4376431672424,396.8397410334007,1208.8432042402071,364.0590955621347,0.3586627143626536,0.09261982479273993
tvc275,thigh_left_actuator_gain,0.6,thigh_left_actuator_gain_0p6,30,729.8324287984411,216.8492383343939,658.592727472065,293.01304556901954,725.3226882300917,265.0222942644985,0.22659544332703038,0.06696967952258728
tvc275,thigh_left_actuator_gain,0.7,thigh_left_actuator_gain_0p7,30,446.50053821668683,152.54510579508678,359.3992999271759,196.8028896137803,400.2761045591511,184.54746178678164,0.1464071365572126,0.049664298748794675
tvc275,thigh_left_actuator_gain,0.8,thigh_left_actuator_gain_0p8,30,214.8447724991821,95.60149479901422,129.33840288374566,98.35213981035642,152.2294192791488,94.51063071671796,0.07209206835490828,0.03347406567152416
tvc275,thigh_left_actuator_gain,0.9,thigh_left_actuator_gain_0p9,30,89.49672494004734,79.51298535462921,75.88661215645892,85.5588832271409,91.90263359576835,86.46333766920546,0.0356305908969307,0.030431749440694177
tvc275,thigh_left_actuator_gain,1.0,thigh_left_actuator_gain_1,30,0.0,0.0,0.0,0.0,0.0,0.0,0.0,0.0
tvc275,thigh_left_actuator_gain,1.1,thigh_left_actuator_gain_1p1,30,-26.20379530113011,55.26925511840424,-42.27930033364302,74.06429618984168,-36.71221494270558,52.8182128677544,-0.007922522703757895,0.02149759346274489
tvc275,thigh_left_actuator_gain,1.3,thigh_left_actuator_gain_1p3,30,18.706446119002354,77.32106509192725,-25.297355679151202,95.05255139729462,-12.207382031947718,84.96931035791611,0.004042403794564307,0.03156293512748967
tvc275,thigh_left_actuator_gain,1.5,thigh_left_actuator_gain_1p5,30,115.79916639967254,93.56252334645505,92.72530333478225,103.97087743260211,109.50311154176673,93.05492029784872,0.04480669569186981,0.032429610548070524
tvc275,thigh_left_actuator_gain,1.7,thigh_left_actuator_gain_1p7,30,169.1498246431632,123.30905919431784,146.15276593231314,161.73001795388996,146.58991864214744,151.59220846658008,0.05688106237171726,0.04497986994302722
tvc275,thigh_left_actuator_gain,2.0,thigh_left_actuator_gain_2,30,492.2072027566297,183.82996535155996,380.45576678543296,282.29142256587136,400.369282641618,230.67355392320633,0.15551990101934815,0.058311607295242374
tvc275,thigh_left_damping,0.0,thigh_left_damping_0,30,44.57892394827812,53.666969903611964,3.8142332477376955,42.88318167189713,18.688584326061754,37.69790978133305,0.01092666436168001,0.01641636887620001
tvc275,thigh_left_damping,0.1,thigh_left_damping_0p1,30,-4.986739522797408,44.566471041251575,26.241009364757634,65.18769367254407,19.432408932014514,52.18994842230083,-0.00039928874956820777,0.015370955241444828
tvc275,thigh_left_damping,0.2,thigh_left_damping_0p2,30,41.67050166303174,51.7051469405511,12.931166743255707,69.33342419736827,16.05750014993368,61.35584982230808,0.012840655689321332,0.01765336514605487
tvc275,thigh_left_damping,0.3,thigh_left_damping_0p3,30,-1.15047869792157,45.45294268639667,-4.22822378956638,47.32718843758442,-4.827769062918654,38.40137393917301,-0.0010372792047966728,0.014624378202011071
tvc275,thigh_left_damping,0.4,thigh_left_damping_0p4,30,8.431826577782177,42.26836849084461,17.837741602493843,44.642498901049,12.7967452163164,33.87304041719623,0.006290850898673286,0.014168290831905203
tvc275,thigh_left_damping,0.5,thigh_left_damping_0p5,30,1.214829906828921,35.71788678681305,-20.23453614102348,60.623894100268636,-1.161693018541454,49.958258481724904,0.0014549730169611077,0.013278924709316338
tvc275,thigh_left_damping,0.6,thigh_left_damping_0p6,30,-3.3101284360225844,51.103740235305374,-35.52323724503624,59.52379954406218,-20.787934438119386,44.687978510908636,-0.002264652393280573,0.01800789429317437
tvc275,thigh_left_damping,0.7,thigh_left_damping_0p7,30,-11.21531286777637,41.9650150455217,-35.47596041885649,65.9439734687399,-14.886756563898352,54.98739152540658,-0.005316157127491941,0.01505811337683054
tvc275,thigh_left_damping,0.8,thigh_left_damping_0p8,30,-0.5011224802702827,63.0631573417123,-26.42792971501776,65.84522480474887,-1.9471415731172896,58.5267752759921,0.0027943214694376305,0.021442691047229685
tvc275,thigh_left_damping,0.9,thigh_left_damping_0p9,30,10.127436310870518,51.698149480882684,-33.67953954627674,48.531891114762985,-24.579052516847867,27.134137072372315,0.0019306369144483095,0.01673782366500856
tvc275,thigh_left_damping,1.0,thigh_left_damping_1,30,0.0,0.0,0.0,0.0,0.0,0.0,0.0,0.0
tvc275,thigh_left_damping,1.1,thigh_left_damping_1p1,30,3.2580283749112366,45.418814166386575,6.671909528407908,26.896829384829303,9.890003822909494,30.976533155383667,0.0035824075676112116,0.014955681693799629
tvc275,thigh_left_damping,1.3,thigh_left_damping_1p3,30,26.167829812737754,41.85927714033715,-18.779346698746004,55.84861963464897,9.388065483702606,50.38659844909076,0.011143589019428048,0.015273246981450923
tvc275,thigh_left_damping,1.5,thigh_left_damping_1p5,30,-9.434118681423339,56.85628676241606,14.02019625333393,91.24584934600607,5.086902683387825,69.06843901775817,-0.002998444230370367,0.019535679039483573
tvc275,thigh_left_damping,1.7,thigh_left_damping_1p7,30,38.89581336593832,66.34934293295095,23.916752869257202,45.07286813703892,29.260448745430867,44.83192049533933,0.014813270327166202,0.02349507000605225
tvc275,thigh_left_damping,2.0,thigh_left_damping_2,30,3.77793504570648,50.27106639826048,-4.592485676368142,50.10808848147959,6.571603932960435,47.44845202207614,-0.0013995597475643872,0.016170480987934534
tvc275,thigh_left_mass,0.1,thigh_left_mass_0p1,30,98.53225751244705,152.9964786324432,39.01586406302439,209.0956564615743,60.4569492979779,185.30701523870394,-0.008198041179971341,0.07056479931934942
tvc275,thigh_left_mass,0.2,thigh_left_mass_0p2,30,69.34957821949762,158.3518825825064,2.172859597445453,216.78348759786505,36.154109331028984,184.0418184140339,-0.011098622211994508,0.06763082113738658
tvc275,thigh_left_mass,0.3,thigh_left_mass_0p3,30,21.12515196324966,161.80649622101305,-19.710916916514666,228.2948419637197,-1.6183191043052148,208.3579972063287,-0.022644280754974593,0.07634717346151
tvc275,thigh_left_mass,0.4,thigh_left_mass_0p4,30,-32.14816078595242,150.8615477889331,-34.826024508945615,202.2022874174247,-27.041968053255065,192.36710500706377,-0.03545898421252571,0.07175067493756045
tvc275,thigh_left_mass,0.5,thigh_left_mass_0p5,30,-40.515842549466996,159.1872322157507,-88.56026841898101,224.53912189605737,-67.87778732198808,202.45701045108137,-0.04094726011615632,0.07670418945063212
tvc275,thigh_left_mass,0.6,thigh_left_mass_0p6,30,-52.46210760288817,164.8534351670528,-87.53511568158774,200.21600486399802,-65.06236409311734,198.05740705859176,-0.044865182689355285,0.08079486509266823
tvc275,thigh_left_mass,0.7,thigh_left_mass_0p7,30,-90.46496870806438,142.49687128545645,-81.33108728067913,184.86785016382615,-74.73397684724901,171.93879893917799,-0.0498048294066782,0.07368167858889187
tvc275,thigh_left_mass,0.8,thigh_left_mass_0p8,30,-59.58453797201552,124.34641731541998,-79.98884315563177,135.5765146588301,-86.83348273948043,134.135710229375,-0.03968897349375689,0.060381917417072405
tvc275,thigh_left_mass,0.9,thigh_left_mass_0p9,30,-17.209078089003405,103.4402109018424,-1.8249141618489375,124.52501031465164,-11.118493039977015,115.28689369509775,-0.01577734438472418,0.05109180925691828
tvc275,thigh_left_mass,1.0,thigh_left_mass_1,30,0.0,0.0,0.0,0.0,0.0,0.0,0.0,0.0
tvc275,thigh_left_mass,1.1,thigh_left_mass_1p1,30,-14.43716413076346,73.94786280167192,9.547739916776539,77.2019553432588,7.077437949470891,64.08425769302035,-0.0024080476813392137,0.02679633696693235
tvc275,thigh_left_mass,1.3,thigh_left_mass_1p3,30,159.35362143015124,142.03240012099587,166.8422742844791,219.1139642252444,152.48266352950202,174.98546509453362,0.05798732517096769,0.0486453564997294
tvc275,thigh_left_mass,1.5,thigh_left_mass_1p5,30,373.9359850953067,213.24166336433478,279.6820812985461,248.6170635637836,358.5465117440392,245.6904986482842,0.12815830087596558,0.06782896818992279
tvc275,thigh_left_mass,1.7,thigh_left_mass_1p7,30,712.2266260930829,281.79572903774505,794.7597443263099,388.81633976282404,787.219915501612,348.5136883128906,0.2328396028977601,0.08397046583119112
tvc275,thigh_left_mass,2.0,thigh_left_mass_2,30,1206.44861857195,390.035857554375,1284.2697725478613,460.5358876646727,1279.2421566390656,452.7520878881597,0.38095979936532065,0.10873256521067995
tvc300,foot_left_actuator_gain,0.0,foot_left_actuator_gain_0,30,3165.8525096213616,223.71767837795446,3292.919906810889,235.1513993074377,3271.507691391987,232.49842713418627,0.8773460029018055,0.049830166699822
tvc300,foot_left_actuator_gain,0.1,foot_left_actuator_gain_0p1,30,2970.1390822381313,342.3161330956662,3108.277017213394,343.97284815210867,3081.5480222536676,346.7272690322696,0.8181069495580601,0.09007040192051202
tvc300,foot_left_actuator_gain,0.2,foot_left_actuator_gain_0p2,30,2850.8527951556384,357.93622045193575,2976.8555466049584,373.4430911138553,2952.478269594008,369.32306260538405,0.7864983132498076,0.09424947647437498
tvc300,foot_left_actuator_gain,0.3,foot_left_actuator_gain_0p3,30,2652.3075392114984,375.00973868844056,2803.2433656381254,375.4494645546204,2771.680855317364,379.42760745823904,0.734358253488616,0.10120781160531354
tvc300,foot_left_actuator_gain,0.4,foot_left_actuator_gain_0p4,30,2367.8558572449533,402.46442492932124,2523.1171387009294,422.95561419367976,2493.115151538112,414.9318463736561,0.6591629839253825,0.11102721708472067
tvc300,foot_left_actuator_gain,0.5,foot_left_actuator_gain_0p5,30,1843.4397001904301,486.5487704326035,1950.2012493962654,508.9593497867659,1930.0627581369145,506.0339210711117,0.5109405942859931,0.13536686976990497
tvc300,foot_left_actuator_gain,0.6,foot_left_actuator_gain_0p6,30,1500.818654836768,489.29292017174333,1557.731885370023,526.154964016407,1545.7432603177297,519.9038387860587,0.41762200703722496,0.1364194454072695
tvc300,foot_left_actuator_gain,0.7,foot_left_actuator_gain_0p7,30,1116.2957995257627,417.2858841888166,1240.634879068802,456.14898693623513,1205.4863773531922,452.4891980213655,0.3166656969663675,0.11731686384696535
tvc300,foot_left_actuator_gain,0.8,foot_left_actuator_gain_0p8,30,521.5015184641195,263.73462775243996,661.9583573274862,364.59261441033516,588.7628063439514,332.5319815314144,0.14848106188487298,0.07526840902002321
tvc300,foot_left_actuator_gain,0.9,foot_left_actuator_gain_0p9,30,143.82222465795942,105.04711609562895,37.30045332211001,70.4633084749463,77.08898238158869,106.19642466678177,0.038470185583506185,0.03126507595828719
tvc300,foot_left_actuator_gain,1.0,foot_left_actuator_gain_1,30,0.0,0.0,0.0,0.0,0.0,0.0,0.0,0.0
tvc300,foot_left_actuator_gain,1.1,foot_left_actuator_gain_1p1,30,96.8276698760283,88.80183789606608,32.47131355798121,65.93252884364,34.3709162170244,75.58875669385792,0.022923947920894364,0.025827615599108077
tvc300,foot_left_actuator_gain,1.3,foot_left_actuator_gain_1p3,30,208.44416685399494,133.44211853336222,123.62391086895524,99.43164839726961,140.6820779698953,114.6916060871133,0.05283401609948691,0.035898181520876246
tvc300,foot_left_actuator_gain,1.5,foot_left_actuator_gain_1p5,30,407.5127801035771,194.03543039521884,315.47847061723417,199.78131120923075,330.2206168245879,202.93774629487737,0.11110654602298058,0.052900823748561976
tvc300,foot_left_actuator_gain,1.7,foot_left_actuator_gain_1p7,30,672.7123588100023,227.56122247919618,601.5696100748596,288.5890386125736,603.9040836238727,269.1637369996328,0.18648293309444963,0.06302738903027702
tvc300,foot_left_actuator_gain,2.0,foot_left_actuator_gain_2,30,924.4695074360869,246.6252268428724,906.412005159816,331.29073448333617,891.5253942739472,301.6988750302776,0.25810394798097513,0.06927012595391575
tvc300,foot_left_damping,0.0,foot_left_damping_0,30,-9.212425884757916,54.65917845282256,-1.0591230645173557,17.330791401861255,-8.712983571533293,27.4317856499077,-0.0038720485337853713,0.015404526458911886
tvc300,foot_left_damping,0.1,foot_left_damping_0p1,30,-8.880249927185483,51.98041587541433,2.4161306367630915,16.71359406548527,-17.730546873229272,40.52662350177188,-0.003831242615102899,0.015486506322079045
tvc300,foot_left_damping,0.2,foot_left_damping_0p2,30,-7.625347646846952,61.777188415238435,5.615207261758572,24.18585334175681,-18.037588631813666,48.04170866202611,-0.005310003200880021,0.01819937708557005
tvc300,foot_left_damping,0.3,foot_left_damping_0p3,30,34.834710092615566,49.46047654579552,-3.779112448233097,17.85132005397416,-8.854606589847435,40.28489167422101,0.009261318230947157,0.014317002811555577
tvc300,foot_left_damping,0.4,foot_left_damping_0p4,30,6.499930284691057,58.73561749042993,2.1854191124104547,19.84553263055947,-11.802165974119726,48.34590915062057,4.3021719465339187e-05,0.017206918009220747
tvc300,foot_left_damping,0.5,foot_left_damping_0p5,30,-36.63307439834105,62.433771619739495,-4.5635715091132925,20.06033064220125,-21.89598349951804,31.43757711729361,-0.012199759574249562,0.017386046662684437
tvc300,foot_left_damping,0.6,foot_left_damping_0p6,30,-42.03197172605587,57.41367361062114,-4.0061891669123115,19.538281524898508,-29.4592997415766,43.91722245093625,-0.013898938260616221,0.01661035380585864
tvc300,foot_left_damping,0.7,foot_left_damping_0p7,30,2.5638787587622422,58.52953355542425,22.613984513195145,57.52431861835583,8.441904256486684,62.68123327431174,-0.0008247798050925304,0.016838981436483297
tvc300,foot_left_damping,0.8,foot_left_damping_0p8,30,-19.060672525328542,36.445598281706786,-10.05290669627966,17.65113414619131,-25.950153129628823,30.090796360079054,-0.006320985922131495,0.010718335034509812
tvc300,foot_left_damping,0.9,foot_left_damping_0p9,30,-12.479560741698332,65.45553295948925,29.853395455522286,46.27197251910246,6.602066944106491,50.72344967585553,-0.003978747419141273,0.018964813891847572
tvc300,foot_left_damping,1.0,foot_left_damping_1,30,0.0,0.0,0.0,0.0,0.0,0.0,0.0,0.0
tvc300,foot_left_damping,1.1,foot_left_damping_1p1,30,-1.7177558240265474,65.11731826412488,0.37209300714412163,14.231041493194097,-12.876668471571309,36.859446870000426,-0.0015650898790347222,0.018252303328240342
tvc300,foot_left_damping,1.3,foot_left_damping_1p3,30,-34.57471947972052,60.551667814086336,-20.242573990791108,14.572673215879243,-37.14072186790122,40.33938779108697,-0.011091665250214799,0.018229794705595662
tvc300,foot_left_damping,1.5,foot_left_damping_1p5,30,21.470446310005887,68.83600799030657,44.564001779367786,97.40013081027159,13.855256069488194,75.08651175766279,0.005240300015788644,0.018062136262565885
tvc300,foot_left_damping,1.7,foot_left_damping_1p7,30,-27.561576628697956,60.4814165783823,-7.103920861623814,22.450354986537587,-28.232086253417886,37.7382562793826,-0.009049231844036741,0.01736539549824924
tvc300,foot_left_damping,2.0,foot_left_damping_2,30,-19.45911753984554,57.035269255564536,-3.5045316385444343,17.632675271100133,-16.794074516452657,39.06916310309815,-0.006432702183928377,0.01614517563892556
tvc300,foot_left_friction,0.0,foot_left_friction_0,30,260.6761548462317,113.36775792814404,174.20155888395402,117.37996563408322,190.7303827904622,108.93842677368424,0.0707234914767073,0.029810513642315847
tvc300,foot_left_friction,0.1,foot_left_friction_0p1,30,260.6761548462317,113.36775792814404,174.20155888395402,117.37996563408322,190.7303827904622,108.93842677368424,0.0707234914767073,0.029810513642315847
tvc300,foot_left_friction,0.2,foot_left_friction_0p2,30,260.6761548462317,113.36775792814404,174.20155888395402,117.37996563408322,190.7303827904622,108.93842677368424,0.0707234914767073,0.029810513642315847
tvc300,foot_left_friction,0.3,foot_left_friction_0p3,30,260.6761548462317,113.36775792814404,174.20155888395402,117.37996563408322,190.7303827904622,108.93842677368424,0.0707234914767073,0.029810513642315847
tvc300,foot_left_friction,0.4,foot_left_friction_0p4,30,200.49743779289875,119.30630683111792,90.98521461508774,82.83732422200752,108.85721404113602,104.38711977734653,0.05119137555418639,0.03262800493664033
tvc300,foot_left_friction,0.5,foot_left_friction_0p5,30,71.18352011272403,102.09288646262607,21.656595646649976,47.089603940719634,11.887967778923333,71.57522746530651,0.014684306124449847,0.0315851859920171
tvc300,foot_left_friction,0.6,foot_left_friction_0p6,30,79.35505836121666,89.50800101175875,16.355338660225485,40.14855304294989,14.307718773844151,65.4214002860823,0.01750369421326287,0.029157575530796127
tvc300,foot_left_friction,0.7,foot_left_friction_0p7,30,63.39203378354658,78.30768732453147,18.471946005404924,45.416051254585454,21.825102825482738,65.59641803282526,0.014263027667050688,0.023500689246271952
tvc300,foot_left_friction,0.8,foot_left_friction_0p8,30,39.61739845310006,74.77866485932705,0.3380513421835834,39.90916198935502,0.49260575757699976,62.41750062924103,0.0077811912501293745,0.02474476337983514
tvc300,foot_left_friction,0.9,foot_left_friction_0p9,30,74.67001872041229,73.62879253612653,-4.391347569514377,35.101122144732,9.817575003974161,64.93966164801425,0.01771454623246592,0.02293332446999713
tvc300,foot_left_friction,1.0,foot_left_friction_1,30,0.0,0.0,0.0,0.0,0.0,0.0,0.0,0.0
tvc300,foot_left_friction,1.1,foot_left_friction_1p1,30,43.96611367713875,59.82424921946483,16.500190056592782,58.89971418339274,4.574597522000598,62.14186803664148,0.0111891587232949,0.018680545140498914
tvc300,foot_left_friction,1.3,foot_left_friction_1p3,30,354.14600700288173,244.31848949460093,289.37567110850733,282.80803908309247,321.07808247331064,279.0780852423042,0.09803572249882982,0.06663246448206178
tvc300,foot_left_friction,1.5,foot_left_friction_1p5,30,794.3798605780165,339.6150885887997,736.3031268904716,384.8724239441663,777.3546492209697,375.00204008149615,0.22361792849353787,0.09531201233109805
tvc300,foot_left_friction,1.7,foot_left_friction_1p7,30,1202.8870714505663,398.8724988397067,1205.591685492151,435.20375115219036,1226.199260630568,426.64007306620135,0.3404966225251907,0.11419417411381269
tvc300,foot_left_friction,2.0,foot_left_friction_2,30,1676.470623944129,450.87653260043777,1770.1397086753466,492.99185743188093,1761.1171153465084,481.958379187804,0.46918070408255574,0.12969318803275728
tvc300,foot_left_mass,0.1,foot_left_mass_0p1,30,1095.5077387705512,292.0292479498859,1106.6831317770047,392.85009885079694,1145.649239535379,361.0903550809054,0.2996879354832229,0.0809156276983738
tvc300,foot_left_mass,0.2,foot_left_mass_0p2,30,680.7377936091518,264.0444087652117,687.5186361908699,346.46487671248013,665.1323220495459,327.2017923765185,0.1845594919122782,0.07424026205925478
tvc300,foot_left_mass,0.3,foot_left_mass_0p3,30,535.0849769263939,233.0215416031873,585.8018436048894,299.364993331165,530.4226073398323,277.5213417573182,0.14374865858490019,0.06670760949729458
tvc300,foot_left_mass,0.4,foot_left_mass_0p4,30,305.8670182607926,201.9378972299104,307.58459539711697,271.7426603312612,294.4709825379751,240.9497838074129,0.0786323385207393,0.0579913096053539
tvc300,foot_left_mass,0.5,foot_left_mass_0p5,30,266.4208543888727,181.29281642800584,200.3193403243958,186.67914820256757,238.72157537028932,188.52694106209543,0.06937662275422145,0.051696422322341576
tvc300,foot_left_mass,0.6,foot_left_mass_0p6,30,125.52047779482379,122.7652243674707,70.92541618043404,121.91716248057739,52.514064503012314,117.52109689240581,0.03094088795218244,0.03519841618175969
tvc300,foot_left_mass,0.7,foot_left_mass_0p7,30,22.404174059412632,91.29990520798523,-2.9016630301147415,67.23654101931629,-4.980210595144687,77.3028246897532,0.0021876052565803217,0.027319201158494868
tvc300,foot_left_mass,0.8,foot_left_mass_0p8,30,6.482436190088659,71.09657988505789,17.197987083848695,82.76631512636136,-0.7426163955895542,64.61780829660295,-0.0009534819074574116,0.020633955873862575
tvc300,foot_left_mass,0.9,foot_left_mass_0p9,30,-19.162240372802717,64.62455051129335,5.940537469786432,41.23849037407525,-7.759907409752426,56.84641554474822,-0.007287412938668523,0.0194443004302047
tvc300,foot_left_mass,1.0,foot_left_mass_1,30,0.0,0.0,0.0,0.0,0.0,0.0,0.0,0.0
tvc300,foot_left_mass,1.1,foot_left_mass_1p1,30,35.45158434529317,62.6901376330908,40.66149620271925,36.21070463514114,35.252957882395,48.648592699514154,0.009715961534535944,0.01789852581606305
tvc300,foot_left_mass,1.3,foot_left_mass_1p3,30,73.57722244404845,84.33241538842387,138.00831037653504,104.78205629789561,100.14101155653518,79.42223671655029,0.021429489553345803,0.02593387691903714
tvc300,foot_left_mass,1.5,foot_left_mass_1p5,30,154.4443368443514,115.59512705622426,178.29950944636076,100.37110004790779,180.72387131917142,102.03591218835277,0.044857787139327567,0.03414277809355129
tvc300,foot_left_mass,1.7,foot_left_mass_1p7,30,361.93730785632056,179.74542678226894,467.3284181332693,228.82858452406944,429.48707866449627,206.80101518945665,0.10854169047507926,0.05668023562741226
tvc300,foot_left_mass,2.0,foot_left_mass_2,30,535.458022057084,230.63790812041677,592.6381889168989,254.08452298323118,608.66993524321,251.91426851352236,0.15471146748525252,0.06902861331828486
tvc300,leg_left_actuator_gain,0.0,leg_left_actuator_gain_0,30,2998.424417920948,223.91246381348063,3175.4541922610747,254.51190127636534,3132.3936693286882,254.14752104007692,0.8305962810994213,0.05666359948679583
tvc300,leg_left_actuator_gain,0.1,leg_left_actuator_gain_0p1,30,2635.5058446875746,283.7879215262688,2813.4473914207983,310.5638321939013,2775.399499914155,308.57154786486194,0.7303160194700254,0.07416795966239136
tvc300,leg_left_actuator_gain,0.2,leg_left_actuator_gain_0p2,30,2111.0961379674072,297.46986196797315,2332.426210651693,355.33910491737026,2281.9705569688495,349.6782723471456,0.5838342047645838,0.07616287364518211
tvc300,leg_left_actuator_gain,0.3,leg_left_actuator_gain_0p3,30,1421.2973670881254,361.0362269456453,1571.2016102773766,468.5588534862926,1516.1513684977099,446.59163178743734,0.3888242130011454,0.09495492028321582
tvc300,leg_left_actuator_gain,0.4,leg_left_actuator_gain_0p4,30,777.1590113326075,334.0753259181661,877.109939599359,454.4020359996602,839.7466214711646,430.51219931770675,0.21387119741291655,0.09105791497069307
tvc300,leg_left_actuator_gain,0.5,leg_left_actuator_gain_0p5,30,468.6044788247331,233.93693412452532,492.87420375191203,342.51440197332494,486.5983202429246,289.87075733234775,0.12863382655939787,0.06521287258361129
tvc300,leg_left_actuator_gain,0.6,leg_left_actuator_gain_0p6,30,194.20011466502103,136.90972284785633,117.39090991678523,133.90303391144082,136.40232848365335,140.35685252483026,0.05085792153578475,0.03992300458828392
tvc300,leg_left_actuator_gain,0.7,leg_left_actuator_gain_0p7,30,155.97797806133153,139.2219332039712,127.37387816544796,167.260622501744,120.90935023944665,159.94252898524005,0.03931319775122262,0.04151068228448197
tvc300,leg_left_actuator_gain,0.8,leg_left_actuator_gain_0p8,30,72.74051995921926,76.62881532798241,7.772113240808479,38.53211249440387,39.04515586621254,57.65999365379609,0.017552594007602715,0.020422028378023743
tvc300,leg_left_actuator_gain,0.9,leg_left_actuator_gain_0p9,30,47.59773190915565,57.2679060875637,-4.039595691931769,21.334488883618565,18.958817064953323,34.96271425657583,0.011884972786945237,0.015551959740291834
tvc300,leg_left_actuator_gain,1.0,leg_left_actuator_gain_1,30,0.0,0.0,0.0,0.0,0.0,0.0,0.0,0.0
tvc300,leg_left_actuator_gain,1.1,leg_left_actuator_gain_1p1,30,64.86068124371731,72.01878672186174,-9.156398068742995,37.74344481471453,-0.823436683335846,61.73274473864825,0.01594010679179905,0.02132194673748054
tvc300,leg_left_actuator_gain,1.3,leg_left_actuator_gain_1p3,30,43.58150992987113,71.5765773676604,-11.432002488100458,37.823771922263084,-10.625277313687699,61.219249662843616,0.010886251094661858,0.02272462690065031
tvc300,leg_left_actuator_gain,1.5,leg_left_actuator_gain_1p5,30,108.5886032309338,82.71276702060455,6.289693643318879,37.432736374284225,18.3491180755647,50.78913828650286,0.027750663717427352,0.0244032048978931
tvc300,leg_left_actuator_gain,1.7,leg_left_actuator_gain_1p7,30,226.5714206933572,134.80631345272988,189.09382867057022,160.93640391811425,163.79856013552526,129.73445551709563,0.06298132880381707,0.038409624814114786
tvc300,leg_left_actuator_gain,2.0,leg_left_actuator_gain_2,30,189.0212637502537,109.44713960267018,137.45829788041692,142.98846318082695,159.8889320504058,141.9375586716352,0.05404120134846916,0.032345564171287686
tvc300,leg_left_damping,0.0,leg_left_damping_0,30,30.60877922028432,52.35582647517369,2.945399340586785,16.8441106804986,-3.8473207164480603,45.06947439545045,0.00705794837003325,0.01506497301716785
tvc300,leg_left_damping,0.1,leg_left_damping_0p1,30,25.766493863789098,59.29114208743467,-2.1666595006627327,16.925383446409622,-3.462867971343667,51.432962399344454,0.006379544022009241,0.01746972382305042
tvc300,leg_left_damping,0.2,leg_left_damping_0p2,30,20.51344277294755,42.19985026464823,11.226088162095918,26.399153385082272,-3.794756593981644,42.88506665555875,0.00473825245742679,0.011962426020303792
tvc300,leg_left_damping,0.3,leg_left_damping_0p3,30,29.282227107551915,53.55402924679519,5.372359406614123,18.52512683596752,-15.15176722143727,29.73193033110977,0.006181934272801762,0.01442872525176783
tvc300,leg_left_damping,0.4,leg_left_damping_0p4,30,-23.863723065104598,63.34350874181058,-14.809750189934752,19.85001855892667,-40.472863672756525,42.90979494144769,-0.009227919830621585,0.01939747058980312
tvc300,leg_left_damping,0.5,leg_left_damping_0p5,30,-16.29721422885782,44.547546549481694,10.266343800289071,22.34024418407101,-11.451249764379675,29.65707813086045,-0.006121545700111747,0.012724177775435669
tvc300,leg_left_damping,0.6,leg_left_damping_0p6,30,-2.4168783758678427,63.484233691276636,14.570506393399379,28.142051501400413,-0.6187915290175321,45.12524773977609,-0.001994611907085363,0.017288188704578034
tvc300,leg_left_damping,0.7,leg_left_damping_0p7,30,-5.30144934032863,55.11843806002225,3.8383556446151337,24.144617425002213,-12.456971494323398,47.76450150211005,-0.0026748004963312263,0.015103877685422224
tvc300,leg_left_damping,0.8,leg_left_damping_0p8,30,-18.485513964786545,51.96125251514509,-3.181820655953834,22.615674045419112,-26.286577468794878,39.40522056313866,-0.005733157499935493,0.014377200364214342
tvc300,leg_left_damping,0.9,leg_left_damping_0p9,30,17.455718909670562,44.65615929848593,-2.8507356055556103,15.431669032030415,-1.4235097556695564,33.03840784110563,0.00387984685074675,0.012449002972993091
tvc300,leg_left_damping,1.0,leg_left_damping_1,30,0.0,0.0,0.0,0.0,0.0,0.0,0.0,0.0
tvc300,leg_left_damping,1.1,leg_left_damping_1p1,30,-22.270002452500012,67.67604968365693,-4.13700924404108,18.604330671306545,-22.349000726044444,42.888235822389156,-0.009491649227436677,0.02002659017136594
tvc300,leg_left_damping,1.3,leg_left_damping_1p3,30,22.92197838164493,65.1429103627969,28.554186637764058,61.313717382196685,3.3864112057472537,69.14150610633433,0.003963265136080767,0.01847798525860477
tvc300,leg_left_damping,1.5,leg_left_damping_1p5,30,-14.799180354904198,73.99110974762496,9.291696914280676,37.89295180554122,-1.5966921321816243,59.08161049570523,-0.0067482808799859545,0.02060805633749452
tvc300,leg_left_damping,1.7,leg_left_damping_1p7,30,-36.28090636058011,54.5824417019471,3.261970288205748,13.202475077383339,-7.34702467802587,27.109248161823604,-0.010925077729803818,0.015332611785092907
tvc300,leg_left_damping,2.0,leg_left_damping_2,30,9.651721623794478,59.120543194245876,-2.2316388335554467,17.119656511113195,-12.328082207484142,52.16469987058483,0.0010606991528790525,0.016168480515717065
tvc300,leg_left_mass,0.1,leg_left_mass_0p1,30,68.14089022358128,98.39813222709775,32.75504791196208,83.92717333616056,50.27650973815151,92.29801127669296,0.01742950635458546,0.028290374775322483
tvc300,leg_left_mass,0.2,leg_left_mass_0p2,30,14.781891195174483,97.9935466584571,16.851699419216537,102.70000458771923,13.220229871218999,89.16008332761771,0.002503389668377713,0.02840854199563726
tvc300,leg_left_mass,0.3,leg_left_mass_0p3,30,14.601561119398335,101.597525026754,7.897403033679666,85.681961927902,4.767592133646198,91.41842013504078,0.0013729109816358878,0.02886071524917324
tvc300,leg_left_mass,0.4,leg_left_mass_0p4,30,62.30137060648767,107.6948534088243,44.439533104000034,111.86887892547959,48.886129885482404,109.70860088442222,0.01661406020855274,0.03342293491442238
tvc300,leg_left_mass,0.5,leg_left_mass_0p5,30,-12.51582576642627,76.94990583899164,-14.131726400752859,75.52144683380793,-33.38686601868994,64.98608391996511,-0.004575543176416318,0.023390290152232047
tvc300,leg_left_mass,0.6,leg_left_mass_0p6,30,0.22965372536391443,82.7414022719543,17.404355653721343,96.42059845825194,3.7792491501161445,80.29961447795098,-0.0016671887994671813,0.02565637731235284
tvc300,leg_left_mass,0.7,leg_left_mass_0p7,30,-14.76348186518256,72.34955688339056,15.586976021155973,60.261877718589346,-4.991502081519381,61.5835487144552,-0.006528545158471544,0.021140073826517995
tvc300,leg_left_mass,0.8,leg_left_mass_0p8,30,22.211306728558746,72.06176138120645,19.913502705866602,45.49204708130942,25.88346873218237,59.44451857821549,0.005007096153717383,0.019918485223450154
tvc300,leg_left_mass,0.9,leg_left_mass_0p9,30,2.9719094161703805,46.177352653725585,-12.977607112830917,12.409104468637311,-26.80610532752018,31.59404292539863,0.00011022781987716903,0.013283181513560408
tvc300,leg_left_mass,1.0,leg_left_mass_1,30,0.0,0.0,0.0,0.0,0.0,0.0,0.0,0.0
tvc300,leg_left_mass,1.1,leg_left_mass_1p1,30,15.980257030273014,70.50953139798678,25.077842855631616,41.002709967868306,14.469664634808185,57.5236034041034,0.0026804769570451816,0.020278345875774602
tvc300,leg_left_mass,1.3,leg_left_mass_1p3,30,21.827381353763226,76.64451094069602,52.73519743251237,59.062897971729335,42.209110134540076,77.34903489255117,0.004829532149965161,0.021372271598394263
tvc300,leg_left_mass,1.5,leg_left_mass_1p5,30,104.93131998572245,109.45634722682448,189.04165120984362,130.11337986660496,154.60359844962568,126.74831199892178,0.029449376401793587,0.03063552560394125
tvc300,leg_left_mass,1.7,leg_left_mass_1p7,30,208.27673558502664,154.72964080938138,292.208221008335,203.13541813081363,267.91502159598457,186.26634656332163,0.05903411434023959,0.04384755036069178
tvc300,leg_left_mass,2.0,leg_left_mass_2,30,367.0783536926246,190.35955774431102,453.6763736058705,250.210604007831,423.2444464156007,223.3888111482134,0.10687530104338286,0.05591288721901359
tvc300,thigh_left_actuator_gain,0.0,thigh_left_actuator_gain_0,30,3077.568145662698,160.97791754657237,3291.003457660666,161.48968672569583,3252.194481172683,161.49699401071263,0.8622629019016818,0.02571648686518822
tvc300,thigh_left_actuator_gain,0.1,thigh_left_actuator_gain_0p1,30,2870.653231785417,188.40741516656576,3101.7513643347697,183.13502465551397,3067.1353841731197,188.03372171576126,0.8029712692462724,0.03714610835817101
tvc300,thigh_left_actuator_gain,0.2,thigh_left_actuator_gain_0p2,30,2488.6404219998576,245.231008987845,2748.110516702319,257.9463189928655,2728.4939808938784,245.091375195223,0.6973870913285708,0.06048805927802468
tvc300,thigh_left_actuator_gain,0.3,thigh_left_actuator_gain_0p3,30,2073.9620070574047,278.61075215255886,2384.9742758068815,337.8999625183746,2316.389365623408,320.3962159924911,0.5817020381334715,0.07553069585424903
tvc300,thigh_left_actuator_gain,0.4,thigh_left_actuator_gain_0p4,30,1606.9902951129616,327.9811005422863,1833.3879098298428,425.757410115429,1758.6409300299097,390.2461804576307,0.44975479831650583,0.08965701200589365
tvc300,thigh_left_actuator_gain,0.5,thigh_left_actuator_gain_0p5,30,1146.4023166793727,268.95247360288073,1222.133040947424,368.6751389535677,1200.2145582876265,340.07962601039793,0.3259886660926944,0.07943813530289691
tvc300,thigh_left_actuator_gain,0.6,thigh_left_actuator_gain_0p6,30,637.4484388042022,216.71564564822978,602.2731996997354,286.58138118078966,606.8136333167799,267.24506373400806,0.1821627959051977,0.06290206958030777
tvc300,thigh_left_actuator_gain,0.7,thigh_left_actuator_gain_0p7,30,397.8259678667595,147.25125376978232,352.47531284603315,216.86729783425514,360.4462984834061,205.15313391699652,0.11294203417628476,0.042738933287156715
tvc300,thigh_left_actuator_gain,0.8,thigh_left_actuator_gain_0p8,30,137.3063938059667,90.72049493919695,108.7270253355134,93.92540747773786,110.2499679057547,104.18236373912296,0.03881666075301824,0.025864308715328074
tvc300,thigh_left_actuator_gain,0.9,thigh_left_actuator_gain_0p9,30,80.23601518858352,57.90495643276961,30.21930552143323,37.026203088611446,28.35705757387353,47.61283923038085,0.02131882412227243,0.01676918970926732
tvc300,thigh_left_actuator_gain,1.0,thigh_left_actuator_gain_1,30,0.0,0.0,0.0,0.0,0.0,0.0,0.0,0.0
tvc300,thigh_left_actuator_gain,1.1,thigh_left_actuator_gain_1p1,30,-36.97208762079354,66.59555908527825,-1.2689401863921375,13.24579588909416,-27.015068429641012,36.55507842986888,-0.011610414297553799,0.02069690746777881
tvc300,thigh_left_actuator_gain,1.3,thigh_left_actuator_gain_1p3,30,92.78844575407516,119.14015315784032,90.79710011412391,110.94822798732827,77.62020772087062,103.18106602979535,0.02428601353484309,0.036004549105979014
tvc300,thigh_left_actuator_gain,1.5,thigh_left_actuator_gain_1p5,30,171.0602932546963,157.0505784847583,188.83948442545318,192.95051556631,188.30481226302538,182.1343893718553,0.04846415173876469,0.047883584108517736
tvc300,thigh_left_actuator_gain,1.7,thigh_left_actuator_gain_1p7,30,225.52091999024117,167.10014582791118,267.256727948815,210.54957116852484,231.47560849334192,190.9616314043898,0.06368237257122593,0.05073422357084311
tvc300,thigh_left_actuator_gain,2.0,thigh_left_actuator_gain_2,30,478.5731357273878,199.38313336094274,400.5338985441479,225.71490508555587,402.69699001673763,225.97900848314583,0.13456534789782582,0.058937340401633065
tvc300,thigh_left_damping,0.0,thigh_left_damping_0,30,-33.95164002510275,43.88464460817259,-0.1619473458802228,21.366143799281232,-28.955665474806967,37.415611856185706,-0.011009477092761821,0.01326899483684587
tvc300,thigh_left_damping,0.1,thigh_left_damping_0p1,30,33.86515449629149,57.8102023886532,4.46406445205392,18.035497798988548,-6.39329328868292,34.314519805056314,0.008092022209919619,0.015857496722994684
tvc300,thigh_left_damping,0.2,thigh_left_damping_0p2,30,-17.986612364509984,67.33655306270258,0.42103550187512156,15.623413693840545,6.122428494064237,33.78716529301439,-0.005014797721200527,0.01890114920175306
tvc300,thigh_left_damping,0.3,thigh_left_damping_0p3,30,-51.32268503482739,50.6013753343498,-9.613658638203924,15.351182820209278,-41.06443216137677,39.26851487538048,-0.015590540041858027,0.014898787154161243
tvc300,thigh_left_damping,0.4,thigh_left_damping_0p4,30,6.825088701774136,51.534344529484514,-2.480087885469478,19.042884571379027,1.2539344211596168,39.60402765608403,0.000761475029959406,0.014360360517430037
tvc300,thigh_left_damping,0.5,thigh_left_damping_0p5,30,-18.034062975216543,64.51751678449148,-6.562009326781526,17.36712193143782,-25.1839076272128,46.69646894177263,-0.007965700414040924,0.019506560682681834
tvc300,thigh_left_damping,0.6,thigh_left_damping_0p6,30,-6.719510158020724,38.900787294315855,3.5647923543049576,21.03423382417772,-0.2680151982227926,33.45071473032903,-0.0019152954523228398,0.011273858408214089
tvc300,thigh_left_damping,0.7,thigh_left_damping_0p7,30,-7.264699910732649,66.60220721593,-4.987602265712409,16.925127378419074,-15.031024990906902,45.616088955539034,-0.004435165827926717,0.018698374842203984
tvc300,thigh_left_damping,0.8,thigh_left_damping_0p8,30,-37.672718656683855,54.77560771696003,-7.8790308105816775,12.6526215272258,-31.582891488762517,38.31077441567095,-0.012912997996090306,0.01687564153265337
tvc300,thigh_left_damping,0.9,thigh_left_damping_0p9,30,32.360044844175064,81.45586040283953,31.139468895109424,79.08366290624929,14.909166801342993,81.08152460481317,0.006359020173376472,0.022482907594656484
tvc300,thigh_left_damping,1.0,thigh_left_damping_1,30,0.0,0.0,0.0,0.0,0.0,0.0,0.0,0.0
tvc300,thigh_left_damping,1.1,thigh_left_damping_1p1,30,-28.416484425110774,70.40657867963151,3.6278603152476685,20.930041193961742,-9.448713323397108,38.762190754285925,-0.009777606008880613,0.020274938795367313
tvc300,thigh_left_damping,1.3,thigh_left_damping_1p3,30,22.080442067722228,51.77887697269286,7.829535877240263,22.045115616928253,-3.1628766999718665,42.00842114588996,0.0046762307614027325,0.014888743776708653
tvc300,thigh_left_damping,1.5,thigh_left_damping_1p5,30,-8.475169781310251,86.75910906721093,33.32893963411219,83.60306887857858,2.673137643867676,76.35841209562551,-0.004872861251101399,0.024137434107994894
tvc300,thigh_left_damping,1.7,thigh_left_damping_1p7,30,-28.753888985686597,54.40067227989798,-3.4289701493496976,19.78020203450503,-19.373845266573685,34.81365152974546,-0.009654205238567063,0.01662613865688718
tvc300,thigh_left_damping,2.0,thigh_left_damping_2,30,22.208096633923226,73.18013220766524,19.00826713544375,43.726727091141086,33.2638896441725,66.74845545503857,0.004937645771063531,0.019204965820715347
tvc300,thigh_left_mass,0.1,thigh_left_mass_0p1,30,172.4980271220609,82.26401422838025,231.1297651898588,49.79894142906727,203.71993634953623,54.58241598637619,0.046390133899474904,0.023732294517902264
tvc300,thigh_left_mass,0.2,thigh_left_mass_0p2,30,98.05702279704637,90.29798347751996,179.10027722349585,47.49357611212985,152.43726718308,57.74478675872774,0.024657428410079226,0.02666938354169194
tvc300,thigh_left_mass,0.3,thigh_left_mass_0p3,30,97.81913999148478,89.1797993303783,150.67585629588004,40.857391025704665,130.98662054871681,60.549206961603815,0.024933685647961598,0.025605337600172275
tvc300,thigh_left_mass,0.4,thigh_left_mass_0p4,30,90.56799576318382,91.84380813425484,130.7951909322068,39.7341475602848,114.56553829988499,63.229417410440064,0.02208043669197785,0.027183898285582087
tvc300,thigh_left_mass,0.5,thigh_left_mass_0p5,30,82.40186288401397,83.94566362876694,100.83508117937669,30.397947611893766,80.28607915454698,51.268534173319594,0.020326359342615882,0.024573343802324992
tvc300,thigh_left_mass,0.6,thigh_left_mass_0p6,30,20.19474469661636,79.02892582725045,72.55241139764544,30.949141477746206,43.613588584224345,42.73153476377625,0.0036994722672687255,0.02302089662363549
tvc300,thigh_left_mass,0.7,thigh_left_mass_0p7,30,-18.947618221852267,59.85803806950502,51.294970209541,28.39850102744793,15.073600614006713,42.45120240274277,-0.00777696068319204,0.018117657211203862
tvc300,thigh_left_mass,0.8,thigh_left_mass_0p8,30,20.66787078364931,51.50912564247522,31.96232984809067,20.82476704820782,11.938201567046054,41.67368260140933,0.004084710280802254,0.014189010546360419
tvc300,thigh_left_mass,0.9,thigh_left_mass_0p9,30,-10.820868510926145,61.421652184360624,14.536779183608664,13.773467963504805,-4.214072803842055,36.52138526120435,-0.004134894379050698,0.017978473770596092
tvc300,thigh_left_mass,1.0,thigh_left_mass_1,30,0.0,0.0,0.0,0.0,0.0,0.0,0.0,0.0
tvc300,thigh_left_mass,1.1,thigh_left_mass_1p1,30,2.042296967270492,68.1446469555593,7.166915647407222,49.166808490289085,-14.00805947435524,46.47734960421165,-0.0013130474523504333,0.018693699369158066
tvc300,thigh_left_mass,1.3,thigh_left_mass_1p3,30,160.87443764509098,115.64549998192658,173.64480724170056,180.63017450296903,167.8811086025118,166.03708068578743,0.046452672047745745,0.032918520150014965
tvc300,thigh_left_mass,1.5,thigh_left_mass_1p5,30,262.7234576026747,194.63928627284142,341.8041730422043,254.49239393302275,297.2307502887004,231.55997546946261,0.07447746308299724,0.052659487262413845
tvc300,thigh_left_mass,1.7,thigh_left_mass_1p7,30,464.14439653741636,282.73276409948204,585.7092365743613,374.03117512801174,538.7612761220159,351.9330902813228,0.1368652764511031,0.08176788459939874
tvc300,thigh_left_mass,2.0,thigh_left_mass_2,30,817.6217793308858,336.89905131938025,876.7190241336001,440.7451434037369,876.2133505912223,411.6024081930846,0.233859525441701,0.09614181286040185
tvc400,foot_left_actuator_gain,0.0,foot_left_actuator_gain_0,30,3557.9339333864878,269.86877840287787,3626.5407024987994,265.78726419961225,3613.008139383669,269.98476729378257,0.8826078222260165,0.037725522203780046
tvc400,foot_left_actuator_gain,0.1,foot_left_actuator_gain_0p1,30,3387.642208574056,386.6629397392234,3427.45731992954,418.42685259455726,3436.025945519801,404.0652936171703,0.8356746907122868,0.07648127728636005
tvc400,foot_left_actuator_gain,0.2,foot_left_actuator_gain_0p2,30,3133.813465544298,426.778845035608,3191.692359126512,454.9886620439205,3173.704501416963,452.8216776787008,0.7795905778810124,0.09359526007123509
tvc400,foot_left_actuator_gain,0.3,foot_left_actuator_gain_0p3,30,2836.6322562550854,459.9384627426422,2916.49049408437,480.60035709113504,2918.2778687136956,467.10708262113553,0.7076577936060594,0.1054094830844068
tvc400,foot_left_actuator_gain,0.4,foot_left_actuator_gain_0p4,30,2430.3475632414393,518.0124630324631,2512.098856752253,539.6493210120518,2486.8061105069796,538.4220335330792,0.6086813874113429,0.12309457515908782
tvc400,foot_left_actuator_gain,0.5,foot_left_actuator_gain_0p5,30,1998.135595259338,533.769346756035,2077.016224040579,593.9856807834558,2052.5838005867377,570.9903590015339,0.5006570974147739,0.1278626534847764
tvc400,foot_left_actuator_gain,0.6,foot_left_actuator_gain_0p6,30,1539.1457855380227,524.555854644016,1537.1853652965801,593.3013639245912,1523.8617159024977,576.1652950251053,0.373852125327115,0.13208191710798386
tvc400,foot_left_actuator_gain,0.7,foot_left_actuator_gain_0p7,30,757.1842384983031,400.9473217635298,625.976203219834,465.2547909658015,646.322990798608,455.23796384340557,0.1937023570979709,0.09935391853170032
tvc400,foot_left_actuator_gain,0.8,foot_left_actuator_gain_0p8,30,303.0991360259516,252.9476771929824,312.21531044397983,348.3986886293521,288.88241997933875,284.49192550270084,0.06995718856697572,0.06216491381645881
tvc400,foot_left_actuator_gain,0.9,foot_left_actuator_gain_0p9,30,-32.115623067232335,67.3774224424779,-20.576098811617815,22.68578958918547,-20.238699420424986,30.57404792248709,-0.008721380787569632,0.019633346789852624
tvc400,foot_left_actuator_gain,1.0,foot_left_actuator_gain_1,30,0.0,0.0,0.0,0.0,0.0,0.0,0.0,0.0
tvc400,foot_left_actuator_gain,1.1,foot_left_actuator_gain_1p1,30,89.83962474406142,90.11422526588997,124.67596182710085,143.54246850721424,118.78927791941227,131.94085145080456,0.029030542941088318,0.029629212821016254
tvc400,foot_left_actuator_gain,1.3,foot_left_actuator_gain_1p3,30,260.8659070356545,143.06033411342455,231.8854431670367,184.3313900777169,235.8514246578398,175.54934846459187,0.07748209623296218,0.046734578594861395
tvc400,foot_left_actuator_gain,1.5,foot_left_actuator_gain_1p5,30,472.3029446203739,182.24038685253151,345.0862083330542,215.23319641662073,390.8795270571362,195.33271940154862,0.13116596678061013,0.05307432191003048
tvc400,foot_left_actuator_gain,1.7,foot_left_actuator_gain_1p7,30,664.9590539177208,242.4117609928482,565.5876448650471,250.29139805801051,587.12050977668,247.31975530368578,0.17431104317681934,0.06251542316689013
tvc400,foot_left_actuator_gain,2.0,foot_left_actuator_gain_2,30,1044.161410701169,319.2057055803763,1027.200798598576,390.0566376282901,1021.3612894222045,359.9660230727088,0.2562203998217611,0.08139981725990471
tvc400,foot_left_damping,0.0,foot_left_damping_0,30,5.69158759049972,26.029712076500108,6.197141555241111,8.88168537590545,9.140531988242879,11.393994412666988,-0.0011419024767001758,0.007881777227520715
tvc400,foot_left_damping,0.1,foot_left_damping_0p1,30,2.727410287396632,21.143899930945842,14.26905674189975,26.685079694792254,16.88120137813001,27.668897025368185,0.002764431268706835,0.007337594501230798
tvc400,foot_left_damping,0.2,foot_left_damping_0p2,30,-5.176753618468775,31.635212485476913,6.364273376028037,7.927379028120492,8.679773037865433,8.016112703471515,-0.001391807638772955,0.008245258417465231
tvc400,foot_left_damping,0.3,foot_left_damping_0p3,30,-7.640456520075444,28.008424278126437,4.737779070319478,12.584872163524262,8.722828944296717,13.31180363817423,-0.0019709162632189376,0.007419767057123581
tvc400,foot_left_damping,0.4,foot_left_damping_0p4,30,-22.497770128894853,28.772747568902464,5.180119423667642,5.16994887743023,2.5613282337771994,7.0915491083189295,-0.004361987315960684,0.009561223973170658
tvc400,foot_left_damping,0.5,foot_left_damping_0p5,30,-11.172398183450188,31.67210360989402,2.6572251901205353,12.228905446988684,-1.5927137622339425,11.226971707888417,-0.005580661609411355,0.009564508833320207
tvc400,foot_left_damping,0.6,foot_left_damping_0p6,30,-5.470784526753039,22.277074561644614,14.034210855955507,20.757993020157418,15.237179599801493,23.43288982576425,-0.0001812763612528239,0.006339706081607681
tvc400,foot_left_damping,0.7,foot_left_damping_0p7,30,-1.7410815109008013,36.947688566604825,3.7837319374829805,9.577234269690015,0.9259933561170366,10.911351584416549,-0.0007843142249150138,0.0099879437953206
tvc400,foot_left_damping,0.8,foot_left_damping_0p8,30,-7.412223191902554,27.019313860174396,2.2158149797366757,10.17857672692248,-0.8300639449460353,10.398279709054178,-0.0027258484381550963,0.007119586782595551
tvc400,foot_left_damping,0.9,foot_left_damping_0p9,30,-2.123028024904674,28.62312560446548,1.2762450609312586,5.9833075823727215,4.78803539785694,8.973734030799045,-0.000389991019083286,0.0071548806067987135
tvc400,foot_left_damping,1.0,foot_left_damping_1,30,0.0,0.0,0.0,0.0,0.0,0.0,0.0,0.0
tvc400,foot_left_damping,1.1,foot_left_damping_1p1,30,2.2073496458082067,36.38759841683073,-0.8904073048667366,8.104699836186384,-0.4773849322980444,6.426254425767488,-0.00024050246823180155,0.009686171510464952
tvc400,foot_left_damping,1.3,foot_left_damping_1p3,30,4.875187648659005,34.7344413782823,1.078540811459565,9.693059882723693,3.074472631435833,10.859165896201219,0.0011628135594333783,0.00813787844908601
tvc400,foot_left_damping,1.5,foot_left_damping_1p5,30,-12.930846142266857,33.02025216451138,-1.5257451909717967,7.442603424967983,-6.767912683911516,9.613077125845372,-0.005908884404818305,0.009849022768790962
tvc400,foot_left_damping,1.7,foot_left_damping_1p7,30,-32.35052803298178,35.45141732112403,-7.0889629365883025,12.029236496909892,-10.239147318626506,13.136919431803328,-0.013914980549704819,0.014403621938033538
tvc400,foot_left_damping,2.0,foot_left_damping_2,30,-5.747760794898071,43.219582372844165,-8.582966898800304,15.634748714034794,-12.042910313257213,14.133861050692076,-0.007967823344174512,0.01598467668756359
tvc400,foot_left_friction,0.0,foot_left_friction_0,30,299.93993463598093,224.9717604662613,250.37046382105962,221.181704398416,240.967214620398,218.952831409155,0.07645487991918437,0.05555393315580944
tvc400,foot_left_friction,0.1,foot_left_friction_0p1,30,299.93993463598093,224.9717604662613,250.37046382105962,221.181704398416,240.967214620398,218.952831409155,0.07645487991918437,0.05555393315580944
tvc400,foot_left_friction,0.2,foot_left_friction_0p2,30,299.93993463598093,224.9717604662613,250.37046382105962,221.181704398416,240.967214620398,218.952831409155,0.07645487991918437,0.05555393315580944
tvc400,foot_left_friction,0.3,foot_left_friction_0p3,30,299.93993463598093,224.9717604662613,250.37046382105962,221.181704398416,240.967214620398,218.952831409155,0.07645487991918437,0.05555393315580944
tvc400,foot_left_friction,0.4,foot_left_friction_0p4,30,227.67914148636035,217.01901721600692,210.28760078928715,211.49979846146798,212.87418397929105,211.1281981975027,0.05455704473219583,0.05273742064633586
tvc400,foot_left_friction,0.5,foot_left_friction_0p5,30,96.5113613595266,139.83651328431992,121.11625702317657,147.33173454294052,109.20678023001852,134.93430687591518,0.017836097959308357,0.034136155782496964
tvc400,foot_left_friction,0.6,foot_left_friction_0p6,30,44.57981559658162,92.35277308138329,44.450193695560806,75.90154754437528,46.63828108412546,85.26295548323574,0.0047885787101528115,0.022630722177517562
tvc400,foot_left_friction,0.7,foot_left_friction_0p7,30,15.714459639600651,79.50028770803505,15.766168964392357,26.21117123079857,29.48796205609129,56.69841806047582,-0.0003397660093879739,0.019797714758979672
tvc400,foot_left_friction,0.8,foot_left_friction_0p8,30,34.11613447660122,79.1318953896431,25.2721951477049,35.917169244961705,29.6626506647932,54.86128735882301,0.0031406796403401216,0.02055789252735147
tvc400,foot_left_friction,0.9,foot_left_friction_0p9,30,15.972658379501047,39.05348769952176,25.489570534575417,27.072752418523024,32.0725158254159,38.61371230791004,0.003155909662242985,0.009548741586033018
tvc400,foot_left_friction,1.0,foot_left_friction_1,30,0.0,0.0,0.0,0.0,0.0,0.0,0.0,0.0
tvc400,foot_left_friction,1.1,foot_left_friction_1p1,30,39.31953681433749,83.3846407131909,34.60755451988255,68.9636799000638,30.75949822867255,67.12539972394008,0.009262657090461417,0.022283478229991573
tvc400,foot_left_friction,1.3,foot_left_friction_1p3,30,190.50058653942318,169.59493941162333,174.40382987534662,184.85949479615238,179.88268234881585,177.09314903619946,0.05002068886216675,0.04411627516079462
tvc400,foot_left_friction,1.5,foot_left_friction_1p5,30,637.7659698762435,305.2784795057923,604.2939769801925,339.10057419253354,630.6746552918867,329.99694879577237,0.171333885127294,0.0817362277240348
tvc400,foot_left_friction,1.7,foot_left_friction_1p7,30,1181.8829394143468,423.6258838698775,1131.802031799612,470.47576229831776,1140.519912637834,460.08286168197816,0.31667691703748047,0.11359797789783929
tvc400,foot_left_friction,2.0,foot_left_friction_2,30,1950.4079221212596,486.0752852826737,1994.2020284144949,520.6958839570267,1977.5297963266396,517.4968340309214,0.5004135672798253,0.12177430299896926
tvc400,foot_left_mass,0.1,foot_left_mass_0p1,30,1451.7729343580154,336.2164858227898,1222.4978191789157,427.78193040008176,1325.8706226133024,396.84933696880046,0.3585396974547407,0.08135517574413402
tvc400,foot_left_mass,0.2,foot_left_mass_0p2,30,933.1860793198645,305.34612700139013,708.1093890764295,369.0440614402917,783.1942429373726,348.18749556592184,0.23369902432724135,0.07931080836191594
tvc400,foot_left_mass,0.3,foot_left_mass_0p3,30,591.5571251793629,280.4138969852682,485.61543889888867,341.70383004845644,486.0728102712475,324.3060572422876,0.1497536992816423,0.07426299724430324
tvc400,foot_left_mass,0.4,foot_left_mass_0p4,30,410.85109774227675,263.8191888905859,359.4003131971269,318.65761401631136,353.1157515734407,301.37874581160577,0.10286752509252968,0.07023502811093489
tvc400,foot_left_mass,0.5,foot_left_mass_0p5,30,278.55111839592496,221.94267303510227,219.53710111984026,263.22412079078754,230.8957809966443,259.0118949223598,0.07136911959983354,0.0585902523444274
tvc400,foot_left_mass,0.6,foot_left_mass_0p6,30,161.69171376950848,152.0305214580755,143.096850220004,217.02767267146444,146.23516317274334,197.14035048097557,0.04803746923828151,0.04396971891386263
tvc400,foot_left_mass,0.7,foot_left_mass_0p7,30,56.57536127516731,75.238828516493,50.4351715576288,123.7096681474652,42.22045592578081,107.59852494901465,0.02063445281007299,0.024596448531877046
tvc400,foot_left_mass,0.8,foot_left_mass_0p8,30,5.144097715356141,38.78905658288992,14.459457882698636,58.110578826365874,5.558910453471833,46.81008756165235,0.005010860712174476,0.012237740475985887
tvc400,foot_left_mass,0.9,foot_left_mass_0p9,30,15.420978837156865,33.255637040984205,11.83052890633851,35.13589172032145,16.241043946220785,46.87099344174863,0.00868225808662118,0.013251342367454608
tvc400,foot_left_mass,1.0,foot_left_mass_1,30,0.0,0.0,0.0,0.0,0.0,0.0,0.0,0.0
tvc400,foot_left_mass,1.1,foot_left_mass_1p1,30,8.520609371089252,28.19301245294604,15.524539989976471,11.57278587021364,6.583080639697205,18.18058312311302,-0.000694756155608256,0.008994808198233319
tvc400,foot_left_mass,1.3,foot_left_mass_1p3,30,95.74983230066704,92.36008235027603,88.06033275488296,63.53007291299444,82.73620414854129,66.94587286217805,0.011809864227168895,0.033324491599529785
tvc400,foot_left_mass,1.5,foot_left_mass_1p5,30,271.10679036844465,176.79596050608308,188.94520290354498,117.16050887328562,229.8170716626381,145.92160167599894,0.06430539629630298,0.043784278252730575
tvc400,foot_left_mass,1.7,foot_left_mass_1p7,30,390.86392011838257,200.27057623995455,327.8188785559686,190.29115345840984,348.9076170092084,188.6998673173024,0.09449517693949945,0.05014955998698611
tvc400,foot_left_mass,2.0,foot_left_mass_2,30,588.9539665871304,230.31032428459264,486.06886232025744,228.5389015422661,511.73451651173343,224.4478766336105,0.13182687355305403,0.06727096532778287
tvc400,leg_left_actuator_gain,0.0,leg_left_actuator_gain_0,30,3150.1540830535646,367.3575671026213,3245.656879435208,369.7033830577666,3238.8932906311006,371.9888876950758,0.7364962503620903,0.13005601677467135
tvc400,leg_left_actuator_gain,0.1,leg_left_actuator_gain_0p1,30,2657.9485067473265,396.4928459491318,2773.6673815398603,430.92084361777387,2733.7851928634764,429.52866366127625,0.6438784758279745,0.09616827626205693
tvc400,leg_left_actuator_gain,0.2,leg_left_actuator_gain_0p2,30,1719.7561759312637,388.97201662312756,1790.4861372662585,468.81067787262293,1776.0044138271628,450.02641651662736,0.4192230602275266,0.0964349327703679
tvc400,leg_left_actuator_gain,0.3,leg_left_actuator_gain_0p3,30,872.5056784341762,280.2240176244376,775.8078090899071,343.43216825855075,803.6001178705579,331.57851201240925,0.2119761959555035,0.06970485648890662
tvc400,leg_left_actuator_gain,0.4,leg_left_actuator_gain_0p4,30,390.5640129762026,159.93412091011248,259.034158017432,170.08460001027225,278.02359626885755,154.29631888850668,0.09235586798557342,0.04164276526351152
tvc400,leg_left_actuator_gain,0.5,leg_left_actuator_gain_0p5,30,146.74567096844063,144.5875494451889,155.29263014067308,179.23856417746484,148.54330254891303,177.36946488361477,0.03133130883065049,0.04082953730488954
tvc400,leg_left_actuator_gain,0.6,leg_left_actuator_gain_0p6,30,48.38088279057344,46.55485449516162,23.578450717434787,26.29546597873075,24.495780501871216,27.15232931855112,0.012173481261315896,0.011898690868505526
tvc400,leg_left_actuator_gain,0.7,leg_left_actuator_gain_0p7,30,5.953788708105045,20.816129951162313,11.083943978359454,15.117557401570792,14.286835381153837,17.558377232096113,0.0005080195937405428,0.0060669994495384655
tvc400,leg_left_actuator_gain,0.8,leg_left_actuator_gain_0p8,30,-0.9626451573766948,22.711871846898482,9.598615059502455,14.141351395722483,13.057299166273067,20.550762968955326,0.0006004512134055239,0.006060487229500009
tvc400,leg_left_actuator_gain,0.9,leg_left_actuator_gain_0p9,30,-5.9762351415347705,16.363942156394796,-3.089720877654463,8.503841170503026,-4.884809815598817,9.183265973047344,-9.39924029689545e-05,0.005448099374686386
tvc400,leg_left_actuator_gain,1.0,leg_left_actuator_gain_1,30,0.0,0.0,0.0,0.0,0.0,0.0,0.0,0.0
tvc400,leg_left_actuator_gain,1.1,leg_left_actuator_gain_1p1,30,45.721918214441516,60.29095967852898,48.440925483003575,85.92888148474583,44.333912558916396,67.25746740788102,0.011023781914742077,0.016536453613739722
tvc400,leg_left_actuator_gain,1.3,leg_left_actuator_gain_1p3,30,68.37639172870608,55.47779377171881,34.67906557630637,42.567361259672225,29.882010388738152,32.22021461699885,0.013725139597686608,0.01457026474807636
tvc400,leg_left_actuator_gain,1.5,leg_left_actuator_gain_1p5,30,104.95246191489613,73.99135203335352,55.41416834594869,54.15215805727815,47.60652537292251,38.493536267631306,0.02373558299238882,0.01746781413899532
tvc400,leg_left_actuator_gain,1.7,leg_left_actuator_gain_1p7,30,139.52361006345944,109.62078390689328,123.85906717104467,126.21144045530968,118.15472319038876,124.04192715473114,0.032824917380793996,0.026271686806857885
tvc400,leg_left_actuator_gain,2.0,leg_left_actuator_gain_2,30,284.27590316333504,196.09875571069904,259.6065421509352,259.3746389302483,253.90332748509456,245.48163662625134,0.07337210935589374,0.04740539359491996
tvc400,leg_left_damping,0.0,leg_left_damping_0,30,3.180868559543573,32.905480311931285,3.4297808271052643,9.399111743182212,3.283691930035108,7.368813962876971,5.378898758582079e-05,0.008732315507529741
tvc400,leg_left_damping,0.1,leg_left_damping_0p1,30,-11.22547485030805,47.31874266397562,0.59867774288554,6.3316448677032895,-2.956196950660554,8.911800986753471,-0.004575137551598476,0.013975498422844313
tvc400,leg_left_damping,0.2,leg_left_damping_0p2,30,-11.560576550232508,33.84850485684527,-3.4479094060299267,10.637409962088336,-6.139197951002105,11.371780846493944,-0.006506351803037685,0.011011728790772614
tvc400,leg_left_damping,0.3,leg_left_damping_0p3,30,-4.006646327142941,37.68104029093228,0.4545346986660282,6.276350742918988,-0.07118472461268084,6.668823294853388,-0.0025296959702062814,0.009801999609197034
tvc400,leg_left_damping,0.4,leg_left_damping_0p4,30,-11.810642736833843,40.92176487499756,10.32618364049089,12.434177696309645,5.294631437625355,11.530573420868246,-0.0033937246959161492,0.011583554428942688
tvc400,leg_left_damping,0.5,leg_left_damping_0p5,30,-10.64887180822179,46.72735553178126,7.314464967180038,9.523792824120736,2.006250545020225,10.160980469764022,-0.0035025011209378278,0.013030218833233792
tvc400,leg_left_damping,0.6,leg_left_damping_0p6,30,5.094297957437148,42.805823740509794,24.503955197580545,37.6196121045739,24.41032827918311,37.109600687843084,0.0003828352929344552,0.011782917827735008
tvc400,leg_left_damping,0.7,leg_left_damping_0p7,30,-15.263875712754775,47.27101815465069,3.850227353385837,8.256353450468046,2.439948360079211,11.296680680990457,-0.005707458299028565,0.013483645728184617
tvc400,leg_left_damping,0.8,leg_left_damping_0p8,30,-39.0084434363991,37.076095114911276,-0.09119109758835293,5.667139564410437,-1.529007569624529,5.016580125866077,-0.011357586148878255,0.0110859647570752
tvc400,leg_left_damping,0.9,leg_left_damping_0p9,30,-36.756937504819035,38.81022554483827,-6.933023492849831,5.478159546797819,-10.813260084441238,8.305404610531966,-0.011016078820992453,0.011223831429868414
tvc400,leg_left_damping,1.0,leg_left_damping_1,30,0.0,0.0,0.0,0.0,0.0,0.0,0.0,0.0
tvc400,leg_left_damping,1.1,leg_left_damping_1p1,30,8.348753800079123,30.643345087886154,4.339728736429469,9.268236225791009,3.5230913625052835,8.108078043516088,0.0015204775458210423,0.007202296659648382
tvc400,leg_left_damping,1.3,leg_left_damping_1p3,30,-5.496019447800749,39.28374269126465,3.914555826153863,11.683536125751642,-1.6806057514395358,11.422081510904588,-0.002803246698983404,0.010891943542415286
tvc400,leg_left_damping,1.5,leg_left_damping_1p5,30,-7.690158321450936,32.38408377216551,1.2076359585439755,5.970494759408486,1.664066510023493,5.291040330215748,-0.003970215866885549,0.008193597889678064
tvc400,leg_left_damping,1.7,leg_left_damping_1p7,30,-9.403656362059234,28.296168212646283,0.12301791756341723,6.462934821879582,-1.2381860356469512,5.384068529065049,-0.005187451641390123,0.008417892184778297
tvc400,leg_left_damping,2.0,leg_left_damping_2,30,-14.395111734567687,41.97356044642388,4.927348341527393,8.99207713245911,2.4376868042112694,12.214913690540902,-0.006821411962541205,0.011661404778969127
tvc400,leg_left_mass,0.1,leg_left_mass_0p1,30,143.37278783604188,130.84592518253538,114.46068768099452,179.43782934318878,106.3278883273044,168.969524071484,0.03972374691368409,0.03328846994104292
tvc400,leg_left_mass,0.2,leg_left_mass_0p2,30,130.71647951299485,125.72068383423516,100.89674933257771,165.7898029542136,91.72493867039398,152.08502358402163,0.03596913491595599,0.03126602651492225
tvc400,leg_left_mass,0.3,leg_left_mass_0p3,30,121.00622324805857,101.78007158555538,70.10779671006871,109.95026795353427,58.968825332424814,97.70777785298978,0.03350776074127014,0.02543092115064115
tvc400,leg_left_mass,0.4,leg_left_mass_0p4,30,72.16152424833088,80.08085069840614,54.75823086531982,128.2310412680773,41.17479218407501,99.76030544496888,0.024064041988559062,0.023542854115726233
tvc400,leg_left_mass,0.5,leg_left_mass_0p5,30,59.8009916864588,67.59497109622677,48.079752639785056,122.53644376787686,38.99771029283753,94.93370275725668,0.01830860072045561,0.019387432408488177
tvc400,leg_left_mass,0.6,leg_left_mass_0p6,30,41.66829715911857,76.21720516605592,60.48040882588375,142.9476893201231,49.286106375107245,122.75839901844986,0.012245258245548986,0.023847500112316445
tvc400,leg_left_mass,0.7,leg_left_mass_0p7,30,44.36231722963513,67.19932978845024,79.37467633820107,167.90114435350546,42.30035287132173,104.09680824341332,0.014075341758899821,0.02080111068652541
tvc400,leg_left_mass,0.8,leg_left_mass_0p8,30,3.0040421469678527,28.829343277906652,-8.578976473317384,12.09465527639196,-5.144012686204883,17.79366979674728,0.0012141725814858095,0.007078274128690619
tvc400,leg_left_mass,0.9,leg_left_mass_0p9,30,1.6576159568740043,28.811000797259766,1.7807511925680464,13.578639592368214,-2.137641950815521,10.068168043559103,-7.571171698677766e-05,0.007867134739783083
tvc400,leg_left_mass,1.0,leg_left_mass_1,30,0.0,0.0,0.0,0.0,0.0,0.0,0.0,0.0
tvc400,leg_left_mass,1.1,leg_left_mass_1p1,30,-7.495467622748318,31.57127117824326,4.981685849482161,8.474659302017676,-6.335566882318301,18.345044299866903,-0.00806484297021125,0.015037600752600336
tvc400,leg_left_mass,1.3,leg_left_mass_1p3,30,55.774292869807574,70.57458771389837,27.261336733528676,19.103145886084885,25.708576754351032,36.0577664316265,0.006095450830161181,0.021902722999868014
tvc400,leg_left_mass,1.5,leg_left_mass_1p5,30,38.91945656073267,75.1483006127977,31.958501417360573,23.950560156046354,24.35617011438298,29.240617269668437,-0.0013028999279042783,0.028687886891253508
tvc400,leg_left_mass,1.7,leg_left_mass_1p7,30,62.6775792233061,81.06334600756774,55.326150489515385,30.0944925303046,55.82776201393238,42.060477365472366,0.005035886508497511,0.027437775426643038
tvc400,leg_left_mass,2.0,leg_left_mass_2,30,144.40450640695968,146.46239514598935,176.16591500277093,168.2439985281109,159.73293719865885,148.9911432776858,0.021307765227838036,0.04654301540467727
tvc400,thigh_left_actuator_gain,0.0,thigh_left_actuator_gain_0,30,3466.020242240099,306.3082801990692,3564.959089101681,308.60210496046494,3545.385150375784,305.967872954719,0.8432735044589872,0.06041405302531095
tvc400,thigh_left_actuator_gain,0.1,thigh_left_actuator_gain_0p1,30,3087.2711717696143,322.87010725100083,3354.5471985188788,321.27563603463284,3279.5243539918065,320.3197947196203,0.7491350343132249,0.07392623190942199
tvc400,thigh_left_actuator_gain,0.2,thigh_left_actuator_gain_0p2,30,2327.504657466235,366.5996350352485,2370.583545867211,432.4202297143391,2394.1988505725385,409.03681643302457,0.5722623133263595,0.08848117631557527
tvc400,thigh_left_actuator_gain,0.3,thigh_left_actuator_gain_0p3,30,1652.442261131909,360.0114802435935,1647.3558685690712,458.8877458437748,1641.9351508704765,416.2309977997286,0.4121623637983824,0.09318134182295718
tvc400,thigh_left_actuator_gain,0.4,thigh_left_actuator_gain_0p4,30,1051.1453479527704,283.37457418534126,923.2667082801889,375.6277707939754,917.0106640895051,342.4935773883561,0.2665435398845929,0.07773855168236396
tvc400,thigh_left_actuator_gain,0.5,thigh_left_actuator_gain_0p5,30,629.0545070230661,222.03383878595307,449.4650454636945,276.33015438806854,474.5432765031597,253.67733283677316,0.16428808133384662,0.06475749451450699
tvc400,thigh_left_actuator_gain,0.6,thigh_left_actuator_gain_0p6,30,283.0505932820023,178.39872722845428,224.4222398952262,213.1674552869217,223.39437859001558,201.0723571706032,0.07392548494020663,0.058746803138456594
tvc400,thigh_left_actuator_gain,0.7,thigh_left_actuator_gain_0p7,30,211.81584287964338,161.99612433609258,161.86765860755978,195.84646119471836,160.928037882223,183.18478491250667,0.056071979817731384,0.05341396638115816
tvc400,thigh_left_actuator_gain,0.8,thigh_left_actuator_gain_0p8,30,150.60690440638263,153.95645156964204,139.8328574897977,209.49671370655125,126.99447443695477,189.82445597433096,0.042917860208108526,0.051238456877461196
tvc400,thigh_left_actuator_gain,0.9,thigh_left_actuator_gain_0p9,30,57.98353620473834,115.05827873433589,96.38667328177876,167.71207382788754,87.3283941593818,154.3679063382991,0.02051290771904003,0.038757975511164444
tvc400,thigh_left_actuator_gain,1.0,thigh_left_actuator_gain_1,30,0.0,0.0,0.0,0.0,0.0,0.0,0.0,0.0
tvc400,thigh_left_actuator_gain,1.1,thigh_left_actuator_gain_1p1,30,-21.391783733814055,45.80492844714888,-12.033616108169197,10.097103643788794,-20.439504869317545,19.34448479049742,-0.009155111556114476,0.015115831185543016
tvc400,thigh_left_actuator_gain,1.3,thigh_left_actuator_gain_1p3,30,-7.699086440665989,62.439343239038564,-7.515482201997705,22.326676836118605,-14.328422613059896,24.97958364942679,-0.005470938745284004,0.017907039493588763
tvc400,thigh_left_actuator_gain,1.5,thigh_left_actuator_gain_1p5,30,32.177962519776095,90.16049033029226,10.864501289521794,29.99959543974417,13.364056062759259,39.04759588169649,0.007110217878289975,0.0241045659161243
tvc400,thigh_left_actuator_gain,1.7,thigh_left_actuator_gain_1p7,30,74.42025138438645,124.19490103646783,84.83067824319032,131.77545458303894,67.95668383839508,117.26935447922372,0.018101785902264852,0.03247680228654307
tvc400,thigh_left_actuator_gain,2.0,thigh_left_actuator_gain_2,30,311.66858659993903,197.82604753164767,252.7152157562359,239.84319356612264,232.52602424395852,224.0733708415403,0.0793644212011578,0.049771708122824256
tvc400,thigh_left_damping,0.0,thigh_left_damping_0,30,5.206771492169719,35.77704287879344,5.495430023882208,9.82953063007021,8.914416767220462,17.509390830599543,0.0013771292572901741,0.009307955297300283
tvc400,thigh_left_damping,0.1,thigh_left_damping_0p1,30,-2.7348817872876188,41.505981535327216,2.6835346994778773,6.035521627104496,1.8246910935893765,5.540948253463078,-0.001568634948840672,0.010588918511769355
tvc400,thigh_left_damping,0.2,thigh_left_damping_0p2,30,17.971308768875492,43.179090757415565,0.15631362058361448,5.7080184833935155,2.727190599862479,6.798122939552346,0.0031575107944609064,0.010770051494913951
tvc400,thigh_left_damping,0.3,thigh_left_damping_0p3,30,-14.718629203441544,34.583702745206146,-2.023762249718819,9.281667248503695,-0.41827243540730025,8.594646826550758,-0.005617148034208083,0.009924981699646649
tvc400,thigh_left_damping,0.4,thigh_left_damping_0p4,30,-3.0634933176675117,32.406139079061255,1.8359952316209653,5.636328336605233,0.2688275634624574,5.087713672427446,-0.0020774667407200396,0.007778800634202057
tvc400,thigh_left_damping,0.5,thigh_left_damping_0p5,30,-24.409729247787276,26.659499969582306,-2.430884399767175,14.184055109803122,1.9407530263810788,16.527511674466258,-0.007713685306332654,0.007437960397780155
tvc400,thigh_left_damping,0.6,thigh_left_damping_0p6,30,-10.659418256065475,26.983313968844072,0.32716471663325136,8.915949591346282,-0.6169654247324122,8.731670844863013,-0.006985299765761246,0.011511839625615342
tvc400,thigh_left_damping,0.7,thigh_left_damping_0p7,30,3.6386589835475167,31.305410971877553,5.086460769064532,11.011465992205006,5.9147385750660835,10.73108328469886,-0.0004620226923227395,0.0077042997978557185
tvc400,thigh_left_damping,0.8,thigh_left_damping_0p8,30,8.91968384491981,34.57548217798223,3.097317670800544,9.73648748462418,9.207699320864867,16.191977530292423,0.0002625041017539733,0.009192577694436864
tvc400,thigh_left_damping,0.9,thigh_left_damping_0p9,30,-18.66395506823718,34.513830542408314,2.6506571275709843,6.885120239561956,-0.8929246435675926,8.377241934430078,-0.006131678463913796,0.009471828491334442
tvc400,thigh_left_damping,1.0,thigh_left_damping_1,30,0.0,0.0,0.0,0.0,0.0,0.0,0.0,0.0
tvc400,thigh_left_damping,1.1,thigh_left_damping_1p1,30,-8.102058892502646,33.087842751252154,1.2646167601735745,5.408037606250786,-2.3678144712024314,7.810700536397646,-0.005858786454255741,0.011463839884483013
tvc400,thigh_left_damping,1.3,thigh_left_damping_1p3,30,1.689309324902202,24.37787276535797,1.4947542242529228,8.88002679602918,0.30458105469467683,7.334149910002116,-0.0018157650257193821,0.0075191098206801995
tvc400,thigh_left_damping,1.5,thigh_left_damping_1p5,30,-16.110680253334348,41.08636688636664,-8.881694001781238,15.195583733148842,-11.034292783994465,14.185878819565566,-0.00807757493345954,0.013624657999029866
tvc400,thigh_left_damping,1.7,thigh_left_damping_1p7,30,7.856613588723151,33.10645674616509,3.8689922873628424,6.450300053258563,-0.27782387168774675,9.077045191024833,0.0020218593460426897,0.008556340788471343
tvc400,thigh_left_damping,2.0,thigh_left_damping_2,30,-12.426088339934946,24.604329429670493,-0.37046526270989183,10.373000162614495,-4.106878189112047,9.500155784352227,-0.0027236066205378533,0.007637505517536539
tvc400,thigh_left_mass,0.1,thigh_left_mass_0p1,30,425.92767964028207,140.38205016153515,373.3984912126221,135.7788001541325,384.2561883822771,138.31872945370884,0.11220040366018429,0.03455234504738045
tvc400,thigh_left_mass,0.2,thigh_left_mass_0p2,30,346.0476001231396,139.0676223953397,347.62795060452794,149.2832851901642,356.97340841611947,150.60461823802308,0.09188088217293779,0.03388473714279855
tvc400,thigh_left_mass,0.3,thigh_left_mass_0p3,30,277.0886570598875,147.6394777959241,321.70548511833636,182.94822618816673,304.4148467278352,161.47516980397833,0.06646096399779886,0.03358392335674011
tvc400,thigh_left_mass,0.4,thigh_left_mass_0p4,30,233.41981044100018,131.10394506912073,275.50468964668494,166.89695465637124,257.7164896439196,142.87815111354692,0.061062175083254185,0.030400677526812442
tvc400,thigh_left_mass,0.5,thigh_left_mass_0p5,30,249.15699294983503,143.1052393746712,281.9364617614579,185.94724038336207,279.9180282378413,181.2603742849979,0.06665779526874188,0.03857220333282659
tvc400,thigh_left_mass,0.6,thigh_left_mass_0p6,30,193.63307467835108,119.77242651120326,186.6290111700263,150.2721532111166,199.33939367409823,139.051006398149,0.05076600201386012,0.03646116056777151
tvc400,thigh_left_mass,0.7,thigh_left_mass_0p7,30,161.8618811569771,127.0024642299703,152.00276127891158,153.18050940651952,166.01145497680852,146.06579219226546,0.03695674237080697,0.043497618335683295
tvc400,thigh_left_mass,0.8,thigh_left_mass_0p8,30,94.06944576402255,66.99702203885938,113.41142754901048,123.91022663395539,108.56162651114616,112.30153361230056,0.0253499379955947,0.021131514403404023
tvc400,thigh_left_mass,0.9,thigh_left_mass_0p9,30,59.212349443797514,41.10092772251393,57.39085311737916,50.05132320546971,58.644572341772204,51.48372702338602,0.01621375783567588,0.011833381701212141
tvc400,thigh_left_mass,1.0,thigh_left_mass_1,30,0.0,0.0,0.0,0.0,0.0,0.0,0.0,0.0
tvc400,thigh_left_mass,1.1,thigh_left_mass_1p1,30,-49.42281641817966,48.40825234741603,-27.752042745341566,12.857071439057366,-29.98349421349245,14.810269137013444,-0.016679319327911845,0.015251194251193853
tvc400,thigh_left_mass,1.3,thigh_left_mass_1p3,30,-56.576640392330816,70.73725102353649,-65.37467393917716,23.413574658806642,-62.729954102539914,31.196796138481652,-0.017906628072551993,0.019062717142586484
tvc400,thigh_left_mass,1.5,thigh_left_mass_1p5,30,-20.45759110850048,112.78533030547203,-90.04082796354263,32.650408881024106,-61.33572960696189,59.19421231334936,-0.008829710805848802,0.029750414756607814
tvc400,thigh_left_mass,1.7,thigh_left_mass_1p7,30,155.64513427997116,189.11217819890086,68.80755086397181,196.1839795550388,76.12109530720613,187.27812937311083,0.037385328049646324,0.046804868655273994
tvc400,thigh_left_mass,2.0,thigh_left_mass_2,30,444.5493564464753,313.22456603607816,307.7418842877883,347.4384438080067,330.30741673273275,340.35905024754845,0.10833565403907384,0.07805746448350884
tvc500,foot_left_actuator_gain,0.0,foot_left_actuator_gain_0,30,3190.588415020773,391.4369541581422,3285.2847322873718,390.52132232204855,3264.0937992570794,402.46583555702296,0.8234346885999348,0.10163483558608985
tvc500,foot_left_actuator_gain,0.1,foot_left_actuator_gain_0p1,30,2982.3415471025924,455.057706665772,3111.45892308734,459.76179382637713,3096.0717329856566,457.7684420998584,0.7631329448478207,0.1236899261486227
tvc500,foot_left_actuator_gain,0.2,foot_left_actuator_gain_0p2,30,2801.120928078841,471.0975222867822,2915.2625164984916,488.567710633239,2898.674203839643,483.0430068274359,0.7187767418570276,0.12851646158553715
tvc500,foot_left_actuator_gain,0.3,foot_left_actuator_gain_0p3,30,2426.788959992172,465.588622855555,2468.0209500171745,520.5585911283198,2477.2866495323074,493.67160522369613,0.6474815985241451,0.11501366959283578
tvc500,foot_left_actuator_gain,0.4,foot_left_actuator_gain_0p4,30,2093.348700819744,513.3189789287719,2067.0615455660363,550.2888530098792,2126.2732829352385,523.8668026424343,0.5653345434737667,0.12742485648215773
tvc500,foot_left_actuator_gain,0.5,foot_left_actuator_gain_0p5,30,1800.0017376303633,518.4928203134411,1868.0988038902492,543.4247059543545,1861.0745684093465,534.1976262127674,0.49195518313566233,0.12993561929862846
tvc500,foot_left_actuator_gain,0.6,foot_left_actuator_gain_0p6,30,1357.705291853117,512.211902734534,1392.1763926659012,554.5562269237396,1395.1822328339165,534.753143495419,0.3579674923134561,0.13367522364018777
tvc500,foot_left_actuator_gain,0.7,foot_left_actuator_gain_0p7,30,755.5917801649582,413.0256275245181,811.9765106188617,447.8623360447853,789.0734894063777,431.0086577767974,0.2005885128849645,0.1065654339255752
tvc500,foot_left_actuator_gain,0.8,foot_left_actuator_gain_0p8,30,172.67537849258235,208.04683173724212,190.65919092089646,217.42247189992574,186.01335762302563,213.03152026775302,0.044600019807449105,0.05554522449725572
tvc500,foot_left_actuator_gain,0.9,foot_left_actuator_gain_0p9,30,-35.68968734971193,60.57216170991371,-27.396541304123446,20.04756377084624,-24.4817451893697,30.019838766212292,-0.01092248775495561,0.020016348893097023
tvc500,foot_left_actuator_gain,1.0,foot_left_actuator_gain_1,30,0.0,0.0,0.0,0.0,0.0,0.0,0.0,0.0
tvc500,foot_left_actuator_gain,1.1,foot_left_actuator_gain_1p1,30,124.72508246671647,86.36008993637542,136.50375640239446,138.83710493735214,137.40310616960122,122.53811351237182,0.038644938901607265,0.028849133722406856
tvc500,foot_left_actuator_gain,1.3,foot_left_actuator_gain_1p3,30,328.65557108289136,145.05253725527052,306.6355770633079,191.0841521664149,325.33669381369975,177.17421215452993,0.09670406807197406,0.04684278827836544
tvc500,foot_left_actuator_gain,1.5,foot_left_actuator_gain_1p5,30,477.2701026466779,191.8210040382055,470.5046309414047,264.77110671219054,461.04813816938656,236.89309341433446,0.13732335554056166,0.05807131380468251
tvc500,foot_left_actuator_gain,1.7,foot_left_actuator_gain_1p7,30,603.1449833213184,220.921883059715,517.2819684695537,253.39836457577334,534.4712810682465,245.2504301799857,0.16896488464109372,0.06481586180393559
tvc500,foot_left_actuator_gain,2.0,foot_left_actuator_gain_2,30,801.0790496996759,273.61553423796107,684.1115799469769,311.02459833724924,753.3913382017823,304.5829010650403,0.20060183078287105,0.0874835778313187
tvc500,foot_left_damping,0.0,foot_left_damping_0,30,13.19630715157006,30.32363714439479,7.998229330707124,7.54619922374019,10.59965791236823,7.955692187625416,0.0008340116205196607,0.009039951764263018
tvc500,foot_left_damping,0.1,foot_left_damping_0p1,30,40.92091534233591,26.859293397874445,24.721637355299688,24.699609995341476,27.130410339769746,22.20740848426175,0.012241763501324684,0.007814393354684432
tvc500,foot_left_damping,0.2,foot_left_damping_0p2,30,-1.5826120008916442,20.842416219663644,11.485075762066034,21.385850422859427,14.173534744945691,20.26306934130079,-0.0004515475547236241,0.006656613122555038
tvc500,foot_left_damping,0.3,foot_left_damping_0p3,30,-17.20382421978183,32.663238279202375,3.8139525184693297,10.26727930910461,1.682674096008399,11.319531245344736,-0.005981501291980491,0.009679888377426303
tvc500,foot_left_damping,0.4,foot_left_damping_0p4,30,21.560754999100745,51.38299253409298,55.40315686376801,96.2540093132712,35.61900232165572,69.8112601121166,0.007992062825457355,0.01660132953451972
tvc500,foot_left_damping,0.5,foot_left_damping_0p5,30,-1.5116006561532003,33.63048333615035,3.0878134192935134,16.349137752211576,6.418760367796862,32.606919013479185,-0.0020419173603489723,0.01136799723702979
tvc500,foot_left_damping,0.6,foot_left_damping_0p6,30,3.7033066226694094,23.231049431676716,17.63723888516917,20.518911986261525,23.039867701358478,20.677767285076467,0.0003585278817166598,0.008445621758085328
tvc500,foot_left_damping,0.7,foot_left_damping_0p7,30,-39.02373890798494,36.11444806794549,-4.289776215909899,8.419394481017237,-12.528383153195069,19.059911920744074,-0.011608313334570517,0.011745350926990734
tvc500,foot_left_damping,0.8,foot_left_damping_0p8,30,-8.97490196116418,23.052751139367622,0.19665360434438525,4.804177564886009,-8.243538867665556,13.876732596534742,-0.003972962083298303,0.007177323848538921
tvc500,foot_left_damping,0.9,foot_left_damping_0p9,30,-19.95662866255481,27.068545794915305,3.8727384530364892,8.574107310499704,4.525688084897467,10.229885799970615,-0.005716989354630132,0.006875638400388212
tvc500,foot_left_damping,1.0,foot_left_damping_1,30,0.0,0.0,0.0,0.0,0.0,0.0,0.0,0.0
tvc500,foot_left_damping,1.1,foot_left_damping_1p1,30,-8.389689470935586,33.478459119751165,11.336692644468023,30.446464233654265,12.093792163684013,25.766444831644037,-0.0013495602644174585,0.009087635766209285
tvc500,foot_left_damping,1.3,foot_left_damping_1p3,30,8.115147210736529,43.084828829269284,-0.1800865324957537,6.702169701762332,-2.371739851663199,11.949685369730787,0.0008948711535428369,0.011276167734318754
tvc500,foot_left_damping,1.5,foot_left_damping_1p5,30,-6.875921368163116,30.238550299677552,-0.5836026302524412,9.933986404365637,11.410223943612724,25.087451850452155,-0.003426564891619311,0.008030193616127224
tvc500,foot_left_damping,1.7,foot_left_damping_1p7,30,-16.246194404858514,24.614505095635508,-13.591880993430102,13.921800008202265,-9.380544435144948,16.880804283209752,-0.011068184060273066,0.014604042216918616
tvc500,foot_left_damping,2.0,foot_left_damping_2,30,-19.048856050007778,40.108516622251436,-10.853678579936025,14.011851301343679,-10.2823525976448,23.271906346125895,-0.012021764436285064,0.016633577145197795
tvc500,foot_left_friction,0.0,foot_left_friction_0,30,139.25541097350464,158.44406660350083,146.14633035718956,144.8345197062794,139.93018968364615,146.95027331009442,0.046167516787494575,0.04350140459893876
tvc500,foot_left_friction,0.1,foot_left_friction_0p1,30,139.25541097350464,158.44406660350083,146.14633035718956,144.8345197062794,139.93018968364615,146.95027331009442,0.046167516787494575,0.04350140459893876
tvc500,foot_left_friction,0.2,foot_left_friction_0p2,30,139.25541097350464,158.44406660350083,146.14633035718956,144.8345197062794,139.93018968364615,146.95027331009442,0.046167516787494575,0.04350140459893876
tvc500,foot_left_friction,0.3,foot_left_friction_0p3,30,139.25541097350464,158.44406660350083,146.14633035718956,144.8345197062794,139.93018968364615,146.95027331009442,0.046167516787494575,0.04350140459893876
tvc500,foot_left_friction,0.4,foot_left_friction_0p4,30,56.60867673899666,147.90367994893074,113.27084733352463,149.84902525006314,102.3222927591598,149.94241805714694,0.016808476534126034,0.037485271209707974
tvc500,foot_left_friction,0.5,foot_left_friction_0p5,30,-44.379179747166745,83.01075369432736,6.209149924908756,32.06690315421143,-8.393388578788112,36.670333355367525,-0.018055292005254707,0.023677255995788942
tvc500,foot_left_friction,0.6,foot_left_friction_0p6,30,-28.417407051233127,70.56421286622047,6.374255494798217,24.44058469869925,-2.1887764746324176,33.51072049607982,-0.012086963387137023,0.020752526326293562
tvc500,foot_left_friction,0.7,foot_left_friction_0p7,30,-66.6341217823938,70.83359870905336,-9.001910663923184,24.385960890903274,-20.18570366104186,31.960730969453113,-0.022315176410690064,0.020741766603479476
tvc500,foot_left_friction,0.8,foot_left_friction_0p8,30,-54.410247666448974,55.50498218126062,-3.1747209124766678,16.55576735458412,-13.639137822010097,25.551640406187747,-0.017263126937403638,0.01722846399104356
tvc500,foot_left_friction,0.9,foot_left_friction_0p9,30,-38.26090705645963,48.067328156497915,-6.526370147668486,14.646640045044592,-16.37605221922445,24.255776529530937,-0.016797099641226398,0.018100203289064806
tvc500,foot_left_friction,1.0,foot_left_friction_1,30,0.0,0.0,0.0,0.0,0.0,0.0,0.0,0.0
tvc500,foot_left_friction,1.1,foot_left_friction_1p1,30,66.0763036297961,89.93205524641509,96.19068777287158,120.32249100768973,78.70973192869337,107.56842046762878,0.01764274463886117,0.02606167408542639
tvc500,foot_left_friction,1.3,foot_left_friction_1p3,30,274.1695742572971,189.49866986247892,262.5273289064733,207.54067178111774,271.888425341659,205.27164549649385,0.07031964531772564,0.04843313945599484
tvc500,foot_left_friction,1.5,foot_left_friction_1p5,30,847.6140266894315,342.33657947596885,862.1164752413135,367.3198260316231,874.2424085384395,360.54032780171946,0.2290485574225226,0.09219568487887914
tvc500,foot_left_friction,1.7,foot_left_friction_1p7,30,1324.6361108427004,420.7047179933703,1301.082261189245,448.10838318486987,1301.4315407584204,442.1609187350645,0.37269811963321386,0.11317243508035038
tvc500,foot_left_friction,2.0,foot_left_friction_2,30,1997.8806114405284,493.1251310649096,2055.6923836029446,525.3355700205819,2058.613369867213,518.7407373525158,0.5393602271478746,0.12280705265406888
tvc500,foot_left_mass,0.1,foot_left_mass_0p1,30,1412.184368185813,385.56385494725635,1408.1145134211217,449.1274373722972,1419.3526868774682,432.9012749315965,0.37028540571409335,0.09468044420794217
tvc500,foot_left_mass,0.2,foot_left_mass_0p2,30,932.8741227984532,316.2655902592187,771.0033227346678,357.6553446108087,879.2215292077788,351.2135300162141,0.2425458799592979,0.08124310679289948
tvc500,foot_left_mass,0.3,foot_left_mass_0p3,30,673.7002810795418,289.9641176970153,559.2396010094282,347.068507630964,614.6077115271625,341.15006848907075,0.17484556757108555,0.07581550601710149
tvc500,foot_left_mass,0.4,foot_left_mass_0p4,30,532.3979087318412,273.10024522204924,452.71996442494674,321.35156182124774,502.58387536209506,321.6272026892739,0.13433007661988441,0.07046465851251642
tvc500,foot_left_mass,0.5,foot_left_mass_0p5,30,317.4326949025952,236.56087937492538,251.35650009415792,292.0050926226862,282.99240499385655,274.08482031036465,0.07712038735673375,0.06186613751094686
tvc500,foot_left_mass,0.6,foot_left_mass_0p6,30,248.97932615184578,182.96610283283243,159.64632828072106,258.39595832641777,230.7408585218988,238.06761170068341,0.06350866986242422,0.05476006622356687
tvc500,foot_left_mass,0.7,foot_left_mass_0p7,30,75.75720847066144,100.7825468568841,26.025891365036514,159.5684348102707,59.98343322119296,130.44163023694793,0.02260222267071575,0.03234108428027356
tvc500,foot_left_mass,0.8,foot_left_mass_0p8,30,25.429455292246825,84.54958505140806,-45.71823115026787,106.94567102031051,-2.72542336657394,92.24186907591779,0.004866800082656903,0.028315332381647327
tvc500,foot_left_mass,0.9,foot_left_mass_0p9,30,-23.3246684929586,62.94824167361707,-30.344400055765504,114.96128905202367,-18.66445997774581,84.07204269892853,-0.006422187266350331,0.02307610797238171
tvc500,foot_left_mass,1.0,foot_left_mass_1,30,0.0,0.0,0.0,0.0,0.0,0.0,0.0,0.0
tvc500,foot_left_mass,1.1,foot_left_mass_1p1,30,-36.53215049574853,52.32889304395182,-49.80571253092091,100.62614412548315,-31.824785430335798,64.50662086786757,-0.015230428163678377,0.019119283529155442
tvc500,foot_left_mass,1.3,foot_left_mass_1p3,30,-12.41553475322086,112.25587464481073,3.474835067998595,128.06322558464075,16.29793669997332,99.59242506797283,-0.017899523451638925,0.039575361764064634
tvc500,foot_left_mass,1.5,foot_left_mass_1p5,30,91.36591688527454,155.03686312622958,94.85427689932612,162.90614025709786,120.56913142242469,146.065067196798,0.0193365813111968,0.04544650831202313
tvc500,foot_left_mass,1.7,foot_left_mass_1p7,30,259.6981054081812,235.6246180381122,234.2054318897141,236.98251739788452,276.7625544006261,225.1006827152669,0.0630953713189008,0.06453769641819362
tvc500,foot_left_mass,2.0,foot_left_mass_2,30,434.2436512380575,288.56729859980095,434.41112344069205,331.67652797030325,452.0464525198865,314.3352435392104,0.0984701714671916,0.08388048742975589
tvc500,leg_left_actuator_gain,0.0,leg_left_actuator_gain_0,30,2857.4605295235983,431.2115556650251,3004.229241069891,434.40193644669563,2996.807103704012,435.7265988330919,0.7098047077948456,0.1344402899211282
tvc500,leg_left_actuator_gain,0.1,leg_left_actuator_gain_0p1,30,2397.556666204315,403.76526406096696,2530.7517344158687,442.92256125929686,2512.279316879426,444.4825105069318,0.6139262439555265,0.10113472581581195
tvc500,leg_left_actuator_gain,0.2,leg_left_actuator_gain_0p2,30,1534.4708384287446,448.47518975151854,1496.3251809411272,513.1858144621887,1522.339409589698,500.98673797013697,0.3913793756871805,0.11112472439447996
tvc500,leg_left_actuator_gain,0.3,leg_left_actuator_gain_0p3,30,997.6752402193301,432.8649112468635,938.8642607110689,503.3805411344489,969.2815063435825,490.4124422513519,0.2507907945190382,0.10463054676980955
tvc500,leg_left_actuator_gain,0.4,leg_left_actuator_gain_0p4,30,567.4392415695085,361.4465619723369,521.1285554070665,412.0138010464991,583.2086226948552,402.0601010699785,0.13529068953472176,0.08799133727615147
tvc500,leg_left_actuator_gain,0.5,leg_left_actuator_gain_0p5,30,273.3323129375577,270.8257117053029,259.3028183316232,347.61052551178807,283.1084865815217,336.5818757435944,0.05933494565288101,0.07167799385055285
tvc500,leg_left_actuator_gain,0.6,leg_left_actuator_gain_0p6,30,60.08439158627004,141.8698003826086,15.170599287943078,126.36406467850252,66.4585981743912,145.33157741317547,0.011800118752835749,0.0401178150602417
tvc500,leg_left_actuator_gain,0.7,leg_left_actuator_gain_0p7,30,-44.258125893854405,77.64497668380923,-37.28697530423242,105.80045466996496,-5.861514615374991,80.19809673678465,-0.016606419316932537,0.02618734683745192
tvc500,leg_left_actuator_gain,0.8,leg_left_actuator_gain_0p8,30,-12.900002181870608,56.170574277676344,-39.029544767706966,103.64984017718523,-10.249227755736642,72.89035256885022,-0.005086261977593575,0.01913306691911648
tvc500,leg_left_actuator_gain,0.9,leg_left_actuator_gain_0p9,30,-24.215849906315686,63.305891529587335,-51.79535861845,101.46937380575902,-27.390995173905146,69.27869696518506,-0.008945187984826273,0.021989031388995228
tvc500,leg_left_actuator_gain,1.0,leg_left_actuator_gain_1,30,0.0,0.0,0.0,0.0,0.0,0.0,0.0,0.0
tvc500,leg_left_actuator_gain,1.1,leg_left_actuator_gain_1p1,30,12.115968269821739,71.82564017010598,-6.122203001090937,136.40188221513367,9.99660830729119,95.6792758487058,0.002184493173761751,0.023305878955247543
tvc500,leg_left_actuator_gain,1.3,leg_left_actuator_gain_1p3,30,34.954394941849706,83.90154395773779,-31.583947900644823,113.96150771855942,1.0036784796954217,81.08246291627013,-0.0026104458112055943,0.02950177494822895
tvc500,leg_left_actuator_gain,1.5,leg_left_actuator_gain_1p5,30,54.003633084811405,61.01899961756175,31.59053145216288,63.25728334608502,44.02753208509867,50.408583570412425,0.005677537777299424,0.026442290794936686
tvc500,leg_left_actuator_gain,1.7,leg_left_actuator_gain_1p7,30,103.59773995187864,89.43721327828219,67.37047313259735,76.10368671074782,84.69410907841593,73.9523605375964,0.01986191999037635,0.029649044549679503
tvc500,leg_left_actuator_gain,2.0,leg_left_actuator_gain_2,30,192.70481097976398,128.67137442270493,109.2919962809564,172.92307197147875,161.12770276461197,148.31732675408267,0.04926470053458079,0.037933430251663985
tvc500,leg_left_damping,0.0,leg_left_damping_0,30,-47.384700893605924,54.91112838793743,-55.30344605406927,103.47250293082233,-39.06249841345532,74.24346938237021,-0.01638926637155066,0.019946127314064033
tvc500,leg_left_damping,0.1,leg_left_damping_0p1,30,-28.12266279835087,64.42287402460231,-49.87740055131151,103.100946526519,-37.89630230063635,72.82661276410096,-0.011313675313906256,0.02169487182182534
tvc500,leg_left_damping,0.2,leg_left_damping_0p2,30,-59.94571736571047,78.21699511636996,-56.73245080107604,104.8147485899429,-46.517934597302954,75.90906023347847,-0.02288856491181946,0.02638402983995043
tvc500,leg_left_damping,0.3,leg_left_damping_0p3,30,-29.008550333361207,36.07505447412238,-34.66831280154282,66.77263724040778,-5.709650251240752,11.72166906677176,-0.011810574705269665,0.012724228334563987
tvc500,leg_left_damping,0.4,leg_left_damping_0p4,30,-77.83288273682582,74.01337828862071,-51.13766019986162,103.428904128825,-41.17727131760049,75.06195019357995,-0.02334011837102684,0.027079627816991685
tvc500,leg_left_damping,0.5,leg_left_damping_0p5,30,-48.47643158282594,52.63856813222551,-56.106191574065434,104.70930652185156,-39.86418778334218,68.34297847471703,-0.016172495030196236,0.018892880980874098
tvc500,leg_left_damping,0.6,leg_left_damping_0p6,30,-32.648465837809304,55.88919838296039,-30.827406090731586,111.07020616384585,-7.805555002697978,70.4766983476159,-0.010667784130434498,0.01816778149370717
tvc500,leg_left_damping,0.7,leg_left_damping_0p7,30,-66.4931449361976,63.323044868216485,-51.39242043800699,101.05972649956924,-37.827994222636335,67.03229600433517,-0.02147296495635675,0.02256283632732405
tvc500,leg_left_damping,0.8,leg_left_damping_0p8,30,-59.48596930418765,64.92685607297263,-51.124303310486404,103.52086042911007,-36.4894616282995,71.32194760875443,-0.02038340084921895,0.023149153280674434
tvc500,leg_left_damping,0.9,leg_left_damping_0p9,30,-63.625702544218605,55.28351559461757,-55.675223144781214,103.07272333498895,-37.84026876951866,61.26661695853186,-0.019964070756850423,0.0183535829210659
tvc500,leg_left_damping,1.0,leg_left_damping_1,30,0.0,0.0,0.0,0.0,0.0,0.0,0.0,0.0
tvc500,leg_left_damping,1.1,leg_left_damping_1p1,30,-58.62328096608344,61.73775049095716,-57.27240608418417,105.17493401954773,-39.39757729865331,74.9046601950173,-0.017641415096343996,0.020273482507344745
tvc500,leg_left_damping,1.3,leg_left_damping_1p3,30,-52.81145827177397,47.77618431633684,-56.39019077910707,103.82769934043824,-45.02330147390902,74.17700405432008,-0.015849809434770764,0.01648313160957649
tvc500,leg_left_damping,1.5,leg_left_damping_1p5,30,-48.506051618402246,60.19023473586944,-60.73841322529874,107.51258442570715,-39.780125862675916,78.19177471919808,-0.017134419223079157,0.02100766739712618
tvc500,leg_left_damping,1.7,leg_left_damping_1p7,30,-55.81219157946363,46.913930421753214,-53.4440134360038,102.87688404776809,-28.757702904407942,44.93255607522576,-0.018118668023577724,0.01458543074729002
tvc500,leg_left_damping,2.0,leg_left_damping_2,30,-62.92313519562989,53.59028963794087,-47.09524254782059,86.73245228402877,-23.555316999429635,35.267740963219524,-0.01828561797326049,0.015187943076194681
tvc500,leg_left_mass,0.1,leg_left_mass_0p1,30,186.43180302220438,130.1990490221692,129.73715927080994,148.80363579303992,167.51186826514743,162.7511510994997,0.05562341568272295,0.04193902940234576
tvc500,leg_left_mass,0.2,leg_left_mass_0p2,30,156.6134794065947,105.54210474832071,101.1100797499345,124.69267661871295,122.68393732668407,134.22669629849537,0.044190226326524105,0.03420163019577743
tvc500,leg_left_mass,0.3,leg_left_mass_0p3,30,138.68879301010958,92.28981838284503,68.06373065394172,91.69653996839955,115.98944181098143,116.79489890475075,0.04070682199650206,0.02927002986614814
tvc500,leg_left_mass,0.4,leg_left_mass_0p4,30,118.60636331679954,83.7281915555971,85.07113615886918,133.85574705193878,113.69297454503103,130.3853632740241,0.03656009026166756,0.028408608551074563
tvc500,leg_left_mass,0.5,leg_left_mass_0p5,30,17.053446295382994,76.88013789308461,34.41394910571409,147.60062928913982,38.37999961595654,105.26638190419285,0.006854267680003225,0.02274842776116089
tvc500,leg_left_mass,0.6,leg_left_mass_0p6,30,13.422111580014768,86.69280582997398,43.754144659782455,184.49924914746046,56.75507282344117,135.53318122998354,0.005689843267857176,0.026618103604387263
tvc500,leg_left_mass,0.7,leg_left_mass_0p7,30,22.6313475998293,69.99914841922649,46.46378158191058,178.90249684534012,48.56160471348821,118.1209194769529,0.008347244914309217,0.022634888192434484
tvc500,leg_left_mass,0.8,leg_left_mass_0p8,30,-28.332285452084346,53.42488211517471,-51.0888380861836,103.32816192018774,-15.612280249401568,59.36598228205482,-0.010254718183784095,0.017572393516755193
tvc500,leg_left_mass,0.9,leg_left_mass_0p9,30,-39.079130456601646,57.24704110076982,-46.96874853316767,97.13001602385594,-21.11421813973738,51.973630335816296,-0.011625562583106102,0.016644461603483634
tvc500,leg_left_mass,1.0,leg_left_mass_1,30,0.0,0.0,0.0,0.0,0.0,0.0,0.0,0.0
tvc500,leg_left_mass,1.1,leg_left_mass_1p1,30,-39.050534509728934,41.95356078993301,-53.39304370252732,100.82927759635132,-30.29543635984247,47.46932610036904,-0.01826993020589941,0.017446828350249338
tvc500,leg_left_mass,1.3,leg_left_mass_1p3,30,-79.19938179310842,94.37528449474183,-45.032904257519895,109.18807356838141,-32.610287468413176,80.10924213551971,-0.03319525117275276,0.03499202710876804
tvc500,leg_left_mass,1.5,leg_left_mass_1p5,30,-48.966958419690094,81.57969771968155,-11.123675069721681,70.74256587494742,3.730915828848981,37.37202800774953,-0.022293361727518547,0.026742913643932085
tvc500,leg_left_mass,1.7,leg_left_mass_1p7,30,-40.189245348822745,84.79673849324561,-6.668133686024199,74.98932389261472,11.407978250318877,41.58474072731909,-0.022967448741743914,0.02966972171957024
tvc500,leg_left_mass,2.0,leg_left_mass_2,30,57.33978187929959,139.85435782485612,52.43775331246916,91.07483520769863,98.48952960715911,99.61956829760959,-0.001304735029081275,0.04594586990786337
tvc500,thigh_left_actuator_gain,0.0,thigh_left_actuator_gain_0,30,3049.6196641373094,399.4627263459629,3192.517423872675,447.6521530543037,3186.4445416648664,431.91409925147923,0.7843200485875208,0.09477102784318388
tvc500,thigh_left_actuator_gain,0.1,thigh_left_actuator_gain_0p1,30,2697.69692548558,391.80440535106095,2840.601670470539,445.94408709823193,2843.181232076059,435.6098630500498,0.694554363385463,0.09858890423986875
tvc500,thigh_left_actuator_gain,0.2,thigh_left_actuator_gain_0p2,30,2227.300536560385,345.3894989205474,2403.3063727565436,412.73538650623834,2364.4195460294973,394.9762567680829,0.5820577858448485,0.08750939535786643
tvc500,thigh_left_actuator_gain,0.3,thigh_left_actuator_gain_0p3,30,1671.7421418394067,336.894796640177,1605.401443356092,457.60973607444345,1706.9408994435291,411.5496635897092,0.4390913818015803,0.09267319604293961
tvc500,thigh_left_actuator_gain,0.4,thigh_left_actuator_gain_0p4,30,1122.3347472297148,337.1874615449951,1172.9098855133154,454.6412347948939,1158.0618330685431,424.6115665074959,0.3005280145708895,0.09302434760798124
tvc500,thigh_left_actuator_gain,0.5,thigh_left_actuator_gain_0p5,30,701.5811966049789,297.57561731336784,753.171010993452,386.32237658668225,752.9031780323098,362.9124637475845,0.19185633748933073,0.08412254582925917
tvc500,thigh_left_actuator_gain,0.6,thigh_left_actuator_gain_0p6,30,330.83938201982863,253.020462733337,296.34722042105545,290.4485752679684,336.8671218207274,277.2298912579926,0.09011066506293935,0.07766167154616235
tvc500,thigh_left_actuator_gain,0.7,thigh_left_actuator_gain_0p7,30,228.07567251578791,205.73222623677296,164.9270445247017,263.4440804727064,198.12828594690023,238.1332135094455,0.0613206641307074,0.0653520462562449
tvc500,thigh_left_actuator_gain,0.8,thigh_left_actuator_gain_0p8,30,84.0860935545034,166.51842963649042,75.2308344953105,240.29683274494298,98.76084264404705,210.87065048795935,0.024513848090307145,0.055174210179623054
tvc500,thigh_left_actuator_gain,0.9,thigh_left_actuator_gain_0p9,30,32.83025586900662,137.57049038390355,45.62164952159222,196.21553305769197,75.21626332460924,168.61286617228902,0.01232182178026827,0.04443684011037993
tvc500,thigh_left_actuator_gain,1.0,thigh_left_actuator_gain_1,30,0.0,0.0,0.0,0.0,0.0,0.0,0.0,0.0
tvc500,thigh_left_actuator_gain,1.1,thigh_left_actuator_gain_1p1,30,-36.87863528562338,62.43073682131455,-56.332101104775695,100.57726312102047,-44.056888792065614,70.88099564468914,-0.014617395537734761,0.023206163721154013
tvc500,thigh_left_actuator_gain,1.3,thigh_left_actuator_gain_1p3,30,-75.44041792987449,112.73766992524715,-50.6252117901413,102.51079032975699,-38.113466552535236,73.29741734285011,-0.026575877289507877,0.03470249800582037
tvc500,thigh_left_actuator_gain,1.5,thigh_left_actuator_gain_1p5,30,-48.411988293717606,118.87808057979822,-42.84259881957246,105.58085558217215,-17.408703475826943,80.42592138702692,-0.017992752774806997,0.0372586372734838
tvc500,thigh_left_actuator_gain,1.7,thigh_left_actuator_gain_1p7,30,102.627384324824,151.28151301982814,-22.34157210913998,107.78428249734556,20.48886506362681,99.79927467725788,0.02224031643269383,0.045324626946896415
tvc500,thigh_left_actuator_gain,2.0,thigh_left_actuator_gain_2,30,364.98774797771387,222.4967709521623,225.3535765205975,253.0033134386772,278.97232836643997,237.46903755615733,0.09280167107668898,0.0597044479154652
tvc500,thigh_left_damping,0.0,thigh_left_damping_0,30,-49.52884866439225,79.68512297628219,-51.35462143937181,105.1107931264311,-29.536204125064422,73.75031543266951,-0.015744432948807344,0.024526864472390376
tvc500,thigh_left_damping,0.1,thigh_left_damping_0p1,30,-26.471599435745066,48.721978484192846,-47.057776970826055,93.56117451727711,-16.63537227048636,50.09167309493292,-0.009408636686124228,0.014855356371022298
tvc500,thigh_left_damping,0.2,thigh_left_damping_0p2,30,-52.384387212177295,67.8581359075215,-49.25147810747127,100.1463732556958,-25.01582957088225,56.39228549595085,-0.017152846544300823,0.02156453091387312
tvc500,thigh_left_damping,0.3,thigh_left_damping_0p3,30,-24.091296655744404,49.36659971116633,-51.624055870755434,89.52923130638978,-16.93490715708756,32.361047755550196,-0.010592270136937431,0.014161970421385612
tvc500,thigh_left_damping,0.4,thigh_left_damping_0p4,30,-53.90885415718978,70.77267974730029,-49.67375313717968,98.51139843552679,-30.781859159289137,61.627610280132956,-0.019345075772927173,0.02262676211235842
tvc500,thigh_left_damping,0.5,thigh_left_damping_0p5,30,-23.18099990896118,62.90574811157041,-59.41485956768563,103.72701745942062,-19.37016696302179,64.40781482982173,-0.012224799661349352,0.020013047534964676
tvc500,thigh_left_damping,0.6,thigh_left_damping_0p6,30,-51.55089785649955,44.22203269654368,-39.8061078646621,64.35856027691936,-23.566912570258935,34.162564535337395,-0.01942834829100166,0.014811472518353509
tvc500,thigh_left_damping,0.7,thigh_left_damping_0p7,30,-36.011871977016355,43.802085813426864,-48.75212789981963,81.38639657004634,-28.32997320356729,46.820904946340505,-0.013447119322932044,0.015342671826884178
tvc500,thigh_left_damping,0.8,thigh_left_damping_0p8,30,-49.77623921366524,72.9829510242459,-52.479787288726826,101.11055154980318,-29.054016290143455,64.648332635626,-0.01926980510469934,0.02261814339665003
tvc500,thigh_left_damping,0.9,thigh_left_damping_0p9,30,-52.53122767096166,55.351780087600524,-51.7278354271128,96.08291339588924,-27.307467140887077,46.75084339574217,-0.017768728006461728,0.01870076932275379
tvc500,thigh_left_damping,1.0,thigh_left_damping_1,30,0.0,0.0,0.0,0.0,0.0,0.0,0.0,0.0
tvc500,thigh_left_damping,1.1,thigh_left_damping_1p1,30,-44.80327096568627,42.7006667222368,-46.920459126186394,86.178955783383,-24.94537465584722,34.69529137428581,-0.017335640865933,0.014280705835400956
tvc500,thigh_left_damping,1.3,thigh_left_damping_1p3,30,-8.967715359114584,41.07661485973186,-53.613232344432724,96.2435948433628,-19.633121711538667,31.7667632631076,-0.006628240932220834,0.012777183286466829
tvc500,thigh_left_damping,1.5,thigh_left_damping_1p5,30,-61.91278859147139,76.92962238841888,-58.619716440571274,103.90399059820801,-44.78962231997415,73.9672489379889,-0.024991363692390394,0.029435937106538336
tvc500,thigh_left_damping,1.7,thigh_left_damping_1p7,30,-61.50371185119752,62.18338544737008,-57.27595484692454,105.43924613895422,-36.30127519102918,57.92225620639518,-0.017179384156964628,0.01849677398655915
tvc500,thigh_left_damping,2.0,thigh_left_damping_2,30,-36.66076506498853,61.21069563379133,-48.11182178397574,103.17319990279287,-35.83074602974513,73.35111737934932,-0.013915628790649023,0.022552566332440988
tvc500,thigh_left_mass,0.1,thigh_left_mass_0p1,30,427.6830510202193,167.32558194061892,407.0335913261008,189.05994609132992,432.57886897673023,188.6901398427077,0.10537089306455069,0.05124926314963374
tvc500,thigh_left_mass,0.2,thigh_left_mass_0p2,30,374.5055565735804,132.9272747675951,325.58424586071675,121.83557599143664,346.66820798600486,134.35754237898973,0.09708124698097949,0.0396262035766248
tvc500,thigh_left_mass,0.3,thigh_left_mass_0p3,30,291.73172140887334,118.52956583420664,270.8525942988578,65.56072165388142,290.4504322971864,99.31063792339377,0.07118441268973838,0.030045054501618568
tvc500,thigh_left_mass,0.4,thigh_left_mass_0p4,30,252.89401274653585,92.43388639723231,213.92775576178295,45.47456916675804,243.77136394668386,86.76825811254251,0.0681711435108666,0.02460001290988555
tvc500,thigh_left_mass,0.5,thigh_left_mass_0p5,30,233.30621954270708,104.6357085313202,236.26083166999823,137.7083102300417,241.2796586191953,132.09672272136854,0.06362929141564114,0.0333405871795291
tvc500,thigh_left_mass,0.6,thigh_left_mass_0p6,30,169.46152511747601,105.9483770725158,215.37518166353078,145.41338472543373,199.24024209868887,129.43522120664682,0.04666275619248658,0.03509429998369062
tvc500,thigh_left_mass,0.7,thigh_left_mass_0p7,30,164.28617994526056,107.713424285267,168.15370177797632,148.9294212443659,162.91625995956207,135.21714197768034,0.0382161302177572,0.041347020662527795
tvc500,thigh_left_mass,0.8,thigh_left_mass_0p8,30,76.28108668896968,65.21764775996016,118.65071342511807,120.61959325092504,117.91898933481174,103.84865958461896,0.02273926292600366,0.020803357957685596
tvc500,thigh_left_mass,0.9,thigh_left_mass_0p9,30,64.72787424369275,38.60096856893071,60.14583459995021,47.185159108804626,55.909683272929016,43.799660426302175,0.017681794733319208,0.011159363532681078
tvc500,thigh_left_mass,1.0,thigh_left_mass_1,30,0.0,0.0,0.0,0.0,0.0,0.0,0.0,0.0
tvc500,thigh_left_mass,1.1,thigh_left_mass_1p1,30,-16.553049742732096,55.915341567784104,-12.662753143991615,31.388830657249095,-15.276818681255058,37.888658123954244,-0.009538326387847566,0.01835000775937919
tvc500,thigh_left_mass,1.3,thigh_left_mass_1p3,30,1.496203171033282,96.99262988952398,-4.237911929074634,123.10317776803377,-6.257845597009676,106.1106299301572,-0.0025213323107470963,0.026849756477697224
tvc500,thigh_left_mass,1.5,thigh_left_mass_1p5,30,102.38045444737867,194.300283267609,84.71552730941382,250.37438428034957,92.29851059401263,227.57707905910505,0.023483704066960542,0.051367069518461206
tvc500,thigh_left_mass,1.7,thigh_left_mass_1p7,30,263.0368871188891,227.90403117035103,269.61076972613506,260.80997186351556,247.62123332670578,240.75832288120512,0.07042647853415412,0.05862702479844547
tvc500,thigh_left_mass,2.0,thigh_left_mass_2,30,680.5323942882403,383.1430286774078,657.5611719588469,409.82435853924454,672.2546766097287,405.34970469896433,0.17955941438592837,0.09948925244215191
vanilla,foot_left_actuator_gain,0.0,foot_left_actuator_gain_0,30,3537.168048002096,255.12643830505775,3636.726959575012,249.22852414947204,3621.7972372474346,251.16798588223983,0.8882929413549973,0.0277463518753196
vanilla,foot_left_actuator_gain,0.1,foot_left_actuator_gain_0p1,30,3154.4991056647577,443.52832464296563,3252.824382203718,458.3491805461198,3231.937897311786,449.22504051865207,0.7880201622115783,0.09570446332977685
vanilla,foot_left_actuator_gain,0.2,foot_left_actuator_gain_0p2,30,3039.8232654745543,464.6684461177017,3172.67534089447,463.31862378510027,3142.486213519645,458.2749235981235,0.7597635709155719,0.10351295806932202
vanilla,foot_left_actuator_gain,0.3,foot_left_actuator_gain_0p3,30,2679.4700089902885,508.39866165880557,2773.1264678108855,506.5438718105954,2772.7566804619782,500.5921224492991,0.6726987268837786,0.11736910481269038
vanilla,foot_left_actuator_gain,0.4,foot_left_actuator_gain_0p4,30,2472.80157120461,534.4194152695716,2584.6557843644173,550.583133430987,2582.1362582151537,541.0958681896111,0.6176963664219819,0.12433774221658525
vanilla,foot_left_actuator_gain,0.5,foot_left_actuator_gain_0p5,30,2000.7394218345096,507.4465792121936,2107.2642106219705,540.1569975593163,2081.3893098836456,517.9625227198418,0.5020841395572876,0.12286055521625326
vanilla,foot_left_actuator_gain,0.6,foot_left_actuator_gain_0p6,30,1393.1992479499984,509.94983645147715,1342.4872225494123,566.2758304456593,1354.0301464331685,551.4457922350969,0.3410039651469013,0.13030424971186522
vanilla,foot_left_actuator_gain,0.7,foot_left_actuator_gain_0p7,30,694.9948416106096,366.34210140366736,581.070088830066,419.932295922034,601.1570722382595,399.56549621935653,0.17817151023785519,0.09225502046120232
vanilla,foot_left_actuator_gain,0.8,foot_left_actuator_gain_0p8,30,178.93931507098566,200.25795783713806,158.5936406921787,210.16268025204442,173.42627595371206,207.15404006700064,0.04141718163905261,0.052486105548648854
vanilla,foot_left_actuator_gain,0.9,foot_left_actuator_gain_0p9,30,-33.81272379731199,61.6190499481907,-18.7787572643326,25.749241553567277,-21.572995976110054,29.791408002630632,-0.00866107902298808,0.01994415685825892
vanilla,foot_left_actuator_gain,1.0,foot_left_actuator_gain_1,30,0.0,0.0,0.0,0.0,0.0,0.0,0.0,0.0
vanilla,foot_left_actuator_gain,1.1,foot_left_actuator_gain_1p1,30,85.20437292852694,89.19193880364206,131.67047136456503,140.07502644366303,125.84422637049968,124.82845973787265,0.02840797157434278,0.029527064729112568
vanilla,foot_left_actuator_gain,1.3,foot_left_actuator_gain_1p3,30,208.57980663080417,138.85178925894448,201.83670846913702,176.66017553485764,210.08417391774572,161.61397551438372,0.06290426463177687,0.04541245618998268
vanilla,foot_left_actuator_gain,1.5,foot_left_actuator_gain_1p5,30,349.0916499646308,124.52738572328471,280.22611572632803,191.9716336246191,286.28964794292,154.66572847105883,0.09814808919387555,0.04030873884181843
vanilla,foot_left_actuator_gain,1.7,foot_left_actuator_gain_1p7,30,506.2447076907618,180.91227993822963,397.05541443734023,164.23643582565398,408.06527603403384,169.20405009875856,0.13166965065033184,0.04511777560998
vanilla,foot_left_actuator_gain,2.0,foot_left_actuator_gain_2,30,761.359454874147,256.0091250511791,628.7858193010869,272.1665425931632,684.5888912024549,254.9290746956024,0.1854142903007852,0.06300318428746507
vanilla,foot_left_damping,0.0,foot_left_damping_0,30,-3.75633355595049,34.04001583175643,-1.2455147324382476,19.104676255577303,2.4313519881355847,19.4290652708979,-0.0034659812088221735,0.009499462869547679
vanilla,foot_left_damping,0.1,foot_left_damping_0p1,30,22.779850166558234,28.45246250556193,17.040119267900533,28.662056004841613,17.415619879742042,28.374997909429734,0.008264078633276325,0.008851295854821839
vanilla,foot_left_damping,0.2,foot_left_damping_0p2,30,-8.850713096131312,29.56752317086702,9.063435639691575,22.600388872568512,11.36251366368778,27.080298951861668,-0.0020856180894939795,0.008234719189716645
vanilla,foot_left_damping,0.3,foot_left_damping_0p3,30,14.174904042351015,31.02032633716295,1.8332319522940261,7.561983517115093,12.103986599909303,19.583886951844665,0.0028466028278125556,0.00851476498156449
vanilla,foot_left_damping,0.4,foot_left_damping_0p4,30,14.237069739643891,37.76802496602582,5.743045735031777,15.897405760104146,1.87353428366301,13.106745991661194,0.0045309820769230975,0.010298208685917331
vanilla,foot_left_damping,0.5,foot_left_damping_0p5,30,3.94839609911708,52.150461411426654,-4.120543492082175,20.128502959100157,-6.052198369749809,17.969082884988115,-0.0020241450212120935,0.014168985031297118
vanilla,foot_left_damping,0.6,foot_left_damping_0p6,30,-9.080556995200626,35.93709597248436,5.270119315339711,31.00750468352005,6.151823951305789,29.020528350742325,-0.0016151296634147436,0.009385370280141808
vanilla,foot_left_damping,0.7,foot_left_damping_0p7,30,2.076728711615169,33.49489133769034,6.476977090567641,10.065298351345014,7.319640691118199,22.550553936296094,0.00025369936506998046,0.009485701734499407
vanilla,foot_left_damping,0.8,foot_left_damping_0p8,30,-14.51557145072724,26.461711886293777,-8.68456800618261,16.422519647915273,-10.76280228123921,13.651787009467574,-0.004381510421922696,0.007095203949892614
vanilla,foot_left_damping,0.9,foot_left_damping_0p9,30,14.686608069810154,30.772979861007403,7.491839400914171,10.739899408411093,16.561952880903682,25.03367579344202,0.004171611131414287,0.007614244350616485
vanilla,foot_left_damping,1.0,foot_left_damping_1,30,0.0,0.0,0.0,0.0,0.0,0.0,0.0,0.0
vanilla,foot_left_damping,1.1,foot_left_damping_1p1,30,13.229532173116866,51.26780590369754,-1.36821689420204,8.682434113461895,3.1337666647420215,14.829853043632694,0.002785541632333886,0.012443976031542745
vanilla,foot_left_damping,1.3,foot_left_damping_1p3,30,16.605849601749334,41.09861257842403,0.8976781801284914,13.725483962273167,9.178000863426332,17.413874788453374,0.0030029838458057734,0.009831821458633575
vanilla,foot_left_damping,1.5,foot_left_damping_1p5,30,-15.104481906109564,27.905441160218057,-12.168630270298355,15.797713902712527,-7.0640546080450575,19.01296076374553,-0.005001203878350693,0.007206763381651643
vanilla,foot_left_damping,1.7,foot_left_damping_1p7,30,-3.2724780857040705,25.19568742901543,-13.729137123013174,14.953553870182484,-10.344183304093049,13.068207918059809,-0.006567147949402432,0.014464726466760178
vanilla,foot_left_damping,2.0,foot_left_damping_2,30,-16.99650204797458,44.27854644542059,-16.09704015460185,19.545637928077547,-17.82578289738441,17.680464526930688,-0.010127540097423362,0.01649679602603062
vanilla,foot_left_friction,0.0,foot_left_friction_0,30,295.52506210126984,189.58503581273422,199.99866350091295,170.65966527972245,203.08189198065605,179.3142102323703,0.07750762160515903,0.04721326805805979
vanilla,foot_left_friction,0.1,foot_left_friction_0p1,30,285.3035902295058,195.87561852968037,198.0594968590781,171.2492939533983,204.85105207582663,178.22770976727338,0.07440492231462821,0.048947460624423865
vanilla,foot_left_friction,0.2,foot_left_friction_0p2,30,275.13087265093674,183.09372323617788,189.38709688172506,157.15596882252075,188.08830313227725,161.23310540776941,0.07155723057970508,0.04637106297127927
vanilla,foot_left_friction,0.3,foot_left_friction_0p3,30,275.13087265093674,183.09372323617788,189.38709688172506,157.15596882252075,188.08830313227725,161.23310540776941,0.07155723057970508,0.04637106297127927
vanilla,foot_left_friction,0.4,foot_left_friction_0p4,30,218.39466067638853,173.57051461437607,174.0181806419368,167.8928584889167,175.1770032614175,165.80918031371297,0.05337119013310013,0.042406748903940056
vanilla,foot_left_friction,0.5,foot_left_friction_0p5,30,113.9173803850302,98.34204196736884,60.66677277537489,67.86757439664952,60.226286143983366,66.12175717998197,0.023898041973591706,0.025682994612965616
vanilla,foot_left_friction,0.6,foot_left_friction_0p6,30,39.7056603012849,66.47386900413537,23.78935858580652,35.08826097894266,12.815718970888236,41.46516161591988,0.00501587860283171,0.019494924188649843
vanilla,foot_left_friction,0.7,foot_left_friction_0p7,30,-5.087597061854554,66.52419955707614,10.588478033735745,32.20359106119621,-0.8834199702678915,41.60388449698584,-0.004943627589701279,0.01838182927553035
vanilla,foot_left_friction,0.8,foot_left_friction_0p8,30,-7.346501887381707,60.00337556540596,6.4054159876448695,25.78515662078414,-4.737519983246993,35.64804255406996,-0.005909800319323097,0.016579717378797692
vanilla,foot_left_friction,0.9,foot_left_friction_0p9,30,19.57808720133448,44.089776769758814,25.53400236526939,33.45740897917757,24.58886268628828,46.33905644038517,0.004585868817770581,0.011573455840607705
vanilla,foot_left_friction,1.0,foot_left_friction_1,30,0.0,0.0,0.0,0.0,0.0,0.0,0.0,0.0
vanilla,foot_left_friction,1.1,foot_left_friction_1p1,30,51.449907229680626,78.85449948766416,38.15718966047965,70.5245897192673,33.3959999396143,67.48260509980109,0.012338901669574241,0.021312126786329794
vanilla,foot_left_friction,1.3,foot_left_friction_1p3,30,284.1244560406427,178.6507821210873,229.71988115056072,203.85226389254373,243.9032329430773,199.02697938460807,0.07179610217148175,0.04569758096243486
vanilla,foot_left_friction,1.5,foot_left_friction_1p5,30,647.7822135311885,309.87822062749115,657.5345968677825,349.50826834528993,641.291695145376,335.62238219487364,0.17152489418603326,0.080717180190039
vanilla,foot_left_friction,1.7,foot_left_friction_1p7,30,1169.0559154981574,393.53246184143006,1147.0911981060324,434.6950065486343,1145.9768864961848,423.0698322796465,0.31309299676271696,0.10457419692479193
vanilla,foot_left_friction,2.0,foot_left_friction_2,30,2038.639433131429,464.23784181997286,2095.0110360005683,507.3035349340328,2085.1036207931143,498.02831728629974,0.5243642799788716,0.11488072687123028
vanilla,foot_left_mass,0.1,foot_left_mass_0p1,30,1609.108481146745,394.43911837786266,1562.901755824249,458.7907873286818,1574.3481467542574,446.82589415280256,0.4005719828372774,0.09604766772180508
vanilla,foot_left_mass,0.2,foot_left_mass_0p2,30,1182.0843580800013,339.7351630435041,999.5926375689909,411.39053467921934,1097.9585237601389,382.67169297894014,0.29625131521106873,0.08548245108927456
vanilla,foot_left_mass,0.3,foot_left_mass_0p3,30,664.4661701785836,310.05451128444093,592.735847808383,373.66342039547146,602.7407122216368,358.98591373538363,0.16633030915442742,0.08025529140649586
vanilla,foot_left_mass,0.4,foot_left_mass_0p4,30,467.73361894251155,268.1106876519756,357.00012149777217,289.197841548361,410.4452483635062,283.08410185543823,0.11627398927194538,0.07087451762978705
vanilla,foot_left_mass,0.5,foot_left_mass_0p5,30,284.3095816202945,232.9884219075567,203.71495284803166,258.3746126529594,223.16570017046712,251.30699053598715,0.07290594282690475,0.0629634149036435
vanilla,foot_left_mass,0.6,foot_left_mass_0p6,30,144.70401047660076,168.4272382709593,145.26219989135134,244.04453741222218,139.87185537725966,216.23329589463555,0.0434653181527357,0.04841607426781393
vanilla,foot_left_mass,0.7,foot_left_mass_0p7,30,42.62919636648125,121.6092125751895,69.12642818847831,173.06815920856278,65.89237847084195,148.63518485284598,0.018021430785278958,0.03650461077769438
vanilla,foot_left_mass,0.8,foot_left_mass_0p8,30,-15.072990299354858,67.16507678489512,2.5550463912541015,55.807732839131184,-0.5089052943674346,44.391193483888344,-0.0010597279164844054,0.01821331068919515
vanilla,foot_left_mass,0.9,foot_left_mass_0p9,30,34.84754588993014,49.08418586635651,9.823193915544008,35.409567855237356,23.10275666951908,47.555896304664564,0.013352724591495342,0.015544572654493717
vanilla,foot_left_mass,1.0,foot_left_mass_1,30,0.0,0.0,0.0,0.0,0.0,0.0,0.0,0.0
vanilla,foot_left_mass,1.1,foot_left_mass_1p1,30,6.904491900411301,47.26615828315403,9.563581645760886,14.517165886401326,9.032055903623249,20.862933276001712,-0.0007926041369383103,0.014095429821990461
vanilla,foot_left_mass,1.3,foot_left_mass_1p3,30,70.48984449236157,84.74778424253488,107.25213385645513,63.7719849238717,97.07131282719179,67.38801911870708,0.00920189594093056,0.0288206248051302
vanilla,foot_left_mass,1.5,foot_left_mass_1p5,30,143.6598493723494,106.62652809695052,172.29432932267335,94.56364237237969,167.97024081111178,88.56594567056244,0.035177173878373824,0.029361501062413697
vanilla,foot_left_mass,1.7,foot_left_mass_1p7,30,325.18032904735503,194.33897129355054,341.81573281093887,215.98798067603167,336.3421183849325,214.1370149243758,0.08161766883874559,0.0496878217454448
vanilla,foot_left_mass,2.0,foot_left_mass_2,30,470.7654382780427,237.22586754642202,468.681208515099,248.0163548087012,466.7184307492988,240.6958653363924,0.10582536739843516,0.07060724319208549
vanilla,leg_left_actuator_gain,0.0,leg_left_actuator_gain_0,30,3059.047601406495,351.4816036964713,3183.506961270524,354.57776222984495,3170.007761226226,354.2396531423124,0.7313767103127723,0.11582313010489455
vanilla,leg_left_actuator_gain,0.1,leg_left_actuator_gain_0p1,30,2449.419716199865,385.54841993424816,2576.6217826991565,437.632904097951,2537.4602673765357,426.92727837823224,0.6038867371603623,0.09749941175933056
vanilla,leg_left_actuator_gain,0.2,leg_left_actuator_gain_0p2,30,1464.8353509954684,347.82207578516164,1514.2611480328874,414.397370984842,1478.0299695845292,398.26628271031956,0.3644281517439552,0.09056731623080926
vanilla,leg_left_actuator_gain,0.3,leg_left_actuator_gain_0p3,30,723.7444069600313,270.84580460803716,640.2784990600219,321.39241862217386,654.0271419964047,310.61604563780696,0.1825145550898764,0.07074652579102254
vanilla,leg_left_actuator_gain,0.4,leg_left_actuator_gain_0p4,30,334.5503946932117,196.53407819275262,355.33038427093925,226.37774403197795,351.94026102671234,219.00485569605829,0.08153907746668133,0.05130477949536861
vanilla,leg_left_actuator_gain,0.5,leg_left_actuator_gain_0p5,30,156.9815634651704,178.0270722421096,216.03566133055136,215.26862326996553,209.22691812228024,214.33990190923305,0.03549585207500893,0.04906771719664344
vanilla,leg_left_actuator_gain,0.6,leg_left_actuator_gain_0p6,30,56.9917689700954,59.97371861997889,65.98536317328544,61.532215739686805,64.24698426462652,59.26366788208156,0.014435127412783888,0.015160716173897653
vanilla,leg_left_actuator_gain,0.7,leg_left_actuator_gain_0p7,30,-13.6306872858089,49.18698633310677,0.26399249289403315,21.011376349617823,17.703921398061695,22.161057247965243,-0.004217050501494503,0.012761605023243562
vanilla,leg_left_actuator_gain,0.8,leg_left_actuator_gain_0p8,30,-10.849509061748693,36.50692495594155,7.499042420706584,15.240240582817188,13.873080224609403,21.08117904481645,-0.0015016841057864272,0.009512185062834962
vanilla,leg_left_actuator_gain,0.9,leg_left_actuator_gain_0p9,30,-26.52819732388898,38.23095714893123,-3.624882227768588,19.24943046445515,-4.512155172851229,14.423051503718678,-0.005340165903422417,0.010599586233568086
vanilla,leg_left_actuator_gain,1.0,leg_left_actuator_gain_1,30,0.0,0.0,0.0,0.0,0.0,0.0,0.0,0.0
vanilla,leg_left_actuator_gain,1.1,leg_left_actuator_gain_1p1,30,15.957333073442609,75.78381673556304,34.19187420067477,87.1045880465409,24.252258521156534,67.68548685583106,0.0043584327070398795,0.020614099185209067
vanilla,leg_left_actuator_gain,1.3,leg_left_actuator_gain_1p3,30,59.09216466139274,89.45344988437333,57.67477607473549,71.83698238260553,55.32299969221319,74.10359835265372,0.012071496183048664,0.021994233915979364
vanilla,leg_left_actuator_gain,1.5,leg_left_actuator_gain_1p5,30,169.76509194069433,146.35216377619278,138.99748072452334,152.0019930032973,163.21883216092112,149.8367399856212,0.04026009583653816,0.03456574646162137
vanilla,leg_left_actuator_gain,1.7,leg_left_actuator_gain_1p7,30,183.87966809747388,152.68894394114434,196.60328701505512,174.05768649320345,211.14978603606087,169.5996480713045,0.04486428199967027,0.036924119773967506
vanilla,leg_left_actuator_gain,2.0,leg_left_actuator_gain_2,30,282.3506788879318,156.3947737471612,304.6050407690034,212.24297651969295,281.39994038266366,190.04735580584855,0.07423924171334313,0.03877166501684251
vanilla,leg_left_damping,0.0,leg_left_damping_0,30,-9.729479825723452,43.21292279140175,-1.0538190157752902,9.950661704135298,-11.568923175333188,24.75214965400648,-0.003157754439717389,0.011383587687761598
vanilla,leg_left_damping,0.1,leg_left_damping_0p1,30,-27.73622212274207,56.307826241978404,-5.833608597294423,9.2741875548987,-17.612829644756737,23.17139519512728,-0.00898913620458556,0.016122630761333655
vanilla,leg_left_damping,0.2,leg_left_damping_0p2,30,-21.517142352364,60.17667276862733,-10.440982128348704,21.104791873575866,-21.369336329977195,30.716664027416687,-0.008902286322856678,0.015794382938503163
vanilla,leg_left_damping,0.3,leg_left_damping_0p3,30,-6.655804120604216,45.19234741340817,-10.591280619748666,14.783526280555627,-21.515172690600494,28.60306296076599,-0.003493878709326195,0.011659317052526878
vanilla,leg_left_damping,0.4,leg_left_damping_0p4,30,-2.642790519894292,58.22939217788636,-3.7340083872520684,9.939615696145289,-13.133662354335467,20.51098322670528,-0.0012511124616099577,0.015664447155852704
vanilla,leg_left_damping,0.5,leg_left_damping_0p5,30,-7.643287205476429,52.75362012650089,-2.981202442854616,20.00823926365081,-14.352593648560825,31.901068447688015,-0.0024160436168924318,0.014240720989686
vanilla,leg_left_damping,0.6,leg_left_damping_0p6,30,18.51327696475063,51.89016575077113,-0.08429023422532585,8.71740166391134,-11.297503793026753,21.540309988314235,0.005503531604340235,0.014428228401024777
vanilla,leg_left_damping,0.7,leg_left_damping_0p7,30,-11.219204218929766,39.49963211664567,-3.995439021590547,14.055833998398306,-11.524884028231849,19.166710856489075,-0.0013877059166700295,0.01264164007862004
vanilla,leg_left_damping,0.8,leg_left_damping_0p8,30,-11.692158468062603,40.076344463836456,-1.7429694788905559,10.555358271394477,-11.195695592647008,22.078828895896876,-0.005075384684195177,0.01084492277467631
vanilla,leg_left_damping,0.9,leg_left_damping_0p9,30,-10.665335883904955,55.68203789336994,-5.555415141547458,8.666682396391968,-18.565134277558037,21.02308387045115,-0.004701999595842469,0.015632584901784673
vanilla,leg_left_damping,1.0,leg_left_damping_1,30,0.0,0.0,0.0,0.0,0.0,0.0,0.0,0.0
vanilla,leg_left_damping,1.1,leg_left_damping_1p1,30,-0.6046514191325401,27.27410105254449,3.5208202624719434,7.696496044194254,-4.625735884665725,18.48895087446264,-0.0003861679679476646,0.007064501108505561
vanilla,leg_left_damping,1.3,leg_left_damping_1p3,30,5.683404930973074,43.90693631920896,-3.024623602799905,5.38176884349256,-10.228346459596521,13.974253717741023,0.001169893356857775,0.012275316553864187
vanilla,leg_left_damping,1.5,leg_left_damping_1p5,30,11.670616307243176,53.93371080468818,-8.117290331895022,15.742711469589231,-11.687828671924121,28.419021034958902,0.0019315836079016487,0.014131490633941321
vanilla,leg_left_damping,1.7,leg_left_damping_1p7,30,-8.615330051404609,57.48557824184669,-2.2942306780155337,5.932265525595959,-14.079023656088994,19.905662257626517,-0.004045155543990127,0.015317007402683493
vanilla,leg_left_damping,2.0,leg_left_damping_2,30,-6.276823402225186,53.52025160231474,-0.5305350376001949,15.156694916635882,-13.112136859976097,21.857481402927725,-0.0030442328880100483,0.01452094348828986
vanilla,leg_left_mass,0.1,leg_left_mass_0p1,30,179.8095230708424,131.93688103469682,98.50707057246896,151.35593056687813,93.72374186640485,141.28007207371482,0.04842909629342854,0.035003872513230457
vanilla,leg_left_mass,0.2,leg_left_mass_0p2,30,161.0103375003741,133.73136957069497,18.473900520029567,88.53076704207236,77.35325844133753,124.46564656191849,0.043416821914967464,0.03375862376669096
vanilla,leg_left_mass,0.3,leg_left_mass_0p3,30,81.83967462064341,96.2057933306352,55.65292871131363,148.81927035475059,50.441768040120124,135.0480104241733,0.024914677772415388,0.028359925277016834
vanilla,leg_left_mass,0.4,leg_left_mass_0p4,30,41.57581883139658,82.30594105790445,45.40622681266085,137.76914717707083,36.29553630937139,126.4768919603177,0.015830320023087523,0.025728157038265493
vanilla,leg_left_mass,0.5,leg_left_mass_0p5,30,36.710407067122595,71.64134405260607,42.80963629423213,135.67322289339302,19.783648191893484,105.39513084496225,0.012351411862128379,0.021132939157077396
vanilla,leg_left_mass,0.6,leg_left_mass_0p6,30,41.58288159683857,102.86170296246438,50.396699910794865,146.0123596327678,53.52753148561363,139.03244073636827,0.010977294122980978,0.02932384935557142
vanilla,leg_left_mass,0.7,leg_left_mass_0p7,30,34.10270749841465,72.86921370480218,73.23216762826206,170.14911066387282,37.55778607146385,112.55987737831461,0.011666203740834347,0.022509263655342674
vanilla,leg_left_mass,0.8,leg_left_mass_0p8,30,-5.756252946559717,44.44302295992262,-18.071061012214987,17.21439510221438,-15.736252310819529,35.213257016377774,-0.001351045249261792,0.011740594292126387
vanilla,leg_left_mass,0.9,leg_left_mass_0p9,30,-18.54891718614434,38.454025613494856,-9.629168480195935,10.807494401380751,-15.6643826214021,22.53947206918274,-0.004139859011536094,0.010574012422795367
vanilla,leg_left_mass,1.0,leg_left_mass_1,30,0.0,0.0,0.0,0.0,0.0,0.0,0.0,0.0
vanilla,leg_left_mass,1.1,leg_left_mass_1p1,30,-13.665722396437229,42.89556245849035,4.6752284242301965,13.86117328866408,-8.668474013244273,22.904350128693878,-0.008030965909397319,0.014357741500491737
vanilla,leg_left_mass,1.3,leg_left_mass_1p3,30,-23.191070858436845,59.63289304929017,18.31131603586492,23.156687161977025,6.8987701945850555,32.280652302957705,-0.014625955964026905,0.0232130587643483
vanilla,leg_left_mass,1.5,leg_left_mass_1p5,30,-20.91169745355343,74.86086568826086,33.192042265336724,30.313756808996562,23.631273949144507,40.529966066839954,-0.013567353579409549,0.025262049560579525
vanilla,leg_left_mass,1.7,leg_left_mass_1p7,30,-3.92299056848193,81.03942162676617,53.30946080286743,43.39039805319092,40.859790097669475,51.55249733629918,-0.012188264607691351,0.029987355414930965
vanilla,leg_left_mass,2.0,leg_left_mass_2,30,69.34853205391263,105.83741064863067,82.53810367844214,59.60153373764742,79.97325291403021,71.02836257407267,0.005044800077873923,0.036207730229565804
vanilla,thigh_left_actuator_gain,0.0,thigh_left_actuator_gain_0,30,3394.2305023031786,286.2939346527122,3546.61170657706,291.43215203090375,3524.5526931084323,288.86913833735093,0.8395432013852384,0.056795017317338395
vanilla,thigh_left_actuator_gain,0.1,thigh_left_actuator_gain_0p1,30,3106.7509600037843,310.6249265398688,3359.866442230891,299.22853253271114,3312.583169551272,309.71151908560546,0.7667570771364538,0.0743526247194954
vanilla,thigh_left_actuator_gain,0.2,thigh_left_actuator_gain_0p2,30,2401.19292951755,370.63413265613184,2466.8459999954125,461.76896424007225,2516.140443823927,415.31338979449066,0.601474558034722,0.09485182328283917
vanilla,thigh_left_actuator_gain,0.3,thigh_left_actuator_gain_0p3,30,1846.9676078501832,367.9865017024058,1753.022818459271,481.2109336947958,1804.3281553155332,451.1467720132281,0.46880573302171685,0.09842784169682615
vanilla,thigh_left_actuator_gain,0.4,thigh_left_actuator_gain_0p4,30,1329.312528555544,327.1003269249936,1265.109610844321,447.46269697550895,1302.686723488034,413.24340284901507,0.338642732904248,0.08814510685875275
vanilla,thigh_left_actuator_gain,0.5,thigh_left_actuator_gain_0p5,30,746.4070541453971,258.0356228560912,688.3176082676634,353.3984721942908,689.1851719805961,328.0757281791235,0.19773958969275368,0.07384024549188574
vanilla,thigh_left_actuator_gain,0.6,thigh_left_actuator_gain_0p6,30,434.95881218046765,225.9976768468768,392.4488817922344,300.9273108814932,414.25688119766966,282.54395305649973,0.11322037377705335,0.06842919108329845
vanilla,thigh_left_actuator_gain,0.7,thigh_left_actuator_gain_0p7,30,270.2426451354152,178.11288905794103,216.339813195501,207.26786344432693,237.66062462135972,207.35946260239308,0.07132335055186399,0.05660942979321078
vanilla,thigh_left_actuator_gain,0.8,thigh_left_actuator_gain_0p8,30,162.60686322438778,150.92747074836353,145.77702182194304,209.31017531665475,137.50541127953628,189.87743153827535,0.04757364248131777,0.050839824425682655
vanilla,thigh_left_actuator_gain,0.9,thigh_left_actuator_gain_0p9,30,82.85746948663949,116.61405187514583,106.25677355890434,167.57431774899592,99.3494907594439,154.12212974582576,0.026959597034194607,0.03880975479896342
vanilla,thigh_left_actuator_gain,1.0,thigh_left_actuator_gain_1,30,0.0,0.0,0.0,0.0,0.0,0.0,0.0,0.0
vanilla,thigh_left_actuator_gain,1.1,thigh_left_actuator_gain_1p1,30,8.849234022451917,72.4711000876986,3.615201805786645,18.386394951803968,2.694825224642989,33.122608541779094,-0.002160017777192155,0.020326028351309335
vanilla,thigh_left_actuator_gain,1.3,thigh_left_actuator_gain_1p3,30,60.367829184435614,113.73829740808247,58.90970654316928,60.890867900751374,77.72535028551205,84.52272041095182,0.010451389393064522,0.029299610253673163
vanilla,thigh_left_actuator_gain,1.5,thigh_left_actuator_gain_1p5,30,163.52065914801798,161.502872984925,139.77962425927362,153.2892173091675,167.16231608256433,157.73028309141898,0.03886715161167166,0.040929981117085096
vanilla,thigh_left_actuator_gain,1.7,thigh_left_actuator_gain_1p7,30,195.68619822891668,155.88557025085194,187.94091296804783,168.66399035005392,203.6461357890411,164.4161354192697,0.0488479491831965,0.040301601479318945
vanilla,thigh_left_actuator_gain,2.0,thigh_left_actuator_gain_2,30,367.8189287067873,185.0093274716636,305.91054172424276,232.60002814992248,290.2951126078055,210.73959275099799,0.09492225497659086,0.04662703292082143
vanilla,thigh_left_damping,0.0,thigh_left_damping_0,30,-0.30001450685413905,19.45689057548428,4.354152285503903,12.592201445647786,16.1647655861559,16.773420714031907,0.0003960655805050741,0.005155757371292509
vanilla,thigh_left_damping,0.1,thigh_left_damping_0p1,30,-8.690298002002992,42.125215799893674,0.39609471019493486,11.9147342492493,12.408703851936306,24.48173944622895,-0.0007865026583022502,0.011095203908500542
vanilla,thigh_left_damping,0.2,thigh_left_damping_0p2,30,-3.851017719323492,33.42390025557109,-5.635822742413268,14.11638741664338,-10.108839180291177,18.135030609874196,-0.0026184907696856956,0.009386528191426702
vanilla,thigh_left_damping,0.3,thigh_left_damping_0p3,30,28.756430138606223,47.64018994765384,14.914246734017635,25.501027499809734,24.036445032923428,45.66674948965779,0.004746994261639133,0.013515442786998382
vanilla,thigh_left_damping,0.4,thigh_left_damping_0p4,30,25.33658411289075,28.60136609372536,5.189184900780564,6.287001555654147,13.038877310755417,18.797626941797514,0.006285541944620798,0.007739237784669467
vanilla,thigh_left_damping,0.5,thigh_left_damping_0p5,30,-16.937777997453868,29.185835833977787,-5.015227444817208,14.159899411287576,-5.234322552914678,11.59120728321332,-0.005378115544942987,0.008058964931267754
vanilla,thigh_left_damping,0.6,thigh_left_damping_0p6,30,10.14848621773433,30.16426634105279,4.4811292731052355,14.37116754099957,-0.5805781679489276,14.82846512095784,-0.002262152156279969,0.012553039073621135
vanilla,thigh_left_damping,0.7,thigh_left_damping_0p7,30,0.9391862345380863,26.28184120105623,3.569954143688388,8.594298549319326,5.136193213585849,16.176626428094625,-0.0005260436454604733,0.007001211800928231
vanilla,thigh_left_damping,0.8,thigh_left_damping_0p8,30,-11.509220096012076,46.637117595013926,-6.5766540300139615,12.954221640958307,-9.546224431824776,13.347331639216467,-0.005627168700842029,0.013622951569534837
vanilla,thigh_left_damping,0.9,thigh_left_damping_0p9,30,-12.546390143850642,34.460261622182465,-3.6433558558147334,10.481929454916038,-6.932071464970193,14.916872965782362,-0.005080509017129775,0.009616574808639134
vanilla,thigh_left_damping,1.0,thigh_left_damping_1,30,0.0,0.0,0.0,0.0,0.0,0.0,0.0,0.0
vanilla,thigh_left_damping,1.1,thigh_left_damping_1p1,30,-4.188877353015304,48.973079547763454,-3.7361816106337566,20.76218155434138,-11.071042541224779,21.929036534313155,-0.0011995355046975763,0.01279753588448392
vanilla,thigh_left_damping,1.3,thigh_left_damping_1p3,30,2.0338794119257386,26.175195193908884,1.4589829485237298,18.49208215234008,4.107487321525722,19.382527234726876,-0.0001893406410655093,0.007256643237436212
vanilla,thigh_left_damping,1.5,thigh_left_damping_1p5,30,3.19945790451136,38.40256471645193,-0.7827584552524437,18.132203793543134,0.7630681523660958,22.94734110531125,-0.002677827045310931,0.012934027129685855
vanilla,thigh_left_damping,1.7,thigh_left_damping_1p7,30,-9.864303968196642,50.38423059544404,-2.820508503915384,13.397611551206827,-8.115871126516076,16.37904012543229,-0.0027031092955585095,0.013015913659452339
vanilla,thigh_left_damping,2.0,thigh_left_damping_2,30,-8.126336854344807,50.74169345357994,-0.49300536138470835,15.88711663788037,-1.5524185035694624,20.528994377457618,-0.002242382469982774,0.013373218299209389
vanilla,thigh_left_mass,0.1,thigh_left_mass_0p1,30,417.42120149039215,137.00257278194533,397.0352239966492,184.40319504454078,389.7046929625971,150.7886476618913,0.10892372659945168,0.03259122882637167
vanilla,thigh_left_mass,0.2,thigh_left_mass_0p2,30,354.6493015439022,118.2949456203572,356.786838365728,147.47558452560733,351.41473389588595,128.93318869676446,0.09307803002110063,0.02803370765559112
vanilla,thigh_left_mass,0.3,thigh_left_mass_0p3,30,278.54894318408066,101.09960222456202,267.88380907167686,69.50782106144655,281.54521059649716,95.29268486535818,0.067037699217867,0.02301605924326932
vanilla,thigh_left_mass,0.4,thigh_left_mass_0p4,30,261.59807349429667,109.38058094813766,199.53078722509858,40.94044970823581,222.7173418074814,59.251983151322364,0.06720364289544856,0.025830589616670733
vanilla,thigh_left_mass,0.5,thigh_left_mass_0p5,30,275.1526772675243,135.52334530011953,251.67365704635765,142.38277292813362,292.5523931857923,147.95298994221466,0.07254510436790491,0.03678314476156671
vanilla,thigh_left_mass,0.6,thigh_left_mass_0p6,30,212.55252395438663,126.25848172748894,219.33174728068667,154.20517827058714,226.59833666110407,147.3201919817329,0.0556630758530334,0.03816980115274513
vanilla,thigh_left_mass,0.7,thigh_left_mass_0p7,30,168.00936224607437,142.195698220517,225.09548542664635,208.039858546151,206.242996895588,184.5131339194297,0.03962480732367985,0.047158733998295614
vanilla,thigh_left_mass,0.8,thigh_left_mass_0p8,30,62.66364761274555,85.92279608193417,108.6802269056596,137.92050566957596,97.1036092256324,113.29606784484265,0.018424888898109962,0.026154482835520965
vanilla,thigh_left_mass,0.9,thigh_left_mass_0p9,30,34.59966057157764,58.35389590485246,38.99750501151819,53.36944394703064,36.4330215292949,43.46931081041559,0.009106327420228183,0.01564305766976792
vanilla,thigh_left_mass,1.0,thigh_left_mass_1,30,0.0,0.0,0.0,0.0,0.0,0.0,0.0,0.0
vanilla,thigh_left_mass,1.1,thigh_left_mass_1p1,30,-40.70073052893114,51.142114992035474,-20.805662176287463,16.947531442901074,-24.582091745690086,27.398667870624003,-0.013894955258896573,0.016686275690691022
vanilla,thigh_left_mass,1.3,thigh_left_mass_1p3,30,-74.98052992042716,57.30026568204019,-63.150026582035316,30.762354560208294,-70.06525259451656,35.43323230329544,-0.02165705950981406,0.017809090520878527
vanilla,thigh_left_mass,1.5,thigh_left_mass_1p5,30,-61.14984369575858,113.47182757822442,-89.5908262776905,47.53990264174901,-67.44864071754401,67.47035366036755,-0.01781448632619898,0.03128468344843066
vanilla,thigh_left_mass,1.7,thigh_left_mass_1p7,30,30.328360358139587,179.6368656257007,20.024789264897073,194.74155525238302,11.822899857818705,183.69558565616043,0.007846065694268352,0.045481412160424416
vanilla,thigh_left_mass,2.0,thigh_left_mass_2,30,583.7675241246053,360.83918104618476,476.19855039977693,389.19232398606493,492.25978891648793,387.06177230641805,0.14411932999271668,0.08992066986958738
