model_label,axis,factor,scenario_label,n,drop_mean_return_mean,drop_mean_return_ci95,drop_median_return_mean,drop_median_return_ci95,drop_iqm_return_mean,drop_iqm_return_ci95,rel_drop_mean_return_mean,rel_drop_mean_return_ci95
klb0p5,foot_left_actuator_gain,0.0,foot_left_actuator_gain_0,5,61.25638372300955,117.50516632422783,51.58654486125408,98.41233803635437,58.506131524914096,101.5881709885208,0.13619050210553288,0.2782522852645642
klb0p5,foot_left_actuator_gain,0.1,foot_left_actuator_gain_0p1,5,52.738717617996244,96.4675303233788,31.390359791697147,72.5272447989571,31.465411405223357,84.40519720674831,0.11072779703165839,0.2043373701668745
klb0p5,foot_left_actuator_gain,0.2,foot_left_actuator_gain_0p2,5,72.30686127448269,117.40460743119074,72.01689867765859,107.72143189280766,73.04968847735468,104.97796430033063,0.1768657261625112,0.30706554741796876
klb0p5,foot_left_actuator_gain,0.3,foot_left_actuator_gain_0p3,5,83.9801278044637,111.9064525283187,65.0641324240834,108.20851473039023,69.82791688376574,104.73559628143248,0.2082301813513497,0.30338253386218345
klb0p5,foot_left_actuator_gain,0.4,foot_left_actuator_gain_0p4,5,75.84686269110674,108.41910186287214,55.70136481676533,107.8739279526581,58.21745551819134,106.31481477876359,0.18887607866483996,0.29272720903509447
klb0p5,foot_left_actuator_gain,0.5,foot_left_actuator_gain_0p5,5,59.12009114993746,95.98139967540249,49.653275641308134,79.19326173708527,49.854971064848385,82.9858148031507,0.1492137340801812,0.25699323459600554
klb0p5,foot_left_actuator_gain,0.6,foot_left_actuator_gain_0p6,5,41.55917066937201,93.67272918517725,39.80371001641889,80.26956535321735,33.73721549009364,83.31136728633102,0.09774664876708715,0.26496873055831494
klb0p5,foot_left_actuator_gain,0.7,foot_left_actuator_gain_0p7,5,21.362213298981413,80.67558481806049,28.295355730331153,77.39984762418557,22.535162905075747,75.61097905354522,0.04703763037114174,0.2382444107734693
klb0p5,foot_left_actuator_gain,0.8,foot_left_actuator_gain_0p8,5,-16.271249918350396,59.85760582773425,4.3491523068368165,69.13944743700098,1.3011132690499039,60.0865438316443,-0.05358949997050595,0.1757599684976848
klb0p5,foot_left_actuator_gain,0.9,foot_left_actuator_gain_0p9,5,2.6168402726606814,47.81689150293807,-9.178631194724028,36.647486192854394,-5.291762585445485,32.98480403064252,0.0012034803454492788,0.14754461015509981
klb0p5,foot_left_actuator_gain,1.0,foot_left_actuator_gain_1,5,0.0,0.0,0.0,0.0,0.0,0.0,0.0,0.0
klb0p5,foot_left_actuator_gain,1.1,foot_left_actuator_gain_1p1,5,17.513198073923412,38.45858817978284,30.895455845216542,35.81026694697419,29.865255789124564,24.702707945019007,0.05068080075086302,0.11476472347448907
klb0p5,foot_left_actuator_gain,1.3,foot_left_actuator_gain_1p3,5,-15.095298065494632,53.663813069733074,-15.527725426485295,52.531896196966805,-14.254391554854982,43.849628450633176,-0.03760154392454436,0.15691237156131943
klb0p5,foot_left_actuator_gain,1.5,foot_left_actuator_gain_1p5,5,-1.518016706495814,78.76161380917934,13.324893644275118,66.4771836056707,12.83339430718171,63.91384433554923,0.006590763221063678,0.23059255445786112
klb0p5,foot_left_actuator_gain,1.7,foot_left_actuator_gain_1p7,5,-17.09698135852286,81.37020126375664,-2.651621007530662,77.96888608300365,-19.841862015917588,80.8349687875732,-0.0436526287579563,0.23116567914056493
klb0p5,foot_left_actuator_gain,2.0,foot_left_actuator_gain_2,5,-9.251480518107911,89.1329104285222,14.755306407842692,86.41603829264962,12.630250117779543,85.7949418211647,-0.021312358792269726,0.26025092343558
klb0p5,foot_left_damping,0.0,foot_left_damping_0,5,17.753287404222988,41.99529083524585,19.66493103929024,35.81252888222981,22.283316033058533,31.592805586172734,0.04595270051782695,0.11084788562407723
klb0p5,foot_left_damping,0.1,foot_left_damping_0p1,5,18.671830691340894,36.849037027662774,27.082432807179043,41.212331277992,20.601023123987318,33.509422057633714,0.05489451197517048,0.10393187055979523
klb0p5,foot_left_damping,0.2,foot_left_damping_0p2,5,5.849203158151374,32.3090656075927,14.048848559048043,32.52329760517051,14.485677198403641,26.077921914763603,0.00974117107373118,0.0860774370418556
klb0p5,foot_left_damping,0.3,foot_left_damping_0p3,5,25.631568181422743,15.439568653870278,24.87814711784274,15.772815725040463,25.452890036877978,14.713737686122046,0.06965882833810927,0.04467282215949801
klb0p5,foot_left_damping,0.4,foot_left_damping_0p4,5,-0.8934569487265435,28.06918786443099,-2.989618746967392,18.797881768523485,-5.831309254262931,18.062197328444157,0.004145681983755489,0.0794624845706394
klb0p5,foot_left_damping,0.5,foot_left_damping_0p5,5,22.273454702564855,16.343266228470306,22.86065766172867,24.45892089475956,15.890089893316475,21.02386556153395,0.05652750947136685,0.03750553197089698
klb0p5,foot_left_damping,0.6,foot_left_damping_0p6,5,4.783178769852361,22.150334788832353,6.125118008996447,46.73350146902376,8.275528998520803,38.22806712734531,0.015285536761289137,0.06349183138405866
klb0p5,foot_left_damping,0.7,foot_left_damping_0p7,5,6.2166244261627295,58.11253677981675,13.490445810896109,49.690826874843225,4.319539766458297,54.71314788744988,0.03120510000634944,0.13961259170127438
klb0p5,foot_left_damping,0.8,foot_left_damping_0p8,5,28.667276034170516,22.543448721628096,38.19838197347443,44.89113765235363,31.998432804261256,27.57035365710798,0.08159212703969287,0.06750299902991098
klb0p5,foot_left_damping,0.9,foot_left_damping_0p9,5,5.172443665146375,45.88997201683547,15.85457813337582,67.96698787651985,14.091101887481988,54.58887302419752,0.022335032834635494,0.12635072680808748
klb0p5,foot_left_damping,1.0,foot_left_damping_1,5,0.0,0.0,0.0,0.0,0.0,0.0,0.0,0.0
klb0p5,foot_left_damping,1.1,foot_left_damping_1p1,5,13.69209140717113,28.76583962393064,25.717995220869625,34.24763533695989,13.57417125340512,29.894810360519664,0.04224142060851159,0.08234558371369485
klb0p5,foot_left_damping,1.3,foot_left_damping_1p3,5,-1.3160491559982233,50.36719407584991,18.614734619976684,46.80699731095598,7.705436515466237,45.831789389771096,0.008809090365250117,0.13265146529434235
klb0p5,foot_left_damping,1.5,foot_left_damping_1p5,5,5.266903015172363,24.41133298156506,11.89108951617261,17.147417513742795,12.180704736888298,13.708245430230768,0.016006454209264304,0.06946512395205755
klb0p5,foot_left_damping,1.7,foot_left_damping_1p7,5,29.420478561298694,28.36077645122087,35.44435411254434,41.5463205876716,31.906117637050944,35.746784060428425,0.0735941860180469,0.0708421651963305
klb0p5,foot_left_damping,2.0,foot_left_damping_2,5,-10.640821381611147,14.575981862276162,4.3923075150057915,36.43336222675456,4.807870948376762,26.870169087244378,-0.0262626845798097,0.034600082814697966
klb0p5,foot_left_friction,0.0,foot_left_friction_0,5,3.286052792645171,33.50546779290466,37.54708861596468,38.03191846625822,25.466095909482554,31.509283791275305,0.014760224270808748,0.09579986339294723
klb0p5,foot_left_friction,0.1,foot_left_friction_0p1,5,3.286052792645171,33.50546779290466,37.54708861596468,38.03191846625822,25.466095909482554,31.509283791275305,0.014760224270808748,0.09579986339294723
klb0p5,foot_left_friction,0.2,foot_left_friction_0p2,5,3.286052792645171,33.50546779290466,37.54708861596468,38.03191846625822,25.466095909482554,31.509283791275305,0.014760224270808748,0.09579986339294723
klb0p5,foot_left_friction,0.3,foot_left_friction_0p3,5,3.286052792645171,33.50546779290466,37.54708861596468,38.03191846625822,25.466095909482554,31.509283791275305,0.014760224270808748,0.09579986339294723
klb0p5,foot_left_friction,0.4,foot_left_friction_0p4,5,16.7274234783947,56.19912769740305,30.858679887708387,47.74447486656699,25.721370828087082,54.8489500424859,0.044222853211294405,0.1493170520174585
klb0p5,foot_left_friction,0.5,foot_left_friction_0p5,5,15.012325484742371,24.374626580634054,3.641390404669289,23.351421740962145,9.439791302147068,20.088498214060074,0.047023951068182926,0.06147479025463819
klb0p5,foot_left_friction,0.6,foot_left_friction_0p6,5,6.157262570906278,35.188578583353056,29.63541246687746,70.73581531486674,31.163789773094408,56.12196523803958,0.026053954733981644,0.0884397547388723
klb0p5,foot_left_friction,0.7,foot_left_friction_0p7,5,1.9358077117390509,28.384525840532742,30.764678186731715,21.142324277698936,22.203517484710993,20.158541108033692,0.005382841889704251,0.07933840129050047
klb0p5,foot_left_friction,0.8,foot_left_friction_0p8,5,24.204037053931415,36.32336160921516,32.63597556818522,38.99606747143389,26.100400215676792,37.2900003611797,0.07148020976238127,0.10272795381531313
klb0p5,foot_left_friction,0.9,foot_left_friction_0p9,5,4.239722814757068,26.577100261149322,18.22901625282036,16.447625213606674,13.217565660377522,11.568663941725335,0.014705345744233721,0.07529841453408323
klb0p5,foot_left_friction,1.0,foot_left_friction_1,5,0.0,0.0,0.0,0.0,0.0,0.0,0.0,0.0
klb0p5,foot_left_friction,1.1,foot_left_friction_1p1,5,10.427355907760056,29.997243729177516,7.320025782159678,44.612478865805784,1.229133718028129,48.41096903752142,0.034303925391079536,0.08153106198662184
klb0p5,foot_left_friction,1.3,foot_left_friction_1p3,5,16.467053094040203,39.57752985796746,16.676950577346496,25.85666266078499,13.84149265237279,27.117978226858497,0.05473984606851934,0.09891096395068874
klb0p5,foot_left_friction,1.5,foot_left_friction_1p5,5,18.964324870728227,33.862020048236054,26.20742118151194,24.42842608759892,22.22854991120092,22.64798428992126,0.05264694464383085,0.09767967045770616
klb0p5,foot_left_friction,1.7,foot_left_friction_1p7,5,41.94522527857613,38.695460281120425,25.583101799776546,38.613629423257905,25.122803189657485,35.3970834230849,0.10963922571359919,0.1049631649113283
klb0p5,foot_left_friction,2.0,foot_left_friction_2,5,28.937088900659933,37.17151026190672,31.060949648186657,43.254480112648004,30.99160177032295,39.127021522146,0.07336598559718029,0.08830149104791032
klb0p5,leg_left_actuator_gain,0.0,leg_left_actuator_gain_0,5,98.34342745276273,146.7684958397236,128.0873248119713,140.61761266573092,116.99995331531386,142.57327134854535,0.22977740115530185,0.3411154537655238
klb0p5,leg_left_actuator_gain,0.1,leg_left_actuator_gain_0p1,5,13.35030027923799,100.75059062704996,66.42031159825218,85.36473297752109,55.4026492344856,84.50849791577816,0.007262623892562103,0.26053357150663564
klb0p5,leg_left_actuator_gain,0.2,leg_left_actuator_gain_0p2,5,-72.79949011063802,120.50250817346412,-45.93198484099749,88.86969860204297,-57.677112386929515,99.28867980744343,-0.22317712099645887,0.38383588074834724
klb0p5,leg_left_actuator_gain,0.3,leg_left_actuator_gain_0p3,5,-35.55491226967841,109.22667995868915,-28.190650624867224,83.73674811211295,-26.65091417142245,86.6671676541298,-0.12703237590002475,0.33794670161646695
klb0p5,leg_left_actuator_gain,0.4,leg_left_actuator_gain_0p4,5,-90.17622869056925,190.58405427194452,-91.45705927468974,249.72109385326223,-90.02481723714654,222.26550700255464,-0.2851122326893293,0.6070854359346871
klb0p5,leg_left_actuator_gain,0.5,leg_left_actuator_gain_0p5,5,-102.32786993784738,201.2827529133321,-148.54450632529495,306.40127127602796,-103.10713800090573,226.95336855490413,-0.322782979230596,0.6385410105436151
klb0p5,leg_left_actuator_gain,0.6,leg_left_actuator_gain_0p6,5,-22.081402508538638,132.90445751622676,5.482379721293296,115.96081308690361,-0.6267792293799062,109.70198649719104,-0.07419465997913915,0.4152168692058894
klb0p5,leg_left_actuator_gain,0.7,leg_left_actuator_gain_0p7,5,16.23907050737817,71.91954769327357,10.238284051866623,80.03884642943201,10.235676603785663,70.79579773560855,0.03758658953333905,0.22124940600202955
klb0p5,leg_left_actuator_gain,0.8,leg_left_actuator_gain_0p8,5,9.198274712637442,22.12168899501657,17.23671580703541,36.33119695137382,11.042469396111414,29.033241836132397,0.021498564336318658,0.06349055293966793
klb0p5,leg_left_actuator_gain,0.9,leg_left_actuator_gain_0p9,5,20.509622057803245,44.319639956519254,8.036725804295589,52.11050170467856,8.971684693975135,45.301301323318675,0.04391477957255081,0.1029138027381508
klb0p5,leg_left_actuator_gain,1.0,leg_left_actuator_gain_1,5,0.0,0.0,0.0,0.0,0.0,0.0,0.0,0.0
klb0p5,leg_left_actuator_gain,1.1,leg_left_actuator_gain_1p1,5,12.237139859817137,55.33134422815027,35.99681680101113,47.76588743253277,27.698687951903747,40.62254775828876,0.04314977354519159,0.16278627327796835
klb0p5,leg_left_actuator_gain,1.3,leg_left_actuator_gain_1p3,5,13.025848968240552,57.56095307313488,9.419541318241068,72.39073819013376,17.76981560174151,57.66218596457104,0.042967812384169204,0.1714354338966733
klb0p5,leg_left_actuator_gain,1.5,leg_left_actuator_gain_1p5,5,38.475857079385506,44.805993179270324,38.96596592800493,56.676416015481806,33.61285286525016,46.09744777289888,0.09798027384211956,0.11800229600194319
klb0p5,leg_left_actuator_gain,1.7,leg_left_actuator_gain_1p7,5,51.46624302855206,68.35101630102668,73.72903721474762,73.4223453617956,62.80251155247511,68.82879629539089,0.1485905300888664,0.20403413026858122
klb0p5,leg_left_actuator_gain,2.0,leg_left_actuator_gain_2,5,50.44528171514433,82.22945193991707,67.81489503354598,68.42294590222963,65.5652064765953,63.74776299978192,0.14888313484068583,0.24230079615515343
klb0p5,leg_left_damping,0.0,leg_left_damping_0,5,30.13828929919803,24.34295787977993,27.352031770610324,22.595552984615345,25.110222017040904,27.335623417667282,0.07754602916725475,0.06470516753719999
klb0p5,leg_left_damping,0.1,leg_left_damping_0p1,5,6.302098908601613,13.556854256881657,9.74978262403788,14.418216047211978,7.569410678535894,13.728436963249207,0.01507804558085433,0.032179158417602674
klb0p5,leg_left_damping,0.2,leg_left_damping_0p2,5,17.355851756815593,30.046328880865726,9.705588623313952,41.250264581769876,9.966019065977093,23.31800296100987,0.05026231833152985,0.08463389755000741
klb0p5,leg_left_damping,0.3,leg_left_damping_0p3,5,21.169957979238895,31.432418288612755,18.364073743722976,28.299664474821565,16.92969416675036,28.48117557478442,0.05252131395006854,0.08104744697959926
klb0p5,leg_left_damping,0.4,leg_left_damping_0p4,5,20.837226803848136,32.381794050508105,26.39397337317434,24.983780706745833,27.34869731296748,27.94475443298964,0.05095068356387441,0.08031083732048717
klb0p5,leg_left_damping,0.5,leg_left_damping_0p5,5,16.000413242492662,49.93275027967121,17.235794159647035,48.17505307030404,8.559749837837535,41.7111662726561,0.04295938036206802,0.14131335532308714
klb0p5,leg_left_damping,0.6,leg_left_damping_0p6,5,29.081037499044648,42.858671269654465,40.438533866300745,32.665822674271745,31.322997690476825,35.971363320619396,0.0744474188111223,0.11392349361225867
klb0p5,leg_left_damping,0.7,leg_left_damping_0p7,5,-14.337955583684527,38.21379432743926,-0.631732461264835,59.78155573108077,-3.3870985436811454,45.38204194072303,-0.030023941025023388,0.10349077770915595
klb0p5,leg_left_damping,0.8,leg_left_damping_0p8,5,24.707207459521896,13.840167346773566,21.44929058881138,16.583056802089665,20.414056437666193,10.190726936870186,0.06637465671433426,0.036464682676429466
klb0p5,leg_left_damping,0.9,leg_left_damping_0p9,5,30.36999332839779,18.093342731157662,40.53437054428356,37.80602858208214,34.053463495659685,26.32549090183868,0.08118521590209163,0.051360664976448776
klb0p5,leg_left_damping,1.0,leg_left_damping_1,5,0.0,0.0,0.0,0.0,0.0,0.0,0.0,0.0
klb0p5,leg_left_damping,1.1,leg_left_damping_1p1,5,31.578309285866215,44.22085104657354,23.04743338357945,40.185160563718505,30.91003777675045,43.82771301744742,0.07349601007253785,0.095583801031847
klb0p5,leg_left_damping,1.3,leg_left_damping_1p3,5,27.788383222099412,29.181349329731813,34.43629438934521,24.160349162398674,27.160495858096635,18.571049070274267,0.07409409138101578,0.0800857983748678
klb0p5,leg_left_damping,1.5,leg_left_damping_1p5,5,16.036861407584162,37.60124160444167,10.712095087964201,30.884699872461354,11.368260864799742,35.24649090273695,0.033630884177704726,0.09088065486744111
klb0p5,leg_left_damping,1.7,leg_left_damping_1p7,5,2.714054924147399,34.5529926629298,-7.060356492416747,46.07691719923117,-6.308818643831875,30.431288714803625,0.013819934367961478,0.089396335053796
klb0p5,leg_left_damping,2.0,leg_left_damping_2,5,-14.640691940253657,34.60204859574536,7.797531393933537,10.386815917042492,-3.3502049524065685,18.885426797597322,-0.02882431879422289,0.0834467781615656
klb0p5,thigh_left_actuator_gain,0.0,thigh_left_actuator_gain_0,5,70.85693730323702,35.88822093117492,83.9935760846517,42.4922093833679,71.17141707136246,32.628708861922576,0.1952734906879088,0.10128875435355986
klb0p5,thigh_left_actuator_gain,0.1,thigh_left_actuator_gain_0p1,5,71.03477074873881,92.19716818154392,75.05281783912187,111.24556110435682,75.38843209110613,105.82430676742025,0.19723577475484344,0.28288598472355136
klb0p5,thigh_left_actuator_gain,0.2,thigh_left_actuator_gain_0p2,5,33.227262445418944,92.83798889768634,33.49685979526125,101.05617188094301,40.65152365359918,88.85717126343626,0.09300746798546769,0.2748237272447882
klb0p5,thigh_left_actuator_gain,0.3,thigh_left_actuator_gain_0p3,5,28.790907738977445,65.67970560861599,34.51091136241932,55.03708337242534,24.248160303272794,51.305857426033285,0.08713120425676688,0.1898329970549852
klb0p5,thigh_left_actuator_gain,0.4,thigh_left_actuator_gain_0p4,5,5.994112063741449,56.24885426597839,3.277714204204989,55.049655449998,-2.4858918686432387,54.71632397540641,0.024744132299499323,0.1581616671758552
klb0p5,thigh_left_actuator_gain,0.5,thigh_left_actuator_gain_0p5,5,-7.565758243970924,54.924033759716075,2.506486312402859,53.45019655753557,4.51260018206828,48.811603464343854,-0.011665844392872072,0.1560358815065
klb0p5,thigh_left_actuator_gain,0.6,thigh_left_actuator_gain_0p6,5,-39.566482679656716,101.31779771222699,8.786911003788669,100.42280407973733,0.535584161283191,92.11828859707701,-0.12894813105085975,0.31871131365803157
klb0p5,thigh_left_actuator_gain,0.7,thigh_left_actuator_gain_0p7,5,-9.217521939632707,43.27855721442757,15.930436089692023,67.95411852662443,10.13399236586165,57.536973105069535,-0.028395122212343672,0.13484186456542613
klb0p5,thigh_left_actuator_gain,0.8,thigh_left_actuator_gain_0p8,5,11.523301438438626,64.01410925899663,46.49741053284909,69.48021229755581,37.60551498771178,59.11453390597129,0.023064002585957383,0.1624042249036966
klb0p5,thigh_left_actuator_gain,0.9,thigh_left_actuator_gain_0p9,5,18.451594616104945,67.02547034115314,14.435409019171647,67.87942214168275,15.125245042409324,64.8068050819728,0.037836115694536626,0.1996641144275744
klb0p5,thigh_left_actuator_gain,1.0,thigh_left_actuator_gain_1,5,0.0,0.0,0.0,0.0,0.0,0.0,0.0,0.0
klb0p5,thigh_left_actuator_gain,1.1,thigh_left_actuator_gain_1p1,5,28.632978568412984,40.645852543247905,26.890332807851593,37.16964831697489,26.525880419292736,29.746146497101552,0.08516360797488234,0.1160552788295293
klb0p5,thigh_left_actuator_gain,1.3,thigh_left_actuator_gain_1p3,5,-9.958072893719963,83.35708843938369,15.943100792566185,58.382343579095384,6.451365734954839,60.228662313605106,-0.03009989515569674,0.23174708596593083
klb0p5,thigh_left_actuator_gain,1.5,thigh_left_actuator_gain_1p5,5,17.161857329707402,69.91474485424767,29.8701346833245,35.74200662485517,23.04204483245083,46.824446996175176,0.0349917078725262,0.21216997933745832
klb0p5,thigh_left_actuator_gain,1.7,thigh_left_actuator_gain_1p7,5,4.478421771535215,52.813521239389814,36.54708503783647,49.23359204828541,26.10123306657951,44.73918750623338,0.011668111023903954,0.1619997556518155
klb0p5,thigh_left_actuator_gain,2.0,thigh_left_actuator_gain_2,5,9.84488876226635,42.49896699316274,19.658610067275823,36.974761585897376,14.674182347593648,38.3170058267309,0.02121585910777607,0.12105734376612359
klb0p5,thigh_left_damping,0.0,thigh_left_damping_0,5,26.53924855108478,20.971275905843132,0.5159868735487066,16.048210750188304,13.194888304699555,18.51374678876008,0.07440793549361895,0.05864713813662068
klb0p5,thigh_left_damping,0.1,thigh_left_damping_0p1,5,25.181468651521538,17.91263869763787,27.805880555039302,22.181305739622868,22.21264521683679,19.78298026973199,0.07242377611366149,0.053919123349303315
klb0p5,thigh_left_damping,0.2,thigh_left_damping_0p2,5,37.102026150971334,41.67068209690144,50.742704193860575,50.00746406751653,49.228741329778856,44.95393127198284,0.0993150564269494,0.11244758378987577
klb0p5,thigh_left_damping,0.3,thigh_left_damping_0p3,5,16.741409444579812,28.219190139442528,25.67047269112287,37.8966434517221,18.83555788189701,40.92699634947806,0.05103710038396636,0.07916642942589928
klb0p5,thigh_left_damping,0.4,thigh_left_damping_0p4,5,18.587888445677105,33.96617334048462,18.356935589830925,44.400256194445724,25.029693783564095,38.12393795719691,0.049531383687003515,0.09623591449647612
klb0p5,thigh_left_damping,0.5,thigh_left_damping_0p5,5,10.85922583619514,25.982911943797482,9.572043654501602,26.50457843673114,8.841521666956396,16.95313506542178,0.03106093140338471,0.07607068620673277
klb0p5,thigh_left_damping,0.6,thigh_left_damping_0p6,5,14.836474660994407,21.202743204680687,-0.44784560203095225,29.02387572920766,4.5881243136918215,18.833440088994944,0.04410240057452895,0.05878065039870293
klb0p5,thigh_left_damping,0.7,thigh_left_damping_0p7,5,27.155091054920298,36.33783571742206,46.576362823672284,54.669066542531084,41.49314150120245,45.179253678416615,0.07501592546435391,0.10311875993563403
klb0p5,thigh_left_damping,0.8,thigh_left_damping_0p8,5,-10.24143870951067,31.39712582106786,-2.351042320418878,31.723524679284264,-3.350250522143051,19.91072561261099,-0.021690455241070272,0.08682215584930258
klb0p5,thigh_left_damping,0.9,thigh_left_damping_0p9,5,13.568768804526178,45.0261550301814,24.28734891703933,37.95946851319612,11.846455331932077,35.48388559766159,0.04657478290867491,0.11383752535799942
klb0p5,thigh_left_damping,1.0,thigh_left_damping_1,5,0.0,0.0,0.0,0.0,0.0,0.0,0.0,0.0
klb0p5,thigh_left_damping,1.1,thigh_left_damping_1p1,5,-20.156683972117456,31.941125564135803,-22.078817557708838,38.08926574400067,-26.667227642914657,26.96299697814952,-0.05010471500580338,0.08625793243611705
klb0p5,thigh_left_damping,1.3,thigh_left_damping_1p3,5,27.328823647706166,25.962503946670576,16.38158069683725,23.837044063332357,20.153272387281856,20.482447975272713,0.0722480613510283,0.07665011715124918
klb0p5,thigh_left_damping,1.5,thigh_left_damping_1p5,5,23.784807651168045,21.204692577158955,25.648172914675275,11.144179675519345,24.899130929725562,11.525585780531621,0.06949574738287563,0.06318836404195317
klb0p5,thigh_left_damping,1.7,thigh_left_damping_1p7,5,25.628297663899662,22.93315057011486,40.73829885738879,46.87386013173442,29.52440937794688,32.11553655081366,0.06679625462104669,0.060854268407836636
klb0p5,thigh_left_damping,2.0,thigh_left_damping_2,5,10.873845900518063,26.644882952251113,11.407061392493905,22.87995514628891,12.802226901227186,22.590102879569113,0.03319871371859276,0.07968729731085819
klb1,foot_left_actuator_gain,0.0,foot_left_actuator_gain_0,5,203.82684036964207,186.140419893256,189.14424582600194,181.3979602227628,227.16299308316417,195.09272530392866,0.272073240344555,0.5196217535069653
klb1,foot_left_actuator_gain,0.1,foot_left_actuator_gain_0p1,5,45.93038713409116,147.004478059182,-34.00748904442373,339.6653405210945,31.70397710813561,216.99274226026284,0.09691940182109807,0.2869339362197106
klb1,foot_left_actuator_gain,0.2,foot_left_actuator_gain_0p2,5,71.21453808525044,103.64032044382301,26.591114880296846,225.40387041142588,80.60469866943704,136.19001796764564,0.17302336499222984,0.1993408778020233
klb1,foot_left_actuator_gain,0.3,foot_left_actuator_gain_0p3,5,114.23040465124242,85.45287268112008,129.72466908878246,110.19030487701403,167.02238757168075,142.89075185833173,0.23885995604655902,0.14873205733917433
klb1,foot_left_actuator_gain,0.4,foot_left_actuator_gain_0p4,5,74.81894472647866,71.99545778685761,88.82569956994026,100.67289207857647,98.44983958059784,94.43457081100915,0.16052905927222536,0.14164621688076293
klb1,foot_left_actuator_gain,0.5,foot_left_actuator_gain_0p5,5,86.10500006903199,64.44471310430964,93.72678390582345,76.51351664008523,135.80291251226154,124.49504969764384,0.16986598046776108,0.1170498990868507
klb1,foot_left_actuator_gain,0.6,foot_left_actuator_gain_0p6,5,17.519257681701077,47.62668517534005,-14.833905910795796,151.42524362785446,26.338270504714313,73.31346018489265,0.04156815351088984,0.10513158567082555
klb1,foot_left_actuator_gain,0.7,foot_left_actuator_gain_0p7,5,35.77883007030282,58.084177125970456,34.200576804052055,28.189447599519283,73.80250014892684,89.69394264145262,0.06233601089238912,0.10877717727017748
klb1,foot_left_actuator_gain,0.8,foot_left_actuator_gain_0p8,5,-38.74776591937786,60.93508951687332,-118.60282802242743,243.37404104668383,-42.175084727705055,89.10114292230027,-0.06888864327238015,0.11437830883597738
klb1,foot_left_actuator_gain,0.9,foot_left_actuator_gain_0p9,5,-47.88956594957664,82.9558627110416,-114.49203791246381,250.40101950195975,-68.2751793462215,150.396777630753,-0.08373122401773186,0.14255292570375472
klb1,foot_left_actuator_gain,1.0,foot_left_actuator_gain_1,5,0.0,0.0,0.0,0.0,0.0,0.0,0.0,0.0
klb1,foot_left_actuator_gain,1.1,foot_left_actuator_gain_1p1,5,-9.53888245510662,30.64814325231757,13.77829435139426,37.921726122028076,14.597246221930272,29.392521678705965,-0.02311279090788942,0.06016093370940341
klb1,foot_left_actuator_gain,1.3,foot_left_actuator_gain_1p3,5,-23.564603662122476,105.25741298174107,41.86824623622094,177.0011417112274,28.178580788746682,132.02119391271654,-0.07032624126216896,0.23367819023414446
klb1,foot_left_actuator_gain,1.5,foot_left_actuator_gain_1p5,5,-202.6854610462653,433.71016743140905,-185.25798549070706,439.2680496380012,-156.46359746305157,454.81005079961284,-0.49324274825499426,1.0204510500134532
klb1,foot_left_actuator_gain,1.7,foot_left_actuator_gain_1p7,5,3.0911935985319645,47.08172289307846,58.39898476245996,183.72072050244185,46.472223078552,130.6077385701866,0.002681706710489015,0.08697628132924876
klb1,foot_left_actuator_gain,2.0,foot_left_actuator_gain_2,5,39.731434638341625,77.2765346867667,96.2612933157863,177.15224342495398,92.297542177331,174.9764014706459,0.06679477418910673,0.15527743106447317
klb1,foot_left_damping,0.0,foot_left_damping_0,5,-5.825524621678068,23.817621560128842,-62.071488545810936,131.14955511336385,-16.854704068768502,41.2319002706224,-0.011326578291199886,0.04222351844179106
klb1,foot_left_damping,0.1,foot_left_damping_0p1,5,29.272473415171184,38.87863566730442,15.484918299717794,20.497053460551392,53.53381138995745,77.4782226842159,0.05083678934642376,0.0674258999905098
klb1,foot_left_damping,0.2,foot_left_damping_0p2,5,7.161275389728115,13.395556880330252,9.050768537106029,18.76277503496477,13.82154910024666,25.80312389876236,0.011617089549884416,0.024079878516630668
klb1,foot_left_damping,0.3,foot_left_damping_0p3,5,30.337580225526228,49.77309868950769,17.157915153749013,15.41291304308572,54.93224914943033,94.55916012748159,0.0520935031705434,0.08593658015132985
klb1,foot_left_damping,0.4,foot_left_damping_0p4,5,29.032631670100244,46.09242981173817,17.117540545417967,16.32177982315277,52.00463715767258,84.37055994521113,0.050181766362430116,0.07943721148263035
klb1,foot_left_damping,0.5,foot_left_damping_0p5,5,9.333376935690955,23.87634330167333,5.417364987895962,22.528753957265554,18.87484011727558,48.20051909826588,0.014763891690274275,0.042502034144082615
klb1,foot_left_damping,0.6,foot_left_damping_0p6,5,4.553143231690245,9.435457267896169,0.8626286748790448,21.16296779974228,5.67397186423608,12.747093704990155,0.008290025767010586,0.017526818186495673
klb1,foot_left_damping,0.7,foot_left_damping_0p7,5,36.64990031926251,62.47344692033397,24.534348220073944,36.141385391411085,65.53772228556599,117.80302391546742,0.06321160142358888,0.10759766312844413
klb1,foot_left_damping,0.8,foot_left_damping_0p8,5,21.627246991667626,77.87661581806974,20.494729182465186,43.14428837451455,63.352008415250964,129.223270529056,0.03399118568779,0.13770097518218227
klb1,foot_left_damping,0.9,foot_left_damping_0p9,5,36.70792835334309,63.0075091086849,22.077987012643668,43.633638263599565,62.83877078944797,124.7088049110972,0.06335237974030557,0.1084436622971924
klb1,foot_left_damping,1.0,foot_left_damping_1,5,0.0,0.0,0.0,0.0,0.0,0.0,0.0,0.0
klb1,foot_left_damping,1.1,foot_left_damping_1p1,5,6.238608989935898,10.301202595815784,1.9038421543439825,8.013328474763906,5.984800755640157,13.842457428647856,0.011326972770347589,0.019670301371390034
klb1,foot_left_damping,1.3,foot_left_damping_1p3,5,33.58776105953119,46.11602062683665,21.51984507874934,25.35913537521192,53.721134274946415,78.87567519094229,0.05903367355548376,0.07984976405642981
klb1,foot_left_damping,1.5,foot_left_damping_1p5,5,19.605435004142482,21.209296841207077,20.60631339033075,20.8558507043581,35.73402471029768,41.995781154217994,0.03435969326744441,0.03829811967945892
klb1,foot_left_damping,1.7,foot_left_damping_1p7,5,0.4110707720881123,10.360534041992988,-0.5607998537070387,10.409275356499212,3.9343830637666257,8.180042222652887,-0.00011749113646366982,0.018989534268422193
klb1,foot_left_damping,2.0,foot_left_damping_2,5,7.817825510398921,7.7595300510246945,11.83425086508625,11.191832136930637,16.38416810191947,25.533796457714917,0.014406580768684498,0.013675015156586883
klb1,foot_left_friction,0.0,foot_left_friction_0,5,11.366872277102164,114.99523356829668,-10.597604063147367,92.98724760080032,17.173421958400468,108.70937329547931,0.04069376962344815,0.23871796467292256
klb1,foot_left_friction,0.1,foot_left_friction_0p1,5,11.366872277102164,114.99523356829668,-10.597604063147367,92.98724760080032,17.173421958400468,108.70937329547931,0.04069376962344815,0.23871796467292256
klb1,foot_left_friction,0.2,foot_left_friction_0p2,5,11.366872277102164,114.99523356829668,-10.597604063147367,92.98724760080032,17.173421958400468,108.70937329547931,0.04069376962344815,0.23871796467292256
klb1,foot_left_friction,0.3,foot_left_friction_0p3,5,11.366872277102164,114.99523356829668,-10.597604063147367,92.98724760080032,17.173421958400468,108.70937329547931,0.04069376962344815,0.23871796467292256
klb1,foot_left_friction,0.4,foot_left_friction_0p4,5,-43.58451127177602,114.08872512009349,-32.587671334467885,99.02372399203537,-39.64183764722075,104.90043911931522,-0.06668612025680873,0.24732804440584794
klb1,foot_left_friction,0.5,foot_left_friction_0p5,5,-77.46028419930346,172.17373616876165,-73.82026918656354,146.86816785882095,-60.00008256508422,128.05816044920067,-0.13308010378474172,0.3647074240990424
klb1,foot_left_friction,0.6,foot_left_friction_0p6,5,-196.7516662698823,352.54847630999075,-337.0435670375486,475.2044131377155,-241.21955873762982,386.3286514532814,-0.37306246579908775,0.7285158293360028
klb1,foot_left_friction,0.7,foot_left_friction_0p7,5,-178.55868958754263,417.9828643774802,-196.66329211449087,453.07547068035683,-179.63668942241767,449.3788762665776,-0.3407157761752787,0.8546988549188275
klb1,foot_left_friction,0.8,foot_left_friction_0p8,5,-129.5514784212897,301.56418365177274,-153.95716005083307,312.18808316478675,-141.1547805605508,335.72243455975394,-0.25241804395030126,0.613572382859778
klb1,foot_left_friction,0.9,foot_left_friction_0p9,5,-46.062520499891356,66.90142344666553,-32.03350606405441,48.3407039991592,-41.85212753629494,57.853571101486885,-0.08923430060506513,0.13781641854078017
klb1,foot_left_friction,1.0,foot_left_friction_1,5,0.0,0.0,0.0,0.0,0.0,0.0,0.0,0.0
klb1,foot_left_friction,1.1,foot_left_friction_1p1,5,-2.225245685492098,22.18413068336299,2.055140343055507,33.68094658311897,-6.922253875973388,46.53704046721194,-0.010886872560911781,0.04572709635355257
klb1,foot_left_friction,1.3,foot_left_friction_1p3,5,45.60003755196543,60.90114475612116,33.016234051723835,60.32328158495353,60.74023889789794,71.95424242200896,0.06459011509714392,0.1462741325544453
klb1,foot_left_friction,1.5,foot_left_friction_1p5,5,33.483176389685624,51.43522620950093,33.57674230060731,49.91042862235388,50.837259609992145,67.86837972641207,0.028962987906099996,0.15547977502949792
klb1,foot_left_friction,1.7,foot_left_friction_1p7,5,47.092402430775834,57.28496831422935,28.48960044666727,50.14393890400431,57.78361130198482,69.18506151249336,0.06004986182135121,0.16251990091768903
klb1,foot_left_friction,2.0,foot_left_friction_2,5,89.60486836956068,71.77134425843101,73.22496878294294,81.30090609150953,96.9768998387148,85.38922298557878,0.1549228175033887,0.18770780709574142
klb1,leg_left_actuator_gain,0.0,leg_left_actuator_gain_0,5,152.07001504012027,215.61903186224788,129.4515169460214,199.2052156350989,153.6583948529244,195.59269312531453,0.41953448834243146,0.4942710899524991
klb1,leg_left_actuator_gain,0.1,leg_left_actuator_gain_0p1,5,14.562790052828063,86.89875366680221,17.873588861481334,63.713165562559766,41.670658949438916,81.29544758694541,0.1283553076501821,0.34123630984881276
klb1,leg_left_actuator_gain,0.2,leg_left_actuator_gain_0p2,5,-104.51629797491789,108.72880533302636,-83.28125633494938,71.60236208247649,-72.85206159186079,78.81570279020464,-0.46098283465015594,0.6539460503955828
klb1,leg_left_actuator_gain,0.3,leg_left_actuator_gain_0p3,5,-88.42501095276143,84.56114909137932,-70.677595597062,35.91458979932934,-61.948298375727155,43.87675063622782,-0.27967161330830737,0.26641214014614195
klb1,leg_left_actuator_gain,0.4,leg_left_actuator_gain_0p4,5,-211.60489704717492,173.41206181250328,-200.76941233476995,127.0403088304713,-190.9779467615236,118.49075673008659,-0.5209709242393095,0.33960614755949114
klb1,leg_left_actuator_gain,0.5,leg_left_actuator_gain_0p5,5,-201.1937872855066,174.14756084529176,-255.1950225470141,277.1215015570396,-220.5175182410134,209.59947855198564,-0.430505905537391,0.32908846447005563
klb1,leg_left_actuator_gain,0.6,leg_left_actuator_gain_0p6,5,-144.39874697328304,142.09909481404762,-227.55319771337537,279.74328488287466,-170.5229015318576,174.35728958910946,-0.2631476575596926,0.3207268365048417
klb1,leg_left_actuator_gain,0.7,leg_left_actuator_gain_0p7,5,-69.79751789789282,70.26560438674908,-142.62581093234354,246.23213662913378,-89.94568328122645,136.88277907854862,-0.13449802400822092,0.14738555211210572
klb1,leg_left_actuator_gain,0.8,leg_left_actuator_gain_0p8,5,-47.521449979643286,54.30733701734329,-45.621986556569624,77.39904579195795,-45.40621620512262,70.21797718280281,-0.0930702877533282,0.11235615551402024
klb1,leg_left_actuator_gain,0.9,leg_left_actuator_gain_0p9,5,-26.16098677106359,31.46947589955341,-8.814054166902178,28.991824302589325,-24.531406349417825,44.939204583942136,-0.053145714998552265,0.06312199392625323
klb1,leg_left_actuator_gain,1.0,leg_left_actuator_gain_1,5,0.0,0.0,0.0,0.0,0.0,0.0,0.0,0.0
klb1,leg_left_actuator_gain,1.1,leg_left_actuator_gain_1p1,5,20.140085694450534,23.727295150986663,10.973678534609036,9.842495712480845,30.992492598823436,42.81279262020454,0.04029680159775799,0.04725535592956807
klb1,leg_left_actuator_gain,1.3,leg_left_actuator_gain_1p3,5,31.02281963370725,30.122605758749128,15.826846508295409,26.450699927383145,49.45321519375098,51.82448125709497,0.061155351473572706,0.06011740934597628
klb1,leg_left_actuator_gain,1.5,leg_left_actuator_gain_1p5,5,11.89411083099473,79.97576677934059,-19.687186844505383,61.51976048343069,14.946754456629838,79.15677508563479,0.01195396847773587,0.17263085212265689
klb1,leg_left_actuator_gain,1.7,leg_left_actuator_gain_1p7,5,-13.288721485935946,36.258571168302744,-14.567232371524067,43.06832801880536,5.843159602204753,36.95577245437869,-0.03460872980056464,0.07975608814238029
klb1,leg_left_actuator_gain,2.0,leg_left_actuator_gain_2,5,-8.739270455369047,31.541734412524836,-4.5245491856509945,34.13208475318318,18.671473920511705,35.925894611660866,-0.027561032832560516,0.06532838411816157
klb1,leg_left_damping,0.0,leg_left_damping_0,5,-23.860590353465028,51.21709065851971,-46.73991390945751,94.59231895859558,-43.055624971938094,92.94726491285505,-0.04858223355226013,0.1024849492173413
klb1,leg_left_damping,0.1,leg_left_damping_0p1,5,-31.482473079757632,65.66668205572432,-87.76533936745923,180.71490380401116,-51.28710837314789,118.51950072840494,-0.06384015497545589,0.1315282876121892
klb1,leg_left_damping,0.2,leg_left_damping_0p2,5,-24.436543552608832,55.30914545584628,-77.51290962632986,150.6412253631651,-44.79834070779802,99.47288475157492,-0.04987271055036078,0.11054338276350746
klb1,leg_left_damping,0.3,leg_left_damping_0p3,5,-37.55246464705892,75.07821700006942,-137.96358267601178,281.33813204409086,-64.44754122002637,133.42517527795286,-0.0758429043247491,0.15054896436519577
klb1,leg_left_damping,0.4,leg_left_damping_0p4,5,-27.989444178122614,58.67656015065945,-72.73801753473461,149.72128083185146,-46.629171632819165,97.8782461596082,-0.0572452720614951,0.11712847010668927
klb1,leg_left_damping,0.5,leg_left_damping_0p5,5,-8.889870469343446,14.358914396467192,7.67925147589844,10.82740851101766,-12.11846283047995,26.73448747277233,-0.018445045001244786,0.02843443391254076
klb1,leg_left_damping,0.6,leg_left_damping_0p6,5,-40.05962039680549,72.85910103575732,-121.60246968144995,244.05949926020838,-68.04098788352955,129.17810129510144,-0.0808223353132849,0.14610148418107158
klb1,leg_left_damping,0.7,leg_left_damping_0p7,5,-37.40663550862717,66.39832482544446,-133.57381849803645,264.1286863786454,-64.02691812525636,123.79351773837648,-0.07580155269533502,0.13290157616757753
klb1,leg_left_damping,0.8,leg_left_damping_0p8,5,-45.85941730175356,67.9133407346269,-148.6841717988063,282.63136714215517,-72.5825120233082,136.13836730156473,-0.09244551518402276,0.1362564823049598
klb1,leg_left_damping,0.9,leg_left_damping_0p9,5,-23.46377116494282,41.79060683670026,-25.197070108913397,50.25497395447122,-41.030337155429166,75.80614260993292,-0.04755401382764348,0.08360525072601552
klb1,leg_left_damping,1.0,leg_left_damping_1,5,0.0,0.0,0.0,0.0,0.0,0.0,0.0,0.0
klb1,leg_left_damping,1.1,leg_left_damping_1p1,5,-21.140352802176086,38.391534514645194,-24.96104481562174,55.950810751266154,-35.79122283417948,77.09735117086768,-0.04287061394732306,0.07684733566254233
klb1,leg_left_damping,1.3,leg_left_damping_1p3,5,7.663449847325017,20.556662491112803,7.125397492961343,6.396090688201366,16.44788665602899,34.23339250597773,0.01509705947324146,0.04133343571122538
klb1,leg_left_damping,1.5,leg_left_damping_1p5,5,20.921957039638933,42.543531406491276,7.429146776497578,9.450896017920023,29.70660818625335,50.00170688695251,0.04137557038569596,0.08556881552570265
klb1,leg_left_damping,1.7,leg_left_damping_1p7,5,-21.214309245125605,34.3356665840744,-4.576487974606602,18.681091262353096,-21.645895196547002,46.25510574297273,-0.04344027491928027,0.06843169082942345
klb1,leg_left_damping,2.0,leg_left_damping_2,5,3.053581289722257,8.798252172866619,1.698594736859235,9.346569474034409,1.1448901791342394,13.921169812324218,0.005697915810325903,0.016671526637782073
klb1,thigh_left_actuator_gain,0.0,thigh_left_actuator_gain_0,5,29.246584613547554,259.9277695462805,17.79384615136995,273.2977101077143,38.308539722422566,274.14553477615596,0.07177531395886474,0.5115836251118155
klb1,thigh_left_actuator_gain,0.1,thigh_left_actuator_gain_0p1,5,8.301668931745956,56.74086969906012,-43.58378504458311,48.05506886389797,11.490246624724568,37.69566153896689,-0.021199898545704053,0.15980680969174382
klb1,thigh_left_actuator_gain,0.2,thigh_left_actuator_gain_0p2,5,18.47567239139001,91.62576507643087,41.74673686935317,175.30586594339192,25.94190592793921,99.83183987713895,-0.091269801465995,0.41241106592291626
klb1,thigh_left_actuator_gain,0.3,thigh_left_actuator_gain_0p3,5,-15.25360072936466,56.82343622994305,-51.88842761431854,51.18701186558914,-13.462348792875952,55.10436733431335,-0.07458076441373201,0.16092144918439066
klb1,thigh_left_actuator_gain,0.4,thigh_left_actuator_gain_0p4,5,-11.298406816000897,66.34591781610483,-44.9553396336272,53.06998620346174,-11.672979632951018,65.75004285552654,-0.05993137004487396,0.16491807263608704
klb1,thigh_left_actuator_gain,0.5,thigh_left_actuator_gain_0p5,5,17.097142294144618,49.59114092432869,-10.567321808266621,22.136153604601073,26.60310184381624,43.12388912329973,0.04276069359742279,0.09963872724180659
klb1,thigh_left_actuator_gain,0.6,thigh_left_actuator_gain_0p6,5,-5.190865836120554,56.288091577022264,-13.920401045263992,16.213163151928576,-0.16780719935883326,51.19481972781028,-0.01566425663665579,0.11382049597881475
klb1,thigh_left_actuator_gain,0.7,thigh_left_actuator_gain_0p7,5,1.6901779419119578,69.8945203944915,13.196265337282847,67.4081660805633,23.349524827180357,96.5915896366522,-0.02213188726432957,0.15739718067340053
klb1,thigh_left_actuator_gain,0.8,thigh_left_actuator_gain_0p8,5,2.17869710190796,49.07248561953636,-17.042962916772886,20.376955496939825,7.2884445526936705,55.58183870433014,-0.014036429498384675,0.11209121131719368
klb1,thigh_left_actuator_gain,0.9,thigh_left_actuator_gain_0p9,5,14.30413320554967,80.7084820211638,-1.3230799684357635,35.58511234636664,30.485225197988,92.34726522872035,0.022426573670421227,0.16409262414236642
klb1,thigh_left_actuator_gain,1.0,thigh_left_actuator_gain_1,5,0.0,0.0,0.0,0.0,0.0,0.0,0.0,0.0
klb1,thigh_left_actuator_gain,1.1,thigh_left_actuator_gain_1p1,5,-6.171238083064258,42.934802164871925,-20.774817473429955,57.1732029246145,-7.982812547803832,72.1552415636691,-0.01087819591781366,0.08705009205467389
klb1,thigh_left_actuator_gain,1.3,thigh_left_actuator_gain_1p3,5,4.023893138204016,18.750504411754292,17.90910576261582,26.969390432288126,7.566791599255725,25.1731868280616,-0.00260308637147475,0.05041588138891188
klb1,thigh_left_actuator_gain,1.5,thigh_left_actuator_gain_1p5,5,0.5931972836805699,29.712802971096814,-4.105074553058785,26.7025185410372,17.16906219107459,43.754275004192344,-0.014079529132670876,0.0739536695442523
klb1,thigh_left_actuator_gain,1.7,thigh_left_actuator_gain_1p7,5,14.443646718734096,43.27209415518336,-13.152596781890264,39.927167159255795,16.989544932278882,42.79630266221774,0.007049972073482546,0.11363958349949008
klb1,thigh_left_actuator_gain,2.0,thigh_left_actuator_gain_2,5,34.10497661948926,118.18695312933089,7.535376295552578,42.5096679113247,35.37264923901468,67.8248686863097,-0.07101532659716521,0.46571065600472333
klb1,thigh_left_damping,0.0,thigh_left_damping_0,5,-2.13716372015985,11.468990694451739,2.882487068833126,13.005349782026425,6.323761746038798,5.927189648770172,-0.004449643191382016,0.022339203571905112
klb1,thigh_left_damping,0.1,thigh_left_damping_0p1,5,7.44534527819161,19.02183132957714,-1.5856870196875548,11.061604634887658,19.490194571572108,33.47250208222863,0.014911427528101684,0.03816923324359982
klb1,thigh_left_damping,0.2,thigh_left_damping_0p2,5,-12.326919480154078,27.27508616906461,-12.13667918568596,18.483343287803255,-4.2398653716578965,16.56918627988495,-0.02506140542151424,0.05499844403321933
klb1,thigh_left_damping,0.3,thigh_left_damping_0p3,5,-3.671680927322228,11.881425791139252,-1.7562659244696932,15.579695094420781,-2.104510503938036,12.523818355888618,-0.007820274464565445,0.023169827340149177
klb1,thigh_left_damping,0.4,thigh_left_damping_0p4,5,9.012023881468735,18.487594427446115,2.143672707181031,10.678490091776599,20.99020929436201,35.328638070319776,0.017453320683750606,0.03681779839043104
klb1,thigh_left_damping,0.5,thigh_left_damping_0p5,5,-7.918051865726914,15.991603236834981,-1.7669450178440287,14.401280264888891,-4.294125842213799,15.004243690313983,-0.016302872473795117,0.031688263014147976
klb1,thigh_left_damping,0.6,thigh_left_damping_0p6,5,-20.040895799607778,35.222686044694385,-8.744209467100012,17.308042141439167,-28.153280520370487,53.14532520658835,-0.04084128504256047,0.07019409341600401
klb1,thigh_left_damping,0.7,thigh_left_damping_0p7,5,-33.00309509162125,62.12049227259066,-85.30622620609135,171.56583132503192,-59.16170917302615,112.97659011622986,-0.0668794068329045,0.12436605410086929
klb1,thigh_left_damping,0.8,thigh_left_damping_0p8,5,-28.376905888458662,62.87858617443179,-102.33940990964088,223.53917805568344,-49.55963932519808,111.32915799741332,-0.058222657965298664,0.1252321739994605
klb1,thigh_left_damping,0.9,thigh_left_damping_0p9,5,-13.412419382302016,22.633101717435142,-3.574461816327107,12.28050442790592,-9.55045208189846,16.630995878215025,-0.02743045864685841,0.04523659625143662
klb1,thigh_left_damping,1.0,thigh_left_damping_1,5,0.0,0.0,0.0,0.0,0.0,0.0,0.0,0.0
klb1,thigh_left_damping,1.1,thigh_left_damping_1p1,5,-31.570143060518326,60.03272005797263,-68.1112350885073,146.4802814276662,-47.377122527171444,101.27701284551301,-0.06362107088372962,0.12039727995275525
klb1,thigh_left_damping,1.3,thigh_left_damping_1p3,5,-22.640243559557394,41.72105639479435,-15.534752351402641,44.96247137100014,-29.55512452212572,68.88414308986022,-0.04592809611502095,0.08331223594115375
klb1,thigh_left_damping,1.5,thigh_left_damping_1p5,5,-39.322556784186176,65.47129064764377,-128.18066626010608,261.4913889887288,-65.12661013511176,129.58553233889225,-0.07918310186405428,0.13134028021819372
klb1,thigh_left_damping,1.7,thigh_left_damping_1p7,5,-43.05901498326983,73.37790964425868,-147.5128081624625,289.5091037355813,-70.13956362200807,133.73409666274324,-0.08675103732724548,0.14720282084406144
klb1,thigh_left_damping,2.0,thigh_left_damping_2,5,-6.263216820130504,21.99008544016886,-2.082099819288396,16.495733539717808,-0.43863141345572104,9.78464319260823,-0.013831101202975944,0.04351942000312369
klb10,foot_left_actuator_gain,0.0,foot_left_actuator_gain_0,5,195.8526020048185,144.30870215768545,194.56759001510508,107.52269953528297,200.23002114175688,123.41852278518219,0.3823891304762417,0.2877106258663519
klb10,foot_left_actuator_gain,0.1,foot_left_actuator_gain_0p1,5,205.5585111657525,107.80751362041583,195.06398199766272,116.32412335633073,197.03456582351697,126.19322494010397,0.4149966973981513,0.20272069430045797
klb10,foot_left_actuator_gain,0.2,foot_left_actuator_gain_0p2,5,140.7155953332086,78.73431493929705,149.6530719336743,82.06912742915598,132.93447755824968,83.95163542284514,0.28610407857890585,0.1345806632267464
klb10,foot_left_actuator_gain,0.3,foot_left_actuator_gain_0p3,5,205.48776721515455,122.75750318211735,194.78054565422084,146.67527521546592,202.31286383612735,158.77177836659283,0.4292247437813879,0.23770262086470492
klb10,foot_left_actuator_gain,0.4,foot_left_actuator_gain_0p4,5,183.19053014310256,129.9689896898037,188.34470429089123,150.73637959552093,197.55604899163882,161.5713557953516,0.37313071922761076,0.2569845242842574
klb10,foot_left_actuator_gain,0.5,foot_left_actuator_gain_0p5,5,132.85512315713163,71.91000111003352,180.6108936386579,146.03649145347683,152.3143316283315,103.35213603109803,0.2802214233956936,0.1364939309294836
klb10,foot_left_actuator_gain,0.6,foot_left_actuator_gain_0p6,5,43.35368534696941,138.88663946953633,-12.03338787881816,207.21666705141544,0.528315798990343,182.67190713728402,0.10496041948382673,0.29719280184812535
klb10,foot_left_actuator_gain,0.7,foot_left_actuator_gain_0p7,5,26.53336835922737,72.98704422667798,-16.32278283295984,113.60219053655489,-3.2100667040540656,96.89283980823795,0.05226802603803231,0.1418383608793561
klb10,foot_left_actuator_gain,0.8,foot_left_actuator_gain_0p8,5,-14.346328087465144,108.14069588801281,-76.27668941666388,196.4603202162601,-57.29958977212948,148.21990751395688,-0.021143195464960386,0.23124181405167596
klb10,foot_left_actuator_gain,0.9,foot_left_actuator_gain_0p9,5,27.153750865287826,30.76939961035012,17.464150095241166,40.69830791629409,26.52257042430158,55.15620439235148,0.062450259053294134,0.06471834113317916
klb10,foot_left_actuator_gain,1.0,foot_left_actuator_gain_1,5,0.0,0.0,0.0,0.0,0.0,0.0,0.0,0.0
klb10,foot_left_actuator_gain,1.1,foot_left_actuator_gain_1p1,5,-1.2389156716013532,71.39977526963341,21.182769972133315,109.54230000979649,-4.803647825788164,77.91028595578786,-0.00175553256887257,0.13856853751124837
klb10,foot_left_actuator_gain,1.3,foot_left_actuator_gain_1p3,5,-140.3726511819231,85.89425945720947,-202.8854432481205,138.96456061181433,-162.58811318902545,79.85037684804142,-0.2692923340360224,0.13538177318446243
klb10,foot_left_actuator_gain,1.5,foot_left_actuator_gain_1p5,5,-193.38220087595363,232.55980003895777,-200.42053608298323,290.53672565710394,-196.58804528509614,219.23099799265196,-0.391448285780308,0.407898931475241
klb10,foot_left_actuator_gain,1.7,foot_left_actuator_gain_1p7,5,-224.67555013222199,393.69044988583966,-238.45610108648225,402.9967055072481,-217.48488139543574,397.54169163452417,-0.45003759160051127,0.6879016606252214
klb10,foot_left_actuator_gain,2.0,foot_left_actuator_gain_2,5,10.172875104437196,250.29975435394473,54.68748534211672,331.5478509204297,52.373551137967546,322.32333277680533,0.024533436884201877,0.4587374682175088
klb10,foot_left_damping,0.0,foot_left_damping_0,5,29.627429961696407,58.68131352362238,30.850196436281955,118.3372357117687,34.45455712754782,113.79005759733742,0.06407495004249315,0.12116563177535337
klb10,foot_left_damping,0.1,foot_left_damping_0p1,5,22.038058209498125,37.708160009008196,36.76230807942446,92.76553400418395,15.577262561823398,52.076794870878516,0.051240487797673796,0.08511511992642064
klb10,foot_left_damping,0.2,foot_left_damping_0p2,5,0.7960896517746733,23.468424590675315,-30.1368962040792,40.0752801017782,-18.69258531576462,17.184356815627304,0.006075935679985827,0.05397999420965732
klb10,foot_left_damping,0.3,foot_left_damping_0p3,5,2.5006070325161205,19.548691813859243,-2.577135701080863,21.401069616915308,-17.787519152252038,21.338405889921503,0.010390110497251562,0.04572847637974124
klb10,foot_left_damping,0.4,foot_left_damping_0p4,5,17.37782233032998,60.492781742021236,37.1255428069947,125.57847353191823,33.92822574786335,113.67824574189888,0.03294220273142749,0.12748990896605736
klb10,foot_left_damping,0.5,foot_left_damping_0p5,5,1.6057921344834085,13.557396893037403,-13.413427472810714,14.742259850730083,-9.919374839900831,8.842846253506908,0.006374794101271362,0.0322251915153059
klb10,foot_left_damping,0.6,foot_left_damping_0p6,5,-10.071920309424502,10.339351306963064,-9.39366042072795,19.097386552651948,-17.444359191294666,11.707561388930516,-0.019334175399872443,0.01836098315448138
klb10,foot_left_damping,0.7,foot_left_damping_0p7,5,34.364457452827864,46.94440561195606,47.97109267783126,109.68555479371136,46.60691128565406,96.35301299356826,0.07292773732998876,0.09694321185611032
klb10,foot_left_damping,0.8,foot_left_damping_0p8,5,12.759796475821986,15.34561007535123,6.4041641303835375,37.1895004784123,-0.6826311549610182,14.384564613058666,0.029416252229338358,0.038254137144070915
klb10,foot_left_damping,0.9,foot_left_damping_0p9,5,-6.712602925119211,10.431517165299695,-6.303419376297995,26.600408724169142,-17.319248206158466,21.875060978567152,-0.013836728057656306,0.02147797209991385
klb10,foot_left_damping,1.0,foot_left_damping_1,5,0.0,0.0,0.0,0.0,0.0,0.0,0.0,0.0
klb10,foot_left_damping,1.1,foot_left_damping_1p1,5,20.66469653127192,37.110898036711696,27.837343933951058,72.42064700685881,33.84225132936715,82.36980332880148,0.04277745727192345,0.07624082122590348
klb10,foot_left_damping,1.3,foot_left_damping_1p3,5,8.418318758008343,25.5034562508965,24.239462676604102,76.48285352838293,-2.3395507567724736,20.451548412406865,0.020745076824832787,0.05947380758145039
klb10,foot_left_damping,1.5,foot_left_damping_1p5,5,43.77724918739133,64.30236363114145,42.31830559253003,107.08623178347868,42.02443658580766,99.04078854749665,0.0927610208475064,0.1334704214670984
klb10,foot_left_damping,1.7,foot_left_damping_1p7,5,13.198050887091142,25.177905452984355,31.728970595857742,69.70103938684547,20.749798519233423,59.4565248891901,0.024514337689140724,0.05477077932010201
klb10,foot_left_damping,2.0,foot_left_damping_2,5,45.617491751236514,59.62325494086382,36.442676754498095,69.3226950676451,46.29217295720034,87.46978882456379,0.09897475192295693,0.1307251371792403
klb10,foot_left_friction,0.0,foot_left_friction_0,5,33.52165258913076,67.0959321933867,60.0258418808656,123.88669197849778,53.61796673983596,116.82402219416696,0.06915358114588518,0.13826719213259875
klb10,foot_left_friction,0.1,foot_left_friction_0p1,5,33.52165258913076,67.0959321933867,60.0258418808656,123.88669197849778,53.61796673983596,116.82402219416696,0.06915358114588518,0.13826719213259875
klb10,foot_left_friction,0.2,foot_left_friction_0p2,5,33.52165258913076,67.0959321933867,60.0258418808656,123.88669197849778,53.61796673983596,116.82402219416696,0.06915358114588518,0.13826719213259875
klb10,foot_left_friction,0.3,foot_left_friction_0p3,5,33.52165258913076,67.0959321933867,60.0258418808656,123.88669197849778,53.61796673983596,116.82402219416696,0.06915358114588518,0.13826719213259875
klb10,foot_left_friction,0.4,foot_left_friction_0p4,5,34.70767781329359,59.70341081999678,33.6103854795942,131.76939829995484,42.036727562760404,117.08255627295244,0.0720850374434139,0.12624269316703896
klb10,foot_left_friction,0.5,foot_left_friction_0p5,5,61.572670243951244,134.0116303536986,53.90496053283889,143.33443959256016,56.281850028169615,159.90906943247964,0.13363595112876991,0.2743750735057626
klb10,foot_left_friction,0.6,foot_left_friction_0p6,5,59.76166901637057,124.18721126541057,57.02772238237626,144.68485007669187,68.0168247056117,165.05249331466865,0.1275247699139806,0.25711669809011517
klb10,foot_left_friction,0.7,foot_left_friction_0p7,5,67.12773225811272,139.37652339920498,59.53369410764914,141.46074489095358,66.60854565979908,154.8807037894106,0.14357328212774015,0.28559463483348113
klb10,foot_left_friction,0.8,foot_left_friction_0p8,5,59.330107622867104,141.58068233378714,35.85501046891788,153.5408189504512,50.03672978639205,165.53642015246623,0.1310587008199992,0.28912321558825305
klb10,foot_left_friction,0.9,foot_left_friction_0p9,5,10.075277857507036,52.69845140564065,26.345262650471625,100.90905128030519,19.117003103764386,88.52232874925124,0.024031227022504223,0.10881580058780546
klb10,foot_left_friction,1.0,foot_left_friction_1,5,0.0,0.0,0.0,0.0,0.0,0.0,0.0,0.0
klb10,foot_left_friction,1.1,foot_left_friction_1p1,5,11.690577699055074,15.444540608600143,1.8459119216596378,39.80143718335573,-9.225735281919038,33.3118474101464,0.024050131964098297,0.030408293383745514
klb10,foot_left_friction,1.3,foot_left_friction_1p3,5,47.42751607959288,38.126796492453465,89.04279561095979,118.09554267169901,45.583734815051,53.817627922167006,0.08687888197998805,0.07057934026256536
klb10,foot_left_friction,1.5,foot_left_friction_1p5,5,62.79636902237473,49.8593357335045,110.87645732023812,151.57363684666086,59.925786557871575,64.08934736315962,0.1257900619632956,0.09766195282784756
klb10,foot_left_friction,1.7,foot_left_friction_1p7,5,110.23449040934801,96.13663943436161,139.2675707226068,170.3033403183234,128.70470257618967,163.9461875054589,0.21802196702267737,0.18993999536752068
klb10,foot_left_friction,2.0,foot_left_friction_2,5,66.67066137607205,81.72729686149772,3.3156508273630267,172.84047826740695,38.92734895181701,114.77937901796305,0.12317683606304064,0.14480970482633843
klb10,leg_left_actuator_gain,0.0,leg_left_actuator_gain_0,5,103.16761608410181,201.34843959825457,65.59459946415095,203.73834553691012,80.72406899326639,221.6956400263788,0.18383741010106153,0.43067463916620913
klb10,leg_left_actuator_gain,0.1,leg_left_actuator_gain_0p1,5,88.77690880047925,231.16286537166363,99.45843422895348,205.90197804907226,103.0717667735374,226.2459473204801,0.16835566494229903,0.557066131690556
klb10,leg_left_actuator_gain,0.2,leg_left_actuator_gain_0p2,5,62.37201978788918,152.44879096262272,68.73925813296128,167.0588165846435,85.60645482527961,168.86825693590058,0.1489949712892625,0.35719921496424767
klb10,leg_left_actuator_gain,0.3,leg_left_actuator_gain_0p3,5,41.56356657494153,130.5847939886652,46.774187133349116,140.640717091372,53.40697846631107,151.37004786347003,0.08071901417356947,0.2706870355206642
klb10,leg_left_actuator_gain,0.4,leg_left_actuator_gain_0p4,5,66.04721086642083,178.48725425322587,62.82414228451205,142.16306727043252,76.32321047233009,167.67733466384317,0.12199088596480001,0.3730486762320261
klb10,leg_left_actuator_gain,0.5,leg_left_actuator_gain_0p5,5,68.74373704169952,147.21057287108567,74.04676305242182,129.5255098907205,76.68456800276638,151.53185986496234,0.13905072137407867,0.30178544022313325
klb10,leg_left_actuator_gain,0.6,leg_left_actuator_gain_0p6,5,52.407686967468734,131.9404157983749,54.28332694707542,131.518289875936,65.59869629547185,148.18640579405843,0.10236477733890978,0.2722897696708313
klb10,leg_left_actuator_gain,0.7,leg_left_actuator_gain_0p7,5,-7.420624883716312,10.348945500482188,14.500205611658748,37.7963082977806,-3.593060626882436,17.99002242841874,-0.0183485549096362,0.024740090780745082
klb10,leg_left_actuator_gain,0.8,leg_left_actuator_gain_0p8,5,23.91055945820515,65.29326980378009,46.6551041992757,94.85363117419756,52.94151407500781,103.20525032762833,0.044890527690460945,0.13823697668552162
klb10,leg_left_actuator_gain,0.9,leg_left_actuator_gain_0p9,5,0.8678417609720668,21.55408071745553,-47.17103359904161,106.93359340172982,-1.9071177130009118,26.95441085760741,0.00979727467224856,0.056058076303448265
klb10,leg_left_actuator_gain,1.0,leg_left_actuator_gain_1,5,0.0,0.0,0.0,0.0,0.0,0.0,0.0,0.0
klb10,leg_left_actuator_gain,1.1,leg_left_actuator_gain_1p1,5,16.40614446124904,34.309791691778365,52.58716111487303,109.11231670794157,27.44767214548557,64.45428049494613,0.035465954836054345,0.06938877206242186
klb10,leg_left_actuator_gain,1.3,leg_left_actuator_gain_1p3,5,42.72226992373256,90.68726149199408,70.95469479280696,121.65021375614607,72.71232112431916,136.71254252792866,0.0881336021946171,0.18477554579480798
klb10,leg_left_actuator_gain,1.5,leg_left_actuator_gain_1p5,5,43.40734756832846,58.793475167735444,58.61411139450458,93.27635502622998,65.61667330377401,101.6131920144757,0.09728232820060344,0.11847459697338472
klb10,leg_left_actuator_gain,1.7,leg_left_actuator_gain_1p7,5,31.47918219751398,43.44734995669565,61.607803420216854,82.64354781672661,46.45973295323169,64.16980594106936,0.08202907790570593,0.09570262964090731
klb10,leg_left_actuator_gain,2.0,leg_left_actuator_gain_2,5,-12.870777481011725,55.50262119147422,-73.81943639978225,175.64749804469344,-24.967701500937515,95.20072522403629,-0.025504198200892336,0.1288064598120016
klb10,leg_left_damping,0.0,leg_left_damping_0,5,-6.224537455587063,21.17418031650946,-28.03207917882967,49.9240913961084,-14.34428585989698,32.01241055113762,-0.008471531087658416,0.05005445125567306
klb10,leg_left_damping,0.1,leg_left_damping_0p1,5,-30.809308138779784,31.980511056111695,-52.100651099766324,80.78465456303987,-33.551917215558646,46.47822466439085,-0.07565585653794246,0.08391553847604566
klb10,leg_left_damping,0.2,leg_left_damping_0p2,5,-3.4329131403906445,13.136783791466222,-9.145864542888592,20.239443343072892,2.3126367336143177,5.527242298824022,-0.01251119202331324,0.03631106496038705
klb10,leg_left_damping,0.3,leg_left_damping_0p3,5,-22.94746224719787,25.41708354276832,-48.051193321752315,72.96124859600918,-31.09556738374629,38.17220098352179,-0.056911849562037285,0.06694169708172895
klb10,leg_left_damping,0.4,leg_left_damping_0p4,5,14.030489589571028,30.930229345689604,41.17340855886416,82.22097046018936,28.702253307066975,57.8471098113245,0.029727004964752633,0.06261137630667982
klb10,leg_left_damping,0.5,leg_left_damping_0p5,5,-15.477596748740769,20.84286482513937,-39.46452503613337,87.69587317720985,-19.755391038025174,44.11383013018435,-0.03405886215554589,0.0428320215530702
klb10,leg_left_damping,0.6,leg_left_damping_0p6,5,-7.051689587003966,8.062495116779928,-11.153999317536897,24.66678914300345,-4.549000969592067,8.264682193294833,-0.016744848114230056,0.01776966152909438
klb10,leg_left_damping,0.7,leg_left_damping_0p7,5,-2.599968375446315,33.076182137121656,6.54668543689512,41.822019944515745,6.849493543859057,37.17211339021111,-0.013865561542083191,0.08191200072478612
klb10,leg_left_damping,0.8,leg_left_damping_0p8,5,-6.860914290177936,50.65343648207032,15.261740389188777,55.88943039645818,14.284234291930897,48.349702347239315,-0.02995148811045088,0.1316377499129064
klb10,leg_left_damping,0.9,leg_left_damping_0p9,5,17.424167534029447,39.87716061362179,41.54221176607793,87.04170116204509,33.29138813105269,62.459412875519504,0.03493226389033497,0.08172169681503724
klb10,leg_left_damping,1.0,leg_left_damping_1,5,0.0,0.0,0.0,0.0,0.0,0.0,0.0,0.0
klb10,leg_left_damping,1.1,leg_left_damping_1p1,5,11.914789780391299,27.494772494776953,24.817920603921472,36.491729288475,32.166039206318416,44.94409087911237,0.02414075237986506,0.056338874220144934
klb10,leg_left_damping,1.3,leg_left_damping_1p3,5,11.299955773893942,23.752391210900832,24.392206469265297,60.75617984270839,18.226713394849583,43.30510823036308,0.021993407893710144,0.0494413753415143
klb10,leg_left_damping,1.5,leg_left_damping_1p5,5,12.320104697858165,13.070681143926464,16.84874735657536,25.6171587649379,18.4274269707014,24.044161041448206,0.02690341296569663,0.026902059543258305
klb10,leg_left_damping,1.7,leg_left_damping_1p7,5,18.80709191384775,34.43891452463268,35.190558837952594,72.74895222516616,32.61829814525805,59.04467232398503,0.041622247762821495,0.06946907946234508
klb10,leg_left_damping,2.0,leg_left_damping_2,5,0.8074785566119204,17.30009481053954,-10.006634563004514,5.807148004019582,9.119861795026315,22.58571794375631,-0.002616831152195506,0.04112648507542023
klb10,thigh_left_actuator_gain,0.0,thigh_left_actuator_gain_0,5,89.90121075303979,204.71722086575642,56.612194832943075,186.4126479399562,75.70096211481568,205.41248548695032,0.18200861672860338,0.4206509405452209
klb10,thigh_left_actuator_gain,0.1,thigh_left_actuator_gain_0p1,5,88.00597415521176,200.58332805159404,63.12389252049005,184.5111995135819,78.45890810141691,204.30326265465558,0.17674734231365724,0.41315159660165707
klb10,thigh_left_actuator_gain,0.2,thigh_left_actuator_gain_0p2,5,67.39262050738179,207.53025916717655,53.93001463878884,194.6323494377765,64.51772363409316,212.6140513901019,0.11965636819304026,0.43758395451673243
klb10,thigh_left_actuator_gain,0.3,thigh_left_actuator_gain_0p3,5,64.9539418550525,198.90254318650994,61.44525017437745,188.82420069203908,64.10039229795782,208.6118953950616,0.11716614505099301,0.41521173218821866
klb10,thigh_left_actuator_gain,0.4,thigh_left_actuator_gain_0p4,5,83.45416877653312,185.23900976337205,74.0233460477417,178.93840297917262,87.01651958957208,200.5175379879902,0.17004890799610478,0.38383108340202676
klb10,thigh_left_actuator_gain,0.5,thigh_left_actuator_gain_0p5,5,54.87788615776767,170.49219887117002,53.04558507837454,153.66620438017506,69.68624918465127,184.4578992244819,0.10628689438014696,0.35567158345051963
klb10,thigh_left_actuator_gain,0.6,thigh_left_actuator_gain_0p6,5,45.203231289797316,148.28290496260408,56.790394721545155,147.29859441285507,71.04750934609386,177.16736964086382,0.08268138666003141,0.30935177168718087
klb10,thigh_left_actuator_gain,0.7,thigh_left_actuator_gain_0p7,5,63.09620829364852,154.44454891182423,66.2028922134503,138.19840506145547,77.04221728285493,171.06382928872952,0.12555332480310527,0.3193535500566796
klb10,thigh_left_actuator_gain,0.8,thigh_left_actuator_gain_0p8,5,30.955920464990424,91.47422088614063,61.680119423911876,135.28296557093284,65.59592258816046,140.1010770618972,0.056198221520821344,0.1914095836563021
klb10,thigh_left_actuator_gain,0.9,thigh_left_actuator_gain_0p9,5,60.31463627141369,141.50950565208208,52.67183558841934,123.56621411210902,62.866384822297015,145.2344337534993,0.11868602333135314,0.2919309086964551
klb10,thigh_left_actuator_gain,1.0,thigh_left_actuator_gain_1,5,0.0,0.0,0.0,0.0,0.0,0.0,0.0,0.0
klb10,thigh_left_actuator_gain,1.1,thigh_left_actuator_gain_1p1,5,21.85892479057126,33.14104735381242,53.247942895416145,88.8225367615317,46.96618147190102,71.24444198878861,0.0517838352534429,0.06698716957983772
klb10,thigh_left_actuator_gain,1.3,thigh_left_actuator_gain_1p3,5,11.356290377401615,66.6381330360253,44.02025136761457,127.40020534393133,39.08618084659023,114.02560820934926,0.012063051549992005,0.1493592686388167
klb10,thigh_left_actuator_gain,1.5,thigh_left_actuator_gain_1p5,5,12.049488619591056,32.28557460203798,16.37354768578964,55.989328383569756,21.62789828005623,56.54150888059469,0.024452762147572242,0.06071484386873614
klb10,thigh_left_actuator_gain,1.7,thigh_left_actuator_gain_1p7,5,-14.310106005618172,37.63915277161246,-1.7898868310840954,85.29282532642897,-3.125373054971385,70.8781442368512,-0.026177267181719466,0.07623310745506191
klb10,thigh_left_actuator_gain,2.0,thigh_left_actuator_gain_2,5,-20.547972072634593,36.835785493696186,-20.617358789181548,84.78843103409733,-8.981976623488482,57.57400855744435,-0.032661526009125495,0.0770925292562638
klb10,thigh_left_damping,0.0,thigh_left_damping_0,5,8.380162655817935,16.08760471069861,8.270343654363263,19.40941065226945,11.414877563982111,23.22658173280853,0.01861151878755385,0.03274471383101772
klb10,thigh_left_damping,0.1,thigh_left_damping_0p1,5,-9.331933920314668,12.57014556249854,-28.625625149594736,42.00068475210272,-18.826619091714292,28.751445261307545,-0.019181353270610012,0.02553041318888621
klb10,thigh_left_damping,0.2,thigh_left_damping_0p2,5,12.09779048184888,29.567156038609088,24.79840346430301,57.153761281507364,23.995103452225315,60.515574717633214,0.0246613985861727,0.06039829341897491
klb10,thigh_left_damping,0.3,thigh_left_damping_0p3,5,13.532589637714091,34.32503866221936,43.5053062309362,83.58581992871463,26.753409199471026,60.802399059687595,0.026955908200000055,0.07055490862657011
klb10,thigh_left_damping,0.4,thigh_left_damping_0p4,5,5.699011290500562,73.17115560122183,20.609645745046333,98.39970467541436,23.106173693060576,99.07955132153823,-0.003951909401913251,0.17049943663583098
klb10,thigh_left_damping,0.5,thigh_left_damping_0p5,5,15.429030609746212,56.998427915660216,35.25470466745651,87.52561969746378,33.54219464628223,78.79335121402902,0.026300476832763008,0.12056351588679388
klb10,thigh_left_damping,0.6,thigh_left_damping_0p6,5,-12.705809524751668,14.838918811406991,-26.730255975080162,29.81909294386851,-9.861048761255166,5.414344142683715,-0.033273086946825826,0.04460814478075096
klb10,thigh_left_damping,0.7,thigh_left_damping_0p7,5,13.329472486329497,24.012149704557487,15.257709351164635,36.334028720398564,23.263788631954686,46.0661418336957,0.027527457467614307,0.04904808215566313
klb10,thigh_left_damping,0.8,thigh_left_damping_0p8,5,4.024182171729376,59.78829104567233,35.785063466169696,80.45118650450102,27.52951191492057,68.0695950666067,-0.0056595501533773405,0.14190751798676188
klb10,thigh_left_damping,0.9,thigh_left_damping_0p9,5,-4.005423110300671,11.304227504990946,-5.630308144805667,13.507927672469886,6.821234414249318,11.59751030960874,-0.011623476690098816,0.029885256563942884
klb10,thigh_left_damping,1.0,thigh_left_damping_1,5,0.0,0.0,0.0,0.0,0.0,0.0,0.0,0.0
klb10,thigh_left_damping,1.1,thigh_left_damping_1p1,5,1.678042360442157,9.5968311191743,-7.257543871014422,7.36443986423456,4.351321084548886,15.49946720638877,0.0038983368378538662,0.01916528699438897
klb10,thigh_left_damping,1.3,thigh_left_damping_1p3,5,-10.888881456281718,67.18125129135164,15.12174936520039,74.35000290335464,12.661817606411422,62.79094607704675,-0.044298893532515385,0.17753901096242347
klb10,thigh_left_damping,1.5,thigh_left_damping_1p5,5,29.287541831348552,68.88041597323705,32.84602188877683,78.97451631273158,39.99827316259568,90.32052531287555,0.05736802360753083,0.14242999741509982
klb10,thigh_left_damping,1.7,thigh_left_damping_1p7,5,-7.884636923116875,40.313996202491154,-5.0450181039818975,26.08463468536168,4.618159950944369,47.73741683275125,-0.028067726577884023,0.10195143768978276
klb10,thigh_left_damping,2.0,thigh_left_damping_2,5,22.966599603925193,45.04693556873618,37.89312162023913,64.39933007804262,50.28968537056105,85.19428338483738,0.0494931841001267,0.09126330431655684
klb100,foot_left_actuator_gain,0.0,foot_left_actuator_gain_0,5,264.3683284101759,134.49952997134798,247.25931953945465,124.27293081305156,249.87072712231935,123.31391728974647,0.4156018969725519,0.16887861555602326
klb100,foot_left_actuator_gain,0.1,foot_left_actuator_gain_0p1,5,138.7710018100372,84.0916358861776,134.4265192525183,81.16805874425468,132.1954546649353,82.23814948206557,0.23517564134156607,0.15904379915319738
klb100,foot_left_actuator_gain,0.2,foot_left_actuator_gain_0p2,5,118.06633853616385,108.47721801014093,113.9254422478156,105.60300299564582,108.86454116898145,108.27145563666924,0.20674838898492975,0.18616120141232276
klb100,foot_left_actuator_gain,0.3,foot_left_actuator_gain_0p3,5,148.49583693804965,166.2042535475675,139.00809102847919,160.50321606558433,140.67865120222,164.95800182128818,0.2554337780002777,0.25724857840562765
klb100,foot_left_actuator_gain,0.4,foot_left_actuator_gain_0p4,5,157.11784238060616,241.3683860487198,152.21096400033906,241.05206520720273,147.12059420297652,245.83673639993805,0.2634051863801884,0.3533572673014673
klb100,foot_left_actuator_gain,0.5,foot_left_actuator_gain_0p5,5,134.30275458547254,252.96095421128925,131.6703661041948,251.06478634546102,123.92459370792153,259.7237185532186,0.22508935523356502,0.3672445067900108
klb100,foot_left_actuator_gain,0.6,foot_left_actuator_gain_0p6,5,115.66113014034109,242.48622408336132,117.60038601711067,237.63723054045013,115.20901865829578,237.9629876758347,0.19003464590726188,0.344625543701211
klb100,foot_left_actuator_gain,0.7,foot_left_actuator_gain_0p7,5,60.295205780045194,176.90052669292308,42.607364999381176,147.44746771279986,46.26968859816528,157.66072799854888,0.10245976796419967,0.24974897805356397
klb100,foot_left_actuator_gain,0.8,foot_left_actuator_gain_0p8,5,58.97508517117366,133.3526080241329,44.186562030234846,133.27194647686034,43.00137529626088,136.60249096838376,0.09813730680129973,0.18981618482117021
klb100,foot_left_actuator_gain,0.9,foot_left_actuator_gain_0p9,5,40.73074946469194,48.04150454964263,54.05176333364916,53.00920382752398,41.85513360628588,45.95936579017984,0.06176177076171653,0.06786326469027604
klb100,foot_left_actuator_gain,1.0,foot_left_actuator_gain_1,5,0.0,0.0,0.0,0.0,0.0,0.0,0.0,0.0
klb100,foot_left_actuator_gain,1.1,foot_left_actuator_gain_1p1,5,-82.60972726609563,71.14265145109431,-72.30127341892806,86.23777201393102,-87.52556764858492,85.84088464455294,-0.12791870509310663,0.10862621743758623
klb100,foot_left_actuator_gain,1.3,foot_left_actuator_gain_1p3,5,-227.91760095732667,183.02174482901427,-181.2414487781807,138.25544490979857,-198.01150583451258,152.6279562831139,-0.36409516027710337,0.3044976389621277
klb100,foot_left_actuator_gain,1.5,foot_left_actuator_gain_1p5,5,-132.11882617385146,145.79582775533967,-143.23963489921215,110.61549098534209,-123.49910082137679,123.19758430350345,-0.20505636841003483,0.23697617084754552
klb100,foot_left_actuator_gain,1.7,foot_left_actuator_gain_1p7,5,-150.2231001851796,151.21557784986632,-164.91799891505124,102.54571790066893,-165.17569683334966,135.1399774227644,-0.24615963556341391,0.27375306955886664
klb100,foot_left_actuator_gain,2.0,foot_left_actuator_gain_2,5,-61.982252114881895,113.81949037109912,-98.00616840743643,70.18371618341635,-75.93240381732025,116.728228252475,-0.10344154572440087,0.19905260626841814
klb100,foot_left_damping,0.0,foot_left_damping_0,5,-57.117944089943066,126.2585157026865,-74.14145648572226,143.75505931330525,-71.28497416376709,147.37099092292578,-0.07306598838839998,0.16233541840311097
klb100,foot_left_damping,0.1,foot_left_damping_0p1,5,-46.75227398111317,112.67775553326398,-63.907682598178226,134.5682747774014,-60.210658382284656,136.1184425785825,-0.058231514501185265,0.14538788126500513
klb100,foot_left_damping,0.2,foot_left_damping_0p2,5,-42.66809128564387,95.59635593271736,-66.01154171841917,131.8833605107359,-62.94049437664978,127.47723232187201,-0.05378416678425178,0.12301931616109155
klb100,foot_left_damping,0.3,foot_left_damping_0p3,5,-40.822565786850625,93.07731483310533,-57.7534637843862,124.4931270200635,-52.114103550908304,117.55638693733464,-0.05257609762899035,0.11959034453804956
klb100,foot_left_damping,0.4,foot_left_damping_0p4,5,-16.803514501207815,22.97652436410473,-38.703692481280925,54.81895404120006,-30.1229476842537,38.60047065497803,-0.022982214847458673,0.03011411288088148
klb100,foot_left_damping,0.5,foot_left_damping_0p5,5,-13.932451924543717,30.58232072423477,-0.9670646982616518,16.70683181494919,-14.033864042690812,34.553652478452484,-0.018167222582306887,0.0395847864859334
klb100,foot_left_damping,0.6,foot_left_damping_0p6,5,1.141092508545205,6.120086000872676,-1.365949310346639,9.944000788706193,-10.398487003706919,12.123124295753982,0.0006552759827975639,0.010949534438561276
klb100,foot_left_damping,0.7,foot_left_damping_0p7,5,-1.5062412199066444,34.40780235381129,-2.455337565657783,11.58941944856903,-7.0226028654570545,29.31507383370578,-0.0009131556518622907,0.04732263477370513
klb100,foot_left_damping,0.8,foot_left_damping_0p8,5,0.015796065664983417,11.181432412379264,2.1879019921017404,9.723400401052912,-3.717549151463288,16.645004922203967,-0.000443536109005023,0.01791591806846027
klb100,foot_left_damping,0.9,foot_left_damping_0p9,5,-4.036916095828895,9.077361409199527,1.1599890947379095,8.216714964382435,-6.755342219339241,9.393088833005693,-0.0052166498514102716,0.012894813464717459
klb100,foot_left_damping,1.0,foot_left_damping_1,5,0.0,0.0,0.0,0.0,0.0,0.0,0.0,0.0
klb100,foot_left_damping,1.1,foot_left_damping_1p1,5,-17.857054103698054,30.796902780074152,-7.5869544764194075,12.991820011827611,-19.871066111144692,31.287708091723367,-0.02389015638520136,0.039360076507001164
klb100,foot_left_damping,1.3,foot_left_damping_1p3,5,-4.4686180800683015,14.80401678783768,-2.6625820719448825,6.55974056542233,-6.3425834394406255,14.22134160964971,-0.005528081948102685,0.02047000199202346
klb100,foot_left_damping,1.5,foot_left_damping_1p5,5,-13.665338889761529,40.558531405172275,-33.69421284651678,74.84955391748754,-27.119463895477065,60.83526775040635,-0.015785275847569835,0.05281533808665693
klb100,foot_left_damping,1.7,foot_left_damping_1p7,5,-26.444312845270883,58.958959342796206,-43.90248759301579,92.40264548909764,-35.8554478471759,81.97837098605538,-0.03376797492942696,0.07604649624396569
klb100,foot_left_damping,2.0,foot_left_damping_2,5,-28.77215025710161,88.84045644502442,-48.441969043318934,106.54331348391221,-42.26043621050817,110.2185432326459,-0.03568362961924115,0.11589105291138188
klb100,foot_left_friction,0.0,foot_left_friction_0,5,26.7563846008984,59.190906422471365,10.766261400591247,70.03756038669546,10.446807793356129,56.47384482462644,0.042484957495745365,0.0979514666435978
klb100,foot_left_friction,0.1,foot_left_friction_0p1,5,26.7563846008984,59.190906422471365,10.766261400591247,70.03756038669546,10.446807793356129,56.47384482462644,0.042484957495745365,0.0979514666435978
klb100,foot_left_friction,0.2,foot_left_friction_0p2,5,26.7563846008984,59.190906422471365,10.766261400591247,70.03756038669546,10.446807793356129,56.47384482462644,0.042484957495745365,0.0979514666435978
klb100,foot_left_friction,0.3,foot_left_friction_0p3,5,26.7563846008984,59.190906422471365,10.766261400591247,70.03756038669546,10.446807793356129,56.47384482462644,0.042484957495745365,0.0979514666435978
klb100,foot_left_friction,0.4,foot_left_friction_0p4,5,14.676602470119224,60.46149973550286,-16.2260069150322,78.43751884931467,-0.18550100962521582,64.68716521422881,0.031088404158823836,0.10014996458169931
klb100,foot_left_friction,0.5,foot_left_friction_0p5,5,-18.12780226327096,20.387387198092977,-37.369842845522236,40.268276787096134,-34.28072386253463,31.83366790851905,-0.031099636954194786,0.03278219830171281
klb100,foot_left_friction,0.6,foot_left_friction_0p6,5,-26.31999997988486,39.054966673338065,-68.1773193070882,47.63999541290753,-54.55509268389092,36.35820025089973,-0.03951710498733947,0.056898725731613475
klb100,foot_left_friction,0.7,foot_left_friction_0p7,5,-48.123691535784396,36.75274554784694,-66.69384126942086,66.47145831566905,-61.10119294304583,49.46878421928804,-0.0740848403458523,0.052817621398290424
klb100,foot_left_friction,0.8,foot_left_friction_0p8,5,-59.11842377045157,62.77976575012828,-60.72035648331156,65.35540752104855,-64.1410040656211,54.71849322574622,-0.10294105035779606,0.11935676275245811
klb100,foot_left_friction,0.9,foot_left_friction_0p9,5,-17.406118761535026,30.46328732730961,-14.019230491741018,31.34144994638634,-32.003505100766134,34.987779418007605,-0.03280151851897749,0.05947567987858852
klb100,foot_left_friction,1.0,foot_left_friction_1,5,0.0,0.0,0.0,0.0,0.0,0.0,0.0,0.0
klb100,foot_left_friction,1.1,foot_left_friction_1p1,5,-10.125671559702266,55.32700899264735,-28.628213966060436,94.97706356148527,-23.858829667185,77.71383271083744,-0.006891334869269744,0.0856847836451233
klb100,foot_left_friction,1.3,foot_left_friction_1p3,5,2.5357243780253045,77.64675661734486,-41.718969749075335,104.09817034763932,-33.601430873631294,100.20428271312993,0.018691099666754328,0.1104360774829396
klb100,foot_left_friction,1.5,foot_left_friction_1p5,5,76.78678134178205,52.839605814289634,52.865589241186214,38.60377238338925,50.91616491812605,39.59760357314413,0.12249268317256556,0.07910125749667406
klb100,foot_left_friction,1.7,foot_left_friction_1p7,5,90.5199116579843,55.46262126494636,58.65279945845623,46.599298430548956,63.242471404082494,51.960742766806845,0.14249640168622396,0.08480584640860973
klb100,foot_left_friction,2.0,foot_left_friction_2,5,101.29582336877957,64.37572084469167,80.80876863627478,61.68965091009118,81.3404456069944,63.250254403726615,0.162700413306404,0.10698898908229149
klb100,leg_left_actuator_gain,0.0,leg_left_actuator_gain_0,5,143.88333512249557,175.03344809826078,149.57116727185263,209.58039846547356,147.18069472543914,204.48769877959074,0.19232471424873154,0.2509325091000755
klb100,leg_left_actuator_gain,0.1,leg_left_actuator_gain_0p1,5,102.88869178553807,153.18760178453715,77.59913058817202,140.85305546940268,82.15648591177238,148.5765257751692,0.13486092504687655,0.22006067659299464
klb100,leg_left_actuator_gain,0.2,leg_left_actuator_gain_0p2,5,64.98149857442256,104.5482204870561,61.15979750008687,97.60321990441912,59.65525665846512,95.77212812179651,0.07982233086374668,0.14668246498742338
klb100,leg_left_actuator_gain,0.3,leg_left_actuator_gain_0p3,5,8.445825762332287,46.207383168707686,3.6860866434988226,65.90093099271913,-2.5770781859189014,52.031278213559304,0.0037533328199808704,0.07194351343687823
klb100,leg_left_actuator_gain,0.4,leg_left_actuator_gain_0p4,5,3.106258356404544,89.25569485940144,5.3344261523577305,106.48218314014575,-2.636510288011857,103.2925962645086,8.141238559778441e-05,0.12916151547547988
klb100,leg_left_actuator_gain,0.5,leg_left_actuator_gain_0p5,5,26.638495830641354,91.03094976978882,34.96872514215549,103.74387059460456,28.741951031679537,99.03838504287377,0.02973432502697589,0.14133486058180217
klb100,leg_left_actuator_gain,0.6,leg_left_actuator_gain_0p6,5,24.43610568027117,68.31237533443375,22.541215457051656,73.52896986700483,22.771821545291278,71.68675285183862,0.030828637268657977,0.10369521802841727
klb100,leg_left_actuator_gain,0.7,leg_left_actuator_gain_0p7,5,-9.554965115355333,24.587624804898102,-4.478481186295403,10.950544941435158,-11.658054326342187,34.94159523351166,-0.014161371066061409,0.03454721823777902
klb100,leg_left_actuator_gain,0.8,leg_left_actuator_gain_0p8,5,-21.893752928959294,27.42962195165405,-29.094242603456657,41.63536313215276,-31.653341555507712,36.19789404897545,-0.031720284246766636,0.0406155358471629
klb100,leg_left_actuator_gain,0.9,leg_left_actuator_gain_0p9,5,-24.79133838370559,31.689478651956595,-44.74322993692461,56.940579709205224,-40.1983417448219,50.660300230586195,-0.034261639353233786,0.0446031475170956
klb100,leg_left_actuator_gain,1.0,leg_left_actuator_gain_1,5,0.0,0.0,0.0,0.0,0.0,0.0,0.0,0.0
klb100,leg_left_actuator_gain,1.1,leg_left_actuator_gain_1p1,5,1.0773699633218257,35.63497639558491,8.56578342272329,44.10797185265266,1.834010258705132,50.76332096873058,0.001415882014159614,0.0510802874384798
klb100,leg_left_actuator_gain,1.3,leg_left_actuator_gain_1p3,5,-12.197112717364666,29.578891075456017,-8.413807362981697,17.382193813727977,-24.578354985453313,38.710051476687376,-0.01700743854607924,0.04167027010053259
klb100,leg_left_actuator_gain,1.5,leg_left_actuator_gain_1p5,5,2.4273811434802157,15.317703447141392,-6.0543781261359415,19.123701180229453,-0.9281085414449649,24.17742522728989,0.003042384235848549,0.025354185895066546
klb100,leg_left_actuator_gain,1.7,leg_left_actuator_gain_1p7,5,9.012597852180864,21.069458505070045,-3.3372621049921007,23.713858872631338,-0.5029861313534184,21.923288998083706,0.010515846305696564,0.03120170880807951
klb100,leg_left_actuator_gain,2.0,leg_left_actuator_gain_2,5,-4.876803857445952,19.987544471804526,-13.665322828035722,25.68611372762473,-12.104157259028693,22.449282526218862,-0.007364909072132735,0.03016472951203019
klb100,leg_left_damping,0.0,leg_left_damping_0,5,-4.431900223896685,16.87036856030918,5.486955901979274,7.83435444969764,-6.510883912914698,19.893362686733624,-0.0064754269415539245,0.024442497131723744
klb100,leg_left_damping,0.1,leg_left_damping_0p1,5,-2.7610740769619495,11.291236699948769,2.0423752184341537,13.756795030303653,-2.9893961308342,14.06733001259314,-0.004544925167850452,0.01953223874209409
klb100,leg_left_damping,0.2,leg_left_damping_0p2,5,1.770769852274134,5.922054741540301,2.7548213958639165,9.172841341806766,-1.4108349981034962,8.63241790056222,0.0025934753836386977,0.01048401900314341
klb100,leg_left_damping,0.3,leg_left_damping_0p3,5,-3.3918517448463943,11.405178883996248,6.501620770582065,6.579498620017964,-4.960541507182358,16.62843793811529,-0.004664215111696614,0.01778880446076273
klb100,leg_left_damping,0.4,leg_left_damping_0p4,5,-6.96914706508785,14.016350715839723,3.5817679688287627,7.239213473634401,-7.3544788945273805,13.35316854335489,-0.00921011089070363,0.021081415015810144
klb100,leg_left_damping,0.5,leg_left_damping_0p5,5,-6.674095450067682,15.545573998334175,-2.8160652191990154,7.142847105018797,-12.598947290853868,21.405986346580676,-0.009831177943634226,0.02295380853909772
klb100,leg_left_damping,0.6,leg_left_damping_0p6,5,-9.279858724615883,11.428872271274171,-10.363440165680515,25.793695096057885,-12.469278353959941,19.405876675586143,-0.014413677069118913,0.018684065558911854
klb100,leg_left_damping,0.7,leg_left_damping_0p7,5,-7.8462638285486035,14.282142145459563,3.733945917203937,5.159978085530799,-6.783768198654468,15.936649692087808,-0.011371154395108865,0.020973093519728557
klb100,leg_left_damping,0.8,leg_left_damping_0p8,5,-10.047447313795214,14.187797973335204,-5.9242230057737855,12.896346695445459,-16.85098764296356,22.542226377476943,-0.014017569561098647,0.02027941157454268
klb100,leg_left_damping,0.9,leg_left_damping_0p9,5,0.043237054176256604,8.32974906772037,1.557537935207074,8.309612786051275,-3.927108218579792,9.927700523237247,0.0002970414400299966,0.01338015367593587
klb100,leg_left_damping,1.0,leg_left_damping_1,5,0.0,0.0,0.0,0.0,0.0,0.0,0.0,0.0
klb100,leg_left_damping,1.1,leg_left_damping_1p1,5,-10.461429137581558,15.299297698168843,-0.20570826788438126,8.179365946720308,-13.802304223269436,18.079396423345933,-0.013772082474949482,0.020611865093732865
klb100,leg_left_damping,1.3,leg_left_damping_1p3,5,3.167871111996965,6.597563324533325,9.016315421977685,12.160924978934306,3.7374352065006406,8.340907626689084,0.004036669945123932,0.00940036447562831
klb100,leg_left_damping,1.5,leg_left_damping_1p5,5,-0.371252751032182,17.179165642089988,-1.8991566477372999,11.81350976397288,-7.8690854313782435,21.34059746038016,-0.001538757642750757,0.02480209003369137
klb100,leg_left_damping,1.7,leg_left_damping_1p7,5,-2.571930526482845,12.003193356074561,5.271671130770619,4.766824621060412,-5.440210467025383,10.660121864095323,-0.004333294824423813,0.01691433882849238
klb100,leg_left_damping,2.0,leg_left_damping_2,5,-17.350117264279298,23.193407779096205,-5.609130411670367,15.23674102023123,-19.789665874300123,22.711218804089107,-0.02423567742852526,0.03024945487197425
klb100,thigh_left_actuator_gain,0.0,thigh_left_actuator_gain_0,5,-41.799192205583076,203.39767191548626,-43.96691966856396,214.43112567072922,-37.20991017161712,212.81691780068675,-0.0900156133331221,0.29421777439483376
klb100,thigh_left_actuator_gain,0.1,thigh_left_actuator_gain_0p1,5,43.553695220210486,117.20584818414984,14.849762889538885,139.24144780803996,40.71116995287232,108.82226093132437,0.04409145990564535,0.16785751248949868
klb100,thigh_left_actuator_gain,0.2,thigh_left_actuator_gain_0p2,5,45.11182466959394,135.83396309786175,16.16259961047591,149.30938087084095,18.21658143289502,140.76451256352007,0.05209334817836755,0.19700119986831896
klb100,thigh_left_actuator_gain,0.3,thigh_left_actuator_gain_0p3,5,93.06215600460186,151.2717377444667,81.2257488808938,184.04474022557224,77.24659127974984,171.74994707477066,0.12542947941998833,0.21877261216519467
klb100,thigh_left_actuator_gain,0.4,thigh_left_actuator_gain_0p4,5,99.68696693374612,152.03727311404924,94.40578455988219,184.9613125525604,92.3191271138163,181.97252604408598,0.1377525655103295,0.219081540117539
klb100,thigh_left_actuator_gain,0.5,thigh_left_actuator_gain_0p5,5,49.68681859336989,96.65494811402725,26.35234754857056,84.7489707780546,29.510383123109374,85.48361227759024,0.06648670249503216,0.14249800959643402
klb100,thigh_left_actuator_gain,0.6,thigh_left_actuator_gain_0p6,5,39.701729079958724,64.25735976229599,8.957143090860507,50.96372644377959,8.287570720240286,48.865621182044144,0.05434535417681494,0.09169137449692923
klb100,thigh_left_actuator_gain,0.7,thigh_left_actuator_gain_0p7,5,9.925885840023875,56.04626450326766,8.471758374227182,48.89564243350537,3.353840593313623,36.94964214975685,0.010475745312518275,0.08772449918100346
klb100,thigh_left_actuator_gain,0.8,thigh_left_actuator_gain_0p8,5,44.116016005621745,92.4689536563904,52.389711921398046,89.25093075523958,50.41196127506687,88.63261688535377,0.062089374879387635,0.13436926598476687
klb100,thigh_left_actuator_gain,0.9,thigh_left_actuator_gain_0p9,5,21.650364811168153,84.87291717636812,44.8975470661985,75.00861057743127,31.50733345628705,79.86193075919516,0.03315973899828846,0.12031678429128785
klb100,thigh_left_actuator_gain,1.0,thigh_left_actuator_gain_1,5,0.0,0.0,0.0,0.0,0.0,0.0,0.0,0.0
klb100,thigh_left_actuator_gain,1.1,thigh_left_actuator_gain_1p1,5,3.1501681532123142,38.8132553276508,11.182647577233467,22.45511434982716,5.4927897503194005,34.53745637161489,0.006262398740340483,0.05394301873474457
klb100,thigh_left_actuator_gain,1.3,thigh_left_actuator_gain_1p3,5,58.31880345745634,160.07356689643905,84.13836231225021,193.49377645903397,67.3685845257028,177.89880577159602,0.08494368645083569,0.22950277470919433
klb100,thigh_left_actuator_gain,1.5,thigh_left_actuator_gain_1p5,5,75.43968504498052,176.84124439611156,104.21989723123825,201.13807484529502,92.0765359402697,198.3517479683994,0.1123917517504431,0.2533503894951334
klb100,thigh_left_actuator_gain,1.7,thigh_left_actuator_gain_1p7,5,53.61503519925195,150.1604886643209,84.42548641465015,205.03106097938894,66.8560681748038,183.60724905909282,0.08230740107747639,0.2154113033353976
klb100,thigh_left_actuator_gain,2.0,thigh_left_actuator_gain_2,5,53.09836525195609,111.00575737868917,44.690545879808724,99.32288684169808,55.166652143184784,118.13034493471483,0.07947286650074555,0.15932307232427742
klb100,thigh_left_damping,0.0,thigh_left_damping_0,5,-0.45705011981865484,14.026957447306794,20.236500215960483,25.582323732833245,8.677111958137868,11.663470382421542,-0.0004973076549927763,0.019807563901925656
klb100,thigh_left_damping,0.1,thigh_left_damping_0p1,5,5.536580525848206,15.48179250627102,25.21749977441302,51.20658671676704,10.222812271051328,27.119574683796017,0.008311944927246318,0.022131183876663196
klb100,thigh_left_damping,0.2,thigh_left_damping_0p2,5,-0.23730542747387062,19.97347389739338,19.799157785099805,23.03928650730116,11.721789890939784,15.541956637686352,0.0006085951026128189,0.0275861891083042
klb100,thigh_left_damping,0.3,thigh_left_damping_0p3,5,2.598769999428259,23.167568440921183,9.282074720026538,14.683754815701603,3.9752551282122797,16.08596492326623,0.0024293355350726215,0.03385036887877143
klb100,thigh_left_damping,0.4,thigh_left_damping_0p4,5,-8.579335245550874,20.90269465730479,24.62788095462638,41.490177082141855,5.189530036840006,13.155440271327196,-0.011263660908375878,0.028023069286156235
klb100,thigh_left_damping,0.5,thigh_left_damping_0p5,5,-3.933547556055987,10.270627822695987,-1.2029021685343424,4.19976314877308,1.970788955625403,14.456766891426254,-0.005496909519640785,0.013913377085576703
klb100,thigh_left_damping,0.6,thigh_left_damping_0p6,5,5.420260729595543,19.590221877371828,10.417156660804892,11.66873283395249,9.47264270782282,17.07723630690022,0.007089975294174644,0.028441778022172296
klb100,thigh_left_damping,0.7,thigh_left_damping_0p7,5,6.631898921723905,22.96537657688862,4.896183662349097,10.119236930308162,10.25703331783476,24.906041844468845,0.009084483067513903,0.03351667159617803
klb100,thigh_left_damping,0.8,thigh_left_damping_0p8,5,-5.455970870292458,14.258534846755083,1.9896980532390216,2.9978411705839196,-4.780754922722428,11.514849085369129,-0.00724913617120118,0.019172809404491536
klb100,thigh_left_damping,0.9,thigh_left_damping_0p9,5,2.2738643915740226,9.90234269344516,-1.523791593636986,6.4536806135161715,1.551154307167144,14.342580085167567,0.001868744247077872,0.01529946893483401
klb100,thigh_left_damping,1.0,thigh_left_damping_1,5,0.0,0.0,0.0,0.0,0.0,0.0,0.0,0.0
klb100,thigh_left_damping,1.1,thigh_left_damping_1p1,5,4.434850010983075,16.561510149947676,5.455832515812699,7.432459891718289,-0.8116097551166718,5.530128390811337,0.006302104166706114,0.02370333475358857
klb100,thigh_left_damping,1.3,thigh_left_damping_1p3,5,2.909483965478967,12.082164116610551,0.613802118858905,4.563110274037714,-0.12883389404013315,2.6859469638968196,0.0046308618002077915,0.017269257251263704
klb100,thigh_left_damping,1.5,thigh_left_damping_1p5,5,3.562857710558842,10.58514386686739,1.5082351624971693,3.9241463976263833,-3.198531947988215,8.900671885845185,0.005627411356187551,0.015000460420473767
klb100,thigh_left_damping,1.7,thigh_left_damping_1p7,5,2.511744182691177,22.08133956179116,2.3427401549413274,7.772672499777618,1.5814018032470927,10.517204885101878,0.0035762064960711366,0.03165157104888493
klb100,thigh_left_damping,2.0,thigh_left_damping_2,5,-9.443322951958066,17.003249273168063,4.497296901986658,6.226225780456629,-10.21216099191455,19.527198432325385,-0.011692958352568087,0.023630500787546072
klb2,foot_left_actuator_gain,0.0,foot_left_actuator_gain_0,5,573.7456835103977,314.0760378844524,595.9592607109773,438.88269519270636,603.0410942334511,430.15958167320474,0.6632441023213068,0.35183869585878985
klb2,foot_left_actuator_gain,0.1,foot_left_actuator_gain_0p1,5,157.1281184333634,290.94883398050376,324.37797311987987,445.54914916805564,278.9106946802235,400.03297371195634,0.15030805244149398,0.3425603114397624
klb2,foot_left_actuator_gain,0.2,foot_left_actuator_gain_0p2,5,76.89944525895783,187.4440843149851,191.29995513085106,311.1106798478263,150.81815175880547,251.0433523164001,0.06311771980186201,0.22840684830759772
klb2,foot_left_actuator_gain,0.3,foot_left_actuator_gain_0p3,5,7.3012705501676916,158.51706336448706,52.13799658270591,195.27404940929483,51.202246596143496,213.73558397770108,-0.021322540658096967,0.22746335911907015
klb2,foot_left_actuator_gain,0.4,foot_left_actuator_gain_0p4,5,33.24541348240189,135.87841769017217,48.416046386831546,166.8994731398086,47.23210954726657,190.4855307867957,0.01638115601208453,0.19699544614373868
klb2,foot_left_actuator_gain,0.5,foot_left_actuator_gain_0p5,5,52.64242178418783,197.01956464677096,48.250860915858404,187.14094896922273,111.01056397768653,232.86764169508,0.033286882258245165,0.2752980198214415
klb2,foot_left_actuator_gain,0.6,foot_left_actuator_gain_0p6,5,20.363177338503988,101.836850762307,-7.81496023720149,24.240896535623172,54.634185558479075,136.93170960493597,0.014498198271365925,0.1321657138840738
klb2,foot_left_actuator_gain,0.7,foot_left_actuator_gain_0p7,5,90.86949056215617,161.31474183206342,153.28461307472566,324.47436556995115,161.74363507923104,223.8910817169273,0.10556961361272946,0.19138116973680883
klb2,foot_left_actuator_gain,0.8,foot_left_actuator_gain_0p8,5,66.92671447119805,131.58848592453376,163.42718475020496,318.6824906080874,106.94888120903207,203.69036595072183,0.08189916016931961,0.15319707628871343
klb2,foot_left_actuator_gain,0.9,foot_left_actuator_gain_0p9,5,48.964013849489426,197.78730990410676,165.22277810963288,359.87678189307223,153.50296711934567,317.12085697888006,0.050388405553343826,0.24108503568375111
klb2,foot_left_actuator_gain,1.0,foot_left_actuator_gain_1,5,0.0,0.0,0.0,0.0,0.0,0.0,0.0,0.0
klb2,foot_left_actuator_gain,1.1,foot_left_actuator_gain_1p1,5,26.90739072561835,123.97005954906875,74.20813197163343,174.41528504208318,87.45171958761648,185.15894996170263,0.027418369092064902,0.15043544505423453
klb2,foot_left_actuator_gain,1.3,foot_left_actuator_gain_1p3,5,80.41998578393179,142.41415728772824,152.93596726014206,337.74055886898594,111.9422956870956,251.11476122501566,0.09245327073502665,0.1716008430841462
klb2,foot_left_actuator_gain,1.5,foot_left_actuator_gain_1p5,5,96.59879144114748,118.97179987134697,2.2692497030923504,7.7875446352054425,118.34831287088286,138.3819414783255,0.11052413925902371,0.14162195841973238
klb2,foot_left_actuator_gain,1.7,foot_left_actuator_gain_1p7,5,133.70431313914634,137.99970185993996,172.94923153314886,343.8897265895613,166.27992044092895,201.26870805838433,0.1651404832042062,0.15906623029488123
klb2,foot_left_actuator_gain,2.0,foot_left_actuator_gain_2,5,20.00180102656775,17.257535036882672,9.45059640634263,12.229491521220908,18.862949119299174,22.06687648042697,0.028562409192764055,0.026945317119450952
klb2,foot_left_damping,0.0,foot_left_damping_0,5,46.2034829481492,87.11362799102564,-5.719203631150231,12.414664099681666,64.4119672273937,139.5862362767737,0.059040647946521654,0.10151815720545328
klb2,foot_left_damping,0.1,foot_left_damping_0p1,5,49.08598921984193,161.9487064548568,173.49511488601334,373.7942723992345,113.55926733057345,266.7035914320468,0.050081295773759825,0.1998258195206883
klb2,foot_left_damping,0.2,foot_left_damping_0p2,5,90.63209851421044,172.7796449430152,179.9493823807189,359.11114928439065,161.75382830947416,316.2016727198635,0.11073667149459374,0.20399484651078587
klb2,foot_left_damping,0.3,foot_left_damping_0p3,5,88.50436374834075,138.5365058883049,154.74384575960767,326.49875728588296,118.38086014951664,242.0996013122097,0.11186200211902655,0.16197591298458622
klb2,foot_left_damping,0.4,foot_left_damping_0p4,5,75.932464474327,164.45928716477138,171.6215415312451,338.7070002022849,137.25143617016155,279.33468366920306,0.08809019273182749,0.1958995175881339
klb2,foot_left_damping,0.5,foot_left_damping_0p5,5,49.40831022557628,139.8569897358409,175.88731187800403,341.26372761843254,111.72581629743408,216.57987495803437,0.06251428719397402,0.16367081347893633
klb2,foot_left_damping,0.6,foot_left_damping_0p6,5,20.81681406182406,118.37106436159362,-37.899124445361416,78.52059120051207,34.85091559099959,169.7137085413104,0.0010881238636882395,0.17785459598519016
klb2,foot_left_damping,0.7,foot_left_damping_0p7,5,11.321025115410043,84.80538334567287,-20.91290984871073,45.53995988815042,32.16156545311545,114.12807218873924,0.006339208195065812,0.10815607436968569
klb2,foot_left_damping,0.8,foot_left_damping_0p8,5,27.036119323240836,127.4517189504835,63.644241989880946,175.14517969010427,75.49569705088646,185.2886609744424,0.02644238888375493,0.15583152577181367
klb2,foot_left_damping,0.9,foot_left_damping_0p9,5,55.27365585995979,195.54922411929908,171.43268499786168,374.8652547408685,146.7399939304405,329.1998101529899,0.05524079964870994,0.24173923644903475
klb2,foot_left_damping,1.0,foot_left_damping_1,5,0.0,0.0,0.0,0.0,0.0,0.0,0.0,0.0
klb2,foot_left_damping,1.1,foot_left_damping_1p1,5,32.8744206673224,119.88144009129736,85.98161784173335,163.36649210501818,94.88094043769283,173.82381640673376,0.03937925108258993,0.14122486923785937
klb2,foot_left_damping,1.3,foot_left_damping_1p3,5,36.23055427057095,100.71220623705912,0.43020392386875983,9.119736292221186,74.03654243436685,138.93782387145222,0.05237947308435631,0.11779070100834864
klb2,foot_left_damping,1.5,foot_left_damping_1p5,5,68.23093416402526,195.5994622165964,186.2093942215569,370.0328255877329,160.3760000710664,318.43138068806843,0.07959784150943686,0.23303723985530525
klb2,foot_left_damping,1.7,foot_left_damping_1p7,5,53.38569384523654,148.91596759251632,154.8173156808457,340.3034895652386,109.36358792487677,255.25087611242668,0.05166919257040956,0.18870951236493758
klb2,foot_left_damping,2.0,foot_left_damping_2,5,55.31311553649782,197.7732204702147,164.33769922386716,376.60926069812444,144.8021900710625,326.1715688849155,0.056165708436950526,0.24322328090764503
klb2,foot_left_friction,0.0,foot_left_friction_0,5,-73.71760857579872,49.321595668050065,-9.220675124752939,16.080622741480944,-63.8559501367782,77.24845028045851,-0.11037030112746604,0.09485201311024485
klb2,foot_left_friction,0.1,foot_left_friction_0p1,5,-73.71760857579872,49.321595668050065,-9.220675124752939,16.080622741480944,-63.8559501367782,77.24845028045851,-0.11037030112746604,0.09485201311024485
klb2,foot_left_friction,0.2,foot_left_friction_0p2,1,-83.08963140262756,0.0,-2.1818585726593938,0.0,-176.5214411442347,0.0,-0.12292332800359214,0.0
klb2,foot_left_friction,0.5,foot_left_friction_0p5,5,-40.7432858335877,27.114291436713742,4.211980166509136,13.2211357171635,-16.48241499605332,31.589687501825267,-0.051495410851549975,0.0277303477424273
klb2,foot_left_friction,0.6,foot_left_friction_0p6,5,-55.87467050958244,35.242833425723745,-27.12227686343099,46.61110167148021,-35.574069957733414,39.44316868097908,-0.07929456166295293,0.06131624302024037
klb2,foot_left_friction,0.7,foot_left_friction_0p7,5,-57.74272819768528,29.744016949813116,-9.254797242176164,11.084665720161679,-38.82106763172768,61.320715587652835,-0.07939116713296106,0.04419363045898266
klb2,foot_left_friction,0.8,foot_left_friction_0p8,5,-54.40699958218329,29.84438317845468,1.8038190852132971,8.928129820583372,-34.75802134238154,62.27865597225603,-0.07350290903428494,0.04043749056879431
klb2,foot_left_friction,0.9,foot_left_friction_0p9,5,-16.86454550252454,42.16636001051231,7.922360931318371,19.265286731359442,18.477252743780024,33.98853307508966,-0.019210751786203746,0.05243571783458232
klb2,foot_left_friction,1.0,foot_left_friction_1,5,0.0,0.0,0.0,0.0,0.0,0.0,0.0,0.0
klb2,foot_left_friction,1.1,foot_left_friction_1p1,5,-9.778637983911654,39.664707108467844,4.657375796886379,7.909128803622806,9.430206367759729,17.865952896215784,-0.004415424449275354,0.04772117762602045
klb2,foot_left_friction,1.3,foot_left_friction_1p3,5,-37.29208337932753,47.18378139673878,-18.461880677547356,39.946057531297505,-26.485293511501425,51.48150164016268,-0.05586482681333629,0.07640491143473173
klb2,foot_left_friction,1.5,foot_left_friction_1p5,5,-1.5148785127600148,47.56212869617163,-12.75087634539716,36.53763603962323,9.487656610725628,39.614534492279184,-0.000993557578172627,0.05527734790277834
klb2,foot_left_friction,1.7,foot_left_friction_1p7,5,25.89955552742681,65.98472989469161,20.604391097641347,36.63915639369626,40.515901913711204,46.355627809553866,0.050432694054398944,0.09806748749697443
klb2,foot_left_friction,2.0,foot_left_friction_2,5,20.872799279030595,63.679931341661415,17.188294260705344,39.23274363087234,33.612929789549455,44.10941351399058,0.042972878669241134,0.09199032870466547
klb2,leg_left_actuator_gain,0.0,leg_left_actuator_gain_0,5,730.7826555747552,165.37242863166136,791.1228557474445,210.73362669635188,794.8184452418825,202.70805920189787,0.8936546766205817,0.12523921070450483
klb2,leg_left_actuator_gain,0.1,leg_left_actuator_gain_0p1,5,577.19035947816,334.48020511415524,615.9087770353611,387.7101274982235,618.5942767327382,385.90059535649726,0.7185373687313155,0.36090038320187257
klb2,leg_left_actuator_gain,0.2,leg_left_actuator_gain_0p2,5,391.39060171064887,320.4781437912054,399.5493869700481,411.5757154350902,398.58741857439054,406.7056817447575,0.4788753999946943,0.34006206401918176
klb2,leg_left_actuator_gain,0.3,leg_left_actuator_gain_0p3,5,112.36521555925378,188.13709982933142,195.82501032349356,315.82703624224814,196.26729624309618,317.00759656163194,0.1641131039121555,0.23887018661514073
klb2,leg_left_actuator_gain,0.4,leg_left_actuator_gain_0p4,5,66.64352072621054,251.74657132487988,144.54346957123045,347.72394708368597,147.88150492260993,349.90451623764943,0.06823693381958705,0.308076944895649
klb2,leg_left_actuator_gain,0.5,leg_left_actuator_gain_0p5,5,43.388127844913505,141.14041041972402,162.18657953645894,321.6286643143713,116.44541837519417,226.80872902633527,0.06137603457361714,0.1677460229672903
klb2,leg_left_actuator_gain,0.6,leg_left_actuator_gain_0p6,5,-14.270688356201209,116.51569177058333,53.74964415354846,174.449100665505,51.022266155802676,183.50635168539142,-0.03366841514703874,0.16075195351713237
klb2,leg_left_actuator_gain,0.7,leg_left_actuator_gain_0p7,5,-18.640914397540836,60.0669521094998,-13.646192229994437,19.97229302306257,16.08831297508244,74.5630871021822,-0.026344462320785782,0.07359522726809821
klb2,leg_left_actuator_gain,0.8,leg_left_actuator_gain_0p8,5,-26.374466611425145,43.68870486800219,2.130515624671466,6.841891218953823,-5.881264281098663,11.26782484010695,-0.04045461002576378,0.06015443168616193
klb2,leg_left_actuator_gain,0.9,leg_left_actuator_gain_0p9,5,-9.06223117931654,58.32077860547858,-5.897826746373619,14.728460665871106,9.84218029391717,40.16297671352756,-0.01855014994429083,0.07890713752550493
klb2,leg_left_actuator_gain,1.0,leg_left_actuator_gain_1,5,0.0,0.0,0.0,0.0,0.0,0.0,0.0,0.0
klb2,leg_left_actuator_gain,1.1,leg_left_actuator_gain_1p1,5,16.197987640780706,121.24793037033722,55.668235262432475,167.6446813674113,68.48075285374298,184.6180510893268,0.010803883958506172,0.152140948414942
klb2,leg_left_actuator_gain,1.3,leg_left_actuator_gain_1p3,5,-11.488726520652289,72.98660282887728,-11.882211194245519,24.6251469480554,0.8353032108442108,58.694392107632915,-0.026288560819268697,0.10601631919301993
klb2,leg_left_actuator_gain,1.5,leg_left_actuator_gain_1p5,5,43.81776069214832,91.68469863517423,8.738902398711309,16.30409955881295,69.30291037109293,127.48827033784454,0.053061147759663585,0.10806207687324683
klb2,leg_left_actuator_gain,1.7,leg_left_actuator_gain_1p7,5,102.99978467859111,200.03862714106424,185.58250044843118,372.52444554494554,171.08305939122874,345.0688842526809,0.12407839966341205,0.23705262422100673
klb2,leg_left_actuator_gain,2.0,leg_left_actuator_gain_2,5,98.5937255464174,167.49867196799892,200.37690523956715,374.564281966411,153.81590983164557,271.4389040517549,0.1335297020534564,0.20271845632246752
klb2,leg_left_damping,0.0,leg_left_damping_0,5,55.60655459769163,148.37014989679267,158.99069817867837,327.842174480682,120.85911854668639,243.93243897986204,0.07083974486490137,0.17365553086148308
klb2,leg_left_damping,0.1,leg_left_damping_0p1,5,45.74770998625547,180.59282509448303,149.64555400382034,341.73119745915386,120.26370498636966,291.3589257132585,0.04359875807437217,0.22461739325718355
klb2,leg_left_damping,0.2,leg_left_damping_0p2,5,43.31776513702323,107.9193800852589,84.60691058794104,161.31715668265338,91.23422992296256,172.42344852310842,0.05287408980303774,0.12743602078540026
klb2,leg_left_damping,0.3,leg_left_damping_0p3,5,65.35403805535306,138.14246776824257,158.59634882191142,321.6765288436293,117.83645902051698,242.0176764460851,0.07539148030215097,0.1652250855127977
klb2,leg_left_damping,0.4,leg_left_damping_0p4,5,31.78733487491461,140.1021168683039,131.80568997067638,325.07314391868823,73.6932696808465,219.48437499844306,0.017953750320568417,0.19201421127920787
klb2,leg_left_damping,0.5,leg_left_damping_0p5,5,37.02921121568268,107.31165683063163,61.44864332126415,165.41053779709202,68.56947356058768,173.68654295413688,0.0353942670770804,0.135578040339155
klb2,leg_left_damping,0.6,leg_left_damping_0p6,5,25.072162162080666,131.18722142791194,55.06483577512372,179.92193882842722,61.30384447258408,190.25935678859085,0.009185464038237801,0.18382925152661161
klb2,leg_left_damping,0.7,leg_left_damping_0p7,5,13.6941564606979,101.33970563580023,-16.99686557177595,40.21877607060314,50.33447480978983,150.1695178957001,0.0030438901095138026,0.13771855528906712
klb2,leg_left_damping,0.8,leg_left_damping_0p8,5,41.40923407906659,151.30060298253053,153.10687378084936,321.40554000305315,109.43299215867773,249.5657407614922,0.03659180470492046,0.19318640594208636
klb2,leg_left_damping,0.9,leg_left_damping_0p9,5,33.391239359880544,70.28657167256124,-7.303988294429132,21.873601361835227,44.79982500599253,113.47749142755332,0.038363582371742394,0.08450764268822897
klb2,leg_left_damping,1.0,leg_left_damping_1,5,0.0,0.0,0.0,0.0,0.0,0.0,0.0,0.0
klb2,leg_left_damping,1.1,leg_left_damping_1p1,5,24.922338327956915,103.20725040611757,-9.838565019309215,23.53893169448858,57.835434634832055,146.0458933178605,0.015241049455890204,0.14111422141356383
klb2,leg_left_damping,1.3,leg_left_damping_1p3,5,23.439707839734684,75.69870064847375,-5.1984549366101875,12.127347610441735,48.169175870559,103.32717733454018,0.02723614933721504,0.09003874515168947
klb2,leg_left_damping,1.5,leg_left_damping_1p5,5,44.63579463208407,127.38093999425227,93.29358626278736,217.42950173470263,79.73368184629518,199.82790843511629,0.04301773279940265,0.16091442658453814
klb2,leg_left_damping,1.7,leg_left_damping_1p7,5,42.76281115680382,185.65206278877622,152.48605701474273,359.0295024202579,118.71128845367234,293.82424298563075,0.03030218636763804,0.24508881093882065
klb2,leg_left_damping,2.0,leg_left_damping_2,5,67.62792362126538,128.4135518349558,160.35355582764063,319.09031594448993,108.75724787996842,210.32236909999185,0.09172141994491266,0.15097410648356624
klb2,thigh_left_actuator_gain,0.0,thigh_left_actuator_gain_0,5,619.9138547460192,227.2497263374686,703.2721658041941,374.7080125634553,674.0376825820774,289.21990515068575,0.7848534725967975,0.24486117729611298
klb2,thigh_left_actuator_gain,0.1,thigh_left_actuator_gain_0p1,5,536.4234449419449,277.62913488469735,639.7519824102825,419.8192019050709,588.8572296307259,364.20762658933535,0.6878612731751449,0.3269007671935565
klb2,thigh_left_actuator_gain,0.2,thigh_left_actuator_gain_0p2,5,387.84342784286827,194.3885975997168,389.02167478760134,428.01080242229716,423.56326944137606,254.77864055370716,0.4913504503432356,0.28406377258747256
klb2,thigh_left_actuator_gain,0.3,thigh_left_actuator_gain_0p3,5,280.2329339551721,257.60150206464107,382.6495894954685,427.07101920023996,307.7260974656915,305.8446202847091,0.35176830918842283,0.37113126488034504
klb2,thigh_left_actuator_gain,0.4,thigh_left_actuator_gain_0p4,5,204.10126027752966,223.14626953852485,252.81152386662916,399.80027769677577,212.2631642884647,298.9039954708507,0.2826435820581654,0.32123290074639715
klb2,thigh_left_actuator_gain,0.5,thigh_left_actuator_gain_0p5,5,87.04286299667335,161.28682770392496,226.3185486793888,411.67967679959514,154.87308464890015,270.56533700905493,0.1249577716776525,0.23269167023200377
klb2,thigh_left_actuator_gain,0.6,thigh_left_actuator_gain_0p6,5,15.486280132636216,107.44870215714377,191.96259637910583,376.84931101620583,75.39657895389499,149.09288316649938,0.026822945904195226,0.154020818426829
klb2,thigh_left_actuator_gain,0.7,thigh_left_actuator_gain_0p7,5,-8.974666259606693,60.701251338574586,-1.6757132318833101,33.55148623388349,18.663906932049816,71.96875451969031,-0.0093047862249088,0.08780201502857654
klb2,thigh_left_actuator_gain,0.8,thigh_left_actuator_gain_0p8,5,-39.03267412673872,46.97938308090405,4.874739531257785,12.463684753282907,-5.874589481263206,28.409501366750668,-0.04240490575076007,0.054663891690080485
klb2,thigh_left_actuator_gain,0.9,thigh_left_actuator_gain_0p9,5,-34.23742753017564,82.2463008085941,66.00626159749177,159.55906704672185,29.05031753119737,80.6048200861902,-0.04478173596358363,0.12192136062661733
klb2,thigh_left_actuator_gain,1.0,thigh_left_actuator_gain_1,5,0.0,0.0,0.0,0.0,0.0,0.0,0.0,0.0
klb2,thigh_left_actuator_gain,1.1,thigh_left_actuator_gain_1p1,5,38.11398921384959,125.31420404421017,165.61034010491414,340.53508547046573,83.27526745005416,126.80504226165569,0.03820161612512623,0.17465834711411984
klb2,thigh_left_actuator_gain,1.3,thigh_left_actuator_gain_1p3,5,52.97359689197608,109.54556364554095,-21.80995849451624,22.046437663103614,7.8201868222028565,74.19811875578122,0.053466875059825815,0.1291978189908848
klb2,thigh_left_actuator_gain,1.5,thigh_left_actuator_gain_1p5,5,-35.67741065221962,55.75251611870674,-20.55319357235719,21.769131266073902,-66.4296414842572,90.87523336092555,-0.05483901535872319,0.07995210556800106
klb2,thigh_left_actuator_gain,1.7,thigh_left_actuator_gain_1p7,5,103.22540646445213,159.20053452051988,358.6506928288156,398.05055668491764,176.82333956412305,196.0065767532858,0.1431975629287427,0.18607161408314357
klb2,thigh_left_actuator_gain,2.0,thigh_left_actuator_gain_2,5,130.57204381935816,224.69112717570576,353.92603979024403,395.5574188028032,258.85849854451635,320.0683917295356,0.166090404879331,0.2724191279858966
klb2,thigh_left_damping,0.0,thigh_left_damping_0,5,60.204197710523864,129.5600330920063,149.59483083347268,315.10568327488573,100.06821588769313,210.06124653265059,0.07112160334949139,0.15271150348614493
klb2,thigh_left_damping,0.1,thigh_left_damping_0p1,5,70.9096921137565,178.91547589308388,167.6484380157561,341.2332342373737,152.18938808109235,307.90675678500173,0.07986747594387132,0.21594765847412506
klb2,thigh_left_damping,0.2,thigh_left_damping_0p2,5,54.40687065870948,160.13850143084645,149.00585196557248,361.53557249581945,106.08827731342754,261.93480803377724,0.05138402082662106,0.20485613533251038
klb2,thigh_left_damping,0.3,thigh_left_damping_0p3,5,23.00019630075392,97.79045394663152,-4.935481880491705,14.593940674214716,62.899148385691774,138.73389919085653,0.020126633695514998,0.12350838940705909
klb2,thigh_left_damping,0.4,thigh_left_damping_0p4,5,39.15170875294511,140.59327208806607,156.85683088761874,349.8103450331249,90.94541968599134,225.9645757601679,0.036134466842202256,0.17758200254994622
klb2,thigh_left_damping,0.5,thigh_left_damping_0p5,5,35.26496006001853,95.4224498167359,-4.098835325742277,19.97518966237366,70.12549617455967,154.81533089505388,0.042365111895576714,0.11297304984308636
klb2,thigh_left_damping,0.6,thigh_left_damping_0p6,5,23.969390262084016,91.2204519432046,-9.145750147394802,28.047521344197197,58.54769665366452,142.17702514172416,0.023289346939728638,0.11313786856310858
klb2,thigh_left_damping,0.7,thigh_left_damping_0p7,5,35.864830150852434,171.97172975523011,151.48713378760138,373.8184218516874,101.68971441803245,270.91794076368166,0.021842767518104544,0.23016314298827278
klb2,thigh_left_damping,0.8,thigh_left_damping_0p8,5,46.29027995750164,141.2449203521724,152.70668958933075,328.04783046310723,88.73392321434243,219.4803894729792,0.03549905347099766,0.19185868394677866
klb2,thigh_left_damping,0.9,thigh_left_damping_0p9,5,29.78351436778282,86.26821255265787,5.70599412733452,7.390335608530121,47.543027188399535,119.24074394472257,0.022207175242031186,0.11902903569483095
klb2,thigh_left_damping,1.0,thigh_left_damping_1,5,0.0,0.0,0.0,0.0,0.0,0.0,0.0,0.0
klb2,thigh_left_damping,1.1,thigh_left_damping_1p1,5,47.33753867258074,76.62963639054098,4.740083491414919,6.639392195583821,69.3244934628748,124.66086278211881,0.061907567396938055,0.09113692394495071
klb2,thigh_left_damping,1.3,thigh_left_damping_1p3,5,76.84607803713341,213.84278376007626,181.60770961604806,372.29314743636985,176.35065177589127,363.40537123008494,0.0876938523601021,0.25663166594910164
klb2,thigh_left_damping,1.5,thigh_left_damping_1p5,5,65.96092968662559,197.24152212507332,174.05257793810813,375.0357001958637,143.00057419698328,331.05898795877516,0.06650491789328786,0.24551239849496914
klb2,thigh_left_damping,1.7,thigh_left_damping_1p7,5,53.876421592641485,152.00987272083754,170.7662049066511,376.3692928136305,118.2096346015775,262.1449160821697,0.0518150740130243,0.1929093631161618
klb2,thigh_left_damping,2.0,thigh_left_damping_2,5,28.284300125392406,94.36061444674901,-1.396085745609446,9.81130301503725,70.27179138205112,140.49625611892597,0.03037062485885165,0.11461682674435059
klb20,foot_left_actuator_gain,0.0,foot_left_actuator_gain_0,5,-45.39905782617664,562.2952246276561,-70.47085418411304,592.5436270656147,-82.133624718828,585.6870222302662,-0.6843352348498895,1.5045259775768705
klb20,foot_left_actuator_gain,0.1,foot_left_actuator_gain_0p1,5,34.08202845046458,445.8977013397591,10.154269763016952,459.8417848052575,2.976905516366037,457.78378704079955,-0.5973515970429066,1.7440137617908955
klb20,foot_left_actuator_gain,0.2,foot_left_actuator_gain_0p2,5,-150.6573591992323,499.33012520870295,-249.82600412261658,587.3559090471706,-200.52196869918862,543.0433327321076,-0.525768673184969,1.0598209740856213
klb20,foot_left_actuator_gain,0.3,foot_left_actuator_gain_0p3,5,-142.56066496600715,477.8310210647234,-251.65102317742085,574.4967360183965,-182.47255866971642,513.552316679745,-0.4764269166064933,0.9645451024451969
klb20,foot_left_actuator_gain,0.4,foot_left_actuator_gain_0p4,5,-55.35644299864812,435.8316977359025,-77.99154461314546,475.06044225585805,-81.04533170090318,479.1153544904006,0.002817252924485958,0.5189897519162484
klb20,foot_left_actuator_gain,0.5,foot_left_actuator_gain_0p5,5,-83.65007143660216,437.3028186619547,-114.92457904708871,485.3967386783446,-120.80152049518604,495.5141729714434,-0.03883336709017511,0.5212417912689418
klb20,foot_left_actuator_gain,0.6,foot_left_actuator_gain_0p6,5,-109.06973548365625,446.17619144229747,-146.89708243651233,494.6802741189798,-149.1236616995268,498.23705660263806,-0.1181233982335727,0.5015923771048305
klb20,foot_left_actuator_gain,0.7,foot_left_actuator_gain_0p7,5,-104.59573907011517,353.8933953957073,-162.68942249977505,472.4487394566437,-134.66634273876622,422.94738808238867,-0.20286818170349577,0.44481422560832995
klb20,foot_left_actuator_gain,0.8,foot_left_actuator_gain_0p8,5,-77.14934920271067,283.2220550176603,-106.812424886831,319.9470421009101,-112.51961977266023,325.52278632543664,-0.07176397580644389,0.3236738536847573
klb20,foot_left_actuator_gain,0.9,foot_left_actuator_gain_0p9,5,-53.60186019285438,130.74150898722598,6.364520463035348,62.46192606665212,-32.061339488151475,112.09773433993288,-0.08009108728029062,0.15204510563065354
klb20,foot_left_actuator_gain,1.0,foot_left_actuator_gain_1,5,0.0,0.0,0.0,0.0,0.0,0.0,0.0,0.0
klb20,foot_left_actuator_gain,1.1,foot_left_actuator_gain_1p1,5,-58.42835515181694,175.41151280926695,-15.791041356744909,89.72758754257161,-25.762463192766244,110.14938982445821,-0.09610044125796972,0.21374879822547324
klb20,foot_left_actuator_gain,1.3,foot_left_actuator_gain_1p3,5,-30.761691974249892,151.30172189394477,11.155034477103026,48.331855005147496,-12.529419874401828,67.32829335324678,-0.054807797030377636,0.17577572078596396
klb20,foot_left_actuator_gain,1.5,foot_left_actuator_gain_1p5,5,-30.81367920580434,155.53272894205455,5.04650641916503,66.54904029132794,-3.2312809886372036,65.8230411637827,0.036481020609350615,0.2578624481175305
klb20,foot_left_actuator_gain,1.7,foot_left_actuator_gain_1p7,5,-27.01815016721749,192.89054862038842,-47.79441092566636,174.87654672570233,-36.86608708413945,151.94405462501356,0.05228568416616863,0.30135812070034634
klb20,foot_left_actuator_gain,2.0,foot_left_actuator_gain_2,5,-33.07174698001073,246.60783536510115,-7.125359056847879,156.0557446131329,-15.447790991274553,163.52541797114722,0.02579219437582402,0.31414077538942
klb20,foot_left_damping,0.0,foot_left_damping_0,5,14.6824939450459,80.28261750662914,9.181995729486863,31.608898232321334,8.553971622830243,34.16352476886368,0.03865830339112345,0.09655464652068063
klb20,foot_left_damping,0.1,foot_left_damping_0p1,5,8.241599927946453,49.94394606972025,-0.631520141687622,28.109164328233334,-5.650531837771245,28.312255910430043,0.003271856628726047,0.0668335072809124
klb20,foot_left_damping,0.2,foot_left_damping_0p2,5,-12.277454693560008,38.709915795249195,-2.026275427124392,13.49647785011367,-6.416864132821582,9.082666555604929,-0.052295810463075375,0.10403297910857788
klb20,foot_left_damping,0.3,foot_left_damping_0p3,5,-11.966625968329828,75.83099021446014,1.4126701067294334,28.510042987482933,-5.728093470685883,27.07955003372384,-0.09366714017934516,0.22597330202602325
klb20,foot_left_damping,0.4,foot_left_damping_0p4,5,13.403190829877712,44.52905117250998,11.931756369884273,16.913868634384354,1.4850727329981226,17.21609186394438,-0.022756090171616044,0.12766355194387843
klb20,foot_left_damping,0.5,foot_left_damping_0p5,5,5.253428336427731,50.71756070692569,7.948597870197159,13.505964956038893,2.7651447775848963,16.913818668208886,-0.057044420336976556,0.19514117177875948
klb20,foot_left_damping,0.6,foot_left_damping_0p6,5,-2.2426359019879043,50.57173567274851,2.429199749254906,22.40171243533203,0.172341568656816,26.59649594982079,-0.05438156926133819,0.17193486132749378
klb20,foot_left_damping,0.7,foot_left_damping_0p7,5,-20.98314723175842,55.01732683895452,-1.2352340579818928,20.197714774276687,-7.936147562865273,20.035784241812177,-0.06431599691596018,0.13155681679641754
klb20,foot_left_damping,0.8,foot_left_damping_0p8,5,-17.16962615542348,36.17914292804335,-9.692342044936868,19.356601098219336,-11.356587711529965,20.869097258912177,-0.05587715833018132,0.11323633919105858
klb20,foot_left_damping,0.9,foot_left_damping_0p9,5,-8.58084108301827,56.11255493153481,10.666852774904873,13.284221921428387,1.578246535872978,6.7871571032357485,-0.01000103174162804,0.06166391385863628
klb20,foot_left_damping,1.0,foot_left_damping_1,5,0.0,0.0,0.0,0.0,0.0,0.0,0.0,0.0
klb20,foot_left_damping,1.1,foot_left_damping_1p1,5,-16.864891578574447,27.41602955723444,-7.249638017145822,18.85760126276965,-9.952390305051688,20.391379640928648,-0.06711367175505249,0.12925857919527564
klb20,foot_left_damping,1.3,foot_left_damping_1p3,5,22.34288112048329,27.903085890608146,12.744767520895607,28.37656323288073,10.22354358874955,18.59628495131138,0.04661658519707613,0.04455207260408704
klb20,foot_left_damping,1.5,foot_left_damping_1p5,5,-7.647792561166005,52.61884732099505,-0.8807747411232867,23.359940557178664,-2.6765713035696366,23.48430373183004,0.004889234477263561,0.06502961116421101
klb20,foot_left_damping,1.7,foot_left_damping_1p7,5,-19.088388954004426,20.627505128438635,-20.373917026071503,18.36564941607421,-19.889867428405285,19.878719624915664,-0.04368288025908144,0.05923956049401855
klb20,foot_left_damping,2.0,foot_left_damping_2,5,-23.712072602441715,35.326325860817306,-17.634657942131877,29.07115819592715,-22.491985357566648,36.9608964255506,-0.04566944165417558,0.06857745220793132
klb20,foot_left_friction,0.0,foot_left_friction_0,5,-164.35039465311763,282.9186163244616,-178.85248895941723,349.68645599428135,-175.24614392687724,334.4736478620724,-0.370673806378694,0.5353578000811804
klb20,foot_left_friction,0.1,foot_left_friction_0p1,5,-164.35039465311763,282.9186163244616,-178.85248895941723,349.68645599428135,-175.24614392687724,334.4736478620724,-0.370673806378694,0.5353578000811804
klb20,foot_left_friction,0.2,foot_left_friction_0p2,5,-164.35039465311763,282.9186163244616,-178.85248895941723,349.68645599428135,-175.24614392687724,334.4736478620724,-0.370673806378694,0.5353578000811804
klb20,foot_left_friction,0.3,foot_left_friction_0p3,5,-164.35039465311763,282.9186163244616,-178.85248895941723,349.68645599428135,-175.24614392687724,334.4736478620724,-0.370673806378694,0.5353578000811804
klb20,foot_left_friction,0.4,foot_left_friction_0p4,5,-159.43329450581336,317.0314294130823,-196.59820873025956,453.993021004702,-172.0071380457814,391.01359213223213,-0.3550022503022946,0.5366338848035221
klb20,foot_left_friction,0.5,foot_left_friction_0p5,5,-138.95057206610605,240.08479840153655,-125.96389242472765,202.79964930442023,-152.4337026304436,252.09988052196437,-0.28807995469945913,0.4020092419492745
klb20,foot_left_friction,0.6,foot_left_friction_0p6,5,-144.01264647224178,232.90774183821046,-104.80605603977756,158.13958154362288,-151.89164322847788,239.66542879471297,-0.3154568284467458,0.43845951360945934
klb20,foot_left_friction,0.7,foot_left_friction_0p7,5,-121.13564110463271,114.22759829218363,-71.82784520715698,79.42318176357698,-87.78662132949125,96.84587290199204,-0.27147543959574183,0.33380194024754234
klb20,foot_left_friction,0.8,foot_left_friction_0p8,5,-92.19228551140557,119.26968592287331,-69.89946576768556,111.5551171547019,-77.23003260841145,116.48217117076922,-0.3231564489781032,0.577351128759188
klb20,foot_left_friction,0.9,foot_left_friction_0p9,5,-92.55795273543247,138.89044437359127,-92.33227870694174,142.9827627202413,-95.97639073474164,146.94865641013055,-0.3867573511865321,0.7139242160503293
klb20,foot_left_friction,1.0,foot_left_friction_1,5,0.0,0.0,0.0,0.0,0.0,0.0,0.0,0.0
klb20,foot_left_friction,1.1,foot_left_friction_1p1,5,-11.689292124623242,82.89661130054648,8.095817292488135,17.898118730787623,4.546670614002025,20.45995129652096,0.05488806849549553,0.18770178958130906
klb20,foot_left_friction,1.3,foot_left_friction_1p3,5,81.6081215241521,63.18570471922207,46.398999613482886,51.48858158295485,48.304229711414585,44.578611526376335,0.18640652640645436,0.20207651194895904
klb20,foot_left_friction,1.5,foot_left_friction_1p5,5,149.12358605708147,91.10571617788672,145.3085690327204,104.91087611239978,137.37688781007765,98.52945493252189,0.2698303714559339,0.207235892887785
klb20,foot_left_friction,1.7,foot_left_friction_1p7,5,201.9764724071623,119.07945388460531,197.47737395085866,143.41138828893043,189.02688787818357,139.00841565081464,0.34979737969054636,0.21156268982134863
klb20,foot_left_friction,2.0,foot_left_friction_2,5,244.9218773897459,158.72556990590442,220.6613357601015,169.45254771940537,217.50015582222994,168.52303998653267,0.4144808500877786,0.26476793628312406
klb20,leg_left_actuator_gain,0.0,leg_left_actuator_gain_0,5,123.27196409579047,196.87941331706452,114.59247668899506,190.49812760567914,110.99984534570163,182.62544089622654,0.0317559909324853,0.4352443795266608
klb20,leg_left_actuator_gain,0.1,leg_left_actuator_gain_0p1,5,91.36103105011378,179.94228438395004,115.30848145600689,138.06815374391337,98.16655727817083,146.3068803918803,-0.04484593998474161,0.5123887500321016
klb20,leg_left_actuator_gain,0.2,leg_left_actuator_gain_0p2,5,89.06445975251081,157.27355247540208,98.65334867532965,141.6398523229648,92.83685481184561,139.79923239802835,0.008213611989186766,0.36858471359357975
klb20,leg_left_actuator_gain,0.3,leg_left_actuator_gain_0p3,5,119.13460233643596,126.52382150684876,107.87282679623772,135.83335541435306,101.82387934130467,130.7684257160175,0.1347255108073146,0.17181506865305138
klb20,leg_left_actuator_gain,0.4,leg_left_actuator_gain_0p4,5,59.70727009785786,58.688208422606415,39.55307852330734,58.92053796098705,38.13994567058529,53.60906246861176,0.07278460894398667,0.07977484254262658
klb20,leg_left_actuator_gain,0.5,leg_left_actuator_gain_0p5,5,28.048710517838987,44.36411246066983,23.065775189093422,38.47602989064785,19.944141029815114,36.09634858016675,0.04170479697302484,0.05290386360365597
klb20,leg_left_actuator_gain,0.6,leg_left_actuator_gain_0p6,5,-16.39044137730628,88.37606237235607,11.078551972752393,17.30286744391387,2.0576280368912365,18.304366560215083,-0.045693848276584716,0.1322501820284577
klb20,leg_left_actuator_gain,0.7,leg_left_actuator_gain_0p7,5,1.8218487670854926,63.67185434429591,-22.454821863087925,53.03714183972501,-17.285639540070974,40.8585405020254,0.013173134685899474,0.07341286934010344
klb20,leg_left_actuator_gain,0.8,leg_left_actuator_gain_0p8,5,-40.055207350595275,103.3053608447156,-13.039906069429957,28.712468190381596,-18.583973621594964,42.36565498852598,-0.06660424712213597,0.1385359609561638
klb20,leg_left_actuator_gain,0.9,leg_left_actuator_gain_0p9,5,18.394249135966266,34.88747251326649,-0.013939330936767646,14.716635154398064,-3.7979493377771236,21.53386702725845,0.011184745332044102,0.07961047550948726
klb20,leg_left_actuator_gain,1.0,leg_left_actuator_gain_1,5,0.0,0.0,0.0,0.0,0.0,0.0,0.0,0.0
klb20,leg_left_actuator_gain,1.1,leg_left_actuator_gain_1p1,5,4.626443798496188,64.0211134237972,-2.6585181240694054,28.290416633658683,-5.482718067345417,24.553392038576956,0.02013052625989705,0.07706525857069503
klb20,leg_left_actuator_gain,1.3,leg_left_actuator_gain_1p3,5,-19.42423541334095,49.95607117257836,-3.752255759822026,19.60916297925836,-8.600137824347218,22.51948213187549,-0.023807772661996504,0.055573060925041266
klb20,leg_left_actuator_gain,1.5,leg_left_actuator_gain_1p5,5,-23.809024511800168,35.55249770213961,-34.654232580532764,60.329657778629155,-32.62100927113838,47.0898429728387,-0.042212308630461104,0.06957715851919344
klb20,leg_left_actuator_gain,1.7,leg_left_actuator_gain_1p7,5,-20.43162254365844,60.64872222137696,-28.662703308838672,31.86662695758473,-32.70785595276806,33.49489928223556,-0.029575417181670498,0.08877585026788944
klb20,leg_left_actuator_gain,2.0,leg_left_actuator_gain_2,5,-101.71958147379864,84.29783038585018,-60.916902759402454,67.28850961685643,-72.870877982726,61.42116352691922,-0.13538136791390185,0.10944552511641994
klb20,leg_left_damping,0.0,leg_left_damping_0,5,14.264455671723443,18.598644309419733,-7.856880014652472,22.847189173523414,-5.06022697110198,19.994131290434595,0.01702427825347533,0.030805715346131687
klb20,leg_left_damping,0.1,leg_left_damping_0p1,5,33.06512670968048,44.26932461651218,-1.0690248539665959,33.9888769841888,1.0224328308063946,32.6071535930287,0.04389541094880881,0.04252552669680091
klb20,leg_left_damping,0.2,leg_left_damping_0p2,5,-3.9642561531735225,7.621053957266618,-8.447192389146688,17.67919854186179,-7.7857754497660325,15.182121578769719,-0.009878647542025203,0.0181620228609927
klb20,leg_left_damping,0.3,leg_left_damping_0p3,5,15.607383283299203,12.860144958975065,-4.977573844214589,22.64242532361418,-2.198685715009475,21.24200192583928,0.022931930474611957,0.015123685400186968
klb20,leg_left_damping,0.4,leg_left_damping_0p4,5,26.9005145033397,31.134107526012258,-4.626258110542449,29.683618880984042,-0.4448955085226373,29.400964044476,0.03228677940986883,0.055234535683900174
klb20,leg_left_damping,0.5,leg_left_damping_0p5,5,39.984266082824554,50.92411478832293,12.533638196890104,39.318254815481524,9.327909492998533,32.27041404439109,0.029860314592352267,0.0873564773106158
klb20,leg_left_damping,0.6,leg_left_damping_0p6,5,31.62759025079773,33.549281959672406,5.306330600581896,29.40751807298922,6.0153596754442615,28.576172434746237,0.03680077776715688,0.04333276449801153
klb20,leg_left_damping,0.7,leg_left_damping_0p7,5,3.892544029826257,35.5463384033801,8.357822360470312,25.37352557761885,12.442110331587235,24.91797416467707,-0.029663358226282834,0.12631073071524881
klb20,leg_left_damping,0.8,leg_left_damping_0p8,5,24.294565775516304,32.84103905109292,-12.062504053734505,26.383283739863938,-5.2107082569284895,17.450448175437785,0.035757249820035426,0.03830226454148573
klb20,leg_left_damping,0.9,leg_left_damping_0p9,5,13.031661992894806,61.81153363374682,-3.356741310589416,45.732447689783335,-1.0622107912941203,38.92187021964245,0.01524445700849723,0.07855491975535325
klb20,leg_left_damping,1.0,leg_left_damping_1,5,0.0,0.0,0.0,0.0,0.0,0.0,0.0,0.0
klb20,leg_left_damping,1.1,leg_left_damping_1p1,5,13.9230052009727,21.85249225560735,-13.024869571310251,22.27255955655269,-10.791228249417731,17.741911375067556,0.015229888111418208,0.02146090371630231
klb20,leg_left_damping,1.3,leg_left_damping_1p3,5,30.627052966923987,44.46252178215729,-1.5584182098413124,27.61490535139257,0.582783301311855,23.401510830753566,0.03867745648176108,0.04094596061896661
klb20,leg_left_damping,1.5,leg_left_damping_1p5,5,34.303587601901384,39.29884554376908,-3.942159459215168,13.410492699722123,4.154943426602728,8.738732932652667,0.048739382636931984,0.036586457819061925
klb20,leg_left_damping,1.7,leg_left_damping_1p7,5,-3.0356035946540203,25.24381854223552,-9.731214029365537,15.585860267751123,-6.279723293935859,13.803635917827627,-0.02653737599043432,0.07487613873164385
klb20,leg_left_damping,2.0,leg_left_damping_2,5,25.736423170797373,50.107148766146494,1.6885254494130095,28.738231697293756,1.98939269071833,22.796345424761743,-0.008105153223884547,0.1143639469809097
klb20,thigh_left_actuator_gain,0.0,thigh_left_actuator_gain_0,5,69.37679008153629,182.44850818704535,79.47452931489977,142.93735058687713,70.57475715953365,148.21236978784913,0.11873131931904572,0.24150393003271603
klb20,thigh_left_actuator_gain,0.1,thigh_left_actuator_gain_0p1,5,111.55859522643314,151.29735254675035,106.2512456581322,120.97205553096546,104.82651357194054,120.00329621222275,0.11465208803024951,0.1504780153441074
klb20,thigh_left_actuator_gain,0.2,thigh_left_actuator_gain_0p2,5,111.38255646717093,172.53087801034744,94.07993398914311,136.29404187401593,92.11499445697007,137.5947871566951,0.09660028195268677,0.18566299976423953
klb20,thigh_left_actuator_gain,0.3,thigh_left_actuator_gain_0p3,5,136.27862962778806,170.99015971444223,111.32200570779341,147.46125745490082,106.74170511825278,147.92024635031925,0.2139557588071181,0.22384518231290793
klb20,thigh_left_actuator_gain,0.4,thigh_left_actuator_gain_0p4,5,87.93688275215956,182.08674151916915,85.31622168009486,140.02562377743365,79.08402233427103,140.42097246924288,-0.00020125337943517895,0.30176353347465384
klb20,thigh_left_actuator_gain,0.5,thigh_left_actuator_gain_0p5,5,68.5267895615252,156.06730635354126,57.25373299711098,118.38467062286612,57.58869656670224,119.30669181729462,-0.006352171676419332,0.24863988210920812
klb20,thigh_left_actuator_gain,0.6,thigh_left_actuator_gain_0p6,5,82.36890614727751,129.50552364289658,56.498310938298076,96.05491076101305,59.01356507319713,101.13300637736472,0.06521331427789437,0.1479826845120276
klb20,thigh_left_actuator_gain,0.7,thigh_left_actuator_gain_0p7,5,66.60867674715246,78.6927411347384,28.102345404374354,54.78221775906863,25.444570710937292,45.276445563975514,0.093521357688654,0.08264984495385097
klb20,thigh_left_actuator_gain,0.8,thigh_left_actuator_gain_0p8,5,51.85948295529495,61.19879579321173,-2.83336454492985,11.808735482609878,13.272679062343382,26.157842130469582,0.054937353888548125,0.06484911346711895
klb20,thigh_left_actuator_gain,0.9,thigh_left_actuator_gain_0p9,5,23.351813075269707,49.179774303309564,1.3419972583643982,11.815592593340062,-1.53046374267185,9.196985025381249,-0.012090972981154316,0.11997726402022685
klb20,thigh_left_actuator_gain,1.0,thigh_left_actuator_gain_1,5,0.0,0.0,0.0,0.0,0.0,0.0,0.0,0.0
klb20,thigh_left_actuator_gain,1.1,thigh_left_actuator_gain_1p1,5,-11.026443596223192,57.64237255402207,-8.67840826563064,32.71800062695795,-8.387884020621737,33.983690177433566,-0.02990566377997058,0.07364649546214647
klb20,thigh_left_actuator_gain,1.3,thigh_left_actuator_gain_1p3,5,-65.86929150717916,131.84816788693735,-54.1592217747306,111.3282957942909,-63.714061400694334,130.1832459029199,-0.09821360926666223,0.15299753612977932
klb20,thigh_left_actuator_gain,1.5,thigh_left_actuator_gain_1p5,5,-234.545451986045,338.2945025337289,-263.32864986895777,399.97723171859036,-268.82322993802933,392.5592471511847,-0.4860717066140555,0.5708205941953467
klb20,thigh_left_actuator_gain,1.7,thigh_left_actuator_gain_1p7,5,-214.5969101538639,225.3060640155905,-183.64220654500903,229.2650547018901,-196.34660672719264,249.44172615870247,-0.4944301346165444,0.5932233107156646
klb20,thigh_left_actuator_gain,2.0,thigh_left_actuator_gain_2,5,-179.09985580685807,192.17799818430618,-164.15667032231835,204.38821717050655,-190.03628514830595,205.3262616941252,-0.404406031012394,0.4855779873180533
klb20,thigh_left_damping,0.0,thigh_left_damping_0,5,6.114349208796784,31.401968481942646,-8.795081346072129,18.807064248084338,-12.398388591868075,21.09620430637094,-0.03318545482702383,0.12197119410172526
klb20,thigh_left_damping,0.1,thigh_left_damping_0p1,5,-3.2703859356437137,34.34633538149949,-10.371199114422359,32.94987078053072,-7.323089125894444,29.394770102713327,-0.05419241136100681,0.13920212871897603
klb20,thigh_left_damping,0.2,thigh_left_damping_0p2,5,0.03608967733472923,66.08899407336185,-1.2734518463018163,15.88350648743436,-3.20611635277823,18.910529324712964,-0.04041830375558182,0.12053383158617584
klb20,thigh_left_damping,0.3,thigh_left_damping_0p3,5,-9.983503845242343,44.98759483854696,2.2212317128008463,32.869919761981,0.6896275948942445,30.07534463665981,-0.04722751530747008,0.09073160620379324
klb20,thigh_left_damping,0.4,thigh_left_damping_0p4,5,-7.373495183214544,19.52255904948337,-3.7765658466555236,11.969255421640927,-3.1409728117065754,13.528851979411943,-0.021929055439141525,0.05282441867287348
klb20,thigh_left_damping,0.5,thigh_left_damping_0p5,5,10.015431722479605,33.31659693245158,1.7009895741860759,22.96859310597105,0.9179637882723739,23.070780998209372,-0.002702294998999423,0.059999383778432384
klb20,thigh_left_damping,0.6,thigh_left_damping_0p6,5,21.583934245228033,21.47766544414823,-4.498704838837955,19.70451443794546,-4.255517029041909,19.32147783839357,0.029527082659546445,0.02540370959084885
klb20,thigh_left_damping,0.7,thigh_left_damping_0p7,5,35.14558775370688,52.458454932961736,-0.5600431045518917,16.24992902607436,6.71528985687728,16.286945893341677,0.028446767806081408,0.07929229227032912
klb20,thigh_left_damping,0.8,thigh_left_damping_0p8,5,24.234604258263097,53.30460504721279,7.71556968299767,27.505944417010507,10.73414118699365,28.652916289903384,-0.017807794413103966,0.135668621217405
klb20,thigh_left_damping,0.9,thigh_left_damping_0p9,5,19.750158440254626,33.35572295869398,2.9097108328665855,14.685326016130334,6.252456549526494,15.468080696210489,0.01232095829638959,0.05219120960164405
klb20,thigh_left_damping,1.0,thigh_left_damping_1,5,0.0,0.0,0.0,0.0,0.0,0.0,0.0,0.0
klb20,thigh_left_damping,1.1,thigh_left_damping_1p1,5,-2.2389043980340944,54.81574395803977,-19.34207601310099,37.746133566366545,-18.609281344383323,29.63613332534781,0.0009374645439948537,0.06420726357583695
klb20,thigh_left_damping,1.3,thigh_left_damping_1p3,5,19.66274447798031,33.03662318007097,-2.7356459888882,18.442314227090375,-6.325290091058792,19.4045142810474,0.019707410840664123,0.034100963022837924
klb20,thigh_left_damping,1.5,thigh_left_damping_1p5,5,9.01845708966594,29.71140264134945,-13.253563102908071,21.96464757439134,-14.762260461895488,22.733516358053706,-0.00179084520655311,0.05962899304201695
klb20,thigh_left_damping,1.7,thigh_left_damping_1p7,5,-0.3157415805242124,33.48089155291531,-15.757560612198517,25.825404573870408,-11.661261148319374,23.94726888352447,-0.01955954510265236,0.05787824603096843
klb20,thigh_left_damping,2.0,thigh_left_damping_2,5,5.662195565455567,30.864675878809628,-8.86817186908885,26.506323305972586,-4.387580519477268,28.204275008115427,-0.01057151746530421,0.09064473316642994
klb5,foot_left_actuator_gain,0.0,foot_left_actuator_gain_0,5,226.69561506241317,143.17857602548133,196.29096683418783,149.52738539546294,198.32445486458667,149.01478234188005,0.5169632789279748,0.18471005965280024
klb5,foot_left_actuator_gain,0.1,foot_left_actuator_gain_0p1,5,10.185597284380128,314.97425073511647,-29.50563714730847,382.91984822680735,-29.959346628565413,383.8826260451552,-0.04093897852566288,0.7650080698010433
klb5,foot_left_actuator_gain,0.2,foot_left_actuator_gain_0p2,5,2.8525941559836836,274.2477742620311,-25.567348380505326,360.1157623197668,-33.33841581142333,359.7871287574395,-0.0059233721852927305,0.6523529275097354
klb5,foot_left_actuator_gain,0.3,foot_left_actuator_gain_0p3,5,29.117554172591714,240.60220968862873,-48.57319078551122,355.0787716348613,-18.293448016054924,308.72860773752376,0.0489375927425309,0.5207839421013912
klb5,foot_left_actuator_gain,0.4,foot_left_actuator_gain_0p4,5,13.047449305732243,202.45135192983486,-79.87743896941336,337.5514115286331,-25.941906781010935,256.00690733767306,0.01824224456223513,0.4283375270423608
klb5,foot_left_actuator_gain,0.5,foot_left_actuator_gain_0p5,5,-12.962983764287992,189.79081758809943,-87.73736000300177,331.84854339009206,-36.813357849636894,244.38515912985605,-0.04103789312566293,0.4075582652704916
klb5,foot_left_actuator_gain,0.6,foot_left_actuator_gain_0p6,5,-34.63848528615379,153.72012266010995,-84.25409984748543,247.58780200807163,-59.65052323798619,208.51344496387998,-0.09370190883012906,0.3374540814880255
klb5,foot_left_actuator_gain,0.7,foot_left_actuator_gain_0p7,5,-4.8127041389992655,109.96061765242533,-39.24223291862603,163.07303074683406,-39.00222215090683,162.1394162311184,-0.03865055246346867,0.26662528566008087
klb5,foot_left_actuator_gain,0.8,foot_left_actuator_gain_0p8,5,-28.36632349272849,68.25473973809726,-6.866530590846457,45.44241729047544,-47.000244849541716,96.44037674672909,-0.07391575943492149,0.19201533317236189
klb5,foot_left_actuator_gain,0.9,foot_left_actuator_gain_0p9,5,-18.986638121722116,40.528604884395854,-0.8948166973844238,18.432381953508344,-30.391153039687907,60.94871568040286,-0.046512272135559016,0.11747613661233636
klb5,foot_left_actuator_gain,1.0,foot_left_actuator_gain_1,5,0.0,0.0,0.0,0.0,0.0,0.0,0.0,0.0
klb5,foot_left_actuator_gain,1.1,foot_left_actuator_gain_1p1,5,-34.923201154793354,95.38021510109849,-10.08292020303302,20.952937330869258,-24.776492704751213,30.11292504503989,-0.0643773956058521,0.15284395313440402
klb5,foot_left_actuator_gain,1.3,foot_left_actuator_gain_1p3,5,-127.53244108726801,113.44283675842239,-131.83574986578114,142.09860813220783,-147.449957131959,131.06088956094595,-0.2574083466086442,0.23516170974214318
klb5,foot_left_actuator_gain,1.5,foot_left_actuator_gain_1p5,5,-150.56420960406095,176.53672547989308,-181.76635115317566,250.82667422222923,-198.9398303775627,253.484939103904,-0.34369423133492105,0.4626633435244318
klb5,foot_left_actuator_gain,1.7,foot_left_actuator_gain_1p7,5,-146.71467117535084,151.22313257859204,-154.23184479046984,263.15477437380406,-166.25568650874885,251.2806034828542,-0.33974855032652823,0.41490690731862784
klb5,foot_left_actuator_gain,2.0,foot_left_actuator_gain_2,5,-138.9013093503789,237.84640481300573,-126.19756153664707,343.4817614246024,-133.78008812313402,340.4827751062253,-0.3702918334629119,0.6697533557173265
klb5,foot_left_damping,0.0,foot_left_damping_0,5,-39.63893340201841,41.40685453434552,-0.2512678475375232,4.313675534688254,-30.492112336493797,49.73031220828754,-0.08642902142902013,0.10216590183498878
klb5,foot_left_damping,0.1,foot_left_damping_0p1,5,-44.268574150257336,40.05290261427677,-2.9726001782166076,6.223354618485026,-34.52408097383456,48.2679623132882,-0.09715975849509713,0.10628422443748513
klb5,foot_left_damping,0.2,foot_left_damping_0p2,5,-52.295753964491595,58.61182616958469,-9.14027534797065,19.590713609959803,-22.182004136799563,24.07079738849466,-0.0982442415272882,0.09558801416985145
klb5,foot_left_damping,0.3,foot_left_damping_0p3,5,-29.982333724641514,40.72921266388181,3.478826219649716,4.372610072608824,-24.29969902637668,53.06763672205106,-0.07245830888667679,0.11321191308190316
klb5,foot_left_damping,0.4,foot_left_damping_0p4,5,-29.73588840221119,30.929264534113898,-0.8476187470764845,3.9923976675582695,-21.598240123214552,34.4080118001354,-0.06755183694739855,0.0793177136819637
klb5,foot_left_damping,0.5,foot_left_damping_0p5,5,-32.254883705100674,35.29237412227873,-3.623618664117793,6.295099029950411,-18.556253373834807,23.429958072872182,-0.06561272353643818,0.07426404397120161
klb5,foot_left_damping,0.6,foot_left_damping_0p6,5,-14.461515302942434,32.19078941724597,-4.361087819956429,7.5584869707042435,-13.303650194498442,14.65320780424839,-0.029963557717744026,0.06583886757277772
klb5,foot_left_damping,0.7,foot_left_damping_0p7,5,-20.14833725268906,32.05443970721059,-5.202520719348665,12.907527127709962,-19.18375825574493,27.62133273338947,-0.04481347646074453,0.07683072447717845
klb5,foot_left_damping,0.8,foot_left_damping_0p8,5,-49.186898457733854,45.508883193918955,-5.0917924932491205,7.422440837162243,-26.624989084780186,30.826562799320417,-0.09537267925400743,0.08795255981390478
klb5,foot_left_damping,0.9,foot_left_damping_0p9,5,-24.00191318831478,38.26035694953434,-10.974468377422312,24.20122241591801,-8.129562980626572,17.70655544237896,-0.042396853795798405,0.05841454053336004
klb5,foot_left_damping,1.0,foot_left_damping_1,5,0.0,0.0,0.0,0.0,0.0,0.0,0.0,0.0
klb5,foot_left_damping,1.1,foot_left_damping_1p1,5,-35.193895183978846,38.70580378279162,0.5928020898285222,5.149291750990519,-12.478753419280457,24.91420487405049,-0.07113207435658078,0.08531028873733067
klb5,foot_left_damping,1.3,foot_left_damping_1p3,5,-33.69692252991357,45.265979438394965,-0.47882203914428806,4.389156898378873,-35.55590955079833,66.07492304596752,-0.07442802237914978,0.11501910963299837
klb5,foot_left_damping,1.5,foot_left_damping_1p5,5,-13.738911889096704,34.40123603646122,5.737239349979687,12.227046129324952,-8.069980047424568,40.02229250084363,-0.03769546111376496,0.09349058586279009
klb5,foot_left_damping,1.7,foot_left_damping_1p7,5,-13.2090652021366,39.78796686232859,-2.7527758723014455,7.3729875418495885,-18.166241391532644,37.57280215407706,-0.033478771959557466,0.09536688365583605
klb5,foot_left_damping,2.0,foot_left_damping_2,5,-33.06698300346696,29.460258841011544,4.9423763690050695,9.01320188545462,-6.069197945265918,15.76502740952098,-0.06600846139557284,0.059796060622054566
klb5,foot_left_friction,0.0,foot_left_friction_0,5,-112.96446695046548,95.46987453926734,-146.6959129189934,257.39948603509134,-112.92749505561326,183.36386364517173,-0.2962559955784226,0.23814919538136328
klb5,foot_left_friction,0.1,foot_left_friction_0p1,5,-112.96446695046548,95.46987453926734,-146.6959129189934,257.39948603509134,-112.92749505561326,183.36386364517173,-0.2962559955784226,0.23814919538136328
klb5,foot_left_friction,0.2,foot_left_friction_0p2,5,-112.96446695046548,95.46987453926734,-146.6959129189934,257.39948603509134,-112.92749505561326,183.36386364517173,-0.2962559955784226,0.23814919538136328
klb5,foot_left_friction,0.3,foot_left_friction_0p3,5,-112.96446695046548,95.46987453926734,-146.6959129189934,257.39948603509134,-112.92749505561326,183.36386364517173,-0.2962559955784226,0.23814919538136328
klb5,foot_left_friction,0.4,foot_left_friction_0p4,5,-88.63043645629452,90.81062842637307,-120.11464125259518,214.8359515638521,-100.64772185617826,179.35036932895883,-0.2532603972544312,0.23627299816403013
klb5,foot_left_friction,0.5,foot_left_friction_0p5,5,-44.95831537929878,36.15122954778908,-15.884708248054613,11.59238977672346,-46.66682350693137,58.490261991347545,-0.14174689437223983,0.08961084891020728
klb5,foot_left_friction,0.6,foot_left_friction_0p6,5,-47.69426167565306,53.91960529006856,-3.460439878527866,14.78161508833235,-32.38568629332908,46.78133143052802,-0.1382458963293161,0.09871769795781177
klb5,foot_left_friction,0.7,foot_left_friction_0p7,5,-70.29233536501454,72.9482968083605,-73.90719059262211,134.468784520947,-78.7145055077086,131.18159685414875,-0.20656439495574866,0.18287277290930148
klb5,foot_left_friction,0.8,foot_left_friction_0p8,5,-30.86598963306186,59.348585594164206,3.280903602238992,11.041004489446665,-37.54377019470248,88.28828745123585,-0.10446971052935136,0.15234878346327896
klb5,foot_left_friction,0.9,foot_left_friction_0p9,5,-19.605069264070153,22.870681404452814,0.03867122043736657,7.556370914421276,-4.093472582994741,13.75154291601033,-0.06274646458554779,0.0437037592380292
klb5,foot_left_friction,1.0,foot_left_friction_1,5,0.0,0.0,0.0,0.0,0.0,0.0,0.0,0.0
klb5,foot_left_friction,1.1,foot_left_friction_1p1,5,0.31378646467762084,19.98724307432745,1.390159265465472,6.14283237845753,1.5078401498991607,3.916646003862796,0.01776341337384733,0.05017860090629429
klb5,foot_left_friction,1.3,foot_left_friction_1p3,5,50.76391106922232,49.96133046292352,14.410218339348285,26.3017867339339,25.34360679517396,42.80591087324198,0.15384369596004568,0.09203153893935093
klb5,foot_left_friction,1.5,foot_left_friction_1p5,5,72.36827372940111,76.27354907718856,49.630673048812355,91.17349182550943,50.29694736347378,90.35751630860044,0.16808672156748644,0.10301796627717381
klb5,foot_left_friction,1.7,foot_left_friction_1p7,5,84.7226468657615,120.31993557933846,72.68896306763034,133.02637112661998,72.22100219718243,130.2599259291852,0.0806084464492256,0.26986972345722415
klb5,foot_left_friction,2.0,foot_left_friction_2,5,103.2614807824315,137.10975315230849,92.62709328298604,154.00572939404128,94.40616760194692,154.6907073038683,0.14137591729634882,0.23707330606768834
klb5,leg_left_actuator_gain,0.0,leg_left_actuator_gain_0,5,97.24850279800194,262.0955484114816,117.18548690113059,238.37327379286066,93.62557246198429,249.54314800900795,0.20700889404594386,0.5459011678790642
klb5,leg_left_actuator_gain,0.1,leg_left_actuator_gain_0p1,5,-80.2929295285292,497.23087585263676,-159.77505158433613,594.451454228589,-159.01652013118934,583.1012750657889,-0.16134223038220857,0.97219676463651
klb5,leg_left_actuator_gain,0.2,leg_left_actuator_gain_0p2,5,-145.77987384775855,348.35188262605357,-164.4147055102626,415.91205912718095,-157.90056802677972,404.9258580146572,-0.4369237720718805,0.8253011201003665
klb5,leg_left_actuator_gain,0.3,leg_left_actuator_gain_0p3,5,-98.99870864392885,227.94933293195862,-104.53868319206583,242.11897240710934,-98.36064767795301,236.83476968223653,-0.2201182821471853,0.43415804970227223
klb5,leg_left_actuator_gain,0.4,leg_left_actuator_gain_0p4,5,-106.49060809576368,127.78061665076613,-37.95008824315774,81.871997150815,-95.08296923569625,139.19855817495267,-0.25351631922587625,0.26179444337424884
klb5,leg_left_actuator_gain,0.5,leg_left_actuator_gain_0p5,5,-182.93884934463696,170.3465376002144,-221.55612311203618,261.78869960001134,-215.6257330023469,260.6029674989799,-0.4373547488262882,0.4833782878756505
klb5,leg_left_actuator_gain,0.6,leg_left_actuator_gain_0p6,5,-126.314432041891,193.56490458976478,-175.82539749416776,287.11988184798014,-166.9270193850429,279.661562819831,-0.3248497948265837,0.5442419269906094
klb5,leg_left_actuator_gain,0.7,leg_left_actuator_gain_0p7,5,-71.44499352578444,129.74707033509796,-135.15083546316836,270.0866262602014,-112.06798226617938,221.9826524899897,-0.1840261741567668,0.3586433822923484
klb5,leg_left_actuator_gain,0.8,leg_left_actuator_gain_0p8,5,-85.09984392098373,155.410304917956,-133.7042492049675,270.2932193485952,-133.9810999591919,269.73109739559067,-0.2231721141231197,0.431839523139698
klb5,leg_left_actuator_gain,0.9,leg_left_actuator_gain_0p9,5,-61.12015698528826,84.79697053968452,-138.66377005944722,265.35327056561346,-87.28391359069519,158.96084247368802,-0.1513910208348147,0.2397698684892642
klb5,leg_left_actuator_gain,1.0,leg_left_actuator_gain_1,5,0.0,0.0,0.0,0.0,0.0,0.0,0.0,0.0
klb5,leg_left_actuator_gain,1.1,leg_left_actuator_gain_1p1,5,-58.46370068131084,87.69772468875576,-103.93301478351061,205.67627218271534,-82.08545790493402,152.73874748747716,-0.1518774972443252,0.24496032532687967
klb5,leg_left_actuator_gain,1.3,leg_left_actuator_gain_1p3,5,-117.52702711542076,144.16655537811056,-158.2919239391576,260.0103111414091,-154.84539082682687,259.7272840837931,-0.2785234221587092,0.400863984816454
klb5,leg_left_actuator_gain,1.5,leg_left_actuator_gain_1p5,5,-126.71649482468126,118.76226837085369,-184.59140534864346,253.93326844098385,-151.29115356832943,192.50705523927405,-0.2841608136182865,0.31800631987772837
klb5,leg_left_actuator_gain,1.7,leg_left_actuator_gain_1p7,5,-60.241293493728236,57.90102671167998,-42.358275314385516,55.846094895948276,-55.453498246437356,61.83633604785479,-0.12391054356966225,0.1325483375360777
klb5,leg_left_actuator_gain,2.0,leg_left_actuator_gain_2,5,-64.91246615326136,76.25371569269788,-37.539326814211506,45.54929749953757,-56.08512774064585,62.80901655294497,-0.14000631474977698,0.17538229146014678
klb5,leg_left_damping,0.0,leg_left_damping_0,5,-6.478591496876781,13.554250944288626,1.350889447294313,5.83647544379682,-1.7542130442402588,10.852135790059624,-0.017563947662724313,0.03739166522498824
klb5,leg_left_damping,0.1,leg_left_damping_0p1,5,-23.31344577933197,23.706249080648842,-0.5296099139536548,6.382848058854869,-14.41787964511521,25.520681586453723,-0.04968856283451646,0.04839619680980123
klb5,leg_left_damping,0.2,leg_left_damping_0p2,5,-9.550693734671365,17.262539991296265,0.619834374857167,2.016092370880514,-1.1280161415571783,3.829977284036808,-0.02181061066104379,0.036856107294090945
klb5,leg_left_damping,0.3,leg_left_damping_0p3,5,-12.339771410663776,11.672265350372609,-0.7143240023708092,3.520066929393173,-3.901420651687836,7.050426833077524,-0.027330794482360844,0.02913690705961211
klb5,leg_left_damping,0.4,leg_left_damping_0p4,5,-29.94401482215925,29.4905206716791,-2.2997295105523463,4.670091671575199,-12.157391216114698,13.955882536953158,-0.06008256735291724,0.05782330268132983
klb5,leg_left_damping,0.5,leg_left_damping_0p5,5,-20.187418032863462,21.413086483704138,2.219817287219095,6.771676703221159,0.5307891934880615,9.114175650878447,-0.04137728884547172,0.046905253745698657
klb5,leg_left_damping,0.6,leg_left_damping_0p6,5,-4.660195500025262,19.42273065272496,4.05829454882341,3.8047313043009554,1.396399308051485,4.780911996570225,-0.00975384201425318,0.03935058441892131
klb5,leg_left_damping,0.7,leg_left_damping_0p7,5,-30.910922173177767,32.00868192155747,-1.4668388523439142,14.562611994006005,-17.997587074086262,36.62488536053185,-0.06139015406629962,0.06416191754115357
klb5,leg_left_damping,0.8,leg_left_damping_0p8,5,-3.452581331151331,18.51072222531606,7.7189697584006725,7.190001680566776,3.8206490697077498,7.669472206151061,-0.010106335300310748,0.04204112388388761
klb5,leg_left_damping,0.9,leg_left_damping_0p9,5,-16.441868355410772,29.025913457938717,0.48300330805915975,3.2344175792316703,-4.514992706449825,4.452959596557815,-0.02533047223918371,0.04307250934027858
klb5,leg_left_damping,1.0,leg_left_damping_1,5,0.0,0.0,0.0,0.0,0.0,0.0,0.0,0.0
klb5,leg_left_damping,1.1,leg_left_damping_1p1,5,-4.970661638495107,19.093428848128507,4.495596648970469,8.273978466198031,0.81689891605802,4.231424573817838,-0.005847626425822962,0.030228299977692687
klb5,leg_left_damping,1.3,leg_left_damping_1p3,5,-3.6819812622930925,5.53986893126376,0.8621548596358082,6.310934744754905,-2.1398334520614255,10.261808114134396,-0.0061590846357133635,0.0090480763202161
klb5,leg_left_damping,1.5,leg_left_damping_1p5,5,-18.207516352729204,23.944207348512897,-4.910467558523623,5.679281256964278,-18.845738860387055,22.935418917211944,-0.04244276746273055,0.0547196641131534
klb5,leg_left_damping,1.7,leg_left_damping_1p7,5,-17.772497901847427,33.45479191206331,-0.26902867979983824,8.22319044827209,-6.764875598094539,12.71318641774491,-0.03676049926373758,0.065201030096551
klb5,leg_left_damping,2.0,leg_left_damping_2,5,-39.52719033651793,67.443454417604,-4.8437063166167835,11.71925504001076,-18.04943874773786,23.276252192781733,-0.0793459516908661,0.13205696818703438
klb5,thigh_left_actuator_gain,0.0,thigh_left_actuator_gain_0,5,29.78987867071138,343.01892012439214,0.912396360476248,350.3483961202183,2.492384560591552,349.3967558105759,0.06408566043463451,0.6784341279768755
klb5,thigh_left_actuator_gain,0.1,thigh_left_actuator_gain_0p1,5,-59.18057341280149,472.84829146388745,-110.80612199799539,516.1490065385636,-97.78463673233009,492.77423972654947,-0.11424928728477883,0.9345553616531417
klb5,thigh_left_actuator_gain,0.2,thigh_left_actuator_gain_0p2,5,29.35164796471049,326.07261099211473,66.19036960882435,229.21620223547677,22.52609571707376,300.3930183008828,0.048573139269963136,0.6314828927995865
klb5,thigh_left_actuator_gain,0.3,thigh_left_actuator_gain_0p3,5,56.02503724560995,272.26331264787694,86.48357250366266,218.96417152316624,74.166701874587,236.4388174169351,0.09480873326019779,0.5265420825088464
klb5,thigh_left_actuator_gain,0.4,thigh_left_actuator_gain_0p4,5,38.83773777925073,216.71933181399635,47.117663929920155,216.71481168629214,39.07177115313143,214.3764916583126,0.05631361053050078,0.4143835799327033
klb5,thigh_left_actuator_gain,0.5,thigh_left_actuator_gain_0p5,5,29.0747267004317,166.08678227660465,27.98334648830315,130.80832377410815,23.251893097948205,139.23008803443588,0.058069656003448725,0.3502924319121812
klb5,thigh_left_actuator_gain,0.6,thigh_left_actuator_gain_0p6,5,-14.30528319614493,28.715456493786107,-13.882934621431838,51.40885219271735,-10.697874107429076,42.45414946224151,-0.029587920892087415,0.06963920298084572
klb5,thigh_left_actuator_gain,0.7,thigh_left_actuator_gain_0p7,5,-125.70112186747818,157.53851347210107,-146.45421061427206,282.4654780362771,-163.8098469063738,272.6732736962221,-0.3122793234495398,0.44631891807632834
klb5,thigh_left_actuator_gain,0.8,thigh_left_actuator_gain_0p8,5,-79.61237861224724,157.9320826616145,-129.15382990872837,270.85063988360884,-128.79684850162377,270.0159573996874,-0.2223025094329544,0.43558023974986815
klb5,thigh_left_actuator_gain,0.9,thigh_left_actuator_gain_0p9,5,-36.63237299321049,67.58605344816924,-13.06342807206725,29.14116559450719,-47.39944546056983,98.22191256194404,-0.09603171108893041,0.18720875690961195
klb5,thigh_left_actuator_gain,1.0,thigh_left_actuator_gain_1,5,0.0,0.0,0.0,0.0,0.0,0.0,0.0,0.0
klb5,thigh_left_actuator_gain,1.1,thigh_left_actuator_gain_1p1,5,-102.47811203095418,92.0490303210682,-48.564100344581796,73.61002122305926,-80.89629375167871,70.44131617546034,-0.19637238315712285,0.1689202631636308
klb5,thigh_left_actuator_gain,1.3,thigh_left_actuator_gain_1p3,5,-137.08277947929486,136.44415831761984,-152.5371996534522,264.2718970616665,-115.74900544198108,166.80861929042658,-0.28165264166754356,0.30513563667642035
klb5,thigh_left_actuator_gain,1.5,thigh_left_actuator_gain_1p5,5,-157.2774574192151,231.42557541553342,-226.10967979404828,307.6437257455518,-203.33259838244012,298.05213795800506,-0.3557918767299599,0.588407692811049
klb5,thigh_left_actuator_gain,1.7,thigh_left_actuator_gain_1p7,5,-233.01533591920344,301.45560022826305,-255.96480027333965,327.29492184510536,-256.9764790618483,325.4832657237956,-0.4870959515837809,0.6816016135610912
klb5,thigh_left_actuator_gain,2.0,thigh_left_actuator_gain_2,5,-185.2096462747178,276.7444852909595,-233.9836307412258,321.75027466980134,-219.98774194663483,318.7399820966938,-0.43128483899187275,0.7370587579882673
klb5,thigh_left_damping,0.0,thigh_left_damping_0,5,-24.431422939332737,32.59765983491917,-6.172155774333135,6.940027482348607,-28.456686151198692,38.66720317023185,-0.05751633214242337,0.08613304831152692
klb5,thigh_left_damping,0.1,thigh_left_damping_0p1,5,-27.522054748835433,46.24656463868898,-2.03686235200385,3.0258380266525315,-35.82223835136412,59.472296525608414,-0.06852275338703391,0.12570365906612282
klb5,thigh_left_damping,0.2,thigh_left_damping_0p2,5,-30.110113443198607,40.09845997196496,-9.387806984059246,13.807380977055562,-30.481093951534422,40.78560843105511,-0.0645115977518528,0.08902674758669615
klb5,thigh_left_damping,0.3,thigh_left_damping_0p3,5,-20.765878612646677,35.02190895052686,-0.5535553762259869,3.7569488235024266,-22.919580184364882,37.58405885848435,-0.049031859805062646,0.0847146824209807
klb5,thigh_left_damping,0.4,thigh_left_damping_0p4,5,-26.98268427029591,22.840709376198777,-2.144454791416716,5.579757259948483,-8.72734678591423,13.80033489166149,-0.05591314522622688,0.05144299612766782
klb5,thigh_left_damping,0.5,thigh_left_damping_0p5,5,-11.523923166300696,22.03689465224589,2.695011575474818,7.083361167126991,-1.9672866343669448,10.803813368405278,-0.026569125462218058,0.051178710498192885
klb5,thigh_left_damping,0.6,thigh_left_damping_0p6,5,-28.964390169855704,26.516327313527928,-6.6421171474908505,7.882217989358367,-22.032081238801396,17.34186981041052,-0.05857158782716219,0.05068858429505197
klb5,thigh_left_damping,0.7,thigh_left_damping_0p7,5,-29.456727101053332,35.81497754214584,-1.069130875969646,2.5474733993107908,-15.031084990245608,21.57073811280118,-0.0552632448839757,0.06771710097922658
klb5,thigh_left_damping,0.8,thigh_left_damping_0p8,5,-57.79100703865653,56.23493867994534,-8.4227600704088,8.308499356443031,-21.43652902533792,17.495695571981468,-0.10777819547701242,0.09000894975015972
klb5,thigh_left_damping,0.9,thigh_left_damping_0p9,5,-12.177174758782032,25.673616039752943,0.5342572562917486,4.088510700247293,-5.649061143225421,13.322752062182754,-0.01994415934471876,0.03779807760427999
klb5,thigh_left_damping,1.0,thigh_left_damping_1,5,0.0,0.0,0.0,0.0,0.0,0.0,0.0,0.0
klb5,thigh_left_damping,1.1,thigh_left_damping_1p1,5,-12.40641744764874,20.829895529400275,-4.9932390733329415,8.245116566379773,-7.858730177520991,13.170576486860726,-0.023557755376896666,0.037732974640258585
klb5,thigh_left_damping,1.3,thigh_left_damping_1p3,5,-20.407191552910653,24.165174781052485,-3.987286408511119,6.974724146475253,-6.9792536242721654,9.552380884771997,-0.046023235696958334,0.05031909168219913
klb5,thigh_left_damping,1.5,thigh_left_damping_1p5,5,-26.19035787795317,37.081444369133486,0.3452583871640741,11.99859795002715,-4.046959354427152,9.650010910383184,-0.05393572935557739,0.07369505320168315
klb5,thigh_left_damping,1.7,thigh_left_damping_1p7,5,3.6604272557297817,5.009175966357307,3.931402881463285,10.33561488022527,3.6224873245366913,8.77092327788956,0.008890798618088058,0.014005586745330258
klb5,thigh_left_damping,2.0,thigh_left_damping_2,5,-41.51692162597961,43.5479957259014,-6.919444047778074,12.273594450165024,-18.826929851320816,27.050489389302676,-0.08073694477046829,0.07576326361723801
klb50,foot_left_actuator_gain,0.0,foot_left_actuator_gain_0,5,240.450937182754,162.88880665270906,229.8196224635579,175.57542914091346,234.71031933482269,162.13374264609206,0.3771721009290563,0.2167589954293507
klb50,foot_left_actuator_gain,0.1,foot_left_actuator_gain_0p1,5,87.70943050093223,113.1445492111124,111.39782928761278,102.1233513728846,91.50931672787608,111.01860892840413,0.17046477033530957,0.21266099081602807
klb50,foot_left_actuator_gain,0.2,foot_left_actuator_gain_0p2,5,86.8057743309392,116.71439551343357,105.02272525065116,101.30979651971842,105.98234357704366,98.40201533623181,0.17279526046890076,0.21034398253644457
klb50,foot_left_actuator_gain,0.3,foot_left_actuator_gain_0p3,5,52.05567558938852,152.17928695872948,71.36061282485716,122.57654119587782,58.19172668834678,143.68173457238228,0.12576343112045835,0.24659679118871417
klb50,foot_left_actuator_gain,0.4,foot_left_actuator_gain_0p4,5,71.79410314358498,97.61035471013297,97.11833544948266,78.25818026142558,75.79492122175138,93.91566025414942,0.14401785816160947,0.17451645505100882
klb50,foot_left_actuator_gain,0.5,foot_left_actuator_gain_0p5,5,60.020343910624014,82.51627327214923,86.56516202000647,67.61036190069922,78.7033972910393,66.7592702305393,0.11990390944803435,0.14758082861012173
klb50,foot_left_actuator_gain,0.6,foot_left_actuator_gain_0p6,5,66.37358733609695,27.163589224862765,64.85994642720885,35.02094446118303,64.80714235538616,28.97881077706003,0.11333046547998293,0.04961062649829432
klb50,foot_left_actuator_gain,0.7,foot_left_actuator_gain_0p7,5,4.161276560322074,90.09788296558429,12.892268965142467,66.95941708498715,7.447895384741844,83.57714914130128,0.026599958709116155,0.1255092233490232
klb50,foot_left_actuator_gain,0.8,foot_left_actuator_gain_0p8,5,6.337199011979237,40.847356270731744,14.485757462659853,30.07114409085975,13.23761427997066,35.932511392039316,0.018392018026388547,0.05827679478521799
klb50,foot_left_actuator_gain,0.9,foot_left_actuator_gain_0p9,5,-18.341757207402885,52.442266793948754,-40.30606390005316,85.05513908349022,-27.697129199920585,69.92480278131352,-0.021517535772267334,0.06903281689443276
klb50,foot_left_actuator_gain,1.0,foot_left_actuator_gain_1,5,0.0,0.0,0.0,0.0,0.0,0.0,0.0,0.0
klb50,foot_left_actuator_gain,1.1,foot_left_actuator_gain_1p1,5,10.136791463628617,23.488208352019075,24.009527887135754,49.81452063862814,14.809677476255434,31.206956856355802,0.01539019383949072,0.0395572226107874
klb50,foot_left_actuator_gain,1.3,foot_left_actuator_gain_1p3,5,3.1497896375637993,38.77597896263144,11.696476098082167,34.69586936644851,7.363090558110594,39.58129803928388,0.0111155661522396,0.06423046213299081
klb50,foot_left_actuator_gain,1.5,foot_left_actuator_gain_1p5,5,-13.017012495149947,53.62067507961486,-45.610024528418364,114.59511060176389,-21.473560381505614,74.50887908066515,-0.010866350158069183,0.08013384311331252
klb50,foot_left_actuator_gain,1.7,foot_left_actuator_gain_1p7,5,-16.792729997838727,74.92688119928927,-21.097860903802065,79.93926955236267,-14.105555724349404,75.72639871765139,-0.017910534862195633,0.1167391998388529
klb50,foot_left_actuator_gain,2.0,foot_left_actuator_gain_2,5,12.97289361525668,48.146631339230694,45.12385076931039,78.47194077236897,26.294289574808637,52.64604753973603,0.01580742502317805,0.09516646028746659
klb50,foot_left_damping,0.0,foot_left_damping_0,5,-32.75120878540645,72.30001276538307,-38.556445593252285,82.65138979945566,-35.78508799269476,83.14614872162598,-0.03874555876718533,0.09320178925138152
klb50,foot_left_damping,0.1,foot_left_damping_0p1,5,-7.637204934091846,19.711970094969935,24.389291341332456,57.760691954273376,-0.8717971213121019,10.112807502885763,-0.008630388369650325,0.027995738445706984
klb50,foot_left_damping,0.2,foot_left_damping_0p2,5,-26.347097192158536,69.59943548406585,-30.41828102948716,66.84674742909677,-21.084382634531107,58.72223956503224,-0.0282203581273897,0.09068302081706334
klb50,foot_left_damping,0.3,foot_left_damping_0p3,5,-12.097580025238972,27.716894736172463,-6.103204646885274,7.069018680740592,-8.65005148235116,14.229838229475758,-0.014032127730007744,0.03757334838478187
klb50,foot_left_damping,0.4,foot_left_damping_0p4,5,-14.141549040831023,34.00638593503626,-37.108463205177806,78.47160821364034,-23.208492975462967,54.33251234526536,-0.016692066578047338,0.044723699667880666
klb50,foot_left_damping,0.5,foot_left_damping_0p5,5,-20.353174768629856,44.463281200202104,-23.297672033674928,47.87628343720527,-26.62429309179256,56.15020493771928,-0.026109148856461484,0.05887190980560307
klb50,foot_left_damping,0.6,foot_left_damping_0p6,5,-29.340652767172095,60.94288751147748,7.449022155944045,14.198048588273537,-21.48097270797224,45.65082382685417,-0.035996893832318036,0.0779366675528533
klb50,foot_left_damping,0.7,foot_left_damping_0p7,5,-42.91815611329305,98.68865562389351,-59.8392345011182,118.87371258729918,-50.865802241930375,114.52779062916674,-0.05075754070870962,0.12657683404750497
klb50,foot_left_damping,0.8,foot_left_damping_0p8,5,-22.077805008268502,50.28487213655206,-40.01296480634388,75.73719781074352,-28.99208355886651,61.580651135172495,-0.026918522593569603,0.06444689041776022
klb50,foot_left_damping,0.9,foot_left_damping_0p9,5,-23.763839747179713,59.75160656471495,-36.88225921917383,65.15685096622737,-24.21264465539889,53.01888647467222,-0.0261738110820798,0.07794261787329877
klb50,foot_left_damping,1.0,foot_left_damping_1,5,0.0,0.0,0.0,0.0,0.0,0.0,0.0,0.0
klb50,foot_left_damping,1.1,foot_left_damping_1p1,5,-26.19579974888295,66.23636751471426,-37.979757784517744,73.91699094005504,-36.387227016430735,81.93425550844047,-0.028661641945667154,0.08645416439941442
klb50,foot_left_damping,1.3,foot_left_damping_1p3,5,-39.107949942384174,87.11842299427455,-62.46790900442461,109.44576638944224,-55.387730911047356,109.57889188753018,-0.048297666028593665,0.11163735361555745
klb50,foot_left_damping,1.5,foot_left_damping_1p5,5,-41.517992045349466,94.35191638927236,-44.54200984045258,84.27184966299798,-55.88807078934811,117.32020600097738,-0.0492031668228588,0.12128899056045381
klb50,foot_left_damping,1.7,foot_left_damping_1p7,5,-26.988652183369528,55.2760056669804,-43.28526705854343,84.4954081132048,-32.50924257867782,69.799970174015,-0.03503923608800752,0.07049811933627147
klb50,foot_left_damping,2.0,foot_left_damping_2,5,-5.0796109435095556,27.27424365784591,-10.548470672855933,27.892058283272604,-11.23018072370852,34.73937832046201,-0.003434336538142146,0.039402970518289684
klb50,foot_left_friction,0.0,foot_left_friction_0,5,-51.01314594852348,135.01937502038334,-45.78503295897518,117.54375425741004,-49.09055046859883,131.4593709661618,-0.059206509036651714,0.17917474890903437
klb50,foot_left_friction,0.1,foot_left_friction_0p1,5,-51.01314594852348,135.01937502038334,-45.78503295897518,117.54375425741004,-49.09055046859883,131.4593709661618,-0.059206509036651714,0.17917474890903437
klb50,foot_left_friction,0.2,foot_left_friction_0p2,5,-51.01314594852348,135.01937502038334,-45.78503295897518,117.54375425741004,-49.09055046859883,131.4593709661618,-0.059206509036651714,0.17917474890903437
klb50,foot_left_friction,0.3,foot_left_friction_0p3,5,-51.01314594852348,135.01937502038334,-45.78503295897518,117.54375425741004,-49.09055046859883,131.4593709661618,-0.059206509036651714,0.17917474890903437
klb50,foot_left_friction,0.4,foot_left_friction_0p4,5,-19.421943639540153,72.97974578313139,31.51383675348029,57.99866506786465,-7.126269018027301,51.17635142920033,-0.022441995009302915,0.10500439753869589
klb50,foot_left_friction,0.5,foot_left_friction_0p5,5,-52.106487541999094,115.51255742675379,-37.16765260357859,78.01210546541577,-53.34459188011092,113.3784332366923,-0.06670436254982255,0.15247496367018254
klb50,foot_left_friction,0.6,foot_left_friction_0p6,5,-68.66124083586831,137.2043929611341,-52.57325963722301,101.48986694562431,-60.72703939054804,122.2069506034198,-0.089143582486399,0.17710303058616672
klb50,foot_left_friction,0.7,foot_left_friction_0p7,5,-31.8530369466451,66.77104736237025,-42.97880968871716,69.57837739380047,-26.118266832486416,51.9779740909872,-0.043356400370247274,0.09262679336380585
klb50,foot_left_friction,0.8,foot_left_friction_0p8,5,-28.167154939927627,36.82104214217296,-4.764404867700466,35.421332282242055,-16.216953478830646,18.878574068450902,-0.04471451944179096,0.054510700421107894
klb50,foot_left_friction,0.9,foot_left_friction_0p9,5,-85.8655826206214,164.255749511068,-87.41526576549623,162.30398849572956,-96.65721785684966,185.10498654082275,-0.11040872680879091,0.20798153364061717
klb50,foot_left_friction,1.0,foot_left_friction_1,5,0.0,0.0,0.0,0.0,0.0,0.0,0.0,0.0
klb50,foot_left_friction,1.1,foot_left_friction_1p1,5,-5.534964759579327,24.93442246664361,0.9224966429724532,9.661869074882368,2.2646991706291715,12.60063979205323,-0.003998189020739926,0.03543474131706357
klb50,foot_left_friction,1.3,foot_left_friction_1p3,5,19.33054716878187,43.03539934165002,50.006844929043325,50.13215556245237,40.477315686636096,32.38030723709207,0.038265351365700626,0.07236826702424737
klb50,foot_left_friction,1.5,foot_left_friction_1p5,5,47.66283633395617,39.458085776705374,64.9162640010268,49.459462114673926,58.51691469724557,38.99128775331701,0.08481066215342624,0.07323413503502507
klb50,foot_left_friction,1.7,foot_left_friction_1p7,5,56.09050082739003,61.51658424720782,46.1549156172337,72.81920749406598,53.58033151806404,65.69480092474183,0.10807128974960004,0.11156319361742909
klb50,foot_left_friction,2.0,foot_left_friction_2,5,62.78372995627152,75.38444584683253,79.06830341065549,66.46115061211667,71.59673441891836,69.20416877272925,0.12184976163453184,0.1391174558341029
klb50,leg_left_actuator_gain,0.0,leg_left_actuator_gain_0,5,87.62653049154719,118.04675213668497,93.9058068324481,139.22478652466893,98.14507044290568,121.40263059094389,0.15888354472137817,0.21928029818768574
klb50,leg_left_actuator_gain,0.1,leg_left_actuator_gain_0p1,5,-7.273247601370724,29.625473139433996,7.1468071841599565,47.984270941698725,-1.2860013734068274,37.46384250941657,-0.00646316525983974,0.04987693671271556
klb50,leg_left_actuator_gain,0.2,leg_left_actuator_gain_0p2,5,-36.17092772251341,53.53541589564458,-14.512993189716587,21.125889613848365,-24.78919393975683,34.432298466812526,-0.047804439547665126,0.0703136056606735
klb50,leg_left_actuator_gain,0.3,leg_left_actuator_gain_0p3,5,-38.69242265896291,46.27720147044991,-33.8279371043212,35.99360731173574,-38.93089430585572,47.73933661980085,-0.05443901558283275,0.06499113940562132
klb50,leg_left_actuator_gain,0.4,leg_left_actuator_gain_0p4,5,-52.03194009938809,97.61042034725358,-86.1299960633634,151.07905323254045,-72.89088239783288,137.32239788246787,-0.066573247337667,0.12345981160163227
klb50,leg_left_actuator_gain,0.5,leg_left_actuator_gain_0p5,5,-10.708495201783148,41.01848719598849,4.751918181466624,24.08876828824836,2.5320957397037205,21.11790209629033,-0.010835948871866535,0.055211559921470296
klb50,leg_left_actuator_gain,0.6,leg_left_actuator_gain_0p6,5,-18.65373297460992,50.77876318617804,-14.673246369835772,38.12103036866131,-13.60481999678235,42.50556079614568,-0.02334079191330209,0.0698051020920227
klb50,leg_left_actuator_gain,0.7,leg_left_actuator_gain_0p7,5,-3.5705904214789483,22.243317504277545,28.189463173881382,55.25392561818955,8.083928360930884,10.2903441232284,-0.001926807005010648,0.031780789568488406
klb50,leg_left_actuator_gain,0.8,leg_left_actuator_gain_0p8,5,-21.40351186800931,49.2773351722571,-19.6847556724479,35.94645044494105,-19.687194973989925,46.96124319907069,-0.02435948952002856,0.06659731045674594
klb50,leg_left_actuator_gain,0.9,leg_left_actuator_gain_0p9,5,-31.034648634506745,64.41109951652066,-31.13239068315454,63.604859653813314,-29.315901331238457,63.235746558345085,-0.0410708280497658,0.0828780568905713
klb50,leg_left_actuator_gain,1.0,leg_left_actuator_gain_1,5,0.0,0.0,0.0,0.0,0.0,0.0,0.0,0.0
klb50,leg_left_actuator_gain,1.1,leg_left_actuator_gain_1p1,5,-46.126695323069704,86.0405654658613,-48.10735612223508,84.18084647371563,-52.56396474622128,99.17817289581691,-0.0592223760501304,0.10909688774956176
klb50,leg_left_actuator_gain,1.3,leg_left_actuator_gain_1p3,5,-23.85530472975945,40.553636140478154,-37.68525985588809,58.102716604045256,-36.296071616160134,62.87367892697623,-0.031738102142147555,0.053033340240251844
klb50,leg_left_actuator_gain,1.5,leg_left_actuator_gain_1p5,5,-46.285175321299526,86.79118392557682,-57.60667333857587,86.35847367397001,-53.84195119418581,97.6980103966337,-0.05961358911743427,0.10970172265975654
klb50,leg_left_actuator_gain,1.7,leg_left_actuator_gain_1p7,5,-27.812366283383017,82.20141441671159,-20.630185683024376,74.27110510598848,-26.24089803048746,86.56510965518154,-0.029872180350799617,0.10810956865801588
klb50,leg_left_actuator_gain,2.0,leg_left_actuator_gain_2,5,-62.375054954234244,159.28113118906813,-42.940054883447054,127.63253377228105,-55.835591709400106,161.21777293371161,-0.06881151207146453,0.2067436612352875
klb50,leg_left_damping,0.0,leg_left_damping_0,5,-19.492379877739246,48.444612644769386,-18.441789173160807,37.08883994114331,-19.841099813816072,44.43073350654822,-0.022677136850759217,0.06291946185962587
klb50,leg_left_damping,0.1,leg_left_damping_0p1,5,-9.938334875974101,36.51848674737852,-18.271700587941485,39.709958507601996,-6.746421984424558,27.066042185916498,-0.007724552419305121,0.04923164463597328
klb50,leg_left_damping,0.2,leg_left_damping_0p2,5,-12.518819623990419,35.25956753782874,-3.379069338473812,8.816061337239727,-9.006093141212967,25.264842406514134,-0.013292573661869617,0.046251053370521336
klb50,leg_left_damping,0.3,leg_left_damping_0p3,5,-7.425083507188776,26.774586646040056,-14.105253688437449,33.78310175712384,-13.074575549975657,36.14798946745353,-0.007661548625785787,0.0363665488528723
klb50,leg_left_damping,0.4,leg_left_damping_0p4,5,-0.518469535976999,7.635108946025936,6.966072406101716,10.347129063631506,-4.9159836973854,17.134108590571877,0.0008757438361505423,0.010578213404709337
klb50,leg_left_damping,0.5,leg_left_damping_0p5,5,11.216337064807352,24.11747190971146,31.505402772731816,73.02404194873124,18.151012876392645,41.03023074003471,0.0143979754287403,0.0325258412751292
klb50,leg_left_damping,0.6,leg_left_damping_0p6,5,-30.1771742761532,61.16311711495447,-48.28468728004118,83.21257617605295,-28.826202681890173,56.18570789467739,-0.03826348545326189,0.07742568021199822
klb50,leg_left_damping,0.7,leg_left_damping_0p7,5,-27.40328228133967,55.80810952522909,-5.572314552750856,17.87639392125402,-22.55018225916184,44.75667141935458,-0.03483732297533479,0.07094383727982795
klb50,leg_left_damping,0.8,leg_left_damping_0p8,5,-22.259670903903782,50.417994370656466,5.2413915543485015,17.499169027118736,-13.611623912255856,33.73405489645053,-0.026323262606421184,0.06489363228257085
klb50,leg_left_damping,0.9,leg_left_damping_0p9,5,-18.663008668886867,30.411171684964152,-1.5608346123961154,21.50702560733974,-9.629036628834466,10.520827727229543,-0.024359854027723775,0.038671436649233164
klb50,leg_left_damping,1.0,leg_left_damping_1,5,0.0,0.0,0.0,0.0,0.0,0.0,0.0,0.0
klb50,leg_left_damping,1.1,leg_left_damping_1p1,5,-24.253141032828488,58.656438073896865,5.0018300536710285,9.679360179488059,-11.861497659378585,32.971821588928876,-0.027980801592830496,0.07559440879542532
klb50,leg_left_damping,1.3,leg_left_damping_1p3,5,-43.4055370597485,94.65369126899377,-50.81853774961055,102.35722266251808,-47.40705658731317,105.50534228599687,-0.05092016600285802,0.12304989958926871
klb50,leg_left_damping,1.5,leg_left_damping_1p5,5,-19.964848246679754,42.29894003313664,-44.087506722584045,71.62335227228476,-33.54519731504306,63.78055670026565,-0.024515184311535657,0.05497632927178067
klb50,leg_left_damping,1.7,leg_left_damping_1p7,5,-28.99881312841719,59.402195704347264,-48.24899933796363,87.9627177161985,-39.95902453346965,80.8244822861638,-0.03701135225884407,0.07538785104178132
klb50,leg_left_damping,2.0,leg_left_damping_2,5,29.517980381214795,55.965766221176516,40.22469669673366,81.04166887484118,30.33512354693253,62.066408653251614,0.03707253761209422,0.07149521409959977
klb50,thigh_left_actuator_gain,0.0,thigh_left_actuator_gain_0,5,-353.24083920098036,385.2982150956056,-468.53720872360907,557.7995504354626,-378.6737358926586,426.3053685923186,-0.599532448918982,0.6990043846933708
klb50,thigh_left_actuator_gain,0.1,thigh_left_actuator_gain_0p1,5,-97.33323032179867,86.78386458906327,-98.15407534221058,130.601169042784,-95.57878866296554,128.0419348288324,-0.1478963769737074,0.11454308526995821
klb50,thigh_left_actuator_gain,0.2,thigh_left_actuator_gain_0p2,5,-52.41145256848023,66.14849527764865,-51.95795766954425,99.58344941457052,-36.40797690552705,74.97531299568298,-0.07287684882761514,0.09223491583843006
klb50,thigh_left_actuator_gain,0.3,thigh_left_actuator_gain_0p3,5,-52.98974732957406,91.48451342449673,-38.12763964724978,81.04495114523529,-48.43575446348946,107.59355444429485,-0.0668435546230064,0.12314966687281538
klb50,thigh_left_actuator_gain,0.4,thigh_left_actuator_gain_0p4,5,-39.97931133475693,71.47258539963146,-40.523899225156946,73.32060123858774,-36.39025113891216,74.64044599154911,-0.04833786934746624,0.10188819917085386
klb50,thigh_left_actuator_gain,0.5,thigh_left_actuator_gain_0p5,5,-53.602396429519786,96.53048530481931,-54.521145404489104,94.33085936339738,-49.43788332734179,97.38300824459617,-0.0663461554437459,0.1307341981613901
klb50,thigh_left_actuator_gain,0.6,thigh_left_actuator_gain_0p6,5,-19.93416374076593,70.3533873472848,8.729763472588843,26.99182521621602,-7.15062324979084,54.19293929330611,-0.014883869543923556,0.10605375797485889
klb50,thigh_left_actuator_gain,0.7,thigh_left_actuator_gain_0p7,5,-33.46161659013033,63.24111939505022,-30.218700765672985,41.52225014740974,-40.25914669817355,67.63142414274505,-0.04080238853585257,0.08649150958205339
klb50,thigh_left_actuator_gain,0.8,thigh_left_actuator_gain_0p8,5,-18.70864185422089,55.60797692869082,-6.792066999124927,22.693783313386618,-14.959956090037327,47.69140593816147,-0.01778511058390772,0.07855893814402054
klb50,thigh_left_actuator_gain,0.9,thigh_left_actuator_gain_0p9,5,-13.0670496490937,40.289257503458074,-18.069949170179665,38.93827599698307,-14.786324170784303,41.45666166598109,-0.013305975505504927,0.054396136209576215
klb50,thigh_left_actuator_gain,1.0,thigh_left_actuator_gain_1,5,0.0,0.0,0.0,0.0,0.0,0.0,0.0,0.0
klb50,thigh_left_actuator_gain,1.1,thigh_left_actuator_gain_1p1,5,4.679574253403382,9.972592974233196,14.297780826724647,31.155699717583854,4.273512017683617,9.728165077228756,0.006522649362690164,0.016564955476272233
klb50,thigh_left_actuator_gain,1.3,thigh_left_actuator_gain_1p3,5,-21.10776612230635,88.43303407312135,-26.907128604640956,87.30621986320996,-24.056332227067752,93.96982526030831,-0.018109224561818217,0.11751443845802606
klb50,thigh_left_actuator_gain,1.5,thigh_left_actuator_gain_1p5,5,31.59044072465532,49.002716738150845,42.85843363671862,39.93189835589407,40.588947550501494,41.20616623421701,0.05616887772143242,0.08064934956928846
klb50,thigh_left_actuator_gain,1.7,thigh_left_actuator_gain_1p7,5,8.2432570040977,117.21010140149488,8.53409075587964,118.70021204178693,19.739480836684344,107.10951603301596,0.032009779757284126,0.1680614443136248
klb50,thigh_left_actuator_gain,2.0,thigh_left_actuator_gain_2,5,-2.0802476285757394,150.41760920051942,-13.033018713103184,169.9701161309357,-9.428864105041225,166.05286743291308,0.020985331746078924,0.2118753438848592
klb50,thigh_left_damping,0.0,thigh_left_damping_0,5,-8.803819485350356,19.742710946455716,4.6566663764932965,25.10546680878619,-0.9849262853912364,7.750039796239505,-0.010786417738217894,0.025837237694585458
klb50,thigh_left_damping,0.1,thigh_left_damping_0p1,5,-23.24923796362309,51.00501321807863,-30.12653297901546,50.104425505295886,-25.35598794182813,50.79579711141214,-0.02839154685456475,0.06535297918644757
klb50,thigh_left_damping,0.2,thigh_left_damping_0p2,5,-17.276204696263086,50.08768789921599,-15.206533000750301,35.16490837953325,-12.652011832351036,37.49821435411588,-0.017388211615412937,0.06782041740390751
klb50,thigh_left_damping,0.3,thigh_left_damping_0p3,5,-20.836234732982668,33.7725863156046,-21.060357662685398,23.908941158922794,-29.25140293602103,44.796188980386546,-0.028597121721406688,0.04195594973154979
klb50,thigh_left_damping,0.4,thigh_left_damping_0p4,5,-51.55960170788357,110.56334439125195,-78.14153021570739,152.62359618789506,-68.53471484516587,143.23016785229413,-0.06254062365244807,0.14140735831362997
klb50,thigh_left_damping,0.5,thigh_left_damping_0p5,5,-42.05656637506443,91.09253689435441,-28.466649474598626,53.007635039500904,-43.883401613292406,93.66216059387695,-0.05025406517871413,0.11708577434841622
klb50,thigh_left_damping,0.6,thigh_left_damping_0p6,5,-4.296449402097176,6.881171485954758,11.177441103456157,33.20321635063629,-0.21082408659942758,10.395252540450256,-0.006084702359662867,0.010943017183882221
klb50,thigh_left_damping,0.7,thigh_left_damping_0p7,5,-12.155432700110088,26.129969518979046,10.585600349961577,34.4090373734308,-0.5966967447099478,7.398425800462207,-0.015784335939454643,0.034215271504349866
klb50,thigh_left_damping,0.8,thigh_left_damping_0p8,5,-13.293516794868106,32.42598540334224,9.569766673532683,18.20931704191372,8.203743078644754,11.104653111596242,-0.015946190252105148,0.042342333911403005
klb50,thigh_left_damping,0.9,thigh_left_damping_0p9,5,-18.899500690555215,42.262603854868544,-29.0410995247076,55.273457186233216,-16.450125460130437,38.37045458859014,-0.02251775232104264,0.05482084466800211
klb50,thigh_left_damping,1.0,thigh_left_damping_1,5,0.0,0.0,0.0,0.0,0.0,0.0,0.0,0.0
klb50,thigh_left_damping,1.1,thigh_left_damping_1p1,5,-11.604642076113237,32.663905116906214,27.135076263079632,54.06292083345933,6.518143600161625,9.822713543486994,-0.011479975633402532,0.04419362723070894
klb50,thigh_left_damping,1.3,thigh_left_damping_1p3,5,-15.24563692434092,36.26438014856852,-5.615796803366436,13.902245726036565,-11.018937493393627,31.613430465900812,-0.017396255268550858,0.04762306425162291
klb50,thigh_left_damping,1.5,thigh_left_damping_1p5,5,-11.403927169002419,19.090909078280443,-3.8938086383383506,9.545603980291224,-7.527269640880581,7.659248779523116,-0.015891907616211252,0.025039861879023906
klb50,thigh_left_damping,1.7,thigh_left_damping_1p7,5,-22.701124819717176,36.807616885400776,-10.9982668018715,7.633735334504826,-16.6727037971527,28.628499763121784,-0.030530587698695422,0.04637336686589524
klb50,thigh_left_damping,2.0,thigh_left_damping_2,5,-5.736366587083387,19.266280219641693,33.02969799329195,67.46613305932384,7.477758915158847,14.537664802635648,-0.007026361647078433,0.028654269610164103
vanilla,foot_left_actuator_gain,0.0,foot_left_actuator_gain_0,5,1851.8839800506837,1108.0937413606214,1601.5590964478022,1213.5432808685737,1774.1123869196385,1157.784435379571,0.8272503927467714,0.1154049964720398
vanilla,foot_left_actuator_gain,0.1,foot_left_actuator_gain_0p1,5,1880.5072165992701,1101.6636898158335,1622.3968645527184,1211.896848086753,1794.9000511561455,1155.6816629187538,0.8473779995823396,0.10043834583744148
vanilla,foot_left_actuator_gain,0.2,foot_left_actuator_gain_0p2,5,1839.181307168544,1147.9740518012582,1582.382979004741,1252.6918341264463,1753.9189377037321,1201.560549918527,0.8051172424267159,0.1570463725656509
vanilla,foot_left_actuator_gain,0.3,foot_left_actuator_gain_0p3,5,1802.549336953056,1147.1492559783894,1538.2321852829314,1259.5803140454577,1713.1141007913066,1202.5242726050299,0.7830295593652867,0.16327419695759177
vanilla,foot_left_actuator_gain,0.4,foot_left_actuator_gain_0p4,5,1732.4721406340454,1167.601325434057,1469.0605469155682,1273.6745662127562,1644.7355946395044,1221.3110594327077,0.7313578417951936,0.20481326518776416
vanilla,foot_left_actuator_gain,0.5,foot_left_actuator_gain_0p5,5,1658.3096542577543,1151.8071262703318,1404.1592713287318,1266.3863540740567,1573.6705171125086,1207.440200041404,0.6900938237898188,0.23307638119592028
vanilla,foot_left_actuator_gain,0.6,foot_left_actuator_gain_0p6,5,1520.371023303238,1120.6054975317884,1293.892581297407,1247.5999281061477,1454.4824478381624,1180.0343582515225,0.6157359879876234,0.25015747625445606
vanilla,foot_left_actuator_gain,0.7,foot_left_actuator_gain_0p7,5,1204.5340551992388,834.8968899238388,932.3100923232693,916.590650312692,1108.1118154551987,862.2597952291179,0.49827111667615115,0.20097820876180486
vanilla,foot_left_actuator_gain,0.8,foot_left_actuator_gain_0p8,5,147.84541265530163,525.0825827624582,-179.22539765901973,331.5323228595478,4.510536501265506,414.5582856283733,0.1222483752277983,0.2605402879098711
vanilla,foot_left_actuator_gain,0.9,foot_left_actuator_gain_0p9,5,167.87571450292938,439.54060316489614,-212.2504174288516,356.48633924614177,9.102891207836274,350.9185933033607,0.10020615547581282,0.24240433947479106
vanilla,foot_left_actuator_gain,1.0,foot_left_actuator_gain_1,5,0.0,0.0,0.0,0.0,0.0,0.0,0.0,0.0
vanilla,foot_left_actuator_gain,1.1,foot_left_actuator_gain_1p1,5,1.0525635217626133,265.2251182918441,-291.5469354335897,688.8411237344353,-101.03307104796622,437.75699892923683,-0.010776516065412464,0.13616564693603794
vanilla,foot_left_actuator_gain,1.3,foot_left_actuator_gain_1p3,5,-73.81048074393209,300.009941677995,-744.5987527158804,1271.8635773431745,-263.5353162917595,518.7966314911284,-0.02388474534484709,0.1827322484408224
vanilla,foot_left_actuator_gain,1.5,foot_left_actuator_gain_1p5,5,97.03111193924408,853.5681291190259,-523.3664607335281,1368.9648066316668,-192.74754604924115,1281.9374026637354,-0.02750407975441015,0.3810975723328401
vanilla,foot_left_actuator_gain,1.7,foot_left_actuator_gain_1p7,5,132.27098435969873,945.5872230275957,-336.6241075265333,1454.9411455614545,-90.63647719395787,1294.8345504526335,0.008201724410310179,0.44241000767987704
vanilla,foot_left_actuator_gain,2.0,foot_left_actuator_gain_2,5,647.570997091397,833.395790753971,528.9162703880588,1207.39561287984,640.588261070019,1013.0526555751462,0.2487722442317616,0.25841743211934315
vanilla,foot_left_damping,0.0,foot_left_damping_0,5,26.109420124010192,185.91687765131368,-135.4251104411141,384.1807406339954,54.936202285266155,340.28107716784933,0.03471816650364464,0.08690545263662787
vanilla,foot_left_damping,0.1,foot_left_damping_0p1,5,-35.3131632334361,300.64668981629853,-163.79407279805042,390.69872748288594,-12.599518395005271,442.3240605761454,0.012633386328034412,0.12168219216530095
vanilla,foot_left_damping,0.2,foot_left_damping_0p2,5,17.061635826408654,183.13742895992962,-148.03131504110314,363.604465397095,40.205274690674194,322.9066841650191,0.027628541369314426,0.08651057049724913
vanilla,foot_left_damping,0.3,foot_left_damping_0p3,5,-17.53693014169628,257.2797168805888,-168.57571037868746,376.45026394414634,-7.0225027144398835,423.04166695572735,0.015153501812513908,0.11521953534790222
vanilla,foot_left_damping,0.4,foot_left_damping_0p4,5,29.93909207275751,167.29669547040174,-171.03330779473893,355.2649995088577,30.468300503860384,360.68247228000445,0.02632449895500631,0.08236631458873862
vanilla,foot_left_damping,0.5,foot_left_damping_0p5,5,-29.959838123908117,277.956346401275,-156.25673740889292,380.8364386407874,2.1183234918988774,441.99961908321427,0.011220331267498015,0.11505637047326896
vanilla,foot_left_damping,0.6,foot_left_damping_0p6,5,-62.54713012681145,164.04977404316375,-161.4330993745284,376.18996783160543,-112.34700864003096,272.48052461259425,-0.014955093423202314,0.05781587283465647
vanilla,foot_left_damping,0.7,foot_left_damping_0p7,5,-92.20494819574999,198.91367394715022,-173.3692649914474,379.6962404071787,-139.80810262343533,296.2688215708421,-0.030660557618259608,0.06554090747384861
vanilla,foot_left_damping,0.8,foot_left_damping_0p8,5,-64.06871459060395,122.7295128466458,-151.41035501264605,342.14682480644194,-96.04097808543979,207.15894201632742,-0.0257591317940294,0.039939986682565425
vanilla,foot_left_damping,0.9,foot_left_damping_0p9,5,17.932522342900505,108.53448025699645,-182.73716280596545,341.21398420282986,-13.322172220574771,231.42397787430806,0.02295261292858817,0.057866283256790385
vanilla,foot_left_damping,1.0,foot_left_damping_1,5,0.0,0.0,0.0,0.0,0.0,0.0,0.0,0.0
vanilla,foot_left_damping,1.1,foot_left_damping_1p1,5,-46.2593151992603,96.02667285258337,-133.28953586330584,301.6266303993757,-103.33272264464249,160.06412192858872,-0.012653695853956138,0.05392777937504356
vanilla,foot_left_damping,1.3,foot_left_damping_1p3,5,-105.51625276353725,137.25100799658796,-210.70791024057112,346.31724942462245,-215.49118747032426,261.4259352598634,-0.04623026474445129,0.06990512643244194
vanilla,foot_left_damping,1.5,foot_left_damping_1p5,5,-139.7062026883208,255.94020611035987,-168.6204988551327,391.26590019197266,-198.42805165960783,291.95067231010916,-0.04352417133778103,0.09040801448161302
vanilla,foot_left_damping,1.7,foot_left_damping_1p7,5,-43.97674802153627,128.42553631220107,-160.34587126287062,345.0033664349829,-111.23442118840005,227.9289307181632,-0.003022451050832088,0.060499902037850134
vanilla,foot_left_damping,2.0,foot_left_damping_2,5,4.8624231281072525,96.22338067846026,-141.92875478926743,234.64457294112157,-16.89151716699937,165.21899760988077,0.017003554886831602,0.05753319302925606
vanilla,foot_left_friction,0.0,foot_left_friction_0,5,340.7335776653702,724.8828007050096,328.9943292543104,867.6137169087581,425.95136085061847,815.3389869536874,0.06245828565171665,0.25056819067214847
vanilla,foot_left_friction,0.1,foot_left_friction_0p1,5,499.66211832969077,825.4496038350236,467.11161620899657,1053.150418772024,536.1168281546095,923.1934634328477,0.1501364848176118,0.24456572307452404
vanilla,foot_left_friction,0.2,foot_left_friction_0p2,5,499.66211832969077,825.4496038350236,467.11161620899657,1053.150418772024,536.1168281546095,923.1934634328477,0.1501364848176118,0.24456572307452404
vanilla,foot_left_friction,0.3,foot_left_friction_0p3,5,499.66211832969077,825.4496038350236,467.11161620899657,1053.150418772024,536.1168281546095,923.1934634328477,0.1501364848176118,0.24456572307452404
vanilla,foot_left_friction,0.4,foot_left_friction_0p4,5,339.7686423950191,693.0383662473782,327.07373198672013,847.6494717445423,434.5681986098417,793.4567068129868,0.05663923802131857,0.2691969355782445
vanilla,foot_left_friction,0.5,foot_left_friction_0p5,5,264.196792592256,677.0344685641302,172.4891358647832,966.436225830279,284.6237963744344,822.9910125429304,0.04775500974346071,0.21574018146590648
vanilla,foot_left_friction,0.6,foot_left_friction_0p6,5,-44.54364622643627,1124.0422968606713,-291.3134731274895,1652.295384190947,-156.93685571630027,1423.9761689223378,-0.13978175398776213,0.4959039995527227
vanilla,foot_left_friction,0.7,foot_left_friction_0p7,5,-243.52290262929864,928.2080511402684,-384.5806070457021,1550.0062701633362,-274.69050897958914,1302.9256732671552,-0.22711671560708324,0.46017144252022113
vanilla,foot_left_friction,0.8,foot_left_friction_0p8,5,-336.1179560238818,819.1249666214737,-526.1975248208771,1401.6514960361037,-419.97600151840663,1144.5899704193712,-0.2577030026568617,0.43271936205352907
vanilla,foot_left_friction,0.9,foot_left_friction_0p9,5,-198.21995131574423,383.08688985331025,-732.4427530190194,1249.3060492353554,-353.1612134697151,697.5595840172213,-0.16818122018457582,0.226347234055422
vanilla,foot_left_friction,1.0,foot_left_friction_1,5,0.0,0.0,0.0,0.0,0.0,0.0,0.0,0.0
vanilla,foot_left_friction,1.1,foot_left_friction_1p1,5,35.443828292707124,185.8696891080387,33.85507012709147,160.5693075954097,131.74900036812465,255.35041922455753,0.015666198762457374,0.08539729120791341
vanilla,foot_left_friction,1.3,foot_left_friction_1p3,5,638.0450346889999,1076.215030896965,522.7788202862897,1050.4392237708848,636.250024506961,1032.2709524301438,0.1453063443045845,0.5071119352928821
vanilla,foot_left_friction,1.5,foot_left_friction_1p5,5,1004.6607262761809,1030.783143454129,930.1649598465801,1046.669832043902,1050.1578153789599,1007.189766472261,0.4492361514369681,0.24610870984977332
vanilla,foot_left_friction,1.7,foot_left_friction_1p7,5,1043.8107553058103,1117.0782267778684,1010.6238507365603,1140.588497419716,1130.3471625729808,1088.7666700406216,0.44245806871238685,0.263454637806568
vanilla,foot_left_friction,2.0,foot_left_friction_2,5,1188.2721181274587,1112.5813079758116,1073.454749744649,1137.9181754041902,1185.5380771432824,1090.4281783089052,0.5386950198252096,0.25905915668448254
vanilla,leg_left_actuator_gain,0.0,leg_left_actuator_gain_0,5,1693.3387680902094,1469.5581251919784,1575.710862847025,1633.6085080448388,1694.1450177770894,1541.799179138976,0.5903265339731657,0.40966359451469425
vanilla,leg_left_actuator_gain,0.1,leg_left_actuator_gain_0p1,5,1714.1019000640295,1437.0148639769643,1594.079330178883,1667.9907317222494,1705.4774793465149,1558.3746949288334,0.623024071356718,0.3162249754364741
vanilla,leg_left_actuator_gain,0.2,leg_left_actuator_gain_0p2,5,1604.167849545993,1462.4997846477618,1497.581957464859,1715.8048084594886,1610.8793649696138,1588.4207225965263,0.5553560313900824,0.34669344843250094
vanilla,leg_left_actuator_gain,0.3,leg_left_actuator_gain_0p3,5,1455.7217776298608,1333.3643604469496,1351.587263756673,1648.739744626073,1478.2605780126885,1519.1602864465106,0.5101747841295678,0.3100730170947654
vanilla,leg_left_actuator_gain,0.4,leg_left_actuator_gain_0p4,5,589.6902694413359,1270.8254645824948,269.96719049987666,1808.9226683328145,521.7875085922624,1548.3309741154803,0.1422356910811647,0.47662919789343616
vanilla,leg_left_actuator_gain,0.5,leg_left_actuator_gain_0p5,5,-61.90112341109714,1136.6045528113052,-302.3241291775156,1551.8474078858912,-184.45946328703505,1309.7064040633888,-0.12545952278794012,0.5509659454676787
vanilla,leg_left_actuator_gain,0.6,leg_left_actuator_gain_0p6,5,-230.7272828073607,520.4938942289776,-608.8078123879554,1277.8630995088424,-367.2424155132406,807.5801451965011,-0.11487983400941688,0.299009135665373
vanilla,leg_left_actuator_gain,0.7,leg_left_actuator_gain_0p7,5,-391.21366774904055,900.3397903548854,-635.9425453976635,1279.5783742799247,-460.9756719550461,1061.754607637478,-0.23355982671483022,0.4932136223146646
vanilla,leg_left_actuator_gain,0.8,leg_left_actuator_gain_0p8,5,-422.0194588695411,821.4900871571067,-649.3930987488475,1283.7703703774282,-512.3889559145998,1041.4938882394697,-0.23841584974355148,0.45774112786223564
vanilla,leg_left_actuator_gain,0.9,leg_left_actuator_gain_0p9,5,-280.9218389275988,680.419428399001,-564.6888433268848,1333.6800293415147,-427.05619786426666,1096.3351714797384,-0.18154747676283972,0.36941079644571184
vanilla,leg_left_actuator_gain,1.0,leg_left_actuator_gain_1,5,0.0,0.0,0.0,0.0,0.0,0.0,0.0,0.0
vanilla,leg_left_actuator_gain,1.1,leg_left_actuator_gain_1p1,5,-60.74037572839895,189.5583540089144,-3.7701067418954834,163.46208442334392,31.761572712508475,240.55310220212596,-0.04904324477760752,0.12540563507557667
vanilla,leg_left_actuator_gain,1.3,leg_left_actuator_gain_1p3,5,55.46640443430167,263.4858134297461,-5.773099695086012,199.007445316311,135.4089100570797,429.61268385721667,-0.01336905584861826,0.19385965521937268
vanilla,leg_left_actuator_gain,1.5,leg_left_actuator_gain_1p5,5,91.42650573668095,275.40636649753276,9.507579789792477,175.84289791172625,170.3870248356767,403.61236525920845,0.037783853587025955,0.16491945165034677
vanilla,leg_left_actuator_gain,1.7,leg_left_actuator_gain_1p7,5,112.09277743500226,229.17647853324732,43.822456058008335,162.49354670492218,229.29422805532096,395.77878049899437,0.040958249536450976,0.13978790026389046
vanilla,leg_left_actuator_gain,2.0,leg_left_actuator_gain_2,5,158.73625695728896,239.13760411528068,110.68766338961093,176.76242848024643,283.7712614589393,389.16123726647317,0.06260449047277865,0.12152532690380441
vanilla,leg_left_damping,0.0,leg_left_damping_0,5,-71.67159757329007,60.3141777790191,-6.258430571782219,13.12387171084336,-62.78036434547171,91.34967614464958,-0.048334705554710075,0.05465089266140775
vanilla,leg_left_damping,0.1,leg_left_damping_0p1,5,-42.68330746340448,65.11366221118492,0.8922811568545285,8.248359413063458,-42.78522662447999,104.66351327846101,-0.035900924806201884,0.05159727739593899
vanilla,leg_left_damping,0.2,leg_left_damping_0p2,5,-27.687763882806074,89.67053129687694,-37.03269098846406,75.86785119241036,-61.382683819733685,122.31366334915472,-0.0342556906456982,0.06475419301479943
vanilla,leg_left_damping,0.3,leg_left_damping_0p3,5,-72.397063360069,67.43921127219524,-10.247070731369945,20.231121169621684,-67.83918379190925,97.41107068528278,-0.03732126992429988,0.029126923242045993
vanilla,leg_left_damping,0.4,leg_left_damping_0p4,5,-16.445453098306167,92.80726725894883,-21.035700108280775,54.888871992482905,-48.1707967730232,123.72701298240804,-0.024585683061338397,0.06042312564235983
vanilla,leg_left_damping,0.5,leg_left_damping_0p5,5,-29.797931755406125,95.07311233864866,-47.85981672279422,81.00155839039186,-62.73206117033435,138.29832576733395,-0.03955801705940442,0.06006638968244215
vanilla,leg_left_damping,0.6,leg_left_damping_0p6,5,-56.33742384612697,47.15812844327035,-8.805525726827478,23.6005971598719,-69.9860251182328,99.8046620650443,-0.040913085280024866,0.03998109441800735
vanilla,leg_left_damping,0.7,leg_left_damping_0p7,5,-46.24102197579009,70.54909231709694,-6.418883939686407,40.48086516768663,-50.83970711329689,109.54083391880033,-0.03949246864720872,0.06520544080405788
vanilla,leg_left_damping,0.8,leg_left_damping_0p8,5,-8.4336237244602,72.7211409629191,2.547171028477692,10.906799298406469,-16.055114010585747,135.5610783795322,-0.011646307885694129,0.0377219703516072
vanilla,leg_left_damping,0.9,leg_left_damping_0p9,5,31.96025572807032,167.45386672783258,43.69193078678336,123.57818849402776,28.508313566625453,238.32784221683838,-0.010884888700756124,0.061595885610824186
vanilla,leg_left_damping,1.0,leg_left_damping_1,5,0.0,0.0,0.0,0.0,0.0,0.0,0.0,0.0
vanilla,leg_left_damping,1.1,leg_left_damping_1p1,5,-16.483718955048495,32.64271709292369,-7.280401514330765,21.488954538207835,-14.197628837406114,19.167496398122324,-0.010885921972859225,0.029738167319406185
vanilla,leg_left_damping,1.3,leg_left_damping_1p3,5,-43.74401253645531,45.527215059349764,-2.9182092837735354,23.6324023617241,-38.86717134887094,36.559413929400606,-0.022025851312312363,0.017076669974925605
vanilla,leg_left_damping,1.5,leg_left_damping_1p5,5,8.240299434777398,51.121782173880135,-9.89940011917406,64.95864864207151,8.98579419796631,63.039076247409646,-0.006401991697961969,0.02380607771508755
vanilla,leg_left_damping,1.7,leg_left_damping_1p7,5,-48.73185009264925,61.421715045239296,-31.702516879516157,47.372344707882654,-34.54399624332145,35.226392270860856,-0.040782612655319066,0.06684358847674692
vanilla,leg_left_damping,2.0,leg_left_damping_2,5,0.6073359638789271,28.953384737899423,3.766851417233488,34.65677837797318,-8.577073888206268,47.232713240582356,0.006327665354948558,0.026204387892563446
vanilla,thigh_left_actuator_gain,0.0,thigh_left_actuator_gain_0,5,1697.4447191313575,1390.439691961291,1636.772600022555,1557.2502009644495,1712.4903576406523,1462.954449093891,0.6094781214385726,0.4143988583785177
vanilla,thigh_left_actuator_gain,0.1,thigh_left_actuator_gain_0p1,5,1634.692484107404,1316.836661816373,1569.36632609901,1564.3161774876705,1631.877187178932,1433.5595850072546,0.594053623348733,0.39550953398468813
vanilla,thigh_left_actuator_gain,0.2,thigh_left_actuator_gain_0p2,5,1495.0426406050303,1184.8595902390334,1441.889345720682,1379.330356579076,1577.435434850442,1342.8725399730895,0.5588334592029544,0.3721155816172443
vanilla,thigh_left_actuator_gain,0.3,thigh_left_actuator_gain_0p3,5,1115.689291991553,1056.6335539399643,777.3742861046455,980.9109353227218,952.2878598442792,1001.4645528394185,0.4409974956154545,0.38144983465160454
vanilla,thigh_left_actuator_gain,0.4,thigh_left_actuator_gain_0p4,5,700.743372050298,935.3990999820236,449.03456303121993,843.7528022577332,573.1059762509246,811.3001273962467,0.2682424216608993,0.3063128779420861
vanilla,thigh_left_actuator_gain,0.5,thigh_left_actuator_gain_0p5,5,237.68480085597722,430.63936368308504,33.5133725312498,139.8894738611882,157.5143505217231,212.5522240819942,0.12562362143412148,0.21737374941436136
vanilla,thigh_left_actuator_gain,0.6,thigh_left_actuator_gain_0p6,5,395.72012049609395,418.9302171718113,239.58777752341658,540.8038981200102,378.83628731387523,502.28288907080156,0.1612720433076486,0.19165926234356742
vanilla,thigh_left_actuator_gain,0.7,thigh_left_actuator_gain_0p7,5,515.7070700693475,586.7779032724313,450.09467825914055,997.5090365382587,521.1732404047923,792.7332852271485,0.19559099666941995,0.2040095581091574
vanilla,thigh_left_actuator_gain,0.8,thigh_left_actuator_gain_0p8,5,333.4412775410466,404.0937268798258,230.41701803721253,638.134708729621,347.2657339806534,540.6891046672167,0.1171850935277543,0.15747279434307854
vanilla,thigh_left_actuator_gain,0.9,thigh_left_actuator_gain_0p9,5,37.93466866672245,308.6640897605808,-77.19068213273127,450.79176577622655,-48.83438533479618,471.56785087625065,-0.016200080742341486,0.13438931293219517
vanilla,thigh_left_actuator_gain,1.0,thigh_left_actuator_gain_1,5,0.0,0.0,0.0,0.0,0.0,0.0,0.0,0.0
vanilla,thigh_left_actuator_gain,1.1,thigh_left_actuator_gain_1p1,5,-341.9197331966474,585.5196619974524,-679.2495219317092,1271.9616397012865,-553.3360287125124,1022.3218176681364,-0.19665631291212515,0.32522455728239863
vanilla,thigh_left_actuator_gain,1.3,thigh_left_actuator_gain_1p3,5,-411.08720997620605,696.8488376960895,-643.7558081838654,1300.3697026896048,-523.0711658215047,1047.7610118178688,-0.22841453005987197,0.3887580360566274
vanilla,thigh_left_actuator_gain,1.5,thigh_left_actuator_gain_1p5,5,-226.25634380007642,854.4817366003326,-579.8927085203668,1310.7827873171818,-387.7569640474201,1106.0528560900082,-0.1624076913084957,0.450428676003708
vanilla,thigh_left_actuator_gain,1.7,thigh_left_actuator_gain_1p7,5,-216.44903024428814,1008.6000362032664,-441.2209419205254,1378.0296558513473,-253.0962394047045,1200.1685728618968,-0.16861280814267873,0.5129566794183155
vanilla,thigh_left_actuator_gain,2.0,thigh_left_actuator_gain_2,5,165.57227354029536,962.9719032586432,-172.8952670075351,1593.195055072261,21.2862967347246,1348.5679682617501,-0.02412962992232493,0.42252468652949776
vanilla,thigh_left_damping,0.0,thigh_left_damping_0,5,-74.76555105844588,99.645122971964,5.327492627663469,94.12784824120851,-115.40633013568342,201.5019931372617,-0.05567834688621627,0.05994808591341457
vanilla,thigh_left_damping,0.1,thigh_left_damping_0p1,5,-112.18869789025334,111.05660036221761,-34.92901954460801,55.93362551271393,-95.01794933794858,106.3838630929175,-0.06282058412909322,0.06653047166977462
vanilla,thigh_left_damping,0.2,thigh_left_damping_0p2,5,9.308151654522566,76.59111380234161,19.991662241865743,60.394495774198,28.556253684667787,55.08053711245039,-0.015987658532363815,0.053566987553603444
vanilla,thigh_left_damping,0.3,thigh_left_damping_0p3,5,65.38349355913542,81.48713850208439,19.86548939901015,51.78760830036023,95.73671918680486,125.10294300341091,0.025522205627239735,0.0360829469234797
vanilla,thigh_left_damping,0.4,thigh_left_damping_0p4,5,-45.57142998805291,71.91810753086949,11.987778610146666,55.89892791501731,-50.837781975928124,86.91135654528983,-0.04445601510104285,0.06775290310027143
vanilla,thigh_left_damping,0.5,thigh_left_damping_0p5,5,-53.12278628142819,48.01494598580345,15.739154700710468,70.06151454977329,-53.75366382237089,81.17410523158912,-0.031195651975779514,0.02875958649624965
vanilla,thigh_left_damping,0.6,thigh_left_damping_0p6,5,-35.144418830987206,78.38065070639172,-20.81646021016047,25.319517714629857,-49.78678381934812,151.67137858993476,-0.03290155945547375,0.04405241862578719
vanilla,thigh_left_damping,0.7,thigh_left_damping_0p7,5,-122.00289812112146,111.67666043431116,-1.9233789966373707,69.30017180319685,-146.8425984026419,197.05298628497914,-0.06687609694587374,0.05620763333798413
vanilla,thigh_left_damping,0.8,thigh_left_damping_0p8,5,-3.613694372429882,77.91667786449865,4.37246884715862,94.00079665044822,-8.54010932436347,95.58458326205546,-0.024033051624759987,0.04584595764715494
vanilla,thigh_left_damping,0.9,thigh_left_damping_0p9,5,-34.77442689859188,154.14554555687724,-13.845834670639851,24.25246895572291,-95.27150982105874,242.9936815753869,-0.04344619294277272,0.07484832564766378
vanilla,thigh_left_damping,1.0,thigh_left_damping_1,5,0.0,0.0,0.0,0.0,0.0,0.0,0.0,0.0
vanilla,thigh_left_damping,1.1,thigh_left_damping_1p1,5,-68.76546555902743,81.8028910259363,-0.4597909660275718,64.43337753598175,-70.82438998802752,87.00345350042193,-0.06435593276042112,0.08584843440955721
vanilla,thigh_left_damping,1.3,thigh_left_damping_1p3,5,60.204509991932945,135.75865831857428,6.9605514010640945,87.81793596144543,93.6782104580833,171.90527496457142,0.005509226539878462,0.08173556575455469
vanilla,thigh_left_damping,1.5,thigh_left_damping_1p5,5,9.67787555662387,93.23107049966376,22.560858690047006,55.963642875518794,70.05523926971554,156.05926999848717,0.0005008123219536829,0.060787660495331054
vanilla,thigh_left_damping,1.7,thigh_left_damping_1p7,5,23.646517802270683,38.85293275666822,-36.808420971644864,91.73729537717566,33.00216184816627,49.87255254037489,0.0064702827001227895,0.022334088313697768
vanilla,thigh_left_damping,2.0,thigh_left_damping_2,5,2.8643339061360846,83.75000411475074,-40.27765160073293,77.98670894967233,15.551295384071272,121.09556460560212,-0.013362628428381946,0.07596999702971138
