baseline_model_label,compare_model_label,axis,factor,scenario_label,n,gain_mean_return_mean,gain_mean_return_ci95,gain_median_return_mean,gain_median_return_ci95,gain_iqm_return_mean,gain_iqm_return_ci95
vanilla,klb0p5,foot_left_actuator_gain,0.0,foot_left_actuator_gain_0,5,1790.6275963276742,1129.2547576382287,1549.9725515865482,1234.4125965700753,1715.6062553947243,1170.4374056682768
vanilla,klb0p5,foot_left_actuator_gain,0.1,foot_left_actuator_gain_0p1,5,1827.7684989812738,1112.65804706571,1591.0065047610212,1238.855269468798,1763.4346397509223,1174.1369319993437
vanilla,klb0p5,foot_left_actuator_gain,0.2,foot_left_actuator_gain_0p2,5,1766.8744458940614,1208.8671839017534,1510.3660803270825,1314.5638823996157,1680.8692492263774,1254.5218913623855
vanilla,klb0p5,foot_left_actuator_gain,0.3,foot_left_actuator_gain_0p3,5,1718.569209148592,1186.8021250618926,1473.1680528588477,1310.662252096637,1643.2861839075408,1242.3103385303755
vanilla,klb0p5,foot_left_actuator_gain,0.4,foot_left_actuator_gain_0p4,5,1656.6252779429385,1210.619250130339,1413.3591820988026,1319.25903566775,1586.5181391213132,1263.2447507060617
vanilla,klb0p5,foot_left_actuator_gain,0.5,foot_left_actuator_gain_0p5,5,1599.1895631078166,1195.4788775128936,1354.5059956874238,1307.631129514474,1523.8155460476603,1248.8523146336934
vanilla,klb0p5,foot_left_actuator_gain,0.6,foot_left_actuator_gain_0p6,5,1478.8118526338658,1156.6615234762887,1254.088871280988,1271.729593751374,1420.7452323480688,1211.467933688682
vanilla,klb0p5,foot_left_actuator_gain,0.7,foot_left_actuator_gain_0p7,5,1183.1718419002573,850.87886687282,904.0147365929381,945.5630823987607,1085.576652550123,890.3068736858748
vanilla,klb0p5,foot_left_actuator_gain,0.8,foot_left_actuator_gain_0p8,5,164.1166625736521,504.0822197457791,-183.57454996585653,333.64486652425904,3.209423232215579,418.75929281605636
vanilla,klb0p5,foot_left_actuator_gain,0.9,foot_left_actuator_gain_0p9,5,165.25887423026865,446.515714691611,-203.07178623412756,389.5438284658567,14.394653793281748,365.7042911309068
vanilla,klb0p5,foot_left_actuator_gain,1.0,foot_left_actuator_gain_1,5,0.0,0.0,0.0,0.0,0.0,0.0
vanilla,klb0p5,foot_left_actuator_gain,1.1,foot_left_actuator_gain_1p1,5,-16.460634552160787,278.44300395318044,-322.4423912788062,675.9628871749925,-130.8983268370908,439.15315665402
vanilla,klb0p5,foot_left_actuator_gain,1.3,foot_left_actuator_gain_1p3,5,-58.715182678437465,302.1813155298623,-729.0710272893953,1243.5169089398682,-249.28092473690452,501.0387667506269
vanilla,klb0p5,foot_left_actuator_gain,1.5,foot_left_actuator_gain_1p5,5,98.5491286457399,868.6585620276767,-536.6913543778035,1357.5329999643384,-205.58094035642284,1295.3286135957594
vanilla,klb0p5,foot_left_actuator_gain,1.7,foot_left_actuator_gain_1p7,5,149.3679657182216,971.5194882134472,-333.97248651900264,1435.6245633093095,-70.7946151780402,1304.5920892617135
vanilla,klb0p5,foot_left_actuator_gain,2.0,foot_left_actuator_gain_2,5,656.8224776095049,862.6999453817635,514.1609639802161,1232.1991976400218,627.9580109522394,1038.289074061952
vanilla,klb0p5,foot_left_damping,0.0,foot_left_damping_0,5,8.356132719787206,153.60446550056773,-155.09004148040435,352.4598022875544,32.65288625220762,314.0451678571561
vanilla,klb0p5,foot_left_damping,0.1,foot_left_damping_0p1,5,-53.98499392477699,278.050326547916,-190.87650560522943,361.5993415064561,-33.20054151899259,425.6620883843898
vanilla,klb0p5,foot_left_damping,0.2,foot_left_damping_0p2,5,11.212432668257282,188.2642736310561,-162.08016360015117,339.59803121118165,25.719597492270566,300.68912369984434
vanilla,klb0p5,foot_left_damping,0.3,foot_left_damping_0p3,5,-43.168498323119024,253.61577147133707,-193.45385749653022,367.1477805628898,-32.475392751317884,418.05805173145836
vanilla,klb0p5,foot_left_damping,0.4,foot_left_damping_0p4,5,30.832549021484056,170.55786533550264,-168.04368904777155,339.8369120808464,36.29960975812331,357.4989510831193
vanilla,klb0p5,foot_left_damping,0.5,foot_left_damping_0p5,5,-52.233292826472976,270.7050872049327,-179.1173950706216,363.65938920366085,-13.771766401417608,424.43269988955024
vanilla,klb0p5,foot_left_damping,0.6,foot_left_damping_0p6,5,-67.33030889666381,149.42234713444594,-167.5582173835249,339.8747925293882,-120.62253763855179,240.50941000612013
vanilla,klb0p5,foot_left_damping,0.7,foot_left_damping_0p7,5,-98.4215726219127,227.2290553106513,-186.85971080234353,376.2836614553335,-144.12764238989362,307.37043062511725
vanilla,klb0p5,foot_left_damping,0.8,foot_left_damping_0p8,5,-92.73599062477446,118.3417558311707,-189.60873698612048,308.98011577751276,-128.03941088970106,189.7842399504236
vanilla,klb0p5,foot_left_damping,0.9,foot_left_damping_0p9,5,12.760078677754132,113.83505714528158,-198.59174093934126,295.28888973374126,-27.41327410805676,210.91780890369512
vanilla,klb0p5,foot_left_damping,1.0,foot_left_damping_1,5,0.0,0.0,0.0,0.0,0.0,0.0
vanilla,klb0p5,foot_left_damping,1.1,foot_left_damping_1p1,5,-59.95140660643143,87.04004418609328,-159.00753108417547,274.43657025901445,-116.90689389804761,139.61602294168816
vanilla,klb0p5,foot_left_damping,1.3,foot_left_damping_1p3,5,-104.20020360753901,97.14660832638796,-229.32264486054777,313.75232511578537,-223.1966239857905,227.5002082168395
vanilla,klb0p5,foot_left_damping,1.5,foot_left_damping_1p5,5,-144.97310570349316,267.70162901249137,-180.51158837130532,377.8759868489943,-210.60875639649618,290.2807378819071
vanilla,klb0p5,foot_left_damping,1.7,foot_left_damping_1p7,5,-73.39722658283496,131.004351585604,-195.79022537541493,323.55413480605114,-143.140538825451,220.75457539821386
vanilla,klb0p5,foot_left_damping,2.0,foot_left_damping_2,5,15.5032445097184,102.93311409106347,-146.32106230427323,212.66747950858132,-21.69938811537613,144.76386859969736
vanilla,klb0p5,foot_left_friction,0.0,foot_left_friction_0,5,337.44752487272507,749.6007597734089,291.44724063834576,891.8358650240541,400.48526494113594,834.9837041254075
vanilla,klb0p5,foot_left_friction,0.1,foot_left_friction_0p1,5,496.37606553704546,851.8828189844377,429.5645275930318,1078.99195406386,510.6507322451269,944.0649229717317
vanilla,klb0p5,foot_left_friction,0.2,foot_left_friction_0p2,5,496.37606553704546,851.8828189844377,429.5645275930318,1078.99195406386,510.6507322451269,944.0649229717317
vanilla,klb0p5,foot_left_friction,0.3,foot_left_friction_0p3,5,496.37606553704546,851.8828189844377,429.5645275930318,1078.99195406386,510.6507322451269,944.0649229717317
vanilla,klb0p5,foot_left_friction,0.4,foot_left_friction_0p4,5,323.0412189166244,740.6461017255046,296.2150520990117,891.058074451522,408.84682778175454,841.1671075787605
vanilla,klb0p5,foot_left_friction,0.5,foot_left_friction_0p5,5,249.18446710751354,664.82517027798,168.84774546011388,968.5322601340015,275.1840050722873,823.4363996722408
vanilla,klb0p5,foot_left_friction,0.6,foot_left_friction_0p6,5,-50.70090879734257,1107.278278351484,-320.948885594367,1626.6316472297626,-188.10064548939462,1406.203252323001
vanilla,klb0p5,foot_left_friction,0.7,foot_left_friction_0p7,5,-245.45871034103766,944.570809253237,-415.34528523243387,1561.573837975076,-296.8940264643002,1302.6244610189704
vanilla,klb0p5,foot_left_friction,0.8,foot_left_friction_0p8,5,-360.3219930778133,804.7586184430845,-558.8335003890625,1424.3746138329725,-446.07640173408345,1154.3449589207955
vanilla,klb0p5,foot_left_friction,0.9,foot_left_friction_0p9,5,-202.45967413050127,385.36494416561294,-750.6717692718396,1253.2546538410943,-366.3787791300926,703.6649488657567
vanilla,klb0p5,foot_left_friction,1.0,foot_left_friction_1,5,0.0,0.0,0.0,0.0,0.0,0.0
vanilla,klb0p5,foot_left_friction,1.1,foot_left_friction_1p1,5,25.016472384947065,211.9076239337969,26.535044344931794,202.90655357349866,130.51986665009653,301.7158243846364
vanilla,klb0p5,foot_left_friction,1.3,foot_left_friction_1p3,5,621.5779815949597,1082.8346880818547,506.1018697089432,1030.797662904643,622.4085318545883,1024.3950930763465
vanilla,klb0p5,foot_left_friction,1.5,foot_left_friction_1p5,5,985.6964014054527,1058.6295262201556,903.9575386650682,1058.0728640159757,1027.9292654677588,1020.417116261473
vanilla,klb0p5,foot_left_friction,1.7,foot_left_friction_1p7,5,1001.8655300272345,1142.359998837426,985.0407489367839,1168.515712579488,1105.2243593833232,1112.9866344577104
vanilla,klb0p5,foot_left_friction,2.0,foot_left_friction_2,5,1159.3350292267987,1115.1365773365026,1042.3938000964624,1131.0251256681686,1154.5464753729595,1081.7512742355696
vanilla,klb0p5,leg_left_actuator_gain,0.0,leg_left_actuator_gain_0,5,1594.9953406374466,1451.808266977207,1447.6235380350536,1661.0444709945766,1577.1450644617755,1543.0414192633093
vanilla,klb0p5,leg_left_actuator_gain,0.1,leg_left_actuator_gain_0p1,5,1700.7515997847913,1404.6462873546886,1527.6590185806313,1674.720579746182,1650.0748301120293,1555.7932462382116
vanilla,klb0p5,leg_left_actuator_gain,0.2,leg_left_actuator_gain_0p2,5,1676.9673396566309,1378.258375553858,1543.5139423058567,1684.901122061266,1668.5564773565432,1527.7264854745567
vanilla,klb0p5,leg_left_actuator_gain,0.3,leg_left_actuator_gain_0p3,5,1491.2766898995392,1281.9655492301451,1379.77791438154,1629.3293506868708,1504.9114921841106,1483.9524643565167
vanilla,klb0p5,leg_left_actuator_gain,0.4,leg_left_actuator_gain_0p4,5,679.8664981319051,1236.6397783049451,361.4242497745665,1823.5139546954947,611.8123258294088,1532.1403457507874
vanilla,klb0p5,leg_left_actuator_gain,0.5,leg_left_actuator_gain_0p5,5,40.42674652675022,1175.1598779489188,-153.7796228522207,1617.515824890301,-81.35232528612934,1362.7621389604817
vanilla,klb0p5,leg_left_actuator_gain,0.6,leg_left_actuator_gain_0p6,5,-208.64588029882208,544.5147959510049,-614.2901921092487,1306.6722351612093,-366.6156362838607,837.7251040662228
vanilla,klb0p5,leg_left_actuator_gain,0.7,leg_left_actuator_gain_0p7,5,-407.4527382564186,910.6748316160946,-646.1808294495302,1304.6959956872959,-471.21134855883184,1075.3134302715769
vanilla,klb0p5,leg_left_actuator_gain,0.8,leg_left_actuator_gain_0p8,5,-431.21773358217854,828.5220417846086,-666.6298145558828,1316.573854523146,-523.4314253107111,1062.6704373842638
vanilla,klb0p5,leg_left_actuator_gain,0.9,leg_left_actuator_gain_0p9,5,-301.4314609854021,719.7036424811442,-572.7255691311805,1379.3744685289996,-436.0278825582418,1137.464942682154
vanilla,klb0p5,leg_left_actuator_gain,1.0,leg_left_actuator_gain_1,5,0.0,0.0,0.0,0.0,0.0,0.0
vanilla,klb0p5,leg_left_actuator_gain,1.1,leg_left_actuator_gain_1p1,5,-72.9775155882161,207.83543731728878,-39.76692354290661,176.6388645226287,4.062884760604715,260.90319877524126
vanilla,klb0p5,leg_left_actuator_gain,1.3,leg_left_actuator_gain_1p3,5,42.44055546606112,280.77213518680117,-15.19264101332708,208.61428589824845,117.63909445533815,433.03973179336657
vanilla,klb0p5,leg_left_actuator_gain,1.5,leg_left_actuator_gain_1p5,5,52.95064865729546,248.23039784756608,-29.45838613821245,157.73251398936466,136.77417197042655,386.78022434712074
vanilla,klb0p5,leg_left_actuator_gain,1.7,leg_left_actuator_gain_1p7,5,60.626534406450205,252.67161751480296,-29.906581156739286,164.12754698930888,166.4917165028458,404.2524808469591
vanilla,klb0p5,leg_left_actuator_gain,2.0,leg_left_actuator_gain_2,5,108.29097524214463,283.983831657815,42.87276835606497,223.48158555399897,218.206054982344,425.76236785613867
vanilla,klb0p5,leg_left_damping,0.0,leg_left_damping_0,5,-101.8098868724881,62.49271265087484,-33.610462342392545,16.50807754526743,-87.89058636251261,112.2063125299093
vanilla,klb0p5,leg_left_damping,0.1,leg_left_damping_0p1,5,-48.985406372006096,75.7765031221274,-8.85750146718335,20.426357323637767,-50.354637303015885,114.75784262287993
vanilla,klb0p5,leg_left_damping,0.2,leg_left_damping_0p2,5,-45.04361563962167,99.60713105869172,-46.73827961177801,82.59399208843968,-71.34870288571078,113.34288150170018
vanilla,klb0p5,leg_left_damping,0.3,leg_left_damping_0p3,5,-93.5670213393079,90.38668845218743,-28.61114447509292,34.60021806783168,-84.7688779586596,118.85127862373128
vanilla,klb0p5,leg_left_damping,0.4,leg_left_damping_0p4,5,-37.2826799021543,112.52350907457554,-47.42967348145511,54.093887165693936,-75.51949408599069,142.83368682820796
vanilla,klb0p5,leg_left_damping,0.5,leg_left_damping_0p5,5,-45.79834499789879,100.34902326521045,-65.09561088244126,100.45833007638936,-71.29181100817189,141.83240954599864
vanilla,klb0p5,leg_left_damping,0.6,leg_left_damping_0p6,5,-85.41846134517161,61.72321302489478,-49.24405959312822,38.78753144586101,-101.30902280870963,114.85306645283525
vanilla,klb0p5,leg_left_damping,0.7,leg_left_damping_0p7,5,-31.903066392105565,75.64092848029242,-5.787151478421572,71.37771998216319,-47.45260856961575,70.47206586873139
vanilla,klb0p5,leg_left_damping,0.8,leg_left_damping_0p8,5,-33.140831183982094,81.59289474162661,-18.902119560333688,11.530029369542676,-36.469170448251944,143.49082515330844
vanilla,klb0p5,leg_left_damping,0.9,leg_left_damping_0p9,5,1.5902623996725311,173.38013061543703,3.157560242499801,134.2239621128508,-5.545149929034233,248.61017954851135
vanilla,klb0p5,leg_left_damping,1.0,leg_left_damping_1,5,0.0,0.0,0.0,0.0,0.0,0.0
vanilla,klb0p5,leg_left_damping,1.1,leg_left_damping_1p1,5,-48.06202824091471,33.57767283182708,-30.327834897910215,37.17372858310901,-45.107666614156564,47.40655274724582
vanilla,klb0p5,leg_left_damping,1.3,leg_left_damping_1p3,5,-71.53239575855471,32.40064402791369,-37.35450367311874,28.804317710995612,-66.02766720696758,38.12820697173191
vanilla,klb0p5,leg_left_damping,1.5,leg_left_damping_1p5,5,-7.796561972806762,77.68465253966613,-20.61149520713826,65.65447483497678,-2.3824666668334316,76.29486715714673
vanilla,klb0p5,leg_left_damping,1.7,leg_left_damping_1p7,5,-51.44590501679666,72.11254673779543,-24.64216038709941,71.26552976307171,-28.235177599489578,53.30250879202285
vanilla,klb0p5,leg_left_damping,2.0,leg_left_damping_2,5,15.248027904132584,43.26659943332045,-4.030679976700048,42.20781249752547,-5.2268689357997005,53.43920672474465
vanilla,klb0p5,thigh_left_actuator_gain,0.0,thigh_left_actuator_gain_0,5,1626.5877818281201,1418.875958352799,1552.7790239379033,1572.9157462094765,1641.3189405692897,1475.9100550701728
vanilla,klb0p5,thigh_left_actuator_gain,0.1,thigh_left_actuator_gain_0p1,5,1563.6577133586654,1334.2534775619513,1494.3135082598883,1584.5669512165953,1556.4887550878261,1452.9526456201102
vanilla,klb0p5,thigh_left_actuator_gain,0.2,thigh_left_actuator_gain_0p2,5,1461.8153781596113,1253.0663093927187,1408.3924859254207,1449.401457946415,1536.7839111968428,1399.755556244039
vanilla,klb0p5,thigh_left_actuator_gain,0.3,thigh_left_actuator_gain_0p3,5,1086.8983842525759,1108.4662603334175,742.8633747422261,1013.1402498002107,928.0396995410065,1032.5365924961554
vanilla,klb0p5,thigh_left_actuator_gain,0.4,thigh_left_actuator_gain_0p4,5,694.7492599865566,958.1232964440176,445.7568488270149,841.6815586162221,575.5918681195678,816.6300378163367
vanilla,klb0p5,thigh_left_actuator_gain,0.5,thigh_left_actuator_gain_0p5,5,245.25055909994808,444.84279607980875,31.006886218846937,172.76330621411444,153.0017503396548,241.28908569687073
vanilla,klb0p5,thigh_left_actuator_gain,0.6,thigh_left_actuator_gain_0p6,5,435.2866031757505,411.01634155400615,230.80086651962787,569.9654241613212,378.30070315259206,516.4191228559577
vanilla,klb0p5,thigh_left_actuator_gain,0.7,thigh_left_actuator_gain_0p7,5,524.9245920089802,585.997759725942,434.1642421694485,1027.6604572374736,511.0392480389307,818.0479452963314
vanilla,klb0p5,thigh_left_actuator_gain,0.8,thigh_left_actuator_gain_0p8,5,321.9179761026079,437.184091791057,183.91960750436346,690.1123046140552,309.66021899294157,571.776463784853
vanilla,klb0p5,thigh_left_actuator_gain,0.9,thigh_left_actuator_gain_0p9,5,19.483074050617507,335.09553497057294,-91.62609115190294,488.1634061724079,-63.95963037720553,501.53943281082786
vanilla,klb0p5,thigh_left_actuator_gain,1.0,thigh_left_actuator_gain_1,5,0.0,0.0,0.0,0.0,0.0,0.0
vanilla,klb0p5,thigh_left_actuator_gain,1.1,thigh_left_actuator_gain_1p1,5,-370.55271176506045,562.0530021285361,-706.1398547395609,1268.7572748503558,-579.8619091318051,1020.141642861467
vanilla,klb0p5,thigh_left_actuator_gain,1.3,thigh_left_actuator_gain_1p3,5,-401.1291370824861,720.8501949226868,-659.6989089764315,1332.595686722569,-529.5225315564595,1081.108614478725
vanilla,klb0p5,thigh_left_actuator_gain,1.5,thigh_left_actuator_gain_1p5,5,-243.41820112978377,869.0680956023706,-609.7628432036912,1320.514351784896,-410.79900887987094,1117.2434366801444
vanilla,klb0p5,thigh_left_actuator_gain,1.7,thigh_left_actuator_gain_1p7,5,-220.92745201582335,1009.9218099895237,-477.76802695836176,1389.533301469651,-279.197472471284,1204.3818241230495
vanilla,klb0p5,thigh_left_actuator_gain,2.0,thigh_left_actuator_gain_2,5,155.727384778029,986.8007616372711,-192.55387707481086,1605.9933041959105,6.61211438713093,1366.1150067387869
vanilla,klb0p5,thigh_left_damping,0.0,thigh_left_damping_0,5,-101.30479960953066,83.42385885181292,4.811505754114762,106.00244843119877,-128.60121844038298,195.30470973035332
vanilla,klb0p5,thigh_left_damping,0.1,thigh_left_damping_0p1,5,-137.37016654177486,98.215798135965,-62.73490009964731,45.464791947637146,-117.23059455478537,98.60675557882884
vanilla,klb0p5,thigh_left_damping,0.2,thigh_left_damping_0p2,5,-27.79387449644877,98.81814808914261,-30.75104195199483,51.36221129146986,-20.672487645111072,80.88154688447202
vanilla,klb0p5,thigh_left_damping,0.3,thigh_left_damping_0p3,5,48.64208411455561,105.33552092960433,-5.804983292112718,67.69616695366216,76.90116130490784,146.98232252329115
vanilla,klb0p5,thigh_left_damping,0.4,thigh_left_damping_0p4,5,-64.15931843373002,79.8782661523406,-6.36915697968426,38.22713706883318,-75.86747575949222,116.49809181969506
vanilla,klb0p5,thigh_left_damping,0.5,thigh_left_damping_0p5,5,-63.982012117623334,34.27462680704332,6.167111046208868,72.44826032965227,-62.595185489327285,82.61679427022624
vanilla,klb0p5,thigh_left_damping,0.6,thigh_left_damping_0p6,5,-49.98089349198161,61.45812858084758,-20.36861460812952,31.465189502829787,-54.374908133039945,150.70946379354066
vanilla,klb0p5,thigh_left_damping,0.7,thigh_left_damping_0p7,5,-149.15798917604175,91.79082310271565,-48.49974182030966,58.914068449180256,-188.33573990384434,199.0946051759576
vanilla,klb0p5,thigh_left_damping,0.8,thigh_left_damping_0p8,5,6.627744337080787,87.1461653422195,6.723511167577499,108.86852964970974,-5.189858802220419,97.83074300963139
vanilla,klb0p5,thigh_left_damping,0.9,thigh_left_damping_0p9,5,-48.343195703118056,125.77913901122164,-38.133183587679184,38.098548704147504,-107.11796515299083,230.10259285847482
vanilla,klb0p5,thigh_left_damping,1.0,thigh_left_damping_1,5,0.0,0.0,0.0,0.0,0.0,0.0
vanilla,klb0p5,thigh_left_damping,1.1,thigh_left_damping_1p1,5,-48.608781586909984,88.58895275914166,21.61902659168127,100.25582017283213,-44.157162345112866,73.54688455212552
vanilla,klb0p5,thigh_left_damping,1.3,thigh_left_damping_1p3,5,32.87568634422678,120.52976202521496,-9.421029295773156,68.91500398028822,73.52493807080144,160.40697419186876
vanilla,klb0p5,thigh_left_damping,1.5,thigh_left_damping_1p5,5,-14.106932094544174,102.0953488228203,-3.0873142246282668,55.094107451645534,45.156108339989984,156.92655289339874
vanilla,klb0p5,thigh_left_damping,1.7,thigh_left_damping_1p7,5,-1.9817798616289792,42.49019239356719,-77.54671982903366,130.10924590197328,3.4777524702193885,47.585579246111486
vanilla,klb0p5,thigh_left_damping,2.0,thigh_left_damping_2,5,-8.009511994381977,85.10107604674994,-51.68471299322683,73.14765786443758,2.7490684828440863,109.61851855712096
vanilla,klb1,foot_left_actuator_gain,0.0,foot_left_actuator_gain_0,5,1648.0571396810417,957.599695484664,1412.4148506218003,1143.3805057489515,1546.9493938364742,1020.6193318015358
vanilla,klb1,foot_left_actuator_gain,0.1,foot_left_actuator_gain_0p1,5,1834.5768294651784,1206.1273350782326,1656.404353597142,1493.3562178159273,1763.19607404801,1323.611764777869
vanilla,klb1,foot_left_actuator_gain,0.2,foot_left_actuator_gain_0p2,5,1767.9667690832935,1218.548975479844,1555.7918641244441,1437.2755294233887,1673.314239034295,1298.7420301909049
vanilla,klb1,foot_left_actuator_gain,0.3,foot_left_actuator_gain_0p3,5,1688.3189323018134,1147.1539063747762,1408.5075161941488,1280.7664681123915,1546.091713219626,1174.511592056036
vanilla,klb1,foot_left_actuator_gain,0.4,foot_left_actuator_gain_0p4,5,1657.6531959075667,1198.530168926913,1380.234847345628,1325.0837638774071,1546.2857550589065,1257.2361373684648
vanilla,klb1,foot_left_actuator_gain,0.5,foot_left_actuator_gain_0p5,5,1572.2046541887223,1127.0745774716852,1310.4324874229083,1276.4525136344002,1437.867604600247,1155.1170741037793
vanilla,klb1,foot_left_actuator_gain,0.6,foot_left_actuator_gain_0p6,5,1502.8517656215367,1146.0206972500805,1308.7264872082028,1376.8011135776305,1428.1441773334482,1233.3302108003284
vanilla,klb1,foot_left_actuator_gain,0.7,foot_left_actuator_gain_0p7,5,1168.7552251289362,789.0363434702574,898.109515519217,919.2610890190226,1034.309315306272,805.5814121576992
vanilla,klb1,foot_left_actuator_gain,0.8,foot_left_actuator_gain_0p8,5,186.59317857467948,521.1716803172084,-60.62256963659229,436.2263817799589,46.68562122897056,409.61625891016564
vanilla,klb1,foot_left_actuator_gain,0.9,foot_left_actuator_gain_0p9,5,215.76528045250598,421.90573223736897,-97.75837951638776,471.77468007224684,77.37807055405776,367.3369611690456
vanilla,klb1,foot_left_actuator_gain,1.0,foot_left_actuator_gain_1,5,0.0,0.0,0.0,0.0,0.0,0.0
vanilla,klb1,foot_left_actuator_gain,1.1,foot_left_actuator_gain_1p1,5,10.591445976869233,247.5506617777534,-305.3252297849839,670.1915374841019,-115.63031726989648,416.72118445469437
vanilla,klb1,foot_left_actuator_gain,1.3,foot_left_actuator_gain_1p3,5,-50.24587708180961,220.36648996326485,-786.4669989521013,1146.2650868334963,-291.7138970805062,402.1542178117142
vanilla,klb1,foot_left_actuator_gain,1.5,foot_left_actuator_gain_1p5,5,299.71657298550934,515.0020456115521,-338.1084752428211,944.4445686289164,-36.283948586189545,852.8684561884827
vanilla,klb1,foot_left_actuator_gain,1.7,foot_left_actuator_gain_1p7,5,129.1797907611668,954.8905667810021,-395.0230922889932,1456.4208894885023,-137.1087002725098,1299.2433773303794
vanilla,klb1,foot_left_actuator_gain,2.0,foot_left_actuator_gain_2,5,607.8395624530551,845.8925559354036,432.6549770722725,1228.5840984157353,548.290718892688,1050.4395905724998
vanilla,klb1,foot_left_damping,0.0,foot_left_damping_0,5,31.934944745688263,196.24088892648936,-73.35362189530318,437.9685228343288,71.79090635403466,347.59678474538595
vanilla,klb1,foot_left_damping,0.1,foot_left_damping_0p1,5,-64.58563664860728,302.3578332704686,-179.27899109776823,391.61586509585953,-66.13332978496273,451.51367666144245
vanilla,klb1,foot_left_damping,0.2,foot_left_damping_0p2,5,9.90036043668054,186.55931850923685,-157.08208357820916,367.8810981384121,26.383725590427524,328.6725267171362
vanilla,klb1,foot_left_damping,0.3,foot_left_damping_0p3,5,-47.874510367222506,264.71145858957175,-185.7336255324365,376.71623911815294,-61.954751863870214,434.7307574646434
vanilla,klb1,foot_left_damping,0.4,foot_left_damping_0p4,5,0.9064604026572681,177.59621932526557,-188.1508483401569,354.743877093118,-21.536336653812214,375.6990866976758
vanilla,klb1,foot_left_damping,0.5,foot_left_damping_0p5,5,-39.29321505959907,281.55136485007876,-161.6741023967889,384.9102944115479,-16.756516625376726,447.90756902259454
vanilla,klb1,foot_left_damping,0.6,foot_left_damping_0p6,5,-67.10027335850171,170.13683305464224,-162.29572804940747,383.96439104162357,-118.02098050426703,277.7715140402044
vanilla,klb1,foot_left_damping,0.7,foot_left_damping_0p7,5,-128.85484851501252,200.28892434345823,-197.90361321152136,378.2153124601627,-205.3458249090013,296.18255902136747
vanilla,klb1,foot_left_damping,0.8,foot_left_damping_0p8,5,-85.69596158227156,137.60489911067762,-171.90508419511124,342.17183131424065,-159.39298650069077,220.94853733691068
vanilla,klb1,foot_left_damping,0.9,foot_left_damping_0p9,5,-18.775406010442584,131.45167703916908,-204.8151498186091,335.65354194235084,-76.16094301002275,261.83904998781946
vanilla,klb1,foot_left_damping,1.0,foot_left_damping_1,5,0.0,0.0,0.0,0.0,0.0,0.0
vanilla,klb1,foot_left_damping,1.1,foot_left_damping_1p1,5,-52.49792418919619,95.95045642935011,-135.19337801764985,304.58167518431884,-109.31752340028265,158.69736852964053
vanilla,klb1,foot_left_damping,1.3,foot_left_damping_1p3,5,-139.10401382306844,119.59182290645597,-232.22775531932047,339.6009826843286,-269.2123217452707,228.95251942742803
vanilla,klb1,foot_left_damping,1.5,foot_left_damping_1p5,5,-159.31163769246328,251.89532021595758,-189.22681224546346,392.4337231555514,-234.16207636990552,276.3890489009792
vanilla,klb1,foot_left_damping,1.7,foot_left_damping_1p7,5,-44.387818793624376,138.0617968320937,-159.78507140916355,347.30188016558566,-115.16880425216668,227.81335708789925
vanilla,klb1,foot_left_damping,2.0,foot_left_damping_2,5,-2.955402382291669,95.87078939991989,-153.76300565435366,232.83009519518384,-33.27568526891884,167.5746734849923
vanilla,klb1,foot_left_friction,0.0,foot_left_friction_0,5,329.3667053882681,720.91502094112,339.59193331745774,867.6263044616023,408.777938892218,813.1067325051813
vanilla,klb1,foot_left_friction,0.1,foot_left_friction_0p1,5,488.2952460525886,825.3442353649685,477.70922027214385,1056.6308235469367,518.943406196209,927.9247647069633
vanilla,klb1,foot_left_friction,0.2,foot_left_friction_0p2,5,488.2952460525886,825.3442353649685,477.70922027214385,1056.6308235469367,518.943406196209,927.9247647069633
vanilla,klb1,foot_left_friction,0.3,foot_left_friction_0p3,5,488.2952460525886,825.3442353649685,477.70922027214385,1056.6308235469367,518.943406196209,927.9247647069633
vanilla,klb1,foot_left_friction,0.4,foot_left_friction_0p4,5,383.3531536667951,655.251110933906,359.661403321188,845.3271732729133,474.21003625706237,771.118642813264
vanilla,klb1,foot_left_friction,0.5,foot_left_friction_0p5,5,341.6570767915594,672.4271902583422,246.3094050513467,984.9452471763043,344.6238789395186,825.0343814456207
vanilla,klb1,foot_left_friction,0.6,foot_left_friction_0p6,5,152.208020043446,1202.0982430974236,45.73009391005902,1798.202589707208,84.28270302132964,1522.972568219683
vanilla,klb1,foot_left_friction,0.7,foot_left_friction_0p7,5,-64.96421304175598,1029.710256404519,-187.9173149312112,1669.1126167299894,-95.05381955717151,1416.1412609221252
vanilla,klb1,foot_left_friction,0.8,foot_left_friction_0p8,5,-206.56647760259216,867.6847325072505,-372.2403647700441,1457.6219576543454,-278.8212209578558,1197.8440740573053
vanilla,klb1,foot_left_friction,0.9,foot_left_friction_0p9,5,-152.15743081585282,385.6951010447099,-700.4092469549649,1265.163542856702,-311.3090859334201,712.9911487776226
vanilla,klb1,foot_left_friction,1.0,foot_left_friction_1,5,0.0,0.0,0.0,0.0,0.0,0.0
vanilla,klb1,foot_left_friction,1.1,foot_left_friction_1p1,5,37.66907397819922,174.6578671962182,31.799929784035964,149.24982118129438,138.67125424409807,238.69972735864695
vanilla,klb1,foot_left_friction,1.3,foot_left_friction_1p3,5,592.4449971370343,1059.630042211042,489.7625862345659,1054.9668285213356,575.5097856090631,1000.0040237558628
vanilla,klb1,foot_left_friction,1.5,foot_left_friction_1p5,5,971.1775498864952,1002.8745137560704,896.5882175459728,1036.7599921706524,999.3205557689674,959.6689468710689
vanilla,klb1,foot_left_friction,1.7,foot_left_friction_1p7,5,996.7183528750345,1089.0946441789115,982.1342502898931,1145.8637900643769,1072.5635512709957,1056.5133319934446
vanilla,klb1,foot_left_friction,2.0,foot_left_friction_2,5,1098.667249757898,1078.9670597383456,1000.2297809617063,1158.8584421907024,1088.561177304568,1070.2489877028845
vanilla,klb1,leg_left_actuator_gain,0.0,leg_left_actuator_gain_0,5,1541.2687530500891,1308.8979366891851,1446.2593459010034,1514.8212613756032,1540.486622924165,1402.2104201220834
vanilla,klb1,leg_left_actuator_gain,0.1,leg_left_actuator_gain_0p1,5,1699.539110011201,1399.1213605437865,1576.205741317402,1647.6327519669142,1663.806820397076,1517.486183976291
vanilla,klb1,leg_left_actuator_gain,0.2,leg_left_actuator_gain_0p2,5,1708.6841475209108,1367.880560079801,1580.8632137998086,1659.682127326558,1683.7314265614746,1517.8408036226
vanilla,klb1,leg_left_actuator_gain,0.3,leg_left_actuator_gain_0p3,5,1544.146788582622,1269.0482266925362,1422.2648593537351,1630.1229505473598,1540.2088763884153,1478.7904283616558
vanilla,klb1,leg_left_actuator_gain,0.4,leg_left_actuator_gain_0p4,5,801.2951664885107,1268.055243984989,470.7366028346467,1812.2571573889313,712.765455353786,1557.8527708479307
vanilla,klb1,leg_left_actuator_gain,0.5,leg_left_actuator_gain_0p5,5,139.29266387440936,1185.548303917173,-47.129106630501546,1622.0183773733047,36.05805495397833,1358.1814751300474
vanilla,klb1,leg_left_actuator_gain,0.6,leg_left_actuator_gain_0p6,5,-86.32853583407766,584.6416606457065,-381.25461467458007,1392.7384878450155,-196.719513981383,883.4793179511413
vanilla,klb1,leg_left_actuator_gain,0.7,leg_left_actuator_gain_0p7,5,-321.4161498511477,923.5051041817331,-493.31673446531994,1357.9233506868095,-371.0299886738197,1097.9139937948637
vanilla,klb1,leg_left_actuator_gain,0.8,leg_left_actuator_gain_0p8,5,-374.49800888989773,839.5974071801207,-603.7711121922778,1302.549396796592,-466.982739709477,1059.2579449960674
vanilla,klb1,leg_left_actuator_gain,0.9,leg_left_actuator_gain_0p9,5,-254.7608521565352,685.3856247726228,-555.8747891599826,1333.4118746775105,-402.5247915148488,1101.7852365736262
vanilla,klb1,leg_left_actuator_gain,1.0,leg_left_actuator_gain_1,5,0.0,0.0,0.0,0.0,0.0,0.0
vanilla,klb1,leg_left_actuator_gain,1.1,leg_left_actuator_gain_1p1,5,-80.88046142284949,190.79049247363915,-14.74378527650452,161.94553191952642,0.7690801136850383,249.37918184024463
vanilla,klb1,leg_left_actuator_gain,1.3,leg_left_actuator_gain_1p3,5,24.44358480059442,273.5360038673093,-21.59994620338142,213.24864094801956,85.95569486332872,456.9006760569132
vanilla,klb1,leg_left_actuator_gain,1.5,leg_left_actuator_gain_1p5,5,79.53239490568622,339.01287148586306,29.19476663429786,229.5836702204938,155.44027037904686,473.77292585512595
vanilla,klb1,leg_left_actuator_gain,1.7,leg_left_actuator_gain_1p7,5,125.38149892093823,250.41460902537105,58.389688429532406,186.0157837642327,223.4510684531162,429.5981170647611
vanilla,klb1,leg_left_actuator_gain,2.0,leg_left_actuator_gain_2,5,167.47552741265798,240.2829719865192,115.21221257526194,177.53014072061322,265.0997875384277,412.7179230274966
vanilla,klb1,leg_left_damping,0.0,leg_left_damping_0,5,-47.81100721982504,98.92345573009872,40.4814833376753,101.17735785533476,-19.724739373533613,150.43754575299553
vanilla,klb1,leg_left_damping,0.1,leg_left_damping_0p1,5,-11.20083438364685,105.12015903552715,88.65762052431376,182.44215647191513,8.501881748667893,171.49419632507522
vanilla,klb1,leg_left_damping,0.2,leg_left_damping_0p2,5,-3.251220330197242,108.41148059317352,40.480218637865796,181.28754442712614,-16.58434311193567,174.46779661764583
vanilla,klb1,leg_left_damping,0.3,leg_left_damping_0p3,5,-34.844598713010086,125.16178486078208,127.71651194464184,290.02280852713005,-3.391642571882886,189.86223843782497
vanilla,klb1,leg_left_damping,0.4,leg_left_damping_0p4,5,11.543991079816447,106.10598866971624,51.70231742645383,171.17703509443817,-1.5416251402040302,169.70346617994664
vanilla,klb1,leg_left_damping,0.5,leg_left_damping_0p5,5,-20.90806128606268,93.00302992359047,-55.53906819869267,81.51927416096643,-50.6135983398544,146.6905891344922
vanilla,klb1,leg_left_damping,0.6,leg_left_damping_0p6,5,-16.277803449321475,104.1808438606957,112.79694395462248,248.17415196986488,-1.9450372347032499,188.02418914057424
vanilla,klb1,leg_left_damping,0.7,leg_left_damping_0p7,5,-8.83438646716292,105.80675538761601,127.15493455835004,274.7064826791854,13.187211011959466,183.8364864807821
vanilla,klb1,leg_left_damping,0.8,leg_left_damping_0p8,5,37.42579357729336,100.00949766761224,151.23134282728398,289.6009410910439,56.52739801272245,199.96202107529302
vanilla,klb1,leg_left_damping,0.9,leg_left_damping_0p9,5,55.424026893013135,162.53493081422985,68.88900089569675,121.9795871361053,69.53865072205461,243.37060500413185
vanilla,klb1,leg_left_damping,1.0,leg_left_damping_1,5,0.0,0.0,0.0,0.0,0.0,0.0
vanilla,klb1,leg_left_damping,1.1,leg_left_damping_1p1,5,4.656633847127591,56.36006270607894,17.680643301290974,68.16637019396472,21.593593996773365,90.14730841398035
vanilla,klb1,leg_left_damping,1.3,leg_left_damping_1p3,5,-51.40746238378033,44.67514762119135,-10.04360677673488,23.6240810592995,-55.31505800489994,32.000060377494314
vanilla,klb1,leg_left_damping,1.5,leg_left_damping_1p5,5,-12.681657604861533,10.607828181476242,-17.32854689567164,59.71446577210955,-20.72081398828704,78.68003384194532
vanilla,klb1,leg_left_damping,1.7,leg_left_damping_1p7,5,-27.51754084752365,59.408551459700966,-27.126028904909553,46.03229206174819,-12.898101046774451,71.59422256532012
vanilla,klb1,leg_left_damping,2.0,leg_left_damping_2,5,-2.44624532584333,33.11343924158028,2.0682566803742533,40.838269736224746,-9.721964067340508,51.617298859460604
vanilla,klb1,thigh_left_actuator_gain,0.0,thigh_left_actuator_gain_0,5,1668.19813451781,1215.4181509216696,1618.978753871185,1418.003567426313,1674.1818179182294,1278.5294790657338
vanilla,klb1,thigh_left_actuator_gain,0.1,thigh_left_actuator_gain_0p1,5,1626.3908151756582,1271.7190957282714,1612.9501111435932,1552.2783673851545,1620.3869405542075,1423.0340323475784
vanilla,klb1,thigh_left_actuator_gain,0.2,thigh_left_actuator_gain_0p2,5,1476.5669682136402,1117.4320024873655,1400.142608851329,1450.2922326139758,1551.493528922503,1343.3086509202633
vanilla,klb1,thigh_left_actuator_gain,0.3,thigh_left_actuator_gain_0p3,5,1130.9428927209178,1004.174503266876,829.262713718964,958.9615410818373,965.7502086371551,948.1063712296932
vanilla,klb1,thigh_left_actuator_gain,0.4,thigh_left_actuator_gain_0p4,5,712.0417788662988,877.1192333029898,493.98990266484714,829.9924700884753,584.7789558838757,752.0827177087115
vanilla,klb1,thigh_left_actuator_gain,0.5,thigh_left_actuator_gain_0p5,5,220.58765856183254,416.94411198461137,44.08069433951642,148.44464908734622,130.91124867790685,211.66243143705796
vanilla,klb1,thigh_left_actuator_gain,0.6,thigh_left_actuator_gain_0p6,5,400.91098633221446,420.4156095883876,253.50817856868048,539.1825409432387,379.004094513234,505.09368597125854
vanilla,klb1,thigh_left_actuator_gain,0.7,thigh_left_actuator_gain_0p7,5,514.0168921274355,587.2532343260872,436.8984129218576,995.9907428375528,497.823715577612,803.0651214206686
vanilla,klb1,thigh_left_actuator_gain,0.8,thigh_left_actuator_gain_0p8,5,331.26258043913856,403.09135538424005,247.4599809539854,630.3507929396573,339.97728942795965,542.5363341824843
vanilla,klb1,thigh_left_actuator_gain,0.9,thigh_left_actuator_gain_0p9,5,23.63053546117278,298.14202284392246,-75.8676021642955,445.964611062182,-79.31961053278418,468.3231456669404
vanilla,klb1,thigh_left_actuator_gain,1.0,thigh_left_actuator_gain_1,5,0.0,0.0,0.0,0.0,0.0,0.0
vanilla,klb1,thigh_left_actuator_gain,1.1,thigh_left_actuator_gain_1p1,5,-335.74849511358315,584.8157564715298,-658.4747044582793,1276.151413438601,-545.3532161647087,1022.4213368018123
vanilla,klb1,thigh_left_actuator_gain,1.3,thigh_left_actuator_gain_1p3,5,-415.1111031144102,692.9411007525187,-661.6649139464811,1291.7195980359636,-530.6379574207605,1043.4516906326157
vanilla,klb1,thigh_left_actuator_gain,1.5,thigh_left_actuator_gain_1p5,5,-226.84954108375695,853.246964314919,-575.7876339673079,1307.350226033799,-404.92602623849467,1097.0336836395347
vanilla,klb1,thigh_left_actuator_gain,1.7,thigh_left_actuator_gain_1p7,5,-230.8926769630222,1011.1685735677731,-428.06834513863504,1385.1906319931338,-270.0857843369834,1200.2471095454375
vanilla,klb1,thigh_left_actuator_gain,2.0,thigh_left_actuator_gain_2,5,131.4672969208061,904.8932133195087,-180.43064330308763,1583.3237578875828,-14.08635250429021,1318.4932264213542
vanilla,klb1,thigh_left_damping,0.0,thigh_left_damping_0,5,-72.62838733828603,100.85935519685621,2.445005558830343,94.19298168213048,-121.7300918817222,198.4499493852066
vanilla,klb1,thigh_left_damping,0.1,thigh_left_damping_0p1,5,-119.63404316844496,104.57328399497158,-33.343332524920456,60.482680514024246,-114.50814390952068,93.97987152442637
vanilla,klb1,thigh_left_damping,0.2,thigh_left_damping_0p2,5,21.635071134676643,57.75863830741226,32.1283414275517,62.393567322519154,32.79611905632568,51.851032677929446
vanilla,klb1,thigh_left_damping,0.3,thigh_left_damping_0p3,5,69.05517448645764,73.39156382270666,21.621755323479846,54.392378566828654,97.84122969074289,120.41996341369398
vanilla,klb1,thigh_left_damping,0.4,thigh_left_damping_0p4,5,-54.58345386952165,60.17771035609507,9.844105902965634,54.69551157799163,-71.82799127029014,79.08423685077202
vanilla,klb1,thigh_left_damping,0.5,thigh_left_damping_0p5,5,-45.20473441570128,59.43400513774354,17.5060997185545,72.38266480335969,-49.459537980157094,86.41197886728617
vanilla,klb1,thigh_left_damping,0.6,thigh_left_damping_0p6,5,-15.103523031379428,86.85161142914161,-12.07225074306046,28.715027553645132,-21.633503298977637,165.86182348907684
vanilla,klb1,thigh_left_damping,0.7,thigh_left_damping_0p7,5,-88.99980302950021,157.07176070201092,83.38284720945398,189.39515741478817,-87.68088922961574,262.19177092820854
vanilla,klb1,thigh_left_damping,0.8,thigh_left_damping_0p8,5,24.763211516028782,88.89229993985823,106.7118787567995,245.95275066569334,41.01953000083461,148.32960760061331
vanilla,klb1,thigh_left_damping,0.9,thigh_left_damping_0p9,5,-21.36200751628986,149.71441668857963,-10.271372854312744,22.15021382035717,-85.72105773916032,245.20526569879698
vanilla,klb1,thigh_left_damping,1.0,thigh_left_damping_1,5,0.0,0.0,0.0,0.0,0.0,0.0
vanilla,klb1,thigh_left_damping,1.1,thigh_left_damping_1p1,5,-37.195322498509114,116.20127471852072,67.65144412247973,168.3577698162068,-23.447267460856075,160.38732060578957
vanilla,klb1,thigh_left_damping,1.3,thigh_left_damping_1p3,5,82.84475355149034,117.66856063463091,22.495303752466736,100.00952639790005,123.23333498020902,166.45869690493979
vanilla,klb1,thigh_left_damping,1.5,thigh_left_damping_1p5,5,49.00043234081004,105.35263040132575,150.7415249501531,260.49966091991365,135.18184940482732,182.485754563795
vanilla,klb1,thigh_left_damping,1.7,thigh_left_damping_1p7,5,66.70553278554051,66.13124874952331,110.70438719081764,323.5716204297903,103.14172547017434,128.76055004731683
vanilla,klb1,thigh_left_damping,2.0,thigh_left_damping_2,5,9.127550726266588,68.69902899379834,-38.195551781444536,79.7055866822739,15.989926797526994,120.14690073935759
vanilla,klb2,foot_left_actuator_gain,0.0,foot_left_actuator_gain_0,5,1278.138296540286,1175.440620979104,1005.5998357368247,1432.2901593946358,1171.0712926861872,1340.2109323090583
vanilla,klb2,foot_left_actuator_gain,0.1,foot_left_actuator_gain_0p1,5,1723.3790981659065,1104.7799341111759,1298.0188914328385,1299.2611963932086,1515.989356475922,1209.1580776365918
vanilla,klb2,foot_left_actuator_gain,0.2,foot_left_actuator_gain_0p2,5,1762.2818619095863,1120.7623609905481,1391.0830238738897,1208.043014446567,1603.1007859449264,1184.567922741309
vanilla,klb2,foot_left_actuator_gain,0.3,foot_left_actuator_gain_0p3,5,1795.248066402888,1152.8190236563044,1486.0941887002252,1308.5391312163672,1661.911854195163,1263.2070740090035
vanilla,klb2,foot_left_actuator_gain,0.4,foot_left_actuator_gain_0p4,5,1699.2267271516434,1192.7051225596097,1420.6445005287364,1310.4504857891154,1597.5034850922377,1264.754355025997
vanilla,klb2,foot_left_actuator_gain,0.5,foot_left_actuator_gain_0p5,5,1605.6672324735666,1185.8503134922587,1355.9084104128735,1306.2415766663262,1462.659953134822,1282.0405269949895
vanilla,klb2,foot_left_actuator_gain,0.6,foot_left_actuator_gain_0p6,5,1500.0078459647339,1149.7603637259394,1301.7075415346085,1240.0471402296703,1399.8482622796832,1224.929880972078
vanilla,klb2,foot_left_actuator_gain,0.7,foot_left_actuator_gain_0p7,5,1113.6645646370828,904.2889813668232,779.0254792485435,1061.594323255785,946.3681803759677,987.2737193753434
vanilla,klb2,foot_left_actuator_gain,0.8,foot_left_actuator_gain_0p8,5,80.91869818410359,460.89086363129877,-342.6525824092247,360.5834589805287,-102.43834470776656,430.77994159835447
vanilla,klb2,foot_left_actuator_gain,0.9,foot_left_actuator_gain_0p9,5,118.91170065343992,504.16472179605177,-377.47319553848445,481.51164461173363,-144.4000759115094,494.53548978271624
vanilla,klb2,foot_left_actuator_gain,1.0,foot_left_actuator_gain_1,5,0.0,0.0,0.0,0.0,0.0,0.0
vanilla,klb2,foot_left_actuator_gain,1.1,foot_left_actuator_gain_1p1,5,-25.854827203855734,306.43409869004597,-365.75506740522303,692.3831303462641,-188.48479063558275,465.0872979265309
vanilla,klb2,foot_left_actuator_gain,1.3,foot_left_actuator_gain_1p3,5,-154.23046652786388,322.22921898755146,-897.5347199760226,1229.651930404162,-375.4776119788551,504.3365030716671
vanilla,klb2,foot_left_actuator_gain,1.5,foot_left_actuator_gain_1p5,5,0.4323204980966239,927.054904262745,-525.6357104366205,1366.8935979780338,-311.095858920124,1387.7356634765338
vanilla,klb2,foot_left_actuator_gain,1.7,foot_left_actuator_gain_1p7,5,-1.4333287794475382,1078.9097464627507,-509.57333905968227,1794.9318440073487,-256.9163976348868,1486.0843123745567
vanilla,klb2,foot_left_actuator_gain,2.0,foot_left_actuator_gain_2,5,627.569196064829,826.0057439824978,519.4656739817162,1213.653421203047,621.7253119507199,1019.690080420993
vanilla,klb2,foot_left_damping,0.0,foot_left_damping_0,5,-20.09406282413901,165.12820580649142,-129.7059068099639,386.5630787366097,-9.475764942127546,361.6270337303406
vanilla,klb2,foot_left_damping,0.1,foot_left_damping_0p1,5,-84.39915245327803,281.76742905918536,-337.28918768406373,497.3235086858832,-126.15878572557872,514.4138031043176
vanilla,klb2,foot_left_damping,0.2,foot_left_damping_0p2,5,-73.57046268780178,203.34000862953343,-327.9806974218221,447.52303688186294,-121.54855361879997,445.93808074455944
vanilla,klb2,foot_left_damping,0.3,foot_left_damping_0p3,5,-106.04129389003701,222.0374677130801,-323.3195561382951,433.6218121000631,-125.4033628639565,475.87950311299596
vanilla,klb2,foot_left_damping,0.4,foot_left_damping_0p4,5,-45.99337240156949,207.45501809505038,-342.654849325984,459.00121939670856,-106.78313566630118,477.72715232550087
vanilla,klb2,foot_left_damping,0.5,foot_left_damping_0p5,5,-79.3681483494844,261.5556135746792,-332.144049286897,451.4642975492224,-109.60749280553523,479.319057314547
vanilla,klb2,foot_left_damping,0.6,foot_left_damping_0p6,5,-83.36394418863551,185.33409047082847,-123.53397492916699,399.06921374487683,-147.19792423103053,306.10471547605636
vanilla,klb2,foot_left_damping,0.7,foot_left_damping_0p7,5,-103.52597331116003,168.62530459696535,-152.45635514273667,390.5375291170713,-171.96966807655076,306.3896200977669
vanilla,klb2,foot_left_damping,0.8,foot_left_damping_0p8,5,-91.10483391384477,137.69022886916534,-215.05459700252695,374.682528421025,-171.53667513632627,263.64635486491534
vanilla,klb2,foot_left_damping,0.9,foot_left_damping_0p9,5,-37.341133517059276,171.90484445259406,-354.1698478038271,450.8408380533643,-160.0621661510153,385.3361813800647
vanilla,klb2,foot_left_damping,1.0,foot_left_damping_1,5,0.0,0.0,0.0,0.0,0.0,0.0
vanilla,klb2,foot_left_damping,1.1,foot_left_damping_1p1,5,-79.1337358665827,73.39611283410503,-219.27115370503915,290.75166642473323,-198.21366308233533,156.05080937981617
vanilla,klb2,foot_left_damping,1.3,foot_left_damping_1p3,5,-141.7468070341082,104.8587663962533,-211.13811416443986,345.801768754449,-289.5277299046911,236.10603209233608
vanilla,klb2,foot_left_damping,1.5,foot_left_damping_1p5,5,-207.93713685234607,229.62956988380756,-354.8298930766896,499.66411466838315,-358.8040517306742,345.45955673834595
vanilla,klb2,foot_left_damping,1.7,foot_left_damping_1p7,5,-97.3624418667728,141.11596640817277,-315.1631869437163,413.13288302249225,-220.59800911327685,268.9557522928497
vanilla,klb2,foot_left_damping,2.0,foot_left_damping_2,5,-50.450692408390566,149.50977244573812,-306.26645401313453,367.0660504485929,-161.6937072380619,316.03987948188256
vanilla,klb2,foot_left_friction,0.0,foot_left_friction_0,5,414.45118624116895,727.5167874337073,338.21500437906343,862.6829539376364,489.8073109873966,776.1433572945417
vanilla,klb2,foot_left_friction,0.1,foot_left_friction_0p1,5,573.3797269054894,827.231908519124,476.33229133374954,1047.7021390938062,599.9727782913876,887.2014232240467
vanilla,klb2,foot_left_friction,0.2,foot_left_friction_0p2,1,8.946090447292704,0.0,19.341678911437384,0.0,147.3228962729745,0.0
vanilla,klb2,foot_left_friction,0.5,foot_left_friction_0p5,5,304.94007842584364,695.7424971210212,168.27715569827404,966.8819000503287,301.10621137048764,816.8259437476901
vanilla,klb2,foot_left_friction,0.6,foot_left_friction_0p6,5,11.331024283146144,1135.0482420041492,-264.19119626405853,1656.7914851261394,-121.36278575856696,1426.3825064446323
vanilla,klb2,foot_left_friction,0.7,foot_left_friction_0p7,5,-185.78017443161337,935.28106617912,-375.3258098035259,1551.4889986251017,-235.86944134786148,1306.881056622217
vanilla,klb2,foot_left_friction,0.8,foot_left_friction_0p8,5,-281.71095644169856,823.4613969084355,-528.0013439060904,1400.2225085480602,-385.217980176025,1149.0130710116996
vanilla,klb2,foot_left_friction,0.9,foot_left_friction_0p9,5,-181.3554058132197,407.1298545410714,-740.3651139503379,1244.6594325919098,-371.6384662134951,698.8879288059054
vanilla,klb2,foot_left_friction,1.0,foot_left_friction_1,5,0.0,0.0,0.0,0.0,0.0,0.0
vanilla,klb2,foot_left_friction,1.1,foot_left_friction_1p1,5,45.222466276618775,206.89634444150894,29.197694330205092,161.37321668649847,122.31879400036493,259.32615944178673
vanilla,klb2,foot_left_friction,1.3,foot_left_friction_1p3,5,675.3371180683274,1053.985750852226,541.2407009638371,1038.8083115657766,662.7353180184625,1014.3059843963639
vanilla,klb2,foot_left_friction,1.5,foot_left_friction_1p5,5,1006.1756047889409,1002.0833256532783,942.9158361919774,1034.971013019289,1040.6701587682342,1009.1233034201832
vanilla,klb2,foot_left_friction,1.7,foot_left_friction_1p7,5,1017.9111997783835,1107.0501421187553,990.019459638919,1147.4831240400463,1089.8312606592694,1113.5957692134734
vanilla,klb2,foot_left_friction,2.0,foot_left_friction_2,5,1167.3993188484278,1102.8707063978813,1056.2664554839437,1149.4835790669383,1151.925147353733,1114.6483139589845
vanilla,klb2,leg_left_actuator_gain,0.0,leg_left_actuator_gain_0,5,962.5561125154542,1381.0457288900545,784.5880070995804,1602.4525123514711,899.326572535207,1497.9864779350105
vanilla,klb2,leg_left_actuator_gain,0.1,leg_left_actuator_gain_0p1,5,1136.9115405858695,1493.528610742842,978.1705531435218,1828.220543270951,1086.8832026137768,1700.1355426258217
vanilla,klb2,leg_left_actuator_gain,0.2,leg_left_actuator_gain_0p2,5,1212.7772478353443,1409.599383323036,1098.0325704948111,1704.8264061572663,1212.2919463952235,1601.8044555526353
vanilla,klb2,leg_left_actuator_gain,0.3,leg_left_actuator_gain_0p3,5,1343.356562070607,1478.8568976667068,1155.7622534331795,1821.7944842707204,1281.9932817695922,1717.9527969770772
vanilla,klb2,leg_left_actuator_gain,0.4,leg_left_actuator_gain_0p4,5,523.0467487151253,1358.798070270713,125.4237209286462,1870.2446550763914,373.9060036696525,1642.5097041335498
vanilla,klb2,leg_left_actuator_gain,0.5,leg_left_actuator_gain_0p5,5,-105.28925125601067,1120.97615235964,-464.5107087139746,1560.502408469189,-300.9048816622293,1317.2543353133951
vanilla,klb2,leg_left_actuator_gain,0.6,leg_left_actuator_gain_0p6,5,-216.45659445115945,517.4280536116539,-662.5574565415038,1264.6858150334647,-418.2646816690432,805.6083880823938
vanilla,klb2,leg_left_actuator_gain,0.7,leg_left_actuator_gain_0p7,5,-372.5727533514996,893.2592306250287,-622.2963531676692,1285.8326893819901,-477.06398493012864,1057.522528142502
vanilla,klb2,leg_left_actuator_gain,0.8,leg_left_actuator_gain_0p8,5,-395.6449922581159,835.5783307663551,-651.523614373519,1283.2032716702224,-506.50769163350117,1044.8456188785544
vanilla,klb2,leg_left_actuator_gain,0.9,leg_left_actuator_gain_0p9,5,-271.85960774828226,718.434522287845,-558.7910165805112,1335.5235690624472,-436.8983781581839,1093.5714782468806
vanilla,klb2,leg_left_actuator_gain,1.0,leg_left_actuator_gain_1,5,0.0,0.0,0.0,0.0,0.0,0.0
vanilla,klb2,leg_left_actuator_gain,1.1,leg_left_actuator_gain_1p1,5,-76.93836336917965,242.5071486019161,-59.43834200432796,276.293436064809,-36.71918014123452,346.05390574305727
vanilla,klb2,leg_left_actuator_gain,1.3,leg_left_actuator_gain_1p3,5,66.95513095495396,277.46945112194436,6.109111499159508,198.44362295904838,134.5736068462355,441.9917663827857
vanilla,klb2,leg_left_actuator_gain,1.5,leg_left_actuator_gain_1p5,5,47.60874504453263,301.72722151284376,0.7686773910811666,184.97522434160118,101.08411446458376,468.65417862513027
vanilla,klb2,leg_left_actuator_gain,1.7,leg_left_actuator_gain_1p7,5,9.09299275641115,363.27051630639835,-141.76004439042282,457.140924981577,58.21116866409221,616.4956303841295
vanilla,klb2,leg_left_actuator_gain,2.0,leg_left_actuator_gain_2,5,60.14253141087155,366.1865924320181,-89.68924184995619,470.99756976108597,129.95535162729374,555.364834767051
vanilla,klb2,leg_left_damping,0.0,leg_left_damping_0,5,-127.27815217098168,178.737775379152,-165.24912875046059,337.83276801014864,-183.6394828921581,253.80369540286276
vanilla,klb2,leg_left_damping,0.1,leg_left_damping_0p1,5,-88.43101744965995,224.9164301037656,-148.7532728469658,335.6280661665894,-163.04893161084965,284.6320730306813
vanilla,klb2,leg_left_damping,0.2,leg_left_damping_0p2,5,-71.00552901982931,178.9419846733686,-121.63960157640511,237.0998450635683,-152.61691374269625,237.44794422728796
vanilla,klb2,leg_left_damping,0.3,leg_left_damping_0p3,5,-137.75110141542206,136.09320216383716,-168.84341955328136,340.68508142168315,-185.67564281242625,256.6186449867381
vanilla,klb2,leg_left_damping,0.4,leg_left_damping_0p4,5,-48.23278797322077,206.8445997220734,-152.84139007895718,379.1679161247066,-121.8640664538697,277.00188479691553
vanilla,klb2,leg_left_damping,0.5,leg_left_damping_0p5,5,-66.8271429710888,178.00139721184246,-109.30846004405836,240.66138695140913,-131.30153473092204,251.83849276788163
vanilla,klb2,leg_left_damping,0.6,leg_left_damping_0p6,5,-81.40958600820764,157.89000626421046,-63.870361501951194,189.8113156152393,-131.2898695908169,216.55445313192817
vanilla,klb2,leg_left_damping,0.7,leg_left_damping_0p7,5,-59.93517843648799,161.61182501847932,10.577981632089541,67.19226977797648,-101.17418192308672,194.23107402952235
vanilla,klb2,leg_left_damping,0.8,leg_left_damping_0p8,5,-49.8428578035268,185.02298362881274,-150.55970275237163,330.47308551162143,-125.48810616926349,280.3209139814873
vanilla,klb2,leg_left_damping,0.9,leg_left_damping_0p9,5,-1.4309836318102271,196.24330671257476,50.99591908121249,120.4163239810629,-16.29151143936708,277.5959910858919
vanilla,klb2,leg_left_damping,1.0,leg_left_damping_1,5,0.0,0.0,0.0,0.0,0.0,0.0
vanilla,klb2,leg_left_damping,1.1,leg_left_damping_1p1,5,-41.40605728300541,129.58549984883877,2.5581635049784497,37.488940902239534,-72.03306347223817,161.09213571698498
vanilla,klb2,leg_left_damping,1.3,leg_left_damping_1p3,5,-67.18372037619,78.88180130974774,2.280245652836652,23.318479058239063,-87.03634721942994,109.44373347970041
vanilla,klb2,leg_left_damping,1.5,leg_left_damping_1p5,5,-36.39549519730667,148.35539730582582,-103.19298638196142,268.38821792725685,-70.74788764832887,236.9130815540361
vanilla,klb2,leg_left_damping,1.7,leg_left_damping_1p7,5,-91.49466124945306,239.18300710883136,-184.1885738942589,403.06916790393257,-153.25528469699378,324.21510232676997
vanilla,klb2,leg_left_damping,2.0,leg_left_damping_2,5,-67.02058765738646,101.8271844066868,-156.58670441040718,294.8972037799774,-117.33432176817469,179.22285838768252
vanilla,klb2,thigh_left_actuator_gain,0.0,thigh_left_actuator_gain_0,5,1077.5308643853382,1373.5036872211501,933.5004342183609,1718.9603916509848,1038.4526750585749,1491.4662620848314
vanilla,klb2,thigh_left_actuator_gain,0.1,thigh_left_actuator_gain_0p1,5,1098.2690391654592,1373.346765438012,929.6143436887276,1734.4067457334954,1043.0199575482063,1532.4102012043581
vanilla,klb2,thigh_left_actuator_gain,0.2,thigh_left_actuator_gain_0p2,5,1107.199212762162,1194.3948199314643,1052.8676709330807,1442.3748250703136,1153.872165409066,1352.6590374972805
vanilla,klb2,thigh_left_actuator_gain,0.3,thigh_left_actuator_gain_0p3,5,835.4563580363813,1134.9727933479323,394.72469660917704,1235.4703829543785,644.5617623785877,1180.7829903254806
vanilla,klb2,thigh_left_actuator_gain,0.4,thigh_left_actuator_gain_0p4,5,496.6421117727683,984.1946467156275,196.2230391645908,984.4623990818247,360.84281196245996,916.7109774513236
vanilla,klb2,thigh_left_actuator_gain,0.5,thigh_left_actuator_gain_0p5,5,150.64193785930382,502.06308137025974,-192.80517614813903,408.1027930482042,2.6412658728229643,364.72044910135776
vanilla,klb2,thigh_left_actuator_gain,0.6,thigh_left_actuator_gain_0p6,5,380.2338403634577,476.3588750254119,47.625181144310716,724.4405918153037,303.4397083599802,570.8419545786915
vanilla,klb2,thigh_left_actuator_gain,0.7,thigh_left_actuator_gain_0p7,5,524.6817363289542,617.96992438552,451.7703914910238,998.6311792861237,502.50933347274247,809.5587672087461
vanilla,klb2,thigh_left_actuator_gain,0.8,thigh_left_actuator_gain_0p8,5,372.4739516677853,445.4349598881948,225.54227850595476,639.8234875547615,353.1403234619166,541.3335336686629
vanilla,klb2,thigh_left_actuator_gain,0.9,thigh_left_actuator_gain_0p9,5,72.17209619689808,308.64934724421477,-143.19694373022304,468.39021230674564,-77.88470286599355,471.87143227524444
vanilla,klb2,thigh_left_actuator_gain,1.0,thigh_left_actuator_gain_1,5,0.0,0.0,0.0,0.0,0.0,0.0
vanilla,klb2,thigh_left_actuator_gain,1.1,thigh_left_actuator_gain_1p1,5,-380.033722410497,679.2515847639961,-844.8598620366234,1247.4041140179038,-636.6112961625666,1074.133145550397
vanilla,klb2,thigh_left_actuator_gain,1.3,thigh_left_actuator_gain_1p3,5,-464.0608068681822,771.0022119992313,-621.945849689349,1291.9193372977236,-530.8913526437076,1116.2187630736048
vanilla,klb2,thigh_left_actuator_gain,1.5,thigh_left_actuator_gain_1p5,5,-190.57893314785673,892.022999434141,-559.3395149480097,1295.1721031608536,-321.3273225631629,1108.921846973198
vanilla,klb2,thigh_left_actuator_gain,1.7,thigh_left_actuator_gain_1p7,5,-319.6744367087403,1160.497486208731,-799.871634749341,1679.9136302831203,-429.9195789688274,1374.2871229318228
vanilla,klb2,thigh_left_actuator_gain,2.0,thigh_left_actuator_gain_2,5,35.000229720937135,1167.5984910886664,-526.8213067977789,1889.891339962701,-237.57220180979184,1628.200470604514
vanilla,klb2,thigh_left_damping,0.0,thigh_left_damping_0,5,-134.96974876896974,184.84083433110018,-144.2673382058092,376.6186032180376,-215.47454602337658,274.57641375721
vanilla,klb2,thigh_left_damping,0.1,thigh_left_damping_0p1,5,-183.09839000400984,223.59168417033007,-202.5774575603641,395.359999732351,-247.20733741904095,341.0700270118321
vanilla,klb2,thigh_left_damping,0.2,thigh_left_damping_0p2,5,-45.09871900418691,221.21447665641543,-129.01418972370672,373.76228260802867,-77.53202362875973,277.5406519221093
vanilla,klb2,thigh_left_damping,0.3,thigh_left_damping_0p3,5,42.3832972583815,145.2279654366574,24.80097127950186,51.02199719383755,32.83757080111309,211.04997933009852
vanilla,klb2,thigh_left_damping,0.4,thigh_left_damping_0p4,5,-84.72313874099802,202.38824775963127,-144.8690522774721,381.70473541861315,-141.78320166191946,243.79088189676173
vanilla,klb2,thigh_left_damping,0.5,thigh_left_damping_0p5,5,-88.38774634144673,105.97213506189834,19.837990026452747,72.88343750506516,-123.87915999693055,166.22204812973575
vanilla,klb2,thigh_left_damping,0.6,thigh_left_damping_0p6,5,-59.113809093071225,138.18357268874297,-11.67071006276567,46.210483706056415,-108.33448047301263,212.78151815919304
vanilla,klb2,thigh_left_damping,0.7,thigh_left_damping_0p7,5,-157.8677282719739,206.91460284735618,-153.41051278423873,414.8269959952298,-248.5323128206744,324.4668056889581
vanilla,klb2,thigh_left_damping,0.8,thigh_left_damping_0p8,5,-49.90397432993152,184.89252116993927,-148.33422074217214,388.9927286268361,-97.2740325387059,269.6390850843156
vanilla,klb2,thigh_left_damping,0.9,thigh_left_damping_0p9,5,-64.5579412663747,187.95276260317516,-19.551828797974373,31.41786761604667,-142.8145370094583,263.6848070202457
vanilla,klb2,thigh_left_damping,1.0,thigh_left_damping_1,5,0.0,0.0,0.0,0.0,0.0,0.0
vanilla,klb2,thigh_left_damping,1.1,thigh_left_damping_1p1,5,-116.10300423160818,150.14421129952166,-5.19987445744249,68.96852035641871,-140.1488834509023,149.82798827053998
vanilla,klb2,thigh_left_damping,1.3,thigh_left_damping_1p3,5,-16.64156804520046,324.13602698642603,-174.64715821498396,442.14860129494093,-82.67244131780797,483.3494881821975
vanilla,klb2,thigh_left_damping,1.5,thigh_left_damping_1p5,5,-56.28305413000173,248.9754421043273,-151.49171924806112,397.9247967745688,-72.94533492726774,406.42776312283246
vanilla,klb2,thigh_left_damping,1.7,thigh_left_damping_1p7,5,-30.229903790370805,175.83946949249145,-207.57462587829596,352.0545120849125,-85.20747275341122,273.7226236835942
vanilla,klb2,thigh_left_damping,2.0,thigh_left_damping_2,5,-25.41996621925632,169.0746408107566,-38.88156585512348,85.66762164064035,-54.720495997979846,238.5423831396433
vanilla,klb5,foot_left_actuator_gain,0.0,foot_left_actuator_gain_0,5,1625.1883649882707,1094.1973097343164,1405.2681296136143,1228.2553903897758,1575.7879320550517,1181.0077833118671
vanilla,klb5,foot_left_actuator_gain,0.1,foot_left_actuator_gain_0p1,5,1870.3216193148896,1362.0927938415548,1651.9025017000265,1536.5924162783358,1824.8593977847108,1477.9344152618146
vanilla,klb5,foot_left_actuator_gain,0.2,foot_left_actuator_gain_0p2,5,1836.3287130125602,1391.3679193589362,1607.9503273852465,1562.7842892656108,1787.257353515155,1513.4151574923767
vanilla,klb5,foot_left_actuator_gain,0.3,foot_left_actuator_gain_0p3,5,1773.431782780464,1358.0757206362396,1586.8053760684422,1578.7951416905182,1731.4075488073613,1476.3181683215175
vanilla,klb5,foot_left_actuator_gain,0.4,foot_left_actuator_gain_0p4,5,1719.4246913283132,1348.1113733065786,1548.9379858849813,1589.3865364568187,1670.6775014205152,1459.185815962786
vanilla,klb5,foot_left_actuator_gain,0.5,foot_left_actuator_gain_0p5,5,1671.2726380220424,1326.0052870112745,1491.8966313317337,1578.6771070880218,1610.4838749621454,1438.3543373424159
vanilla,klb5,foot_left_actuator_gain,0.6,foot_left_actuator_gain_0p6,5,1555.0095085893918,1264.8720813144125,1378.1466811448925,1484.9165198384435,1514.1329710761488,1380.9497487071699
vanilla,klb5,foot_left_actuator_gain,0.7,foot_left_actuator_gain_0p7,5,1209.3467593382381,930.3054394278661,971.5523252418952,1060.054175795939,1147.1140376061055,1007.7602446415749
vanilla,klb5,foot_left_actuator_gain,0.8,foot_left_actuator_gain_0p8,5,176.21173614803018,515.2920115582076,-172.35886706817325,335.65216401987755,51.51078135080722,396.96299197388146
vanilla,klb5,foot_left_actuator_gain,0.9,foot_left_actuator_gain_0p9,5,186.8623526246515,427.72423508780196,-211.35560073146718,344.90691169038234,39.49404424752417,342.69737438228486
vanilla,klb5,foot_left_actuator_gain,1.0,foot_left_actuator_gain_1,5,0.0,0.0,0.0,0.0,0.0,0.0
vanilla,klb5,foot_left_actuator_gain,1.1,foot_left_actuator_gain_1p1,5,35.97576467655597,276.52467317749637,-281.46401523055664,690.1628573270063,-76.25657834321501,443.8179263652487
vanilla,klb5,foot_left_actuator_gain,1.3,foot_left_actuator_gain_1p3,5,53.721960343335944,364.94146469595955,-612.7630028500995,1355.207952262666,-116.08535915980053,601.5820678705479
vanilla,klb5,foot_left_actuator_gain,1.5,foot_left_actuator_gain_1p5,5,247.595321543305,983.8430477400442,-341.6001095803525,1506.503312788197,6.192284328321648,1462.2590266351867
vanilla,klb5,foot_left_actuator_gain,1.7,foot_left_actuator_gain_1p7,5,278.9856555350496,1065.0174187120722,-182.39226273606346,1592.568809547024,75.61920931479104,1460.4816920121532
vanilla,klb5,foot_left_actuator_gain,2.0,foot_left_actuator_gain_2,5,786.4723064417758,1053.1780881030163,655.113831924706,1486.2106155974263,774.3683491931531,1304.5922086402247
vanilla,klb5,foot_left_damping,0.0,foot_left_damping_0,5,65.74835352602861,178.75860013884608,-135.17384259357658,385.3211080071325,85.42831462175994,338.96677233756634
vanilla,klb5,foot_left_damping,0.1,foot_left_damping_0p1,5,8.955410916821233,287.38222875199125,-160.8214726198338,387.9059976336196,21.924562578829295,441.81471616495276
vanilla,klb5,foot_left_damping,0.2,foot_left_damping_0p2,5,69.35738979090026,174.6371209951288,-138.89103969313248,364.3415831949736,62.38727882747376,318.83526108707906
vanilla,klb5,foot_left_damping,0.3,foot_left_damping_0p3,5,12.445403582945232,260.2376546314382,-172.05453659833717,376.00871831323497,17.27719631193679,429.07866962425135
vanilla,klb5,foot_left_damping,0.4,foot_left_damping_0p4,5,59.674980474968706,148.58591909192822,-170.18568904766244,352.3160872097967,52.06654062707496,350.084898203243
vanilla,klb5,foot_left_damping,0.5,foot_left_damping_0p5,5,2.295045581192551,279.2090478511544,-152.63311874477512,378.67907700175385,20.674576865733684,440.0282333033713
vanilla,klb5,foot_left_damping,0.6,foot_left_damping_0p6,5,-48.085614823869015,184.62316811342194,-157.072011554572,374.49603548646326,-99.04335844553252,276.1713730764004
vanilla,klb5,foot_left_damping,0.7,foot_left_damping_0p7,5,-72.05661094306092,215.75580541371718,-168.16674427209873,381.48458995013925,-120.62434436769038,306.5177548392963
vanilla,klb5,foot_left_damping,0.8,foot_left_damping_0p8,5,-14.881816132870085,124.5855293493831,-146.31856251939695,338.59629091935517,-69.41598900065961,208.69965080693262
vanilla,klb5,foot_left_damping,0.9,foot_left_damping_0p9,5,41.934435531215286,107.56684378025852,-171.76269442854314,347.4006202359405,-5.192609239948206,232.4007149303113
vanilla,klb5,foot_left_damping,1.0,foot_left_damping_1,5,0.0,0.0,0.0,0.0,0.0,0.0
vanilla,klb5,foot_left_damping,1.1,foot_left_damping_1p1,5,-11.065420015281456,81.11176081294461,-133.88233795313437,297.4519334697295,-90.85396922536204,164.46685194837974
vanilla,klb5,foot_left_damping,1.3,foot_left_damping_1p3,5,-71.81933023362367,168.67559397374703,-210.22908820142683,343.65959951415846,-179.93527791952593,294.56722554804884
vanilla,klb5,foot_left_damping,1.5,foot_left_damping_1p5,5,-125.96729079922409,273.8941246201599,-174.35773820511238,395.672754601063,-190.35807161218327,310.63213805561094
vanilla,klb5,foot_left_damping,1.7,foot_left_damping_1p7,5,-30.767682819399663,154.9901320847297,-157.59309539056918,346.19705707633324,-93.06817979686741,241.6860436831711
vanilla,klb5,foot_left_damping,2.0,foot_left_damping_2,5,37.92940613157421,69.91361366820618,-146.87113115827248,233.65982866875564,-10.82231922173346,157.6113522021277
vanilla,klb5,foot_left_friction,0.0,foot_left_friction_0,5,453.6980446158356,733.4476126247298,475.6902421733039,876.5526458227564,538.8788559062317,804.0005008695069
vanilla,klb5,foot_left_friction,0.1,foot_left_friction_0p1,5,612.6265852801562,822.9082320161766,613.8075291279899,1044.5370900040223,649.0443232102227,902.2897827541448
vanilla,klb5,foot_left_friction,0.2,foot_left_friction_0p2,5,612.6265852801562,822.9082320161766,613.8075291279899,1044.5370900040223,649.0443232102227,902.2897827541448
vanilla,klb5,foot_left_friction,0.3,foot_left_friction_0p3,5,612.6265852801562,822.9082320161766,613.8075291279899,1044.5370900040223,649.0443232102227,902.2897827541448
vanilla,klb5,foot_left_friction,0.4,foot_left_friction_0p4,5,428.3990788513136,713.6942821446818,447.1883732393153,843.7299885032365,535.21592046602,775.6475914474051
vanilla,klb5,foot_left_friction,0.5,foot_left_friction_0p5,5,309.15510797155474,680.5774865292625,188.37384411283782,963.1159711207729,331.29061988136567,823.2216971083258
vanilla,klb5,foot_left_friction,0.6,foot_left_friction_0p6,5,3.150615449216775,1167.7295208180383,-287.85303324896165,1648.0140455096678,-124.55116942297116,1442.8403627941732
vanilla,klb5,foot_left_friction,0.7,foot_left_friction_0p7,5,-173.23056726428405,950.7059803466063,-310.67341645308,1573.5973308552263,-195.97600347188057,1330.4124632458118
vanilla,klb5,foot_left_friction,0.8,foot_left_friction_0p8,5,-305.25196639081986,825.6457308013892,-529.478428423116,1396.4214156815244,-382.4322313237041,1160.2296739224007
vanilla,klb5,foot_left_friction,0.9,foot_left_friction_0p9,5,-178.61488205167402,394.7128283672428,-732.4814242394566,1243.3614466491106,-349.06774088672034,693.2080011627235
vanilla,klb5,foot_left_friction,1.0,foot_left_friction_1,5,0.0,0.0,0.0,0.0,0.0,0.0
vanilla,klb5,foot_left_friction,1.1,foot_left_friction_1p1,5,35.130041828029505,195.86957744094187,32.464910861625995,163.59037533166358,130.2411602182255,257.0616391211579
vanilla,klb5,foot_left_friction,1.3,foot_left_friction_1p3,5,587.2811236197774,1081.6545880240255,508.36860194694145,1053.2394434532157,610.9064177117872,1042.3361885874904
vanilla,klb5,foot_left_friction,1.5,foot_left_friction_1p5,5,932.2924525467797,1034.2222342893015,880.5342867977677,1073.7631605018498,999.8608680154857,1039.1169944072096
vanilla,klb5,foot_left_friction,1.7,foot_left_friction_1p7,5,959.0881084400489,1120.0026899900117,937.9348876689301,1175.9360750987914,1058.126160375798,1129.1643290473849
vanilla,klb5,foot_left_friction,2.0,foot_left_friction_2,5,1085.0106373450271,1148.0767955055373,980.827656461663,1182.2806840874246,1091.131909541336,1141.1066808510352
vanilla,klb5,leg_left_actuator_gain,0.0,leg_left_actuator_gain_0,5,1596.0902652922075,1553.7138851647157,1458.5253759458942,1761.030096233805,1600.519445315105,1669.8212827399288
vanilla,klb5,leg_left_actuator_gain,0.1,leg_left_actuator_gain_0p1,5,1794.3948295925588,1739.5692475396288,1753.8543817632194,2096.1343847069506,1864.493999477704,1981.2545310824278
vanilla,klb5,leg_left_actuator_gain,0.2,leg_left_actuator_gain_0p2,5,1749.9477233937516,1781.3805566554054,1661.9966629751216,2076.1859679231807,1768.7799329963934,1942.3068539084795
vanilla,klb5,leg_left_actuator_gain,0.3,leg_left_actuator_gain_0p3,5,1554.7204862737897,1512.8638121614235,1456.1259469487388,1837.113860916646,1576.6212256906413,1708.3668053498561
vanilla,klb5,leg_left_actuator_gain,0.4,leg_left_actuator_gain_0p4,5,696.1808775370996,1367.224255868361,307.91727874303444,1854.8273973333482,616.8704778279587,1642.466963799188
vanilla,klb5,leg_left_actuator_gain,0.5,leg_left_actuator_gain_0p5,5,121.03772593353979,1217.5550870497598,-80.76800606547945,1654.94794246852,31.166269715311934,1405.8784791689307
vanilla,klb5,leg_left_actuator_gain,0.6,leg_left_actuator_gain_0p6,5,-104.41285076546971,605.7338307551993,-432.9824148937875,1387.1382849921113,-200.3153961281977,921.6176757958492
vanilla,klb5,leg_left_actuator_gain,0.7,leg_left_actuator_gain_0p7,5,-319.768674223256,939.7718120642003,-500.79170993449526,1373.0113331604637,-348.9076896888667,1128.7358730162182
vanilla,klb5,leg_left_actuator_gain,0.8,leg_left_actuator_gain_0p8,5,-336.9196149485573,882.7335587494687,-515.68884954388,1382.0748685787983,-378.40785595540785,1141.2601704896815
vanilla,klb5,leg_left_actuator_gain,0.9,leg_left_actuator_gain_0p9,5,-219.80168194231055,717.3740294281731,-426.0250732674375,1419.7443610641978,-339.7722842735716,1145.155810471518
vanilla,klb5,leg_left_actuator_gain,1.0,leg_left_actuator_gain_1,5,0.0,0.0,0.0,0.0,0.0,0.0
vanilla,klb5,leg_left_actuator_gain,1.1,leg_left_actuator_gain_1p1,5,-2.2766750470881107,208.72635707252374,100.16290804161513,262.14761787862966,113.84703061744248,272.1755895339573
vanilla,klb5,leg_left_actuator_gain,1.3,leg_left_actuator_gain_1p3,5,172.99343154972243,267.5875191473942,152.5188242440716,314.17784871471474,290.2543008839066,448.91565590596036
vanilla,klb5,leg_left_actuator_gain,1.5,leg_left_actuator_gain_1p5,5,218.14300056136221,244.13013153025116,194.09898513843592,270.9924294666895,321.6781784040062,379.9226459797026
vanilla,klb5,leg_left_actuator_gain,1.7,leg_left_actuator_gain_1p7,5,172.33407092873048,226.2156850479263,86.18073137239385,155.36581722791536,284.7477263017584,387.7873555354952
vanilla,klb5,leg_left_actuator_gain,2.0,leg_left_actuator_gain_2,5,223.64872311055032,262.24339239557145,148.22699020382245,179.03034150533065,339.8563891995852,389.888879713047
vanilla,klb5,leg_left_damping,0.0,leg_left_damping_0,5,-65.19300607641328,70.39951811232899,-7.609320019076532,16.046086495956075,-61.02615130123145,95.48739450900074
vanilla,klb5,leg_left_damping,0.1,leg_left_damping_0p1,5,-19.36986168407251,86.210375322739,1.4218910708081836,12.55048633921888,-28.367346979364783,115.87967531142142
vanilla,klb5,leg_left_damping,0.2,leg_left_damping_0p2,5,-18.13707014813472,93.25961392055234,-37.65252536332123,75.48751442777589,-60.254667678176496,122.46361295704948
vanilla,klb5,leg_left_damping,0.3,leg_left_damping_0p3,5,-60.057291949405226,74.4528649651634,-9.532746728999136,20.33136597671153,-63.937763140221406,99.69188186773758
vanilla,klb5,leg_left_damping,0.4,leg_left_damping_0p4,5,13.498561723853083,122.26750279223731,-18.735970597728432,56.69937083561806,-36.0134055569085,136.0217408180515
vanilla,klb5,leg_left_damping,0.5,leg_left_damping_0p5,5,-9.610513722542658,116.37611872055457,-50.07963401001332,81.7934585337544,-63.262850363822416,142.06311012315052
vanilla,klb5,leg_left_damping,0.6,leg_left_damping_0p6,5,-51.67722834610171,58.57782821653801,-12.863820275650886,22.370952789055885,-71.3824244262843,98.79951155820505
vanilla,klb5,leg_left_damping,0.7,leg_left_damping_0p7,5,-15.330099802612324,97.95071147852707,-4.952045087342492,44.37651528431279,-32.842120039210634,129.71107769102588
vanilla,klb5,leg_left_damping,0.8,leg_left_damping_0p8,5,-4.981042393308871,71.52647323695827,-5.171798729922981,10.638455088714544,-19.875763080293503,132.09807916204966
vanilla,klb5,leg_left_damping,0.9,leg_left_damping_0p9,5,48.40212408348109,168.4490738775226,43.2089274787242,121.32368482560945,33.02330627307528,239.38683725296397
vanilla,klb5,leg_left_damping,1.0,leg_left_damping_1,5,0.0,0.0,0.0,0.0,0.0,0.0
vanilla,klb5,leg_left_damping,1.1,leg_left_damping_1p1,5,-11.513057316553386,47.87621217136032,-11.775998163301235,20.288727617813933,-15.014527753464133,20.015254555590946
vanilla,klb5,leg_left_damping,1.3,leg_left_damping_1p3,5,-40.06203127416221,45.11281694935545,-3.7803641434093436,26.61895103087041,-36.727337896809516,34.74442263222453
vanilla,klb5,leg_left_damping,1.5,leg_left_damping_1p5,5,26.447815787506602,70.52880749891297,-4.988932560650443,68.89843208656455,27.831533058353365,69.00896055925935
vanilla,klb5,leg_left_damping,1.7,leg_left_damping_1p7,5,-30.959352190801827,62.02922252053756,-31.433488199716315,47.99135639594702,-27.779120645226914,37.79502087662302
vanilla,klb5,leg_left_damping,2.0,leg_left_damping_2,5,40.13452630039686,52.22076670655002,8.610557733850271,29.945951580476258,9.472364859531591,32.29911629825741
vanilla,klb5,thigh_left_actuator_gain,0.0,thigh_left_actuator_gain_0,5,1667.654840460646,1565.9017117349294,1635.860203662079,1772.195491820558,1709.9979730800605,1691.5258707612522
vanilla,klb5,thigh_left_actuator_gain,0.1,thigh_left_actuator_gain_0p1,5,1693.8730575202055,1582.7884718335388,1680.1724480970056,1907.8920875462823,1729.661823911262,1773.7775500633618
vanilla,klb5,thigh_left_actuator_gain,0.2,thigh_left_actuator_gain_0p2,5,1465.6909926403198,1332.624995397223,1375.6989761118577,1526.00191249496,1554.9093391333686,1551.340713575573
vanilla,klb5,thigh_left_actuator_gain,0.3,thigh_left_actuator_gain_0p3,5,1059.6642547459433,1086.8807241602713,690.8907136009827,999.5328216135921,878.1211579696923,1038.087849460529
vanilla,klb5,thigh_left_actuator_gain,0.4,thigh_left_actuator_gain_0p4,5,661.9056342710472,919.2461381924273,401.9168991012998,877.3205491437143,534.0342050977933,845.9495020130167
vanilla,klb5,thigh_left_actuator_gain,0.5,thigh_left_actuator_gain_0p5,5,208.6100741555455,433.1102123233293,5.530026042946645,208.59487036733913,134.26245742377492,290.89605899056437
vanilla,klb5,thigh_left_actuator_gain,0.6,thigh_left_actuator_gain_0p6,5,410.0254036922388,428.35891099900147,253.4707121448484,524.3864550050282,389.53416142130425,498.4412042325821
vanilla,klb5,thigh_left_actuator_gain,0.7,thigh_left_actuator_gain_0p7,5,641.4081919368257,574.6454006249073,596.5488888734126,995.5421515026954,684.9830873111661,788.9533306210047
vanilla,klb5,thigh_left_actuator_gain,0.8,thigh_left_actuator_gain_0p8,5,413.05365615329373,388.632255536203,359.57084794594095,656.1929355133663,476.0625824822772,540.630768127794
vanilla,klb5,thigh_left_actuator_gain,0.9,thigh_left_actuator_gain_0p9,5,74.56704165993293,328.85688982620974,-64.127254060664,461.08984926332914,-1.4349398742263475,493.4260099670496
vanilla,klb5,thigh_left_actuator_gain,1.0,thigh_left_actuator_gain_1,5,0.0,0.0,0.0,0.0,0.0,0.0
vanilla,klb5,thigh_left_actuator_gain,1.1,thigh_left_actuator_gain_1p1,5,-239.44162116569322,642.8537477179568,-630.6854215871275,1300.8210471001514,-472.43973496083373,1066.275026795757
vanilla,klb5,thigh_left_actuator_gain,1.3,thigh_left_actuator_gain_1p3,5,-274.0044304969112,774.7415347252701,-491.21860853041306,1405.3278636611885,-407.32216037952367,1120.9525666754762
vanilla,klb5,thigh_left_actuator_gain,1.5,thigh_left_actuator_gain_1p5,5,-68.97888638086128,944.3656204266612,-353.78302872631843,1448.6514742512811,-184.42436566497997,1220.8820305366896
vanilla,klb5,thigh_left_actuator_gain,1.7,thigh_left_actuator_gain_1p7,5,16.566305674915363,1107.389313105016,-185.25614164718567,1505.9303809141848,3.880239657143784,1307.09413157158
vanilla,klb5,thigh_left_actuator_gain,2.0,thigh_left_actuator_gain_2,5,350.78191981501317,1066.7965449103901,61.08836373369074,1657.7782901284754,241.2740386813594,1446.657064102234
vanilla,klb5,thigh_left_damping,0.0,thigh_left_damping_0,5,-50.33412811911315,119.21733493811018,11.499648401996604,92.66980853893678,-86.94964398448472,217.66342745339549
vanilla,klb5,thigh_left_damping,0.1,thigh_left_damping_0p1,5,-84.66664314141792,150.13582117110766,-32.89215719260416,57.6773723535072,-59.19571098658446,148.76825206431243
vanilla,klb5,thigh_left_damping,0.2,thigh_left_damping_0p2,5,39.418265097721175,79.93169903931958,29.379469225924986,53.16813399580197,59.037347636202206,56.1281339522249
vanilla,klb5,thigh_left_damping,0.3,thigh_left_damping_0p3,5,86.1493721717821,59.398941237568934,20.419044775236138,49.70992748948574,118.65629937116974,111.1365967016462
vanilla,klb5,thigh_left_damping,0.4,thigh_left_damping_0p4,5,-18.588745717757,94.30127564368203,14.132233401563383,52.48289319180643,-42.110435190013895,94.46114225595242
vanilla,klb5,thigh_left_damping,0.5,thigh_left_damping_0p5,5,-41.59886311512749,69.1516985691507,13.04414312523565,70.5437040996061,-51.78637718800394,83.81406664159944
vanilla,klb5,thigh_left_damping,0.6,thigh_left_damping_0p6,5,-6.180028661131502,98.78187882586728,-14.174343062669621,28.88046386440258,-27.754702580546734,164.9795046790741
vanilla,klb5,thigh_left_damping,0.7,thigh_left_damping_0p7,5,-92.54617102006813,108.48268662629314,-0.8542481206677252,67.62899069048649,-131.8115134123963,204.85440741263116
vanilla,klb5,thigh_left_damping,0.8,thigh_left_damping_0p8,5,54.17731266622665,109.4735051312503,12.795228917567423,91.66785664953422,12.896419700974452,104.43987171122093
vanilla,klb5,thigh_left_damping,0.9,thigh_left_damping_0p9,5,-22.597252139809846,156.34774863952205,-14.380091926931602,22.728706693853912,-89.62244867783335,244.26751579299798
vanilla,klb5,thigh_left_damping,1.0,thigh_left_damping_1,5,0.0,0.0,0.0,0.0,0.0,0.0
vanilla,klb5,thigh_left_damping,1.1,thigh_left_damping_1p1,5,-56.3590481113787,92.27329609469732,4.53344810730537,60.997144125736725,-62.96565981050653,90.9929287605477
vanilla,klb5,thigh_left_damping,1.3,thigh_left_damping_1p3,5,80.6117015448436,150.46208056364986,10.947837809575214,87.44367949530387,100.65746408235547,175.71399757048255
vanilla,klb5,thigh_left_damping,1.5,thigh_left_damping_1p5,5,35.86823343457704,83.40599260092438,22.215600302882933,56.20508512032316,74.1021986241427,154.12149905068566
vanilla,klb5,thigh_left_damping,1.7,thigh_left_damping_1p7,5,19.9860905465409,40.48820706380746,-40.73982385310815,90.7625858341148,29.379674523629582,56.00121398218268
vanilla,klb5,thigh_left_damping,2.0,thigh_left_damping_2,5,44.3812555321157,97.57787886151556,-33.35820755295485,82.18826400395518,34.37822523539209,121.37560068849906
vanilla,klb10,foot_left_actuator_gain,0.0,foot_left_actuator_gain_0,5,1656.0313780458655,1087.305401085437,1406.991506432697,1156.8688936897397,1573.8823657778817,1099.9699760581
vanilla,klb10,foot_left_actuator_gain,0.1,foot_left_actuator_gain_0p1,5,1674.9487054335173,1057.2954081058454,1427.3328825550557,1151.2546341427228,1597.8654853326286,1092.8250309294542
vanilla,klb10,foot_left_actuator_gain,0.2,foot_left_actuator_gain_0p2,5,1698.4657118353352,1176.347220741629,1432.729907071067,1232.7986019714715,1620.984460145482,1208.0032494169027
vanilla,klb10,foot_left_actuator_gain,0.3,foot_left_actuator_gain_0p3,5,1597.0615697379012,1099.6330677135322,1343.4516396287104,1157.2367557850127,1510.8012369551793,1107.7975378719825
vanilla,klb10,foot_left_actuator_gain,0.4,foot_left_actuator_gain_0p4,5,1549.2816104909427,1096.829145680144,1280.715842624677,1164.813180912567,1447.1795456478656,1115.6858426601177
vanilla,klb10,foot_left_actuator_gain,0.5,foot_left_actuator_gain_0p5,5,1525.4545311006227,1139.7565837928116,1223.5483776900742,1149.3272397570129,1421.356185484177,1141.0527196224662
vanilla,klb10,foot_left_actuator_gain,0.6,foot_left_actuator_gain_0p6,5,1477.0173379562684,1230.1299310150603,1305.925969176225,1391.5934033593328,1453.9541320391722,1308.4620093878316
vanilla,klb10,foot_left_actuator_gain,0.7,foot_left_actuator_gain_0p7,5,1178.0006868400117,897.2684130498034,948.6328751562293,994.8873353506767,1111.321882159253,928.3193076840588
vanilla,klb10,foot_left_actuator_gain,0.8,foot_left_actuator_gain_0p8,5,162.1917407427668,537.6110151152379,-102.94870824235586,416.1107486531144,61.810126273394985,429.2683070197952
vanilla,klb10,foot_left_actuator_gain,0.9,foot_left_actuator_gain_0p9,5,140.7219636376415,448.85678227058,-229.71456752409276,362.0213979620108,-17.419679216465305,354.7431550450008
vanilla,klb10,foot_left_actuator_gain,1.0,foot_left_actuator_gain_1,5,0.0,0.0,0.0,0.0,0.0,0.0
vanilla,klb10,foot_left_actuator_gain,1.1,foot_left_actuator_gain_1p1,5,2.2914791933639664,311.8985822153279,-312.72970540572294,728.5815871527601,-96.22942322217804,487.42651348335363
vanilla,klb10,foot_left_actuator_gain,1.3,foot_left_actuator_gain_1p3,5,66.56217043799097,306.87694696243835,-541.7133094677599,1343.567432397265,-100.94720310273406,557.348250396866
vanilla,klb10,foot_left_actuator_gain,1.5,foot_left_actuator_gain_1p5,5,290.41331281519774,978.6983962250065,-322.94592465054495,1624.9336724449813,3.8404992358550087,1452.0928330738252
vanilla,klb10,foot_left_actuator_gain,1.7,foot_left_actuator_gain_1p7,5,356.9465344919207,1163.3584999998677,-98.16800644005104,1777.2696830064046,126.84840420147785,1587.2080936999012
vanilla,klb10,foot_left_actuator_gain,2.0,foot_left_actuator_gain_2,5,637.3981219869597,792.4837962103105,474.2287850459421,1196.603258240397,588.2147099320516,961.2849835095367
vanilla,klb10,foot_left_damping,0.0,foot_left_damping_0,5,-3.5180098376862134,194.89451130809982,-166.27530687739608,389.8112266495453,20.481645157718333,358.33197703173755
vanilla,klb10,foot_left_damping,0.1,foot_left_damping_0p1,5,-57.35122144293422,295.96831182317715,-200.55638087747488,383.39055366335083,-28.176780956828644,439.3322893386964
vanilla,klb10,foot_left_damping,0.2,foot_left_damping_0p2,5,16.265546174633982,187.12999358840895,-117.89441883702393,379.09315659329707,58.897860006438826,322.7962910334175
vanilla,klb10,foot_left_damping,0.3,foot_left_damping_0p3,5,-20.0375371742124,264.0065625554002,-165.99857467760663,375.30789217371125,10.765016437812175,422.90113958352237
vanilla,klb10,foot_left_damping,0.4,foot_left_damping_0p4,5,12.561269742427532,182.40470965898567,-208.1588506017336,358.7863894715297,-3.459925244002966,380.97797456489377
vanilla,klb10,foot_left_damping,0.5,foot_left_damping_0p5,5,-31.565630258391526,279.0116805461062,-142.84330993608222,386.3090825732693,12.037698331799731,439.2608932892268
vanilla,klb10,foot_left_damping,0.6,foot_left_damping_0p6,5,-52.475209817386954,167.96681144816944,-152.03943895380047,378.2779620609819,-94.90264944873628,276.6325810637783
vanilla,klb10,foot_left_damping,0.7,foot_left_damping_0p7,5,-126.56940564857784,187.9795532078038,-221.3403576692787,373.1814874552436,-186.4150139090894,288.5781042061317
vanilla,klb10,foot_left_damping,0.8,foot_left_damping_0p8,5,-76.82851106642593,122.48912890298706,-157.81451914302957,342.57041273733785,-95.35834693047876,210.37362422356614
vanilla,klb10,foot_left_damping,0.9,foot_left_damping_0p9,5,24.64512526801972,109.45187883319272,-176.43374342966746,345.1105001733393,3.9970759855836944,231.67846809606723
vanilla,klb10,foot_left_damping,1.0,foot_left_damping_1,5,0.0,0.0,0.0,0.0,0.0,0.0
vanilla,klb10,foot_left_damping,1.1,foot_left_damping_1p1,5,-66.92401173053221,85.67380233788039,-161.12687979725692,295.04973199598385,-137.17497397400967,152.4634021547145
vanilla,klb10,foot_left_damping,1.3,foot_left_damping_1p3,5,-113.9345715215456,117.66324659765621,-234.94737291717524,335.8530849784079,-213.15163671355177,249.40531757431643
vanilla,klb10,foot_left_damping,1.5,foot_left_damping_1p5,5,-183.4834518757121,235.87437197269983,-210.93880444766273,388.0430058896315,-240.4524882454155,276.16404518103576
vanilla,klb10,foot_left_damping,1.7,foot_left_damping_1p7,5,-57.17479890862741,114.70164431569924,-192.07484185872835,334.39454369088253,-131.98421970763349,216.69577266521966
vanilla,klb10,foot_left_damping,2.0,foot_left_damping_2,5,-40.75506862312926,111.99272210703694,-178.37143154376548,217.2666122182182,-63.183690124199714,175.8278342419081
vanilla,klb10,foot_left_friction,0.0,foot_left_friction_0,5,307.2119250762395,746.4712728240305,268.9684873734449,890.8524013980751,372.3333941107825,847.2734086341158
vanilla,klb10,foot_left_friction,0.1,foot_left_friction_0p1,5,466.14046574056,852.177193921353,407.085774328131,1080.196831031447,482.49886141477356,957.9978307782015
vanilla,klb10,foot_left_friction,0.2,foot_left_friction_0p2,5,466.14046574056,852.177193921353,407.085774328131,1080.196831031447,482.49886141477356,957.9978307782015
vanilla,klb10,foot_left_friction,0.3,foot_left_friction_0p3,5,466.14046574056,852.177193921353,407.085774328131,1080.196831031447,482.49886141477356,957.9978307782015
vanilla,klb10,foot_left_friction,0.4,foot_left_friction_0p4,5,305.0609645817255,719.671303839947,293.46334650712595,868.0879283243776,392.53147104708125,825.239752435831
vanilla,klb10,foot_left_friction,0.5,foot_left_friction_0p5,5,202.62412234830467,711.6862081448833,118.5841753319443,983.1856913041207,228.34194634626473,855.4687146515877
vanilla,klb10,foot_left_friction,0.6,foot_left_friction_0p6,5,-104.30531524280687,1127.0415300615766,-348.3411955098657,1641.2026053866812,-224.95368042191194,1422.7977453784886
vanilla,klb10,foot_left_friction,0.7,foot_left_friction_0p7,5,-310.65063488741146,910.8694111735551,-444.1143011533512,1530.972324979704,-341.29905463938826,1287.7048450483476
vanilla,klb10,foot_left_friction,0.8,foot_left_friction_0p8,5,-395.4480636467489,776.6453542897199,-562.0525352897951,1368.4143230161715,-470.01273130479865,1108.7236525355556
vanilla,klb10,foot_left_friction,0.9,foot_left_friction_0p9,5,-208.29522917325124,360.16843047107506,-758.788015669491,1219.408424432314,-372.2782165734795,674.4631213988456
vanilla,klb10,foot_left_friction,1.0,foot_left_friction_1,5,0.0,0.0,0.0,0.0,0.0,0.0
vanilla,klb10,foot_left_friction,1.1,foot_left_friction_1p1,5,23.753250593652048,173.66337853757824,32.00915820543183,166.76376173455495,140.9747356500437,225.24571357027315
vanilla,klb10,foot_left_friction,1.3,foot_left_friction_1p3,5,590.6175186094069,1070.6004874335185,433.73602467533,952.7358344276007,590.6662896919099,1008.0753293722192
vanilla,klb10,foot_left_friction,1.5,foot_left_friction_1p5,5,941.8643572538061,1009.0403508219802,819.2885025263422,900.7267830747102,990.2320288210883,957.6080114596712
vanilla,klb10,foot_left_friction,1.7,foot_left_friction_1p7,5,933.5762648964625,1043.9430761735596,871.3562800139534,991.1534692516101,1001.642459996791,950.1261505316423
vanilla,klb10,foot_left_friction,2.0,foot_left_friction_2,5,1121.6014567513866,1163.5969208635051,1070.139098917286,1296.9002525168687,1146.6107281914656,1177.9727143510718
vanilla,klb10,leg_left_actuator_gain,0.0,leg_left_actuator_gain_0,5,1590.1711520061076,1382.136397957687,1510.116263382874,1540.9649008216775,1613.420948783823,1450.8912629396104
vanilla,klb10,leg_left_actuator_gain,0.1,leg_left_actuator_gain_0p1,5,1625.32499126355,1223.9557966000075,1494.6208959499297,1473.8502799853616,1602.4057125729776,1342.1598434234213
vanilla,klb10,leg_left_actuator_gain,0.2,leg_left_actuator_gain_0p2,5,1541.795829758104,1310.9219266415234,1428.8426993318978,1560.4337286503605,1525.2729101443342,1421.6875440077258
vanilla,klb10,leg_left_actuator_gain,0.3,leg_left_actuator_gain_0p3,5,1414.1582110549193,1283.4047288531763,1304.813076623324,1591.0651501822165,1424.8535995463772,1454.7267929620698
vanilla,klb10,leg_left_actuator_gain,0.4,leg_left_actuator_gain_0p4,5,523.643058574915,1250.0995364861094,207.1430482153647,1840.3348024471031,445.4642981199323,1551.370940734201
vanilla,klb10,leg_left_actuator_gain,0.5,leg_left_actuator_gain_0p5,5,-130.64486045279665,1119.2860708489566,-376.3708922299375,1552.793205562115,-261.1440312898014,1317.1057492414682
vanilla,klb10,leg_left_actuator_gain,0.6,leg_left_actuator_gain_0p6,5,-283.1349697748294,512.8169897595925,-663.0911393350308,1258.6722549444612,-432.8411118087124,790.0866345023076
vanilla,klb10,leg_left_actuator_gain,0.7,leg_left_actuator_gain_0p7,5,-383.7930428653242,901.6532816368907,-650.4427510093224,1274.26513204666,-457.3826113281637,1064.055090815684
vanilla,klb10,leg_left_actuator_gain,0.8,leg_left_actuator_gain_0p8,5,-445.93001832774615,805.2567900914621,-696.0482029481232,1258.5971779918634,-565.3304699896076,1013.5815280272826
vanilla,klb10,leg_left_actuator_gain,0.9,leg_left_actuator_gain_0p9,5,-281.7896806885709,673.6760641114086,-517.5178097278433,1355.9539731756856,-425.14908015126576,1093.547087736704
vanilla,klb10,leg_left_actuator_gain,1.0,leg_left_actuator_gain_1,5,0.0,0.0,0.0,0.0,0.0,0.0
vanilla,klb10,leg_left_actuator_gain,1.1,leg_left_actuator_gain_1p1,5,-77.14652018964799,192.73540922893847,-56.35726785676851,199.8913505453419,4.313900567022904,258.8858491508224
vanilla,klb10,leg_left_actuator_gain,1.3,leg_left_actuator_gain_1p3,5,12.744134510569108,296.4454775087513,-76.72779448789296,245.06845599131495,62.69658893276054,482.23663207989915
vanilla,klb10,leg_left_actuator_gain,1.5,leg_left_actuator_gain_1p5,5,48.01915816835249,307.8344994710875,-49.10653160471211,221.89371478272167,104.77035153190268,455.25595396052285
vanilla,klb10,leg_left_actuator_gain,1.7,leg_left_actuator_gain_1p7,5,80.61359523748828,257.5548657790641,-17.785347362208523,212.27439421976743,182.8344951020893,433.4791811544813
vanilla,klb10,leg_left_actuator_gain,2.0,leg_left_actuator_gain_2,5,171.60703443830067,214.0184210622281,184.5070997893932,170.44056255911627,308.73896295987686,357.41247397031265
vanilla,klb10,leg_left_damping,0.0,leg_left_damping_0,5,-65.447060117703,64.59414686025154,21.77364860704745,57.84141409957837,-48.436078485574726,105.13916312089582
vanilla,klb10,leg_left_damping,0.1,leg_left_damping_0p1,5,-11.873999324624696,88.06366670736517,52.99293225662085,81.63064079832444,-9.233309408921343,125.16934146130262
vanilla,klb10,leg_left_damping,0.2,leg_left_damping_0p2,5,-24.25485074241543,94.1812950781872,-27.88682644557547,84.39877269262311,-63.695320553348004,125.61387663817318
vanilla,klb10,leg_left_damping,0.3,leg_left_damping_0p3,5,-49.44960111287113,88.33923817511665,37.80412259038237,84.65000123201096,-36.743616408162964,121.48620332832148
vanilla,klb10,leg_left_damping,0.4,leg_left_damping_0p4,5,-30.475942687877193,92.56438745405094,-62.20910866714494,86.28403745623109,-76.87305008009017,123.34849903535941
vanilla,klb10,leg_left_damping,0.5,leg_left_damping_0p5,5,-14.320335006665356,100.1164906836657,-8.395291686660858,137.34095499249946,-42.976670132309174,155.86658217118116
vanilla,klb10,leg_left_damping,0.6,leg_left_damping_0p6,5,-49.285734259123004,46.343278764105634,2.3484735907094203,39.932903203726525,-65.43702414864075,98.30651269280655
vanilla,klb10,leg_left_damping,0.7,leg_left_damping_0p7,5,-43.641053600343774,79.11397187699693,-12.965569376581527,57.185362858646734,-57.68920065715595,107.54992865566504
vanilla,klb10,leg_left_damping,0.8,leg_left_damping_0p8,5,-1.5727094342822625,90.03242517105099,-12.714569360711085,51.219248928584214,-30.339348302516647,136.8424394159946
vanilla,klb10,leg_left_damping,0.9,leg_left_damping_0p9,5,14.536088194040872,173.79193708694112,2.1497190207054246,159.17557043843894,-4.783074564427238,247.64910027360523
vanilla,klb10,leg_left_damping,1.0,leg_left_damping_1,5,0.0,0.0,0.0,0.0,0.0,0.0
vanilla,klb10,leg_left_damping,1.1,leg_left_damping_1p1,5,-28.398508735439794,37.30658074722555,-32.098322118252234,29.386784858429184,-46.36366804372453,30.05838795714466
vanilla,klb10,leg_left_damping,1.3,leg_left_damping_1p3,5,-55.04396831034925,43.123489628864824,-27.310415753038832,55.73702888865352,-57.09388474372052,36.880242709062586
vanilla,klb10,leg_left_damping,1.5,leg_left_damping_1p5,5,-4.079805263080766,38.516952881803334,-26.74814747574942,67.010905877388,-9.44163277273509,68.7163107668552
vanilla,klb10,leg_left_damping,1.7,leg_left_damping_1p7,5,-67.53894200649701,52.60311245813804,-66.89307571746875,64.12250353667635,-67.16229438857951,42.02681884863292
vanilla,klb10,leg_left_damping,2.0,leg_left_damping_2,5,-0.2001425927329933,28.619957981318038,13.773485980238002,31.674733670669255,-17.696935683232585,44.82837142017187
vanilla,klb10,thigh_left_actuator_gain,0.0,thigh_left_actuator_gain_0,5,1607.5435083783175,1242.6306063742766,1580.160405189612,1450.2872075196665,1636.7893955258364,1346.640721900302
vanilla,klb10,thigh_left_actuator_gain,0.1,thigh_left_actuator_gain_0p1,5,1546.6865099521924,1218.0485310263568,1506.2424335785201,1481.1898826130907,1553.4182790775153,1347.5749135446172
vanilla,klb10,thigh_left_actuator_gain,0.2,thigh_left_actuator_gain_0p2,5,1427.6500200976486,1069.5997022470854,1387.9593310818932,1337.0998020362695,1512.9177112163488,1282.6324999244493
vanilla,klb10,thigh_left_actuator_gain,0.3,thigh_left_actuator_gain_0p3,5,1050.7353501365008,883.7452642432775,715.9290359302681,805.7104274886489,888.1874675463216,811.0925251075754
vanilla,klb10,thigh_left_actuator_gain,0.4,thigh_left_actuator_gain_0p4,5,617.2892032737649,769.1031649970253,375.0112169834782,688.7299100985881,486.0894566613526,625.1916948431632
vanilla,klb10,thigh_left_actuator_gain,0.5,thigh_left_actuator_gain_0p5,5,182.80691469820954,382.3589143781375,-19.532212547124743,144.23991828778213,87.82810133707184,244.0933008779962
vanilla,klb10,thigh_left_actuator_gain,0.6,thigh_left_actuator_gain_0p6,5,350.51688920629664,484.25622378542454,182.79738280187135,582.5693679821709,307.78877796778136,575.5620195733621
vanilla,klb10,thigh_left_actuator_gain,0.7,thigh_left_actuator_gain_0p7,5,452.61086177569894,662.2916193835786,383.89178604569014,1030.2136345195602,444.1310231219374,854.2993490133871
vanilla,klb10,thigh_left_actuator_gain,0.8,thigh_left_actuator_gain_0p8,5,302.4853570760561,441.10650001508714,168.73689861330067,667.0716587884218,281.6698113924929,592.6922509049228
vanilla,klb10,thigh_left_actuator_gain,0.9,thigh_left_actuator_gain_0p9,5,-22.379967604691263,313.7918145887837,-129.8625177211506,452.0511939969315,-111.70077015709322,484.76705483783843
vanilla,klb10,thigh_left_actuator_gain,1.0,thigh_left_actuator_gain_1,5,0.0,0.0,0.0,0.0,0.0,0.0
vanilla,klb10,thigh_left_actuator_gain,1.1,thigh_left_actuator_gain_1p1,5,-363.7786579872187,565.5771851585852,-732.4974648271253,1243.9342167381599,-600.3022101844133,993.1383172510929
vanilla,klb10,thigh_left_actuator_gain,1.3,thigh_left_actuator_gain_1p3,5,-422.44350035360765,703.5311588998236,-687.7760595514799,1289.92575014412,-562.157346668095,1045.5220085168057
vanilla,klb10,thigh_left_actuator_gain,1.5,thigh_left_actuator_gain_1p5,5,-238.30583241966752,867.6964793584791,-596.2662562061564,1332.4724059093492,-409.3848623274764,1123.6986949023055
vanilla,klb10,thigh_left_actuator_gain,1.7,thigh_left_actuator_gain_1p7,5,-202.13892423866992,1018.2446527678563,-439.4310550894414,1413.184788000183,-249.97086634973311,1226.9590574298522
vanilla,klb10,thigh_left_actuator_gain,2.0,thigh_left_actuator_gain_2,5,186.12024561292998,953.7978075060973,-152.27790821835353,1607.9666195102357,30.268273358213047,1356.5943019219426
vanilla,klb10,thigh_left_damping,0.0,thigh_left_damping_0,5,-83.14571371426382,92.50532920946846,-2.942851026699793,97.57190585427703,-126.82120769966555,193.7288972232236
vanilla,klb10,thigh_left_damping,0.1,thigh_left_damping_0p1,5,-102.85676396993867,117.89370633073332,-6.303394395013276,84.21990416761459,-76.19133024623429,123.97864951606775
vanilla,klb10,thigh_left_damping,0.2,thigh_left_damping_0p2,5,-2.789638827326314,83.03141124445447,-4.806741222437267,82.83039368115948,4.561150232442469,87.15806103317772
vanilla,klb10,thigh_left_damping,0.3,thigh_left_damping_0p3,5,51.850903921421335,98.90015705866334,-23.639816831926048,100.68643258816235,68.98330998733384,155.25874106150658
vanilla,klb10,thigh_left_damping,0.4,thigh_left_damping_0p4,5,-51.27044127855347,97.85658314662209,-8.621867134899668,109.01895116916184,-73.9439556689887,114.41290067860515
vanilla,klb10,thigh_left_damping,0.5,thigh_left_damping_0p5,5,-68.55181689117441,52.26992865729582,-19.51554996674604,113.49728514426349,-87.29585846865312,90.24347022990037
vanilla,klb10,thigh_left_damping,0.6,thigh_left_damping_0p6,5,-22.438609306235538,81.33711042614328,5.913795764919689,49.682272228881395,-39.92573505809296,154.47028108092178
vanilla,klb10,thigh_left_damping,0.7,thigh_left_damping_0p7,5,-135.33237060745097,99.70740494644294,-17.181088347802007,71.88009036711587,-170.1063870345966,185.67340623907452
vanilla,klb10,thigh_left_damping,0.8,thigh_left_damping_0p8,5,-7.6378765441592575,91.9671134221928,-31.412594619011077,122.33885707593815,-36.06962123928404,113.02304090869086
vanilla,klb10,thigh_left_damping,0.9,thigh_left_damping_0p9,5,-30.769003788291208,151.99613780584633,-8.215526525834184,31.761897683342962,-102.09274423530806,239.22792595019294
vanilla,klb10,thigh_left_damping,1.0,thigh_left_damping_1,5,0.0,0.0,0.0,0.0,0.0,0.0
vanilla,klb10,thigh_left_damping,1.1,thigh_left_damping_1p1,5,-70.4435079194696,76.92755833355332,6.797752904986851,66.38023882912844,-75.1757110725764,79.91585655483154
vanilla,klb10,thigh_left_damping,1.3,thigh_left_damping_1p3,5,71.09339144821466,148.0706379535695,-8.161197964136296,112.25548176562327,81.01639285167188,189.26727841207463
vanilla,klb10,thigh_left_damping,1.5,thigh_left_damping_1p5,5,-19.60966627472468,120.24076163659353,-10.285163198729823,101.91130097841278,30.05696610711987,194.57517797366842
vanilla,klb10,thigh_left_damping,1.7,thigh_left_damping_1p7,5,31.53115472538756,59.11795377860591,-31.76340286766297,91.72750127338168,28.3840018972219,73.11070667165414
vanilla,klb10,thigh_left_damping,2.0,thigh_left_damping_2,5,-20.102265697789107,100.20966331173297,-78.17077322097205,84.42792190953713,-34.73838998648978,155.2815240514703
vanilla,klb20,foot_left_actuator_gain,0.0,foot_left_actuator_gain_0,5,1897.2830378768606,1642.6824292457368,1672.0299506319152,1798.148184738597,1856.2460116384664,1729.4820302630592
vanilla,klb20,foot_left_actuator_gain,0.1,foot_left_actuator_gain_0p1,5,1846.4251881488053,1506.934407217965,1612.2425947897013,1636.0358429808655,1791.9231456397797,1567.8902455886866
vanilla,klb20,foot_left_actuator_gain,0.2,foot_left_actuator_gain_0p2,5,1989.8386663677763,1234.1942909253578,1832.2089831273577,1540.0854795184948,1954.4409064029205,1356.0003444097408
vanilla,klb20,foot_left_actuator_gain,0.3,foot_left_actuator_gain_0p3,5,1945.110001919063,1217.6995377204141,1789.883208460352,1543.8695172894863,1895.586659461023,1323.3481792124142
vanilla,klb20,foot_left_actuator_gain,0.4,foot_left_actuator_gain_0p4,5,1787.8285836326936,1065.583271765192,1547.0520915287134,1242.2670379988301,1725.7809263404076,1138.9819767845606
vanilla,klb20,foot_left_actuator_gain,0.5,foot_left_actuator_gain_0p5,5,1741.9597256943566,1026.0588083552857,1519.0838503758205,1219.6920490107264,1694.4720376076943,1104.1026626812982
vanilla,klb20,foot_left_actuator_gain,0.6,foot_left_actuator_gain_0p6,5,1629.440758786894,992.744053091487,1440.7896637339193,1216.0017685323533,1603.6061095376892,1087.378034043777
vanilla,klb20,foot_left_actuator_gain,0.7,foot_left_actuator_gain_0p7,5,1309.129794269354,744.0089777909473,1094.9995148230441,908.413654865156,1242.778158193965,777.4717204534362
vanilla,klb20,foot_left_actuator_gain,0.8,foot_left_actuator_gain_0p8,5,224.9947618580123,490.59439260325263,-72.41297277218871,488.06405976046034,117.03015627392574,459.1677825843673
vanilla,klb20,foot_left_actuator_gain,0.9,foot_left_actuator_gain_0p9,5,221.47757469578374,410.1207291997863,-218.61493789188694,357.0358743183608,41.16423069598775,327.04356215214875
vanilla,klb20,foot_left_actuator_gain,1.0,foot_left_actuator_gain_1,5,0.0,0.0,0.0,0.0,0.0,0.0
vanilla,klb20,foot_left_actuator_gain,1.1,foot_left_actuator_gain_1p1,5,59.48091867357955,132.0143770422525,-275.75589407684475,619.2253855223587,-75.27060785519998,347.28726833201165
vanilla,klb20,foot_left_actuator_gain,1.3,foot_left_actuator_gain_1p3,5,-43.04878876968219,218.05383501682988,-755.7537871929836,1273.0116149216237,-251.0058964173577,475.11502800882005
vanilla,klb20,foot_left_actuator_gain,1.5,foot_left_actuator_gain_1p5,5,127.8447911450484,736.8992619631338,-528.4129671526932,1346.3043392999057,-189.51626506060398,1246.4898993983122
vanilla,klb20,foot_left_actuator_gain,1.7,foot_left_actuator_gain_1p7,5,159.28913452691623,792.2374523667586,-288.8296966008669,1297.1553854541573,-53.770390109818436,1164.153121979112
vanilla,klb20,foot_left_actuator_gain,2.0,foot_left_actuator_gain_2,5,680.6427440714076,732.8889773649263,536.0416294449067,1132.7564662077455,656.0360520612937,932.6218052617595
vanilla,klb20,foot_left_damping,0.0,foot_left_damping_0,5,11.426926178964289,249.33205222799478,-144.60710617060099,400.88318865629157,46.3822306624359,370.8547077037926
vanilla,klb20,foot_left_damping,0.1,foot_left_damping_0p1,5,-43.55476316138256,326.96832295214284,-163.16255265636278,402.0181497507175,-6.948986557234025,465.1938849631494
vanilla,klb20,foot_left_damping,0.2,foot_left_damping_0p2,5,29.339090519968657,204.596247861616,-146.00503961397874,363.30742742663995,46.62213882349579,326.2763810924345
vanilla,klb20,foot_left_damping,0.3,foot_left_damping_0p3,5,-5.570304173366447,294.97278708146615,-169.9883804854169,385.99251159381276,-1.2944092437539894,442.5937978512974
vanilla,klb20,foot_left_damping,0.4,foot_left_damping_0p4,5,16.5359012428798,182.15953041780662,-182.96506416462321,358.11382680207413,28.983227770862264,368.10026996815685
vanilla,klb20,foot_left_damping,0.5,foot_left_damping_0p5,5,-35.21326646033585,294.38576077834955,-164.2053352790901,385.95387364968275,-0.6468212856860192,447.6104409526174
vanilla,klb20,foot_left_damping,0.6,foot_left_damping_0p6,5,-60.30449422482354,197.0442651733706,-163.86229912378332,394.7232230796693,-112.51935020868777,296.777933191263
vanilla,klb20,foot_left_damping,0.7,foot_left_damping_0p7,5,-71.22180096399157,233.48947376391988,-172.13403093346554,391.860504957111,-131.87195506057006,312.2137836530625
vanilla,klb20,foot_left_damping,0.8,foot_left_damping_0p8,5,-46.89908843518046,151.7785337356135,-141.71801296770917,355.6424212651649,-84.6843903739098,224.2865656423459
vanilla,klb20,foot_left_damping,0.9,foot_left_damping_0p9,5,26.513363425918783,149.5294006130046,-193.4040155808703,339.86130152684467,-14.900418756447754,235.2011985215075
vanilla,klb20,foot_left_damping,1.0,foot_left_damping_1,5,0.0,0.0,0.0,0.0,0.0,0.0
vanilla,klb20,foot_left_damping,1.1,foot_left_damping_1p1,5,-29.394423620685853,107.37490095420941,-126.03989784616003,312.55720356541013,-93.38033233959081,159.76813082011117
vanilla,klb20,foot_left_damping,1.3,foot_left_damping_1p3,5,-127.85913388402055,128.65974168992736,-223.45267776146676,343.82905151207797,-225.7147310590738,254.02711262901843
vanilla,klb20,foot_left_damping,1.5,foot_left_damping_1p5,5,-132.0584101271548,271.11485009570265,-167.73972411400942,406.74112568826973,-195.7514803560382,301.4240814910126
vanilla,klb20,foot_left_damping,1.7,foot_left_damping_1p7,5,-24.888359067531837,139.9214374890156,-139.97195423679912,353.366647451169,-91.34455375999477,235.3290847688864
vanilla,klb20,foot_left_damping,2.0,foot_left_damping_2,5,28.57449573054896,120.97743856608473,-124.29409684713553,253.97758923182525,5.600468190567279,191.73500281917075
vanilla,klb20,foot_left_friction,0.0,foot_left_friction_0,5,505.08397231848784,698.5370460408985,507.8468182137276,869.6919614750198,601.1975047774957,776.782025356343
vanilla,klb20,foot_left_friction,0.1,foot_left_friction_0p1,5,664.0125129828083,761.8476353568966,645.9641051684139,1027.6778765177662,711.3629720814868,862.901513048022
vanilla,klb20,foot_left_friction,0.2,foot_left_friction_0p2,5,664.0125129828083,761.8476353568966,645.9641051684139,1027.6778765177662,711.3629720814868,862.901513048022
vanilla,klb20,foot_left_friction,0.3,foot_left_friction_0p3,5,664.0125129828083,761.8476353568966,645.9641051684139,1027.6778765177662,711.3629720814868,862.901513048022
vanilla,klb20,foot_left_friction,0.4,foot_left_friction_0p4,5,499.2019369008325,687.5774299824641,523.6719407169797,888.7120358301951,606.5753366556231,774.0398600492259
vanilla,klb20,foot_left_friction,0.5,foot_left_friction_0p5,5,403.147364658362,655.5585818122693,298.45302828951077,966.6997560017348,437.0574990048779,798.3560238761573
vanilla,klb20,foot_left_friction,0.6,foot_left_friction_0p6,5,99.46900024580547,1156.5726802703662,-186.50741708771199,1691.1903359356418,-5.0452124878225275,1468.9004857925358
vanilla,klb20,foot_left_friction,0.7,foot_left_friction_0p7,5,-122.38726152466582,911.0432163148125,-312.7527618385451,1569.7672505784437,-186.90388765009786,1320.0318614239632
vanilla,klb20,foot_left_friction,0.8,foot_left_friction_0p8,5,-243.9256705124763,811.0488681015541,-456.2980590531917,1406.156274691863,-342.7459689099952,1149.4694811104205
vanilla,klb20,foot_left_friction,0.9,foot_left_friction_0p9,5,-105.66199858031175,420.99340193803584,-640.1104743120777,1290.408992862128,-257.1848227349734,744.7910288986188
vanilla,klb20,foot_left_friction,1.0,foot_left_friction_1,5,0.0,0.0,0.0,0.0,0.0,0.0
vanilla,klb20,foot_left_friction,1.1,foot_left_friction_1p1,5,47.13312041733036,247.74126684851663,25.75925283460333,174.67953851603085,127.20232975412264,270.0763237168156
vanilla,klb20,foot_left_friction,1.3,foot_left_friction_1p3,5,556.4369131648479,1057.3215133648482,476.37982067280683,1038.4255043843943,587.9457947955464,1021.9589208642583
vanilla,klb20,foot_left_friction,1.5,foot_left_friction_1p5,5,855.5371402190992,1026.4517695438196,784.8563908138599,1089.8599230135685,912.7809275688821,1023.3287008151432
vanilla,klb20,foot_left_friction,1.7,foot_left_friction_1p7,5,841.8342828986482,1140.1447990443378,813.1464767857017,1217.7254560224885,941.3202746947973,1134.9167009070495
vanilla,klb20,foot_left_friction,2.0,foot_left_friction_2,5,943.3502407377127,1140.459000605147,852.7934139845477,1217.488852860598,968.0379213210526,1145.3558031338482
vanilla,klb20,leg_left_actuator_gain,0.0,leg_left_actuator_gain_0,5,1570.066803994419,1552.574509878407,1461.1183861580298,1722.330409640799,1583.145172431388,1605.4262851717208
vanilla,klb20,leg_left_actuator_gain,0.1,leg_left_actuator_gain_0p1,5,1622.7408690139155,1537.3124027146032,1478.7708487228763,1735.4320076676659,1607.310922068344,1623.2525851979215
vanilla,klb20,leg_left_actuator_gain,0.2,leg_left_actuator_gain_0p2,5,1515.1033897934822,1531.6477834513294,1398.9286087895296,1783.978338816972,1518.042510157768,1639.6822165566196
vanilla,klb20,leg_left_actuator_gain,0.3,leg_left_actuator_gain_0p3,5,1336.5871752934247,1370.0472300679521,1243.7144369604353,1702.4140558974796,1376.4366986713835,1555.890088131983
vanilla,klb20,leg_left_actuator_gain,0.4,leg_left_actuator_gain_0p4,5,529.982999343478,1281.0012872741431,230.41411197656936,1825.4431160548447,483.64756292167715,1566.6323439459186
vanilla,klb20,leg_left_actuator_gain,0.5,leg_left_actuator_gain_0p5,5,-89.94983392893619,1129.1224600148107,-325.3899043666091,1578.4076782477389,-204.40360431685022,1333.7289315189337
vanilla,klb20,leg_left_actuator_gain,0.6,leg_left_actuator_gain_0p6,5,-214.3368414300544,449.5934333313301,-619.8863643607078,1279.870063867218,-369.3000435501318,794.5908291561533
vanilla,klb20,leg_left_actuator_gain,0.7,leg_left_actuator_gain_0p7,5,-393.035516516126,849.0795630518624,-613.4877235345757,1227.4689939384239,-443.6900324149751,1021.2499874691596
vanilla,klb20,leg_left_actuator_gain,0.8,leg_left_actuator_gain_0p8,5,-381.96425151894573,723.1288977894051,-636.3531926794174,1256.802022794044,-493.80498229300485,1001.6035542609709
vanilla,klb20,leg_left_actuator_gain,0.9,leg_left_actuator_gain_0p9,5,-299.3160880635651,666.4348356618613,-564.6749039959481,1331.4617454637532,-423.2582485264896,1087.6071662005627
vanilla,klb20,leg_left_actuator_gain,1.0,leg_left_actuator_gain_1,5,0.0,0.0,0.0,0.0,0.0,0.0
vanilla,klb20,leg_left_actuator_gain,1.1,leg_left_actuator_gain_1p1,5,-65.36681952689514,231.26058165055346,-1.111588617826078,187.71862701244163,37.2442907798539,263.2808163889888
vanilla,klb20,leg_left_actuator_gain,1.3,leg_left_actuator_gain_1p3,5,74.89063984764262,305.71965874791897,-2.0208439352639855,215.54081553489158,144.00904788142688,449.8039086074153
vanilla,klb20,leg_left_actuator_gain,1.5,leg_left_actuator_gain_1p5,5,115.23553024848111,272.14896213039333,44.161812370325244,180.89360071491012,203.00803410681507,403.87719582441764
vanilla,klb20,leg_left_actuator_gain,1.7,leg_left_actuator_gain_1p7,5,132.5243999786607,279.14196125128626,72.485159366847,173.94007240751486,262.002084008089,412.5023499670214
vanilla,klb20,leg_left_actuator_gain,2.0,leg_left_actuator_gain_2,5,260.4558384310876,305.3844899724415,171.60456614901338,234.58964176875423,356.6421394416654,433.0365415530395
vanilla,klb20,leg_left_damping,0.0,leg_left_damping_0,5,-85.93605324501351,73.2659999667809,1.5984494428702534,20.43017431391312,-57.720137374369735,92.73157627338259
vanilla,klb20,leg_left_damping,0.1,leg_left_damping_0p1,5,-75.74843417308496,97.80075850231572,1.9613060108211244,29.374316216051135,-43.807659455286384,126.9742694872321
vanilla,klb20,leg_left_damping,0.2,leg_left_damping_0p2,5,-23.72350772963255,89.75631087091104,-28.585498599317372,83.43369400515076,-53.596908369967664,123.3293550843471
vanilla,klb20,leg_left_damping,0.3,leg_left_damping_0p3,5,-88.0044466433682,73.38091464147577,-5.269496887155356,29.95256802316135,-65.64049807689977,112.76091389401272
vanilla,klb20,leg_left_damping,0.4,leg_left_damping_0p4,5,-43.345967601645874,95.08848802128831,-16.409441997738327,63.406244572859094,-47.725901264500564,116.05541887195928
vanilla,klb20,leg_left_damping,0.5,leg_left_damping_0p5,5,-69.78219783823069,117.55190433062737,-60.393454919684324,78.13694715470027,-72.05997066333289,152.41295176960594
vanilla,klb20,leg_left_damping,0.6,leg_left_damping_0p6,5,-87.9650140969247,72.28961217821278,-14.111856327409374,23.278354614149727,-76.00138479367706,118.34015050022664
vanilla,klb20,leg_left_damping,0.7,leg_left_damping_0p7,5,-50.133566005616345,68.76672600041056,-14.776706300156718,43.4561947821745,-63.28181744488413,123.06732165862311
vanilla,klb20,leg_left_damping,0.8,leg_left_damping_0p8,5,-32.7281894999765,92.28664895555883,14.609675082212197,28.952203365005136,-10.84440575365726,127.67838388141598
vanilla,klb20,leg_left_damping,0.9,leg_left_damping_0p9,5,18.928593735175514,168.88407874882716,47.04867209737277,112.35042852435386,29.570524357919567,234.95100774286607
vanilla,klb20,leg_left_damping,1.0,leg_left_damping_1,5,0.0,0.0,0.0,0.0,0.0,0.0
vanilla,klb20,leg_left_damping,1.1,leg_left_damping_1p1,5,-30.40672415602119,26.450576619154415,5.7444680569794855,33.387490671248024,-3.406400587988384,31.881597906442007
vanilla,klb20,leg_left_damping,1.3,leg_left_damping_1p3,5,-74.3710655033793,65.99110901491183,-1.359791073932223,23.485469722542973,-39.4499546501828,54.78764784209001
vanilla,klb20,leg_left_damping,1.5,leg_left_damping_1p5,5,-26.063288167123982,70.39915302287967,-5.957240659958893,62.420759712690234,4.8308507713635835,57.87826291044112
vanilla,klb20,leg_left_damping,1.7,leg_left_damping_1p7,5,-45.69624649799523,72.1143557056795,-21.971302850150618,52.074537311753595,-28.264272949385592,40.127943397815166
vanilla,klb20,leg_left_damping,2.0,leg_left_damping_2,5,-25.129087206918445,63.111411395379264,2.0783259678204784,34.08570038823648,-10.566466578924599,52.76141652823124
vanilla,klb20,thigh_left_actuator_gain,0.0,thigh_left_actuator_gain_0,5,1628.0679290498213,1371.6952605453457,1557.2980707076554,1581.4968535978091,1641.9156004811186,1463.86670579944
vanilla,klb20,thigh_left_actuator_gain,0.1,thigh_left_actuator_gain_0p1,5,1523.133888880971,1345.78929904566,1463.115080440878,1590.8565400560944,1527.0506736069915,1445.8057919940245
vanilla,klb20,thigh_left_actuator_gain,0.2,thigh_left_actuator_gain_0p2,5,1383.6600841378593,1223.0276177150388,1347.809411731539,1431.4927197306886,1485.320440393472,1380.2350025033113
vanilla,klb20,thigh_left_actuator_gain,0.3,thigh_left_actuator_gain_0p3,5,979.410662363765,1018.13106961349,666.0522803968521,975.6980332990398,845.5461547260263,963.4883798618276
vanilla,klb20,thigh_left_actuator_gain,0.4,thigh_left_actuator_gain_0p4,5,612.8064892981384,970.2647044499354,363.7183413511251,887.2242794022621,494.0219539166536,828.5310574900454
vanilla,klb20,thigh_left_actuator_gain,0.5,thigh_left_actuator_gain_0p5,5,169.158011294452,356.1718469053796,-23.74036046586118,225.42814868636066,99.92565395502086,136.74809719525388
vanilla,klb20,thigh_left_actuator_gain,0.6,thigh_left_actuator_gain_0p6,5,313.35121434881637,382.1163080997225,183.0894665851185,584.7056001829391,319.8227222406781,507.6224242554343
vanilla,klb20,thigh_left_actuator_gain,0.7,thigh_left_actuator_gain_0p7,5,449.0983933221951,594.8138626516471,421.99233285476623,1018.605054340756,495.72866969385507,798.4743348854931
vanilla,klb20,thigh_left_actuator_gain,0.8,thigh_left_actuator_gain_0p8,5,281.5817945857516,403.6084241380888,233.25038258214244,638.2664245390562,333.9930549183099,543.1432651331473
vanilla,klb20,thigh_left_actuator_gain,0.9,thigh_left_actuator_gain_0p9,5,14.582855591452745,338.3548922962587,-78.53267939109564,454.4131893350102,-47.30392159212433,468.2380042120365
vanilla,klb20,thigh_left_actuator_gain,1.0,thigh_left_actuator_gain_1,5,0.0,0.0,0.0,0.0,0.0,0.0
vanilla,klb20,thigh_left_actuator_gain,1.1,thigh_left_actuator_gain_1p1,5,-330.8932896004242,626.1088105458181,-670.5711136660786,1276.204408366994,-544.9481446918905,1027.128152358255
vanilla,klb20,thigh_left_actuator_gain,1.3,thigh_left_actuator_gain_1p3,5,-345.2179184690269,755.9407465824717,-589.5965864091346,1332.4778427877982,-459.35710442081034,1085.1838969049816
vanilla,klb20,thigh_left_actuator_gain,1.5,thigh_left_actuator_gain_1p5,5,8.28910818596869,1000.0533253655044,-316.56405865140897,1483.603998695997,-118.93373410939084,1266.9751629996817
vanilla,klb20,thigh_left_actuator_gain,1.7,thigh_left_actuator_gain_1p7,5,-1.8521200904242279,1034.7591200769305,-257.57873537551643,1453.468413691613,-56.74963267751182,1265.9889289013886
vanilla,klb20,thigh_left_actuator_gain,2.0,thigh_left_actuator_gain_2,5,344.67212934715343,948.0666025411787,-8.738596685216725,1609.8276578644238,211.32258188303044,1337.8635296614625
vanilla,klb20,thigh_left_damping,0.0,thigh_left_damping_0,5,-80.87990026724268,118.5505810712621,14.122573973735598,103.47924698683264,-103.00794154381535,186.6888639904266
vanilla,klb20,thigh_left_damping,0.1,thigh_left_damping_0p1,5,-108.91831195460963,139.19889924737348,-24.557820430185654,75.51118387442838,-87.69486021205414,124.09094541626745
vanilla,klb20,thigh_left_damping,0.2,thigh_left_damping_0p2,5,9.272061977187837,90.09231357379024,21.265114088167557,52.23414948580304,31.762370037446015,44.281753445231715
vanilla,klb20,thigh_left_damping,0.3,thigh_left_damping_0p3,5,75.36699740437777,59.97129733299583,17.644257686209308,29.140470066479246,95.04709159191061,103.14393025336838
vanilla,klb20,thigh_left_damping,0.4,thigh_left_damping_0p4,5,-38.19793480483837,67.00274130279621,15.764344456802188,55.68190302491048,-47.69680916422155,83.72309978718678
vanilla,klb20,thigh_left_damping,0.5,thigh_left_damping_0p5,5,-63.138218003907795,80.00061999561107,14.038165126524394,57.757797338623895,-54.67162761064327,95.0542013685571
vanilla,klb20,thigh_left_damping,0.6,thigh_left_damping_0p6,5,-56.72835307621524,80.23219586623526,-16.317755371322516,33.32659158081404,-45.53126679030621,138.13395813030445
vanilla,klb20,thigh_left_damping,0.7,thigh_left_damping_0p7,5,-157.14848587482834,159.8858145977679,-1.363335892085479,77.60774270658588,-153.55788825951916,202.00669269687816
vanilla,klb20,thigh_left_damping,0.8,thigh_left_damping_0p8,5,-27.848298630692977,99.43245906252655,-3.34310083583905,69.6852200945857,-19.27425051135712,101.83389038591166
vanilla,klb20,thigh_left_damping,0.9,thigh_left_damping_0p9,5,-54.5245853388465,173.17341042183395,-16.755545503506436,22.435318991190357,-101.52396637058524,250.27230863674183
vanilla,klb20,thigh_left_damping,1.0,thigh_left_damping_1,5,0.0,0.0,0.0,0.0,0.0,0.0
vanilla,klb20,thigh_left_damping,1.1,thigh_left_damping_1p1,5,-66.52656116099334,114.92593848471414,18.882285047073417,58.54143549461302,-52.2151086436442,93.7445074836391
vanilla,klb20,thigh_left_damping,1.3,thigh_left_damping_1p3,5,40.54176551395263,120.1986946579188,9.696197389952294,80.65308837360804,100.00350054914209,160.8249517466337
vanilla,klb20,thigh_left_damping,1.5,thigh_left_damping_1p5,5,0.6594184669579306,81.14453598957209,35.81442179295508,64.61951232639892,84.81749973161104,161.76506426978315
vanilla,klb20,thigh_left_damping,1.7,thigh_left_damping_1p7,5,23.962259382794894,32.082441095532936,-21.050860359446347,93.20963207971654,44.66342299648564,41.19675061322569
vanilla,klb20,thigh_left_damping,2.0,thigh_left_damping_2,5,-2.7978616593194827,91.69063635448352,-31.40947973164408,86.68362651954133,19.938875903548542,125.77215707183393
vanilla,klb50,foot_left_actuator_gain,0.0,foot_left_actuator_gain_0,5,1611.43304286793,1191.681484008501,1371.7394739842443,1274.6290536448532,1539.4020675848155,1230.8348866420179
vanilla,klb50,foot_left_actuator_gain,0.1,foot_left_actuator_gain_0p1,5,1792.7977860983374,1150.2852036277868,1510.9990352651055,1267.1327090121297,1703.3907344282695,1201.9130408249102
vanilla,klb50,foot_left_actuator_gain,0.2,foot_left_actuator_gain_0p2,5,1752.375532837605,1175.8350853767538,1477.3602537540896,1283.40439637595,1647.9365941266883,1239.3270092369353
vanilla,klb50,foot_left_actuator_gain,0.3,foot_left_actuator_gain_0p3,5,1750.4936613636673,1156.0964261001905,1466.871572458074,1281.2917526543788,1654.9223741029596,1214.9025371990688
vanilla,klb50,foot_left_actuator_gain,0.4,foot_left_actuator_gain_0p4,5,1660.6780374904604,1188.6932612315884,1371.9422114660854,1308.7971795195874,1568.940673417753,1244.5319422959471
vanilla,klb50,foot_left_actuator_gain,0.5,foot_left_actuator_gain_0p5,5,1598.2893103471301,1170.8854947800096,1317.5941093087256,1299.7854571000469,1494.9671198214694,1239.691330088612
vanilla,klb50,foot_left_actuator_gain,0.6,foot_left_actuator_gain_0p6,5,1453.997435967141,1132.0322176063894,1229.0326348701983,1254.3084621583414,1389.6753054827764,1188.4088294435935
vanilla,klb50,foot_left_actuator_gain,0.7,foot_left_actuator_gain_0p7,5,1200.3727786389168,802.0635035033002,919.4178233581267,893.4528728132609,1100.663920070457,830.5236674206994
vanilla,klb50,foot_left_actuator_gain,0.8,foot_left_actuator_gain_0p8,5,141.5082136433224,542.1002558961701,-193.71115512167958,355.58318803419246,-8.727077778705143,437.6634941642121
vanilla,klb50,foot_left_actuator_gain,0.9,foot_left_actuator_gain_0p9,5,186.21747171033223,440.56937156570575,-171.94435352879844,387.7330632267094,36.80002040775687,359.5086874404987
vanilla,klb50,foot_left_actuator_gain,1.0,foot_left_actuator_gain_1,5,0.0,0.0,0.0,0.0,0.0,0.0
vanilla,klb50,foot_left_actuator_gain,1.1,foot_left_actuator_gain_1p1,5,-9.084227941866015,266.4178620994881,-315.55646332072536,676.2732105644956,-115.84274852422163,434.451786155191
vanilla,klb50,foot_left_actuator_gain,1.3,foot_left_actuator_gain_1p3,5,-76.9602703814959,301.49787098565173,-756.2952288139626,1260.2228484245645,-270.8984068498701,515.8550410131871
vanilla,klb50,foot_left_actuator_gain,1.5,foot_left_actuator_gain_1p5,5,110.048124434394,860.6911996813761,-477.7564362051097,1386.9266304023145,-171.2739856677355,1292.25756415864
vanilla,klb50,foot_left_actuator_gain,1.7,foot_left_actuator_gain_1p7,5,149.0637143575375,938.3297650280535,-315.52624662273126,1441.023442020307,-76.53092146960843,1285.3853035461343
vanilla,klb50,foot_left_actuator_gain,2.0,foot_left_actuator_gain_2,5,634.5981034761402,833.5686482439846,483.7924196187485,1213.6195126701978,614.2939714952105,1017.8079995307594
vanilla,klb50,foot_left_damping,0.0,foot_left_damping_0,5,58.860628909416654,206.85165529334213,-96.86866484786182,403.4987109351672,90.72129027796092,350.4772609958431
vanilla,klb50,foot_left_damping,0.1,foot_left_damping_0p1,5,-27.675958299344256,298.12979972100817,-188.18336413938286,385.7694226280029,-11.727721273693168,444.14684171120524
vanilla,klb50,foot_left_damping,0.2,foot_left_damping_0p2,5,43.408733018567204,206.43355277790505,-117.61303401161597,385.40941980196317,61.289657325205305,327.7553818759116
vanilla,klb50,foot_left_damping,0.3,foot_left_damping_0p3,5,-5.439350116457308,261.5754956419714,-162.4725057318022,372.3552459237604,1.6275487679112757,421.4547344407337
vanilla,klb50,foot_left_damping,0.4,foot_left_damping_0p4,5,44.080641113588534,171.5624743303211,-133.92484458956113,372.50203774973335,53.67679347932335,361.9026232598725
vanilla,klb50,foot_left_damping,0.5,foot_left_damping_0p5,5,-9.606663355278261,291.1401021465336,-132.95906537521802,392.02019375961726,28.742616583691436,455.1517426949784
vanilla,klb50,foot_left_damping,0.6,foot_left_damping_0p6,5,-33.20647735963936,191.07432709177166,-168.88212153047246,371.1736287309531,-90.86603593205872,284.1725452948878
vanilla,klb50,foot_left_damping,0.7,foot_left_damping_0p7,5,-49.28679208245694,242.05502172848082,-113.53003049032921,418.5540897866521,-88.94230038150495,339.13114953951873
vanilla,klb50,foot_left_damping,0.8,foot_left_damping_0p8,5,-41.99090958233544,141.86958336543745,-111.39739020630218,363.72129394899105,-67.04889452657328,227.33890472434712
vanilla,klb50,foot_left_damping,0.9,foot_left_damping_0p9,5,41.69636209008022,138.44960672370985,-145.85490358679164,356.79060526083276,10.890472434824119,237.44154905485138
vanilla,klb50,foot_left_damping,1.0,foot_left_damping_1,5,0.0,0.0,0.0,0.0,0.0,0.0
vanilla,klb50,foot_left_damping,1.1,foot_left_damping_1p1,5,-20.06351545037735,150.38426617866273,-95.30977807878811,331.5991816592117,-66.94549562821176,218.56467748340526
vanilla,klb50,foot_left_damping,1.3,foot_left_damping_1p3,5,-66.40830282115307,197.92882490449168,-148.2400012361465,399.38334390762714,-160.1034565592769,327.22615136034756
vanilla,klb50,foot_left_damping,1.5,foot_left_damping_1p5,5,-98.18821064297131,308.20778966432334,-124.07848901468012,418.2411579121176,-142.5399808702597,357.1945699177582
vanilla,klb50,foot_left_damping,1.7,foot_left_damping_1p7,5,-16.988095838166736,171.25044503510267,-117.06060420432716,386.0096164988812,-78.72517860972224,272.8957075155878
vanilla,klb50,foot_left_damping,2.0,foot_left_damping_2,5,9.942034071616808,116.20755121056841,-131.38028411641147,254.9850120280333,-5.66133644329085,183.7130072120172
vanilla,klb50,foot_left_friction,0.0,foot_left_friction_0,5,391.74672361389366,651.640555032377,374.7793622132856,815.2567609122748,475.04191131921726,743.9502631143703
vanilla,klb50,foot_left_friction,0.1,foot_left_friction_0p1,5,550.6752642782142,756.0112009062791,512.8966491679718,1005.7765213539329,585.2073786232082,859.7404866394768
vanilla,klb50,foot_left_friction,0.2,foot_left_friction_0p2,5,550.6752642782142,756.0112009062791,512.8966491679718,1005.7765213539329,585.2073786232082,859.7404866394768
vanilla,klb50,foot_left_friction,0.3,foot_left_friction_0p3,5,550.6752642782142,756.0112009062791,512.8966491679718,1005.7765213539329,585.2073786232082,859.7404866394768
vanilla,klb50,foot_left_friction,0.4,foot_left_friction_0p4,5,359.19058603455926,630.6525046430589,295.5598952332398,828.8432905535607,441.6944676278689,747.117985687624
vanilla,klb50,foot_left_friction,0.5,foot_left_friction_0p5,5,316.30328013425503,628.7963926078563,209.6567884683618,929.0981374783242,337.96838825454523,779.0438133186065
vanilla,klb50,foot_left_friction,0.6,foot_left_friction_0p6,5,24.117594609432057,1112.9571860587864,-238.74021349026643,1643.9453976102034,-96.20981632575226,1419.2614664543482
vanilla,klb50,foot_left_friction,0.7,foot_left_friction_0p7,5,-211.66986568265347,921.2020675435585,-341.601797356985,1548.5855248524795,-248.57224214710277,1297.7089328871775
vanilla,klb50,foot_left_friction,0.8,foot_left_friction_0p8,5,-307.95080108395416,815.7930572106992,-521.4331199531766,1396.802005128557,-403.759048039576,1143.5891095498553
vanilla,klb50,foot_left_friction,0.9,foot_left_friction_0p9,5,-112.35436869512282,385.47242784130736,-645.0274872535231,1275.7909172574439,-256.5039956128654,716.7931798243852
vanilla,klb50,foot_left_friction,1.0,foot_left_friction_1,5,0.0,0.0,0.0,0.0,0.0,0.0
vanilla,klb50,foot_left_friction,1.1,foot_left_friction_1p1,5,40.97879305228645,176.0392501134941,32.93257348411902,161.7616598608957,129.4843011974955,250.18115539150958
vanilla,klb50,foot_left_friction,1.3,foot_left_friction_1p3,5,618.714487520218,1079.3329059506625,472.77197535724645,1079.290992298627,595.7727088203249,1053.628636156349
vanilla,klb50,foot_left_friction,1.5,foot_left_friction_1p5,5,956.9978899422247,1054.6152550627248,865.2486958455535,1076.344125546825,991.6409006817142,1037.289053304314
vanilla,klb50,foot_left_friction,1.7,foot_left_friction_1p7,5,987.7202544784207,1130.3228673503954,964.4689351193267,1154.958923128527,1076.7668310549166,1107.6224060868979
vanilla,klb50,foot_left_friction,2.0,foot_left_friction_2,5,1125.4883881711871,1139.9886143210042,994.3864463339938,1172.254494593602,1113.9413427243644,1123.902985856102
vanilla,klb50,leg_left_actuator_gain,0.0,leg_left_actuator_gain_0,5,1605.7122375986623,1527.5269092530332,1481.8050560145768,1751.877761668725,1595.9999473341838,1624.3557399200822
vanilla,klb50,leg_left_actuator_gain,0.1,leg_left_actuator_gain_0p1,5,1721.3751476654002,1415.9355035342842,1586.9325229947233,1690.2577013945288,1706.7634807199217,1567.569684851093
vanilla,klb50,leg_left_actuator_gain,0.2,leg_left_actuator_gain_0p2,5,1640.3387772685062,1447.0919614010977,1512.0949506545755,1727.7766093573316,1635.6685589093709,1585.1282200302762
vanilla,klb50,leg_left_actuator_gain,0.3,leg_left_actuator_gain_0p3,5,1494.4142002888236,1327.503344914979,1385.4152008609942,1648.6094783521544,1517.1914723185441,1513.5438470318393
vanilla,klb50,leg_left_actuator_gain,0.4,leg_left_actuator_gain_0p4,5,641.722209540724,1252.0096339512547,356.09718656324014,1811.804711514549,594.6783909900953,1536.2247188725019
vanilla,klb50,leg_left_actuator_gain,0.5,leg_left_actuator_gain_0p5,5,-51.19262820931404,1129.1110112933252,-307.07604735898224,1531.2359261737245,-186.99155902673883,1294.981284039813
vanilla,klb50,leg_left_actuator_gain,0.6,leg_left_actuator_gain_0p6,5,-212.0735498327508,533.741636765782,-594.1345660181196,1276.820101982594,-353.6375955164582,812.1166783553996
vanilla,klb50,leg_left_actuator_gain,0.7,leg_left_actuator_gain_0p7,5,-387.64307732756157,903.8898552999349,-664.1320085715449,1262.7014701983144,-469.059600315977,1059.552619672982
vanilla,klb50,leg_left_actuator_gain,0.8,leg_left_actuator_gain_0p8,5,-400.6159470015317,842.7256347098817,-629.7083430763997,1297.9526510243745,-492.7017609406099,1062.6738373620633
vanilla,klb50,leg_left_actuator_gain,0.9,leg_left_actuator_gain_0p9,5,-249.88719029309203,682.3590457774137,-533.5564526437303,1336.2659911875105,-397.7402965330282,1102.155844740776
vanilla,klb50,leg_left_actuator_gain,1.0,leg_left_actuator_gain_1,5,0.0,0.0,0.0,0.0,0.0,0.0
vanilla,klb50,leg_left_actuator_gain,1.1,leg_left_actuator_gain_1p1,5,-14.613680405329251,173.10533278671258,44.3372493803396,142.07187680632782,84.32553745872974,219.79685453272108
vanilla,klb50,leg_left_actuator_gain,1.3,leg_left_actuator_gain_1p3,5,79.32170916406112,232.5928830593925,31.91216016080208,165.8899365852979,171.70498167323984,400.3460060916938
vanilla,klb50,leg_left_actuator_gain,1.5,leg_left_actuator_gain_1p5,5,137.71168105798048,254.09721446200865,67.11425312836835,151.70838717834553,224.2289760298625,376.6730975707086
vanilla,klb50,leg_left_actuator_gain,1.7,leg_left_actuator_gain_1p7,5,139.9051437183853,207.39614395457542,64.4526417410327,172.02485376097295,255.53512608580849,383.3944919966528
vanilla,klb50,leg_left_actuator_gain,2.0,leg_left_actuator_gain_2,5,221.11131191152322,217.58434150128937,153.62771827305798,181.97274122835896,339.6068531683394,365.8975865131747
vanilla,klb50,leg_left_damping,0.0,leg_left_damping_0,5,-52.179217695550825,60.85087676754872,12.183358601378586,30.692122080644275,-42.93926453165564,102.0274173786258
vanilla,klb50,leg_left_damping,0.1,leg_left_damping_0p1,5,-32.74497258743038,60.935800569547524,19.16398174479601,46.3174189538476,-36.03880464005543,118.6136051405412
vanilla,klb50,leg_left_damping,0.2,leg_left_damping_0p2,5,-15.168944258815657,74.61093353401024,-33.65362164999025,72.62607831608025,-52.37659067852072,115.46553054308504
vanilla,klb50,leg_left_damping,0.3,leg_left_damping_0p3,5,-64.97197985288022,75.01126644732271,3.858182957067504,22.282025895130623,-54.764608241933594,98.18708578346146
vanilla,klb50,leg_left_damping,0.4,leg_left_damping_0p4,5,-15.926983562329166,88.84725235933435,-28.00177251438249,62.856092705026704,-43.2548130756378,120.54075982121346
vanilla,klb50,leg_left_damping,0.5,leg_left_damping_0p5,5,-41.01426882021347,107.4783410177614,-79.36521949552603,153.14917321489435,-80.88307404672699,154.5852282693264
vanilla,klb50,leg_left_damping,0.6,leg_left_damping_0p6,5,-26.160249569973768,60.117196791667965,39.4791615532137,72.8233838800401,-41.15982243634263,113.95051562710317
vanilla,klb50,leg_left_damping,0.7,leg_left_damping_0p7,5,-18.83773969445042,50.909395782885944,-0.8465693869355505,38.859369174038456,-28.28952485413505,109.04511460355732
vanilla,klb50,leg_left_damping,0.8,leg_left_damping_0p8,5,13.826047179443583,82.2034466970669,-2.69422052587081,23.746295712134504,-2.4434900983298915,141.68369251793473
vanilla,klb50,leg_left_damping,0.9,leg_left_damping_0p9,5,50.62326439695719,166.934744515204,45.252765399179474,134.7793146753512,38.137350195459916,239.18879502162102
vanilla,klb50,leg_left_damping,1.0,leg_left_damping_1,5,0.0,0.0,0.0,0.0,0.0,0.0
vanilla,klb50,leg_left_damping,1.1,leg_left_damping_1p1,5,7.769422077779995,46.11897897874776,-12.282231568001794,25.149508784590225,-2.3361311780275287,23.050898544094057
vanilla,klb50,leg_left_damping,1.3,leg_left_damping_1p3,5,-0.3384754767068102,108.3856519190839,47.90032846583701,85.69669011961489,8.53988523844223,116.31640632817312
vanilla,klb50,leg_left_damping,1.5,leg_left_damping_1p5,5,28.205147681457152,52.146566146449906,34.188106603409985,45.68998588052675,42.53099151300937,60.231961922874405
vanilla,klb50,leg_left_damping,1.7,leg_left_damping_1p7,5,-19.733036964232063,34.06127391065265,16.546482458447475,46.53267678985757,5.4150282901482,52.6660507054884
vanilla,klb50,leg_left_damping,2.0,leg_left_damping_2,5,-28.910644417335867,34.280084624089106,-36.45784527950017,63.39960399849571,-38.91219743513879,44.43044162729585
vanilla,klb50,thigh_left_actuator_gain,0.0,thigh_left_actuator_gain_0,5,2050.6855583323377,1708.6533020325512,2105.309808746164,2025.4028790165712,2091.1640935333107,1812.279922057339
vanilla,klb50,thigh_left_actuator_gain,0.1,thigh_left_actuator_gain_0p1,5,1732.0257144292027,1316.9186551790178,1667.5204014412207,1529.535821457536,1727.4559758418977,1395.4170051821222
vanilla,klb50,thigh_left_actuator_gain,0.2,thigh_left_actuator_gain_0p2,5,1547.4540931735105,1182.2420952885197,1493.8473033902262,1366.399027296162,1613.843411755969,1333.0198630826255
vanilla,klb50,thigh_left_actuator_gain,0.3,thigh_left_actuator_gain_0p3,5,1168.6790393211272,1017.5010830484273,815.5019257518953,968.4490678219046,1000.7236143077689,971.2874293471174
vanilla,klb50,thigh_left_actuator_gain,0.4,thigh_left_actuator_gain_0p4,5,740.7226833850549,911.8677145878867,489.55846225637686,838.8639947298307,609.4962273898369,798.1877700516425
vanilla,klb50,thigh_left_actuator_gain,0.5,thigh_left_actuator_gain_0p5,5,291.287197285497,416.56816937095596,88.0345179357389,201.69556284326995,206.95223384906495,208.50829770271295
vanilla,klb50,thigh_left_actuator_gain,0.6,thigh_left_actuator_gain_0p6,5,415.6542842368599,380.4060309126763,230.8580140508277,550.9353142446151,385.9869105636661,485.00232479695444
vanilla,klb50,thigh_left_actuator_gain,0.7,thigh_left_actuator_gain_0p7,5,549.1686866594779,559.2174781967939,480.31337902481357,994.0889636608694,561.4323871029659,775.4413257193767
vanilla,klb50,thigh_left_actuator_gain,0.8,thigh_left_actuator_gain_0p8,5,352.14991939526743,371.182284411559,237.20908503633746,635.3582596318538,362.2256900706907,524.2991832396368
vanilla,klb50,thigh_left_actuator_gain,0.9,thigh_left_actuator_gain_0p9,5,51.00171831581615,307.7155164376511,-59.1207329625516,454.90612207911505,-34.04806116401189,473.30025388000547
vanilla,klb50,thigh_left_actuator_gain,1.0,thigh_left_actuator_gain_1,5,0.0,0.0,0.0,0.0,0.0,0.0
vanilla,klb50,thigh_left_actuator_gain,1.1,thigh_left_actuator_gain_1p1,5,-346.5993074500508,582.8984876437996,-693.5473027584338,1255.5589317579972,-557.6095407301962,1016.1138263936008
vanilla,klb50,thigh_left_actuator_gain,1.3,thigh_left_actuator_gain_1p3,5,-389.97944385389974,714.2612353863146,-616.8486795792244,1300.8138136098214,-499.01483359443694,1057.4123558996132
vanilla,klb50,thigh_left_actuator_gain,1.5,thigh_left_actuator_gain_1p5,5,-257.8467845247317,825.8548486138454,-622.7511421570855,1275.3238493683525,-428.3459115979216,1074.1825496081992
vanilla,klb50,thigh_left_actuator_gain,1.7,thigh_left_actuator_gain_1p7,5,-224.69228724838572,979.1091081337548,-449.75503267640505,1345.4129491749406,-272.8357202413889,1161.4270553202518
vanilla,klb50,thigh_left_actuator_gain,2.0,thigh_left_actuator_gain_2,5,167.65252116887112,916.6570302892873,-159.86224829443185,1556.8373310624963,30.71516083976585,1311.312506284229
vanilla,klb50,thigh_left_damping,0.0,thigh_left_damping_0,5,-65.96173157309553,98.45258917480233,0.6708262511701719,115.84507729912818,-114.4214038502922,196.1873648114285
vanilla,klb50,thigh_left_damping,0.1,thigh_left_damping_0p1,5,-88.93945992663025,117.8350353178634,-4.802486565592551,17.936660523100453,-69.66196139612046,111.7302853303418
vanilla,klb50,thigh_left_damping,0.2,thigh_left_damping_0p2,5,26.58435635078565,46.1169567309942,35.198195242616045,55.26782615286692,41.20826551701882,50.07736070735515
vanilla,klb50,thigh_left_damping,0.3,thigh_left_damping_0p3,5,86.21972829211809,73.16715840668677,40.92584706169555,49.75296789856703,124.9881221228259,114.87485621353606
vanilla,klb50,thigh_left_damping,0.4,thigh_left_damping_0p4,5,5.988171719830666,76.97052211507689,90.12930882585405,129.26406809808861,17.69693286923774,171.0454399326883
vanilla,klb50,thigh_left_damping,0.5,thigh_left_damping_0p5,5,-11.066219906363767,102.60170434788033,44.2058041753091,58.679514926829555,-9.870262209078486,135.42070698628277
vanilla,klb50,thigh_left_damping,0.6,thigh_left_damping_0p6,5,-30.847969428890032,79.09484862240218,-31.99390131361663,58.384786746110855,-49.5759597327487,156.33710150900836
vanilla,klb50,thigh_left_damping,0.7,thigh_left_damping_0p7,5,-109.84746542101138,114.53541486756643,-12.508979346598949,97.61692632746876,-146.24590165793194,192.16874249755412
vanilla,klb50,thigh_left_damping,0.8,thigh_left_damping_0p8,5,9.679822422438225,62.892657454328855,-5.197297826374063,107.59561129600591,-16.743852403008226,95.06382283424523
vanilla,klb50,thigh_left_damping,0.9,thigh_left_damping_0p9,5,-15.874926208036664,151.76167166938185,15.19526485406775,38.78288801186574,-78.8213843609283,247.00571850689508
vanilla,klb50,thigh_left_damping,1.0,thigh_left_damping_1,5,0.0,0.0,0.0,0.0,0.0,0.0
vanilla,klb50,thigh_left_damping,1.1,thigh_left_damping_1p1,5,-57.1608234829142,62.523803172889814,-27.594867229107205,100.02497205189644,-77.34253358818914,94.36805013020187
vanilla,klb50,thigh_left_damping,1.3,thigh_left_damping_1p3,5,75.45014691627387,114.98710426882367,12.57634820443053,82.09292440582102,104.69714795147692,151.91185558206135
vanilla,klb50,thigh_left_damping,1.5,thigh_left_damping_1p5,5,21.08180272562629,87.06653145785934,26.45466732838536,63.04209871899887,77.58250891059613,155.24803660053072
vanilla,klb50,thigh_left_damping,1.7,thigh_left_damping_1p7,5,46.34764262198786,29.956577390582925,-25.810154169773362,93.62515512697405,49.674865645318974,50.89531200219786
vanilla,klb50,thigh_left_damping,2.0,thigh_left_damping_2,5,8.600700493219472,75.60911097429708,-73.30734959402488,144.6343398559311,8.073536468912426,133.04836537990428
vanilla,klb100,foot_left_actuator_gain,0.0,foot_left_actuator_gain_0,5,1587.5156516405077,1059.457322990659,1354.2997769083474,1155.7778685169646,1524.2416597973192,1106.8235719946608
vanilla,klb100,foot_left_actuator_gain,0.1,foot_left_actuator_gain_0p1,5,1741.7362147892327,1113.2226941953177,1487.9703453001998,1233.3598638572378,1662.70459649121,1168.151019957374
vanilla,klb100,foot_left_actuator_gain,0.2,foot_left_actuator_gain_0p2,5,1721.11496863238,1198.8515136003084,1468.4575367569255,1315.1313477025458,1645.0543965347504,1254.7158272773315
vanilla,klb100,foot_left_actuator_gain,0.3,foot_left_actuator_gain_0p3,5,1654.0535000150062,1244.6920085275608,1399.224094254452,1367.803162992007,1572.4354495890866,1303.4358896968206
vanilla,klb100,foot_left_actuator_gain,0.4,foot_left_actuator_gain_0p4,5,1575.354298253439,1342.7728253221435,1316.8495829152291,1449.7699539080445,1497.615000436528,1401.509869958831
vanilla,klb100,foot_left_actuator_gain,0.5,foot_left_actuator_gain_0p5,5,1524.0068996722816,1353.0097600154816,1272.4889052245371,1462.0337621097271,1449.7459234045873,1413.822152285071
vanilla,klb100,foot_left_actuator_gain,0.6,foot_left_actuator_gain_0p6,5,1404.7098931628968,1316.2447513354207,1176.2921952802963,1425.4644858265315,1339.2734291798665,1365.7413857173672
vanilla,klb100,foot_left_actuator_gain,0.7,foot_left_actuator_gain_0p7,5,1144.2388494191937,981.5205752621031,889.702727323888,1033.7402512561844,1061.8421268570335,989.6377791447362
vanilla,klb100,foot_left_actuator_gain,0.8,foot_left_actuator_gain_0p8,5,88.870327484128,545.9717522791228,-223.4119596892546,354.4712639775783,-38.490838794995376,426.98114264028845
vanilla,klb100,foot_left_actuator_gain,0.9,foot_left_actuator_gain_0p9,5,127.14496503823739,454.7905351066586,-266.30218076250077,352.72847682037985,-32.75224239844963,362.4797381752439
vanilla,klb100,foot_left_actuator_gain,1.0,foot_left_actuator_gain_1,5,0.0,0.0,0.0,0.0,0.0,0.0
vanilla,klb100,foot_left_actuator_gain,1.1,foot_left_actuator_gain_1p1,5,83.66229078785825,254.02014645108028,-219.2456620146616,686.6893587783811,-13.507503399381289,440.6177296181938
vanilla,klb100,foot_left_actuator_gain,1.3,foot_left_actuator_gain_1p3,5,154.10712021339455,274.72054084233696,-563.3573039376998,1252.9056408570025,-65.5238104572469,514.5412584214398
vanilla,klb100,foot_left_actuator_gain,1.5,foot_left_actuator_gain_1p5,5,229.14993811309552,841.4440103249892,-380.126825834316,1360.297779931781,-69.24844522786432,1280.4664931730424
vanilla,klb100,foot_left_actuator_gain,1.7,foot_left_actuator_gain_1p7,5,282.4940845448783,888.1923400549359,-171.70610861148205,1431.6111711739948,74.53921963939179,1235.3563681261926
vanilla,klb100,foot_left_actuator_gain,2.0,foot_left_actuator_gain_2,5,709.5532492062789,808.3403789159886,626.9224387954953,1192.0106839189766,716.5206648873393,994.3776760528328
vanilla,klb100,foot_left_damping,0.0,foot_left_damping_0,5,83.22736421395328,226.35139349060793,-61.283653955391856,438.92708237033395,126.22117644903324,368.73782413049014
vanilla,klb100,foot_left_damping,0.1,foot_left_damping_0p1,5,11.439110747677068,328.304570433777,-99.88639019987218,440.37835768830854,47.6111399872794,468.17240984920244
vanilla,klb100,foot_left_damping,0.2,foot_left_damping_0p2,5,59.72972711205252,205.8870567474534,-82.01977332268396,408.94078222667684,103.14576906732398,341.4742951989526
vanilla,klb100,foot_left_damping,0.3,foot_left_damping_0p3,5,23.285635645154343,281.89889000080535,-110.82224659430126,424.4742873626096,45.09160083646841,444.7320795775329
vanilla,klb100,foot_left_damping,0.4,foot_left_damping_0p4,5,46.742606573965325,172.11915543072024,-132.329615313458,382.52824155892654,60.59124818811408,366.91052459808697
vanilla,klb100,foot_left_damping,0.5,foot_left_damping_0p5,5,-16.0273861993644,286.95138700308786,-155.28967271063127,391.47043948915604,16.15218753458971,449.6869625409267
vanilla,klb100,foot_left_damping,0.6,foot_left_damping_0p6,5,-63.68822263535666,165.60360585602876,-160.0671500641818,377.8597040238836,-101.94852163632405,277.65559236053014
vanilla,klb100,foot_left_damping,0.7,foot_left_damping_0p7,5,-90.69870697584335,209.22813398431126,-170.9139274257896,388.210561215379,-132.78549975797824,309.28386890430454
vanilla,klb100,foot_left_damping,0.8,foot_left_damping_0p8,5,-64.08451065626892,128.0588386851938,-153.5982570047478,344.06711850071343,-92.3234289339765,215.02609062972587
vanilla,klb100,foot_left_damping,0.9,foot_left_damping_0p9,5,21.9694384387294,111.95174566431056,-183.89715190070336,341.4061533458305,-6.56683000123553,235.35793211606034
vanilla,klb100,foot_left_damping,1.0,foot_left_damping_1,5,0.0,0.0,0.0,0.0,0.0,0.0
vanilla,klb100,foot_left_damping,1.1,foot_left_damping_1p1,5,-28.402261095562245,109.40343452459797,-125.70258138688646,308.7552261112463,-83.4616565334978,175.38769013695048
vanilla,klb100,foot_left_damping,1.3,foot_left_damping_1p3,5,-101.04763468346894,138.60580478121003,-208.0453281686262,348.0040892264917,-209.14860403088363,264.3339771812184
vanilla,klb100,foot_left_damping,1.5,foot_left_damping_1p5,5,-126.04086379855926,269.26822446950615,-134.92628600861593,413.94886154797416,-171.30858776413078,319.6906933317526
vanilla,klb100,foot_left_damping,1.7,foot_left_damping_1p7,5,-17.53243517626538,151.23988502973984,-116.44338366985482,379.56447354649595,-75.37897334122415,260.44036050285735
vanilla,klb100,foot_left_damping,2.0,foot_left_damping_2,5,33.63457338520887,136.93865350290642,-93.48678574594848,289.7247809233855,25.3689190435088,210.6277100463665
vanilla,klb100,foot_left_friction,0.0,foot_left_friction_0,5,313.9771930644718,766.5855941940581,318.2280678537192,902.2671712462824,415.5045530572623,846.4765010494273
vanilla,klb100,foot_left_friction,0.1,foot_left_friction_0p1,5,472.90573372879237,867.9853001326807,456.3453548084053,1088.7675094575143,525.6700203612533,955.4876712056732
vanilla,klb100,foot_left_friction,0.2,foot_left_friction_0p2,5,472.90573372879237,867.9853001326807,456.3453548084053,1088.7675094575143,525.6700203612533,955.4876712056732
vanilla,klb100,foot_left_friction,0.3,foot_left_friction_0p3,5,472.90573372879237,867.9853001326807,456.3453548084053,1088.7675094575143,525.6700203612533,955.4876712056732
vanilla,klb100,foot_left_friction,0.4,foot_left_friction_0p4,5,325.09203992489995,714.024644438172,343.2997389017524,865.576590874386,434.7536996194669,811.162807102874
vanilla,klb100,foot_left_friction,0.5,foot_left_friction_0p5,5,282.3245948555269,688.829580599219,209.8589787103054,977.8952070431443,318.904520236969,832.8199737290217
vanilla,klb100,foot_left_friction,0.6,foot_left_friction_0p6,5,-18.223646246551425,1140.0568309714954,-223.13615382040126,1661.9758215953468,-102.38176303240937,1425.7060678455332
vanilla,klb100,foot_left_friction,0.7,foot_left_friction_0p7,5,-195.39921109351423,920.4454708452338,-317.8867657762812,1545.5616254539475,-213.58931603654332,1291.7691303881138
vanilla,klb100,foot_left_friction,0.8,foot_left_friction_0p8,5,-276.99953225343023,771.5405949015499,-465.47716833756556,1366.5491998109385,-355.8349974527855,1110.8352386134043
vanilla,klb100,foot_left_friction,0.9,foot_left_friction_0p9,5,-180.81383255420917,358.0880309638636,-718.4235225272784,1219.5702074354697,-321.1577083689489,679.5459726638067
vanilla,klb100,foot_left_friction,1.0,foot_left_friction_1,5,0.0,0.0,0.0,0.0,0.0,0.0
vanilla,klb100,foot_left_friction,1.1,foot_left_friction_1p1,5,45.569499852409386,176.69124086680253,62.48328409315191,185.34811052101512,155.60783003530966,239.69621204138107
vanilla,klb100,foot_left_friction,1.3,foot_left_friction_1p3,5,635.5093103109746,1130.1292595543557,564.4977900353649,1139.3709041605969,669.8514553805924,1108.5941032614828
vanilla,klb100,foot_left_friction,1.5,foot_left_friction_1p5,5,927.873944934399,1045.59641479101,877.299370605394,1061.852274942565,999.2416504608336,1019.068740751027
vanilla,klb100,foot_left_friction,1.7,foot_left_friction_1p7,5,953.2908436478261,1103.6132821266267,951.9710512781041,1136.2406482108443,1067.1046911688984,1082.5142322351674
vanilla,klb100,foot_left_friction,2.0,foot_left_friction_2,5,1086.976294758679,1105.4597984955913,992.6459811083741,1127.4302905059142,1104.1976315362883,1081.7657979137146
vanilla,klb100,leg_left_actuator_gain,0.0,leg_left_actuator_gain_0,5,1549.4554329677142,1454.5869718548706,1426.1396955751723,1646.0993310655992,1546.9643230516501,1566.7637387052152
vanilla,klb100,leg_left_actuator_gain,0.1,leg_left_actuator_gain_0p1,5,1611.2132082784913,1458.3146823634504,1516.4801995907114,1692.7842596382081,1623.3209934347426,1596.8960040205548
vanilla,klb100,leg_left_actuator_gain,0.2,leg_left_actuator_gain_0p2,5,1539.1863509715704,1438.6996613304957,1436.4221599647724,1692.9945565675514,1551.2241083111487,1571.491563193108
vanilla,klb100,leg_left_actuator_gain,0.3,leg_left_actuator_gain_0p3,5,1447.2759518675286,1343.372554929598,1347.9011771131743,1670.3956228051306,1480.8376561986074,1538.845926411424
vanilla,klb100,leg_left_actuator_gain,0.4,leg_left_actuator_gain_0p4,5,586.5840110849314,1273.887232125317,264.63276434751907,1786.9257586516728,524.4240188802744,1545.242421264952
vanilla,klb100,leg_left_actuator_gain,0.5,leg_left_actuator_gain_0p5,5,-88.53961924173852,1102.8524368923001,-337.29285431967116,1512.0542204746046,-213.2014143187145,1272.5757726284353
vanilla,klb100,leg_left_actuator_gain,0.6,leg_left_actuator_gain_0p6,5,-255.1633884876319,483.9716532593073,-631.3490278450071,1242.7128340581448,-390.0142370585318,773.5566588944617
vanilla,klb100,leg_left_actuator_gain,0.7,leg_left_actuator_gain_0p7,5,-381.6587026336851,894.069995704346,-631.4640642113682,1271.0492829875227,-449.31761762870394,1056.8592280287148
vanilla,klb100,leg_left_actuator_gain,0.8,leg_left_actuator_gain_0p8,5,-400.1257059405817,822.0315344658029,-620.2988561453909,1289.110949713609,-480.73561435909215,1045.8964146833473
vanilla,klb100,leg_left_actuator_gain,0.9,leg_left_actuator_gain_0p9,5,-256.1305005438932,686.2337632007005,-519.94561338996,1349.339350930861,-386.85785611944476,1108.913815102
vanilla,klb100,leg_left_actuator_gain,1.0,leg_left_actuator_gain_1,5,0.0,0.0,0.0,0.0,0.0,0.0
vanilla,klb100,leg_left_actuator_gain,1.1,leg_left_actuator_gain_1p1,5,-61.81774569172078,204.2434028540643,-12.335890164618775,188.13360718127498,29.92756245380334,261.0051296158011
vanilla,klb100,leg_left_actuator_gain,1.3,leg_left_actuator_gain_1p3,5,67.66351715166635,267.63609423274,2.6407076678956853,204.37070151562867,159.987265042533,428.5428671962022
vanilla,klb100,leg_left_actuator_gain,1.5,leg_left_actuator_gain_1p5,5,88.99912459320076,280.1628638358223,15.561957915928417,175.04309604082596,171.31513337712164,405.05797956131926
vanilla,klb100,leg_left_actuator_gain,1.7,leg_left_actuator_gain_1p7,5,103.08017958282139,234.27558492114278,47.159718163000434,160.96037418928213,229.7972141866744,394.36409684256085
vanilla,klb100,leg_left_actuator_gain,2.0,leg_left_actuator_gain_2,5,163.6130608147349,227.78866356995536,124.35298621764666,160.08052594727204,295.87541871796805,374.67459755655364
vanilla,klb100,leg_left_damping,0.0,leg_left_damping_0,5,-67.23969734939338,69.5414997586598,-11.745386473761494,13.846137756233771,-56.26948043255701,93.99896546363858
vanilla,klb100,leg_left_damping,0.1,leg_left_damping_0p1,5,-39.92223338644253,60.60944907603759,-1.1500940615796253,19.25558940172504,-39.795830493645795,98.8411870716839
vanilla,klb100,leg_left_damping,0.2,leg_left_damping_0p2,5,-29.45853373508021,85.04331576458824,-39.787512384327975,74.94322847427514,-59.97184882163019,119.46446464361537
vanilla,klb100,leg_left_damping,0.3,leg_left_damping_0p3,5,-69.0052116152226,75.4482554274986,-16.74869150195201,19.67742639931178,-62.878642284726894,100.29569479218934
vanilla,klb100,leg_left_damping,0.4,leg_left_damping_0p4,5,-9.476306033218316,89.72245809571389,-24.61746807710954,53.82110087156923,-40.816317878495816,122.75491973367829
vanilla,klb100,leg_left_damping,0.5,leg_left_damping_0p5,5,-23.123836305338443,93.39917941647,-45.0437515035952,83.3090959480273,-50.13311387948048,137.45912824621988
vanilla,klb100,leg_left_damping,0.6,leg_left_damping_0p6,5,-47.05756512151108,49.51619935524023,1.5579144388530382,21.440925990669342,-57.51674676427287,97.28206240084909
vanilla,klb100,leg_left_damping,0.7,leg_left_damping_0p7,5,-38.39475814724149,76.33074636587487,-10.152829856890344,38.662737398921124,-44.055938914642425,113.78836541631676
vanilla,klb100,leg_left_damping,0.8,leg_left_damping_0p8,5,1.6138235893350157,70.46408769913026,8.471394034251478,18.947051237086935,0.7958736323778112,132.19983236239352
vanilla,klb100,leg_left_damping,0.9,leg_left_damping_0p9,5,31.917018673894063,161.45539954698384,42.13439285157629,115.9455649073272,32.43542178520524,231.65548982011785
vanilla,klb100,leg_left_damping,1.0,leg_left_damping_1,5,0.0,0.0,0.0,0.0,0.0,0.0
vanilla,klb100,leg_left_damping,1.1,leg_left_damping_1p1,5,-6.022289817466936,44.974047068526694,-7.074693246446384,24.946158786581606,-0.39532461413667763,36.626515153477946
vanilla,klb100,leg_left_damping,1.3,leg_left_damping_1p3,5,-46.911883648452275,44.29368319555105,-11.93452470575122,25.01749210636851,-42.60460655537158,32.80685077478994
vanilla,klb100,leg_left_damping,1.5,leg_left_damping_1p5,5,8.61155218580958,43.31369994213784,-8.000243471436761,61.48116690765972,16.854879629344556,57.876143485541185
vanilla,klb100,leg_left_damping,1.7,leg_left_damping_1p7,5,-46.15991956616641,65.12806423121084,-36.974188010286774,47.10872612983089,-29.10378577629607,42.04146614249231
vanilla,klb100,leg_left_damping,2.0,leg_left_damping_2,5,17.957453228158226,37.88162417770699,9.375981828903855,44.084116339042446,11.212591986093855,54.328619275587045
vanilla,klb100,thigh_left_actuator_gain,0.0,thigh_left_actuator_gain_0,5,1739.2439113369405,1211.0011747157525,1680.7395196911189,1387.9441309069014,1749.7002678122692,1277.6053868451354
vanilla,klb100,thigh_left_actuator_gain,0.1,thigh_left_actuator_gain_0p1,5,1591.1387888871936,1251.6398475307255,1554.5165632094709,1535.7289048614675,1591.16601722606,1377.583836774244
vanilla,klb100,thigh_left_actuator_gain,0.2,thigh_left_actuator_gain_0p2,5,1449.9308159354364,1169.3844975736195,1425.726746110206,1391.8839913376232,1559.218853417547,1358.1295963620628
vanilla,klb100,thigh_left_actuator_gain,0.3,thigh_left_actuator_gain_0p3,5,1022.6271359869513,1072.9104984737824,696.1485372237518,977.4222293795666,875.0412685645293,1020.178480933469
vanilla,klb100,thigh_left_actuator_gain,0.4,thigh_left_actuator_gain_0p4,5,601.0564051165518,941.0208230312327,354.6287784713378,841.0157271508031,480.7868491371084,818.9111473503564
vanilla,klb100,thigh_left_actuator_gain,0.5,thigh_left_actuator_gain_0p5,5,187.9979822626073,421.5217973393716,7.161024982679237,150.55017152976006,128.00396739861372,215.9759200782138
vanilla,klb100,thigh_left_actuator_gain,0.6,thigh_left_actuator_gain_0p6,5,356.01839141613516,467.2740549740975,230.63063443255606,578.4416474689363,370.54871659363494,540.4209911001225
vanilla,klb100,thigh_left_actuator_gain,0.7,thigh_left_actuator_gain_0p7,5,505.78118422932357,637.2006440371392,441.62291988491324,1033.533873219689,517.8193998114788,826.4394453328229
vanilla,klb100,thigh_left_actuator_gain,0.8,thigh_left_actuator_gain_0p8,5,289.32526153542483,465.5930510874612,178.02730611581447,672.6832869723919,296.8537727055865,586.3785950418745
vanilla,klb100,thigh_left_actuator_gain,0.9,thigh_left_actuator_gain_0p9,5,16.2843038555543,336.1349709817575,-122.08822919892978,454.6485097616198,-80.34171879108325,479.6550680705084
vanilla,klb100,thigh_left_actuator_gain,1.0,thigh_left_actuator_gain_1,5,0.0,0.0,0.0,0.0,0.0,0.0
vanilla,klb100,thigh_left_actuator_gain,1.1,thigh_left_actuator_gain_1p1,5,-345.0699013498597,585.2261676353183,-690.4321695089427,1271.7037769461701,-558.8288184628318,1022.8843784610654
vanilla,klb100,thigh_left_actuator_gain,1.3,thigh_left_actuator_gain_1p3,5,-469.40601343366245,673.5273894879103,-727.8941704961155,1270.79976802853,-590.4397503472075,1026.1246807117866
vanilla,klb100,thigh_left_actuator_gain,1.5,thigh_left_actuator_gain_1p5,5,-301.69602884505696,837.456483420822,-684.112605751605,1270.3415506798192,-479.83349998768983,1076.971773376889
vanilla,klb100,thigh_left_actuator_gain,1.7,thigh_left_actuator_gain_1p7,5,-270.0640654435401,986.5556941725978,-525.6464283351755,1351.4117676591777,-319.95230757950833,1183.1421998807923
vanilla,klb100,thigh_left_actuator_gain,2.0,thigh_left_actuator_gain_2,5,112.47390828833927,969.8663719880436,-217.58581288734376,1577.6998674267809,-33.88035540846023,1343.657748628479
vanilla,klb100,thigh_left_damping,0.0,thigh_left_damping_0,5,-74.30850093862723,101.20882146197985,-14.909007588297015,106.29697111392731,-124.0834420938213,196.45015074585467
vanilla,klb100,thigh_left_damping,0.1,thigh_left_damping_0p1,5,-117.72527841610156,104.68590374853292,-60.14651931902104,61.590550421485304,-105.2407616089999,100.84324008615323
vanilla,klb100,thigh_left_damping,0.2,thigh_left_damping_0p2,5,9.545457081996437,78.6865149112646,0.192504456765937,72.0362043888584,16.834463793728002,60.797090207559165
vanilla,klb100,thigh_left_damping,0.3,thigh_left_damping_0p3,5,62.78472355970716,94.11971939260577,10.583414678983615,60.01016495667739,91.76146405859258,133.65488820279123
vanilla,klb100,thigh_left_damping,0.4,thigh_left_damping_0p4,5,-36.99209474250203,79.9940305435407,-12.640102344479715,76.49841087586509,-56.02731201276813,87.60559305651608
vanilla,klb100,thigh_left_damping,0.5,thigh_left_damping_0p5,5,-49.189238725372206,51.334441197279,16.942056869244812,68.51378469484175,-55.72445277799629,82.47110412181684
vanilla,klb100,thigh_left_damping,0.6,thigh_left_damping_0p6,5,-40.564679560582746,79.1821972318338,-31.233616870965363,20.529254180437196,-59.259426527170945,150.47509502850278
vanilla,klb100,thigh_left_damping,0.7,thigh_left_damping_0p7,5,-128.63479704284538,104.59764387226261,-6.8195626589864675,74.91242618839,-157.09963172047668,186.3729672317726
vanilla,klb100,thigh_left_damping,0.8,thigh_left_damping_0p8,5,1.8422764978625765,80.4883244022889,2.382770793919599,93.38908067398663,-3.759354401641042,96.2766148489273
vanilla,klb100,thigh_left_damping,0.9,thigh_left_damping_0p9,5,-37.0482912901659,152.61964507255172,-12.322043077002865,25.419425062600748,-96.8226641282259,238.0620701438345
vanilla,klb100,thigh_left_damping,1.0,thigh_left_damping_1,5,0.0,0.0,0.0,0.0,0.0,0.0
vanilla,klb100,thigh_left_damping,1.1,thigh_left_damping_1p1,5,-73.20031557001052,81.17450941073831,-5.915623481840271,62.83698932567649,-70.01278023291084,86.50685856371291
vanilla,klb100,thigh_left_damping,1.3,thigh_left_damping_1p3,5,57.29502602645398,138.85234547773175,6.34674928220519,86.51483640951524,93.80704435212343,169.52033216518277
vanilla,klb100,thigh_left_damping,1.5,thigh_left_damping_1p5,5,6.1150178460650295,93.546235356909,21.052623527549837,58.191866131580746,73.25377121770376,155.45665130987922
vanilla,klb100,thigh_left_damping,1.7,thigh_left_damping_1p7,5,21.134773619579505,49.48472258389128,-39.15116112658619,88.01516719195439,31.420760044919177,55.56515332866387
vanilla,klb100,thigh_left_damping,2.0,thigh_left_damping_2,5,12.307656858094152,85.23710844653145,-44.77494850271959,77.88188868046916,25.76345637598582,120.39826070386441
