timestamp,run_name,algo,env_id,seed,eval_episodes,is_perturbed,model_label,scenario_label,model_path,norm_stats_path,eval_raw_rewards,deterministic_eval,xml_perturb,obs_noise_std,reward_noise_std,action_noise_std,action_replace_prob,xml_total_mass_scale,xml_body_mass_scale,xml_body_name_selector,xml_geom_friction_scale,xml_geom_friction_component,xml_geom_name_selector,xml_gravity_component_index,xml_gravity_component_value,xml_joint_damping_scale,xml_joint_name_selector,xml_actuator_gain_scale,xml_actuator_bias_scale,mean_return,std_return,median_return,iqm_return,min_return,max_return,xml_actuator_joint_selector
1783521195,eval__Walker2d-v4__td3__vanilla__mass_0p1__seed1__pid739680,td3,Walker2d-v4,1,20,1,vanilla,mass_0p1,/home/users/am1015/rl_runs_td3_walker_kl_20260703_td3_kl_softrobust_5seed_rerun/Walker2d-v4__td3_kl_vanilla__1__1783132180/td3_kl_vanilla.cleanrl_model,/home/users/am1015/rl_runs_td3_walker_kl_20260703_td3_kl_softrobust_5seed_rerun/Walker2d-v4__td3_kl_vanilla__1__1783132180/td3_kl_vanilla.cleanrl_model.norm_stats.npz,1,1,1,0.0,0.0,0.0,0.0,1.0,0.1,,1.0,-1,,-1,,1.0,,1.0,1.0,32.53936169190024,48.75077521041943,10.140571676192293,19.85816438404025,-16.46646578137082,127.88496676187972,
1783521197,eval__Walker2d-v4__td3__vanilla__mass_0p1__seed2__pid739715,td3,Walker2d-v4,2,20,1,vanilla,mass_0p1,/home/users/am1015/rl_runs_td3_walker_kl_20260703_td3_kl_softrobust_5seed_rerun/Walker2d-v4__td3_kl_vanilla__2__1783132179/td3_kl_vanilla.cleanrl_model,/home/users/am1015/rl_runs_td3_walker_kl_20260703_td3_kl_softrobust_5seed_rerun/Walker2d-v4__td3_kl_vanilla__2__1783132179/td3_kl_vanilla.cleanrl_model.norm_stats.npz,1,1,1,0.0,0.0,0.0,0.0,1.0,0.1,,1.0,-1,,-1,,1.0,,1.0,1.0,127.84298486386844,207.8924889508952,34.31002046475773,63.07143891938724,-10.5063106239394,857.3419665620577,
1783521200,eval__Walker2d-v4__td3__vanilla__mass_0p1__seed3__pid739750,td3,Walker2d-v4,3,20,1,vanilla,mass_0p1,/home/users/am1015/rl_runs_td3_walker_kl_20260703_td3_kl_softrobust_5seed_rerun/Walker2d-v4__td3_kl_vanilla__3__1783132179/td3_kl_vanilla.cleanrl_model,/home/users/am1015/rl_runs_td3_walker_kl_20260703_td3_kl_softrobust_5seed_rerun/Walker2d-v4__td3_kl_vanilla__3__1783132179/td3_kl_vanilla.cleanrl_model.norm_stats.npz,1,1,1,0.0,0.0,0.0,0.0,1.0,0.1,,1.0,-1,,-1,,1.0,,1.0,1.0,66.86384422433908,56.62824947740204,83.63491156263618,75.85019674603834,-16.881768686177153,146.27184172407678,
1783521202,eval__Walker2d-v4__td3__vanilla__mass_0p1__seed4__pid739785,td3,Walker2d-v4,4,20,1,vanilla,mass_0p1,/home/users/am1015/rl_runs_td3_walker_kl_20260703_td3_kl_softrobust_5seed_rerun/Walker2d-v4__td3_kl_vanilla__4__1783132179/td3_kl_vanilla.cleanrl_model,/home/users/am1015/rl_runs_td3_walker_kl_20260703_td3_kl_softrobust_5seed_rerun/Walker2d-v4__td3_kl_vanilla__4__1783132179/td3_kl_vanilla.cleanrl_model.norm_stats.npz,1,1,1,0.0,0.0,0.0,0.0,1.0,0.1,,1.0,-1,,-1,,1.0,,1.0,1.0,48.58247536043716,64.36824061524885,20.656506266760317,28.682376013204102,-1.4831578594122696,244.67767594111865,
1783521205,eval__Walker2d-v4__td3__vanilla__mass_0p1__seed5__pid739820,td3,Walker2d-v4,5,20,1,vanilla,mass_0p1,/home/users/am1015/rl_runs_td3_walker_kl_20260703_td3_kl_softrobust_5seed_rerun/Walker2d-v4__td3_kl_vanilla__5__1783132179/td3_kl_vanilla.cleanrl_model,/home/users/am1015/rl_runs_td3_walker_kl_20260703_td3_kl_softrobust_5seed_rerun/Walker2d-v4__td3_kl_vanilla__5__1783132179/td3_kl_vanilla.cleanrl_model.norm_stats.npz,1,1,1,0.0,0.0,0.0,0.0,1.0,0.1,,1.0,-1,,-1,,1.0,,1.0,1.0,50.75930203431789,46.98063230265687,54.80332263000649,47.71459006700125,-25.077551343771603,170.2022704791766,
1783521207,eval__Walker2d-v4__td3__vanilla__mass_0p2__seed1__pid739861,td3,Walker2d-v4,1,20,1,vanilla,mass_0p2,/home/users/am1015/rl_runs_td3_walker_kl_20260703_td3_kl_softrobust_5seed_rerun/Walker2d-v4__td3_kl_vanilla__1__1783132180/td3_kl_vanilla.cleanrl_model,/home/users/am1015/rl_runs_td3_walker_kl_20260703_td3_kl_softrobust_5seed_rerun/Walker2d-v4__td3_kl_vanilla__1__1783132180/td3_kl_vanilla.cleanrl_model.norm_stats.npz,1,1,1,0.0,0.0,0.0,0.0,1.0,0.2,,1.0,-1,,-1,,1.0,,1.0,1.0,131.148383653573,118.7972440205278,109.95364671504277,114.56056628937242,-17.868040697998865,417.5713959188427,
1783521211,eval__Walker2d-v4__td3__vanilla__mass_0p2__seed2__pid739896,td3,Walker2d-v4,2,20,1,vanilla,mass_0p2,/home/users/am1015/rl_runs_td3_walker_kl_20260703_td3_kl_softrobust_5seed_rerun/Walker2d-v4__td3_kl_vanilla__2__1783132179/td3_kl_vanilla.cleanrl_model,/home/users/am1015/rl_runs_td3_walker_kl_20260703_td3_kl_softrobust_5seed_rerun/Walker2d-v4__td3_kl_vanilla__2__1783132179/td3_kl_vanilla.cleanrl_model.norm_stats.npz,1,1,1,0.0,0.0,0.0,0.0,1.0,0.2,,1.0,-1,,-1,,1.0,,1.0,1.0,359.7517905653051,324.56283406872933,194.7526216647329,270.4942327885616,55.43953325771416,1056.1625539799306,
1783521213,eval__Walker2d-v4__td3__vanilla__mass_0p2__seed3__pid739932,td3,Walker2d-v4,3,20,1,vanilla,mass_0p2,/home/users/am1015/rl_runs_td3_walker_kl_20260703_td3_kl_softrobust_5seed_rerun/Walker2d-v4__td3_kl_vanilla__3__1783132179/td3_kl_vanilla.cleanrl_model,/home/users/am1015/rl_runs_td3_walker_kl_20260703_td3_kl_softrobust_5seed_rerun/Walker2d-v4__td3_kl_vanilla__3__1783132179/td3_kl_vanilla.cleanrl_model.norm_stats.npz,1,1,1,0.0,0.0,0.0,0.0,1.0,0.2,,1.0,-1,,-1,,1.0,,1.0,1.0,180.97191693175856,116.50822666946216,148.0210709019998,152.1603143806581,-0.4321929615562072,512.8213346046821,
1783521217,eval__Walker2d-v4__td3__vanilla__mass_0p2__seed4__pid739967,td3,Walker2d-v4,4,20,1,vanilla,mass_0p2,/home/users/am1015/rl_runs_td3_walker_kl_20260703_td3_kl_softrobust_5seed_rerun/Walker2d-v4__td3_kl_vanilla__4__1783132179/td3_kl_vanilla.cleanrl_model,/home/users/am1015/rl_runs_td3_walker_kl_20260703_td3_kl_softrobust_5seed_rerun/Walker2d-v4__td3_kl_vanilla__4__1783132179/td3_kl_vanilla.cleanrl_model.norm_stats.npz,1,1,1,0.0,0.0,0.0,0.0,1.0,0.2,,1.0,-1,,-1,,1.0,,1.0,1.0,352.2306954578647,320.12097464873904,265.12060569208506,279.47435546242616,22.89000542001285,1065.0908887655778,
1783521220,eval__Walker2d-v4__td3__vanilla__mass_0p2__seed5__pid740003,td3,Walker2d-v4,5,20,1,vanilla,mass_0p2,/home/users/am1015/rl_runs_td3_walker_kl_20260703_td3_kl_softrobust_5seed_rerun/Walker2d-v4__td3_kl_vanilla__5__1783132179/td3_kl_vanilla.cleanrl_model,/home/users/am1015/rl_runs_td3_walker_kl_20260703_td3_kl_softrobust_5seed_rerun/Walker2d-v4__td3_kl_vanilla__5__1783132179/td3_kl_vanilla.cleanrl_model.norm_stats.npz,1,1,1,0.0,0.0,0.0,0.0,1.0,0.2,,1.0,-1,,-1,,1.0,,1.0,1.0,213.2296948529805,170.41864663994306,220.6232148135108,194.8273666229581,27.27611507914549,683.5094597245766,
1783521224,eval__Walker2d-v4__td3__vanilla__mass_0p3__seed1__pid740044,td3,Walker2d-v4,1,20,1,vanilla,mass_0p3,/home/users/am1015/rl_runs_td3_walker_kl_20260703_td3_kl_softrobust_5seed_rerun/Walker2d-v4__td3_kl_vanilla__1__1783132180/td3_kl_vanilla.cleanrl_model,/home/users/am1015/rl_runs_td3_walker_kl_20260703_td3_kl_softrobust_5seed_rerun/Walker2d-v4__td3_kl_vanilla__1__1783132180/td3_kl_vanilla.cleanrl_model.norm_stats.npz,1,1,1,0.0,0.0,0.0,0.0,1.0,0.3,,1.0,-1,,-1,,1.0,,1.0,1.0,272.31249484701846,300.9350446465708,165.71813877470152,188.5582422827982,4.783917838906822,1045.9229294038912,
1783521227,eval__Walker2d-v4__td3__vanilla__mass_0p3__seed2__pid740080,td3,Walker2d-v4,2,20,1,vanilla,mass_0p3,/home/users/am1015/rl_runs_td3_walker_kl_20260703_td3_kl_softrobust_5seed_rerun/Walker2d-v4__td3_kl_vanilla__2__1783132179/td3_kl_vanilla.cleanrl_model,/home/users/am1015/rl_runs_td3_walker_kl_20260703_td3_kl_softrobust_5seed_rerun/Walker2d-v4__td3_kl_vanilla__2__1783132179/td3_kl_vanilla.cleanrl_model.norm_stats.npz,1,1,1,0.0,0.0,0.0,0.0,1.0,0.3,,1.0,-1,,-1,,1.0,,1.0,1.0,409.3228996364646,411.9291894831181,135.84434267343872,273.04317294920736,59.60692652904128,1453.8615558878332,
1783521230,eval__Walker2d-v4__td3__vanilla__mass_0p3__seed3__pid740115,td3,Walker2d-v4,3,20,1,vanilla,mass_0p3,/home/users/am1015/rl_runs_td3_walker_kl_20260703_td3_kl_softrobust_5seed_rerun/Walker2d-v4__td3_kl_vanilla__3__1783132179/td3_kl_vanilla.cleanrl_model,/home/users/am1015/rl_runs_td3_walker_kl_20260703_td3_kl_softrobust_5seed_rerun/Walker2d-v4__td3_kl_vanilla__3__1783132179/td3_kl_vanilla.cleanrl_model.norm_stats.npz,1,1,1,0.0,0.0,0.0,0.0,1.0,0.3,,1.0,-1,,-1,,1.0,,1.0,1.0,252.8192549814883,233.6583848065354,165.73968670345192,173.86298880148206,71.69547656264704,955.51333051128,
1783521236,eval__Walker2d-v4__td3__vanilla__mass_0p3__seed4__pid740152,td3,Walker2d-v4,4,20,1,vanilla,mass_0p3,/home/users/am1015/rl_runs_td3_walker_kl_20260703_td3_kl_softrobust_5seed_rerun/Walker2d-v4__td3_kl_vanilla__4__1783132179/td3_kl_vanilla.cleanrl_model,/home/users/am1015/rl_runs_td3_walker_kl_20260703_td3_kl_softrobust_5seed_rerun/Walker2d-v4__td3_kl_vanilla__4__1783132179/td3_kl_vanilla.cleanrl_model.norm_stats.npz,1,1,1,0.0,0.0,0.0,0.0,1.0,0.3,,1.0,-1,,-1,,1.0,,1.0,1.0,939.667387365378,641.1120863929541,912.0593617444232,925.8582985255852,-11.479328983114858,1957.76036231072,
1783521239,eval__Walker2d-v4__td3__vanilla__mass_0p3__seed5__pid740194,td3,Walker2d-v4,5,20,1,vanilla,mass_0p3,/home/users/am1015/rl_runs_td3_walker_kl_20260703_td3_kl_softrobust_5seed_rerun/Walker2d-v4__td3_kl_vanilla__5__1783132179/td3_kl_vanilla.cleanrl_model,/home/users/am1015/rl_runs_td3_walker_kl_20260703_td3_kl_softrobust_5seed_rerun/Walker2d-v4__td3_kl_vanilla__5__1783132179/td3_kl_vanilla.cleanrl_model.norm_stats.npz,1,1,1,0.0,0.0,0.0,0.0,1.0,0.3,,1.0,-1,,-1,,1.0,,1.0,1.0,363.18462268835873,189.781135943264,311.72994056387654,331.4236416007695,16.077264474166526,805.3819593510956,
1783521244,eval__Walker2d-v4__td3__vanilla__mass_0p4__seed1__pid740296,td3,Walker2d-v4,1,20,1,vanilla,mass_0p4,/home/users/am1015/rl_runs_td3_walker_kl_20260703_td3_kl_softrobust_5seed_rerun/Walker2d-v4__td3_kl_vanilla__1__1783132180/td3_kl_vanilla.cleanrl_model,/home/users/am1015/rl_runs_td3_walker_kl_20260703_td3_kl_softrobust_5seed_rerun/Walker2d-v4__td3_kl_vanilla__1__1783132180/td3_kl_vanilla.cleanrl_model.norm_stats.npz,1,1,1,0.0,0.0,0.0,0.0,1.0,0.4,,1.0,-1,,-1,,1.0,,1.0,1.0,522.5616277970531,260.748304957146,561.7009587102026,555.7259874403256,19.91063262310873,964.6816486053054,
1783521248,eval__Walker2d-v4__td3__vanilla__mass_0p4__seed2__pid740332,td3,Walker2d-v4,2,20,1,vanilla,mass_0p4,/home/users/am1015/rl_runs_td3_walker_kl_20260703_td3_kl_softrobust_5seed_rerun/Walker2d-v4__td3_kl_vanilla__2__1783132179/td3_kl_vanilla.cleanrl_model,/home/users/am1015/rl_runs_td3_walker_kl_20260703_td3_kl_softrobust_5seed_rerun/Walker2d-v4__td3_kl_vanilla__2__1783132179/td3_kl_vanilla.cleanrl_model.norm_stats.npz,1,1,1,0.0,0.0,0.0,0.0,1.0,0.4,,1.0,-1,,-1,,1.0,,1.0,1.0,553.365617346002,532.8000980040871,295.7322606917356,403.3196775267735,103.48930215833764,1837.0558594415995,
1783521252,eval__Walker2d-v4__td3__vanilla__mass_0p4__seed3__pid740367,td3,Walker2d-v4,3,20,1,vanilla,mass_0p4,/home/users/am1015/rl_runs_td3_walker_kl_20260703_td3_kl_softrobust_5seed_rerun/Walker2d-v4__td3_kl_vanilla__3__1783132179/td3_kl_vanilla.cleanrl_model,/home/users/am1015/rl_runs_td3_walker_kl_20260703_td3_kl_softrobust_5seed_rerun/Walker2d-v4__td3_kl_vanilla__3__1783132179/td3_kl_vanilla.cleanrl_model.norm_stats.npz,1,1,1,0.0,0.0,0.0,0.0,1.0,0.4,,1.0,-1,,-1,,1.0,,1.0,1.0,488.15625458750384,465.4452433118071,267.1607711528516,333.5823709793428,92.33035339056286,1709.4066562611688,
1783521259,eval__Walker2d-v4__td3__vanilla__mass_0p4__seed4__pid740409,td3,Walker2d-v4,4,20,1,vanilla,mass_0p4,/home/users/am1015/rl_runs_td3_walker_kl_20260703_td3_kl_softrobust_5seed_rerun/Walker2d-v4__td3_kl_vanilla__4__1783132179/td3_kl_vanilla.cleanrl_model,/home/users/am1015/rl_runs_td3_walker_kl_20260703_td3_kl_softrobust_5seed_rerun/Walker2d-v4__td3_kl_vanilla__4__1783132179/td3_kl_vanilla.cleanrl_model.norm_stats.npz,1,1,1,0.0,0.0,0.0,0.0,1.0,0.4,,1.0,-1,,-1,,1.0,,1.0,1.0,1423.6296905414372,791.8028734070083,1192.0631076314992,1281.077525490289,46.953291662111816,2914.6099523450644,
1783521263,eval__Walker2d-v4__td3__vanilla__mass_0p4__seed5__pid740447,td3,Walker2d-v4,5,20,1,vanilla,mass_0p4,/home/users/am1015/rl_runs_td3_walker_kl_20260703_td3_kl_softrobust_5seed_rerun/Walker2d-v4__td3_kl_vanilla__5__1783132179/td3_kl_vanilla.cleanrl_model,/home/users/am1015/rl_runs_td3_walker_kl_20260703_td3_kl_softrobust_5seed_rerun/Walker2d-v4__td3_kl_vanilla__5__1783132179/td3_kl_vanilla.cleanrl_model.norm_stats.npz,1,1,1,0.0,0.0,0.0,0.0,1.0,0.4,,1.0,-1,,-1,,1.0,,1.0,1.0,360.6344499289929,96.23244806254668,362.60052030798266,357.1070589138153,222.18381838984897,540.6905509065384,
1783521268,eval__Walker2d-v4__td3__vanilla__mass_0p5__seed1__pid740483,td3,Walker2d-v4,1,20,1,vanilla,mass_0p5,/home/users/am1015/rl_runs_td3_walker_kl_20260703_td3_kl_softrobust_5seed_rerun/Walker2d-v4__td3_kl_vanilla__1__1783132180/td3_kl_vanilla.cleanrl_model,/home/users/am1015/rl_runs_td3_walker_kl_20260703_td3_kl_softrobust_5seed_rerun/Walker2d-v4__td3_kl_vanilla__1__1783132180/td3_kl_vanilla.cleanrl_model.norm_stats.npz,1,1,1,0.0,0.0,0.0,0.0,1.0,0.5,,1.0,-1,,-1,,1.0,,1.0,1.0,737.6231015594493,241.2682210016237,742.2996061233305,734.6113397933079,38.23554104914655,1175.0640300347443,
1783521271,eval__Walker2d-v4__td3__vanilla__mass_0p5__seed2__pid740524,td3,Walker2d-v4,2,20,1,vanilla,mass_0p5,/home/users/am1015/rl_runs_td3_walker_kl_20260703_td3_kl_softrobust_5seed_rerun/Walker2d-v4__td3_kl_vanilla__2__1783132179/td3_kl_vanilla.cleanrl_model,/home/users/am1015/rl_runs_td3_walker_kl_20260703_td3_kl_softrobust_5seed_rerun/Walker2d-v4__td3_kl_vanilla__2__1783132179/td3_kl_vanilla.cleanrl_model.norm_stats.npz,1,1,1,0.0,0.0,0.0,0.0,1.0,0.5,,1.0,-1,,-1,,1.0,,1.0,1.0,349.6763944764508,561.3502204634754,122.43029888753598,121.36073090462703,102.8729798562946,2091.7415574218853,
1783521275,eval__Walker2d-v4__td3__vanilla__mass_0p5__seed3__pid740559,td3,Walker2d-v4,3,20,1,vanilla,mass_0p5,/home/users/am1015/rl_runs_td3_walker_kl_20260703_td3_kl_softrobust_5seed_rerun/Walker2d-v4__td3_kl_vanilla__3__1783132179/td3_kl_vanilla.cleanrl_model,/home/users/am1015/rl_runs_td3_walker_kl_20260703_td3_kl_softrobust_5seed_rerun/Walker2d-v4__td3_kl_vanilla__3__1783132179/td3_kl_vanilla.cleanrl_model.norm_stats.npz,1,1,1,0.0,0.0,0.0,0.0,1.0,0.5,,1.0,-1,,-1,,1.0,,1.0,1.0,675.7455552171037,401.70775296198497,624.6411127045164,638.728017841216,193.11315051661865,1504.4347690334696,
1783521283,eval__Walker2d-v4__td3__vanilla__mass_0p5__seed4__pid740997,td3,Walker2d-v4,4,20,1,vanilla,mass_0p5,/home/users/am1015/rl_runs_td3_walker_kl_20260703_td3_kl_softrobust_5seed_rerun/Walker2d-v4__td3_kl_vanilla__4__1783132179/td3_kl_vanilla.cleanrl_model,/home/users/am1015/rl_runs_td3_walker_kl_20260703_td3_kl_softrobust_5seed_rerun/Walker2d-v4__td3_kl_vanilla__4__1783132179/td3_kl_vanilla.cleanrl_model.norm_stats.npz,1,1,1,0.0,0.0,0.0,0.0,1.0,0.5,,1.0,-1,,-1,,1.0,,1.0,1.0,2073.654855257183,1115.8469933786616,2365.25267050398,2244.1613678398207,-21.461996759536927,3348.263486571621,
1783521287,eval__Walker2d-v4__td3__vanilla__mass_0p5__seed5__pid741198,td3,Walker2d-v4,5,20,1,vanilla,mass_0p5,/home/users/am1015/rl_runs_td3_walker_kl_20260703_td3_kl_softrobust_5seed_rerun/Walker2d-v4__td3_kl_vanilla__5__1783132179/td3_kl_vanilla.cleanrl_model,/home/users/am1015/rl_runs_td3_walker_kl_20260703_td3_kl_softrobust_5seed_rerun/Walker2d-v4__td3_kl_vanilla__5__1783132179/td3_kl_vanilla.cleanrl_model.norm_stats.npz,1,1,1,0.0,0.0,0.0,0.0,1.0,0.5,,1.0,-1,,-1,,1.0,,1.0,1.0,488.2077715113699,286.4075490875918,343.2285409992762,413.29793746813664,200.72705823655724,1163.1538565448136,
1783521292,eval__Walker2d-v4__td3__vanilla__mass_0p6__seed1__pid741233,td3,Walker2d-v4,1,20,1,vanilla,mass_0p6,/home/users/am1015/rl_runs_td3_walker_kl_20260703_td3_kl_softrobust_5seed_rerun/Walker2d-v4__td3_kl_vanilla__1__1783132180/td3_kl_vanilla.cleanrl_model,/home/users/am1015/rl_runs_td3_walker_kl_20260703_td3_kl_softrobust_5seed_rerun/Walker2d-v4__td3_kl_vanilla__1__1783132180/td3_kl_vanilla.cleanrl_model.norm_stats.npz,1,1,1,0.0,0.0,0.0,0.0,1.0,0.6,,1.0,-1,,-1,,1.0,,1.0,1.0,817.3382794027364,199.67038437291652,732.4906275956964,752.7419939214284,599.0807678289254,1306.1611949295834,
1783521295,eval__Walker2d-v4__td3__vanilla__mass_0p6__seed2__pid741268,td3,Walker2d-v4,2,20,1,vanilla,mass_0p6,/home/users/am1015/rl_runs_td3_walker_kl_20260703_td3_kl_softrobust_5seed_rerun/Walker2d-v4__td3_kl_vanilla__2__1783132179/td3_kl_vanilla.cleanrl_model,/home/users/am1015/rl_runs_td3_walker_kl_20260703_td3_kl_softrobust_5seed_rerun/Walker2d-v4__td3_kl_vanilla__2__1783132179/td3_kl_vanilla.cleanrl_model.norm_stats.npz,1,1,1,0.0,0.0,0.0,0.0,1.0,0.6,,1.0,-1,,-1,,1.0,,1.0,1.0,485.0190180912926,977.0445649097576,106.63736548057412,107.46301480173034,95.70673360343642,3704.016599336755,
1783521300,eval__Walker2d-v4__td3__vanilla__mass_0p6__seed3__pid741310,td3,Walker2d-v4,3,20,1,vanilla,mass_0p6,/home/users/am1015/rl_runs_td3_walker_kl_20260703_td3_kl_softrobust_5seed_rerun/Walker2d-v4__td3_kl_vanilla__3__1783132179/td3_kl_vanilla.cleanrl_model,/home/users/am1015/rl_runs_td3_walker_kl_20260703_td3_kl_softrobust_5seed_rerun/Walker2d-v4__td3_kl_vanilla__3__1783132179/td3_kl_vanilla.cleanrl_model.norm_stats.npz,1,1,1,0.0,0.0,0.0,0.0,1.0,0.6,,1.0,-1,,-1,,1.0,,1.0,1.0,913.1246764276768,714.7883312854188,566.3044398078766,790.816805128454,169.69198085008904,2666.1508848540907,
1783521308,eval__Walker2d-v4__td3__vanilla__mass_0p6__seed4__pid741348,td3,Walker2d-v4,4,20,1,vanilla,mass_0p6,/home/users/am1015/rl_runs_td3_walker_kl_20260703_td3_kl_softrobust_5seed_rerun/Walker2d-v4__td3_kl_vanilla__4__1783132179/td3_kl_vanilla.cleanrl_model,/home/users/am1015/rl_runs_td3_walker_kl_20260703_td3_kl_softrobust_5seed_rerun/Walker2d-v4__td3_kl_vanilla__4__1783132179/td3_kl_vanilla.cleanrl_model.norm_stats.npz,1,1,1,0.0,0.0,0.0,0.0,1.0,0.6,,1.0,-1,,-1,,1.0,,1.0,1.0,3121.6444294199077,762.7822767645825,3470.777647716148,3454.232826510007,1280.880559901503,3659.683063467398,
1783521312,eval__Walker2d-v4__td3__vanilla__mass_0p6__seed5__pid741386,td3,Walker2d-v4,5,20,1,vanilla,mass_0p6,/home/users/am1015/rl_runs_td3_walker_kl_20260703_td3_kl_softrobust_5seed_rerun/Walker2d-v4__td3_kl_vanilla__5__1783132179/td3_kl_vanilla.cleanrl_model,/home/users/am1015/rl_runs_td3_walker_kl_20260703_td3_kl_softrobust_5seed_rerun/Walker2d-v4__td3_kl_vanilla__5__1783132179/td3_kl_vanilla.cleanrl_model.norm_stats.npz,1,1,1,0.0,0.0,0.0,0.0,1.0,0.6,,1.0,-1,,-1,,1.0,,1.0,1.0,427.34565088620354,185.7089189884709,342.83498815227307,346.5799551004712,229.8380675767065,920.3531200529756,
1783521317,eval__Walker2d-v4__td3__vanilla__mass_0p7__seed1__pid741448,td3,Walker2d-v4,1,20,1,vanilla,mass_0p7,/home/users/am1015/rl_runs_td3_walker_kl_20260703_td3_kl_softrobust_5seed_rerun/Walker2d-v4__td3_kl_vanilla__1__1783132180/td3_kl_vanilla.cleanrl_model,/home/users/am1015/rl_runs_td3_walker_kl_20260703_td3_kl_softrobust_5seed_rerun/Walker2d-v4__td3_kl_vanilla__1__1783132180/td3_kl_vanilla.cleanrl_model.norm_stats.npz,1,1,1,0.0,0.0,0.0,0.0,1.0,0.7,,1.0,-1,,-1,,1.0,,1.0,1.0,1017.8904178302804,331.8673339149016,1005.811374544203,957.6151897262396,580.2473647003017,1883.0190094736756,
1783521321,eval__Walker2d-v4__td3__vanilla__mass_0p7__seed2__pid741817,td3,Walker2d-v4,2,20,1,vanilla,mass_0p7,/home/users/am1015/rl_runs_td3_walker_kl_20260703_td3_kl_softrobust_5seed_rerun/Walker2d-v4__td3_kl_vanilla__2__1783132179/td3_kl_vanilla.cleanrl_model,/home/users/am1015/rl_runs_td3_walker_kl_20260703_td3_kl_softrobust_5seed_rerun/Walker2d-v4__td3_kl_vanilla__2__1783132179/td3_kl_vanilla.cleanrl_model.norm_stats.npz,1,1,1,0.0,0.0,0.0,0.0,1.0,0.7,,1.0,-1,,-1,,1.0,,1.0,1.0,613.5300681415058,1215.273147972258,129.67119824667702,210.32471572715704,103.43394597058744,4187.359128217942,
1783521328,eval__Walker2d-v4__td3__vanilla__mass_0p7__seed3__pid742541,td3,Walker2d-v4,3,20,1,vanilla,mass_0p7,/home/users/am1015/rl_runs_td3_walker_kl_20260703_td3_kl_softrobust_5seed_rerun/Walker2d-v4__td3_kl_vanilla__3__1783132179/td3_kl_vanilla.cleanrl_model,/home/users/am1015/rl_runs_td3_walker_kl_20260703_td3_kl_softrobust_5seed_rerun/Walker2d-v4__td3_kl_vanilla__3__1783132179/td3_kl_vanilla.cleanrl_model.norm_stats.npz,1,1,1,0.0,0.0,0.0,0.0,1.0,0.7,,1.0,-1,,-1,,1.0,,1.0,1.0,2391.671926194783,1663.825096303284,1270.3618483423115,2284.019277987757,339.1677222554614,4420.97398580807,
1783521336,eval__Walker2d-v4__td3__vanilla__mass_0p7__seed4__pid742671,td3,Walker2d-v4,4,20,1,vanilla,mass_0p7,/home/users/am1015/rl_runs_td3_walker_kl_20260703_td3_kl_softrobust_5seed_rerun/Walker2d-v4__td3_kl_vanilla__4__1783132179/td3_kl_vanilla.cleanrl_model,/home/users/am1015/rl_runs_td3_walker_kl_20260703_td3_kl_softrobust_5seed_rerun/Walker2d-v4__td3_kl_vanilla__4__1783132179/td3_kl_vanilla.cleanrl_model.norm_stats.npz,1,1,1,0.0,0.0,0.0,0.0,1.0,0.7,,1.0,-1,,-1,,1.0,,1.0,1.0,3411.3913684166755,591.3142126446922,3702.925206448744,3689.703373836444,2002.2372026072849,3779.851710530757,
1783521340,eval__Walker2d-v4__td3__vanilla__mass_0p7__seed5__pid743983,td3,Walker2d-v4,5,20,1,vanilla,mass_0p7,/home/users/am1015/rl_runs_td3_walker_kl_20260703_td3_kl_softrobust_5seed_rerun/Walker2d-v4__td3_kl_vanilla__5__1783132179/td3_kl_vanilla.cleanrl_model,/home/users/am1015/rl_runs_td3_walker_kl_20260703_td3_kl_softrobust_5seed_rerun/Walker2d-v4__td3_kl_vanilla__5__1783132179/td3_kl_vanilla.cleanrl_model.norm_stats.npz,1,1,1,0.0,0.0,0.0,0.0,1.0,0.7,,1.0,-1,,-1,,1.0,,1.0,1.0,556.1928555026313,255.04915427159744,396.7514359224583,518.8095695651946,216.8102963998808,1186.9245650402947,
1783521345,eval__Walker2d-v4__td3__vanilla__mass_0p8__seed1__pid744080,td3,Walker2d-v4,1,20,1,vanilla,mass_0p8,/home/users/am1015/rl_runs_td3_walker_kl_20260703_td3_kl_softrobust_5seed_rerun/Walker2d-v4__td3_kl_vanilla__1__1783132180/td3_kl_vanilla.cleanrl_model,/home/users/am1015/rl_runs_td3_walker_kl_20260703_td3_kl_softrobust_5seed_rerun/Walker2d-v4__td3_kl_vanilla__1__1783132180/td3_kl_vanilla.cleanrl_model.norm_stats.npz,1,1,1,0.0,0.0,0.0,0.0,1.0,0.8,,1.0,-1,,-1,,1.0,,1.0,1.0,877.2095046453678,150.1131784948188,904.8243638868016,906.4796141164412,577.7678657001456,1125.9036812569705,
1783521351,eval__Walker2d-v4__td3__vanilla__mass_0p8__seed2__pid744760,td3,Walker2d-v4,2,20,1,vanilla,mass_0p8,/home/users/am1015/rl_runs_td3_walker_kl_20260703_td3_kl_softrobust_5seed_rerun/Walker2d-v4__td3_kl_vanilla__2__1783132179/td3_kl_vanilla.cleanrl_model,/home/users/am1015/rl_runs_td3_walker_kl_20260703_td3_kl_softrobust_5seed_rerun/Walker2d-v4__td3_kl_vanilla__2__1783132179/td3_kl_vanilla.cleanrl_model.norm_stats.npz,1,1,1,0.0,0.0,0.0,0.0,1.0,0.8,,1.0,-1,,-1,,1.0,,1.0,1.0,1794.733257127938,1764.3734805642637,643.7050835547778,1359.3047672787322,113.42251002338948,4137.209364202392,
1783521359,eval__Walker2d-v4__td3__vanilla__mass_0p8__seed3__pid744859,td3,Walker2d-v4,3,20,1,vanilla,mass_0p8,/home/users/am1015/rl_runs_td3_walker_kl_20260703_td3_kl_softrobust_5seed_rerun/Walker2d-v4__td3_kl_vanilla__3__1783132179/td3_kl_vanilla.cleanrl_model,/home/users/am1015/rl_runs_td3_walker_kl_20260703_td3_kl_softrobust_5seed_rerun/Walker2d-v4__td3_kl_vanilla__3__1783132179/td3_kl_vanilla.cleanrl_model.norm_stats.npz,1,1,1,0.0,0.0,0.0,0.0,1.0,0.8,,1.0,-1,,-1,,1.0,,1.0,1.0,3279.980326858878,1031.747133348943,3738.9357715058873,3727.4070042207313,1099.89178883119,4142.47000032043,
1783521369,eval__Walker2d-v4__td3__vanilla__mass_0p8__seed4__pid745152,td3,Walker2d-v4,4,20,1,vanilla,mass_0p8,/home/users/am1015/rl_runs_td3_walker_kl_20260703_td3_kl_softrobust_5seed_rerun/Walker2d-v4__td3_kl_vanilla__4__1783132179/td3_kl_vanilla.cleanrl_model,/home/users/am1015/rl_runs_td3_walker_kl_20260703_td3_kl_softrobust_5seed_rerun/Walker2d-v4__td3_kl_vanilla__4__1783132179/td3_kl_vanilla.cleanrl_model.norm_stats.npz,1,1,1,0.0,0.0,0.0,0.0,1.0,0.8,,1.0,-1,,-1,,1.0,,1.0,1.0,3713.368445464735,282.7972118723972,3771.290208546093,3772.2412351997714,2518.047342345248,3830.62966732842,
1783521374,eval__Walker2d-v4__td3__vanilla__mass_0p8__seed5__pid746012,td3,Walker2d-v4,5,20,1,vanilla,mass_0p8,/home/users/am1015/rl_runs_td3_walker_kl_20260703_td3_kl_softrobust_5seed_rerun/Walker2d-v4__td3_kl_vanilla__5__1783132179/td3_kl_vanilla.cleanrl_model,/home/users/am1015/rl_runs_td3_walker_kl_20260703_td3_kl_softrobust_5seed_rerun/Walker2d-v4__td3_kl_vanilla__5__1783132179/td3_kl_vanilla.cleanrl_model.norm_stats.npz,1,1,1,0.0,0.0,0.0,0.0,1.0,0.8,,1.0,-1,,-1,,1.0,,1.0,1.0,935.4508724507654,328.6274928249724,795.6101028497773,820.568819778476,605.7456219231206,1787.6112620017257,
1783520979,eval__Walker2d-v4__td3__vanilla__mass_0p9__seed1__pid862432,td3,Walker2d-v4,1,20,1,vanilla,mass_0p9,/home/users/am1015/rl_runs_td3_walker_kl_20260703_td3_kl_softrobust_5seed_rerun/Walker2d-v4__td3_kl_vanilla__1__1783132180/td3_kl_vanilla.cleanrl_model,/home/users/am1015/rl_runs_td3_walker_kl_20260703_td3_kl_softrobust_5seed_rerun/Walker2d-v4__td3_kl_vanilla__1__1783132180/td3_kl_vanilla.cleanrl_model.norm_stats.npz,1,1,1,0.0,0.0,0.0,0.0,1.0,0.9,,1.0,-1,,-1,,1.0,,1.0,1.0,959.5856317911793,152.94268701085085,933.9307079211206,970.2699118368862,493.8868903474433,1172.9197987324887,
1783520985,eval__Walker2d-v4__td3__vanilla__mass_0p9__seed2__pid862469,td3,Walker2d-v4,2,20,1,vanilla,mass_0p9,/home/users/am1015/rl_runs_td3_walker_kl_20260703_td3_kl_softrobust_5seed_rerun/Walker2d-v4__td3_kl_vanilla__2__1783132179/td3_kl_vanilla.cleanrl_model,/home/users/am1015/rl_runs_td3_walker_kl_20260703_td3_kl_softrobust_5seed_rerun/Walker2d-v4__td3_kl_vanilla__2__1783132179/td3_kl_vanilla.cleanrl_model.norm_stats.npz,1,1,1,0.0,0.0,0.0,0.0,1.0,0.9,,1.0,-1,,-1,,1.0,,1.0,1.0,1689.1862314388586,1809.7475582570407,439.91263472761887,1218.2059979105734,109.95162213282558,4095.919508711997,
1783520996,eval__Walker2d-v4__td3__vanilla__mass_0p9__seed3__pid862525,td3,Walker2d-v4,3,20,1,vanilla,mass_0p9,/home/users/am1015/rl_runs_td3_walker_kl_20260703_td3_kl_softrobust_5seed_rerun/Walker2d-v4__td3_kl_vanilla__3__1783132179/td3_kl_vanilla.cleanrl_model,/home/users/am1015/rl_runs_td3_walker_kl_20260703_td3_kl_softrobust_5seed_rerun/Walker2d-v4__td3_kl_vanilla__3__1783132179/td3_kl_vanilla.cleanrl_model.norm_stats.npz,1,1,1,0.0,0.0,0.0,0.0,1.0,0.9,,1.0,-1,,-1,,1.0,,1.0,1.0,3653.6146955048375,46.624852699116815,3631.5603807102616,3637.370142358991,3611.7650990526254,3754.663347299708,
1783521006,eval__Walker2d-v4__td3__vanilla__mass_0p9__seed4__pid862566,td3,Walker2d-v4,4,20,1,vanilla,mass_0p9,/home/users/am1015/rl_runs_td3_walker_kl_20260703_td3_kl_softrobust_5seed_rerun/Walker2d-v4__td3_kl_vanilla__4__1783132179/td3_kl_vanilla.cleanrl_model,/home/users/am1015/rl_runs_td3_walker_kl_20260703_td3_kl_softrobust_5seed_rerun/Walker2d-v4__td3_kl_vanilla__4__1783132179/td3_kl_vanilla.cleanrl_model.norm_stats.npz,1,1,1,0.0,0.0,0.0,0.0,1.0,0.9,,1.0,-1,,-1,,1.0,,1.0,1.0,3410.6157989142275,748.4130303344544,3800.778324129375,3735.978946685334,1582.4629526551894,3954.131949997021,
1783521011,eval__Walker2d-v4__td3__vanilla__mass_0p9__seed5__pid862627,td3,Walker2d-v4,5,20,1,vanilla,mass_0p9,/home/users/am1015/rl_runs_td3_walker_kl_20260703_td3_kl_softrobust_5seed_rerun/Walker2d-v4__td3_kl_vanilla__5__1783132179/td3_kl_vanilla.cleanrl_model,/home/users/am1015/rl_runs_td3_walker_kl_20260703_td3_kl_softrobust_5seed_rerun/Walker2d-v4__td3_kl_vanilla__5__1783132179/td3_kl_vanilla.cleanrl_model.norm_stats.npz,1,1,1,0.0,0.0,0.0,0.0,1.0,0.9,,1.0,-1,,-1,,1.0,,1.0,1.0,847.6243650951841,58.76084609523693,840.5082461818427,837.9781083598693,755.5039884662425,1010.3064166314864,
1783521016,eval__Walker2d-v4__td3__vanilla__mass_1p0__seed1__pid862665,td3,Walker2d-v4,1,20,1,vanilla,mass_1p0,/home/users/am1015/rl_runs_td3_walker_kl_20260703_td3_kl_softrobust_5seed_rerun/Walker2d-v4__td3_kl_vanilla__1__1783132180/td3_kl_vanilla.cleanrl_model,/home/users/am1015/rl_runs_td3_walker_kl_20260703_td3_kl_softrobust_5seed_rerun/Walker2d-v4__td3_kl_vanilla__1__1783132180/td3_kl_vanilla.cleanrl_model.norm_stats.npz,1,1,1,0.0,0.0,0.0,0.0,1.0,1.0,,1.0,-1,,-1,,1.0,,1.0,1.0,1043.3866358058267,303.0826080468696,924.522000479842,967.3973381320347,723.9857237597939,1818.7181579950352,
1783521023,eval__Walker2d-v4__td3__vanilla__mass_1p0__seed2__pid862722,td3,Walker2d-v4,2,20,1,vanilla,mass_1p0,/home/users/am1015/rl_runs_td3_walker_kl_20260703_td3_kl_softrobust_5seed_rerun/Walker2d-v4__td3_kl_vanilla__2__1783132179/td3_kl_vanilla.cleanrl_model,/home/users/am1015/rl_runs_td3_walker_kl_20260703_td3_kl_softrobust_5seed_rerun/Walker2d-v4__td3_kl_vanilla__2__1783132179/td3_kl_vanilla.cleanrl_model.norm_stats.npz,1,1,1,0.0,0.0,0.0,0.0,1.0,1.0,,1.0,-1,,-1,,1.0,,1.0,1.0,1791.985061994487,1706.090266455564,757.863190262898,1394.6259355129537,117.41192895869077,4043.438374096898,
1783521034,eval__Walker2d-v4__td3__vanilla__mass_1p0__seed3__pid862763,td3,Walker2d-v4,3,20,1,vanilla,mass_1p0,/home/users/am1015/rl_runs_td3_walker_kl_20260703_td3_kl_softrobust_5seed_rerun/Walker2d-v4__td3_kl_vanilla__3__1783132179/td3_kl_vanilla.cleanrl_model,/home/users/am1015/rl_runs_td3_walker_kl_20260703_td3_kl_softrobust_5seed_rerun/Walker2d-v4__td3_kl_vanilla__3__1783132179/td3_kl_vanilla.cleanrl_model.norm_stats.npz,1,1,1,0.0,0.0,0.0,0.0,1.0,1.0,,1.0,-1,,-1,,1.0,,1.0,1.0,3668.7564325525263,28.06463910463111,3669.516953136354,3667.437883386424,3626.715058527624,3728.419280795981,
1783521043,eval__Walker2d-v4__td3__vanilla__mass_1p0__seed4__pid862822,td3,Walker2d-v4,4,20,1,vanilla,mass_1p0,/home/users/am1015/rl_runs_td3_walker_kl_20260703_td3_kl_softrobust_5seed_rerun/Walker2d-v4__td3_kl_vanilla__4__1783132179/td3_kl_vanilla.cleanrl_model,/home/users/am1015/rl_runs_td3_walker_kl_20260703_td3_kl_softrobust_5seed_rerun/Walker2d-v4__td3_kl_vanilla__4__1783132179/td3_kl_vanilla.cleanrl_model.norm_stats.npz,1,1,1,0.0,0.0,0.0,0.0,1.0,1.0,,1.0,-1,,-1,,1.0,,1.0,1.0,3055.075780306317,810.0621214829954,2922.9923134064734,3111.189200559692,1882.5061352199596,3969.203836167754,
1783521048,eval__Walker2d-v4__td3__vanilla__mass_1p0__seed5__pid862861,td3,Walker2d-v4,5,20,1,vanilla,mass_1p0,/home/users/am1015/rl_runs_td3_walker_kl_20260703_td3_kl_softrobust_5seed_rerun/Walker2d-v4__td3_kl_vanilla__5__1783132179/td3_kl_vanilla.cleanrl_model,/home/users/am1015/rl_runs_td3_walker_kl_20260703_td3_kl_softrobust_5seed_rerun/Walker2d-v4__td3_kl_vanilla__5__1783132179/td3_kl_vanilla.cleanrl_model.norm_stats.npz,1,1,1,0.0,0.0,0.0,0.0,1.0,1.0,,1.0,-1,,-1,,1.0,,1.0,1.0,939.630056094917,61.40793796114819,924.2185642556584,925.5480365411746,853.4753341153499,1059.217283375664,
1783521053,eval__Walker2d-v4__td3__vanilla__mass_1p1__seed1__pid862917,td3,Walker2d-v4,1,20,1,vanilla,mass_1p1,/home/users/am1015/rl_runs_td3_walker_kl_20260703_td3_kl_softrobust_5seed_rerun/Walker2d-v4__td3_kl_vanilla__1__1783132180/td3_kl_vanilla.cleanrl_model,/home/users/am1015/rl_runs_td3_walker_kl_20260703_td3_kl_softrobust_5seed_rerun/Walker2d-v4__td3_kl_vanilla__1__1783132180/td3_kl_vanilla.cleanrl_model.norm_stats.npz,1,1,1,0.0,0.0,0.0,0.0,1.0,1.1,,1.0,-1,,-1,,1.0,,1.0,1.0,975.9946247423812,238.26433558551344,938.5857610880212,937.7457540108028,771.7938421686563,1856.8835540887364,
1783521058,eval__Walker2d-v4__td3__vanilla__mass_1p1__seed2__pid862955,td3,Walker2d-v4,2,20,1,vanilla,mass_1p1,/home/users/am1015/rl_runs_td3_walker_kl_20260703_td3_kl_softrobust_5seed_rerun/Walker2d-v4__td3_kl_vanilla__2__1783132179/td3_kl_vanilla.cleanrl_model,/home/users/am1015/rl_runs_td3_walker_kl_20260703_td3_kl_softrobust_5seed_rerun/Walker2d-v4__td3_kl_vanilla__2__1783132179/td3_kl_vanilla.cleanrl_model.norm_stats.npz,1,1,1,0.0,0.0,0.0,0.0,1.0,1.1,,1.0,-1,,-1,,1.0,,1.0,1.0,1057.7638450184038,146.83319634655362,1091.4882756953125,1090.1769583816958,487.51424707565934,1180.6455159143115,
1783521068,eval__Walker2d-v4__td3__vanilla__mass_1p1__seed3__pid862991,td3,Walker2d-v4,3,20,1,vanilla,mass_1p1,/home/users/am1015/rl_runs_td3_walker_kl_20260703_td3_kl_softrobust_5seed_rerun/Walker2d-v4__td3_kl_vanilla__3__1783132179/td3_kl_vanilla.cleanrl_model,/home/users/am1015/rl_runs_td3_walker_kl_20260703_td3_kl_softrobust_5seed_rerun/Walker2d-v4__td3_kl_vanilla__3__1783132179/td3_kl_vanilla.cleanrl_model.norm_stats.npz,1,1,1,0.0,0.0,0.0,0.0,1.0,1.1,,1.0,-1,,-1,,1.0,,1.0,1.0,3686.209039019001,25.40779729652816,3681.065736784987,3681.743417824168,3658.180239818266,3772.3204686312415,
1783521077,eval__Walker2d-v4__td3__vanilla__mass_1p1__seed4__pid863047,td3,Walker2d-v4,4,20,1,vanilla,mass_1p1,/home/users/am1015/rl_runs_td3_walker_kl_20260703_td3_kl_softrobust_5seed_rerun/Walker2d-v4__td3_kl_vanilla__4__1783132179/td3_kl_vanilla.cleanrl_model,/home/users/am1015/rl_runs_td3_walker_kl_20260703_td3_kl_softrobust_5seed_rerun/Walker2d-v4__td3_kl_vanilla__4__1783132179/td3_kl_vanilla.cleanrl_model.norm_stats.npz,1,1,1,0.0,0.0,0.0,0.0,1.0,1.1,,1.0,-1,,-1,,1.0,,1.0,1.0,2970.752779068663,864.9682954787045,3132.6856641985887,3127.0375221805725,1371.598114264516,3940.1911944051135,
1783521083,eval__Walker2d-v4__td3__vanilla__mass_1p1__seed5__pid863105,td3,Walker2d-v4,5,20,1,vanilla,mass_1p1,/home/users/am1015/rl_runs_td3_walker_kl_20260703_td3_kl_softrobust_5seed_rerun/Walker2d-v4__td3_kl_vanilla__5__1783132179/td3_kl_vanilla.cleanrl_model,/home/users/am1015/rl_runs_td3_walker_kl_20260703_td3_kl_softrobust_5seed_rerun/Walker2d-v4__td3_kl_vanilla__5__1783132179/td3_kl_vanilla.cleanrl_model.norm_stats.npz,1,1,1,0.0,0.0,0.0,0.0,1.0,1.1,,1.0,-1,,-1,,1.0,,1.0,1.0,970.71381535472,55.799285686482506,971.9941848822964,971.285965184282,862.0418312358606,1064.56415767461,
1783521087,eval__Walker2d-v4__td3__vanilla__mass_1p3__seed1__pid863141,td3,Walker2d-v4,1,20,1,vanilla,mass_1p3,/home/users/am1015/rl_runs_td3_walker_kl_20260703_td3_kl_softrobust_5seed_rerun/Walker2d-v4__td3_kl_vanilla__1__1783132180/td3_kl_vanilla.cleanrl_model,/home/users/am1015/rl_runs_td3_walker_kl_20260703_td3_kl_softrobust_5seed_rerun/Walker2d-v4__td3_kl_vanilla__1__1783132180/td3_kl_vanilla.cleanrl_model.norm_stats.npz,1,1,1,0.0,0.0,0.0,0.0,1.0,1.3,,1.0,-1,,-1,,1.0,,1.0,1.0,658.921532962686,28.40049670335821,656.883986798694,658.7129435426709,606.0253050380941,726.9482965748862,
1783521092,eval__Walker2d-v4__td3__vanilla__mass_1p3__seed2__pid863177,td3,Walker2d-v4,2,20,1,vanilla,mass_1p3,/home/users/am1015/rl_runs_td3_walker_kl_20260703_td3_kl_softrobust_5seed_rerun/Walker2d-v4__td3_kl_vanilla__2__1783132179/td3_kl_vanilla.cleanrl_model,/home/users/am1015/rl_runs_td3_walker_kl_20260703_td3_kl_softrobust_5seed_rerun/Walker2d-v4__td3_kl_vanilla__2__1783132179/td3_kl_vanilla.cleanrl_model.norm_stats.npz,1,1,1,0.0,0.0,0.0,0.0,1.0,1.3,,1.0,-1,,-1,,1.0,,1.0,1.0,664.7593767558026,26.73972591258045,671.6138012010912,671.9075654625058,572.364922501613,686.2453659381165,
1783521098,eval__Walker2d-v4__td3__vanilla__mass_1p3__seed3__pid863232,td3,Walker2d-v4,3,20,1,vanilla,mass_1p3,/home/users/am1015/rl_runs_td3_walker_kl_20260703_td3_kl_softrobust_5seed_rerun/Walker2d-v4__td3_kl_vanilla__3__1783132179/td3_kl_vanilla.cleanrl_model,/home/users/am1015/rl_runs_td3_walker_kl_20260703_td3_kl_softrobust_5seed_rerun/Walker2d-v4__td3_kl_vanilla__3__1783132179/td3_kl_vanilla.cleanrl_model.norm_stats.npz,1,1,1,0.0,0.0,0.0,0.0,1.0,1.3,,1.0,-1,,-1,,1.0,,1.0,1.0,1624.7039136713752,339.5147254379013,1563.9829220763766,1564.723305848725,1193.17130224928,2571.5274756330077,
1783521106,eval__Walker2d-v4__td3__vanilla__mass_1p3__seed4__pid863271,td3,Walker2d-v4,4,20,1,vanilla,mass_1p3,/home/users/am1015/rl_runs_td3_walker_kl_20260703_td3_kl_softrobust_5seed_rerun/Walker2d-v4__td3_kl_vanilla__4__1783132179/td3_kl_vanilla.cleanrl_model,/home/users/am1015/rl_runs_td3_walker_kl_20260703_td3_kl_softrobust_5seed_rerun/Walker2d-v4__td3_kl_vanilla__4__1783132179/td3_kl_vanilla.cleanrl_model.norm_stats.npz,1,1,1,0.0,0.0,0.0,0.0,1.0,1.3,,1.0,-1,,-1,,1.0,,1.0,1.0,2519.198524349099,422.80110813902417,2394.300977476658,2454.972174781063,1990.679754244136,3391.929324143968,
1783521111,eval__Walker2d-v4__td3__vanilla__mass_1p3__seed5__pid863329,td3,Walker2d-v4,5,20,1,vanilla,mass_1p3,/home/users/am1015/rl_runs_td3_walker_kl_20260703_td3_kl_softrobust_5seed_rerun/Walker2d-v4__td3_kl_vanilla__5__1783132179/td3_kl_vanilla.cleanrl_model,/home/users/am1015/rl_runs_td3_walker_kl_20260703_td3_kl_softrobust_5seed_rerun/Walker2d-v4__td3_kl_vanilla__5__1783132179/td3_kl_vanilla.cleanrl_model.norm_stats.npz,1,1,1,0.0,0.0,0.0,0.0,1.0,1.3,,1.0,-1,,-1,,1.0,,1.0,1.0,894.3818948615972,24.408540781425287,898.9968536227641,896.1858620253564,832.9066686320459,925.1067758633686,
1783521115,eval__Walker2d-v4__td3__vanilla__mass_1p5__seed1__pid863365,td3,Walker2d-v4,1,20,1,vanilla,mass_1p5,/home/users/am1015/rl_runs_td3_walker_kl_20260703_td3_kl_softrobust_5seed_rerun/Walker2d-v4__td3_kl_vanilla__1__1783132180/td3_kl_vanilla.cleanrl_model,/home/users/am1015/rl_runs_td3_walker_kl_20260703_td3_kl_softrobust_5seed_rerun/Walker2d-v4__td3_kl_vanilla__1__1783132180/td3_kl_vanilla.cleanrl_model.norm_stats.npz,1,1,1,0.0,0.0,0.0,0.0,1.0,1.5,,1.0,-1,,-1,,1.0,,1.0,1.0,476.4208237554311,22.417192101003977,481.82949626076567,478.3468765247552,429.44148685969975,530.1561636627682,
1783521119,eval__Walker2d-v4__td3__vanilla__mass_1p5__seed2__pid863400,td3,Walker2d-v4,2,20,1,vanilla,mass_1p5,/home/users/am1015/rl_runs_td3_walker_kl_20260703_td3_kl_softrobust_5seed_rerun/Walker2d-v4__td3_kl_vanilla__2__1783132179/td3_kl_vanilla.cleanrl_model,/home/users/am1015/rl_runs_td3_walker_kl_20260703_td3_kl_softrobust_5seed_rerun/Walker2d-v4__td3_kl_vanilla__2__1783132179/td3_kl_vanilla.cleanrl_model.norm_stats.npz,1,1,1,0.0,0.0,0.0,0.0,1.0,1.5,,1.0,-1,,-1,,1.0,,1.0,1.0,513.8925925905512,27.184638628391,509.1143976951694,508.2118847400756,474.5794030967788,589.5003753836307,
1783521124,eval__Walker2d-v4__td3__vanilla__mass_1p5__seed3__pid863436,td3,Walker2d-v4,3,20,1,vanilla,mass_1p5,/home/users/am1015/rl_runs_td3_walker_kl_20260703_td3_kl_softrobust_5seed_rerun/Walker2d-v4__td3_kl_vanilla__3__1783132179/td3_kl_vanilla.cleanrl_model,/home/users/am1015/rl_runs_td3_walker_kl_20260703_td3_kl_softrobust_5seed_rerun/Walker2d-v4__td3_kl_vanilla__3__1783132179/td3_kl_vanilla.cleanrl_model.norm_stats.npz,1,1,1,0.0,0.0,0.0,0.0,1.0,1.5,,1.0,-1,,-1,,1.0,,1.0,1.0,867.4495725214854,73.57308969792876,890.295876027842,874.9701888219037,752.4546772330317,960.085829701208,
1783521128,eval__Walker2d-v4__td3__vanilla__mass_1p5__seed4__pid863491,td3,Walker2d-v4,4,20,1,vanilla,mass_1p5,/home/users/am1015/rl_runs_td3_walker_kl_20260703_td3_kl_softrobust_5seed_rerun/Walker2d-v4__td3_kl_vanilla__4__1783132179/td3_kl_vanilla.cleanrl_model,/home/users/am1015/rl_runs_td3_walker_kl_20260703_td3_kl_softrobust_5seed_rerun/Walker2d-v4__td3_kl_vanilla__4__1783132179/td3_kl_vanilla.cleanrl_model.norm_stats.npz,1,1,1,0.0,0.0,0.0,0.0,1.0,1.5,,1.0,-1,,-1,,1.0,,1.0,1.0,532.681500363323,24.046827177190007,521.4065992531728,528.6389789470553,500.9556461563614,580.9365791972386,
1783521132,eval__Walker2d-v4__td3__vanilla__mass_1p5__seed5__pid863527,td3,Walker2d-v4,5,20,1,vanilla,mass_1p5,/home/users/am1015/rl_runs_td3_walker_kl_20260703_td3_kl_softrobust_5seed_rerun/Walker2d-v4__td3_kl_vanilla__5__1783132179/td3_kl_vanilla.cleanrl_model,/home/users/am1015/rl_runs_td3_walker_kl_20260703_td3_kl_softrobust_5seed_rerun/Walker2d-v4__td3_kl_vanilla__5__1783132179/td3_kl_vanilla.cleanrl_model.norm_stats.npz,1,1,1,0.0,0.0,0.0,0.0,1.0,1.5,,1.0,-1,,-1,,1.0,,1.0,1.0,731.6480212978192,6.3777404859381415,731.002396647001,730.704993336706,721.3512115266087,750.9055282046965,
1783521136,eval__Walker2d-v4__td3__vanilla__mass_1p7__seed1__pid863564,td3,Walker2d-v4,1,20,1,vanilla,mass_1p7,/home/users/am1015/rl_runs_td3_walker_kl_20260703_td3_kl_softrobust_5seed_rerun/Walker2d-v4__td3_kl_vanilla__1__1783132180/td3_kl_vanilla.cleanrl_model,/home/users/am1015/rl_runs_td3_walker_kl_20260703_td3_kl_softrobust_5seed_rerun/Walker2d-v4__td3_kl_vanilla__1__1783132180/td3_kl_vanilla.cleanrl_model.norm_stats.npz,1,1,1,0.0,0.0,0.0,0.0,1.0,1.7,,1.0,-1,,-1,,1.0,,1.0,1.0,381.2720224497581,15.189285513320918,380.2148815408037,381.18630981703984,357.29623069489435,429.7784531360843,
1783521140,eval__Walker2d-v4__td3__vanilla__mass_1p7__seed2__pid863620,td3,Walker2d-v4,2,20,1,vanilla,mass_1p7,/home/users/am1015/rl_runs_td3_walker_kl_20260703_td3_kl_softrobust_5seed_rerun/Walker2d-v4__td3_kl_vanilla__2__1783132179/td3_kl_vanilla.cleanrl_model,/home/users/am1015/rl_runs_td3_walker_kl_20260703_td3_kl_softrobust_5seed_rerun/Walker2d-v4__td3_kl_vanilla__2__1783132179/td3_kl_vanilla.cleanrl_model.norm_stats.npz,1,1,1,0.0,0.0,0.0,0.0,1.0,1.7,,1.0,-1,,-1,,1.0,,1.0,1.0,439.8537438382226,23.48507165217308,443.0258453418037,442.18958087085656,401.868311453494,503.2331327111573,
1783521144,eval__Walker2d-v4__td3__vanilla__mass_1p7__seed3__pid863657,td3,Walker2d-v4,3,20,1,vanilla,mass_1p7,/home/users/am1015/rl_runs_td3_walker_kl_20260703_td3_kl_softrobust_5seed_rerun/Walker2d-v4__td3_kl_vanilla__3__1783132179/td3_kl_vanilla.cleanrl_model,/home/users/am1015/rl_runs_td3_walker_kl_20260703_td3_kl_softrobust_5seed_rerun/Walker2d-v4__td3_kl_vanilla__3__1783132179/td3_kl_vanilla.cleanrl_model.norm_stats.npz,1,1,1,0.0,0.0,0.0,0.0,1.0,1.7,,1.0,-1,,-1,,1.0,,1.0,1.0,517.4990522663172,88.68528163214883,555.0331191159635,549.5049632304538,237.8483520565123,578.6613183848892,
1783521148,eval__Walker2d-v4__td3__vanilla__mass_1p7__seed4__pid863693,td3,Walker2d-v4,4,20,1,vanilla,mass_1p7,/home/users/am1015/rl_runs_td3_walker_kl_20260703_td3_kl_softrobust_5seed_rerun/Walker2d-v4__td3_kl_vanilla__4__1783132179/td3_kl_vanilla.cleanrl_model,/home/users/am1015/rl_runs_td3_walker_kl_20260703_td3_kl_softrobust_5seed_rerun/Walker2d-v4__td3_kl_vanilla__4__1783132179/td3_kl_vanilla.cleanrl_model.norm_stats.npz,1,1,1,0.0,0.0,0.0,0.0,1.0,1.7,,1.0,-1,,-1,,1.0,,1.0,1.0,425.5219316171068,32.10599323890654,424.1095466539558,422.8398991145132,373.4730383675322,499.4856908443533,
1783521153,eval__Walker2d-v4__td3__vanilla__mass_1p7__seed5__pid863729,td3,Walker2d-v4,5,20,1,vanilla,mass_1p7,/home/users/am1015/rl_runs_td3_walker_kl_20260703_td3_kl_softrobust_5seed_rerun/Walker2d-v4__td3_kl_vanilla__5__1783132179/td3_kl_vanilla.cleanrl_model,/home/users/am1015/rl_runs_td3_walker_kl_20260703_td3_kl_softrobust_5seed_rerun/Walker2d-v4__td3_kl_vanilla__5__1783132179/td3_kl_vanilla.cleanrl_model.norm_stats.npz,1,1,1,0.0,0.0,0.0,0.0,1.0,1.7,,1.0,-1,,-1,,1.0,,1.0,1.0,627.7754076557208,7.264025911331635,626.7339889048903,627.0686896012465,615.1915853197016,639.7105289736373,
1783521156,eval__Walker2d-v4__td3__vanilla__mass_2p0__seed1__pid863784,td3,Walker2d-v4,1,20,1,vanilla,mass_2p0,/home/users/am1015/rl_runs_td3_walker_kl_20260703_td3_kl_softrobust_5seed_rerun/Walker2d-v4__td3_kl_vanilla__1__1783132180/td3_kl_vanilla.cleanrl_model,/home/users/am1015/rl_runs_td3_walker_kl_20260703_td3_kl_softrobust_5seed_rerun/Walker2d-v4__td3_kl_vanilla__1__1783132180/td3_kl_vanilla.cleanrl_model.norm_stats.npz,1,1,1,0.0,0.0,0.0,0.0,1.0,2.0,,1.0,-1,,-1,,1.0,,1.0,1.0,312.43184770574067,24.06632727525864,301.32989125301617,304.7712537205721,288.660547207917,362.42791153355824,
1783521160,eval__Walker2d-v4__td3__vanilla__mass_2p0__seed2__pid863821,td3,Walker2d-v4,2,20,1,vanilla,mass_2p0,/home/users/am1015/rl_runs_td3_walker_kl_20260703_td3_kl_softrobust_5seed_rerun/Walker2d-v4__td3_kl_vanilla__2__1783132179/td3_kl_vanilla.cleanrl_model,/home/users/am1015/rl_runs_td3_walker_kl_20260703_td3_kl_softrobust_5seed_rerun/Walker2d-v4__td3_kl_vanilla__2__1783132179/td3_kl_vanilla.cleanrl_model.norm_stats.npz,1,1,1,0.0,0.0,0.0,0.0,1.0,2.0,,1.0,-1,,-1,,1.0,,1.0,1.0,366.7821321506393,17.50586886148807,362.2319422559148,362.7255297696371,338.7417369071688,405.968325759924,
1783521164,eval__Walker2d-v4__td3__vanilla__mass_2p0__seed3__pid863856,td3,Walker2d-v4,3,20,1,vanilla,mass_2p0,/home/users/am1015/rl_runs_td3_walker_kl_20260703_td3_kl_softrobust_5seed_rerun/Walker2d-v4__td3_kl_vanilla__3__1783132179/td3_kl_vanilla.cleanrl_model,/home/users/am1015/rl_runs_td3_walker_kl_20260703_td3_kl_softrobust_5seed_rerun/Walker2d-v4__td3_kl_vanilla__3__1783132179/td3_kl_vanilla.cleanrl_model.norm_stats.npz,1,1,1,0.0,0.0,0.0,0.0,1.0,2.0,,1.0,-1,,-1,,1.0,,1.0,1.0,333.6094913229059,39.8938475468892,324.1152611109792,327.1215821555183,278.74481773985474,455.0911342841475,
1783521167,eval__Walker2d-v4__td3__vanilla__mass_2p0__seed4__pid863892,td3,Walker2d-v4,4,20,1,vanilla,mass_2p0,/home/users/am1015/rl_runs_td3_walker_kl_20260703_td3_kl_softrobust_5seed_rerun/Walker2d-v4__td3_kl_vanilla__4__1783132179/td3_kl_vanilla.cleanrl_model,/home/users/am1015/rl_runs_td3_walker_kl_20260703_td3_kl_softrobust_5seed_rerun/Walker2d-v4__td3_kl_vanilla__4__1783132179/td3_kl_vanilla.cleanrl_model.norm_stats.npz,1,1,1,0.0,0.0,0.0,0.0,1.0,2.0,,1.0,-1,,-1,,1.0,,1.0,1.0,324.4091872922701,6.172807437393644,323.9363743679773,323.8561143460639,315.09529830002174,336.5985179922091,
1783521172,eval__Walker2d-v4__td3__vanilla__mass_2p0__seed5__pid863947,td3,Walker2d-v4,5,20,1,vanilla,mass_2p0,/home/users/am1015/rl_runs_td3_walker_kl_20260703_td3_kl_softrobust_5seed_rerun/Walker2d-v4__td3_kl_vanilla__5__1783132179/td3_kl_vanilla.cleanrl_model,/home/users/am1015/rl_runs_td3_walker_kl_20260703_td3_kl_softrobust_5seed_rerun/Walker2d-v4__td3_kl_vanilla__5__1783132179/td3_kl_vanilla.cleanrl_model.norm_stats.npz,1,1,1,0.0,0.0,0.0,0.0,1.0,2.0,,1.0,-1,,-1,,1.0,,1.0,1.0,493.3941745403128,8.09850562078068,492.557035898813,493.2985673585669,479.8983696838231,507.0666715628675,
1783521175,eval__Walker2d-v4__td3__klb0p5__mass_0p1__seed1__pid863986,td3,Walker2d-v4,1,20,1,klb0p5,mass_0p1,/home/users/am1015/rl_runs_td3_walker_kl_20260703_td3_kl_softrobust_5seed_rerun/Walker2d-v4__td3_kl_klb0p5__1__1783289937/td3_kl_klb0p5.cleanrl_model,/home/users/am1015/rl_runs_td3_walker_kl_20260703_td3_kl_softrobust_5seed_rerun/Walker2d-v4__td3_kl_klb0p5__1__1783289937/td3_kl_klb0p5.cleanrl_model.norm_stats.npz,1,1,1,0.0,0.0,0.0,0.0,1.0,0.1,,1.0,-1,,-1,,1.0,,1.0,1.0,61.92511728410816,42.60300734489565,52.589151879158834,55.06555452217883,7.463242897671616,203.68773979504985,
1783521178,eval__Walker2d-v4__td3__klb0p5__mass_0p1__seed2__pid864023,td3,Walker2d-v4,2,20,1,klb0p5,mass_0p1,/home/users/am1015/rl_runs_td3_walker_kl_20260703_td3_kl_softrobust_5seed_rerun/Walker2d-v4__td3_kl_klb0p5__2__1783289937/td3_kl_klb0p5.cleanrl_model,/home/users/am1015/rl_runs_td3_walker_kl_20260703_td3_kl_softrobust_5seed_rerun/Walker2d-v4__td3_kl_klb0p5__2__1783289937/td3_kl_klb0p5.cleanrl_model.norm_stats.npz,1,1,1,0.0,0.0,0.0,0.0,1.0,0.1,,1.0,-1,,-1,,1.0,,1.0,1.0,116.97104465685932,78.9120889709078,91.72511364758776,96.12016461416113,5.108682685750011,277.8766475557365,
1783521181,eval__Walker2d-v4__td3__klb0p5__mass_0p1__seed3__pid864060,td3,Walker2d-v4,3,20,1,klb0p5,mass_0p1,/home/users/am1015/rl_runs_td3_walker_kl_20260703_td3_kl_softrobust_5seed_rerun/Walker2d-v4__td3_kl_klb0p5__3__1783289937/td3_kl_klb0p5.cleanrl_model,/home/users/am1015/rl_runs_td3_walker_kl_20260703_td3_kl_softrobust_5seed_rerun/Walker2d-v4__td3_kl_klb0p5__3__1783289937/td3_kl_klb0p5.cleanrl_model.norm_stats.npz,1,1,1,0.0,0.0,0.0,0.0,1.0,0.1,,1.0,-1,,-1,,1.0,,1.0,1.0,118.42081343745971,85.34412658751609,111.07575450790992,107.96963535051408,4.59921527618166,380.4669360804968,
1783521183,eval__Walker2d-v4__td3__klb0p5__mass_0p1__seed4__pid864115,td3,Walker2d-v4,4,20,1,klb0p5,mass_0p1,/home/users/am1015/rl_runs_td3_walker_kl_20260703_td3_kl_softrobust_5seed_rerun/Walker2d-v4__td3_kl_klb0p5__4__1783289937/td3_kl_klb0p5.cleanrl_model,/home/users/am1015/rl_runs_td3_walker_kl_20260703_td3_kl_softrobust_5seed_rerun/Walker2d-v4__td3_kl_klb0p5__4__1783289937/td3_kl_klb0p5.cleanrl_model.norm_stats.npz,1,1,1,0.0,0.0,0.0,0.0,1.0,0.1,,1.0,-1,,-1,,1.0,,1.0,1.0,-7.708156092879037,14.411797335204383,-12.380848573742426,-12.363327791349745,-12.635091747457263,36.85891096367929,
1783521186,eval__Walker2d-v4__td3__klb0p5__mass_0p1__seed5__pid864152,td3,Walker2d-v4,5,20,1,klb0p5,mass_0p1,/home/users/am1015/rl_runs_td3_walker_kl_20260703_td3_kl_softrobust_5seed_rerun/Walker2d-v4__td3_kl_klb0p5__5__1783289936/td3_kl_klb0p5.cleanrl_model,/home/users/am1015/rl_runs_td3_walker_kl_20260703_td3_kl_softrobust_5seed_rerun/Walker2d-v4__td3_kl_klb0p5__5__1783289936/td3_kl_klb0p5.cleanrl_model.norm_stats.npz,1,1,1,0.0,0.0,0.0,0.0,1.0,0.1,,1.0,-1,,-1,,1.0,,1.0,1.0,95.41068112265889,49.195030569251735,87.0513814856544,91.63218957406038,13.355882184824086,197.81851218992136,
1783521190,eval__Walker2d-v4__td3__klb0p5__mass_0p2__seed1__pid864188,td3,Walker2d-v4,1,20,1,klb0p5,mass_0p2,/home/users/am1015/rl_runs_td3_walker_kl_20260703_td3_kl_softrobust_5seed_rerun/Walker2d-v4__td3_kl_klb0p5__1__1783289937/td3_kl_klb0p5.cleanrl_model,/home/users/am1015/rl_runs_td3_walker_kl_20260703_td3_kl_softrobust_5seed_rerun/Walker2d-v4__td3_kl_klb0p5__1__1783289937/td3_kl_klb0p5.cleanrl_model.norm_stats.npz,1,1,1,0.0,0.0,0.0,0.0,1.0,0.2,,1.0,-1,,-1,,1.0,,1.0,1.0,159.50157894477093,129.9165086334719,144.48403271229395,137.84252205436633,4.9225221658139136,533.2108685823179,
1783521193,eval__Walker2d-v4__td3__klb0p5__mass_0p2__seed2__pid864225,td3,Walker2d-v4,2,20,1,klb0p5,mass_0p2,/home/users/am1015/rl_runs_td3_walker_kl_20260703_td3_kl_softrobust_5seed_rerun/Walker2d-v4__td3_kl_klb0p5__2__1783289937/td3_kl_klb0p5.cleanrl_model,/home/users/am1015/rl_runs_td3_walker_kl_20260703_td3_kl_softrobust_5seed_rerun/Walker2d-v4__td3_kl_klb0p5__2__1783289937/td3_kl_klb0p5.cleanrl_model.norm_stats.npz,1,1,1,0.0,0.0,0.0,0.0,1.0,0.2,,1.0,-1,,-1,,1.0,,1.0,1.0,154.71257739381994,126.02738721174404,128.68577124981155,127.23534535096618,18.66253026603923,501.9412053614954,
1783521196,eval__Walker2d-v4__td3__klb0p5__mass_0p2__seed3__pid864263,td3,Walker2d-v4,3,20,1,klb0p5,mass_0p2,/home/users/am1015/rl_runs_td3_walker_kl_20260703_td3_kl_softrobust_5seed_rerun/Walker2d-v4__td3_kl_klb0p5__3__1783289937/td3_kl_klb0p5.cleanrl_model,/home/users/am1015/rl_runs_td3_walker_kl_20260703_td3_kl_softrobust_5seed_rerun/Walker2d-v4__td3_kl_klb0p5__3__1783289937/td3_kl_klb0p5.cleanrl_model.norm_stats.npz,1,1,1,0.0,0.0,0.0,0.0,1.0,0.2,,1.0,-1,,-1,,1.0,,1.0,1.0,139.82423269934517,104.5956150070946,111.15512852909796,112.16865288673743,47.68981967200645,453.7800000589102,
1783521200,eval__Walker2d-v4__td3__klb0p5__mass_0p2__seed4__pid864321,td3,Walker2d-v4,4,20,1,klb0p5,mass_0p2,/home/users/am1015/rl_runs_td3_walker_kl_20260703_td3_kl_softrobust_5seed_rerun/Walker2d-v4__td3_kl_klb0p5__4__1783289937/td3_kl_klb0p5.cleanrl_model,/home/users/am1015/rl_runs_td3_walker_kl_20260703_td3_kl_softrobust_5seed_rerun/Walker2d-v4__td3_kl_klb0p5__4__1783289937/td3_kl_klb0p5.cleanrl_model.norm_stats.npz,1,1,1,0.0,0.0,0.0,0.0,1.0,0.2,,1.0,-1,,-1,,1.0,,1.0,1.0,199.3455114089597,135.56963193807624,170.119820332899,176.0840917794308,4.303031733251174,514.5943768543648,
1783521204,eval__Walker2d-v4__td3__klb0p5__mass_0p2__seed5__pid864359,td3,Walker2d-v4,5,20,1,klb0p5,mass_0p2,/home/users/am1015/rl_runs_td3_walker_kl_20260703_td3_kl_softrobust_5seed_rerun/Walker2d-v4__td3_kl_klb0p5__5__1783289936/td3_kl_klb0p5.cleanrl_model,/home/users/am1015/rl_runs_td3_walker_kl_20260703_td3_kl_softrobust_5seed_rerun/Walker2d-v4__td3_kl_klb0p5__5__1783289936/td3_kl_klb0p5.cleanrl_model.norm_stats.npz,1,1,1,0.0,0.0,0.0,0.0,1.0,0.2,,1.0,-1,,-1,,1.0,,1.0,1.0,116.00480267098304,47.37220934704364,111.64663763134982,113.2298465390546,4.760989813336856,238.37663891933124,
1783521207,eval__Walker2d-v4__td3__klb0p5__mass_0p3__seed1__pid864395,td3,Walker2d-v4,1,20,1,klb0p5,mass_0p3,/home/users/am1015/rl_runs_td3_walker_kl_20260703_td3_kl_softrobust_5seed_rerun/Walker2d-v4__td3_kl_klb0p5__1__1783289937/td3_kl_klb0p5.cleanrl_model,/home/users/am1015/rl_runs_td3_walker_kl_20260703_td3_kl_softrobust_5seed_rerun/Walker2d-v4__td3_kl_klb0p5__1__1783289937/td3_kl_klb0p5.cleanrl_model.norm_stats.npz,1,1,1,0.0,0.0,0.0,0.0,1.0,0.3,,1.0,-1,,-1,,1.0,,1.0,1.0,162.2932734530405,125.51247252816827,160.98613203118356,160.84291493885965,-33.24641302808122,539.3278138422841,
1783521212,eval__Walker2d-v4__td3__klb0p5__mass_0p3__seed2__pid864431,td3,Walker2d-v4,2,20,1,klb0p5,mass_0p3,/home/users/am1015/rl_runs_td3_walker_kl_20260703_td3_kl_softrobust_5seed_rerun/Walker2d-v4__td3_kl_klb0p5__2__1783289937/td3_kl_klb0p5.cleanrl_model,/home/users/am1015/rl_runs_td3_walker_kl_20260703_td3_kl_softrobust_5seed_rerun/Walker2d-v4__td3_kl_klb0p5__2__1783289937/td3_kl_klb0p5.cleanrl_model.norm_stats.npz,1,1,1,0.0,0.0,0.0,0.0,1.0,0.3,,1.0,-1,,-1,,1.0,,1.0,1.0,287.09370717124693,197.5599535295477,240.6753997239032,239.49929178544372,33.5545377128935,787.0446021123346,
1783521215,eval__Walker2d-v4__td3__klb0p5__mass_0p3__seed3__pid864488,td3,Walker2d-v4,3,20,1,klb0p5,mass_0p3,/home/users/am1015/rl_runs_td3_walker_kl_20260703_td3_kl_softrobust_5seed_rerun/Walker2d-v4__td3_kl_klb0p5__3__1783289937/td3_kl_klb0p5.cleanrl_model,/home/users/am1015/rl_runs_td3_walker_kl_20260703_td3_kl_softrobust_5seed_rerun/Walker2d-v4__td3_kl_klb0p5__3__1783289937/td3_kl_klb0p5.cleanrl_model.norm_stats.npz,1,1,1,0.0,0.0,0.0,0.0,1.0,0.3,,1.0,-1,,-1,,1.0,,1.0,1.0,183.17650488514585,89.37748599615655,179.50160876908666,185.02817487684655,45.26249242863678,408.75461158900464,
1783521219,eval__Walker2d-v4__td3__klb0p5__mass_0p3__seed4__pid864524,td3,Walker2d-v4,4,20,1,klb0p5,mass_0p3,/home/users/am1015/rl_runs_td3_walker_kl_20260703_td3_kl_softrobust_5seed_rerun/Walker2d-v4__td3_kl_klb0p5__4__1783289937/td3_kl_klb0p5.cleanrl_model,/home/users/am1015/rl_runs_td3_walker_kl_20260703_td3_kl_softrobust_5seed_rerun/Walker2d-v4__td3_kl_klb0p5__4__1783289937/td3_kl_klb0p5.cleanrl_model.norm_stats.npz,1,1,1,0.0,0.0,0.0,0.0,1.0,0.3,,1.0,-1,,-1,,1.0,,1.0,1.0,236.69003729012425,188.56679355544676,187.11643786292063,191.04170723858076,64.52449628731081,883.7302675057574,
1783521222,eval__Walker2d-v4__td3__klb0p5__mass_0p3__seed5__pid864560,td3,Walker2d-v4,5,20,1,klb0p5,mass_0p3,/home/users/am1015/rl_runs_td3_walker_kl_20260703_td3_kl_softrobust_5seed_rerun/Walker2d-v4__td3_kl_klb0p5__5__1783289936/td3_kl_klb0p5.cleanrl_model,/home/users/am1015/rl_runs_td3_walker_kl_20260703_td3_kl_softrobust_5seed_rerun/Walker2d-v4__td3_kl_klb0p5__5__1783289936/td3_kl_klb0p5.cleanrl_model.norm_stats.npz,1,1,1,0.0,0.0,0.0,0.0,1.0,0.3,,1.0,-1,,-1,,1.0,,1.0,1.0,151.52144461291047,66.50654945792454,136.6144781629988,134.06604790730108,66.49229459746688,304.87586911856874,
1783521226,eval__Walker2d-v4__td3__klb0p5__mass_0p4__seed1__pid864596,td3,Walker2d-v4,1,20,1,klb0p5,mass_0p4,/home/users/am1015/rl_runs_td3_walker_kl_20260703_td3_kl_softrobust_5seed_rerun/Walker2d-v4__td3_kl_klb0p5__1__1783289937/td3_kl_klb0p5.cleanrl_model,/home/users/am1015/rl_runs_td3_walker_kl_20260703_td3_kl_softrobust_5seed_rerun/Walker2d-v4__td3_kl_klb0p5__1__1783289937/td3_kl_klb0p5.cleanrl_model.norm_stats.npz,1,1,1,0.0,0.0,0.0,0.0,1.0,0.4,,1.0,-1,,-1,,1.0,,1.0,1.0,230.2768368859624,114.1158788722312,211.2472304957146,218.04059163265535,25.895289786892818,511.70646168851545,
1783521230,eval__Walker2d-v4__td3__klb0p5__mass_0p4__seed2__pid864651,td3,Walker2d-v4,2,20,1,klb0p5,mass_0p4,/home/users/am1015/rl_runs_td3_walker_kl_20260703_td3_kl_softrobust_5seed_rerun/Walker2d-v4__td3_kl_klb0p5__2__1783289937/td3_kl_klb0p5.cleanrl_model,/home/users/am1015/rl_runs_td3_walker_kl_20260703_td3_kl_softrobust_5seed_rerun/Walker2d-v4__td3_kl_klb0p5__2__1783289937/td3_kl_klb0p5.cleanrl_model.norm_stats.npz,1,1,1,0.0,0.0,0.0,0.0,1.0,0.4,,1.0,-1,,-1,,1.0,,1.0,1.0,318.5032118907088,197.9438068457568,262.4885261065417,266.09992519371656,140.09393074210297,991.9677341920092,
1783521235,eval__Walker2d-v4__td3__klb0p5__mass_0p4__seed3__pid864687,td3,Walker2d-v4,3,20,1,klb0p5,mass_0p4,/home/users/am1015/rl_runs_td3_walker_kl_20260703_td3_kl_softrobust_5seed_rerun/Walker2d-v4__td3_kl_klb0p5__3__1783289937/td3_kl_klb0p5.cleanrl_model,/home/users/am1015/rl_runs_td3_walker_kl_20260703_td3_kl_softrobust_5seed_rerun/Walker2d-v4__td3_kl_klb0p5__3__1783289937/td3_kl_klb0p5.cleanrl_model.norm_stats.npz,1,1,1,0.0,0.0,0.0,0.0,1.0,0.4,,1.0,-1,,-1,,1.0,,1.0,1.0,227.54269728983903,97.94272348453732,215.72793408289877,230.42499945811784,14.07348466672746,428.9394733017982,
1783521239,eval__Walker2d-v4__td3__klb0p5__mass_0p4__seed4__pid864723,td3,Walker2d-v4,4,20,1,klb0p5,mass_0p4,/home/users/am1015/rl_runs_td3_walker_kl_20260703_td3_kl_softrobust_5seed_rerun/Walker2d-v4__td3_kl_klb0p5__4__1783289937/td3_kl_klb0p5.cleanrl_model,/home/users/am1015/rl_runs_td3_walker_kl_20260703_td3_kl_softrobust_5seed_rerun/Walker2d-v4__td3_kl_klb0p5__4__1783289937/td3_kl_klb0p5.cleanrl_model.norm_stats.npz,1,1,1,0.0,0.0,0.0,0.0,1.0,0.4,,1.0,-1,,-1,,1.0,,1.0,1.0,334.7973749234749,164.08582242051295,339.70240677625065,327.2753548691429,98.42108302729554,678.1255333411643,
1783521242,eval__Walker2d-v4__td3__klb0p5__mass_0p4__seed5__pid864760,td3,Walker2d-v4,5,20,1,klb0p5,mass_0p4,/home/users/am1015/rl_runs_td3_walker_kl_20260703_td3_kl_softrobust_5seed_rerun/Walker2d-v4__td3_kl_klb0p5__5__1783289936/td3_kl_klb0p5.cleanrl_model,/home/users/am1015/rl_runs_td3_walker_kl_20260703_td3_kl_softrobust_5seed_rerun/Walker2d-v4__td3_kl_klb0p5__5__1783289936/td3_kl_klb0p5.cleanrl_model.norm_stats.npz,1,1,1,0.0,0.0,0.0,0.0,1.0,0.4,,1.0,-1,,-1,,1.0,,1.0,1.0,149.26579826093774,94.22607270258014,134.58642773725046,131.53050641282644,51.31393130946231,466.5493510683068,
1783521246,eval__Walker2d-v4__td3__klb0p5__mass_0p5__seed1__pid864816,td3,Walker2d-v4,1,20,1,klb0p5,mass_0p5,/home/users/am1015/rl_runs_td3_walker_kl_20260703_td3_kl_softrobust_5seed_rerun/Walker2d-v4__td3_kl_klb0p5__1__1783289937/td3_kl_klb0p5.cleanrl_model,/home/users/am1015/rl_runs_td3_walker_kl_20260703_td3_kl_softrobust_5seed_rerun/Walker2d-v4__td3_kl_klb0p5__1__1783289937/td3_kl_klb0p5.cleanrl_model.norm_stats.npz,1,1,1,0.0,0.0,0.0,0.0,1.0,0.5,,1.0,-1,,-1,,1.0,,1.0,1.0,313.64946571376066,133.23421307867224,292.48689330386856,287.7180974109177,128.2104863821642,624.3915711384655,
1783521251,eval__Walker2d-v4__td3__klb0p5__mass_0p5__seed2__pid864854,td3,Walker2d-v4,2,20,1,klb0p5,mass_0p5,/home/users/am1015/rl_runs_td3_walker_kl_20260703_td3_kl_softrobust_5seed_rerun/Walker2d-v4__td3_kl_klb0p5__2__1783289937/td3_kl_klb0p5.cleanrl_model,/home/users/am1015/rl_runs_td3_walker_kl_20260703_td3_kl_softrobust_5seed_rerun/Walker2d-v4__td3_kl_klb0p5__2__1783289937/td3_kl_klb0p5.cleanrl_model.norm_stats.npz,1,1,1,0.0,0.0,0.0,0.0,1.0,0.5,,1.0,-1,,-1,,1.0,,1.0,1.0,382.5673534249596,218.2597532213749,359.256569928585,361.82857896939896,106.2479052851748,913.8438393176968,
1783521255,eval__Walker2d-v4__td3__klb0p5__mass_0p5__seed3__pid864893,td3,Walker2d-v4,3,20,1,klb0p5,mass_0p5,/home/users/am1015/rl_runs_td3_walker_kl_20260703_td3_kl_softrobust_5seed_rerun/Walker2d-v4__td3_kl_klb0p5__3__1783289937/td3_kl_klb0p5.cleanrl_model,/home/users/am1015/rl_runs_td3_walker_kl_20260703_td3_kl_softrobust_5seed_rerun/Walker2d-v4__td3_kl_klb0p5__3__1783289937/td3_kl_klb0p5.cleanrl_model.norm_stats.npz,1,1,1,0.0,0.0,0.0,0.0,1.0,0.5,,1.0,-1,,-1,,1.0,,1.0,1.0,282.84495651793435,124.2804541956664,274.2266108737605,276.56721838233744,65.13581574210907,516.0973727765,
1783521259,eval__Walker2d-v4__td3__klb0p5__mass_0p5__seed4__pid864950,td3,Walker2d-v4,4,20,1,klb0p5,mass_0p5,/home/users/am1015/rl_runs_td3_walker_kl_20260703_td3_kl_softrobust_5seed_rerun/Walker2d-v4__td3_kl_klb0p5__4__1783289937/td3_kl_klb0p5.cleanrl_model,/home/users/am1015/rl_runs_td3_walker_kl_20260703_td3_kl_softrobust_5seed_rerun/Walker2d-v4__td3_kl_klb0p5__4__1783289937/td3_kl_klb0p5.cleanrl_model.norm_stats.npz,1,1,1,0.0,0.0,0.0,0.0,1.0,0.5,,1.0,-1,,-1,,1.0,,1.0,1.0,299.03735493355,229.52209421709028,268.3868203854741,246.9854031899682,98.82481548108709,1067.6380600323955,
1783521263,eval__Walker2d-v4__td3__klb0p5__mass_0p5__seed5__pid864988,td3,Walker2d-v4,5,20,1,klb0p5,mass_0p5,/home/users/am1015/rl_runs_td3_walker_kl_20260703_td3_kl_softrobust_5seed_rerun/Walker2d-v4__td3_kl_klb0p5__5__1783289936/td3_kl_klb0p5.cleanrl_model,/home/users/am1015/rl_runs_td3_walker_kl_20260703_td3_kl_softrobust_5seed_rerun/Walker2d-v4__td3_kl_klb0p5__5__1783289936/td3_kl_klb0p5.cleanrl_model.norm_stats.npz,1,1,1,0.0,0.0,0.0,0.0,1.0,0.5,,1.0,-1,,-1,,1.0,,1.0,1.0,112.38959037221105,64.23233354251865,79.87657124076951,90.80480599733087,53.48884798940534,293.12708826582434,
1783521267,eval__Walker2d-v4__td3__klb0p5__mass_0p6__seed1__pid865025,td3,Walker2d-v4,1,20,1,klb0p5,mass_0p6,/home/users/am1015/rl_runs_td3_walker_kl_20260703_td3_kl_softrobust_5seed_rerun/Walker2d-v4__td3_kl_klb0p5__1__1783289937/td3_kl_klb0p5.cleanrl_model,/home/users/am1015/rl_runs_td3_walker_kl_20260703_td3_kl_softrobust_5seed_rerun/Walker2d-v4__td3_kl_klb0p5__1__1783289937/td3_kl_klb0p5.cleanrl_model.norm_stats.npz,1,1,1,0.0,0.0,0.0,0.0,1.0,0.6,,1.0,-1,,-1,,1.0,,1.0,1.0,341.6341460133598,63.58617731206008,337.05723944359625,333.4377770981212,244.9539115934057,482.1869315478971,
1783521272,eval__Walker2d-v4__td3__klb0p5__mass_0p6__seed2__pid865062,td3,Walker2d-v4,2,20,1,klb0p5,mass_0p6,/home/users/am1015/rl_runs_td3_walker_kl_20260703_td3_kl_softrobust_5seed_rerun/Walker2d-v4__td3_kl_klb0p5__2__1783289937/td3_kl_klb0p5.cleanrl_model,/home/users/am1015/rl_runs_td3_walker_kl_20260703_td3_kl_softrobust_5seed_rerun/Walker2d-v4__td3_kl_klb0p5__2__1783289937/td3_kl_klb0p5.cleanrl_model.norm_stats.npz,1,1,1,0.0,0.0,0.0,0.0,1.0,0.6,,1.0,-1,,-1,,1.0,,1.0,1.0,472.2886739589552,117.51547807419368,460.79163930032456,460.9015081090658,279.6424623945291,689.054877937134,
1783521277,eval__Walker2d-v4__td3__klb0p5__mass_0p6__seed3__pid865118,td3,Walker2d-v4,3,20,1,klb0p5,mass_0p6,/home/users/am1015/rl_runs_td3_walker_kl_20260703_td3_kl_softrobust_5seed_rerun/Walker2d-v4__td3_kl_klb0p5__3__1783289937/td3_kl_klb0p5.cleanrl_model,/home/users/am1015/rl_runs_td3_walker_kl_20260703_td3_kl_softrobust_5seed_rerun/Walker2d-v4__td3_kl_klb0p5__3__1783289937/td3_kl_klb0p5.cleanrl_model.norm_stats.npz,1,1,1,0.0,0.0,0.0,0.0,1.0,0.6,,1.0,-1,,-1,,1.0,,1.0,1.0,241.9997000926509,90.97920937692987,221.71304342779345,235.49995840504212,90.88180189066942,392.73713649531095,
1783521282,eval__Walker2d-v4__td3__klb0p5__mass_0p6__seed4__pid865154,td3,Walker2d-v4,4,20,1,klb0p5,mass_0p6,/home/users/am1015/rl_runs_td3_walker_kl_20260703_td3_kl_softrobust_5seed_rerun/Walker2d-v4__td3_kl_klb0p5__4__1783289937/td3_kl_klb0p5.cleanrl_model,/home/users/am1015/rl_runs_td3_walker_kl_20260703_td3_kl_softrobust_5seed_rerun/Walker2d-v4__td3_kl_klb0p5__4__1783289937/td3_kl_klb0p5.cleanrl_model.norm_stats.npz,1,1,1,0.0,0.0,0.0,0.0,1.0,0.6,,1.0,-1,,-1,,1.0,,1.0,1.0,415.6586887222801,325.7223477738824,324.1998787000606,327.89862008593707,3.0963103084181776,1053.5595754244064,
1783521285,eval__Walker2d-v4__td3__klb0p5__mass_0p6__seed5__pid865193,td3,Walker2d-v4,5,20,1,klb0p5,mass_0p6,/home/users/am1015/rl_runs_td3_walker_kl_20260703_td3_kl_softrobust_5seed_rerun/Walker2d-v4__td3_kl_klb0p5__5__1783289936/td3_kl_klb0p5.cleanrl_model,/home/users/am1015/rl_runs_td3_walker_kl_20260703_td3_kl_softrobust_5seed_rerun/Walker2d-v4__td3_kl_klb0p5__5__1783289936/td3_kl_klb0p5.cleanrl_model.norm_stats.npz,1,1,1,0.0,0.0,0.0,0.0,1.0,0.6,,1.0,-1,,-1,,1.0,,1.0,1.0,74.16137912013882,49.16335146371284,59.910295038913176,64.71333320740665,18.427829519323943,207.5561274674837,
1783521290,eval__Walker2d-v4__td3__klb0p5__mass_0p7__seed1__pid865248,td3,Walker2d-v4,1,20,1,klb0p5,mass_0p7,/home/users/am1015/rl_runs_td3_walker_kl_20260703_td3_kl_softrobust_5seed_rerun/Walker2d-v4__td3_kl_klb0p5__1__1783289937/td3_kl_klb0p5.cleanrl_model,/home/users/am1015/rl_runs_td3_walker_kl_20260703_td3_kl_softrobust_5seed_rerun/Walker2d-v4__td3_kl_klb0p5__1__1783289937/td3_kl_klb0p5.cleanrl_model.norm_stats.npz,1,1,1,0.0,0.0,0.0,0.0,1.0,0.7,,1.0,-1,,-1,,1.0,,1.0,1.0,463.1375532743176,243.83931600140372,353.5765434677123,363.3653137250378,281.56330734314565,1072.344376050568,
1783521295,eval__Walker2d-v4__td3__klb0p5__mass_0p7__seed2__pid865285,td3,Walker2d-v4,2,20,1,klb0p5,mass_0p7,/home/users/am1015/rl_runs_td3_walker_kl_20260703_td3_kl_softrobust_5seed_rerun/Walker2d-v4__td3_kl_klb0p5__2__1783289937/td3_kl_klb0p5.cleanrl_model,/home/users/am1015/rl_runs_td3_walker_kl_20260703_td3_kl_softrobust_5seed_rerun/Walker2d-v4__td3_kl_klb0p5__2__1783289937/td3_kl_klb0p5.cleanrl_model.norm_stats.npz,1,1,1,0.0,0.0,0.0,0.0,1.0,0.7,,1.0,-1,,-1,,1.0,,1.0,1.0,393.79938854708473,111.90692572729114,395.9568587030406,392.2456761726336,159.64250757232898,610.5370520948233,
1783521300,eval__Walker2d-v4__td3__klb0p5__mass_0p7__seed3__pid865323,td3,Walker2d-v4,3,20,1,klb0p5,mass_0p7,/home/users/am1015/rl_runs_td3_walker_kl_20260703_td3_kl_softrobust_5seed_rerun/Walker2d-v4__td3_kl_klb0p5__3__1783289937/td3_kl_klb0p5.cleanrl_model,/home/users/am1015/rl_runs_td3_walker_kl_20260703_td3_kl_softrobust_5seed_rerun/Walker2d-v4__td3_kl_klb0p5__3__1783289937/td3_kl_klb0p5.cleanrl_model.norm_stats.npz,1,1,1,0.0,0.0,0.0,0.0,1.0,0.7,,1.0,-1,,-1,,1.0,,1.0,1.0,297.66960731880783,173.90244320375473,317.8561832804239,297.4389948540394,48.00344765863227,733.715083722723,
1783521304,eval__Walker2d-v4__td3__klb0p5__mass_0p7__seed4__pid865360,td3,Walker2d-v4,4,20,1,klb0p5,mass_0p7,/home/users/am1015/rl_runs_td3_walker_kl_20260703_td3_kl_softrobust_5seed_rerun/Walker2d-v4__td3_kl_klb0p5__4__1783289937/td3_kl_klb0p5.cleanrl_model,/home/users/am1015/rl_runs_td3_walker_kl_20260703_td3_kl_softrobust_5seed_rerun/Walker2d-v4__td3_kl_klb0p5__4__1783289937/td3_kl_klb0p5.cleanrl_model.norm_stats.npz,1,1,1,0.0,0.0,0.0,0.0,1.0,0.7,,1.0,-1,,-1,,1.0,,1.0,1.0,264.64257589998255,224.1736643328261,225.48881577748284,241.58909051056145,21.13858361016014,1039.7372698321765,
1783521308,eval__Walker2d-v4__td3__klb0p5__mass_0p7__seed5__pid865419,td3,Walker2d-v4,5,20,1,klb0p5,mass_0p7,/home/users/am1015/rl_runs_td3_walker_kl_20260703_td3_kl_softrobust_5seed_rerun/Walker2d-v4__td3_kl_klb0p5__5__1783289936/td3_kl_klb0p5.cleanrl_model,/home/users/am1015/rl_runs_td3_walker_kl_20260703_td3_kl_softrobust_5seed_rerun/Walker2d-v4__td3_kl_klb0p5__5__1783289936/td3_kl_klb0p5.cleanrl_model.norm_stats.npz,1,1,1,0.0,0.0,0.0,0.0,1.0,0.7,,1.0,-1,,-1,,1.0,,1.0,1.0,112.5529351529162,90.75197646698496,88.96856554162619,86.59792084149517,21.877061455650665,328.4239636473139,
1783521312,eval__Walker2d-v4__td3__klb0p5__mass_0p8__seed1__pid865456,td3,Walker2d-v4,1,20,1,klb0p5,mass_0p8,/home/users/am1015/rl_runs_td3_walker_kl_20260703_td3_kl_softrobust_5seed_rerun/Walker2d-v4__td3_kl_klb0p5__1__1783289937/td3_kl_klb0p5.cleanrl_model,/home/users/am1015/rl_runs_td3_walker_kl_20260703_td3_kl_softrobust_5seed_rerun/Walker2d-v4__td3_kl_klb0p5__1__1783289937/td3_kl_klb0p5.cleanrl_model.norm_stats.npz,1,1,1,0.0,0.0,0.0,0.0,1.0,0.8,,1.0,-1,,-1,,1.0,,1.0,1.0,402.5353502110903,123.49195856898493,359.5006240714463,367.8592395897484,269.3791377635269,743.4987269234916,
1783521317,eval__Walker2d-v4__td3__klb0p5__mass_0p8__seed2__pid865494,td3,Walker2d-v4,2,20,1,klb0p5,mass_0p8,/home/users/am1015/rl_runs_td3_walker_kl_20260703_td3_kl_softrobust_5seed_rerun/Walker2d-v4__td3_kl_klb0p5__2__1783289937/td3_kl_klb0p5.cleanrl_model,/home/users/am1015/rl_runs_td3_walker_kl_20260703_td3_kl_softrobust_5seed_rerun/Walker2d-v4__td3_kl_klb0p5__2__1783289937/td3_kl_klb0p5.cleanrl_model.norm_stats.npz,1,1,1,0.0,0.0,0.0,0.0,1.0,0.8,,1.0,-1,,-1,,1.0,,1.0,1.0,399.3164377341477,163.27916700108682,413.24012797384376,402.0550273954563,139.85875883561175,798.6999989067062,
1783521321,eval__Walker2d-v4__td3__klb0p5__mass_0p8__seed3__pid865551,td3,Walker2d-v4,3,20,1,klb0p5,mass_0p8,/home/users/am1015/rl_runs_td3_walker_kl_20260703_td3_kl_softrobust_5seed_rerun/Walker2d-v4__td3_kl_klb0p5__3__1783289937/td3_kl_klb0p5.cleanrl_model,/home/users/am1015/rl_runs_td3_walker_kl_20260703_td3_kl_softrobust_5seed_rerun/Walker2d-v4__td3_kl_klb0p5__3__1783289937/td3_kl_klb0p5.cleanrl_model.norm_stats.npz,1,1,1,0.0,0.0,0.0,0.0,1.0,0.8,,1.0,-1,,-1,,1.0,,1.0,1.0,307.3604560827759,165.75006206391828,303.3315989612814,290.011831019006,97.84923194098526,673.9946345656421,
1783521327,eval__Walker2d-v4__td3__klb0p5__mass_0p8__seed4__pid865589,td3,Walker2d-v4,4,20,1,klb0p5,mass_0p8,/home/users/am1015/rl_runs_td3_walker_kl_20260703_td3_kl_softrobust_5seed_rerun/Walker2d-v4__td3_kl_klb0p5__4__1783289937/td3_kl_klb0p5.cleanrl_model,/home/users/am1015/rl_runs_td3_walker_kl_20260703_td3_kl_softrobust_5seed_rerun/Walker2d-v4__td3_kl_klb0p5__4__1783289937/td3_kl_klb0p5.cleanrl_model.norm_stats.npz,1,1,1,0.0,0.0,0.0,0.0,1.0,0.8,,1.0,-1,,-1,,1.0,,1.0,1.0,465.4885052710986,281.093357368959,335.2999719993201,371.9273024819422,170.5186135293548,1057.4475728659909,
1783521331,eval__Walker2d-v4__td3__klb0p5__mass_0p8__seed5__pid865628,td3,Walker2d-v4,5,20,1,klb0p5,mass_0p8,/home/users/am1015/rl_runs_td3_walker_kl_20260703_td3_kl_softrobust_5seed_rerun/Walker2d-v4__td3_kl_klb0p5__5__1783289936/td3_kl_klb0p5.cleanrl_model,/home/users/am1015/rl_runs_td3_walker_kl_20260703_td3_kl_softrobust_5seed_rerun/Walker2d-v4__td3_kl_klb0p5__5__1783289936/td3_kl_klb0p5.cleanrl_model.norm_stats.npz,1,1,1,0.0,0.0,0.0,0.0,1.0,0.8,,1.0,-1,,-1,,1.0,,1.0,1.0,183.54297375149127,120.0609757164357,133.6041795137105,138.92734897955577,77.65715997639958,470.4870708549932,
1783521336,eval__Walker2d-v4__td3__klb0p5__mass_0p9__seed1__pid865684,td3,Walker2d-v4,1,20,1,klb0p5,mass_0p9,/home/users/am1015/rl_runs_td3_walker_kl_20260703_td3_kl_softrobust_5seed_rerun/Walker2d-v4__td3_kl_klb0p5__1__1783289937/td3_kl_klb0p5.cleanrl_model,/home/users/am1015/rl_runs_td3_walker_kl_20260703_td3_kl_softrobust_5seed_rerun/Walker2d-v4__td3_kl_klb0p5__1__1783289937/td3_kl_klb0p5.cleanrl_model.norm_stats.npz,1,1,1,0.0,0.0,0.0,0.0,1.0,0.9,,1.0,-1,,-1,,1.0,,1.0,1.0,402.70431163072783,181.2533594240741,334.627775564334,346.8639605015354,244.20828380567943,1055.8646362262448,
1783521341,eval__Walker2d-v4__td3__klb0p5__mass_0p9__seed2__pid865721,td3,Walker2d-v4,2,20,1,klb0p5,mass_0p9,/home/users/am1015/rl_runs_td3_walker_kl_20260703_td3_kl_softrobust_5seed_rerun/Walker2d-v4__td3_kl_klb0p5__2__1783289937/td3_kl_klb0p5.cleanrl_model,/home/users/am1015/rl_runs_td3_walker_kl_20260703_td3_kl_softrobust_5seed_rerun/Walker2d-v4__td3_kl_klb0p5__2__1783289937/td3_kl_klb0p5.cleanrl_model.norm_stats.npz,1,1,1,0.0,0.0,0.0,0.0,1.0,0.9,,1.0,-1,,-1,,1.0,,1.0,1.0,500.0695671694019,155.05487150650185,473.939181849796,479.6794679980048,275.2443525185216,815.6659414090783,
1783521346,eval__Walker2d-v4__td3__klb0p5__mass_0p9__seed3__pid865761,td3,Walker2d-v4,3,20,1,klb0p5,mass_0p9,/home/users/am1015/rl_runs_td3_walker_kl_20260703_td3_kl_softrobust_5seed_rerun/Walker2d-v4__td3_kl_klb0p5__3__1783289937/td3_kl_klb0p5.cleanrl_model,/home/users/am1015/rl_runs_td3_walker_kl_20260703_td3_kl_softrobust_5seed_rerun/Walker2d-v4__td3_kl_klb0p5__3__1783289937/td3_kl_klb0p5.cleanrl_model.norm_stats.npz,1,1,1,0.0,0.0,0.0,0.0,1.0,0.9,,1.0,-1,,-1,,1.0,,1.0,1.0,334.59094781692613,157.58402615523684,307.03172325852665,319.2755852857096,34.08708472231464,623.4416259938664,
1783521350,eval__Walker2d-v4__td3__klb0p5__mass_0p9__seed4__pid865818,td3,Walker2d-v4,4,20,1,klb0p5,mass_0p9,/home/users/am1015/rl_runs_td3_walker_kl_20260703_td3_kl_softrobust_5seed_rerun/Walker2d-v4__td3_kl_klb0p5__4__1783289937/td3_kl_klb0p5.cleanrl_model,/home/users/am1015/rl_runs_td3_walker_kl_20260703_td3_kl_softrobust_5seed_rerun/Walker2d-v4__td3_kl_klb0p5__4__1783289937/td3_kl_klb0p5.cleanrl_model.norm_stats.npz,1,1,1,0.0,0.0,0.0,0.0,1.0,0.9,,1.0,-1,,-1,,1.0,,1.0,1.0,361.0889445209264,166.5194536170271,333.92024162550865,327.7800842478468,138.93486101699852,1022.850048362273,
1783521354,eval__Walker2d-v4__td3__klb0p5__mass_0p9__seed5__pid865856,td3,Walker2d-v4,5,20,1,klb0p5,mass_0p9,/home/users/am1015/rl_runs_td3_walker_kl_20260703_td3_kl_softrobust_5seed_rerun/Walker2d-v4__td3_kl_klb0p5__5__1783289936/td3_kl_klb0p5.cleanrl_model,/home/users/am1015/rl_runs_td3_walker_kl_20260703_td3_kl_softrobust_5seed_rerun/Walker2d-v4__td3_kl_klb0p5__5__1783289936/td3_kl_klb0p5.cleanrl_model.norm_stats.npz,1,1,1,0.0,0.0,0.0,0.0,1.0,0.9,,1.0,-1,,-1,,1.0,,1.0,1.0,250.1075729521244,142.57313068073776,181.332438586794,206.70506745123777,87.12449411446137,588.1077987683893,
1783521358,eval__Walker2d-v4__td3__klb0p5__mass_1p0__seed1__pid865895,td3,Walker2d-v4,1,20,1,klb0p5,mass_1p0,/home/users/am1015/rl_runs_td3_walker_kl_20260703_td3_kl_softrobust_5seed_rerun/Walker2d-v4__td3_kl_klb0p5__1__1783289937/td3_kl_klb0p5.cleanrl_model,/home/users/am1015/rl_runs_td3_walker_kl_20260703_td3_kl_softrobust_5seed_rerun/Walker2d-v4__td3_kl_klb0p5__1__1783289937/td3_kl_klb0p5.cleanrl_model.norm_stats.npz,1,1,1,0.0,0.0,0.0,0.0,1.0,1.0,,1.0,-1,,-1,,1.0,,1.0,1.0,314.1189515290797,59.28889686834282,300.32809600270707,299.85057858919924,245.06752097308376,505.10547489930576,
1783521363,eval__Walker2d-v4__td3__klb0p5__mass_1p0__seed2__pid865934,td3,Walker2d-v4,2,20,1,klb0p5,mass_1p0,/home/users/am1015/rl_runs_td3_walker_kl_20260703_td3_kl_softrobust_5seed_rerun/Walker2d-v4__td3_kl_klb0p5__2__1783289937/td3_kl_klb0p5.cleanrl_model,/home/users/am1015/rl_runs_td3_walker_kl_20260703_td3_kl_softrobust_5seed_rerun/Walker2d-v4__td3_kl_klb0p5__2__1783289937/td3_kl_klb0p5.cleanrl_model.norm_stats.npz,1,1,1,0.0,0.0,0.0,0.0,1.0,1.0,,1.0,-1,,-1,,1.0,,1.0,1.0,470.42425224124526,201.57680996467536,452.5460177538031,448.7789054803699,212.9817233076229,908.6406782323644,
1783521368,eval__Walker2d-v4__td3__klb0p5__mass_1p0__seed3__pid865990,td3,Walker2d-v4,3,20,1,klb0p5,mass_1p0,/home/users/am1015/rl_runs_td3_walker_kl_20260703_td3_kl_softrobust_5seed_rerun/Walker2d-v4__td3_kl_klb0p5__3__1783289937/td3_kl_klb0p5.cleanrl_model,/home/users/am1015/rl_runs_td3_walker_kl_20260703_td3_kl_softrobust_5seed_rerun/Walker2d-v4__td3_kl_klb0p5__3__1783289937/td3_kl_klb0p5.cleanrl_model.norm_stats.npz,1,1,1,0.0,0.0,0.0,0.0,1.0,1.0,,1.0,-1,,-1,,1.0,,1.0,1.0,353.40142860068784,151.14732713775624,371.38423114208047,364.5488230664615,88.43295643465379,619.4913974002693,
1783521372,eval__Walker2d-v4__td3__klb0p5__mass_1p0__seed4__pid866027,td3,Walker2d-v4,4,20,1,klb0p5,mass_1p0,/home/users/am1015/rl_runs_td3_walker_kl_20260703_td3_kl_softrobust_5seed_rerun/Walker2d-v4__td3_kl_klb0p5__4__1783289937/td3_kl_klb0p5.cleanrl_model,/home/users/am1015/rl_runs_td3_walker_kl_20260703_td3_kl_softrobust_5seed_rerun/Walker2d-v4__td3_kl_klb0p5__4__1783289937/td3_kl_klb0p5.cleanrl_model.norm_stats.npz,1,1,1,0.0,0.0,0.0,0.0,1.0,1.0,,1.0,-1,,-1,,1.0,,1.0,1.0,374.3883642863286,167.69376901445392,320.0494828063432,333.8057473469602,243.0132907273324,1006.9895724562308,
1783521376,eval__Walker2d-v4__td3__klb0p5__mass_1p0__seed5__pid866065,td3,Walker2d-v4,5,20,1,klb0p5,mass_1p0,/home/users/am1015/rl_runs_td3_walker_kl_20260703_td3_kl_softrobust_5seed_rerun/Walker2d-v4__td3_kl_klb0p5__5__1783289936/td3_kl_klb0p5.cleanrl_model,/home/users/am1015/rl_runs_td3_walker_kl_20260703_td3_kl_softrobust_5seed_rerun/Walker2d-v4__td3_kl_klb0p5__5__1783289936/td3_kl_klb0p5.cleanrl_model.norm_stats.npz,1,1,1,0.0,0.0,0.0,0.0,1.0,1.0,,1.0,-1,,-1,,1.0,,1.0,1.0,332.3746020916304,155.93275059037356,325.3430075244156,311.3111820984414,127.6797524522443,753.1708645806618,
1783521380,eval__Walker2d-v4__td3__klb0p5__mass_1p1__seed1__pid866121,td3,Walker2d-v4,1,20,1,klb0p5,mass_1p1,/home/users/am1015/rl_runs_td3_walker_kl_20260703_td3_kl_softrobust_5seed_rerun/Walker2d-v4__td3_kl_klb0p5__1__1783289937/td3_kl_klb0p5.cleanrl_model,/home/users/am1015/rl_runs_td3_walker_kl_20260703_td3_kl_softrobust_5seed_rerun/Walker2d-v4__td3_kl_klb0p5__1__1783289937/td3_kl_klb0p5.cleanrl_model.norm_stats.npz,1,1,1,0.0,0.0,0.0,0.0,1.0,1.1,,1.0,-1,,-1,,1.0,,1.0,1.0,395.3824119209584,70.06371844420934,376.3512241254692,382.84862330128647,301.70782328620913,523.3428462214895,
1783521386,eval__Walker2d-v4__td3__klb0p5__mass_1p1__seed2__pid866160,td3,Walker2d-v4,2,20,1,klb0p5,mass_1p1,/home/users/am1015/rl_runs_td3_walker_kl_20260703_td3_kl_softrobust_5seed_rerun/Walker2d-v4__td3_kl_klb0p5__2__1783289937/td3_kl_klb0p5.cleanrl_model,/home/users/am1015/rl_runs_td3_walker_kl_20260703_td3_kl_softrobust_5seed_rerun/Walker2d-v4__td3_kl_klb0p5__2__1783289937/td3_kl_klb0p5.cleanrl_model.norm_stats.npz,1,1,1,0.0,0.0,0.0,0.0,1.0,1.1,,1.0,-1,,-1,,1.0,,1.0,1.0,474.2914548487282,215.69315761163867,364.722543882676,420.325040913358,247.64861387851468,964.4467463964522,
1783521390,eval__Walker2d-v4__td3__klb0p5__mass_1p1__seed3__pid866197,td3,Walker2d-v4,3,20,1,klb0p5,mass_1p1,/home/users/am1015/rl_runs_td3_walker_kl_20260703_td3_kl_softrobust_5seed_rerun/Walker2d-v4__td3_kl_klb0p5__3__1783289937/td3_kl_klb0p5.cleanrl_model,/home/users/am1015/rl_runs_td3_walker_kl_20260703_td3_kl_softrobust_5seed_rerun/Walker2d-v4__td3_kl_klb0p5__3__1783289937/td3_kl_klb0p5.cleanrl_model.norm_stats.npz,1,1,1,0.0,0.0,0.0,0.0,1.0,1.1,,1.0,-1,,-1,,1.0,,1.0,1.0,327.4014830249397,111.246803977631,330.6025910836261,334.1052432435798,117.25910119988232,537.2921480151385,
1783521395,eval__Walker2d-v4__td3__klb0p5__mass_1p1__seed4__pid866253,td3,Walker2d-v4,4,20,1,klb0p5,mass_1p1,/home/users/am1015/rl_runs_td3_walker_kl_20260703_td3_kl_softrobust_5seed_rerun/Walker2d-v4__td3_kl_klb0p5__4__1783289937/td3_kl_klb0p5.cleanrl_model,/home/users/am1015/rl_runs_td3_walker_kl_20260703_td3_kl_softrobust_5seed_rerun/Walker2d-v4__td3_kl_klb0p5__4__1783289937/td3_kl_klb0p5.cleanrl_model.norm_stats.npz,1,1,1,0.0,0.0,0.0,0.0,1.0,1.1,,1.0,-1,,-1,,1.0,,1.0,1.0,374.70857666939895,138.12014413342547,324.4998623067564,328.8094231244409,272.8217787476024,834.7127044924468,
1783521399,eval__Walker2d-v4__td3__klb0p5__mass_1p1__seed5__pid866292,td3,Walker2d-v4,5,20,1,klb0p5,mass_1p1,/home/users/am1015/rl_runs_td3_walker_kl_20260703_td3_kl_softrobust_5seed_rerun/Walker2d-v4__td3_kl_klb0p5__5__1783289936/td3_kl_klb0p5.cleanrl_model,/home/users/am1015/rl_runs_td3_walker_kl_20260703_td3_kl_softrobust_5seed_rerun/Walker2d-v4__td3_kl_klb0p5__5__1783289936/td3_kl_klb0p5.cleanrl_model.norm_stats.npz,1,1,1,0.0,0.0,0.0,0.0,1.0,1.1,,1.0,-1,,-1,,1.0,,1.0,1.0,313.7582264452752,80.50635747497928,313.60995813984766,318.8690500229551,165.98069643900743,444.8192432178945,
1783521403,eval__Walker2d-v4__td3__klb0p5__mass_1p3__seed1__pid866332,td3,Walker2d-v4,1,20,1,klb0p5,mass_1p3,/home/users/am1015/rl_runs_td3_walker_kl_20260703_td3_kl_softrobust_5seed_rerun/Walker2d-v4__td3_kl_klb0p5__1__1783289937/td3_kl_klb0p5.cleanrl_model,/home/users/am1015/rl_runs_td3_walker_kl_20260703_td3_kl_softrobust_5seed_rerun/Walker2d-v4__td3_kl_klb0p5__1__1783289937/td3_kl_klb0p5.cleanrl_model.norm_stats.npz,1,1,1,0.0,0.0,0.0,0.0,1.0,1.3,,1.0,-1,,-1,,1.0,,1.0,1.0,375.4001201010935,75.06969819256098,356.240696824681,362.7481854778332,266.98733125265795,559.9987776572572,
1783521408,eval__Walker2d-v4__td3__klb0p5__mass_1p3__seed2__pid866369,td3,Walker2d-v4,2,20,1,klb0p5,mass_1p3,/home/users/am1015/rl_runs_td3_walker_kl_20260703_td3_kl_softrobust_5seed_rerun/Walker2d-v4__td3_kl_klb0p5__2__1783289937/td3_kl_klb0p5.cleanrl_model,/home/users/am1015/rl_runs_td3_walker_kl_20260703_td3_kl_softrobust_5seed_rerun/Walker2d-v4__td3_kl_klb0p5__2__1783289937/td3_kl_klb0p5.cleanrl_model.norm_stats.npz,1,1,1,0.0,0.0,0.0,0.0,1.0,1.3,,1.0,-1,,-1,,1.0,,1.0,1.0,492.9744231784196,182.9812275177689,418.8479752191341,439.55613561042566,278.6712459266236,906.1736809048958,
1783521413,eval__Walker2d-v4__td3__klb0p5__mass_1p3__seed3__pid866425,td3,Walker2d-v4,3,20,1,klb0p5,mass_1p3,/home/users/am1015/rl_runs_td3_walker_kl_20260703_td3_kl_softrobust_5seed_rerun/Walker2d-v4__td3_kl_klb0p5__3__1783289937/td3_kl_klb0p5.cleanrl_model,/home/users/am1015/rl_runs_td3_walker_kl_20260703_td3_kl_softrobust_5seed_rerun/Walker2d-v4__td3_kl_klb0p5__3__1783289937/td3_kl_klb0p5.cleanrl_model.norm_stats.npz,1,1,1,0.0,0.0,0.0,0.0,1.0,1.3,,1.0,-1,,-1,,1.0,,1.0,1.0,240.5926469389408,119.92674890642913,192.28041019415232,211.9849765863544,41.15949432045424,487.75026111922017,
1783521417,eval__Walker2d-v4__td3__klb0p5__mass_1p3__seed4__pid866461,td3,Walker2d-v4,4,20,1,klb0p5,mass_1p3,/home/users/am1015/rl_runs_td3_walker_kl_20260703_td3_kl_softrobust_5seed_rerun/Walker2d-v4__td3_kl_klb0p5__4__1783289937/td3_kl_klb0p5.cleanrl_model,/home/users/am1015/rl_runs_td3_walker_kl_20260703_td3_kl_softrobust_5seed_rerun/Walker2d-v4__td3_kl_klb0p5__4__1783289937/td3_kl_klb0p5.cleanrl_model.norm_stats.npz,1,1,1,0.0,0.0,0.0,0.0,1.0,1.3,,1.0,-1,,-1,,1.0,,1.0,1.0,356.25821000271605,177.88374518915816,334.09611257517,327.15609469888165,104.82055570205442,900.0346613998593,
1783521421,eval__Walker2d-v4__td3__klb0p5__mass_1p3__seed5__pid866500,td3,Walker2d-v4,5,20,1,klb0p5,mass_1p3,/home/users/am1015/rl_runs_td3_walker_kl_20260703_td3_kl_softrobust_5seed_rerun/Walker2d-v4__td3_kl_klb0p5__5__1783289936/td3_kl_klb0p5.cleanrl_model,/home/users/am1015/rl_runs_td3_walker_kl_20260703_td3_kl_softrobust_5seed_rerun/Walker2d-v4__td3_kl_klb0p5__5__1783289936/td3_kl_klb0p5.cleanrl_model.norm_stats.npz,1,1,1,0.0,0.0,0.0,0.0,1.0,1.3,,1.0,-1,,-1,,1.0,,1.0,1.0,284.2244745215852,100.90277296162824,261.1693035660252,273.7356426616743,160.99722594110443,471.6511934166194,
1783521425,eval__Walker2d-v4__td3__klb0p5__mass_1p5__seed1__pid866557,td3,Walker2d-v4,1,20,1,klb0p5,mass_1p5,/home/users/am1015/rl_runs_td3_walker_kl_20260703_td3_kl_softrobust_5seed_rerun/Walker2d-v4__td3_kl_klb0p5__1__1783289937/td3_kl_klb0p5.cleanrl_model,/home/users/am1015/rl_runs_td3_walker_kl_20260703_td3_kl_softrobust_5seed_rerun/Walker2d-v4__td3_kl_klb0p5__1__1783289937/td3_kl_klb0p5.cleanrl_model.norm_stats.npz,1,1,1,0.0,0.0,0.0,0.0,1.0,1.5,,1.0,-1,,-1,,1.0,,1.0,1.0,374.38098380393046,30.783876744740127,374.2659142536769,377.8127953687919,313.2541922908479,411.36125321815865,
1783521430,eval__Walker2d-v4__td3__klb0p5__mass_1p5__seed2__pid866595,td3,Walker2d-v4,2,20,1,klb0p5,mass_1p5,/home/users/am1015/rl_runs_td3_walker_kl_20260703_td3_kl_softrobust_5seed_rerun/Walker2d-v4__td3_kl_klb0p5__2__1783289937/td3_kl_klb0p5.cleanrl_model,/home/users/am1015/rl_runs_td3_walker_kl_20260703_td3_kl_softrobust_5seed_rerun/Walker2d-v4__td3_kl_klb0p5__2__1783289937/td3_kl_klb0p5.cleanrl_model.norm_stats.npz,1,1,1,0.0,0.0,0.0,0.0,1.0,1.5,,1.0,-1,,-1,,1.0,,1.0,1.0,441.3351039357043,58.117079113297365,433.27079399069794,429.75685600662325,372.5329642541829,584.7047153627465,
1783521434,eval__Walker2d-v4__td3__klb0p5__mass_1p5__seed3__pid866633,td3,Walker2d-v4,3,20,1,klb0p5,mass_1p5,/home/users/am1015/rl_runs_td3_walker_kl_20260703_td3_kl_softrobust_5seed_rerun/Walker2d-v4__td3_kl_klb0p5__3__1783289937/td3_kl_klb0p5.cleanrl_model,/home/users/am1015/rl_runs_td3_walker_kl_20260703_td3_kl_softrobust_5seed_rerun/Walker2d-v4__td3_kl_klb0p5__3__1783289937/td3_kl_klb0p5.cleanrl_model.norm_stats.npz,1,1,1,0.0,0.0,0.0,0.0,1.0,1.5,,1.0,-1,,-1,,1.0,,1.0,1.0,329.1095878766256,161.9153405712006,302.5946243505338,309.16029736950634,89.31965971796872,617.2921458970707,
1783521439,eval__Walker2d-v4__td3__klb0p5__mass_1p5__seed4__pid866670,td3,Walker2d-v4,4,20,1,klb0p5,mass_1p5,/home/users/am1015/rl_runs_td3_walker_kl_20260703_td3_kl_softrobust_5seed_rerun/Walker2d-v4__td3_kl_klb0p5__4__1783289937/td3_kl_klb0p5.cleanrl_model,/home/users/am1015/rl_runs_td3_walker_kl_20260703_td3_kl_softrobust_5seed_rerun/Walker2d-v4__td3_kl_klb0p5__4__1783289937/td3_kl_klb0p5.cleanrl_model.norm_stats.npz,1,1,1,0.0,0.0,0.0,0.0,1.0,1.5,,1.0,-1,,-1,,1.0,,1.0,1.0,386.6119183752459,197.7780413329085,332.3289574190829,327.60596146255494,234.9370818468244,974.3416842552546,
1783521443,eval__Walker2d-v4__td3__klb0p5__mass_1p5__seed5__pid866726,td3,Walker2d-v4,5,20,1,klb0p5,mass_1p5,/home/users/am1015/rl_runs_td3_walker_kl_20260703_td3_kl_softrobust_5seed_rerun/Walker2d-v4__td3_kl_klb0p5__5__1783289936/td3_kl_klb0p5.cleanrl_model,/home/users/am1015/rl_runs_td3_walker_kl_20260703_td3_kl_softrobust_5seed_rerun/Walker2d-v4__td3_kl_klb0p5__5__1783289936/td3_kl_klb0p5.cleanrl_model.norm_stats.npz,1,1,1,0.0,0.0,0.0,0.0,1.0,1.5,,1.0,-1,,-1,,1.0,,1.0,1.0,320.661504780341,93.46799136433992,309.5529604114596,316.16641980936924,165.87824791341697,578.4713759884856,
1783520978,eval__Walker2d-v4__td3__klb0p5__mass_1p7__seed1__pid2462843,td3,Walker2d-v4,1,20,1,klb0p5,mass_1p7,/home/users/am1015/rl_runs_td3_walker_kl_20260703_td3_kl_softrobust_5seed_rerun/Walker2d-v4__td3_kl_klb0p5__1__1783289937/td3_kl_klb0p5.cleanrl_model,/home/users/am1015/rl_runs_td3_walker_kl_20260703_td3_kl_softrobust_5seed_rerun/Walker2d-v4__td3_kl_klb0p5__1__1783289937/td3_kl_klb0p5.cleanrl_model.norm_stats.npz,1,1,1,0.0,0.0,0.0,0.0,1.0,1.7,,1.0,-1,,-1,,1.0,,1.0,1.0,359.09911707844714,34.65582702696531,350.5906545068052,352.39853749586484,272.2048860533664,426.4212822622171,
1783520983,eval__Walker2d-v4__td3__klb0p5__mass_1p7__seed2__pid2462881,td3,Walker2d-v4,2,20,1,klb0p5,mass_1p7,/home/users/am1015/rl_runs_td3_walker_kl_20260703_td3_kl_softrobust_5seed_rerun/Walker2d-v4__td3_kl_klb0p5__2__1783289937/td3_kl_klb0p5.cleanrl_model,/home/users/am1015/rl_runs_td3_walker_kl_20260703_td3_kl_softrobust_5seed_rerun/Walker2d-v4__td3_kl_klb0p5__2__1783289937/td3_kl_klb0p5.cleanrl_model.norm_stats.npz,1,1,1,0.0,0.0,0.0,0.0,1.0,1.7,,1.0,-1,,-1,,1.0,,1.0,1.0,415.6381370563037,64.14625164929465,401.0201048278748,404.5127248445848,329.0801973849796,553.5119140114123,
1783520989,eval__Walker2d-v4__td3__klb0p5__mass_1p7__seed3__pid2462919,td3,Walker2d-v4,3,20,1,klb0p5,mass_1p7,/home/users/am1015/rl_runs_td3_walker_kl_20260703_td3_kl_softrobust_5seed_rerun/Walker2d-v4__td3_kl_klb0p5__3__1783289937/td3_kl_klb0p5.cleanrl_model,/home/users/am1015/rl_runs_td3_walker_kl_20260703_td3_kl_softrobust_5seed_rerun/Walker2d-v4__td3_kl_klb0p5__3__1783289937/td3_kl_klb0p5.cleanrl_model.norm_stats.npz,1,1,1,0.0,0.0,0.0,0.0,1.0,1.7,,1.0,-1,,-1,,1.0,,1.0,1.0,433.9121759851066,258.7721728976954,371.8334944209004,397.25498869034266,28.062769034959267,1023.5573869317108,
1783520993,eval__Walker2d-v4__td3__klb0p5__mass_1p7__seed4__pid2462979,td3,Walker2d-v4,4,20,1,klb0p5,mass_1p7,/home/users/am1015/rl_runs_td3_walker_kl_20260703_td3_kl_softrobust_5seed_rerun/Walker2d-v4__td3_kl_klb0p5__4__1783289937/td3_kl_klb0p5.cleanrl_model,/home/users/am1015/rl_runs_td3_walker_kl_20260703_td3_kl_softrobust_5seed_rerun/Walker2d-v4__td3_kl_klb0p5__4__1783289937/td3_kl_klb0p5.cleanrl_model.norm_stats.npz,1,1,1,0.0,0.0,0.0,0.0,1.0,1.7,,1.0,-1,,-1,,1.0,,1.0,1.0,350.7949190937834,184.12849990297144,308.783217608751,313.67612045373914,40.52800193805228,929.5805196584084,
1783520997,eval__Walker2d-v4__td3__klb0p5__mass_1p7__seed5__pid2463019,td3,Walker2d-v4,5,20,1,klb0p5,mass_1p7,/home/users/am1015/rl_runs_td3_walker_kl_20260703_td3_kl_softrobust_5seed_rerun/Walker2d-v4__td3_kl_klb0p5__5__1783289936/td3_kl_klb0p5.cleanrl_model,/home/users/am1015/rl_runs_td3_walker_kl_20260703_td3_kl_softrobust_5seed_rerun/Walker2d-v4__td3_kl_klb0p5__5__1783289936/td3_kl_klb0p5.cleanrl_model.norm_stats.npz,1,1,1,0.0,0.0,0.0,0.0,1.0,1.7,,1.0,-1,,-1,,1.0,,1.0,1.0,188.6481733257175,72.47004374322577,176.10201366829523,173.86060925518854,110.1278562997828,384.9240448188272,
1783521001,eval__Walker2d-v4__td3__klb0p5__mass_2p0__seed1__pid2463057,td3,Walker2d-v4,1,20,1,klb0p5,mass_2p0,/home/users/am1015/rl_runs_td3_walker_kl_20260703_td3_kl_softrobust_5seed_rerun/Walker2d-v4__td3_kl_klb0p5__1__1783289937/td3_kl_klb0p5.cleanrl_model,/home/users/am1015/rl_runs_td3_walker_kl_20260703_td3_kl_softrobust_5seed_rerun/Walker2d-v4__td3_kl_klb0p5__1__1783289937/td3_kl_klb0p5.cleanrl_model.norm_stats.npz,1,1,1,0.0,0.0,0.0,0.0,1.0,2.0,,1.0,-1,,-1,,1.0,,1.0,1.0,385.9282982108364,18.28584418107459,389.1899012360228,387.67999648358784,326.42177087484146,416.4183966442752,
1783521005,eval__Walker2d-v4__td3__klb0p5__mass_2p0__seed2__pid2463105,td3,Walker2d-v4,2,20,1,klb0p5,mass_2p0,/home/users/am1015/rl_runs_td3_walker_kl_20260703_td3_kl_softrobust_5seed_rerun/Walker2d-v4__td3_kl_klb0p5__2__1783289937/td3_kl_klb0p5.cleanrl_model,/home/users/am1015/rl_runs_td3_walker_kl_20260703_td3_kl_softrobust_5seed_rerun/Walker2d-v4__td3_kl_klb0p5__2__1783289937/td3_kl_klb0p5.cleanrl_model.norm_stats.npz,1,1,1,0.0,0.0,0.0,0.0,1.0,2.0,,1.0,-1,,-1,,1.0,,1.0,1.0,323.62181917711365,32.17345326330606,312.79251036462097,315.10697593820254,287.7801812451436,397.4242849194101,
1783521012,eval__Walker2d-v4__td3__klb0p5__mass_2p0__seed3__pid2463156,td3,Walker2d-v4,3,20,1,klb0p5,mass_2p0,/home/users/am1015/rl_runs_td3_walker_kl_20260703_td3_kl_softrobust_5seed_rerun/Walker2d-v4__td3_kl_klb0p5__3__1783289937/td3_kl_klb0p5.cleanrl_model,/home/users/am1015/rl_runs_td3_walker_kl_20260703_td3_kl_softrobust_5seed_rerun/Walker2d-v4__td3_kl_klb0p5__3__1783289937/td3_kl_klb0p5.cleanrl_model.norm_stats.npz,1,1,1,0.0,0.0,0.0,0.0,1.0,2.0,,1.0,-1,,-1,,1.0,,1.0,1.0,527.9067941606447,273.0855101956774,476.74570636028346,483.9528551487862,115.72899564131552,1004.9598428352213,
1783521018,eval__Walker2d-v4__td3__klb0p5__mass_2p0__seed4__pid2463197,td3,Walker2d-v4,4,20,1,klb0p5,mass_2p0,/home/users/am1015/rl_runs_td3_walker_kl_20260703_td3_kl_softrobust_5seed_rerun/Walker2d-v4__td3_kl_klb0p5__4__1783289937/td3_kl_klb0p5.cleanrl_model,/home/users/am1015/rl_runs_td3_walker_kl_20260703_td3_kl_softrobust_5seed_rerun/Walker2d-v4__td3_kl_klb0p5__4__1783289937/td3_kl_klb0p5.cleanrl_model.norm_stats.npz,1,1,1,0.0,0.0,0.0,0.0,1.0,2.0,,1.0,-1,,-1,,1.0,,1.0,1.0,428.0336888944057,219.08012151647276,342.0538526117904,384.4064426082089,191.5669329402984,968.9755095021532,
1783521021,eval__Walker2d-v4__td3__klb0p5__mass_2p0__seed5__pid2463258,td3,Walker2d-v4,5,20,1,klb0p5,mass_2p0,/home/users/am1015/rl_runs_td3_walker_kl_20260703_td3_kl_softrobust_5seed_rerun/Walker2d-v4__td3_kl_klb0p5__5__1783289936/td3_kl_klb0p5.cleanrl_model,/home/users/am1015/rl_runs_td3_walker_kl_20260703_td3_kl_softrobust_5seed_rerun/Walker2d-v4__td3_kl_klb0p5__5__1783289936/td3_kl_klb0p5.cleanrl_model.norm_stats.npz,1,1,1,0.0,0.0,0.0,0.0,1.0,2.0,,1.0,-1,,-1,,1.0,,1.0,1.0,155.7676530713916,25.191724813964044,160.61072683708036,159.37558270980082,105.61384060790412,207.22226702215733,
1783521024,eval__Walker2d-v4__td3__klb1__mass_0p1__seed1__pid2463294,td3,Walker2d-v4,1,20,1,klb1,mass_0p1,/home/users/am1015/rl_runs_td3_walker_kl_20260703_td3_kl_softrobust_5seed_rerun/Walker2d-v4__td3_kl_klb1__1__1783289937/td3_kl_klb1.cleanrl_model,/home/users/am1015/rl_runs_td3_walker_kl_20260703_td3_kl_softrobust_5seed_rerun/Walker2d-v4__td3_kl_klb1__1__1783289937/td3_kl_klb1.cleanrl_model.norm_stats.npz,1,1,1,0.0,0.0,0.0,0.0,1.0,0.1,,1.0,-1,,-1,,1.0,,1.0,1.0,154.08752216320977,151.2199478216719,114.05878751153536,130.92373342525508,-14.54957220935319,512.2757829187481,
1783521028,eval__Walker2d-v4__td3__klb1__mass_0p1__seed2__pid2463330,td3,Walker2d-v4,2,20,1,klb1,mass_0p1,/home/users/am1015/rl_runs_td3_walker_kl_20260703_td3_kl_softrobust_5seed_rerun/Walker2d-v4__td3_kl_klb1__2__1783289936/td3_kl_klb1.cleanrl_model,/home/users/am1015/rl_runs_td3_walker_kl_20260703_td3_kl_softrobust_5seed_rerun/Walker2d-v4__td3_kl_klb1__2__1783289936/td3_kl_klb1.cleanrl_model.norm_stats.npz,1,1,1,0.0,0.0,0.0,0.0,1.0,0.1,,1.0,-1,,-1,,1.0,,1.0,1.0,199.28000174793883,166.32146575383962,83.97697959681756,166.67442089305132,37.42853357817403,472.5318310667071,
1783521032,eval__Walker2d-v4__td3__klb1__mass_0p1__seed3__pid2463368,td3,Walker2d-v4,3,20,1,klb1,mass_0p1,/home/users/am1015/rl_runs_td3_walker_kl_20260703_td3_kl_softrobust_5seed_rerun/Walker2d-v4__td3_kl_klb1__3__1783289937/td3_kl_klb1.cleanrl_model,/home/users/am1015/rl_runs_td3_walker_kl_20260703_td3_kl_softrobust_5seed_rerun/Walker2d-v4__td3_kl_klb1__3__1783289937/td3_kl_klb1.cleanrl_model.norm_stats.npz,1,1,1,0.0,0.0,0.0,0.0,1.0,0.1,,1.0,-1,,-1,,1.0,,1.0,1.0,94.94820510088954,131.7262251217064,67.383886521849,61.73103334909251,-55.21868914728678,404.5154099263095,
1783521035,eval__Walker2d-v4__td3__klb1__mass_0p1__seed4__pid2463428,td3,Walker2d-v4,4,20,1,klb1,mass_0p1,/home/users/am1015/rl_runs_td3_walker_kl_20260703_td3_kl_softrobust_5seed_rerun/Walker2d-v4__td3_kl_klb1__4__1783319289/td3_kl_klb1.cleanrl_model,/home/users/am1015/rl_runs_td3_walker_kl_20260703_td3_kl_softrobust_5seed_rerun/Walker2d-v4__td3_kl_klb1__4__1783319289/td3_kl_klb1.cleanrl_model.norm_stats.npz,1,1,1,0.0,0.0,0.0,0.0,1.0,0.1,,1.0,-1,,-1,,1.0,,1.0,1.0,185.98972349303824,90.03937210639685,180.5066454436771,184.99328724077805,18.6223900691981,394.8110637435761,
1783521039,eval__Walker2d-v4__td3__klb1__mass_0p1__seed5__pid2463465,td3,Walker2d-v4,5,20,1,klb1,mass_0p1,/home/users/am1015/rl_runs_td3_walker_kl_20260703_td3_kl_softrobust_5seed_rerun/Walker2d-v4__td3_kl_klb1__5__1783319357/td3_kl_klb1.cleanrl_model,/home/users/am1015/rl_runs_td3_walker_kl_20260703_td3_kl_softrobust_5seed_rerun/Walker2d-v4__td3_kl_klb1__5__1783319357/td3_kl_klb1.cleanrl_model.norm_stats.npz,1,1,1,0.0,0.0,0.0,0.0,1.0,0.1,,1.0,-1,,-1,,1.0,,1.0,1.0,43.964126497418974,38.39293202154069,58.7554323538019,58.80292898362059,-46.45967911812345,78.58299875835036,
1783521042,eval__Walker2d-v4__td3__klb1__mass_0p2__seed1__pid2463503,td3,Walker2d-v4,1,20,1,klb1,mass_0p2,/home/users/am1015/rl_runs_td3_walker_kl_20260703_td3_kl_softrobust_5seed_rerun/Walker2d-v4__td3_kl_klb1__1__1783289937/td3_kl_klb1.cleanrl_model,/home/users/am1015/rl_runs_td3_walker_kl_20260703_td3_kl_softrobust_5seed_rerun/Walker2d-v4__td3_kl_klb1__1__1783289937/td3_kl_klb1.cleanrl_model.norm_stats.npz,1,1,1,0.0,0.0,0.0,0.0,1.0,0.2,,1.0,-1,,-1,,1.0,,1.0,1.0,234.26371460657657,100.21206754526108,242.3032868077049,242.6433447416716,37.774973459067446,447.1583331113864,
1783521047,eval__Walker2d-v4__td3__klb1__mass_0p2__seed2__pid2463541,td3,Walker2d-v4,2,20,1,klb1,mass_0p2,/home/users/am1015/rl_runs_td3_walker_kl_20260703_td3_kl_softrobust_5seed_rerun/Walker2d-v4__td3_kl_klb1__2__1783289936/td3_kl_klb1.cleanrl_model,/home/users/am1015/rl_runs_td3_walker_kl_20260703_td3_kl_softrobust_5seed_rerun/Walker2d-v4__td3_kl_klb1__2__1783289936/td3_kl_klb1.cleanrl_model.norm_stats.npz,1,1,1,0.0,0.0,0.0,0.0,1.0,0.2,,1.0,-1,,-1,,1.0,,1.0,1.0,284.79285071194903,140.45820524937017,353.63908380330247,302.30720856849314,73.25227086354928,493.993030870033,
1783521051,eval__Walker2d-v4__td3__klb1__mass_0p2__seed3__pid2463599,td3,Walker2d-v4,3,20,1,klb1,mass_0p2,/home/users/am1015/rl_runs_td3_walker_kl_20260703_td3_kl_softrobust_5seed_rerun/Walker2d-v4__td3_kl_klb1__3__1783289937/td3_kl_klb1.cleanrl_model,/home/users/am1015/rl_runs_td3_walker_kl_20260703_td3_kl_softrobust_5seed_rerun/Walker2d-v4__td3_kl_klb1__3__1783289937/td3_kl_klb1.cleanrl_model.norm_stats.npz,1,1,1,0.0,0.0,0.0,0.0,1.0,0.2,,1.0,-1,,-1,,1.0,,1.0,1.0,273.5962993804416,266.31767289325705,160.8926501338116,196.7261701081204,20.49422878100001,943.5192776815796,
1783521055,eval__Walker2d-v4__td3__klb1__mass_0p2__seed4__pid2463637,td3,Walker2d-v4,4,20,1,klb1,mass_0p2,/home/users/am1015/rl_runs_td3_walker_kl_20260703_td3_kl_softrobust_5seed_rerun/Walker2d-v4__td3_kl_klb1__4__1783319289/td3_kl_klb1.cleanrl_model,/home/users/am1015/rl_runs_td3_walker_kl_20260703_td3_kl_softrobust_5seed_rerun/Walker2d-v4__td3_kl_klb1__4__1783319289/td3_kl_klb1.cleanrl_model.norm_stats.npz,1,1,1,0.0,0.0,0.0,0.0,1.0,0.2,,1.0,-1,,-1,,1.0,,1.0,1.0,482.5805964038515,221.9188461346732,445.0305856281491,460.0011112255544,193.092562671506,960.7691848993688,
1783521058,eval__Walker2d-v4__td3__klb1__mass_0p2__seed5__pid2463678,td3,Walker2d-v4,5,20,1,klb1,mass_0p2,/home/users/am1015/rl_runs_td3_walker_kl_20260703_td3_kl_softrobust_5seed_rerun/Walker2d-v4__td3_kl_klb1__5__1783319357/td3_kl_klb1.cleanrl_model,/home/users/am1015/rl_runs_td3_walker_kl_20260703_td3_kl_softrobust_5seed_rerun/Walker2d-v4__td3_kl_klb1__5__1783319357/td3_kl_klb1.cleanrl_model.norm_stats.npz,1,1,1,0.0,0.0,0.0,0.0,1.0,0.2,,1.0,-1,,-1,,1.0,,1.0,1.0,80.80393796777386,10.04197888600072,80.67960823789875,81.09020794481812,63.66925099409036,99.8521071944059,
1783521062,eval__Walker2d-v4__td3__klb1__mass_0p3__seed1__pid2463716,td3,Walker2d-v4,1,20,1,klb1,mass_0p3,/home/users/am1015/rl_runs_td3_walker_kl_20260703_td3_kl_softrobust_5seed_rerun/Walker2d-v4__td3_kl_klb1__1__1783289937/td3_kl_klb1.cleanrl_model,/home/users/am1015/rl_runs_td3_walker_kl_20260703_td3_kl_softrobust_5seed_rerun/Walker2d-v4__td3_kl_klb1__1__1783289937/td3_kl_klb1.cleanrl_model.norm_stats.npz,1,1,1,0.0,0.0,0.0,0.0,1.0,0.3,,1.0,-1,,-1,,1.0,,1.0,1.0,262.16159910821034,82.67694865483854,277.61867876682186,276.8424170102744,43.645277024447374,366.9482005929386,
1783521067,eval__Walker2d-v4__td3__klb1__mass_0p3__seed2__pid2463776,td3,Walker2d-v4,2,20,1,klb1,mass_0p3,/home/users/am1015/rl_runs_td3_walker_kl_20260703_td3_kl_softrobust_5seed_rerun/Walker2d-v4__td3_kl_klb1__2__1783289936/td3_kl_klb1.cleanrl_model,/home/users/am1015/rl_runs_td3_walker_kl_20260703_td3_kl_softrobust_5seed_rerun/Walker2d-v4__td3_kl_klb1__2__1783289936/td3_kl_klb1.cleanrl_model.norm_stats.npz,1,1,1,0.0,0.0,0.0,0.0,1.0,0.3,,1.0,-1,,-1,,1.0,,1.0,1.0,380.4228552202641,66.01757741084074,388.0580145123951,387.1402508555138,158.34018440700788,531.4720839428378,
1783521071,eval__Walker2d-v4__td3__klb1__mass_0p3__seed3__pid2463814,td3,Walker2d-v4,3,20,1,klb1,mass_0p3,/home/users/am1015/rl_runs_td3_walker_kl_20260703_td3_kl_softrobust_5seed_rerun/Walker2d-v4__td3_kl_klb1__3__1783289937/td3_kl_klb1.cleanrl_model,/home/users/am1015/rl_runs_td3_walker_kl_20260703_td3_kl_softrobust_5seed_rerun/Walker2d-v4__td3_kl_klb1__3__1783289937/td3_kl_klb1.cleanrl_model.norm_stats.npz,1,1,1,0.0,0.0,0.0,0.0,1.0,0.3,,1.0,-1,,-1,,1.0,,1.0,1.0,308.1491057872014,309.6043799016661,220.2755423143084,220.08974941927156,32.18512541512109,1000.9041815144542,
1783521077,eval__Walker2d-v4__td3__klb1__mass_0p3__seed4__pid2463875,td3,Walker2d-v4,4,20,1,klb1,mass_0p3,/home/users/am1015/rl_runs_td3_walker_kl_20260703_td3_kl_softrobust_5seed_rerun/Walker2d-v4__td3_kl_klb1__4__1783319289/td3_kl_klb1.cleanrl_model,/home/users/am1015/rl_runs_td3_walker_kl_20260703_td3_kl_softrobust_5seed_rerun/Walker2d-v4__td3_kl_klb1__4__1783319289/td3_kl_klb1.cleanrl_model.norm_stats.npz,1,1,1,0.0,0.0,0.0,0.0,1.0,0.3,,1.0,-1,,-1,,1.0,,1.0,1.0,695.2485645037949,396.3213600640627,647.5528719584584,610.4100036521792,276.5660102015781,1570.035056285137,
1783521080,eval__Walker2d-v4__td3__klb1__mass_0p3__seed5__pid2463938,td3,Walker2d-v4,5,20,1,klb1,mass_0p3,/home/users/am1015/rl_runs_td3_walker_kl_20260703_td3_kl_softrobust_5seed_rerun/Walker2d-v4__td3_kl_klb1__5__1783319357/td3_kl_klb1.cleanrl_model,/home/users/am1015/rl_runs_td3_walker_kl_20260703_td3_kl_softrobust_5seed_rerun/Walker2d-v4__td3_kl_klb1__5__1783319357/td3_kl_klb1.cleanrl_model.norm_stats.npz,1,1,1,0.0,0.0,0.0,0.0,1.0,0.3,,1.0,-1,,-1,,1.0,,1.0,1.0,101.17676550405014,25.203086076681057,95.2525892803068,94.74217634213004,75.67061630808499,175.28159703029235,
1783521084,eval__Walker2d-v4__td3__klb1__mass_0p4__seed1__pid2463975,td3,Walker2d-v4,1,20,1,klb1,mass_0p4,/home/users/am1015/rl_runs_td3_walker_kl_20260703_td3_kl_softrobust_5seed_rerun/Walker2d-v4__td3_kl_klb1__1__1783289937/td3_kl_klb1.cleanrl_model,/home/users/am1015/rl_runs_td3_walker_kl_20260703_td3_kl_softrobust_5seed_rerun/Walker2d-v4__td3_kl_klb1__1__1783289937/td3_kl_klb1.cleanrl_model.norm_stats.npz,1,1,1,0.0,0.0,0.0,0.0,1.0,0.4,,1.0,-1,,-1,,1.0,,1.0,1.0,286.45477679297284,87.79265132749475,317.60025553971707,313.1730033979711,78.87668448716799,394.5486322360287,
1783521088,eval__Walker2d-v4__td3__klb1__mass_0p4__seed2__pid2464014,td3,Walker2d-v4,2,20,1,klb1,mass_0p4,/home/users/am1015/rl_runs_td3_walker_kl_20260703_td3_kl_softrobust_5seed_rerun/Walker2d-v4__td3_kl_klb1__2__1783289936/td3_kl_klb1.cleanrl_model,/home/users/am1015/rl_runs_td3_walker_kl_20260703_td3_kl_softrobust_5seed_rerun/Walker2d-v4__td3_kl_klb1__2__1783289936/td3_kl_klb1.cleanrl_model.norm_stats.npz,1,1,1,0.0,0.0,0.0,0.0,1.0,0.4,,1.0,-1,,-1,,1.0,,1.0,1.0,374.45277501244016,20.795025460845466,373.9847280067644,373.0355841485852,335.9770178339492,410.413159899685,
1783521092,eval__Walker2d-v4__td3__klb1__mass_0p4__seed3__pid2464052,td3,Walker2d-v4,3,20,1,klb1,mass_0p4,/home/users/am1015/rl_runs_td3_walker_kl_20260703_td3_kl_softrobust_5seed_rerun/Walker2d-v4__td3_kl_klb1__3__1783289937/td3_kl_klb1.cleanrl_model,/home/users/am1015/rl_runs_td3_walker_kl_20260703_td3_kl_softrobust_5seed_rerun/Walker2d-v4__td3_kl_klb1__3__1783289937/td3_kl_klb1.cleanrl_model.norm_stats.npz,1,1,1,0.0,0.0,0.0,0.0,1.0,0.4,,1.0,-1,,-1,,1.0,,1.0,1.0,335.0032477148546,196.6214621954005,303.9022571954596,316.0131633229668,70.6271975478573,981.0675578533532,
1783521098,eval__Walker2d-v4__td3__klb1__mass_0p4__seed4__pid2464112,td3,Walker2d-v4,4,20,1,klb1,mass_0p4,/home/users/am1015/rl_runs_td3_walker_kl_20260703_td3_kl_softrobust_5seed_rerun/Walker2d-v4__td3_kl_klb1__4__1783319289/td3_kl_klb1.cleanrl_model,/home/users/am1015/rl_runs_td3_walker_kl_20260703_td3_kl_softrobust_5seed_rerun/Walker2d-v4__td3_kl_klb1__4__1783319289/td3_kl_klb1.cleanrl_model.norm_stats.npz,1,1,1,0.0,0.0,0.0,0.0,1.0,0.4,,1.0,-1,,-1,,1.0,,1.0,1.0,789.2522903280344,436.96940534371606,608.5982768243814,687.540867347034,267.2077251651868,2087.2645429590248,
1783521102,eval__Walker2d-v4__td3__klb1__mass_0p4__seed5__pid2464150,td3,Walker2d-v4,5,20,1,klb1,mass_0p4,/home/users/am1015/rl_runs_td3_walker_kl_20260703_td3_kl_softrobust_5seed_rerun/Walker2d-v4__td3_kl_klb1__5__1783319357/td3_kl_klb1.cleanrl_model,/home/users/am1015/rl_runs_td3_walker_kl_20260703_td3_kl_softrobust_5seed_rerun/Walker2d-v4__td3_kl_klb1__5__1783319357/td3_kl_klb1.cleanrl_model.norm_stats.npz,1,1,1,0.0,0.0,0.0,0.0,1.0,0.4,,1.0,-1,,-1,,1.0,,1.0,1.0,114.29052919985332,22.089950956799388,113.39650586969026,109.97138243926554,88.00516464029346,161.05505960404912,
1783521107,eval__Walker2d-v4__td3__klb1__mass_0p5__seed1__pid2464188,td3,Walker2d-v4,1,20,1,klb1,mass_0p5,/home/users/am1015/rl_runs_td3_walker_kl_20260703_td3_kl_softrobust_5seed_rerun/Walker2d-v4__td3_kl_klb1__1__1783289937/td3_kl_klb1.cleanrl_model,/home/users/am1015/rl_runs_td3_walker_kl_20260703_td3_kl_softrobust_5seed_rerun/Walker2d-v4__td3_kl_klb1__1__1783289937/td3_kl_klb1.cleanrl_model.norm_stats.npz,1,1,1,0.0,0.0,0.0,0.0,1.0,0.5,,1.0,-1,,-1,,1.0,,1.0,1.0,468.744282360604,247.39370363118292,519.3936902136081,489.9123484929728,115.02040466080676,1005.64675830699,
1783521112,eval__Walker2d-v4__td3__klb1__mass_0p5__seed2__pid2464248,td3,Walker2d-v4,2,20,1,klb1,mass_0p5,/home/users/am1015/rl_runs_td3_walker_kl_20260703_td3_kl_softrobust_5seed_rerun/Walker2d-v4__td3_kl_klb1__2__1783289936/td3_kl_klb1.cleanrl_model,/home/users/am1015/rl_runs_td3_walker_kl_20260703_td3_kl_softrobust_5seed_rerun/Walker2d-v4__td3_kl_klb1__2__1783289936/td3_kl_klb1.cleanrl_model.norm_stats.npz,1,1,1,0.0,0.0,0.0,0.0,1.0,0.5,,1.0,-1,,-1,,1.0,,1.0,1.0,602.9430991723841,213.0732603412664,568.171673569668,561.914126564125,369.9729242228099,949.873292278332,
1783521116,eval__Walker2d-v4__td3__klb1__mass_0p5__seed3__pid2464287,td3,Walker2d-v4,3,20,1,klb1,mass_0p5,/home/users/am1015/rl_runs_td3_walker_kl_20260703_td3_kl_softrobust_5seed_rerun/Walker2d-v4__td3_kl_klb1__3__1783289937/td3_kl_klb1.cleanrl_model,/home/users/am1015/rl_runs_td3_walker_kl_20260703_td3_kl_softrobust_5seed_rerun/Walker2d-v4__td3_kl_klb1__3__1783289937/td3_kl_klb1.cleanrl_model.norm_stats.npz,1,1,1,0.0,0.0,0.0,0.0,1.0,0.5,,1.0,-1,,-1,,1.0,,1.0,1.0,237.149449077682,106.73298254930396,238.0858644958393,248.11277415249745,59.47076416439432,392.9076431479532,
1783521121,eval__Walker2d-v4__td3__klb1__mass_0p5__seed4__pid2464324,td3,Walker2d-v4,4,20,1,klb1,mass_0p5,/home/users/am1015/rl_runs_td3_walker_kl_20260703_td3_kl_softrobust_5seed_rerun/Walker2d-v4__td3_kl_klb1__4__1783319289/td3_kl_klb1.cleanrl_model,/home/users/am1015/rl_runs_td3_walker_kl_20260703_td3_kl_softrobust_5seed_rerun/Walker2d-v4__td3_kl_klb1__4__1783319289/td3_kl_klb1.cleanrl_model.norm_stats.npz,1,1,1,0.0,0.0,0.0,0.0,1.0,0.5,,1.0,-1,,-1,,1.0,,1.0,1.0,611.831055344933,207.9573012998638,532.2073933411764,533.0793252489184,453.5850218192536,1134.6074693939229,
1783521124,eval__Walker2d-v4__td3__klb1__mass_0p5__seed5__pid2464370,td3,Walker2d-v4,5,20,1,klb1,mass_0p5,/home/users/am1015/rl_runs_td3_walker_kl_20260703_td3_kl_softrobust_5seed_rerun/Walker2d-v4__td3_kl_klb1__5__1783319357/td3_kl_klb1.cleanrl_model,/home/users/am1015/rl_runs_td3_walker_kl_20260703_td3_kl_softrobust_5seed_rerun/Walker2d-v4__td3_kl_klb1__5__1783319357/td3_kl_klb1.cleanrl_model.norm_stats.npz,1,1,1,0.0,0.0,0.0,0.0,1.0,0.5,,1.0,-1,,-1,,1.0,,1.0,1.0,105.26470632849995,12.266066361422949,101.1403624459492,101.7246400780504,86.06790674292243,141.49190706424733,
1783521130,eval__Walker2d-v4__td3__klb1__mass_0p6__seed1__pid2464422,td3,Walker2d-v4,1,20,1,klb1,mass_0p6,/home/users/am1015/rl_runs_td3_walker_kl_20260703_td3_kl_softrobust_5seed_rerun/Walker2d-v4__td3_kl_klb1__1__1783289937/td3_kl_klb1.cleanrl_model,/home/users/am1015/rl_runs_td3_walker_kl_20260703_td3_kl_softrobust_5seed_rerun/Walker2d-v4__td3_kl_klb1__1__1783289937/td3_kl_klb1.cleanrl_model.norm_stats.npz,1,1,1,0.0,0.0,0.0,0.0,1.0,0.6,,1.0,-1,,-1,,1.0,,1.0,1.0,634.3070970918236,334.7484233652153,723.7821567858247,685.7892283592766,132.26511009969403,1396.6880428677928,
1783521136,eval__Walker2d-v4__td3__klb1__mass_0p6__seed2__pid2464460,td3,Walker2d-v4,2,20,1,klb1,mass_0p6,/home/users/am1015/rl_runs_td3_walker_kl_20260703_td3_kl_softrobust_5seed_rerun/Walker2d-v4__td3_kl_klb1__2__1783289936/td3_kl_klb1.cleanrl_model,/home/users/am1015/rl_runs_td3_walker_kl_20260703_td3_kl_softrobust_5seed_rerun/Walker2d-v4__td3_kl_klb1__2__1783289936/td3_kl_klb1.cleanrl_model.norm_stats.npz,1,1,1,0.0,0.0,0.0,0.0,1.0,0.6,,1.0,-1,,-1,,1.0,,1.0,1.0,731.5180211800438,259.382113220651,658.3971957227538,661.7408645194038,430.3703890056013,1364.1305770850593,
1783521140,eval__Walker2d-v4__td3__klb1__mass_0p6__seed3__pid2464498,td3,Walker2d-v4,3,20,1,klb1,mass_0p6,/home/users/am1015/rl_runs_td3_walker_kl_20260703_td3_kl_softrobust_5seed_rerun/Walker2d-v4__td3_kl_klb1__3__1783289937/td3_kl_klb1.cleanrl_model,/home/users/am1015/rl_runs_td3_walker_kl_20260703_td3_kl_softrobust_5seed_rerun/Walker2d-v4__td3_kl_klb1__3__1783289937/td3_kl_klb1.cleanrl_model.norm_stats.npz,1,1,1,0.0,0.0,0.0,0.0,1.0,0.6,,1.0,-1,,-1,,1.0,,1.0,1.0,323.02757530909827,248.10951026035596,298.35101197577217,296.3166918680331,57.45349947647144,976.3528130863888,
1783521145,eval__Walker2d-v4__td3__klb1__mass_0p6__seed4__pid2464558,td3,Walker2d-v4,4,20,1,klb1,mass_0p6,/home/users/am1015/rl_runs_td3_walker_kl_20260703_td3_kl_softrobust_5seed_rerun/Walker2d-v4__td3_kl_klb1__4__1783319289/td3_kl_klb1.cleanrl_model,/home/users/am1015/rl_runs_td3_walker_kl_20260703_td3_kl_softrobust_5seed_rerun/Walker2d-v4__td3_kl_klb1__4__1783319289/td3_kl_klb1.cleanrl_model.norm_stats.npz,1,1,1,0.0,0.0,0.0,0.0,1.0,0.6,,1.0,-1,,-1,,1.0,,1.0,1.0,571.5198886624307,83.87533756487476,562.6899970006014,561.4466871033022,426.5849802326911,773.6574703863522,
1783521148,eval__Walker2d-v4__td3__klb1__mass_0p6__seed5__pid2464597,td3,Walker2d-v4,5,20,1,klb1,mass_0p6,/home/users/am1015/rl_runs_td3_walker_kl_20260703_td3_kl_softrobust_5seed_rerun/Walker2d-v4__td3_kl_klb1__5__1783319357/td3_kl_klb1.cleanrl_model,/home/users/am1015/rl_runs_td3_walker_kl_20260703_td3_kl_softrobust_5seed_rerun/Walker2d-v4__td3_kl_klb1__5__1783319357/td3_kl_klb1.cleanrl_model.norm_stats.npz,1,1,1,0.0,0.0,0.0,0.0,1.0,0.6,,1.0,-1,,-1,,1.0,,1.0,1.0,112.87934776149218,25.747010603986485,107.48162014453708,106.48786653636488,92.33415944162398,200.94597637483537,
1783521154,eval__Walker2d-v4__td3__klb1__mass_0p7__seed1__pid2464635,td3,Walker2d-v4,1,20,1,klb1,mass_0p7,/home/users/am1015/rl_runs_td3_walker_kl_20260703_td3_kl_softrobust_5seed_rerun/Walker2d-v4__td3_kl_klb1__1__1783289937/td3_kl_klb1.cleanrl_model,/home/users/am1015/rl_runs_td3_walker_kl_20260703_td3_kl_softrobust_5seed_rerun/Walker2d-v4__td3_kl_klb1__1__1783289937/td3_kl_klb1.cleanrl_model.norm_stats.npz,1,1,1,0.0,0.0,0.0,0.0,1.0,0.7,,1.0,-1,,-1,,1.0,,1.0,1.0,565.3527185407838,358.385719770697,673.3957464940347,563.1029160830288,112.25117174697944,1315.1152622108618,
1783521162,eval__Walker2d-v4__td3__klb1__mass_0p7__seed2__pid2464695,td3,Walker2d-v4,2,20,1,klb1,mass_0p7,/home/users/am1015/rl_runs_td3_walker_kl_20260703_td3_kl_softrobust_5seed_rerun/Walker2d-v4__td3_kl_klb1__2__1783289936/td3_kl_klb1.cleanrl_model,/home/users/am1015/rl_runs_td3_walker_kl_20260703_td3_kl_softrobust_5seed_rerun/Walker2d-v4__td3_kl_klb1__2__1783289936/td3_kl_klb1.cleanrl_model.norm_stats.npz,1,1,1,0.0,0.0,0.0,0.0,1.0,0.7,,1.0,-1,,-1,,1.0,,1.0,1.0,1145.472288935919,499.1116621453221,1171.1277579453183,1089.2501336308803,572.9142552905341,2050.698727554203,
1783521168,eval__Walker2d-v4__td3__klb1__mass_0p7__seed3__pid2464737,td3,Walker2d-v4,3,20,1,klb1,mass_0p7,/home/users/am1015/rl_runs_td3_walker_kl_20260703_td3_kl_softrobust_5seed_rerun/Walker2d-v4__td3_kl_klb1__3__1783289937/td3_kl_klb1.cleanrl_model,/home/users/am1015/rl_runs_td3_walker_kl_20260703_td3_kl_softrobust_5seed_rerun/Walker2d-v4__td3_kl_klb1__3__1783289937/td3_kl_klb1.cleanrl_model.norm_stats.npz,1,1,1,0.0,0.0,0.0,0.0,1.0,0.7,,1.0,-1,,-1,,1.0,,1.0,1.0,453.9602223652052,322.89799220291053,337.0509865661254,350.0890073270107,70.38413953161833,1003.0290849217396,
1783521173,eval__Walker2d-v4__td3__klb1__mass_0p7__seed4__pid2464797,td3,Walker2d-v4,4,20,1,klb1,mass_0p7,/home/users/am1015/rl_runs_td3_walker_kl_20260703_td3_kl_softrobust_5seed_rerun/Walker2d-v4__td3_kl_klb1__4__1783319289/td3_kl_klb1.cleanrl_model,/home/users/am1015/rl_runs_td3_walker_kl_20260703_td3_kl_softrobust_5seed_rerun/Walker2d-v4__td3_kl_klb1__4__1783319289/td3_kl_klb1.cleanrl_model.norm_stats.npz,1,1,1,0.0,0.0,0.0,0.0,1.0,0.7,,1.0,-1,,-1,,1.0,,1.0,1.0,595.8693706092625,94.4898152354906,574.7405681886166,571.4200605168975,499.3148434800058,900.0978039023067,
1783521176,eval__Walker2d-v4__td3__klb1__mass_0p7__seed5__pid2464835,td3,Walker2d-v4,5,20,1,klb1,mass_0p7,/home/users/am1015/rl_runs_td3_walker_kl_20260703_td3_kl_softrobust_5seed_rerun/Walker2d-v4__td3_kl_klb1__5__1783319357/td3_kl_klb1.cleanrl_model,/home/users/am1015/rl_runs_td3_walker_kl_20260703_td3_kl_softrobust_5seed_rerun/Walker2d-v4__td3_kl_klb1__5__1783319357/td3_kl_klb1.cleanrl_model.norm_stats.npz,1,1,1,0.0,0.0,0.0,0.0,1.0,0.7,,1.0,-1,,-1,,1.0,,1.0,1.0,101.66037026626704,8.818231152437084,99.54358226027162,100.41342294805304,91.548086710818,115.7775615377568,
1783521183,eval__Walker2d-v4__td3__klb1__mass_0p8__seed1__pid2464872,td3,Walker2d-v4,1,20,1,klb1,mass_0p8,/home/users/am1015/rl_runs_td3_walker_kl_20260703_td3_kl_softrobust_5seed_rerun/Walker2d-v4__td3_kl_klb1__1__1783289937/td3_kl_klb1.cleanrl_model,/home/users/am1015/rl_runs_td3_walker_kl_20260703_td3_kl_softrobust_5seed_rerun/Walker2d-v4__td3_kl_klb1__1__1783289937/td3_kl_klb1.cleanrl_model.norm_stats.npz,1,1,1,0.0,0.0,0.0,0.0,1.0,0.8,,1.0,-1,,-1,,1.0,,1.0,1.0,748.850191385807,657.2888171296755,631.767664137403,629.3220824613678,92.64993375811754,1946.25421868246,
1783521187,eval__Walker2d-v4__td3__klb1__mass_0p8__seed2__pid2464934,td3,Walker2d-v4,2,20,1,klb1,mass_0p8,/home/users/am1015/rl_runs_td3_walker_kl_20260703_td3_kl_softrobust_5seed_rerun/Walker2d-v4__td3_kl_klb1__2__1783289936/td3_kl_klb1.cleanrl_model,/home/users/am1015/rl_runs_td3_walker_kl_20260703_td3_kl_softrobust_5seed_rerun/Walker2d-v4__td3_kl_klb1__2__1783289936/td3_kl_klb1.cleanrl_model.norm_stats.npz,1,1,1,0.0,0.0,0.0,0.0,1.0,0.8,,1.0,-1,,-1,,1.0,,1.0,1.0,511.2262620159539,14.270750682081516,507.51875588394273,508.3036543061687,491.8156503780031,550.2098187502719,
1783521193,eval__Walker2d-v4__td3__klb1__mass_0p8__seed3__pid2464970,td3,Walker2d-v4,3,20,1,klb1,mass_0p8,/home/users/am1015/rl_runs_td3_walker_kl_20260703_td3_kl_softrobust_5seed_rerun/Walker2d-v4__td3_kl_klb1__3__1783289937/td3_kl_klb1.cleanrl_model,/home/users/am1015/rl_runs_td3_walker_kl_20260703_td3_kl_softrobust_5seed_rerun/Walker2d-v4__td3_kl_klb1__3__1783289937/td3_kl_klb1.cleanrl_model.norm_stats.npz,1,1,1,0.0,0.0,0.0,0.0,1.0,0.8,,1.0,-1,,-1,,1.0,,1.0,1.0,419.14469060439467,282.12047523623386,339.1294404869882,336.99189067719783,52.87945487030099,1091.4642326399933,
1783521198,eval__Walker2d-v4__td3__klb1__mass_0p8__seed4__pid2465008,td3,Walker2d-v4,4,20,1,klb1,mass_0p8,/home/users/am1015/rl_runs_td3_walker_kl_20260703_td3_kl_softrobust_5seed_rerun/Walker2d-v4__td3_kl_klb1__4__1783319289/td3_kl_klb1.cleanrl_model,/home/users/am1015/rl_runs_td3_walker_kl_20260703_td3_kl_softrobust_5seed_rerun/Walker2d-v4__td3_kl_klb1__4__1783319289/td3_kl_klb1.cleanrl_model.norm_stats.npz,1,1,1,0.0,0.0,0.0,0.0,1.0,0.8,,1.0,-1,,-1,,1.0,,1.0,1.0,574.3885871723147,37.577997643236266,583.6673844679501,580.7887531099632,485.08584210193504,635.7349737484981,
1783521201,eval__Walker2d-v4__td3__klb1__mass_0p8__seed5__pid2465068,td3,Walker2d-v4,5,20,1,klb1,mass_0p8,/home/users/am1015/rl_runs_td3_walker_kl_20260703_td3_kl_softrobust_5seed_rerun/Walker2d-v4__td3_kl_klb1__5__1783319357/td3_kl_klb1.cleanrl_model,/home/users/am1015/rl_runs_td3_walker_kl_20260703_td3_kl_softrobust_5seed_rerun/Walker2d-v4__td3_kl_klb1__5__1783319357/td3_kl_klb1.cleanrl_model.norm_stats.npz,1,1,1,0.0,0.0,0.0,0.0,1.0,0.8,,1.0,-1,,-1,,1.0,,1.0,1.0,106.47810519122564,6.33957298361882,105.06151254864608,105.94117657957278,96.33247584746351,117.42306041769436,
1783521206,eval__Walker2d-v4__td3__klb1__mass_0p9__seed1__pid2465104,td3,Walker2d-v4,1,20,1,klb1,mass_0p9,/home/users/am1015/rl_runs_td3_walker_kl_20260703_td3_kl_softrobust_5seed_rerun/Walker2d-v4__td3_kl_klb1__1__1783289937/td3_kl_klb1.cleanrl_model,/home/users/am1015/rl_runs_td3_walker_kl_20260703_td3_kl_softrobust_5seed_rerun/Walker2d-v4__td3_kl_klb1__1__1783289937/td3_kl_klb1.cleanrl_model.norm_stats.npz,1,1,1,0.0,0.0,0.0,0.0,1.0,0.9,,1.0,-1,,-1,,1.0,,1.0,1.0,578.4591052010978,374.158588144682,644.1935300821607,555.7206619825557,122.4122626811434,1233.833690176854,
1783521211,eval__Walker2d-v4__td3__klb1__mass_0p9__seed2__pid2465143,td3,Walker2d-v4,2,20,1,klb1,mass_0p9,/home/users/am1015/rl_runs_td3_walker_kl_20260703_td3_kl_softrobust_5seed_rerun/Walker2d-v4__td3_kl_klb1__2__1783289936/td3_kl_klb1.cleanrl_model,/home/users/am1015/rl_runs_td3_walker_kl_20260703_td3_kl_softrobust_5seed_rerun/Walker2d-v4__td3_kl_klb1__2__1783289936/td3_kl_klb1.cleanrl_model.norm_stats.npz,1,1,1,0.0,0.0,0.0,0.0,1.0,0.9,,1.0,-1,,-1,,1.0,,1.0,1.0,456.1310481340551,11.166396822243795,453.424956746604,453.7380159011431,438.6401826103617,484.6331752800059,
1783521217,eval__Walker2d-v4__td3__klb1__mass_0p9__seed3__pid2465181,td3,Walker2d-v4,3,20,1,klb1,mass_0p9,/home/users/am1015/rl_runs_td3_walker_kl_20260703_td3_kl_softrobust_5seed_rerun/Walker2d-v4__td3_kl_klb1__3__1783289937/td3_kl_klb1.cleanrl_model,/home/users/am1015/rl_runs_td3_walker_kl_20260703_td3_kl_softrobust_5seed_rerun/Walker2d-v4__td3_kl_klb1__3__1783289937/td3_kl_klb1.cleanrl_model.norm_stats.npz,1,1,1,0.0,0.0,0.0,0.0,1.0,0.9,,1.0,-1,,-1,,1.0,,1.0,1.0,473.8266309113628,390.2865670385669,343.8083436836158,400.5148240114013,29.84984529663996,1081.4995911168307,
1783521222,eval__Walker2d-v4__td3__klb1__mass_0p9__seed4__pid2465244,td3,Walker2d-v4,4,20,1,klb1,mass_0p9,/home/users/am1015/rl_runs_td3_walker_kl_20260703_td3_kl_softrobust_5seed_rerun/Walker2d-v4__td3_kl_klb1__4__1783319289/td3_kl_klb1.cleanrl_model,/home/users/am1015/rl_runs_td3_walker_kl_20260703_td3_kl_softrobust_5seed_rerun/Walker2d-v4__td3_kl_klb1__4__1783319289/td3_kl_klb1.cleanrl_model.norm_stats.npz,1,1,1,0.0,0.0,0.0,0.0,1.0,0.9,,1.0,-1,,-1,,1.0,,1.0,1.0,549.5746904110473,37.85832464710352,545.3375857339181,542.9323837750094,504.6627268235059,668.1510042045413,
1783521226,eval__Walker2d-v4__td3__klb1__mass_0p9__seed5__pid2465282,td3,Walker2d-v4,5,20,1,klb1,mass_0p9,/home/users/am1015/rl_runs_td3_walker_kl_20260703_td3_kl_softrobust_5seed_rerun/Walker2d-v4__td3_kl_klb1__5__1783319357/td3_kl_klb1.cleanrl_model,/home/users/am1015/rl_runs_td3_walker_kl_20260703_td3_kl_softrobust_5seed_rerun/Walker2d-v4__td3_kl_klb1__5__1783319357/td3_kl_klb1.cleanrl_model.norm_stats.npz,1,1,1,0.0,0.0,0.0,0.0,1.0,0.9,,1.0,-1,,-1,,1.0,,1.0,1.0,120.01958658485084,3.7383829385851457,120.03614217939526,120.1390017532982,112.3335630632613,127.18071841121548,
1783521231,eval__Walker2d-v4__td3__klb1__mass_1p0__seed1__pid2465318,td3,Walker2d-v4,1,20,1,klb1,mass_1p0,/home/users/am1015/rl_runs_td3_walker_kl_20260703_td3_kl_softrobust_5seed_rerun/Walker2d-v4__td3_kl_klb1__1__1783289937/td3_kl_klb1.cleanrl_model,/home/users/am1015/rl_runs_td3_walker_kl_20260703_td3_kl_softrobust_5seed_rerun/Walker2d-v4__td3_kl_klb1__1__1783289937/td3_kl_klb1.cleanrl_model.norm_stats.npz,1,1,1,0.0,0.0,0.0,0.0,1.0,1.0,,1.0,-1,,-1,,1.0,,1.0,1.0,494.9940918911757,199.7236014800037,586.9135510850264,582.7740329809378,121.56683931152904,761.8929203024975,
1783521235,eval__Walker2d-v4__td3__klb1__mass_1p0__seed2__pid2465380,td3,Walker2d-v4,2,20,1,klb1,mass_1p0,/home/users/am1015/rl_runs_td3_walker_kl_20260703_td3_kl_softrobust_5seed_rerun/Walker2d-v4__td3_kl_klb1__2__1783289936/td3_kl_klb1.cleanrl_model,/home/users/am1015/rl_runs_td3_walker_kl_20260703_td3_kl_softrobust_5seed_rerun/Walker2d-v4__td3_kl_klb1__2__1783289936/td3_kl_klb1.cleanrl_model.norm_stats.npz,1,1,1,0.0,0.0,0.0,0.0,1.0,1.0,,1.0,-1,,-1,,1.0,,1.0,1.0,421.8510786119375,11.69711492531109,420.9297256474657,420.1338267060117,406.5255817911506,450.162812879301,
1783521241,eval__Walker2d-v4__td3__klb1__mass_1p0__seed3__pid2465423,td3,Walker2d-v4,3,20,1,klb1,mass_1p0,/home/users/am1015/rl_runs_td3_walker_kl_20260703_td3_kl_softrobust_5seed_rerun/Walker2d-v4__td3_kl_klb1__3__1783289937/td3_kl_klb1.cleanrl_model,/home/users/am1015/rl_runs_td3_walker_kl_20260703_td3_kl_softrobust_5seed_rerun/Walker2d-v4__td3_kl_klb1__3__1783289937/td3_kl_klb1.cleanrl_model.norm_stats.npz,1,1,1,0.0,0.0,0.0,0.0,1.0,1.0,,1.0,-1,,-1,,1.0,,1.0,1.0,497.9553234610286,422.5938765787998,284.6360417778786,411.1003406937053,52.58786935476342,1082.1713253949804,
1783521246,eval__Walker2d-v4__td3__klb1__mass_1p0__seed4__pid2465483,td3,Walker2d-v4,4,20,1,klb1,mass_1p0,/home/users/am1015/rl_runs_td3_walker_kl_20260703_td3_kl_softrobust_5seed_rerun/Walker2d-v4__td3_kl_klb1__4__1783319289/td3_kl_klb1.cleanrl_model,/home/users/am1015/rl_runs_td3_walker_kl_20260703_td3_kl_softrobust_5seed_rerun/Walker2d-v4__td3_kl_klb1__4__1783319289/td3_kl_klb1.cleanrl_model.norm_stats.npz,1,1,1,0.0,0.0,0.0,0.0,1.0,1.0,,1.0,-1,,-1,,1.0,,1.0,1.0,547.2083095585964,24.431502783551604,553.6584389637326,548.4050554216917,493.9554647408411,581.229597971697,
1783521249,eval__Walker2d-v4__td3__klb1__mass_1p0__seed5__pid2465519,td3,Walker2d-v4,5,20,1,klb1,mass_1p0,/home/users/am1015/rl_runs_td3_walker_kl_20260703_td3_kl_softrobust_5seed_rerun/Walker2d-v4__td3_kl_klb1__5__1783319357/td3_kl_klb1.cleanrl_model,/home/users/am1015/rl_runs_td3_walker_kl_20260703_td3_kl_softrobust_5seed_rerun/Walker2d-v4__td3_kl_klb1__5__1783319357/td3_kl_klb1.cleanrl_model.norm_stats.npz,1,1,1,0.0,0.0,0.0,0.0,1.0,1.0,,1.0,-1,,-1,,1.0,,1.0,1.0,148.77501905411836,4.734967317876897,149.1397044206287,149.27880057151918,138.17730402422038,156.906852188277,
1783521254,eval__Walker2d-v4__td3__klb1__mass_1p1__seed1__pid2465556,td3,Walker2d-v4,1,20,1,klb1,mass_1p1,/home/users/am1015/rl_runs_td3_walker_kl_20260703_td3_kl_softrobust_5seed_rerun/Walker2d-v4__td3_kl_klb1__1__1783289937/td3_kl_klb1.cleanrl_model,/home/users/am1015/rl_runs_td3_walker_kl_20260703_td3_kl_softrobust_5seed_rerun/Walker2d-v4__td3_kl_klb1__1__1783289937/td3_kl_klb1.cleanrl_model.norm_stats.npz,1,1,1,0.0,0.0,0.0,0.0,1.0,1.1,,1.0,-1,,-1,,1.0,,1.0,1.0,565.8931936725355,48.56872857392624,564.7958536965591,559.4544865074129,498.3143555413245,656.9562698466428,
1783521259,eval__Walker2d-v4__td3__klb1__mass_1p1__seed2__pid2465592,td3,Walker2d-v4,2,20,1,klb1,mass_1p1,/home/users/am1015/rl_runs_td3_walker_kl_20260703_td3_kl_softrobust_5seed_rerun/Walker2d-v4__td3_kl_klb1__2__1783289936/td3_kl_klb1.cleanrl_model,/home/users/am1015/rl_runs_td3_walker_kl_20260703_td3_kl_softrobust_5seed_rerun/Walker2d-v4__td3_kl_klb1__2__1783289936/td3_kl_klb1.cleanrl_model.norm_stats.npz,1,1,1,0.0,0.0,0.0,0.0,1.0,1.1,,1.0,-1,,-1,,1.0,,1.0,1.0,424.1739757353222,12.226876669376605,423.0535705958765,422.9070304312242,403.035683516193,453.3449068033791,
1783521264,eval__Walker2d-v4__td3__klb1__mass_1p1__seed3__pid2465651,td3,Walker2d-v4,3,20,1,klb1,mass_1p1,/home/users/am1015/rl_runs_td3_walker_kl_20260703_td3_kl_softrobust_5seed_rerun/Walker2d-v4__td3_kl_klb1__3__1783289937/td3_kl_klb1.cleanrl_model,/home/users/am1015/rl_runs_td3_walker_kl_20260703_td3_kl_softrobust_5seed_rerun/Walker2d-v4__td3_kl_klb1__3__1783289937/td3_kl_klb1.cleanrl_model.norm_stats.npz,1,1,1,0.0,0.0,0.0,0.0,1.0,1.1,,1.0,-1,,-1,,1.0,,1.0,1.0,370.1694133742692,407.2787964973991,88.90352834569228,180.0417044790765,83.45855326864458,1076.6629085567731,
1783521269,eval__Walker2d-v4__td3__klb1__mass_1p1__seed4__pid2465689,td3,Walker2d-v4,4,20,1,klb1,mass_1p1,/home/users/am1015/rl_runs_td3_walker_kl_20260703_td3_kl_softrobust_5seed_rerun/Walker2d-v4__td3_kl_klb1__4__1783319289/td3_kl_klb1.cleanrl_model,/home/users/am1015/rl_runs_td3_walker_kl_20260703_td3_kl_softrobust_5seed_rerun/Walker2d-v4__td3_kl_klb1__4__1783319289/td3_kl_klb1.cleanrl_model.norm_stats.npz,1,1,1,0.0,0.0,0.0,0.0,1.0,1.1,,1.0,-1,,-1,,1.0,,1.0,1.0,529.5302044972877,26.814160596691572,537.6183510661535,535.1468945982527,473.197128055214,563.5282156174524,
1783521272,eval__Walker2d-v4__td3__klb1__mass_1p1__seed5__pid2465725,td3,Walker2d-v4,5,20,1,klb1,mass_1p1,/home/users/am1015/rl_runs_td3_walker_kl_20260703_td3_kl_softrobust_5seed_rerun/Walker2d-v4__td3_kl_klb1__5__1783319357/td3_kl_klb1.cleanrl_model,/home/users/am1015/rl_runs_td3_walker_kl_20260703_td3_kl_softrobust_5seed_rerun/Walker2d-v4__td3_kl_klb1__5__1783319357/td3_kl_klb1.cleanrl_model.norm_stats.npz,1,1,1,0.0,0.0,0.0,0.0,1.0,1.1,,1.0,-1,,-1,,1.0,,1.0,1.0,175.02276825462414,3.903781709681192,175.94983964819565,175.68694475841647,165.0565666741928,180.91264924966725,
1783521277,eval__Walker2d-v4__td3__klb1__mass_1p3__seed1__pid2465783,td3,Walker2d-v4,1,20,1,klb1,mass_1p3,/home/users/am1015/rl_runs_td3_walker_kl_20260703_td3_kl_softrobust_5seed_rerun/Walker2d-v4__td3_kl_klb1__1__1783289937/td3_kl_klb1.cleanrl_model,/home/users/am1015/rl_runs_td3_walker_kl_20260703_td3_kl_softrobust_5seed_rerun/Walker2d-v4__td3_kl_klb1__1__1783289937/td3_kl_klb1.cleanrl_model.norm_stats.npz,1,1,1,0.0,0.0,0.0,0.0,1.0,1.3,,1.0,-1,,-1,,1.0,,1.0,1.0,550.0377150395459,32.60908573789848,552.6135867315566,550.420067337672,490.855066725492,642.203836324799,
1783521281,eval__Walker2d-v4__td3__klb1__mass_1p3__seed2__pid2465819,td3,Walker2d-v4,2,20,1,klb1,mass_1p3,/home/users/am1015/rl_runs_td3_walker_kl_20260703_td3_kl_softrobust_5seed_rerun/Walker2d-v4__td3_kl_klb1__2__1783289936/td3_kl_klb1.cleanrl_model,/home/users/am1015/rl_runs_td3_walker_kl_20260703_td3_kl_softrobust_5seed_rerun/Walker2d-v4__td3_kl_klb1__2__1783289936/td3_kl_klb1.cleanrl_model.norm_stats.npz,1,1,1,0.0,0.0,0.0,0.0,1.0,1.3,,1.0,-1,,-1,,1.0,,1.0,1.0,399.1911549975829,11.614106198783666,395.9206142631231,397.1008090762947,384.6573475284215,422.6900164770271,
1783521285,eval__Walker2d-v4__td3__klb1__mass_1p3__seed3__pid2465855,td3,Walker2d-v4,3,20,1,klb1,mass_1p3,/home/users/am1015/rl_runs_td3_walker_kl_20260703_td3_kl_softrobust_5seed_rerun/Walker2d-v4__td3_kl_klb1__3__1783289937/td3_kl_klb1.cleanrl_model,/home/users/am1015/rl_runs_td3_walker_kl_20260703_td3_kl_softrobust_5seed_rerun/Walker2d-v4__td3_kl_klb1__3__1783289937/td3_kl_klb1.cleanrl_model.norm_stats.npz,1,1,1,0.0,0.0,0.0,0.0,1.0,1.3,,1.0,-1,,-1,,1.0,,1.0,1.0,332.56537734015944,282.77162641324605,336.6697465407872,284.45107763031984,85.08607159909795,1102.5039337767555,
1783521290,eval__Walker2d-v4__td3__klb1__mass_1p3__seed4__pid2465891,td3,Walker2d-v4,4,20,1,klb1,mass_1p3,/home/users/am1015/rl_runs_td3_walker_kl_20260703_td3_kl_softrobust_5seed_rerun/Walker2d-v4__td3_kl_klb1__4__1783319289/td3_kl_klb1.cleanrl_model,/home/users/am1015/rl_runs_td3_walker_kl_20260703_td3_kl_softrobust_5seed_rerun/Walker2d-v4__td3_kl_klb1__4__1783319289/td3_kl_klb1.cleanrl_model.norm_stats.npz,1,1,1,0.0,0.0,0.0,0.0,1.0,1.3,,1.0,-1,,-1,,1.0,,1.0,1.0,455.1683848175443,10.624264886322834,453.7506208651485,453.6222784429131,439.45624900790193,476.71106311868994,
1783521294,eval__Walker2d-v4__td3__klb1__mass_1p3__seed5__pid2465950,td3,Walker2d-v4,5,20,1,klb1,mass_1p3,/home/users/am1015/rl_runs_td3_walker_kl_20260703_td3_kl_softrobust_5seed_rerun/Walker2d-v4__td3_kl_klb1__5__1783319357/td3_kl_klb1.cleanrl_model,/home/users/am1015/rl_runs_td3_walker_kl_20260703_td3_kl_softrobust_5seed_rerun/Walker2d-v4__td3_kl_klb1__5__1783319357/td3_kl_klb1.cleanrl_model.norm_stats.npz,1,1,1,0.0,0.0,0.0,0.0,1.0,1.3,,1.0,-1,,-1,,1.0,,1.0,1.0,200.6581663680075,4.093161566096906,200.01562103152844,200.10212250605335,193.91968589379047,209.0842310407397,
1783521298,eval__Walker2d-v4__td3__klb1__mass_1p5__seed1__pid2465986,td3,Walker2d-v4,1,20,1,klb1,mass_1p5,/home/users/am1015/rl_runs_td3_walker_kl_20260703_td3_kl_softrobust_5seed_rerun/Walker2d-v4__td3_kl_klb1__1__1783289937/td3_kl_klb1.cleanrl_model,/home/users/am1015/rl_runs_td3_walker_kl_20260703_td3_kl_softrobust_5seed_rerun/Walker2d-v4__td3_kl_klb1__1__1783289937/td3_kl_klb1.cleanrl_model.norm_stats.npz,1,1,1,0.0,0.0,0.0,0.0,1.0,1.5,,1.0,-1,,-1,,1.0,,1.0,1.0,472.99701200768175,22.72565150867324,472.6701612946632,471.4965660676069,437.4876303964977,519.4960672451888,
1783521302,eval__Walker2d-v4__td3__klb1__mass_1p5__seed2__pid2466023,td3,Walker2d-v4,2,20,1,klb1,mass_1p5,/home/users/am1015/rl_runs_td3_walker_kl_20260703_td3_kl_softrobust_5seed_rerun/Walker2d-v4__td3_kl_klb1__2__1783289936/td3_kl_klb1.cleanrl_model,/home/users/am1015/rl_runs_td3_walker_kl_20260703_td3_kl_softrobust_5seed_rerun/Walker2d-v4__td3_kl_klb1__2__1783289936/td3_kl_klb1.cleanrl_model.norm_stats.npz,1,1,1,0.0,0.0,0.0,0.0,1.0,1.5,,1.0,-1,,-1,,1.0,,1.0,1.0,321.55150224813724,25.9970568802208,310.106340251916,313.15176644881706,295.6086918826408,374.84170721692647,
1783521311,eval__Walker2d-v4__td3__klb1__mass_1p5__seed3__pid2466085,td3,Walker2d-v4,3,20,1,klb1,mass_1p5,/home/users/am1015/rl_runs_td3_walker_kl_20260703_td3_kl_softrobust_5seed_rerun/Walker2d-v4__td3_kl_klb1__3__1783289937/td3_kl_klb1.cleanrl_model,/home/users/am1015/rl_runs_td3_walker_kl_20260703_td3_kl_softrobust_5seed_rerun/Walker2d-v4__td3_kl_klb1__3__1783289937/td3_kl_klb1.cleanrl_model.norm_stats.npz,1,1,1,0.0,0.0,0.0,0.0,1.0,1.5,,1.0,-1,,-1,,1.0,,1.0,1.0,787.8216172476401,344.0255314302338,1016.3550397071142,893.1302639463681,289.7862949719625,1073.1601362000565,
1783521315,eval__Walker2d-v4__td3__klb1__mass_1p5__seed4__pid2466126,td3,Walker2d-v4,4,20,1,klb1,mass_1p5,/home/users/am1015/rl_runs_td3_walker_kl_20260703_td3_kl_softrobust_5seed_rerun/Walker2d-v4__td3_kl_klb1__4__1783319289/td3_kl_klb1.cleanrl_model,/home/users/am1015/rl_runs_td3_walker_kl_20260703_td3_kl_softrobust_5seed_rerun/Walker2d-v4__td3_kl_klb1__4__1783319289/td3_kl_klb1.cleanrl_model.norm_stats.npz,1,1,1,0.0,0.0,0.0,0.0,1.0,1.5,,1.0,-1,,-1,,1.0,,1.0,1.0,457.58726573698095,18.37636917137824,454.9842824038952,455.8492987125149,423.31941655628736,507.0805075862248,
1783521319,eval__Walker2d-v4__td3__klb1__mass_1p5__seed5__pid2466164,td3,Walker2d-v4,5,20,1,klb1,mass_1p5,/home/users/am1015/rl_runs_td3_walker_kl_20260703_td3_kl_softrobust_5seed_rerun/Walker2d-v4__td3_kl_klb1__5__1783319357/td3_kl_klb1.cleanrl_model,/home/users/am1015/rl_runs_td3_walker_kl_20260703_td3_kl_softrobust_5seed_rerun/Walker2d-v4__td3_kl_klb1__5__1783319357/td3_kl_klb1.cleanrl_model.norm_stats.npz,1,1,1,0.0,0.0,0.0,0.0,1.0,1.5,,1.0,-1,,-1,,1.0,,1.0,1.0,232.02209982300823,4.370281160590324,231.3014888585862,231.83179550802805,223.97067408506803,240.8468650725469,
1783521323,eval__Walker2d-v4__td3__klb1__mass_1p7__seed1__pid2466223,td3,Walker2d-v4,1,20,1,klb1,mass_1p7,/home/users/am1015/rl_runs_td3_walker_kl_20260703_td3_kl_softrobust_5seed_rerun/Walker2d-v4__td3_kl_klb1__1__1783289937/td3_kl_klb1.cleanrl_model,/home/users/am1015/rl_runs_td3_walker_kl_20260703_td3_kl_softrobust_5seed_rerun/Walker2d-v4__td3_kl_klb1__1__1783289937/td3_kl_klb1.cleanrl_model.norm_stats.npz,1,1,1,0.0,0.0,0.0,0.0,1.0,1.7,,1.0,-1,,-1,,1.0,,1.0,1.0,423.2419423116714,12.211109805490668,426.75746018472097,426.2148328760552,391.9502500144875,437.1772935609172,
1783521327,eval__Walker2d-v4__td3__klb1__mass_1p7__seed2__pid2466260,td3,Walker2d-v4,2,20,1,klb1,mass_1p7,/home/users/am1015/rl_runs_td3_walker_kl_20260703_td3_kl_softrobust_5seed_rerun/Walker2d-v4__td3_kl_klb1__2__1783289936/td3_kl_klb1.cleanrl_model,/home/users/am1015/rl_runs_td3_walker_kl_20260703_td3_kl_softrobust_5seed_rerun/Walker2d-v4__td3_kl_klb1__2__1783289936/td3_kl_klb1.cleanrl_model.norm_stats.npz,1,1,1,0.0,0.0,0.0,0.0,1.0,1.7,,1.0,-1,,-1,,1.0,,1.0,1.0,305.18788807464125,8.585123675723677,303.5689400811117,303.9731448811386,293.3621855072072,328.6317827172124,
1783521337,eval__Walker2d-v4__td3__klb1__mass_1p7__seed3__pid2466296,td3,Walker2d-v4,3,20,1,klb1,mass_1p7,/home/users/am1015/rl_runs_td3_walker_kl_20260703_td3_kl_softrobust_5seed_rerun/Walker2d-v4__td3_kl_klb1__3__1783289937/td3_kl_klb1.cleanrl_model,/home/users/am1015/rl_runs_td3_walker_kl_20260703_td3_kl_softrobust_5seed_rerun/Walker2d-v4__td3_kl_klb1__3__1783289937/td3_kl_klb1.cleanrl_model.norm_stats.npz,1,1,1,0.0,0.0,0.0,0.0,1.0,1.7,,1.0,-1,,-1,,1.0,,1.0,1.0,899.7247972097591,231.81851979161485,1043.7705328837874,1000.8682172387656,412.44577771959376,1055.950760776802,
1783521341,eval__Walker2d-v4__td3__klb1__mass_1p7__seed4__pid2466356,td3,Walker2d-v4,4,20,1,klb1,mass_1p7,/home/users/am1015/rl_runs_td3_walker_kl_20260703_td3_kl_softrobust_5seed_rerun/Walker2d-v4__td3_kl_klb1__4__1783319289/td3_kl_klb1.cleanrl_model,/home/users/am1015/rl_runs_td3_walker_kl_20260703_td3_kl_softrobust_5seed_rerun/Walker2d-v4__td3_kl_klb1__4__1783319289/td3_kl_klb1.cleanrl_model.norm_stats.npz,1,1,1,0.0,0.0,0.0,0.0,1.0,1.7,,1.0,-1,,-1,,1.0,,1.0,1.0,477.39279899734873,18.80689232733532,476.1823387194829,477.3817570286439,442.110768527643,511.81110367787664,
1783521345,eval__Walker2d-v4__td3__klb1__mass_1p7__seed5__pid2466393,td3,Walker2d-v4,5,20,1,klb1,mass_1p7,/home/users/am1015/rl_runs_td3_walker_kl_20260703_td3_kl_softrobust_5seed_rerun/Walker2d-v4__td3_kl_klb1__5__1783319357/td3_kl_klb1.cleanrl_model,/home/users/am1015/rl_runs_td3_walker_kl_20260703_td3_kl_softrobust_5seed_rerun/Walker2d-v4__td3_kl_klb1__5__1783319357/td3_kl_klb1.cleanrl_model.norm_stats.npz,1,1,1,0.0,0.0,0.0,0.0,1.0,1.7,,1.0,-1,,-1,,1.0,,1.0,1.0,270.00070114837166,6.63412031668514,270.13776586772246,270.1504870845004,258.3635928233797,280.60427867350285,
1783521349,eval__Walker2d-v4__td3__klb1__mass_2p0__seed1__pid2466430,td3,Walker2d-v4,1,20,1,klb1,mass_2p0,/home/users/am1015/rl_runs_td3_walker_kl_20260703_td3_kl_softrobust_5seed_rerun/Walker2d-v4__td3_kl_klb1__1__1783289937/td3_kl_klb1.cleanrl_model,/home/users/am1015/rl_runs_td3_walker_kl_20260703_td3_kl_softrobust_5seed_rerun/Walker2d-v4__td3_kl_klb1__1__1783289937/td3_kl_klb1.cleanrl_model.norm_stats.npz,1,1,1,0.0,0.0,0.0,0.0,1.0,2.0,,1.0,-1,,-1,,1.0,,1.0,1.0,335.54559129201635,8.177534853395587,333.6753472078042,333.9396993049816,325.3432613845923,357.4657864332213,
1783521354,eval__Walker2d-v4__td3__klb1__mass_2p0__seed2__pid2466489,td3,Walker2d-v4,2,20,1,klb1,mass_2p0,/home/users/am1015/rl_runs_td3_walker_kl_20260703_td3_kl_softrobust_5seed_rerun/Walker2d-v4__td3_kl_klb1__2__1783289936/td3_kl_klb1.cleanrl_model,/home/users/am1015/rl_runs_td3_walker_kl_20260703_td3_kl_softrobust_5seed_rerun/Walker2d-v4__td3_kl_klb1__2__1783289936/td3_kl_klb1.cleanrl_model.norm_stats.npz,1,1,1,0.0,0.0,0.0,0.0,1.0,2.0,,1.0,-1,,-1,,1.0,,1.0,1.0,301.14761800477163,7.7449504825180435,299.97617461847744,299.66200929083004,288.6353624772824,320.62317151772146,
1783521361,eval__Walker2d-v4__td3__klb1__mass_2p0__seed3__pid2466526,td3,Walker2d-v4,3,20,1,klb1,mass_2p0,/home/users/am1015/rl_runs_td3_walker_kl_20260703_td3_kl_softrobust_5seed_rerun/Walker2d-v4__td3_kl_klb1__3__1783289937/td3_kl_klb1.cleanrl_model,/home/users/am1015/rl_runs_td3_walker_kl_20260703_td3_kl_softrobust_5seed_rerun/Walker2d-v4__td3_kl_klb1__3__1783289937/td3_kl_klb1.cleanrl_model.norm_stats.npz,1,1,1,0.0,0.0,0.0,0.0,1.0,2.0,,1.0,-1,,-1,,1.0,,1.0,1.0,703.744875305423,323.66253841651354,713.8709963651675,707.7594869779432,323.3459104057739,1046.9418688742396,
1783521366,eval__Walker2d-v4__td3__klb1__mass_2p0__seed4__pid2466575,td3,Walker2d-v4,4,20,1,klb1,mass_2p0,/home/users/am1015/rl_runs_td3_walker_kl_20260703_td3_kl_softrobust_5seed_rerun/Walker2d-v4__td3_kl_klb1__4__1783319289/td3_kl_klb1.cleanrl_model,/home/users/am1015/rl_runs_td3_walker_kl_20260703_td3_kl_softrobust_5seed_rerun/Walker2d-v4__td3_kl_klb1__4__1783319289/td3_kl_klb1.cleanrl_model.norm_stats.npz,1,1,1,0.0,0.0,0.0,0.0,1.0,2.0,,1.0,-1,,-1,,1.0,,1.0,1.0,454.8734343930408,8.7436138664438,455.5524760452989,454.9514517462729,431.8820170535403,472.2421922647912,
1783521371,eval__Walker2d-v4__td3__klb1__mass_2p0__seed5__pid2466623,td3,Walker2d-v4,5,20,1,klb1,mass_2p0,/home/users/am1015/rl_runs_td3_walker_kl_20260703_td3_kl_softrobust_5seed_rerun/Walker2d-v4__td3_kl_klb1__5__1783319357/td3_kl_klb1.cleanrl_model,/home/users/am1015/rl_runs_td3_walker_kl_20260703_td3_kl_softrobust_5seed_rerun/Walker2d-v4__td3_kl_klb1__5__1783319357/td3_kl_klb1.cleanrl_model.norm_stats.npz,1,1,1,0.0,0.0,0.0,0.0,1.0,2.0,,1.0,-1,,-1,,1.0,,1.0,1.0,402.2639530970078,225.6135772003108,322.2001085466681,326.2765467869541,205.720189867058,923.5590464772928,
1783521374,eval__Walker2d-v4__td3__klb2__mass_0p1__seed1__pid2466661,td3,Walker2d-v4,1,20,1,klb2,mass_0p1,/home/users/am1015/rl_runs_td3_walker_kl_20260703_td3_kl_softrobust_5seed_rerun/Walker2d-v4__td3_kl_klb2__1__1783319769/td3_kl_klb2.cleanrl_model,/home/users/am1015/rl_runs_td3_walker_kl_20260703_td3_kl_softrobust_5seed_rerun/Walker2d-v4__td3_kl_klb2__1__1783319769/td3_kl_klb2.cleanrl_model.norm_stats.npz,1,1,1,0.0,0.0,0.0,0.0,1.0,0.1,,1.0,-1,,-1,,1.0,,1.0,1.0,-13.216066619310784,3.045105484814467,-12.773984730656116,-13.109665411582082,-17.663129279576097,-5.186817735255724,
1783521377,eval__Walker2d-v4__td3__klb2__mass_0p1__seed2__pid2466698,td3,Walker2d-v4,2,20,1,klb2,mass_0p1,/home/users/am1015/rl_runs_td3_walker_kl_20260703_td3_kl_softrobust_5seed_rerun/Walker2d-v4__td3_kl_klb2__2__1783322590/td3_kl_klb2.cleanrl_model,/home/users/am1015/rl_runs_td3_walker_kl_20260703_td3_kl_softrobust_5seed_rerun/Walker2d-v4__td3_kl_klb2__2__1783322590/td3_kl_klb2.cleanrl_model.norm_stats.npz,1,1,1,0.0,0.0,0.0,0.0,1.0,0.1,,1.0,-1,,-1,,1.0,,1.0,1.0,-52.341815033335706,5.630636834512592,-52.50423381877763,-52.334400495818144,-69.79792029208392,-37.181105093428286,
1783521384,eval__Walker2d-v4__td3__klb2__mass_0p1__seed3__pid2466756,td3,Walker2d-v4,3,20,1,klb2,mass_0p1,/home/users/am1015/rl_runs_td3_walker_kl_20260703_td3_kl_softrobust_5seed_rerun/Walker2d-v4__td3_kl_klb2__3__1783322950/td3_kl_klb2.cleanrl_model,/home/users/am1015/rl_runs_td3_walker_kl_20260703_td3_kl_softrobust_5seed_rerun/Walker2d-v4__td3_kl_klb2__3__1783322950/td3_kl_klb2.cleanrl_model.norm_stats.npz,1,1,1,0.0,0.0,0.0,0.0,1.0,0.1,,1.0,-1,,-1,,1.0,,1.0,1.0,340.87836505372104,441.06436817182856,27.779109249408165,248.6229983897684,-106.82278602757717,946.7433324611262,
1783521387,eval__Walker2d-v4__td3__klb2__mass_0p1__seed4__pid2466796,td3,Walker2d-v4,4,20,1,klb2,mass_0p1,/home/users/am1015/rl_runs_td3_walker_kl_20260703_td3_kl_softrobust_5seed_rerun/Walker2d-v4__td3_kl_klb2__4__1783323032/td3_kl_klb2.cleanrl_model,/home/users/am1015/rl_runs_td3_walker_kl_20260703_td3_kl_softrobust_5seed_rerun/Walker2d-v4__td3_kl_klb2__4__1783323032/td3_kl_klb2.cleanrl_model.norm_stats.npz,1,1,1,0.0,0.0,0.0,0.0,1.0,0.1,,1.0,-1,,-1,,1.0,,1.0,1.0,66.57204928261332,215.3639700275263,-4.458425839298242,-10.145972483372466,-165.66267107786908,652.4598654107186,
1783521390,eval__Walker2d-v4__td3__klb2__mass_0p1__seed5__pid2466832,td3,Walker2d-v4,5,20,1,klb2,mass_0p1,/home/users/am1015/rl_runs_td3_walker_kl_20260703_td3_kl_softrobust_5seed_rerun/Walker2d-v4__td3_kl_klb2__5__1783324840/td3_kl_klb2.cleanrl_model,/home/users/am1015/rl_runs_td3_walker_kl_20260703_td3_kl_softrobust_5seed_rerun/Walker2d-v4__td3_kl_klb2__5__1783324840/td3_kl_klb2.cleanrl_model.norm_stats.npz,1,1,1,0.0,0.0,0.0,0.0,1.0,0.1,,1.0,-1,,-1,,1.0,,1.0,1.0,80.48535747980839,68.43071387835847,74.33483032971111,75.9044359017924,-17.015422140310736,310.2183494717164,
1783521394,eval__Walker2d-v4__td3__klb2__mass_0p2__seed1__pid2466869,td3,Walker2d-v4,1,20,1,klb2,mass_0p2,/home/users/am1015/rl_runs_td3_walker_kl_20260703_td3_kl_softrobust_5seed_rerun/Walker2d-v4__td3_kl_klb2__1__1783319769/td3_kl_klb2.cleanrl_model,/home/users/am1015/rl_runs_td3_walker_kl_20260703_td3_kl_softrobust_5seed_rerun/Walker2d-v4__td3_kl_klb2__1__1783319769/td3_kl_klb2.cleanrl_model.norm_stats.npz,1,1,1,0.0,0.0,0.0,0.0,1.0,0.2,,1.0,-1,,-1,,1.0,,1.0,1.0,-31.007385361542465,8.132477951858027,-33.34874430929338,-32.558930394258866,-42.7556674957269,-17.577828316774717,
1783521397,eval__Walker2d-v4__td3__klb2__mass_0p2__seed2__pid2466928,td3,Walker2d-v4,2,20,1,klb2,mass_0p2,/home/users/am1015/rl_runs_td3_walker_kl_20260703_td3_kl_softrobust_5seed_rerun/Walker2d-v4__td3_kl_klb2__2__1783322590/td3_kl_klb2.cleanrl_model,/home/users/am1015/rl_runs_td3_walker_kl_20260703_td3_kl_softrobust_5seed_rerun/Walker2d-v4__td3_kl_klb2__2__1783322590/td3_kl_klb2.cleanrl_model.norm_stats.npz,1,1,1,0.0,0.0,0.0,0.0,1.0,0.2,,1.0,-1,,-1,,1.0,,1.0,1.0,-52.79495338414714,21.561536948564505,-50.07730337076903,-49.52628113954398,-107.99698089746757,-28.94763517104579,
1783521407,eval__Walker2d-v4__td3__klb2__mass_0p2__seed3__pid2466964,td3,Walker2d-v4,3,20,1,klb2,mass_0p2,/home/users/am1015/rl_runs_td3_walker_kl_20260703_td3_kl_softrobust_5seed_rerun/Walker2d-v4__td3_kl_klb2__3__1783322950/td3_kl_klb2.cleanrl_model,/home/users/am1015/rl_runs_td3_walker_kl_20260703_td3_kl_softrobust_5seed_rerun/Walker2d-v4__td3_kl_klb2__3__1783322950/td3_kl_klb2.cleanrl_model.norm_stats.npz,1,1,1,0.0,0.0,0.0,0.0,1.0,0.2,,1.0,-1,,-1,,1.0,,1.0,1.0,785.3940429469711,312.97020637417205,911.5003254896442,906.7629390624546,-54.023669365094655,957.5442313899526,
1783521414,eval__Walker2d-v4__td3__klb2__mass_0p2__seed4__pid2467024,td3,Walker2d-v4,4,20,1,klb2,mass_0p2,/home/users/am1015/rl_runs_td3_walker_kl_20260703_td3_kl_softrobust_5seed_rerun/Walker2d-v4__td3_kl_klb2__4__1783323032/td3_kl_klb2.cleanrl_model,/home/users/am1015/rl_runs_td3_walker_kl_20260703_td3_kl_softrobust_5seed_rerun/Walker2d-v4__td3_kl_klb2__4__1783323032/td3_kl_klb2.cleanrl_model.norm_stats.npz,1,1,1,0.0,0.0,0.0,0.0,1.0,0.2,,1.0,-1,,-1,,1.0,,1.0,1.0,412.2051969186462,389.58499395826624,278.485384077952,333.48964449790725,-80.494656846813,1110.3097325540966,
1783521417,eval__Walker2d-v4__td3__klb2__mass_0p2__seed5__pid2467064,td3,Walker2d-v4,5,20,1,klb2,mass_0p2,/home/users/am1015/rl_runs_td3_walker_kl_20260703_td3_kl_softrobust_5seed_rerun/Walker2d-v4__td3_kl_klb2__5__1783324840/td3_kl_klb2.cleanrl_model,/home/users/am1015/rl_runs_td3_walker_kl_20260703_td3_kl_softrobust_5seed_rerun/Walker2d-v4__td3_kl_klb2__5__1783324840/td3_kl_klb2.cleanrl_model.norm_stats.npz,1,1,1,0.0,0.0,0.0,0.0,1.0,0.2,,1.0,-1,,-1,,1.0,,1.0,1.0,98.53161757025704,99.532930936144,78.90585769902464,75.79605119058462,7.17609664278849,425.6287847675925,
1783521421,eval__Walker2d-v4__td3__klb2__mass_0p3__seed1__pid2467100,td3,Walker2d-v4,1,20,1,klb2,mass_0p3,/home/users/am1015/rl_runs_td3_walker_kl_20260703_td3_kl_softrobust_5seed_rerun/Walker2d-v4__td3_kl_klb2__1__1783319769/td3_kl_klb2.cleanrl_model,/home/users/am1015/rl_runs_td3_walker_kl_20260703_td3_kl_softrobust_5seed_rerun/Walker2d-v4__td3_kl_klb2__1__1783319769/td3_kl_klb2.cleanrl_model.norm_stats.npz,1,1,1,0.0,0.0,0.0,0.0,1.0,0.3,,1.0,-1,,-1,,1.0,,1.0,1.0,17.833196121588966,238.57474753672216,-24.21292674329147,-26.59715528105363,-121.58509955966866,1019.3580183268724,
1783521425,eval__Walker2d-v4__td3__klb2__mass_0p3__seed2__pid2467140,td3,Walker2d-v4,2,20,1,klb2,mass_0p3,/home/users/am1015/rl_runs_td3_walker_kl_20260703_td3_kl_softrobust_5seed_rerun/Walker2d-v4__td3_kl_klb2__2__1783322590/td3_kl_klb2.cleanrl_model,/home/users/am1015/rl_runs_td3_walker_kl_20260703_td3_kl_softrobust_5seed_rerun/Walker2d-v4__td3_kl_klb2__2__1783322590/td3_kl_klb2.cleanrl_model.norm_stats.npz,1,1,1,0.0,0.0,0.0,0.0,1.0,0.3,,1.0,-1,,-1,,1.0,,1.0,1.0,3.825948418643235,219.9439974339025,-41.86786576117052,-42.39866612889314,-73.67863755918326,936.3061239581853,
1783521436,eval__Walker2d-v4__td3__klb2__mass_0p3__seed3__pid2467196,td3,Walker2d-v4,3,20,1,klb2,mass_0p3,/home/users/am1015/rl_runs_td3_walker_kl_20260703_td3_kl_softrobust_5seed_rerun/Walker2d-v4__td3_kl_klb2__3__1783322950/td3_kl_klb2.cleanrl_model,/home/users/am1015/rl_runs_td3_walker_kl_20260703_td3_kl_softrobust_5seed_rerun/Walker2d-v4__td3_kl_klb2__3__1783322950/td3_kl_klb2.cleanrl_model.norm_stats.npz,1,1,1,0.0,0.0,0.0,0.0,1.0,0.3,,1.0,-1,,-1,,1.0,,1.0,1.0,901.013511140752,21.40776478484006,889.8485968516716,895.2357034062672,871.5903257394829,956.973068458335,
1783521445,eval__Walker2d-v4__td3__klb2__mass_0p3__seed4__pid2467236,td3,Walker2d-v4,4,20,1,klb2,mass_0p3,/home/users/am1015/rl_runs_td3_walker_kl_20260703_td3_kl_softrobust_5seed_rerun/Walker2d-v4__td3_kl_klb2__4__1783323032/td3_kl_klb2.cleanrl_model,/home/users/am1015/rl_runs_td3_walker_kl_20260703_td3_kl_softrobust_5seed_rerun/Walker2d-v4__td3_kl_klb2__4__1783323032/td3_kl_klb2.cleanrl_model.norm_stats.npz,1,1,1,0.0,0.0,0.0,0.0,1.0,0.3,,1.0,-1,,-1,,1.0,,1.0,1.0,826.4539978811823,324.08540208734104,1024.2644177397644,950.2077694735202,188.56761912618376,1094.080619369288,
1783521448,eval__Walker2d-v4__td3__klb2__mass_0p3__seed5__pid2467298,td3,Walker2d-v4,5,20,1,klb2,mass_0p3,/home/users/am1015/rl_runs_td3_walker_kl_20260703_td3_kl_softrobust_5seed_rerun/Walker2d-v4__td3_kl_klb2__5__1783324840/td3_kl_klb2.cleanrl_model,/home/users/am1015/rl_runs_td3_walker_kl_20260703_td3_kl_softrobust_5seed_rerun/Walker2d-v4__td3_kl_klb2__5__1783324840/td3_kl_klb2.cleanrl_model.norm_stats.npz,1,1,1,0.0,0.0,0.0,0.0,1.0,0.3,,1.0,-1,,-1,,1.0,,1.0,1.0,189.4786856916664,108.69551125685516,162.73039615874703,167.99808286670893,49.21347711974196,462.23620218600337,
1783520978,eval__Walker2d-v4__td3__klb2__mass_0p4__seed1__pid2721859,td3,Walker2d-v4,1,20,1,klb2,mass_0p4,/home/users/am1015/rl_runs_td3_walker_kl_20260703_td3_kl_softrobust_5seed_rerun/Walker2d-v4__td3_kl_klb2__1__1783319769/td3_kl_klb2.cleanrl_model,/home/users/am1015/rl_runs_td3_walker_kl_20260703_td3_kl_softrobust_5seed_rerun/Walker2d-v4__td3_kl_klb2__1__1783319769/td3_kl_klb2.cleanrl_model.norm_stats.npz,1,1,1,0.0,0.0,0.0,0.0,1.0,0.4,,1.0,-1,,-1,,1.0,,1.0,1.0,44.01093924227363,238.4079126898268,-22.237945715449158,-25.13614841353122,-80.62081661528968,918.8109429859336,
1783520982,eval__Walker2d-v4__td3__klb2__mass_0p4__seed2__pid2721895,td3,Walker2d-v4,2,20,1,klb2,mass_0p4,/home/users/am1015/rl_runs_td3_walker_kl_20260703_td3_kl_softrobust_5seed_rerun/Walker2d-v4__td3_kl_klb2__2__1783322590/td3_kl_klb2.cleanrl_model,/home/users/am1015/rl_runs_td3_walker_kl_20260703_td3_kl_softrobust_5seed_rerun/Walker2d-v4__td3_kl_klb2__2__1783322590/td3_kl_klb2.cleanrl_model.norm_stats.npz,1,1,1,0.0,0.0,0.0,0.0,1.0,0.4,,1.0,-1,,-1,,1.0,,1.0,1.0,161.1296614041755,401.6867691303411,-30.06838677668199,-30.019765982732743,-53.69602640039846,948.0264409437212,
1783520992,eval__Walker2d-v4__td3__klb2__mass_0p4__seed3__pid2721983,td3,Walker2d-v4,3,20,1,klb2,mass_0p4,/home/users/am1015/rl_runs_td3_walker_kl_20260703_td3_kl_softrobust_5seed_rerun/Walker2d-v4__td3_kl_klb2__3__1783322950/td3_kl_klb2.cleanrl_model,/home/users/am1015/rl_runs_td3_walker_kl_20260703_td3_kl_softrobust_5seed_rerun/Walker2d-v4__td3_kl_klb2__3__1783322950/td3_kl_klb2.cleanrl_model.norm_stats.npz,1,1,1,0.0,0.0,0.0,0.0,1.0,0.4,,1.0,-1,,-1,,1.0,,1.0,1.0,927.0008117560152,9.675311821143971,927.582151772657,927.7103403288614,907.1304817618676,940.927298397319,
1783521001,eval__Walker2d-v4__td3__klb2__mass_0p4__seed4__pid2722033,td3,Walker2d-v4,4,20,1,klb2,mass_0p4,/home/users/am1015/rl_runs_td3_walker_kl_20260703_td3_kl_softrobust_5seed_rerun/Walker2d-v4__td3_kl_klb2__4__1783323032/td3_kl_klb2.cleanrl_model,/home/users/am1015/rl_runs_td3_walker_kl_20260703_td3_kl_softrobust_5seed_rerun/Walker2d-v4__td3_kl_klb2__4__1783323032/td3_kl_klb2.cleanrl_model.norm_stats.npz,1,1,1,0.0,0.0,0.0,0.0,1.0,0.4,,1.0,-1,,-1,,1.0,,1.0,1.0,992.195910882095,199.13386821691128,1062.839937229,1059.846913888748,405.9571181896748,1075.9600888199336,
1783521004,eval__Walker2d-v4__td3__klb2__mass_0p4__seed5__pid2722139,td3,Walker2d-v4,5,20,1,klb2,mass_0p4,/home/users/am1015/rl_runs_td3_walker_kl_20260703_td3_kl_softrobust_5seed_rerun/Walker2d-v4__td3_kl_klb2__5__1783324840/td3_kl_klb2.cleanrl_model,/home/users/am1015/rl_runs_td3_walker_kl_20260703_td3_kl_softrobust_5seed_rerun/Walker2d-v4__td3_kl_klb2__5__1783324840/td3_kl_klb2.cleanrl_model.norm_stats.npz,1,1,1,0.0,0.0,0.0,0.0,1.0,0.4,,1.0,-1,,-1,,1.0,,1.0,1.0,181.7638408283886,101.50069568763205,169.4057007870516,169.70548788626053,12.395524288293206,368.86247129570967,
1783521007,eval__Walker2d-v4__td3__klb2__mass_0p5__seed1__pid2722180,td3,Walker2d-v4,1,20,1,klb2,mass_0p5,/home/users/am1015/rl_runs_td3_walker_kl_20260703_td3_kl_softrobust_5seed_rerun/Walker2d-v4__td3_kl_klb2__1__1783319769/td3_kl_klb2.cleanrl_model,/home/users/am1015/rl_runs_td3_walker_kl_20260703_td3_kl_softrobust_5seed_rerun/Walker2d-v4__td3_kl_klb2__1__1783319769/td3_kl_klb2.cleanrl_model.norm_stats.npz,1,1,1,0.0,0.0,0.0,0.0,1.0,0.5,,1.0,-1,,-1,,1.0,,1.0,1.0,-34.42522195081026,12.863914749271547,-33.06993704477645,-34.239953769158845,-53.353471680429976,-14.501166538612717,
1783521014,eval__Walker2d-v4__td3__klb2__mass_0p5__seed2__pid2722219,td3,Walker2d-v4,2,20,1,klb2,mass_0p5,/home/users/am1015/rl_runs_td3_walker_kl_20260703_td3_kl_softrobust_5seed_rerun/Walker2d-v4__td3_kl_klb2__2__1783322590/td3_kl_klb2.cleanrl_model,/home/users/am1015/rl_runs_td3_walker_kl_20260703_td3_kl_softrobust_5seed_rerun/Walker2d-v4__td3_kl_klb2__2__1783322590/td3_kl_klb2.cleanrl_model.norm_stats.npz,1,1,1,0.0,0.0,0.0,0.0,1.0,0.5,,1.0,-1,,-1,,1.0,,1.0,1.0,506.8629804068863,508.6418149755111,935.6187366960028,554.8030826933096,-53.31952189874799,966.8151264207296,
1783521024,eval__Walker2d-v4__td3__klb2__mass_0p5__seed3__pid2722306,td3,Walker2d-v4,3,20,1,klb2,mass_0p5,/home/users/am1015/rl_runs_td3_walker_kl_20260703_td3_kl_softrobust_5seed_rerun/Walker2d-v4__td3_kl_klb2__3__1783322950/td3_kl_klb2.cleanrl_model,/home/users/am1015/rl_runs_td3_walker_kl_20260703_td3_kl_softrobust_5seed_rerun/Walker2d-v4__td3_kl_klb2__3__1783322950/td3_kl_klb2.cleanrl_model.norm_stats.npz,1,1,1,0.0,0.0,0.0,0.0,1.0,0.5,,1.0,-1,,-1,,1.0,,1.0,1.0,934.1550564844698,3.44414361644816,934.3100663231328,934.3946142269832,924.860780274665,938.7435538713564,
1783521032,eval__Walker2d-v4__td3__klb2__mass_0p5__seed4__pid2722390,td3,Walker2d-v4,4,20,1,klb2,mass_0p5,/home/users/am1015/rl_runs_td3_walker_kl_20260703_td3_kl_softrobust_5seed_rerun/Walker2d-v4__td3_kl_klb2__4__1783323032/td3_kl_klb2.cleanrl_model,/home/users/am1015/rl_runs_td3_walker_kl_20260703_td3_kl_softrobust_5seed_rerun/Walker2d-v4__td3_kl_klb2__4__1783323032/td3_kl_klb2.cleanrl_model.norm_stats.npz,1,1,1,0.0,0.0,0.0,0.0,1.0,0.5,,1.0,-1,,-1,,1.0,,1.0,1.0,968.095516031998,219.3370974168079,1055.4916888553807,1057.1280349951944,399.522985222832,1085.6739938690107,
1783521037,eval__Walker2d-v4__td3__klb2__mass_0p5__seed5__pid2722436,td3,Walker2d-v4,5,20,1,klb2,mass_0p5,/home/users/am1015/rl_runs_td3_walker_kl_20260703_td3_kl_softrobust_5seed_rerun/Walker2d-v4__td3_kl_klb2__5__1783324840/td3_kl_klb2.cleanrl_model,/home/users/am1015/rl_runs_td3_walker_kl_20260703_td3_kl_softrobust_5seed_rerun/Walker2d-v4__td3_kl_klb2__5__1783324840/td3_kl_klb2.cleanrl_model.norm_stats.npz,1,1,1,0.0,0.0,0.0,0.0,1.0,0.5,,1.0,-1,,-1,,1.0,,1.0,1.0,443.7327425046681,236.53972817988,397.54438841273577,379.6440332333818,263.609268296174,1202.4535857366827,
1783521040,eval__Walker2d-v4__td3__klb2__mass_0p6__seed1__pid2722475,td3,Walker2d-v4,1,20,1,klb2,mass_0p6,/home/users/am1015/rl_runs_td3_walker_kl_20260703_td3_kl_softrobust_5seed_rerun/Walker2d-v4__td3_kl_klb2__1__1783319769/td3_kl_klb2.cleanrl_model,/home/users/am1015/rl_runs_td3_walker_kl_20260703_td3_kl_softrobust_5seed_rerun/Walker2d-v4__td3_kl_klb2__1__1783319769/td3_kl_klb2.cleanrl_model.norm_stats.npz,1,1,1,0.0,0.0,0.0,0.0,1.0,0.6,,1.0,-1,,-1,,1.0,,1.0,1.0,78.9104292639031,308.0046490315087,-30.619545529833044,-29.992999017670325,-61.93854812702644,973.3358783145112,
1783521049,eval__Walker2d-v4__td3__klb2__mass_0p6__seed2__pid2722560,td3,Walker2d-v4,2,20,1,klb2,mass_0p6,/home/users/am1015/rl_runs_td3_walker_kl_20260703_td3_kl_softrobust_5seed_rerun/Walker2d-v4__td3_kl_klb2__2__1783322590/td3_kl_klb2.cleanrl_model,/home/users/am1015/rl_runs_td3_walker_kl_20260703_td3_kl_softrobust_5seed_rerun/Walker2d-v4__td3_kl_klb2__2__1783322590/td3_kl_klb2.cleanrl_model.norm_stats.npz,1,1,1,0.0,0.0,0.0,0.0,1.0,0.6,,1.0,-1,,-1,,1.0,,1.0,1.0,868.2456983737372,295.9243916213084,964.9014519476202,963.4150693810436,-4.292946445011354,986.709750751455,
1783521059,eval__Walker2d-v4__td3__klb2__mass_0p6__seed3__pid2722608,td3,Walker2d-v4,3,20,1,klb2,mass_0p6,/home/users/am1015/rl_runs_td3_walker_kl_20260703_td3_kl_softrobust_5seed_rerun/Walker2d-v4__td3_kl_klb2__3__1783322950/td3_kl_klb2.cleanrl_model,/home/users/am1015/rl_runs_td3_walker_kl_20260703_td3_kl_softrobust_5seed_rerun/Walker2d-v4__td3_kl_klb2__3__1783322950/td3_kl_klb2.cleanrl_model.norm_stats.npz,1,1,1,0.0,0.0,0.0,0.0,1.0,0.6,,1.0,-1,,-1,,1.0,,1.0,1.0,926.1399382901154,3.408527795589197,927.0628002763984,926.9919041056836,918.5180278660936,930.0025800190788,
1783521068,eval__Walker2d-v4__td3__klb2__mass_0p6__seed4__pid2722708,td3,Walker2d-v4,4,20,1,klb2,mass_0p6,/home/users/am1015/rl_runs_td3_walker_kl_20260703_td3_kl_softrobust_5seed_rerun/Walker2d-v4__td3_kl_klb2__4__1783323032/td3_kl_klb2.cleanrl_model,/home/users/am1015/rl_runs_td3_walker_kl_20260703_td3_kl_softrobust_5seed_rerun/Walker2d-v4__td3_kl_klb2__4__1783323032/td3_kl_klb2.cleanrl_model.norm_stats.npz,1,1,1,0.0,0.0,0.0,0.0,1.0,0.6,,1.0,-1,,-1,,1.0,,1.0,1.0,1062.251889132343,6.079420121381967,1061.9058200401068,1061.2207852099266,1049.9963569755405,1075.3762590820709,
1783521073,eval__Walker2d-v4__td3__klb2__mass_0p6__seed5__pid2722759,td3,Walker2d-v4,5,20,1,klb2,mass_0p6,/home/users/am1015/rl_runs_td3_walker_kl_20260703_td3_kl_softrobust_5seed_rerun/Walker2d-v4__td3_kl_klb2__5__1783324840/td3_kl_klb2.cleanrl_model,/home/users/am1015/rl_runs_td3_walker_kl_20260703_td3_kl_softrobust_5seed_rerun/Walker2d-v4__td3_kl_klb2__5__1783324840/td3_kl_klb2.cleanrl_model.norm_stats.npz,1,1,1,0.0,0.0,0.0,0.0,1.0,0.6,,1.0,-1,,-1,,1.0,,1.0,1.0,470.9130234295823,235.77259109837613,402.2945561119105,407.78902019638906,209.5502192785207,1046.9288592048115,
1783521076,eval__Walker2d-v4__td3__klb2__mass_0p7__seed1__pid2722815,td3,Walker2d-v4,1,20,1,klb2,mass_0p7,/home/users/am1015/rl_runs_td3_walker_kl_20260703_td3_kl_softrobust_5seed_rerun/Walker2d-v4__td3_kl_klb2__1__1783319769/td3_kl_klb2.cleanrl_model,/home/users/am1015/rl_runs_td3_walker_kl_20260703_td3_kl_softrobust_5seed_rerun/Walker2d-v4__td3_kl_klb2__1__1783319769/td3_kl_klb2.cleanrl_model.norm_stats.npz,1,1,1,0.0,0.0,0.0,0.0,1.0,0.7,,1.0,-1,,-1,,1.0,,1.0,1.0,-33.679785800972034,13.573459279776827,-33.35612166329649,-33.63024981595025,-59.81553557067914,-4.892784382731435,
1783521083,eval__Walker2d-v4__td3__klb2__mass_0p7__seed2__pid2722852,td3,Walker2d-v4,2,20,1,klb2,mass_0p7,/home/users/am1015/rl_runs_td3_walker_kl_20260703_td3_kl_softrobust_5seed_rerun/Walker2d-v4__td3_kl_klb2__2__1783322590/td3_kl_klb2.cleanrl_model,/home/users/am1015/rl_runs_td3_walker_kl_20260703_td3_kl_softrobust_5seed_rerun/Walker2d-v4__td3_kl_klb2__2__1783322590/td3_kl_klb2.cleanrl_model.norm_stats.npz,1,1,1,0.0,0.0,0.0,0.0,1.0,0.7,,1.0,-1,,-1,,1.0,,1.0,1.0,729.6203347201274,426.8635544014668,960.4102104403162,961.2193509803116,-45.69590120478821,995.2966177144292,
1783521093,eval__Walker2d-v4__td3__klb2__mass_0p7__seed3__pid2722914,td3,Walker2d-v4,3,20,1,klb2,mass_0p7,/home/users/am1015/rl_runs_td3_walker_kl_20260703_td3_kl_softrobust_5seed_rerun/Walker2d-v4__td3_kl_klb2__3__1783322950/td3_kl_klb2.cleanrl_model,/home/users/am1015/rl_runs_td3_walker_kl_20260703_td3_kl_softrobust_5seed_rerun/Walker2d-v4__td3_kl_klb2__3__1783322950/td3_kl_klb2.cleanrl_model.norm_stats.npz,1,1,1,0.0,0.0,0.0,0.0,1.0,0.7,,1.0,-1,,-1,,1.0,,1.0,1.0,924.5993838574932,8.933169929554133,924.783646880698,925.610387592142,899.2849490109179,939.08880135174,
1783521102,eval__Walker2d-v4__td3__klb2__mass_0p7__seed4__pid2722970,td3,Walker2d-v4,4,20,1,klb2,mass_0p7,/home/users/am1015/rl_runs_td3_walker_kl_20260703_td3_kl_softrobust_5seed_rerun/Walker2d-v4__td3_kl_klb2__4__1783323032/td3_kl_klb2.cleanrl_model,/home/users/am1015/rl_runs_td3_walker_kl_20260703_td3_kl_softrobust_5seed_rerun/Walker2d-v4__td3_kl_klb2__4__1783323032/td3_kl_klb2.cleanrl_model.norm_stats.npz,1,1,1,0.0,0.0,0.0,0.0,1.0,0.7,,1.0,-1,,-1,,1.0,,1.0,1.0,1062.0302711291165,5.654983049370583,1060.4813478782405,1060.9881715651677,1055.77546866644,1075.646987301567,
1783521107,eval__Walker2d-v4__td3__klb2__mass_0p7__seed5__pid2723070,td3,Walker2d-v4,5,20,1,klb2,mass_0p7,/home/users/am1015/rl_runs_td3_walker_kl_20260703_td3_kl_softrobust_5seed_rerun/Walker2d-v4__td3_kl_klb2__5__1783324840/td3_kl_klb2.cleanrl_model,/home/users/am1015/rl_runs_td3_walker_kl_20260703_td3_kl_softrobust_5seed_rerun/Walker2d-v4__td3_kl_klb2__5__1783324840/td3_kl_klb2.cleanrl_model.norm_stats.npz,1,1,1,0.0,0.0,0.0,0.0,1.0,0.7,,1.0,-1,,-1,,1.0,,1.0,1.0,480.389469032089,190.79106588757347,461.6660530105143,437.7982347039486,222.6263427060216,888.6982929902497,
1783521111,eval__Walker2d-v4__td3__klb2__mass_0p8__seed1__pid2723107,td3,Walker2d-v4,1,20,1,klb2,mass_0p8,/home/users/am1015/rl_runs_td3_walker_kl_20260703_td3_kl_softrobust_5seed_rerun/Walker2d-v4__td3_kl_klb2__1__1783319769/td3_kl_klb2.cleanrl_model,/home/users/am1015/rl_runs_td3_walker_kl_20260703_td3_kl_softrobust_5seed_rerun/Walker2d-v4__td3_kl_klb2__1__1783319769/td3_kl_klb2.cleanrl_model.norm_stats.npz,1,1,1,0.0,0.0,0.0,0.0,1.0,0.8,,1.0,-1,,-1,,1.0,,1.0,1.0,88.98451242790517,325.5255407879051,-27.10179381352604,-26.82362236587851,-42.28988133286201,1037.7132072395589,
1783521115,eval__Walker2d-v4__td3__klb2__mass_0p8__seed2__pid2723145,td3,Walker2d-v4,2,20,1,klb2,mass_0p8,/home/users/am1015/rl_runs_td3_walker_kl_20260703_td3_kl_softrobust_5seed_rerun/Walker2d-v4__td3_kl_klb2__2__1783322590/td3_kl_klb2.cleanrl_model,/home/users/am1015/rl_runs_td3_walker_kl_20260703_td3_kl_softrobust_5seed_rerun/Walker2d-v4__td3_kl_klb2__2__1783322590/td3_kl_klb2.cleanrl_model.norm_stats.npz,1,1,1,0.0,0.0,0.0,0.0,1.0,0.8,,1.0,-1,,-1,,1.0,,1.0,1.0,227.11650406972927,379.57319575697227,55.42081862845435,59.308718617819,-22.420538987996267,975.6601646104876,
1783521120,eval__Walker2d-v4__td3__klb2__mass_0p8__seed3__pid2723211,td3,Walker2d-v4,3,20,1,klb2,mass_0p8,/home/users/am1015/rl_runs_td3_walker_kl_20260703_td3_kl_softrobust_5seed_rerun/Walker2d-v4__td3_kl_klb2__3__1783322950/td3_kl_klb2.cleanrl_model,/home/users/am1015/rl_runs_td3_walker_kl_20260703_td3_kl_softrobust_5seed_rerun/Walker2d-v4__td3_kl_klb2__3__1783322950/td3_kl_klb2.cleanrl_model.norm_stats.npz,1,1,1,0.0,0.0,0.0,0.0,1.0,0.8,,1.0,-1,,-1,,1.0,,1.0,1.0,387.1691398407153,461.8155488062096,20.43131558173793,294.8116750233793,12.316340738802047,962.3077824457552,
1783521130,eval__Walker2d-v4__td3__klb2__mass_0p8__seed4__pid2723250,td3,Walker2d-v4,4,20,1,klb2,mass_0p8,/home/users/am1015/rl_runs_td3_walker_kl_20260703_td3_kl_softrobust_5seed_rerun/Walker2d-v4__td3_kl_klb2__4__1783323032/td3_kl_klb2.cleanrl_model,/home/users/am1015/rl_runs_td3_walker_kl_20260703_td3_kl_softrobust_5seed_rerun/Walker2d-v4__td3_kl_klb2__4__1783323032/td3_kl_klb2.cleanrl_model.norm_stats.npz,1,1,1,0.0,0.0,0.0,0.0,1.0,0.8,,1.0,-1,,-1,,1.0,,1.0,1.0,1065.7825145050665,12.032097668630463,1061.1595797241596,1062.0658074211965,1051.9075461908635,1086.7327506835986,
1783521134,eval__Walker2d-v4__td3__klb2__mass_0p8__seed5__pid2723317,td3,Walker2d-v4,5,20,1,klb2,mass_0p8,/home/users/am1015/rl_runs_td3_walker_kl_20260703_td3_kl_softrobust_5seed_rerun/Walker2d-v4__td3_kl_klb2__5__1783324840/td3_kl_klb2.cleanrl_model,/home/users/am1015/rl_runs_td3_walker_kl_20260703_td3_kl_softrobust_5seed_rerun/Walker2d-v4__td3_kl_klb2__5__1783324840/td3_kl_klb2.cleanrl_model.norm_stats.npz,1,1,1,0.0,0.0,0.0,0.0,1.0,0.8,,1.0,-1,,-1,,1.0,,1.0,1.0,538.3552118485527,298.8907226848808,477.368611297078,463.6610579682541,221.60979915828375,1426.06040446649,
1783521140,eval__Walker2d-v4__td3__klb2__mass_0p9__seed1__pid2723354,td3,Walker2d-v4,1,20,1,klb2,mass_0p9,/home/users/am1015/rl_runs_td3_walker_kl_20260703_td3_kl_softrobust_5seed_rerun/Walker2d-v4__td3_kl_klb2__1__1783319769/td3_kl_klb2.cleanrl_model,/home/users/am1015/rl_runs_td3_walker_kl_20260703_td3_kl_softrobust_5seed_rerun/Walker2d-v4__td3_kl_klb2__1__1783319769/td3_kl_klb2.cleanrl_model.norm_stats.npz,1,1,1,0.0,0.0,0.0,0.0,1.0,0.9,,1.0,-1,,-1,,1.0,,1.0,1.0,372.0865458767539,506.1369531582607,56.14922302897004,240.04484231182587,-48.05365718183226,1051.825235152327,
1783521148,eval__Walker2d-v4__td3__klb2__mass_0p9__seed2__pid2723395,td3,Walker2d-v4,2,20,1,klb2,mass_0p9,/home/users/am1015/rl_runs_td3_walker_kl_20260703_td3_kl_softrobust_5seed_rerun/Walker2d-v4__td3_kl_klb2__2__1783322590/td3_kl_klb2.cleanrl_model,/home/users/am1015/rl_runs_td3_walker_kl_20260703_td3_kl_softrobust_5seed_rerun/Walker2d-v4__td3_kl_klb2__2__1783322590/td3_kl_klb2.cleanrl_model.norm_stats.npz,1,1,1,0.0,0.0,0.0,0.0,1.0,0.9,,1.0,-1,,-1,,1.0,,1.0,1.0,764.7090103774752,370.1240697355921,932.3636866647164,933.6753704896944,2.2494983367067185,1001.223466756956,
1783521154,eval__Walker2d-v4__td3__klb2__mass_0p9__seed3__pid2723463,td3,Walker2d-v4,3,20,1,klb2,mass_0p9,/home/users/am1015/rl_runs_td3_walker_kl_20260703_td3_kl_softrobust_5seed_rerun/Walker2d-v4__td3_kl_klb2__3__1783322950/td3_kl_klb2.cleanrl_model,/home/users/am1015/rl_runs_td3_walker_kl_20260703_td3_kl_softrobust_5seed_rerun/Walker2d-v4__td3_kl_klb2__3__1783322950/td3_kl_klb2.cleanrl_model.norm_stats.npz,1,1,1,0.0,0.0,0.0,0.0,1.0,0.9,,1.0,-1,,-1,,1.0,,1.0,1.0,520.4470079135235,467.3462400151385,922.1041124339522,564.5982532568629,15.164088939696155,939.7009345452128,
1783521163,eval__Walker2d-v4__td3__klb2__mass_0p9__seed4__pid2723500,td3,Walker2d-v4,4,20,1,klb2,mass_0p9,/home/users/am1015/rl_runs_td3_walker_kl_20260703_td3_kl_softrobust_5seed_rerun/Walker2d-v4__td3_kl_klb2__4__1783323032/td3_kl_klb2.cleanrl_model,/home/users/am1015/rl_runs_td3_walker_kl_20260703_td3_kl_softrobust_5seed_rerun/Walker2d-v4__td3_kl_klb2__4__1783323032/td3_kl_klb2.cleanrl_model.norm_stats.npz,1,1,1,0.0,0.0,0.0,0.0,1.0,0.9,,1.0,-1,,-1,,1.0,,1.0,1.0,1057.9578872501784,8.969222731208072,1057.5065750806757,1057.3340784510478,1043.120722474163,1080.848888680677,
1783521168,eval__Walker2d-v4__td3__klb2__mass_0p9__seed5__pid2723570,td3,Walker2d-v4,5,20,1,klb2,mass_0p9,/home/users/am1015/rl_runs_td3_walker_kl_20260703_td3_kl_softrobust_5seed_rerun/Walker2d-v4__td3_kl_klb2__5__1783324840/td3_kl_klb2.cleanrl_model,/home/users/am1015/rl_runs_td3_walker_kl_20260703_td3_kl_softrobust_5seed_rerun/Walker2d-v4__td3_kl_klb2__5__1783324840/td3_kl_klb2.cleanrl_model.norm_stats.npz,1,1,1,0.0,0.0,0.0,0.0,1.0,0.9,,1.0,-1,,-1,,1.0,,1.0,1.0,520.0358295896147,224.82735208446627,468.7136461862532,482.1045796346587,155.8249500433531,944.0659222843396,
1783521176,eval__Walker2d-v4__td3__klb2__mass_1p0__seed1__pid2723607,td3,Walker2d-v4,1,20,1,klb2,mass_1p0,/home/users/am1015/rl_runs_td3_walker_kl_20260703_td3_kl_softrobust_5seed_rerun/Walker2d-v4__td3_kl_klb2__1__1783319769/td3_kl_klb2.cleanrl_model,/home/users/am1015/rl_runs_td3_walker_kl_20260703_td3_kl_softrobust_5seed_rerun/Walker2d-v4__td3_kl_klb2__1__1783319769/td3_kl_klb2.cleanrl_model.norm_stats.npz,1,1,1,0.0,0.0,0.0,0.0,1.0,1.0,,1.0,-1,,-1,,1.0,,1.0,1.0,840.1658306746695,430.701442864033,1048.454668222609,1048.6347145410814,-42.55205920314319,1057.9660105283697,
1783521185,eval__Walker2d-v4__td3__klb2__mass_1p0__seed2__pid2723675,td3,Walker2d-v4,2,20,1,klb2,mass_1p0,/home/users/am1015/rl_runs_td3_walker_kl_20260703_td3_kl_softrobust_5seed_rerun/Walker2d-v4__td3_kl_klb2__2__1783322590/td3_kl_klb2.cleanrl_model,/home/users/am1015/rl_runs_td3_walker_kl_20260703_td3_kl_softrobust_5seed_rerun/Walker2d-v4__td3_kl_klb2__2__1783322590/td3_kl_klb2.cleanrl_model.norm_stats.npz,1,1,1,0.0,0.0,0.0,0.0,1.0,1.0,,1.0,-1,,-1,,1.0,,1.0,1.0,852.9838302149412,283.6403872875937,945.6761372093034,945.5501407764268,8.930885354199962,950.5745933966068,
1783521195,eval__Walker2d-v4__td3__klb2__mass_1p0__seed3__pid2723712,td3,Walker2d-v4,3,20,1,klb2,mass_1p0,/home/users/am1015/rl_runs_td3_walker_kl_20260703_td3_kl_softrobust_5seed_rerun/Walker2d-v4__td3_kl_klb2__3__1783322950/td3_kl_klb2.cleanrl_model,/home/users/am1015/rl_runs_td3_walker_kl_20260703_td3_kl_softrobust_5seed_rerun/Walker2d-v4__td3_kl_klb2__3__1783322950/td3_kl_klb2.cleanrl_model.norm_stats.npz,1,1,1,0.0,0.0,0.0,0.0,1.0,1.0,,1.0,-1,,-1,,1.0,,1.0,1.0,929.138977702372,7.077941953541305,927.1967072299932,927.9017265506596,921.3539766770572,943.9182415839576,
1783521204,eval__Walker2d-v4__td3__klb2__mass_1p0__seed4__pid2723780,td3,Walker2d-v4,4,20,1,klb2,mass_1p0,/home/users/am1015/rl_runs_td3_walker_kl_20260703_td3_kl_softrobust_5seed_rerun/Walker2d-v4__td3_kl_klb2__4__1783323032/td3_kl_klb2.cleanrl_model,/home/users/am1015/rl_runs_td3_walker_kl_20260703_td3_kl_softrobust_5seed_rerun/Walker2d-v4__td3_kl_klb2__4__1783323032/td3_kl_klb2.cleanrl_model.norm_stats.npz,1,1,1,0.0,0.0,0.0,0.0,1.0,1.0,,1.0,-1,,-1,,1.0,,1.0,1.0,970.012136129308,262.25034287418254,1054.579155333409,1054.614606043019,202.83553400143643,1068.7651555327186,
1783521208,eval__Walker2d-v4__td3__klb2__mass_1p0__seed5__pid2723843,td3,Walker2d-v4,5,20,1,klb2,mass_1p0,/home/users/am1015/rl_runs_td3_walker_kl_20260703_td3_kl_softrobust_5seed_rerun/Walker2d-v4__td3_kl_klb2__5__1783324840/td3_kl_klb2.cleanrl_model,/home/users/am1015/rl_runs_td3_walker_kl_20260703_td3_kl_softrobust_5seed_rerun/Walker2d-v4__td3_kl_klb2__5__1783324840/td3_kl_klb2.cleanrl_model.norm_stats.npz,1,1,1,0.0,0.0,0.0,0.0,1.0,1.0,,1.0,-1,,-1,,1.0,,1.0,1.0,517.5744326407429,262.17442533296617,429.93188605390185,451.885147592294,140.52844160703808,1315.952775649012,
1783521213,eval__Walker2d-v4__td3__klb2__mass_1p1__seed1__pid2723882,td3,Walker2d-v4,1,20,1,klb2,mass_1p1,/home/users/am1015/rl_runs_td3_walker_kl_20260703_td3_kl_softrobust_5seed_rerun/Walker2d-v4__td3_kl_klb2__1__1783319769/td3_kl_klb2.cleanrl_model,/home/users/am1015/rl_runs_td3_walker_kl_20260703_td3_kl_softrobust_5seed_rerun/Walker2d-v4__td3_kl_klb2__1__1783319769/td3_kl_klb2.cleanrl_model.norm_stats.npz,1,1,1,0.0,0.0,0.0,0.0,1.0,1.1,,1.0,-1,,-1,,1.0,,1.0,1.0,368.50339891052135,405.79510125581584,157.84170598017465,162.1558939748764,95.3691596348891,1059.4654680733067,
1783521222,eval__Walker2d-v4__td3__klb2__mass_1p1__seed2__pid2723918,td3,Walker2d-v4,2,20,1,klb2,mass_1p1,/home/users/am1015/rl_runs_td3_walker_kl_20260703_td3_kl_softrobust_5seed_rerun/Walker2d-v4__td3_kl_klb2__2__1783322590/td3_kl_klb2.cleanrl_model,/home/users/am1015/rl_runs_td3_walker_kl_20260703_td3_kl_softrobust_5seed_rerun/Walker2d-v4__td3_kl_klb2__2__1783322590/td3_kl_klb2.cleanrl_model.norm_stats.npz,1,1,1,0.0,0.0,0.0,0.0,1.0,1.1,,1.0,-1,,-1,,1.0,,1.0,1.0,854.5766288902616,283.8941547925394,945.7828218393814,945.540214884077,21.356491928313314,973.437561866192,
1783521231,eval__Walker2d-v4__td3__klb2__mass_1p1__seed3__pid2723984,td3,Walker2d-v4,3,20,1,klb2,mass_1p1,/home/users/am1015/rl_runs_td3_walker_kl_20260703_td3_kl_softrobust_5seed_rerun/Walker2d-v4__td3_kl_klb2__3__1783322950/td3_kl_klb2.cleanrl_model,/home/users/am1015/rl_runs_td3_walker_kl_20260703_td3_kl_softrobust_5seed_rerun/Walker2d-v4__td3_kl_klb2__3__1783322950/td3_kl_klb2.cleanrl_model.norm_stats.npz,1,1,1,0.0,0.0,0.0,0.0,1.0,1.1,,1.0,-1,,-1,,1.0,,1.0,1.0,924.5871738255252,5.015319234268032,923.6493439835228,924.13363177922,916.2539590563056,933.686599501229,
1783521240,eval__Walker2d-v4__td3__klb2__mass_1p1__seed4__pid2724020,td3,Walker2d-v4,4,20,1,klb2,mass_1p1,/home/users/am1015/rl_runs_td3_walker_kl_20260703_td3_kl_softrobust_5seed_rerun/Walker2d-v4__td3_kl_klb2__4__1783323032/td3_kl_klb2.cleanrl_model,/home/users/am1015/rl_runs_td3_walker_kl_20260703_td3_kl_softrobust_5seed_rerun/Walker2d-v4__td3_kl_klb2__4__1783323032/td3_kl_klb2.cleanrl_model.norm_stats.npz,1,1,1,0.0,0.0,0.0,0.0,1.0,1.1,,1.0,-1,,-1,,1.0,,1.0,1.0,885.8241217743027,307.7147538234152,1053.4961877331266,1052.140801064102,204.15277069255697,1057.8301386036997,
1783521245,eval__Walker2d-v4__td3__klb2__mass_1p1__seed5__pid2724318,td3,Walker2d-v4,5,20,1,klb2,mass_1p1,/home/users/am1015/rl_runs_td3_walker_kl_20260703_td3_kl_softrobust_5seed_rerun/Walker2d-v4__td3_kl_klb2__5__1783324840/td3_kl_klb2.cleanrl_model,/home/users/am1015/rl_runs_td3_walker_kl_20260703_td3_kl_softrobust_5seed_rerun/Walker2d-v4__td3_kl_klb2__5__1783324840/td3_kl_klb2.cleanrl_model.norm_stats.npz,1,1,1,0.0,0.0,0.0,0.0,1.0,1.1,,1.0,-1,,-1,,1.0,,1.0,1.0,622.0632293612196,233.8436051595845,552.9287142793098,571.3341458297472,294.00332866792445,1084.3610394433636,
1783521250,eval__Walker2d-v4__td3__klb2__mass_1p3__seed1__pid2724354,td3,Walker2d-v4,1,20,1,klb2,mass_1p3,/home/users/am1015/rl_runs_td3_walker_kl_20260703_td3_kl_softrobust_5seed_rerun/Walker2d-v4__td3_kl_klb2__1__1783319769/td3_kl_klb2.cleanrl_model,/home/users/am1015/rl_runs_td3_walker_kl_20260703_td3_kl_softrobust_5seed_rerun/Walker2d-v4__td3_kl_klb2__1__1783319769/td3_kl_klb2.cleanrl_model.norm_stats.npz,1,1,1,0.0,0.0,0.0,0.0,1.0,1.3,,1.0,-1,,-1,,1.0,,1.0,1.0,443.47650254312646,404.4703011283841,216.52539481034904,300.19218059230366,99.83603189361804,1047.8167105991292,
1783521258,eval__Walker2d-v4__td3__klb2__mass_1p3__seed2__pid2724420,td3,Walker2d-v4,2,20,1,klb2,mass_1p3,/home/users/am1015/rl_runs_td3_walker_kl_20260703_td3_kl_softrobust_5seed_rerun/Walker2d-v4__td3_kl_klb2__2__1783322590/td3_kl_klb2.cleanrl_model,/home/users/am1015/rl_runs_td3_walker_kl_20260703_td3_kl_softrobust_5seed_rerun/Walker2d-v4__td3_kl_klb2__2__1783322590/td3_kl_klb2.cleanrl_model.norm_stats.npz,1,1,1,0.0,0.0,0.0,0.0,1.0,1.3,,1.0,-1,,-1,,1.0,,1.0,1.0,783.2840505107525,360.6919893430641,945.070889141972,949.5939159156682,68.99807050742433,992.252642829104,
1783521268,eval__Walker2d-v4__td3__klb2__mass_1p3__seed3__pid2724456,td3,Walker2d-v4,3,20,1,klb2,mass_1p3,/home/users/am1015/rl_runs_td3_walker_kl_20260703_td3_kl_softrobust_5seed_rerun/Walker2d-v4__td3_kl_klb2__3__1783322950/td3_kl_klb2.cleanrl_model,/home/users/am1015/rl_runs_td3_walker_kl_20260703_td3_kl_softrobust_5seed_rerun/Walker2d-v4__td3_kl_klb2__3__1783322950/td3_kl_klb2.cleanrl_model.norm_stats.npz,1,1,1,0.0,0.0,0.0,0.0,1.0,1.3,,1.0,-1,,-1,,1.0,,1.0,1.0,919.9361482373442,10.118100428746144,918.3534712215726,918.805260205199,895.1154069040682,941.1969350780288,
1783521276,eval__Walker2d-v4__td3__klb2__mass_1p3__seed4__pid2724522,td3,Walker2d-v4,4,20,1,klb2,mass_1p3,/home/users/am1015/rl_runs_td3_walker_kl_20260703_td3_kl_softrobust_5seed_rerun/Walker2d-v4__td3_kl_klb2__4__1783323032/td3_kl_klb2.cleanrl_model,/home/users/am1015/rl_runs_td3_walker_kl_20260703_td3_kl_softrobust_5seed_rerun/Walker2d-v4__td3_kl_klb2__4__1783323032/td3_kl_klb2.cleanrl_model.norm_stats.npz,1,1,1,0.0,0.0,0.0,0.0,1.0,1.3,,1.0,-1,,-1,,1.0,,1.0,1.0,800.4095668782463,357.1549316012461,1040.454422587579,942.0684659670404,196.85045574045375,1053.2784687148885,
1783521281,eval__Walker2d-v4__td3__klb2__mass_1p3__seed5__pid2724958,td3,Walker2d-v4,5,20,1,klb2,mass_1p3,/home/users/am1015/rl_runs_td3_walker_kl_20260703_td3_kl_softrobust_5seed_rerun/Walker2d-v4__td3_kl_klb2__5__1783324840/td3_kl_klb2.cleanrl_model,/home/users/am1015/rl_runs_td3_walker_kl_20260703_td3_kl_softrobust_5seed_rerun/Walker2d-v4__td3_kl_klb2__5__1783324840/td3_kl_klb2.cleanrl_model.norm_stats.npz,1,1,1,0.0,0.0,0.0,0.0,1.0,1.3,,1.0,-1,,-1,,1.0,,1.0,1.0,615.3848263290105,222.5902668350901,581.7465044661169,576.6785644004174,313.3556229439568,1108.6290015898903,
1783521285,eval__Walker2d-v4__td3__klb2__mass_1p5__seed1__pid2725179,td3,Walker2d-v4,1,20,1,klb2,mass_1p5,/home/users/am1015/rl_runs_td3_walker_kl_20260703_td3_kl_softrobust_5seed_rerun/Walker2d-v4__td3_kl_klb2__1__1783319769/td3_kl_klb2.cleanrl_model,/home/users/am1015/rl_runs_td3_walker_kl_20260703_td3_kl_softrobust_5seed_rerun/Walker2d-v4__td3_kl_klb2__1__1783319769/td3_kl_klb2.cleanrl_model.norm_stats.npz,1,1,1,0.0,0.0,0.0,0.0,1.0,1.5,,1.0,-1,,-1,,1.0,,1.0,1.0,198.9371030391746,29.608831482533496,200.88058698783476,201.74515439654203,88.24557422439374,248.6470520538856,
1783521288,eval__Walker2d-v4__td3__klb2__mass_1p5__seed2__pid2725216,td3,Walker2d-v4,2,20,1,klb2,mass_1p5,/home/users/am1015/rl_runs_td3_walker_kl_20260703_td3_kl_softrobust_5seed_rerun/Walker2d-v4__td3_kl_klb2__2__1783322590/td3_kl_klb2.cleanrl_model,/home/users/am1015/rl_runs_td3_walker_kl_20260703_td3_kl_softrobust_5seed_rerun/Walker2d-v4__td3_kl_klb2__2__1783322590/td3_kl_klb2.cleanrl_model.norm_stats.npz,1,1,1,0.0,0.0,0.0,0.0,1.0,1.5,,1.0,-1,,-1,,1.0,,1.0,1.0,33.06187734146862,210.220621277123,-18.66218176226181,-17.533393747691612,-29.93641640495004,922.838200837984,
1783521294,eval__Walker2d-v4__td3__klb2__mass_1p5__seed3__pid2725253,td3,Walker2d-v4,3,20,1,klb2,mass_1p5,/home/users/am1015/rl_runs_td3_walker_kl_20260703_td3_kl_softrobust_5seed_rerun/Walker2d-v4__td3_kl_klb2__3__1783322950/td3_kl_klb2.cleanrl_model,/home/users/am1015/rl_runs_td3_walker_kl_20260703_td3_kl_softrobust_5seed_rerun/Walker2d-v4__td3_kl_klb2__3__1783322950/td3_kl_klb2.cleanrl_model.norm_stats.npz,1,1,1,0.0,0.0,0.0,0.0,1.0,1.5,,1.0,-1,,-1,,1.0,,1.0,1.0,319.5270276882013,464.0755235207113,-7.264478388268323,175.79586210946465,-27.256866124839497,957.7972788241258,
1783521304,eval__Walker2d-v4__td3__klb2__mass_1p5__seed4__pid2725315,td3,Walker2d-v4,4,20,1,klb2,mass_1p5,/home/users/am1015/rl_runs_td3_walker_kl_20260703_td3_kl_softrobust_5seed_rerun/Walker2d-v4__td3_kl_klb2__4__1783323032/td3_kl_klb2.cleanrl_model,/home/users/am1015/rl_runs_td3_walker_kl_20260703_td3_kl_softrobust_5seed_rerun/Walker2d-v4__td3_kl_klb2__4__1783323032/td3_kl_klb2.cleanrl_model.norm_stats.npz,1,1,1,0.0,0.0,0.0,0.0,1.0,1.5,,1.0,-1,,-1,,1.0,,1.0,1.0,941.9705530842896,201.2688538981455,1047.8486591851597,1047.3855813425805,488.7563369686254,1053.1909513406451,
1783521310,eval__Walker2d-v4__td3__klb2__mass_1p5__seed5__pid2725461,td3,Walker2d-v4,5,20,1,klb2,mass_1p5,/home/users/am1015/rl_runs_td3_walker_kl_20260703_td3_kl_softrobust_5seed_rerun/Walker2d-v4__td3_kl_klb2__5__1783324840/td3_kl_klb2.cleanrl_model,/home/users/am1015/rl_runs_td3_walker_kl_20260703_td3_kl_softrobust_5seed_rerun/Walker2d-v4__td3_kl_klb2__5__1783324840/td3_kl_klb2.cleanrl_model.norm_stats.npz,1,1,1,0.0,0.0,0.0,0.0,1.0,1.5,,1.0,-1,,-1,,1.0,,1.0,1.0,654.6367642311805,300.3565565020368,585.7501231058476,584.0920399547226,304.1106297853944,1177.376871112495,
1783521313,eval__Walker2d-v4__td3__klb2__mass_1p7__seed1__pid2725607,td3,Walker2d-v4,1,20,1,klb2,mass_1p7,/home/users/am1015/rl_runs_td3_walker_kl_20260703_td3_kl_softrobust_5seed_rerun/Walker2d-v4__td3_kl_klb2__1__1783319769/td3_kl_klb2.cleanrl_model,/home/users/am1015/rl_runs_td3_walker_kl_20260703_td3_kl_softrobust_5seed_rerun/Walker2d-v4__td3_kl_klb2__1__1783319769/td3_kl_klb2.cleanrl_model.norm_stats.npz,1,1,1,0.0,0.0,0.0,0.0,1.0,1.7,,1.0,-1,,-1,,1.0,,1.0,1.0,202.2796372364661,9.036187443012771,202.9332333881814,202.569942690384,183.7931912853618,218.6761150847396,
1783521316,eval__Walker2d-v4__td3__klb2__mass_1p7__seed2__pid2725643,td3,Walker2d-v4,2,20,1,klb2,mass_1p7,/home/users/am1015/rl_runs_td3_walker_kl_20260703_td3_kl_softrobust_5seed_rerun/Walker2d-v4__td3_kl_klb2__2__1783322590/td3_kl_klb2.cleanrl_model,/home/users/am1015/rl_runs_td3_walker_kl_20260703_td3_kl_softrobust_5seed_rerun/Walker2d-v4__td3_kl_klb2__2__1783322590/td3_kl_klb2.cleanrl_model.norm_stats.npz,1,1,1,0.0,0.0,0.0,0.0,1.0,1.7,,1.0,-1,,-1,,1.0,,1.0,1.0,-13.905233011110386,5.398938169218203,-13.08715765491756,-13.168942798981709,-26.45392675788009,-4.620777911822671,
1783521322,eval__Walker2d-v4__td3__klb2__mass_1p7__seed3__pid2725679,td3,Walker2d-v4,3,20,1,klb2,mass_1p7,/home/users/am1015/rl_runs_td3_walker_kl_20260703_td3_kl_softrobust_5seed_rerun/Walker2d-v4__td3_kl_klb2__3__1783322950/td3_kl_klb2.cleanrl_model,/home/users/am1015/rl_runs_td3_walker_kl_20260703_td3_kl_softrobust_5seed_rerun/Walker2d-v4__td3_kl_klb2__3__1783322950/td3_kl_klb2.cleanrl_model.norm_stats.npz,1,1,1,0.0,0.0,0.0,0.0,1.0,1.7,,1.0,-1,,-1,,1.0,,1.0,1.0,342.31444364754964,445.38802403700896,-8.82802481617642,254.9305134519334,-30.696441111071916,885.7484073423867,
1783521331,eval__Walker2d-v4__td3__klb2__mass_1p7__seed4__pid2725715,td3,Walker2d-v4,4,20,1,klb2,mass_1p7,/home/users/am1015/rl_runs_td3_walker_kl_20260703_td3_kl_softrobust_5seed_rerun/Walker2d-v4__td3_kl_klb2__4__1783323032/td3_kl_klb2.cleanrl_model,/home/users/am1015/rl_runs_td3_walker_kl_20260703_td3_kl_softrobust_5seed_rerun/Walker2d-v4__td3_kl_klb2__4__1783323032/td3_kl_klb2.cleanrl_model.norm_stats.npz,1,1,1,0.0,0.0,0.0,0.0,1.0,1.7,,1.0,-1,,-1,,1.0,,1.0,1.0,1017.8950244824686,137.05976921871402,1048.4069830385124,1048.3901503077957,435.60279729218666,1050.157945119493,
1783521337,eval__Walker2d-v4__td3__klb2__mass_1p7__seed5__pid2725781,td3,Walker2d-v4,5,20,1,klb2,mass_1p7,/home/users/am1015/rl_runs_td3_walker_kl_20260703_td3_kl_softrobust_5seed_rerun/Walker2d-v4__td3_kl_klb2__5__1783324840/td3_kl_klb2.cleanrl_model,/home/users/am1015/rl_runs_td3_walker_kl_20260703_td3_kl_softrobust_5seed_rerun/Walker2d-v4__td3_kl_klb2__5__1783324840/td3_kl_klb2.cleanrl_model.norm_stats.npz,1,1,1,0.0,0.0,0.0,0.0,1.0,1.7,,1.0,-1,,-1,,1.0,,1.0,1.0,649.7391750345026,285.74853766304767,534.7636213116813,592.2849305710147,280.01980337158216,1275.639341747462,
1783521341,eval__Walker2d-v4__td3__klb2__mass_2p0__seed1__pid2725818,td3,Walker2d-v4,1,20,1,klb2,mass_2p0,/home/users/am1015/rl_runs_td3_walker_kl_20260703_td3_kl_softrobust_5seed_rerun/Walker2d-v4__td3_kl_klb2__1__1783319769/td3_kl_klb2.cleanrl_model,/home/users/am1015/rl_runs_td3_walker_kl_20260703_td3_kl_softrobust_5seed_rerun/Walker2d-v4__td3_kl_klb2__1__1783319769/td3_kl_klb2.cleanrl_model.norm_stats.npz,1,1,1,0.0,0.0,0.0,0.0,1.0,2.0,,1.0,-1,,-1,,1.0,,1.0,1.0,357.343631146034,348.2563732310307,194.01092111297007,199.44555181270985,110.56295463208238,1035.4416077966464,
1783521344,eval__Walker2d-v4__td3__klb2__mass_2p0__seed2__pid2725885,td3,Walker2d-v4,2,20,1,klb2,mass_2p0,/home/users/am1015/rl_runs_td3_walker_kl_20260703_td3_kl_softrobust_5seed_rerun/Walker2d-v4__td3_kl_klb2__2__1783322590/td3_kl_klb2.cleanrl_model,/home/users/am1015/rl_runs_td3_walker_kl_20260703_td3_kl_softrobust_5seed_rerun/Walker2d-v4__td3_kl_klb2__2__1783322590/td3_kl_klb2.cleanrl_model.norm_stats.npz,1,1,1,0.0,0.0,0.0,0.0,1.0,2.0,,1.0,-1,,-1,,1.0,,1.0,1.0,4.79767799563147,3.483468934207788,4.98224842893048,4.910912917411081,-1.1091018298053927,10.67604426684902,
1783521347,eval__Walker2d-v4__td3__klb2__mass_2p0__seed3__pid2725920,td3,Walker2d-v4,3,20,1,klb2,mass_2p0,/home/users/am1015/rl_runs_td3_walker_kl_20260703_td3_kl_softrobust_5seed_rerun/Walker2d-v4__td3_kl_klb2__3__1783322950/td3_kl_klb2.cleanrl_model,/home/users/am1015/rl_runs_td3_walker_kl_20260703_td3_kl_softrobust_5seed_rerun/Walker2d-v4__td3_kl_klb2__3__1783322950/td3_kl_klb2.cleanrl_model.norm_stats.npz,1,1,1,0.0,0.0,0.0,0.0,1.0,2.0,,1.0,-1,,-1,,1.0,,1.0,1.0,-10.566465809133282,5.529973199872884,-9.193115329791729,-9.14098863662304,-25.010776705789468,-2.681787927854602,
1783521356,eval__Walker2d-v4__td3__klb2__mass_2p0__seed4__pid2725957,td3,Walker2d-v4,4,20,1,klb2,mass_2p0,/home/users/am1015/rl_runs_td3_walker_kl_20260703_td3_kl_softrobust_5seed_rerun/Walker2d-v4__td3_kl_klb2__4__1783323032/td3_kl_klb2.cleanrl_model,/home/users/am1015/rl_runs_td3_walker_kl_20260703_td3_kl_softrobust_5seed_rerun/Walker2d-v4__td3_kl_klb2__4__1783323032/td3_kl_klb2.cleanrl_model.norm_stats.npz,1,1,1,0.0,0.0,0.0,0.0,1.0,2.0,,1.0,-1,,-1,,1.0,,1.0,1.0,1015.8427848288655,144.52117238247868,1047.9731405552534,1048.0584404149083,401.85249303909865,1050.2080446290147,
1783521362,eval__Walker2d-v4__td3__klb2__mass_2p0__seed5__pid2726022,td3,Walker2d-v4,5,20,1,klb2,mass_2p0,/home/users/am1015/rl_runs_td3_walker_kl_20260703_td3_kl_softrobust_5seed_rerun/Walker2d-v4__td3_kl_klb2__5__1783324840/td3_kl_klb2.cleanrl_model,/home/users/am1015/rl_runs_td3_walker_kl_20260703_td3_kl_softrobust_5seed_rerun/Walker2d-v4__td3_kl_klb2__5__1783324840/td3_kl_klb2.cleanrl_model.norm_stats.npz,1,1,1,0.0,0.0,0.0,0.0,1.0,2.0,,1.0,-1,,-1,,1.0,,1.0,1.0,682.3484649632609,290.3980218060456,647.2251280415842,602.743609079219,398.62431529586905,1486.6943080614378,
1783521364,eval__Walker2d-v4__td3__klb5__mass_0p1__seed1__pid2726058,td3,Walker2d-v4,1,20,1,klb5,mass_0p1,/home/users/am1015/rl_runs_td3_walker_kl_20260703_td3_kl_softrobust_5seed_rerun/Walker2d-v4__td3_kl_klb5__1__1783325185/td3_kl_klb5.cleanrl_model,/home/users/am1015/rl_runs_td3_walker_kl_20260703_td3_kl_softrobust_5seed_rerun/Walker2d-v4__td3_kl_klb5__1__1783325185/td3_kl_klb5.cleanrl_model.norm_stats.npz,1,1,1,0.0,0.0,0.0,0.0,1.0,0.1,,1.0,-1,,-1,,1.0,,1.0,1.0,-39.39088036755759,1.6280992490937725,-40.036031025643446,-39.61914314385728,-41.50212169115979,-35.956050631179025,
1783521368,eval__Walker2d-v4__td3__klb5__mass_0p1__seed2__pid2726095,td3,Walker2d-v4,2,20,1,klb5,mass_0p1,/home/users/am1015/rl_runs_td3_walker_kl_20260703_td3_kl_softrobust_5seed_rerun/Walker2d-v4__td3_kl_klb5__2__1783348823/td3_kl_klb5.cleanrl_model,/home/users/am1015/rl_runs_td3_walker_kl_20260703_td3_kl_softrobust_5seed_rerun/Walker2d-v4__td3_kl_klb5__2__1783348823/td3_kl_klb5.cleanrl_model.norm_stats.npz,1,1,1,0.0,0.0,0.0,0.0,1.0,0.1,,1.0,-1,,-1,,1.0,,1.0,1.0,197.84754729431373,141.01776239968297,188.7461073420723,185.79370728870657,-22.50420064831011,558.7162857550896,
1783521371,eval__Walker2d-v4__td3__klb5__mass_0p1__seed3__pid2726131,td3,Walker2d-v4,3,20,1,klb5,mass_0p1,/home/users/am1015/rl_runs_td3_walker_kl_20260703_td3_kl_softrobust_5seed_rerun/Walker2d-v4__td3_kl_klb5__3__1783348876/td3_kl_klb5.cleanrl_model,/home/users/am1015/rl_runs_td3_walker_kl_20260703_td3_kl_softrobust_5seed_rerun/Walker2d-v4__td3_kl_klb5__3__1783348876/td3_kl_klb5.cleanrl_model.norm_stats.npz,1,1,1,0.0,0.0,0.0,0.0,1.0,0.1,,1.0,-1,,-1,,1.0,,1.0,1.0,18.20402421552836,163.85966198525165,16.055663024799756,15.877398694341869,-418.4653281912915,378.672464838142,
1783521373,eval__Walker2d-v4__td3__klb5__mass_0p1__seed4__pid2726196,td3,Walker2d-v4,4,20,1,klb5,mass_0p1,/home/users/am1015/rl_runs_td3_walker_kl_20260703_td3_kl_softrobust_5seed_rerun/Walker2d-v4__td3_kl_klb5__4__1783349566/td3_kl_klb5.cleanrl_model,/home/users/am1015/rl_runs_td3_walker_kl_20260703_td3_kl_softrobust_5seed_rerun/Walker2d-v4__td3_kl_klb5__4__1783349566/td3_kl_klb5.cleanrl_model.norm_stats.npz,1,1,1,0.0,0.0,0.0,0.0,1.0,0.1,,1.0,-1,,-1,,1.0,,1.0,1.0,41.05949192826019,55.829918169185646,33.97185258118085,32.180853678692,-14.9095679125778,222.3400584347763,
1783521376,eval__Walker2d-v4__td3__klb5__mass_0p1__seed5__pid2726232,td3,Walker2d-v4,5,20,1,klb5,mass_0p1,/home/users/am1015/rl_runs_td3_walker_kl_20260703_td3_kl_softrobust_5seed_rerun/Walker2d-v4__td3_kl_klb5__5__1783354458/td3_kl_klb5.cleanrl_model,/home/users/am1015/rl_runs_td3_walker_kl_20260703_td3_kl_softrobust_5seed_rerun/Walker2d-v4__td3_kl_klb5__5__1783354458/td3_kl_klb5.cleanrl_model.norm_stats.npz,1,1,1,0.0,0.0,0.0,0.0,1.0,0.1,,1.0,-1,,-1,,1.0,,1.0,1.0,76.85698712851396,90.927759437245,58.17129203785432,56.66208084452016,-57.87768840767355,348.653586515272,
1783521379,eval__Walker2d-v4__td3__klb5__mass_0p2__seed1__pid2726268,td3,Walker2d-v4,1,20,1,klb5,mass_0p2,/home/users/am1015/rl_runs_td3_walker_kl_20260703_td3_kl_softrobust_5seed_rerun/Walker2d-v4__td3_kl_klb5__1__1783325185/td3_kl_klb5.cleanrl_model,/home/users/am1015/rl_runs_td3_walker_kl_20260703_td3_kl_softrobust_5seed_rerun/Walker2d-v4__td3_kl_klb5__1__1783325185/td3_kl_klb5.cleanrl_model.norm_stats.npz,1,1,1,0.0,0.0,0.0,0.0,1.0,0.2,,1.0,-1,,-1,,1.0,,1.0,1.0,-31.71051457286512,1.482319812719331,-32.05843662921984,-31.880802405021303,-34.49156166569362,-29.478448573752104,
1783521383,eval__Walker2d-v4__td3__klb5__mass_0p2__seed2__pid2726304,td3,Walker2d-v4,2,20,1,klb5,mass_0p2,/home/users/am1015/rl_runs_td3_walker_kl_20260703_td3_kl_softrobust_5seed_rerun/Walker2d-v4__td3_kl_klb5__2__1783348823/td3_kl_klb5.cleanrl_model,/home/users/am1015/rl_runs_td3_walker_kl_20260703_td3_kl_softrobust_5seed_rerun/Walker2d-v4__td3_kl_klb5__2__1783348823/td3_kl_klb5.cleanrl_model.norm_stats.npz,1,1,1,0.0,0.0,0.0,0.0,1.0,0.2,,1.0,-1,,-1,,1.0,,1.0,1.0,336.4218600265734,257.5954012107333,282.2297225626357,302.2246398864246,-25.00964665655,1052.7878130130675,
1783521389,eval__Walker2d-v4__td3__klb5__mass_0p2__seed3__pid2726340,td3,Walker2d-v4,3,20,1,klb5,mass_0p2,/home/users/am1015/rl_runs_td3_walker_kl_20260703_td3_kl_softrobust_5seed_rerun/Walker2d-v4__td3_kl_klb5__3__1783348876/td3_kl_klb5.cleanrl_model,/home/users/am1015/rl_runs_td3_walker_kl_20260703_td3_kl_softrobust_5seed_rerun/Walker2d-v4__td3_kl_klb5__3__1783348876/td3_kl_klb5.cleanrl_model.norm_stats.npz,1,1,1,0.0,0.0,0.0,0.0,1.0,0.2,,1.0,-1,,-1,,1.0,,1.0,1.0,442.65090344692527,520.0777355865015,67.77170955717418,406.07334120364,-366.00113124435217,1050.8953943399338,
1783521392,eval__Walker2d-v4__td3__klb5__mass_0p2__seed4__pid2726405,td3,Walker2d-v4,4,20,1,klb5,mass_0p2,/home/users/am1015/rl_runs_td3_walker_kl_20260703_td3_kl_softrobust_5seed_rerun/Walker2d-v4__td3_kl_klb5__4__1783349566/td3_kl_klb5.cleanrl_model,/home/users/am1015/rl_runs_td3_walker_kl_20260703_td3_kl_softrobust_5seed_rerun/Walker2d-v4__td3_kl_klb5__4__1783349566/td3_kl_klb5.cleanrl_model.norm_stats.npz,1,1,1,0.0,0.0,0.0,0.0,1.0,0.2,,1.0,-1,,-1,,1.0,,1.0,1.0,107.00595935359922,146.31437105823494,88.79752140021483,75.91319792170592,-16.60338393320493,634.4470263574109,
1783521394,eval__Walker2d-v4__td3__klb5__mass_0p2__seed5__pid2726441,td3,Walker2d-v4,5,20,1,klb5,mass_0p2,/home/users/am1015/rl_runs_td3_walker_kl_20260703_td3_kl_softrobust_5seed_rerun/Walker2d-v4__td3_kl_klb5__5__1783354458/td3_kl_klb5.cleanrl_model,/home/users/am1015/rl_runs_td3_walker_kl_20260703_td3_kl_softrobust_5seed_rerun/Walker2d-v4__td3_kl_klb5__5__1783354458/td3_kl_klb5.cleanrl_model.norm_stats.npz,1,1,1,0.0,0.0,0.0,0.0,1.0,0.2,,1.0,-1,,-1,,1.0,,1.0,1.0,67.93906791855865,10.668576829814564,72.52828376223368,70.60778675458461,43.13369641828784,79.43786048421002,
1783521397,eval__Walker2d-v4__td3__klb5__mass_0p3__seed1__pid2726477,td3,Walker2d-v4,1,20,1,klb5,mass_0p3,/home/users/am1015/rl_runs_td3_walker_kl_20260703_td3_kl_softrobust_5seed_rerun/Walker2d-v4__td3_kl_klb5__1__1783325185/td3_kl_klb5.cleanrl_model,/home/users/am1015/rl_runs_td3_walker_kl_20260703_td3_kl_softrobust_5seed_rerun/Walker2d-v4__td3_kl_klb5__1__1783325185/td3_kl_klb5.cleanrl_model.norm_stats.npz,1,1,1,0.0,0.0,0.0,0.0,1.0,0.3,,1.0,-1,,-1,,1.0,,1.0,1.0,-26.940769969499748,2.3410931094384173,-28.312573730477883,-27.28186121856738,-29.589029515788116,-23.463044619620188,
1783521401,eval__Walker2d-v4__td3__klb5__mass_0p3__seed2__pid2726513,td3,Walker2d-v4,2,20,1,klb5,mass_0p3,/home/users/am1015/rl_runs_td3_walker_kl_20260703_td3_kl_softrobust_5seed_rerun/Walker2d-v4__td3_kl_klb5__2__1783348823/td3_kl_klb5.cleanrl_model,/home/users/am1015/rl_runs_td3_walker_kl_20260703_td3_kl_softrobust_5seed_rerun/Walker2d-v4__td3_kl_klb5__2__1783348823/td3_kl_klb5.cleanrl_model.norm_stats.npz,1,1,1,0.0,0.0,0.0,0.0,1.0,0.3,,1.0,-1,,-1,,1.0,,1.0,1.0,335.2744924157793,160.35812906724274,299.9890600502757,315.46953040103153,114.82734328190656,702.0975086468918,
1783521407,eval__Walker2d-v4__td3__klb5__mass_0p3__seed3__pid2726579,td3,Walker2d-v4,3,20,1,klb5,mass_0p3,/home/users/am1015/rl_runs_td3_walker_kl_20260703_td3_kl_softrobust_5seed_rerun/Walker2d-v4__td3_kl_klb5__3__1783348876/td3_kl_klb5.cleanrl_model,/home/users/am1015/rl_runs_td3_walker_kl_20260703_td3_kl_softrobust_5seed_rerun/Walker2d-v4__td3_kl_klb5__3__1783348876/td3_kl_klb5.cleanrl_model.norm_stats.npz,1,1,1,0.0,0.0,0.0,0.0,1.0,0.3,,1.0,-1,,-1,,1.0,,1.0,1.0,539.0228948167427,478.1573191654777,849.0738322581187,550.8552032239559,-11.067198408547684,1067.546857030406,
1783521411,eval__Walker2d-v4__td3__klb5__mass_0p3__seed4__pid2726615,td3,Walker2d-v4,4,20,1,klb5,mass_0p3,/home/users/am1015/rl_runs_td3_walker_kl_20260703_td3_kl_softrobust_5seed_rerun/Walker2d-v4__td3_kl_klb5__4__1783349566/td3_kl_klb5.cleanrl_model,/home/users/am1015/rl_runs_td3_walker_kl_20260703_td3_kl_softrobust_5seed_rerun/Walker2d-v4__td3_kl_klb5__4__1783349566/td3_kl_klb5.cleanrl_model.norm_stats.npz,1,1,1,0.0,0.0,0.0,0.0,1.0,0.3,,1.0,-1,,-1,,1.0,,1.0,1.0,208.56030917991237,135.39428898163567,206.43074258741623,197.4624139191401,16.686142339476696,535.559379708573,
1783521413,eval__Walker2d-v4__td3__klb5__mass_0p3__seed5__pid2726653,td3,Walker2d-v4,5,20,1,klb5,mass_0p3,/home/users/am1015/rl_runs_td3_walker_kl_20260703_td3_kl_softrobust_5seed_rerun/Walker2d-v4__td3_kl_klb5__5__1783354458/td3_kl_klb5.cleanrl_model,/home/users/am1015/rl_runs_td3_walker_kl_20260703_td3_kl_softrobust_5seed_rerun/Walker2d-v4__td3_kl_klb5__5__1783354458/td3_kl_klb5.cleanrl_model.norm_stats.npz,1,1,1,0.0,0.0,0.0,0.0,1.0,0.3,,1.0,-1,,-1,,1.0,,1.0,1.0,146.624053863878,58.519873868844,128.6154757815833,134.4089167975984,83.16828611015845,308.06048381020474,
1783521416,eval__Walker2d-v4__td3__klb5__mass_0p4__seed1__pid2726707,td3,Walker2d-v4,1,20,1,klb5,mass_0p4,/home/users/am1015/rl_runs_td3_walker_kl_20260703_td3_kl_softrobust_5seed_rerun/Walker2d-v4__td3_kl_klb5__1__1783325185/td3_kl_klb5.cleanrl_model,/home/users/am1015/rl_runs_td3_walker_kl_20260703_td3_kl_softrobust_5seed_rerun/Walker2d-v4__td3_kl_klb5__1__1783325185/td3_kl_klb5.cleanrl_model.norm_stats.npz,1,1,1,0.0,0.0,0.0,0.0,1.0,0.4,,1.0,-1,,-1,,1.0,,1.0,1.0,-22.99932540964488,1.8313127564643343,-23.489311330023604,-23.387088220502857,-26.03946671983044,-18.85145887956729,
1783521420,eval__Walker2d-v4__td3__klb5__mass_0p4__seed2__pid2726756,td3,Walker2d-v4,2,20,1,klb5,mass_0p4,/home/users/am1015/rl_runs_td3_walker_kl_20260703_td3_kl_softrobust_5seed_rerun/Walker2d-v4__td3_kl_klb5__2__1783348823/td3_kl_klb5.cleanrl_model,/home/users/am1015/rl_runs_td3_walker_kl_20260703_td3_kl_softrobust_5seed_rerun/Walker2d-v4__td3_kl_klb5__2__1783348823/td3_kl_klb5.cleanrl_model.norm_stats.npz,1,1,1,0.0,0.0,0.0,0.0,1.0,0.4,,1.0,-1,,-1,,1.0,,1.0,1.0,528.6393189912257,236.4500287949612,496.505689671924,479.9036977333764,131.60243739268873,1119.0199017722782,
1783521429,eval__Walker2d-v4__td3__klb5__mass_0p4__seed3__pid2726794,td3,Walker2d-v4,3,20,1,klb5,mass_0p4,/home/users/am1015/rl_runs_td3_walker_kl_20260703_td3_kl_softrobust_5seed_rerun/Walker2d-v4__td3_kl_klb5__3__1783348876/td3_kl_klb5.cleanrl_model,/home/users/am1015/rl_runs_td3_walker_kl_20260703_td3_kl_softrobust_5seed_rerun/Walker2d-v4__td3_kl_klb5__3__1783348876/td3_kl_klb5.cleanrl_model.norm_stats.npz,1,1,1,0.0,0.0,0.0,0.0,1.0,0.4,,1.0,-1,,-1,,1.0,,1.0,1.0,775.3669299282179,383.8482719614203,921.9005934005938,928.3255732693816,22.199403316319103,1061.4123990195708,
1783521433,eval__Walker2d-v4__td3__klb5__mass_0p4__seed4__pid2726861,td3,Walker2d-v4,4,20,1,klb5,mass_0p4,/home/users/am1015/rl_runs_td3_walker_kl_20260703_td3_kl_softrobust_5seed_rerun/Walker2d-v4__td3_kl_klb5__4__1783349566/td3_kl_klb5.cleanrl_model,/home/users/am1015/rl_runs_td3_walker_kl_20260703_td3_kl_softrobust_5seed_rerun/Walker2d-v4__td3_kl_klb5__4__1783349566/td3_kl_klb5.cleanrl_model.norm_stats.npz,1,1,1,0.0,0.0,0.0,0.0,1.0,0.4,,1.0,-1,,-1,,1.0,,1.0,1.0,299.2524929265974,278.1773364986161,203.645193041876,229.29087582972812,18.033910268702414,956.5248523613056,
1783521437,eval__Walker2d-v4__td3__klb5__mass_0p4__seed5__pid2726898,td3,Walker2d-v4,5,20,1,klb5,mass_0p4,/home/users/am1015/rl_runs_td3_walker_kl_20260703_td3_kl_softrobust_5seed_rerun/Walker2d-v4__td3_kl_klb5__5__1783354458/td3_kl_klb5.cleanrl_model,/home/users/am1015/rl_runs_td3_walker_kl_20260703_td3_kl_softrobust_5seed_rerun/Walker2d-v4__td3_kl_klb5__5__1783354458/td3_kl_klb5.cleanrl_model.norm_stats.npz,1,1,1,0.0,0.0,0.0,0.0,1.0,0.4,,1.0,-1,,-1,,1.0,,1.0,1.0,353.9093162976797,256.98538463460545,274.5258773182339,277.267595055357,114.83587634950676,1115.1969920084043,
1783521439,eval__Walker2d-v4__td3__klb5__mass_0p5__seed1__pid2726934,td3,Walker2d-v4,1,20,1,klb5,mass_0p5,/home/users/am1015/rl_runs_td3_walker_kl_20260703_td3_kl_softrobust_5seed_rerun/Walker2d-v4__td3_kl_klb5__1__1783325185/td3_kl_klb5.cleanrl_model,/home/users/am1015/rl_runs_td3_walker_kl_20260703_td3_kl_softrobust_5seed_rerun/Walker2d-v4__td3_kl_klb5__1__1783325185/td3_kl_klb5.cleanrl_model.norm_stats.npz,1,1,1,0.0,0.0,0.0,0.0,1.0,0.5,,1.0,-1,,-1,,1.0,,1.0,1.0,-20.75343027510305,2.4401841681495955,-21.820446795035,-21.420367888759493,-23.281386719789868,-15.8518944182541,
1783521443,eval__Walker2d-v4__td3__klb5__mass_0p5__seed2__pid2726973,td3,Walker2d-v4,2,20,1,klb5,mass_0p5,/home/users/am1015/rl_runs_td3_walker_kl_20260703_td3_kl_softrobust_5seed_rerun/Walker2d-v4__td3_kl_klb5__2__1783348823/td3_kl_klb5.cleanrl_model,/home/users/am1015/rl_runs_td3_walker_kl_20260703_td3_kl_softrobust_5seed_rerun/Walker2d-v4__td3_kl_klb5__2__1783348823/td3_kl_klb5.cleanrl_model.norm_stats.npz,1,1,1,0.0,0.0,0.0,0.0,1.0,0.5,,1.0,-1,,-1,,1.0,,1.0,1.0,403.8486670773523,126.90533352866632,417.45487829143656,411.0504049434855,91.49941541149148,698.4542045213512,
1783521452,eval__Walker2d-v4__td3__klb5__mass_0p5__seed3__pid2727012,td3,Walker2d-v4,3,20,1,klb5,mass_0p5,/home/users/am1015/rl_runs_td3_walker_kl_20260703_td3_kl_softrobust_5seed_rerun/Walker2d-v4__td3_kl_klb5__3__1783348876/td3_kl_klb5.cleanrl_model,/home/users/am1015/rl_runs_td3_walker_kl_20260703_td3_kl_softrobust_5seed_rerun/Walker2d-v4__td3_kl_klb5__3__1783348876/td3_kl_klb5.cleanrl_model.norm_stats.npz,1,1,1,0.0,0.0,0.0,0.0,1.0,0.5,,1.0,-1,,-1,,1.0,,1.0,1.0,939.7079540151904,175.47907362925403,994.4769261351958,977.2720013700564,269.6958151890775,1058.522625817058,
1783521457,eval__Walker2d-v4__td3__klb5__mass_0p5__seed4__pid2727123,td3,Walker2d-v4,4,20,1,klb5,mass_0p5,/home/users/am1015/rl_runs_td3_walker_kl_20260703_td3_kl_softrobust_5seed_rerun/Walker2d-v4__td3_kl_klb5__4__1783349566/td3_kl_klb5.cleanrl_model,/home/users/am1015/rl_runs_td3_walker_kl_20260703_td3_kl_softrobust_5seed_rerun/Walker2d-v4__td3_kl_klb5__4__1783349566/td3_kl_klb5.cleanrl_model.norm_stats.npz,1,1,1,0.0,0.0,0.0,0.0,1.0,0.5,,1.0,-1,,-1,,1.0,,1.0,1.0,351.91815074969253,276.4090212305326,248.44333837526727,274.30854894334846,49.61037066653101,1213.19099486218,
1783521461,eval__Walker2d-v4__td3__klb5__mass_0p5__seed5__pid2727160,td3,Walker2d-v4,5,20,1,klb5,mass_0p5,/home/users/am1015/rl_runs_td3_walker_kl_20260703_td3_kl_softrobust_5seed_rerun/Walker2d-v4__td3_kl_klb5__5__1783354458/td3_kl_klb5.cleanrl_model,/home/users/am1015/rl_runs_td3_walker_kl_20260703_td3_kl_softrobust_5seed_rerun/Walker2d-v4__td3_kl_klb5__5__1783354458/td3_kl_klb5.cleanrl_model.norm_stats.npz,1,1,1,0.0,0.0,0.0,0.0,1.0,0.5,,1.0,-1,,-1,,1.0,,1.0,1.0,618.6970888662493,530.3548658816997,398.67242609252014,445.5148808590973,168.35033173583687,1905.3721872995063,
1783521463,eval__Walker2d-v4__td3__klb5__mass_0p6__seed1__pid2727226,td3,Walker2d-v4,1,20,1,klb5,mass_0p6,/home/users/am1015/rl_runs_td3_walker_kl_20260703_td3_kl_softrobust_5seed_rerun/Walker2d-v4__td3_kl_klb5__1__1783325185/td3_kl_klb5.cleanrl_model,/home/users/am1015/rl_runs_td3_walker_kl_20260703_td3_kl_softrobust_5seed_rerun/Walker2d-v4__td3_kl_klb5__1__1783325185/td3_kl_klb5.cleanrl_model.norm_stats.npz,1,1,1,0.0,0.0,0.0,0.0,1.0,0.6,,1.0,-1,,-1,,1.0,,1.0,1.0,-18.43914680819617,2.1436527924479662,-18.968373442751243,-18.59608201918905,-22.922281186535773,-14.902182975659072,
1783521467,eval__Walker2d-v4__td3__klb5__mass_0p6__seed2__pid2727263,td3,Walker2d-v4,2,20,1,klb5,mass_0p6,/home/users/am1015/rl_runs_td3_walker_kl_20260703_td3_kl_softrobust_5seed_rerun/Walker2d-v4__td3_kl_klb5__2__1783348823/td3_kl_klb5.cleanrl_model,/home/users/am1015/rl_runs_td3_walker_kl_20260703_td3_kl_softrobust_5seed_rerun/Walker2d-v4__td3_kl_klb5__2__1783348823/td3_kl_klb5.cleanrl_model.norm_stats.npz,1,1,1,0.0,0.0,0.0,0.0,1.0,0.6,,1.0,-1,,-1,,1.0,,1.0,1.0,429.597922274026,51.46446275914224,425.7289334461366,425.7671906694304,355.7569602125652,524.3620335949668,
1783521475,eval__Walker2d-v4__td3__klb5__mass_0p6__seed3__pid2727299,td3,Walker2d-v4,3,20,1,klb5,mass_0p6,/home/users/am1015/rl_runs_td3_walker_kl_20260703_td3_kl_softrobust_5seed_rerun/Walker2d-v4__td3_kl_klb5__3__1783348876/td3_kl_klb5.cleanrl_model,/home/users/am1015/rl_runs_td3_walker_kl_20260703_td3_kl_softrobust_5seed_rerun/Walker2d-v4__td3_kl_klb5__3__1783348876/td3_kl_klb5.cleanrl_model.norm_stats.npz,1,1,1,0.0,0.0,0.0,0.0,1.0,0.6,,1.0,-1,,-1,,1.0,,1.0,1.0,746.3469335603246,281.8256046511682,869.0056340814781,807.8780807022641,276.3492895221695,1059.556740451167,
1783521480,eval__Walker2d-v4__td3__klb5__mass_0p6__seed4__pid2727368,td3,Walker2d-v4,4,20,1,klb5,mass_0p6,/home/users/am1015/rl_runs_td3_walker_kl_20260703_td3_kl_softrobust_5seed_rerun/Walker2d-v4__td3_kl_klb5__4__1783349566/td3_kl_klb5.cleanrl_model,/home/users/am1015/rl_runs_td3_walker_kl_20260703_td3_kl_softrobust_5seed_rerun/Walker2d-v4__td3_kl_klb5__4__1783349566/td3_kl_klb5.cleanrl_model.norm_stats.npz,1,1,1,0.0,0.0,0.0,0.0,1.0,0.6,,1.0,-1,,-1,,1.0,,1.0,1.0,530.5918261088951,363.9180486951319,442.4542433472558,464.7775392711229,36.09832628829627,1434.326496608278,
1783521485,eval__Walker2d-v4__td3__klb5__mass_0p6__seed5__pid2727405,td3,Walker2d-v4,5,20,1,klb5,mass_0p6,/home/users/am1015/rl_runs_td3_walker_kl_20260703_td3_kl_softrobust_5seed_rerun/Walker2d-v4__td3_kl_klb5__5__1783354458/td3_kl_klb5.cleanrl_model,/home/users/am1015/rl_runs_td3_walker_kl_20260703_td3_kl_softrobust_5seed_rerun/Walker2d-v4__td3_kl_klb5__5__1783354458/td3_kl_klb5.cleanrl_model.norm_stats.npz,1,1,1,0.0,0.0,0.0,0.0,1.0,0.6,,1.0,-1,,-1,,1.0,,1.0,1.0,639.273074002849,231.32010992367063,653.9160121118088,632.1315618705472,278.96594466912086,1127.0494485753377,
1783521487,eval__Walker2d-v4__td3__klb5__mass_0p7__seed1__pid2727442,td3,Walker2d-v4,1,20,1,klb5,mass_0p7,/home/users/am1015/rl_runs_td3_walker_kl_20260703_td3_kl_softrobust_5seed_rerun/Walker2d-v4__td3_kl_klb5__1__1783325185/td3_kl_klb5.cleanrl_model,/home/users/am1015/rl_runs_td3_walker_kl_20260703_td3_kl_softrobust_5seed_rerun/Walker2d-v4__td3_kl_klb5__1__1783325185/td3_kl_klb5.cleanrl_model.norm_stats.npz,1,1,1,0.0,0.0,0.0,0.0,1.0,0.7,,1.0,-1,,-1,,1.0,,1.0,1.0,-17.126184949337574,1.907202708508931,-17.69337219460764,-17.64827980307992,-19.354851807967147,-13.461795982072536,
1783521491,eval__Walker2d-v4__td3__klb5__mass_0p7__seed2__pid2727479,td3,Walker2d-v4,2,20,1,klb5,mass_0p7,/home/users/am1015/rl_runs_td3_walker_kl_20260703_td3_kl_softrobust_5seed_rerun/Walker2d-v4__td3_kl_klb5__2__1783348823/td3_kl_klb5.cleanrl_model,/home/users/am1015/rl_runs_td3_walker_kl_20260703_td3_kl_softrobust_5seed_rerun/Walker2d-v4__td3_kl_klb5__2__1783348823/td3_kl_klb5.cleanrl_model.norm_stats.npz,1,1,1,0.0,0.0,0.0,0.0,1.0,0.7,,1.0,-1,,-1,,1.0,,1.0,1.0,428.0101523837222,58.595135035310726,406.7406046464848,409.6134867032823,367.6038385164931,631.2872399663954,
1783521498,eval__Walker2d-v4__td3__klb5__mass_0p7__seed3__pid2727545,td3,Walker2d-v4,3,20,1,klb5,mass_0p7,/home/users/am1015/rl_runs_td3_walker_kl_20260703_td3_kl_softrobust_5seed_rerun/Walker2d-v4__td3_kl_klb5__3__1783348876/td3_kl_klb5.cleanrl_model,/home/users/am1015/rl_runs_td3_walker_kl_20260703_td3_kl_softrobust_5seed_rerun/Walker2d-v4__td3_kl_klb5__3__1783348876/td3_kl_klb5.cleanrl_model.norm_stats.npz,1,1,1,0.0,0.0,0.0,0.0,1.0,0.7,,1.0,-1,,-1,,1.0,,1.0,1.0,714.1935311672102,306.8311401724387,886.8406426722586,772.7652647860398,95.131845590638,1058.1784144885496,
1783521503,eval__Walker2d-v4__td3__klb5__mass_0p7__seed4__pid2727583,td3,Walker2d-v4,4,20,1,klb5,mass_0p7,/home/users/am1015/rl_runs_td3_walker_kl_20260703_td3_kl_softrobust_5seed_rerun/Walker2d-v4__td3_kl_klb5__4__1783349566/td3_kl_klb5.cleanrl_model,/home/users/am1015/rl_runs_td3_walker_kl_20260703_td3_kl_softrobust_5seed_rerun/Walker2d-v4__td3_kl_klb5__4__1783349566/td3_kl_klb5.cleanrl_model.norm_stats.npz,1,1,1,0.0,0.0,0.0,0.0,1.0,0.7,,1.0,-1,,-1,,1.0,,1.0,1.0,449.70988951039936,214.97299536360143,374.0992638450289,387.3644416110623,237.1022370556017,952.0931528425212,
1783521507,eval__Walker2d-v4__td3__klb5__mass_0p7__seed5__pid2727623,td3,Walker2d-v4,5,20,1,klb5,mass_0p7,/home/users/am1015/rl_runs_td3_walker_kl_20260703_td3_kl_softrobust_5seed_rerun/Walker2d-v4__td3_kl_klb5__5__1783354458/td3_kl_klb5.cleanrl_model,/home/users/am1015/rl_runs_td3_walker_kl_20260703_td3_kl_softrobust_5seed_rerun/Walker2d-v4__td3_kl_klb5__5__1783354458/td3_kl_klb5.cleanrl_model.norm_stats.npz,1,1,1,0.0,0.0,0.0,0.0,1.0,0.7,,1.0,-1,,-1,,1.0,,1.0,1.0,723.1886185457256,338.26760924152086,640.0691696420614,687.5468116858398,142.01359786521576,1486.6944850102182,
1783521510,eval__Walker2d-v4__td3__klb5__mass_0p8__seed1__pid2727687,td3,Walker2d-v4,1,20,1,klb5,mass_0p8,/home/users/am1015/rl_runs_td3_walker_kl_20260703_td3_kl_softrobust_5seed_rerun/Walker2d-v4__td3_kl_klb5__1__1783325185/td3_kl_klb5.cleanrl_model,/home/users/am1015/rl_runs_td3_walker_kl_20260703_td3_kl_softrobust_5seed_rerun/Walker2d-v4__td3_kl_klb5__1__1783325185/td3_kl_klb5.cleanrl_model.norm_stats.npz,1,1,1,0.0,0.0,0.0,0.0,1.0,0.8,,1.0,-1,,-1,,1.0,,1.0,1.0,-15.750595234655398,1.8945981244036336,-16.523713236004518,-15.951526481317025,-18.50813248581061,-12.221329980917082,
1783521513,eval__Walker2d-v4__td3__klb5__mass_0p8__seed2__pid2727724,td3,Walker2d-v4,2,20,1,klb5,mass_0p8,/home/users/am1015/rl_runs_td3_walker_kl_20260703_td3_kl_softrobust_5seed_rerun/Walker2d-v4__td3_kl_klb5__2__1783348823/td3_kl_klb5.cleanrl_model,/home/users/am1015/rl_runs_td3_walker_kl_20260703_td3_kl_softrobust_5seed_rerun/Walker2d-v4__td3_kl_klb5__2__1783348823/td3_kl_klb5.cleanrl_model.norm_stats.npz,1,1,1,0.0,0.0,0.0,0.0,1.0,0.8,,1.0,-1,,-1,,1.0,,1.0,1.0,399.5621525848522,21.903589188979964,392.09733798601,394.22131925770975,369.84735522600056,443.5897472580493,
1783521518,eval__Walker2d-v4__td3__klb5__mass_0p8__seed3__pid2727762,td3,Walker2d-v4,3,20,1,klb5,mass_0p8,/home/users/am1015/rl_runs_td3_walker_kl_20260703_td3_kl_softrobust_5seed_rerun/Walker2d-v4__td3_kl_klb5__3__1783348876/td3_kl_klb5.cleanrl_model,/home/users/am1015/rl_runs_td3_walker_kl_20260703_td3_kl_softrobust_5seed_rerun/Walker2d-v4__td3_kl_klb5__3__1783348876/td3_kl_klb5.cleanrl_model.norm_stats.npz,1,1,1,0.0,0.0,0.0,0.0,1.0,0.8,,1.0,-1,,-1,,1.0,,1.0,1.0,418.20143684053454,339.2944348543253,209.6466480778357,272.24074609125444,124.05928728677752,1037.8710431952045,
1783521524,eval__Walker2d-v4__td3__klb5__mass_0p8__seed4__pid2727806,td3,Walker2d-v4,4,20,1,klb5,mass_0p8,/home/users/am1015/rl_runs_td3_walker_kl_20260703_td3_kl_softrobust_5seed_rerun/Walker2d-v4__td3_kl_klb5__4__1783349566/td3_kl_klb5.cleanrl_model,/home/users/am1015/rl_runs_td3_walker_kl_20260703_td3_kl_softrobust_5seed_rerun/Walker2d-v4__td3_kl_klb5__4__1783349566/td3_kl_klb5.cleanrl_model.norm_stats.npz,1,1,1,0.0,0.0,0.0,0.0,1.0,0.8,,1.0,-1,,-1,,1.0,,1.0,1.0,634.0125846716678,290.7256859126547,542.2542041834874,564.5371209976031,220.91480493506012,1196.7799513981947,
1783521528,eval__Walker2d-v4__td3__klb5__mass_0p8__seed5__pid2727868,td3,Walker2d-v4,5,20,1,klb5,mass_0p8,/home/users/am1015/rl_runs_td3_walker_kl_20260703_td3_kl_softrobust_5seed_rerun/Walker2d-v4__td3_kl_klb5__5__1783354458/td3_kl_klb5.cleanrl_model,/home/users/am1015/rl_runs_td3_walker_kl_20260703_td3_kl_softrobust_5seed_rerun/Walker2d-v4__td3_kl_klb5__5__1783354458/td3_kl_klb5.cleanrl_model.norm_stats.npz,1,1,1,0.0,0.0,0.0,0.0,1.0,0.8,,1.0,-1,,-1,,1.0,,1.0,1.0,775.2597447842393,213.7814619716768,726.1250137238219,737.7655433076513,497.8528010030556,1274.032299983948,
1783520977,eval__Walker2d-v4__td3__klb5__mass_0p9__seed1__pid2746220,td3,Walker2d-v4,1,20,1,klb5,mass_0p9,/home/users/am1015/rl_runs_td3_walker_kl_20260703_td3_kl_softrobust_5seed_rerun/Walker2d-v4__td3_kl_klb5__1__1783325185/td3_kl_klb5.cleanrl_model,/home/users/am1015/rl_runs_td3_walker_kl_20260703_td3_kl_softrobust_5seed_rerun/Walker2d-v4__td3_kl_klb5__1__1783325185/td3_kl_klb5.cleanrl_model.norm_stats.npz,1,1,1,0.0,0.0,0.0,0.0,1.0,0.9,,1.0,-1,,-1,,1.0,,1.0,1.0,-14.99348974625168,1.3938521234262664,-14.988584414185656,-15.006523337035318,-17.94035882186469,-12.85158213355052,
1783520981,eval__Walker2d-v4__td3__klb5__mass_0p9__seed2__pid2746285,td3,Walker2d-v4,2,20,1,klb5,mass_0p9,/home/users/am1015/rl_runs_td3_walker_kl_20260703_td3_kl_softrobust_5seed_rerun/Walker2d-v4__td3_kl_klb5__2__1783348823/td3_kl_klb5.cleanrl_model,/home/users/am1015/rl_runs_td3_walker_kl_20260703_td3_kl_softrobust_5seed_rerun/Walker2d-v4__td3_kl_klb5__2__1783348823/td3_kl_klb5.cleanrl_model.norm_stats.npz,1,1,1,0.0,0.0,0.0,0.0,1.0,0.9,,1.0,-1,,-1,,1.0,,1.0,1.0,398.23830872827386,57.47204744691568,381.7289169137947,383.330989790771,363.3444035412965,629.4634832453311,
1783520987,eval__Walker2d-v4__td3__klb5__mass_0p9__seed3__pid2746393,td3,Walker2d-v4,3,20,1,klb5,mass_0p9,/home/users/am1015/rl_runs_td3_walker_kl_20260703_td3_kl_softrobust_5seed_rerun/Walker2d-v4__td3_kl_klb5__3__1783348876/td3_kl_klb5.cleanrl_model,/home/users/am1015/rl_runs_td3_walker_kl_20260703_td3_kl_softrobust_5seed_rerun/Walker2d-v4__td3_kl_klb5__3__1783348876/td3_kl_klb5.cleanrl_model.norm_stats.npz,1,1,1,0.0,0.0,0.0,0.0,1.0,0.9,,1.0,-1,,-1,,1.0,,1.0,1.0,447.64779318152944,360.4338710194015,284.48295005267653,324.18533539487066,94.41493354809076,1060.4002390353862,
1783520991,eval__Walker2d-v4__td3__klb5__mass_0p9__seed4__pid2746566,td3,Walker2d-v4,4,20,1,klb5,mass_0p9,/home/users/am1015/rl_runs_td3_walker_kl_20260703_td3_kl_softrobust_5seed_rerun/Walker2d-v4__td3_kl_klb5__4__1783349566/td3_kl_klb5.cleanrl_model,/home/users/am1015/rl_runs_td3_walker_kl_20260703_td3_kl_softrobust_5seed_rerun/Walker2d-v4__td3_kl_klb5__4__1783349566/td3_kl_klb5.cleanrl_model.norm_stats.npz,1,1,1,0.0,0.0,0.0,0.0,1.0,0.9,,1.0,-1,,-1,,1.0,,1.0,1.0,455.0087405825861,115.06342728876352,460.46891451118256,451.5093660385851,246.74810347223956,720.9974885332547,
1783520995,eval__Walker2d-v4__td3__klb5__mass_0p9__seed5__pid2746674,td3,Walker2d-v4,5,20,1,klb5,mass_0p9,/home/users/am1015/rl_runs_td3_walker_kl_20260703_td3_kl_softrobust_5seed_rerun/Walker2d-v4__td3_kl_klb5__5__1783354458/td3_kl_klb5.cleanrl_model,/home/users/am1015/rl_runs_td3_walker_kl_20260703_td3_kl_softrobust_5seed_rerun/Walker2d-v4__td3_kl_klb5__5__1783354458/td3_kl_klb5.cleanrl_model.norm_stats.npz,1,1,1,0.0,0.0,0.0,0.0,1.0,0.9,,1.0,-1,,-1,,1.0,,1.0,1.0,625.3356330722656,171.7111019658587,636.7931191637533,614.9424500037798,378.4445111591652,1115.8623933455597,
1783520997,eval__Walker2d-v4__td3__klb5__mass_1p0__seed1__pid2746782,td3,Walker2d-v4,1,20,1,klb5,mass_1p0,/home/users/am1015/rl_runs_td3_walker_kl_20260703_td3_kl_softrobust_5seed_rerun/Walker2d-v4__td3_kl_klb5__1__1783325185/td3_kl_klb5.cleanrl_model,/home/users/am1015/rl_runs_td3_walker_kl_20260703_td3_kl_softrobust_5seed_rerun/Walker2d-v4__td3_kl_klb5__1__1783325185/td3_kl_klb5.cleanrl_model.norm_stats.npz,1,1,1,0.0,0.0,0.0,0.0,1.0,1.0,,1.0,-1,,-1,,1.0,,1.0,1.0,-13.758269049464534,1.9896709168101328,-14.6405313889365,-14.386794769130525,-16.066168562464007,-9.004494659578564,
1783521001,eval__Walker2d-v4__td3__klb5__mass_1p0__seed2__pid2746870,td3,Walker2d-v4,2,20,1,klb5,mass_1p0,/home/users/am1015/rl_runs_td3_walker_kl_20260703_td3_kl_softrobust_5seed_rerun/Walker2d-v4__td3_kl_klb5__2__1783348823/td3_kl_klb5.cleanrl_model,/home/users/am1015/rl_runs_td3_walker_kl_20260703_td3_kl_softrobust_5seed_rerun/Walker2d-v4__td3_kl_klb5__2__1783348823/td3_kl_klb5.cleanrl_model.norm_stats.npz,1,1,1,0.0,0.0,0.0,0.0,1.0,1.0,,1.0,-1,,-1,,1.0,,1.0,1.0,402.2680683017074,25.20342374292973,397.0647076365156,395.513917551012,374.1132388612579,462.31512975996327,
1783521006,eval__Walker2d-v4__td3__klb5__mass_1p0__seed3__pid2746983,td3,Walker2d-v4,3,20,1,klb5,mass_1p0,/home/users/am1015/rl_runs_td3_walker_kl_20260703_td3_kl_softrobust_5seed_rerun/Walker2d-v4__td3_kl_klb5__3__1783348876/td3_kl_klb5.cleanrl_model,/home/users/am1015/rl_runs_td3_walker_kl_20260703_td3_kl_softrobust_5seed_rerun/Walker2d-v4__td3_kl_klb5__3__1783348876/td3_kl_klb5.cleanrl_model.norm_stats.npz,1,1,1,0.0,0.0,0.0,0.0,1.0,1.0,,1.0,-1,,-1,,1.0,,1.0,1.0,361.3654915705524,296.8928612133412,225.98207672494985,227.2490463306397,79.15539800136615,984.2083156069322,
1783521010,eval__Walker2d-v4__td3__klb5__mass_1p0__seed4__pid2747153,td3,Walker2d-v4,4,20,1,klb5,mass_1p0,/home/users/am1015/rl_runs_td3_walker_kl_20260703_td3_kl_softrobust_5seed_rerun/Walker2d-v4__td3_kl_klb5__4__1783349566/td3_kl_klb5.cleanrl_model,/home/users/am1015/rl_runs_td3_walker_kl_20260703_td3_kl_softrobust_5seed_rerun/Walker2d-v4__td3_kl_klb5__4__1783349566/td3_kl_klb5.cleanrl_model.norm_stats.npz,1,1,1,0.0,0.0,0.0,0.0,1.0,1.0,,1.0,-1,,-1,,1.0,,1.0,1.0,507.8323995369069,177.87352600212438,463.2592269589305,466.76426630232754,317.4426596585625,1174.256333038392,
1783521014,eval__Walker2d-v4__td3__klb5__mass_1p0__seed5__pid2747269,td3,Walker2d-v4,5,20,1,klb5,mass_1p0,/home/users/am1015/rl_runs_td3_walker_kl_20260703_td3_kl_softrobust_5seed_rerun/Walker2d-v4__td3_kl_klb5__5__1783354458/td3_kl_klb5.cleanrl_model,/home/users/am1015/rl_runs_td3_walker_kl_20260703_td3_kl_softrobust_5seed_rerun/Walker2d-v4__td3_kl_klb5__5__1783354458/td3_kl_klb5.cleanrl_model.norm_stats.npz,1,1,1,0.0,0.0,0.0,0.0,1.0,1.0,,1.0,-1,,-1,,1.0,,1.0,1.0,673.2042541295355,164.29212332324985,680.0106795054447,684.7664643343419,193.8551316338205,933.106373098648,
1783521016,eval__Walker2d-v4__td3__klb5__mass_1p1__seed1__pid2747472,td3,Walker2d-v4,1,20,1,klb5,mass_1p1,/home/users/am1015/rl_runs_td3_walker_kl_20260703_td3_kl_softrobust_5seed_rerun/Walker2d-v4__td3_kl_klb5__1__1783325185/td3_kl_klb5.cleanrl_model,/home/users/am1015/rl_runs_td3_walker_kl_20260703_td3_kl_softrobust_5seed_rerun/Walker2d-v4__td3_kl_klb5__1__1783325185/td3_kl_klb5.cleanrl_model.norm_stats.npz,1,1,1,0.0,0.0,0.0,0.0,1.0,1.1,,1.0,-1,,-1,,1.0,,1.0,1.0,-13.07916665918628,1.571069619487838,-13.36464303418988,-13.296037980107808,-14.996545274639548,-9.71209950241736,
1783521020,eval__Walker2d-v4__td3__klb5__mass_1p1__seed2__pid2747551,td3,Walker2d-v4,2,20,1,klb5,mass_1p1,/home/users/am1015/rl_runs_td3_walker_kl_20260703_td3_kl_softrobust_5seed_rerun/Walker2d-v4__td3_kl_klb5__2__1783348823/td3_kl_klb5.cleanrl_model,/home/users/am1015/rl_runs_td3_walker_kl_20260703_td3_kl_softrobust_5seed_rerun/Walker2d-v4__td3_kl_klb5__2__1783348823/td3_kl_klb5.cleanrl_model.norm_stats.npz,1,1,1,0.0,0.0,0.0,0.0,1.0,1.1,,1.0,-1,,-1,,1.0,,1.0,1.0,391.7620471842711,13.938735649557726,391.5490028957673,391.78395202331774,369.8814879495508,426.415017241301,
1783521027,eval__Walker2d-v4__td3__klb5__mass_1p1__seed3__pid2747657,td3,Walker2d-v4,3,20,1,klb5,mass_1p1,/home/users/am1015/rl_runs_td3_walker_kl_20260703_td3_kl_softrobust_5seed_rerun/Walker2d-v4__td3_kl_klb5__3__1783348876/td3_kl_klb5.cleanrl_model,/home/users/am1015/rl_runs_td3_walker_kl_20260703_td3_kl_softrobust_5seed_rerun/Walker2d-v4__td3_kl_klb5__3__1783348876/td3_kl_klb5.cleanrl_model.norm_stats.npz,1,1,1,0.0,0.0,0.0,0.0,1.0,1.1,,1.0,-1,,-1,,1.0,,1.0,1.0,621.3323092626001,343.0395042976229,898.907962511267,684.8412449809846,105.42166334253564,982.0536791231376,
1783521031,eval__Walker2d-v4__td3__klb5__mass_1p1__seed4__pid2747870,td3,Walker2d-v4,4,20,1,klb5,mass_1p1,/home/users/am1015/rl_runs_td3_walker_kl_20260703_td3_kl_softrobust_5seed_rerun/Walker2d-v4__td3_kl_klb5__4__1783349566/td3_kl_klb5.cleanrl_model,/home/users/am1015/rl_runs_td3_walker_kl_20260703_td3_kl_softrobust_5seed_rerun/Walker2d-v4__td3_kl_klb5__4__1783349566/td3_kl_klb5.cleanrl_model.norm_stats.npz,1,1,1,0.0,0.0,0.0,0.0,1.0,1.1,,1.0,-1,,-1,,1.0,,1.0,1.0,532.8248805020938,180.9274576371365,463.2187815090484,485.6304543284359,332.10790833722376,937.3909585714578,
1783521035,eval__Walker2d-v4__td3__klb5__mass_1p1__seed5__pid2748029,td3,Walker2d-v4,5,20,1,klb5,mass_1p1,/home/users/am1015/rl_runs_td3_walker_kl_20260703_td3_kl_softrobust_5seed_rerun/Walker2d-v4__td3_kl_klb5__5__1783354458/td3_kl_klb5.cleanrl_model,/home/users/am1015/rl_runs_td3_walker_kl_20260703_td3_kl_softrobust_5seed_rerun/Walker2d-v4__td3_kl_klb5__5__1783354458/td3_kl_klb5.cleanrl_model.norm_stats.npz,1,1,1,0.0,0.0,0.0,0.0,1.0,1.1,,1.0,-1,,-1,,1.0,,1.0,1.0,684.396827638381,56.3755513382883,673.603526807078,677.7288657355185,583.8322301687751,847.5426409724955,
1783521037,eval__Walker2d-v4__td3__klb5__mass_1p3__seed1__pid2748162,td3,Walker2d-v4,1,20,1,klb5,mass_1p3,/home/users/am1015/rl_runs_td3_walker_kl_20260703_td3_kl_softrobust_5seed_rerun/Walker2d-v4__td3_kl_klb5__1__1783325185/td3_kl_klb5.cleanrl_model,/home/users/am1015/rl_runs_td3_walker_kl_20260703_td3_kl_softrobust_5seed_rerun/Walker2d-v4__td3_kl_klb5__1__1783325185/td3_kl_klb5.cleanrl_model.norm_stats.npz,1,1,1,0.0,0.0,0.0,0.0,1.0,1.3,,1.0,-1,,-1,,1.0,,1.0,1.0,-10.8004012014612,1.650479929156089,-11.060826075525512,-11.0171355664558,-13.402735531313288,-7.985948885164776,
1783521041,eval__Walker2d-v4__td3__klb5__mass_1p3__seed2__pid2748276,td3,Walker2d-v4,2,20,1,klb5,mass_1p3,/home/users/am1015/rl_runs_td3_walker_kl_20260703_td3_kl_softrobust_5seed_rerun/Walker2d-v4__td3_kl_klb5__2__1783348823/td3_kl_klb5.cleanrl_model,/home/users/am1015/rl_runs_td3_walker_kl_20260703_td3_kl_softrobust_5seed_rerun/Walker2d-v4__td3_kl_klb5__2__1783348823/td3_kl_klb5.cleanrl_model.norm_stats.npz,1,1,1,0.0,0.0,0.0,0.0,1.0,1.3,,1.0,-1,,-1,,1.0,,1.0,1.0,375.27817981220346,8.491684732847261,375.3810272396122,374.26719045058593,364.6925833356323,403.77925068288863,
1783521050,eval__Walker2d-v4__td3__klb5__mass_1p3__seed3__pid2748396,td3,Walker2d-v4,3,20,1,klb5,mass_1p3,/home/users/am1015/rl_runs_td3_walker_kl_20260703_td3_kl_softrobust_5seed_rerun/Walker2d-v4__td3_kl_klb5__3__1783348876/td3_kl_klb5.cleanrl_model,/home/users/am1015/rl_runs_td3_walker_kl_20260703_td3_kl_softrobust_5seed_rerun/Walker2d-v4__td3_kl_klb5__3__1783348876/td3_kl_klb5.cleanrl_model.norm_stats.npz,1,1,1,0.0,0.0,0.0,0.0,1.0,1.3,,1.0,-1,,-1,,1.0,,1.0,1.0,844.3977073744427,223.6517406600619,909.5764294549788,908.6216692349456,193.40492037682043,984.239859487924,
1783521054,eval__Walker2d-v4__td3__klb5__mass_1p3__seed4__pid2748631,td3,Walker2d-v4,4,20,1,klb5,mass_1p3,/home/users/am1015/rl_runs_td3_walker_kl_20260703_td3_kl_softrobust_5seed_rerun/Walker2d-v4__td3_kl_klb5__4__1783349566/td3_kl_klb5.cleanrl_model,/home/users/am1015/rl_runs_td3_walker_kl_20260703_td3_kl_softrobust_5seed_rerun/Walker2d-v4__td3_kl_klb5__4__1783349566/td3_kl_klb5.cleanrl_model.norm_stats.npz,1,1,1,0.0,0.0,0.0,0.0,1.0,1.3,,1.0,-1,,-1,,1.0,,1.0,1.0,610.0090575401064,399.0363983475965,399.3151617608886,466.9247712142736,283.5951738169276,1688.849409607691,
1783521058,eval__Walker2d-v4__td3__klb5__mass_1p3__seed5__pid2748753,td3,Walker2d-v4,5,20,1,klb5,mass_1p3,/home/users/am1015/rl_runs_td3_walker_kl_20260703_td3_kl_softrobust_5seed_rerun/Walker2d-v4__td3_kl_klb5__5__1783354458/td3_kl_klb5.cleanrl_model,/home/users/am1015/rl_runs_td3_walker_kl_20260703_td3_kl_softrobust_5seed_rerun/Walker2d-v4__td3_kl_klb5__5__1783354458/td3_kl_klb5.cleanrl_model.norm_stats.npz,1,1,1,0.0,0.0,0.0,0.0,1.0,1.3,,1.0,-1,,-1,,1.0,,1.0,1.0,441.7176113013912,45.181190916823496,417.9820393874616,425.33479728573,401.1558765116669,525.2315457255273,
1783521061,eval__Walker2d-v4__td3__klb5__mass_1p5__seed1__pid2748887,td3,Walker2d-v4,1,20,1,klb5,mass_1p5,/home/users/am1015/rl_runs_td3_walker_kl_20260703_td3_kl_softrobust_5seed_rerun/Walker2d-v4__td3_kl_klb5__1__1783325185/td3_kl_klb5.cleanrl_model,/home/users/am1015/rl_runs_td3_walker_kl_20260703_td3_kl_softrobust_5seed_rerun/Walker2d-v4__td3_kl_klb5__1__1783325185/td3_kl_klb5.cleanrl_model.norm_stats.npz,1,1,1,0.0,0.0,0.0,0.0,1.0,1.5,,1.0,-1,,-1,,1.0,,1.0,1.0,-8.77654481296975,1.3561763012294112,-9.042244037626734,-8.997367170078302,-10.995550844292216,-6.186921654485392,
1783521064,eval__Walker2d-v4__td3__klb5__mass_1p5__seed2__pid2748947,td3,Walker2d-v4,2,20,1,klb5,mass_1p5,/home/users/am1015/rl_runs_td3_walker_kl_20260703_td3_kl_softrobust_5seed_rerun/Walker2d-v4__td3_kl_klb5__2__1783348823/td3_kl_klb5.cleanrl_model,/home/users/am1015/rl_runs_td3_walker_kl_20260703_td3_kl_softrobust_5seed_rerun/Walker2d-v4__td3_kl_klb5__2__1783348823/td3_kl_klb5.cleanrl_model.norm_stats.npz,1,1,1,0.0,0.0,0.0,0.0,1.0,1.5,,1.0,-1,,-1,,1.0,,1.0,1.0,366.99704445058194,5.117610851831257,366.1902710757189,366.4986110010537,359.0428946138386,376.4208319178829,
1783521072,eval__Walker2d-v4__td3__klb5__mass_1p5__seed3__pid2749056,td3,Walker2d-v4,3,20,1,klb5,mass_1p5,/home/users/am1015/rl_runs_td3_walker_kl_20260703_td3_kl_softrobust_5seed_rerun/Walker2d-v4__td3_kl_klb5__3__1783348876/td3_kl_klb5.cleanrl_model,/home/users/am1015/rl_runs_td3_walker_kl_20260703_td3_kl_softrobust_5seed_rerun/Walker2d-v4__td3_kl_klb5__3__1783348876/td3_kl_klb5.cleanrl_model.norm_stats.npz,1,1,1,0.0,0.0,0.0,0.0,1.0,1.5,,1.0,-1,,-1,,1.0,,1.0,1.0,748.1684109390321,278.83226448815145,908.6778832093872,871.5649846474398,148.6006203998901,967.7134506992644,
1783521075,eval__Walker2d-v4__td3__klb5__mass_1p5__seed4__pid2749263,td3,Walker2d-v4,4,20,1,klb5,mass_1p5,/home/users/am1015/rl_runs_td3_walker_kl_20260703_td3_kl_softrobust_5seed_rerun/Walker2d-v4__td3_kl_klb5__4__1783349566/td3_kl_klb5.cleanrl_model,/home/users/am1015/rl_runs_td3_walker_kl_20260703_td3_kl_softrobust_5seed_rerun/Walker2d-v4__td3_kl_klb5__4__1783349566/td3_kl_klb5.cleanrl_model.norm_stats.npz,1,1,1,0.0,0.0,0.0,0.0,1.0,1.5,,1.0,-1,,-1,,1.0,,1.0,1.0,330.58885589043655,19.18742652235076,332.49129684914817,331.94742411330776,283.6423725913904,370.6852922555522,
1783521079,eval__Walker2d-v4__td3__klb5__mass_1p5__seed5__pid2749349,td3,Walker2d-v4,5,20,1,klb5,mass_1p5,/home/users/am1015/rl_runs_td3_walker_kl_20260703_td3_kl_softrobust_5seed_rerun/Walker2d-v4__td3_kl_klb5__5__1783354458/td3_kl_klb5.cleanrl_model,/home/users/am1015/rl_runs_td3_walker_kl_20260703_td3_kl_softrobust_5seed_rerun/Walker2d-v4__td3_kl_klb5__5__1783354458/td3_kl_klb5.cleanrl_model.norm_stats.npz,1,1,1,0.0,0.0,0.0,0.0,1.0,1.5,,1.0,-1,,-1,,1.0,,1.0,1.0,397.9563533477049,6.33839449227526,398.6876027218215,397.6672561648967,389.38896757185887,409.1930177921974,
1783521082,eval__Walker2d-v4__td3__klb5__mass_1p7__seed1__pid2749457,td3,Walker2d-v4,1,20,1,klb5,mass_1p7,/home/users/am1015/rl_runs_td3_walker_kl_20260703_td3_kl_softrobust_5seed_rerun/Walker2d-v4__td3_kl_klb5__1__1783325185/td3_kl_klb5.cleanrl_model,/home/users/am1015/rl_runs_td3_walker_kl_20260703_td3_kl_softrobust_5seed_rerun/Walker2d-v4__td3_kl_klb5__1__1783325185/td3_kl_klb5.cleanrl_model.norm_stats.npz,1,1,1,0.0,0.0,0.0,0.0,1.0,1.7,,1.0,-1,,-1,,1.0,,1.0,1.0,-7.103538786709675,1.0290349664119485,-7.318158840436126,-7.20399514244824,-8.51694137942135,-5.185863522838041,
1783521085,eval__Walker2d-v4__td3__klb5__mass_1p7__seed2__pid2749547,td3,Walker2d-v4,2,20,1,klb5,mass_1p7,/home/users/am1015/rl_runs_td3_walker_kl_20260703_td3_kl_softrobust_5seed_rerun/Walker2d-v4__td3_kl_klb5__2__1783348823/td3_kl_klb5.cleanrl_model,/home/users/am1015/rl_runs_td3_walker_kl_20260703_td3_kl_softrobust_5seed_rerun/Walker2d-v4__td3_kl_klb5__2__1783348823/td3_kl_klb5.cleanrl_model.norm_stats.npz,1,1,1,0.0,0.0,0.0,0.0,1.0,1.7,,1.0,-1,,-1,,1.0,,1.0,1.0,338.5902839550504,4.805760156472257,338.7713124258884,338.6883391674342,328.58706212494224,347.81986249533435,
1783521094,eval__Walker2d-v4__td3__klb5__mass_1p7__seed3__pid2749632,td3,Walker2d-v4,3,20,1,klb5,mass_1p7,/home/users/am1015/rl_runs_td3_walker_kl_20260703_td3_kl_softrobust_5seed_rerun/Walker2d-v4__td3_kl_klb5__3__1783348876/td3_kl_klb5.cleanrl_model,/home/users/am1015/rl_runs_td3_walker_kl_20260703_td3_kl_softrobust_5seed_rerun/Walker2d-v4__td3_kl_klb5__3__1783348876/td3_kl_klb5.cleanrl_model.norm_stats.npz,1,1,1,0.0,0.0,0.0,0.0,1.0,1.7,,1.0,-1,,-1,,1.0,,1.0,1.0,836.3105609631896,197.8687550727908,908.3645182566418,909.4331485059448,361.6639907055612,971.3596067653472,
1783521097,eval__Walker2d-v4__td3__klb5__mass_1p7__seed4__pid2749879,td3,Walker2d-v4,4,20,1,klb5,mass_1p7,/home/users/am1015/rl_runs_td3_walker_kl_20260703_td3_kl_softrobust_5seed_rerun/Walker2d-v4__td3_kl_klb5__4__1783349566/td3_kl_klb5.cleanrl_model,/home/users/am1015/rl_runs_td3_walker_kl_20260703_td3_kl_softrobust_5seed_rerun/Walker2d-v4__td3_kl_klb5__4__1783349566/td3_kl_klb5.cleanrl_model.norm_stats.npz,1,1,1,0.0,0.0,0.0,0.0,1.0,1.7,,1.0,-1,,-1,,1.0,,1.0,1.0,329.8368951019109,31.84971510982814,322.3696301428331,321.97708638377736,297.8841603575486,433.4796006723154,
1783521101,eval__Walker2d-v4__td3__klb5__mass_1p7__seed5__pid2749958,td3,Walker2d-v4,5,20,1,klb5,mass_1p7,/home/users/am1015/rl_runs_td3_walker_kl_20260703_td3_kl_softrobust_5seed_rerun/Walker2d-v4__td3_kl_klb5__5__1783354458/td3_kl_klb5.cleanrl_model,/home/users/am1015/rl_runs_td3_walker_kl_20260703_td3_kl_softrobust_5seed_rerun/Walker2d-v4__td3_kl_klb5__5__1783354458/td3_kl_klb5.cleanrl_model.norm_stats.npz,1,1,1,0.0,0.0,0.0,0.0,1.0,1.7,,1.0,-1,,-1,,1.0,,1.0,1.0,394.96742588903226,17.01862298708,395.5588815509858,393.7982977072005,371.3619821495446,427.8248234580645,
1783521104,eval__Walker2d-v4__td3__klb5__mass_2p0__seed1__pid2750079,td3,Walker2d-v4,1,20,1,klb5,mass_2p0,/home/users/am1015/rl_runs_td3_walker_kl_20260703_td3_kl_softrobust_5seed_rerun/Walker2d-v4__td3_kl_klb5__1__1783325185/td3_kl_klb5.cleanrl_model,/home/users/am1015/rl_runs_td3_walker_kl_20260703_td3_kl_softrobust_5seed_rerun/Walker2d-v4__td3_kl_klb5__1__1783325185/td3_kl_klb5.cleanrl_model.norm_stats.npz,1,1,1,0.0,0.0,0.0,0.0,1.0,2.0,,1.0,-1,,-1,,1.0,,1.0,1.0,-5.542466578384753,0.8824678735470455,-5.350461155062818,-5.360786703952503,-8.590804569059035,-4.199411159037803,
1783521107,eval__Walker2d-v4__td3__klb5__mass_2p0__seed2__pid2750185,td3,Walker2d-v4,2,20,1,klb5,mass_2p0,/home/users/am1015/rl_runs_td3_walker_kl_20260703_td3_kl_softrobust_5seed_rerun/Walker2d-v4__td3_kl_klb5__2__1783348823/td3_kl_klb5.cleanrl_model,/home/users/am1015/rl_runs_td3_walker_kl_20260703_td3_kl_softrobust_5seed_rerun/Walker2d-v4__td3_kl_klb5__2__1783348823/td3_kl_klb5.cleanrl_model.norm_stats.npz,1,1,1,0.0,0.0,0.0,0.0,1.0,2.0,,1.0,-1,,-1,,1.0,,1.0,1.0,284.6956401514311,3.3634329372871887,285.19783926528976,285.3967537436108,277.65873965789774,289.7485352597234,
1783521115,eval__Walker2d-v4__td3__klb5__mass_2p0__seed3__pid2750285,td3,Walker2d-v4,3,20,1,klb5,mass_2p0,/home/users/am1015/rl_runs_td3_walker_kl_20260703_td3_kl_softrobust_5seed_rerun/Walker2d-v4__td3_kl_klb5__3__1783348876/td3_kl_klb5.cleanrl_model,/home/users/am1015/rl_runs_td3_walker_kl_20260703_td3_kl_softrobust_5seed_rerun/Walker2d-v4__td3_kl_klb5__3__1783348876/td3_kl_klb5.cleanrl_model.norm_stats.npz,1,1,1,0.0,0.0,0.0,0.0,1.0,2.0,,1.0,-1,,-1,,1.0,,1.0,1.0,724.4191840457124,339.14647081578863,952.5557450335951,854.3913021999882,152.83714057625895,1006.5366037947816,
1783521118,eval__Walker2d-v4__td3__klb5__mass_2p0__seed4__pid2750454,td3,Walker2d-v4,4,20,1,klb5,mass_2p0,/home/users/am1015/rl_runs_td3_walker_kl_20260703_td3_kl_softrobust_5seed_rerun/Walker2d-v4__td3_kl_klb5__4__1783349566/td3_kl_klb5.cleanrl_model,/home/users/am1015/rl_runs_td3_walker_kl_20260703_td3_kl_softrobust_5seed_rerun/Walker2d-v4__td3_kl_klb5__4__1783349566/td3_kl_klb5.cleanrl_model.norm_stats.npz,1,1,1,0.0,0.0,0.0,0.0,1.0,2.0,,1.0,-1,,-1,,1.0,,1.0,1.0,312.1842198646217,14.076261442990022,310.0007207443638,309.5457001225237,288.09711484235106,346.92402117014166,
1783521122,eval__Walker2d-v4__td3__klb5__mass_2p0__seed5__pid2750574,td3,Walker2d-v4,5,20,1,klb5,mass_2p0,/home/users/am1015/rl_runs_td3_walker_kl_20260703_td3_kl_softrobust_5seed_rerun/Walker2d-v4__td3_kl_klb5__5__1783354458/td3_kl_klb5.cleanrl_model,/home/users/am1015/rl_runs_td3_walker_kl_20260703_td3_kl_softrobust_5seed_rerun/Walker2d-v4__td3_kl_klb5__5__1783354458/td3_kl_klb5.cleanrl_model.norm_stats.npz,1,1,1,0.0,0.0,0.0,0.0,1.0,2.0,,1.0,-1,,-1,,1.0,,1.0,1.0,356.0937596068917,18.138938764193448,357.90719031256674,357.33980044731294,328.42005062201054,396.9390831951239,
1783521124,eval__Walker2d-v4__td3__klb10__mass_0p1__seed1__pid2750622,td3,Walker2d-v4,1,20,1,klb10,mass_0p1,/home/users/am1015/rl_runs_td3_walker_kl_20260703_td3_kl_softrobust_5seed_rerun/Walker2d-v4__td3_kl_klb10__1__1783355718/td3_kl_klb10.cleanrl_model,/home/users/am1015/rl_runs_td3_walker_kl_20260703_td3_kl_softrobust_5seed_rerun/Walker2d-v4__td3_kl_klb10__1__1783355718/td3_kl_klb10.cleanrl_model.norm_stats.npz,1,1,1,0.0,0.0,0.0,0.0,1.0,0.1,,1.0,-1,,-1,,1.0,,1.0,1.0,99.50280514934778,97.26130022961522,75.84843344765537,76.75165016754312,-10.593733332391032,283.7647024756393,
1783521127,eval__Walker2d-v4__td3__klb10__mass_0p1__seed2__pid2750694,td3,Walker2d-v4,2,20,1,klb10,mass_0p1,/home/users/am1015/rl_runs_td3_walker_kl_20260703_td3_kl_softrobust_5seed_rerun/Walker2d-v4__td3_kl_klb10__2__1783356169/td3_kl_klb10.cleanrl_model,/home/users/am1015/rl_runs_td3_walker_kl_20260703_td3_kl_softrobust_5seed_rerun/Walker2d-v4__td3_kl_klb10__2__1783356169/td3_kl_klb10.cleanrl_model.norm_stats.npz,1,1,1,0.0,0.0,0.0,0.0,1.0,0.1,,1.0,-1,,-1,,1.0,,1.0,1.0,142.3489367159797,140.7906084654367,38.63931956069334,109.25952960132524,13.877742981818756,382.83778038136137,
1783521130,eval__Walker2d-v4__td3__klb10__mass_0p1__seed3__pid2750790,td3,Walker2d-v4,3,20,1,klb10,mass_0p1,/home/users/am1015/rl_runs_td3_walker_kl_20260703_td3_kl_softrobust_5seed_rerun/Walker2d-v4__td3_kl_klb10__3__1783356319/td3_kl_klb10.cleanrl_model,/home/users/am1015/rl_runs_td3_walker_kl_20260703_td3_kl_softrobust_5seed_rerun/Walker2d-v4__td3_kl_klb10__3__1783356319/td3_kl_klb10.cleanrl_model.norm_stats.npz,1,1,1,0.0,0.0,0.0,0.0,1.0,0.1,,1.0,-1,,-1,,1.0,,1.0,1.0,2.5164544828348228,46.46260331731072,-2.958737079735133,-0.8239405800666066,-85.2516666645735,101.76638905745804,
1783521133,eval__Walker2d-v4__td3__klb10__mass_0p1__seed4__pid2750885,td3,Walker2d-v4,4,20,1,klb10,mass_0p1,/home/users/am1015/rl_runs_td3_walker_kl_20260703_td3_kl_softrobust_5seed_rerun/Walker2d-v4__td3_kl_klb10__4__1783360280/td3_kl_klb10.cleanrl_model,/home/users/am1015/rl_runs_td3_walker_kl_20260703_td3_kl_softrobust_5seed_rerun/Walker2d-v4__td3_kl_klb10__4__1783360280/td3_kl_klb10.cleanrl_model.norm_stats.npz,1,1,1,0.0,0.0,0.0,0.0,1.0,0.1,,1.0,-1,,-1,,1.0,,1.0,1.0,32.6973010620016,54.20664194347806,14.127959441740362,14.587770401260446,-46.43691297523245,170.8239916085516,
1783521136,eval__Walker2d-v4__td3__klb10__mass_0p1__seed5__pid2750983,td3,Walker2d-v4,5,20,1,klb10,mass_0p1,/home/users/am1015/rl_runs_td3_walker_kl_20260703_td3_kl_softrobust_5seed_rerun/Walker2d-v4__td3_kl_klb10__5__1783378555/td3_kl_klb10.cleanrl_model,/home/users/am1015/rl_runs_td3_walker_kl_20260703_td3_kl_softrobust_5seed_rerun/Walker2d-v4__td3_kl_klb10__5__1783378555/td3_kl_klb10.cleanrl_model.norm_stats.npz,1,1,1,0.0,0.0,0.0,0.0,1.0,0.1,,1.0,-1,,-1,,1.0,,1.0,1.0,163.3662427898832,161.00261283329695,113.12522849856164,108.35028526950028,-42.62893243078736,492.1586206025998,
1783521139,eval__Walker2d-v4__td3__klb10__mass_0p2__seed1__pid2751069,td3,Walker2d-v4,1,20,1,klb10,mass_0p2,/home/users/am1015/rl_runs_td3_walker_kl_20260703_td3_kl_softrobust_5seed_rerun/Walker2d-v4__td3_kl_klb10__1__1783355718/td3_kl_klb10.cleanrl_model,/home/users/am1015/rl_runs_td3_walker_kl_20260703_td3_kl_softrobust_5seed_rerun/Walker2d-v4__td3_kl_klb10__1__1783355718/td3_kl_klb10.cleanrl_model.norm_stats.npz,1,1,1,0.0,0.0,0.0,0.0,1.0,0.2,,1.0,-1,,-1,,1.0,,1.0,1.0,278.6891335784987,97.11617230931516,313.3485012889055,296.6573526493814,37.12662675711266,397.3884158983884,
1783521142,eval__Walker2d-v4__td3__klb10__mass_0p2__seed2__pid2751151,td3,Walker2d-v4,2,20,1,klb10,mass_0p2,/home/users/am1015/rl_runs_td3_walker_kl_20260703_td3_kl_softrobust_5seed_rerun/Walker2d-v4__td3_kl_klb10__2__1783356169/td3_kl_klb10.cleanrl_model,/home/users/am1015/rl_runs_td3_walker_kl_20260703_td3_kl_softrobust_5seed_rerun/Walker2d-v4__td3_kl_klb10__2__1783356169/td3_kl_klb10.cleanrl_model.norm_stats.npz,1,1,1,0.0,0.0,0.0,0.0,1.0,0.2,,1.0,-1,,-1,,1.0,,1.0,1.0,43.27754266713929,40.67887668501785,30.68686762382726,32.565753245962625,19.559254735963428,203.17783040760236,
1783521145,eval__Walker2d-v4__td3__klb10__mass_0p2__seed3__pid2751231,td3,Walker2d-v4,3,20,1,klb10,mass_0p2,/home/users/am1015/rl_runs_td3_walker_kl_20260703_td3_kl_softrobust_5seed_rerun/Walker2d-v4__td3_kl_klb10__3__1783356319/td3_kl_klb10.cleanrl_model,/home/users/am1015/rl_runs_td3_walker_kl_20260703_td3_kl_softrobust_5seed_rerun/Walker2d-v4__td3_kl_klb10__3__1783356319/td3_kl_klb10.cleanrl_model.norm_stats.npz,1,1,1,0.0,0.0,0.0,0.0,1.0,0.2,,1.0,-1,,-1,,1.0,,1.0,1.0,-23.302468644888457,29.070442046272408,-21.54358696639729,-21.826223456612247,-94.56508706240544,53.03568094636663,
1783521148,eval__Walker2d-v4__td3__klb10__mass_0p2__seed4__pid2751325,td3,Walker2d-v4,4,20,1,klb10,mass_0p2,/home/users/am1015/rl_runs_td3_walker_kl_20260703_td3_kl_softrobust_5seed_rerun/Walker2d-v4__td3_kl_klb10__4__1783360280/td3_kl_klb10.cleanrl_model,/home/users/am1015/rl_runs_td3_walker_kl_20260703_td3_kl_softrobust_5seed_rerun/Walker2d-v4__td3_kl_klb10__4__1783360280/td3_kl_klb10.cleanrl_model.norm_stats.npz,1,1,1,0.0,0.0,0.0,0.0,1.0,0.2,,1.0,-1,,-1,,1.0,,1.0,1.0,100.95105753022531,94.19386123301985,96.08465995472896,98.63657466626844,-74.68500709758312,389.7910336322017,
1783521151,eval__Walker2d-v4__td3__klb10__mass_0p2__seed5__pid2751440,td3,Walker2d-v4,5,20,1,klb10,mass_0p2,/home/users/am1015/rl_runs_td3_walker_kl_20260703_td3_kl_softrobust_5seed_rerun/Walker2d-v4__td3_kl_klb10__5__1783378555/td3_kl_klb10.cleanrl_model,/home/users/am1015/rl_runs_td3_walker_kl_20260703_td3_kl_softrobust_5seed_rerun/Walker2d-v4__td3_kl_klb10__5__1783378555/td3_kl_klb10.cleanrl_model.norm_stats.npz,1,1,1,0.0,0.0,0.0,0.0,1.0,0.2,,1.0,-1,,-1,,1.0,,1.0,1.0,156.6762742241381,134.1573813120742,117.53287621047468,117.080836816166,-19.784903613369096,448.0328062385252,
1783521156,eval__Walker2d-v4__td3__klb10__mass_0p3__seed1__pid2751512,td3,Walker2d-v4,1,20,1,klb10,mass_0p3,/home/users/am1015/rl_runs_td3_walker_kl_20260703_td3_kl_softrobust_5seed_rerun/Walker2d-v4__td3_kl_klb10__1__1783355718/td3_kl_klb10.cleanrl_model,/home/users/am1015/rl_runs_td3_walker_kl_20260703_td3_kl_softrobust_5seed_rerun/Walker2d-v4__td3_kl_klb10__1__1783355718/td3_kl_klb10.cleanrl_model.norm_stats.npz,1,1,1,0.0,0.0,0.0,0.0,1.0,0.3,,1.0,-1,,-1,,1.0,,1.0,1.0,428.78701796090206,190.258643500544,381.9390404926071,388.2344010333151,226.27524651004748,1181.2287780335428,
1783521159,eval__Walker2d-v4__td3__klb10__mass_0p3__seed2__pid2751621,td3,Walker2d-v4,2,20,1,klb10,mass_0p3,/home/users/am1015/rl_runs_td3_walker_kl_20260703_td3_kl_softrobust_5seed_rerun/Walker2d-v4__td3_kl_klb10__2__1783356169/td3_kl_klb10.cleanrl_model,/home/users/am1015/rl_runs_td3_walker_kl_20260703_td3_kl_softrobust_5seed_rerun/Walker2d-v4__td3_kl_klb10__2__1783356169/td3_kl_klb10.cleanrl_model.norm_stats.npz,1,1,1,0.0,0.0,0.0,0.0,1.0,0.3,,1.0,-1,,-1,,1.0,,1.0,1.0,90.568823950021,106.77166647456914,48.1355819105376,52.31764082329524,29.983646671775656,468.01229542118426,
1783521162,eval__Walker2d-v4__td3__klb10__mass_0p3__seed3__pid2751694,td3,Walker2d-v4,3,20,1,klb10,mass_0p3,/home/users/am1015/rl_runs_td3_walker_kl_20260703_td3_kl_softrobust_5seed_rerun/Walker2d-v4__td3_kl_klb10__3__1783356319/td3_kl_klb10.cleanrl_model,/home/users/am1015/rl_runs_td3_walker_kl_20260703_td3_kl_softrobust_5seed_rerun/Walker2d-v4__td3_kl_klb10__3__1783356319/td3_kl_klb10.cleanrl_model.norm_stats.npz,1,1,1,0.0,0.0,0.0,0.0,1.0,0.3,,1.0,-1,,-1,,1.0,,1.0,1.0,84.10627845995805,131.12958283099087,22.92970104854426,36.31021275784229,-16.893778625623135,361.0751754416863,
1783521166,eval__Walker2d-v4__td3__klb10__mass_0p3__seed4__pid2751814,td3,Walker2d-v4,4,20,1,klb10,mass_0p3,/home/users/am1015/rl_runs_td3_walker_kl_20260703_td3_kl_softrobust_5seed_rerun/Walker2d-v4__td3_kl_klb10__4__1783360280/td3_kl_klb10.cleanrl_model,/home/users/am1015/rl_runs_td3_walker_kl_20260703_td3_kl_softrobust_5seed_rerun/Walker2d-v4__td3_kl_klb10__4__1783360280/td3_kl_klb10.cleanrl_model.norm_stats.npz,1,1,1,0.0,0.0,0.0,0.0,1.0,0.3,,1.0,-1,,-1,,1.0,,1.0,1.0,305.951951756248,265.7599021612858,249.3144765593768,242.63950164566296,-220.6420390421252,913.6113594709524,
1783521170,eval__Walker2d-v4__td3__klb10__mass_0p3__seed5__pid2751921,td3,Walker2d-v4,5,20,1,klb10,mass_0p3,/home/users/am1015/rl_runs_td3_walker_kl_20260703_td3_kl_softrobust_5seed_rerun/Walker2d-v4__td3_kl_klb10__5__1783378555/td3_kl_klb10.cleanrl_model,/home/users/am1015/rl_runs_td3_walker_kl_20260703_td3_kl_softrobust_5seed_rerun/Walker2d-v4__td3_kl_klb10__5__1783378555/td3_kl_klb10.cleanrl_model.norm_stats.npz,1,1,1,0.0,0.0,0.0,0.0,1.0,0.3,,1.0,-1,,-1,,1.0,,1.0,1.0,325.0886254797964,303.0769908564919,226.8486419144228,268.15876837668395,21.161597662546647,1173.0464301781035,
1783521176,eval__Walker2d-v4__td3__klb10__mass_0p4__seed1__pid2752033,td3,Walker2d-v4,1,20,1,klb10,mass_0p4,/home/users/am1015/rl_runs_td3_walker_kl_20260703_td3_kl_softrobust_5seed_rerun/Walker2d-v4__td3_kl_klb10__1__1783355718/td3_kl_klb10.cleanrl_model,/home/users/am1015/rl_runs_td3_walker_kl_20260703_td3_kl_softrobust_5seed_rerun/Walker2d-v4__td3_kl_klb10__1__1783355718/td3_kl_klb10.cleanrl_model.norm_stats.npz,1,1,1,0.0,0.0,0.0,0.0,1.0,0.4,,1.0,-1,,-1,,1.0,,1.0,1.0,996.551673880442,559.6362748201093,791.6882508514412,863.3454250546496,442.32155417756746,2153.054744852062,
1783521180,eval__Walker2d-v4__td3__klb10__mass_0p4__seed2__pid2752211,td3,Walker2d-v4,2,20,1,klb10,mass_0p4,/home/users/am1015/rl_runs_td3_walker_kl_20260703_td3_kl_softrobust_5seed_rerun/Walker2d-v4__td3_kl_klb10__2__1783356169/td3_kl_klb10.cleanrl_model,/home/users/am1015/rl_runs_td3_walker_kl_20260703_td3_kl_softrobust_5seed_rerun/Walker2d-v4__td3_kl_klb10__2__1783356169/td3_kl_klb10.cleanrl_model.norm_stats.npz,1,1,1,0.0,0.0,0.0,0.0,1.0,0.4,,1.0,-1,,-1,,1.0,,1.0,1.0,166.7370556950591,103.5690442230619,128.7128930843956,133.2129754299454,68.21477340170091,524.2944443789835,
1783521183,eval__Walker2d-v4__td3__klb10__mass_0p4__seed3__pid2752295,td3,Walker2d-v4,3,20,1,klb10,mass_0p4,/home/users/am1015/rl_runs_td3_walker_kl_20260703_td3_kl_softrobust_5seed_rerun/Walker2d-v4__td3_kl_klb10__3__1783356319/td3_kl_klb10.cleanrl_model,/home/users/am1015/rl_runs_td3_walker_kl_20260703_td3_kl_softrobust_5seed_rerun/Walker2d-v4__td3_kl_klb10__3__1783356319/td3_kl_klb10.cleanrl_model.norm_stats.npz,1,1,1,0.0,0.0,0.0,0.0,1.0,0.4,,1.0,-1,,-1,,1.0,,1.0,1.0,24.023138668206805,102.81786832204456,-13.93138433606639,-13.47514052295993,-17.063145272680476,428.3532645866848,
1783521187,eval__Walker2d-v4__td3__klb10__mass_0p4__seed4__pid2752379,td3,Walker2d-v4,4,20,1,klb10,mass_0p4,/home/users/am1015/rl_runs_td3_walker_kl_20260703_td3_kl_softrobust_5seed_rerun/Walker2d-v4__td3_kl_klb10__4__1783360280/td3_kl_klb10.cleanrl_model,/home/users/am1015/rl_runs_td3_walker_kl_20260703_td3_kl_softrobust_5seed_rerun/Walker2d-v4__td3_kl_klb10__4__1783360280/td3_kl_klb10.cleanrl_model.norm_stats.npz,1,1,1,0.0,0.0,0.0,0.0,1.0,0.4,,1.0,-1,,-1,,1.0,,1.0,1.0,361.6882599609052,163.54728920760374,307.1357982602066,340.887127338003,132.5734527196647,791.8647067694923,
1783521190,eval__Walker2d-v4__td3__klb10__mass_0p4__seed5__pid2752486,td3,Walker2d-v4,5,20,1,klb10,mass_0p4,/home/users/am1015/rl_runs_td3_walker_kl_20260703_td3_kl_softrobust_5seed_rerun/Walker2d-v4__td3_kl_klb10__5__1783378555/td3_kl_klb10.cleanrl_model,/home/users/am1015/rl_runs_td3_walker_kl_20260703_td3_kl_softrobust_5seed_rerun/Walker2d-v4__td3_kl_klb10__5__1783378555/td3_kl_klb10.cleanrl_model.norm_stats.npz,1,1,1,0.0,0.0,0.0,0.0,1.0,0.4,,1.0,-1,,-1,,1.0,,1.0,1.0,237.17375873601708,249.19718766488404,93.16640277770964,134.0922222088851,55.33859661896388,803.3518436871104,
1783521197,eval__Walker2d-v4__td3__klb10__mass_0p5__seed1__pid2752582,td3,Walker2d-v4,1,20,1,klb10,mass_0p5,/home/users/am1015/rl_runs_td3_walker_kl_20260703_td3_kl_softrobust_5seed_rerun/Walker2d-v4__td3_kl_klb10__1__1783355718/td3_kl_klb10.cleanrl_model,/home/users/am1015/rl_runs_td3_walker_kl_20260703_td3_kl_softrobust_5seed_rerun/Walker2d-v4__td3_kl_klb10__1__1783355718/td3_kl_klb10.cleanrl_model.norm_stats.npz,1,1,1,0.0,0.0,0.0,0.0,1.0,0.5,,1.0,-1,,-1,,1.0,,1.0,1.0,1576.253710407415,550.3233260989001,1593.7383703894557,1544.0301968679846,771.9393892285237,2603.120071506952,
1783521201,eval__Walker2d-v4__td3__klb10__mass_0p5__seed2__pid2752752,td3,Walker2d-v4,2,20,1,klb10,mass_0p5,/home/users/am1015/rl_runs_td3_walker_kl_20260703_td3_kl_softrobust_5seed_rerun/Walker2d-v4__td3_kl_klb10__2__1783356169/td3_kl_klb10.cleanrl_model,/home/users/am1015/rl_runs_td3_walker_kl_20260703_td3_kl_softrobust_5seed_rerun/Walker2d-v4__td3_kl_klb10__2__1783356169/td3_kl_klb10.cleanrl_model.norm_stats.npz,1,1,1,0.0,0.0,0.0,0.0,1.0,0.5,,1.0,-1,,-1,,1.0,,1.0,1.0,227.43903156163145,322.0129530101148,118.84051489642684,121.41969079336847,103.88247678708836,1391.258322489982,
1783521205,eval__Walker2d-v4__td3__klb10__mass_0p5__seed3__pid2752860,td3,Walker2d-v4,3,20,1,klb10,mass_0p5,/home/users/am1015/rl_runs_td3_walker_kl_20260703_td3_kl_softrobust_5seed_rerun/Walker2d-v4__td3_kl_klb10__3__1783356319/td3_kl_klb10.cleanrl_model,/home/users/am1015/rl_runs_td3_walker_kl_20260703_td3_kl_softrobust_5seed_rerun/Walker2d-v4__td3_kl_klb10__3__1783356319/td3_kl_klb10.cleanrl_model.norm_stats.npz,1,1,1,0.0,0.0,0.0,0.0,1.0,0.5,,1.0,-1,,-1,,1.0,,1.0,1.0,128.67489019548833,143.7829536319497,125.84035089081664,112.16368858860776,-28.17272570006804,600.6673652572051,
1783521208,eval__Walker2d-v4__td3__klb10__mass_0p5__seed4__pid2752933,td3,Walker2d-v4,4,20,1,klb10,mass_0p5,/home/users/am1015/rl_runs_td3_walker_kl_20260703_td3_kl_softrobust_5seed_rerun/Walker2d-v4__td3_kl_klb10__4__1783360280/td3_kl_klb10.cleanrl_model,/home/users/am1015/rl_runs_td3_walker_kl_20260703_td3_kl_softrobust_5seed_rerun/Walker2d-v4__td3_kl_klb10__4__1783360280/td3_kl_klb10.cleanrl_model.norm_stats.npz,1,1,1,0.0,0.0,0.0,0.0,1.0,0.5,,1.0,-1,,-1,,1.0,,1.0,1.0,353.225918256736,192.7464287929501,301.10324618904303,307.0484238111418,73.70358885269319,912.3774595348684,
1783521213,eval__Walker2d-v4__td3__klb10__mass_0p5__seed5__pid2753077,td3,Walker2d-v4,5,20,1,klb10,mass_0p5,/home/users/am1015/rl_runs_td3_walker_kl_20260703_td3_kl_softrobust_5seed_rerun/Walker2d-v4__td3_kl_klb10__5__1783378555/td3_kl_klb10.cleanrl_model,/home/users/am1015/rl_runs_td3_walker_kl_20260703_td3_kl_softrobust_5seed_rerun/Walker2d-v4__td3_kl_klb10__5__1783378555/td3_kl_klb10.cleanrl_model.norm_stats.npz,1,1,1,0.0,0.0,0.0,0.0,1.0,0.5,,1.0,-1,,-1,,1.0,,1.0,1.0,346.8327690636576,265.3791822008505,286.3350330565321,308.6561534449556,63.59773568966512,1096.3359365770282,
1783521219,eval__Walker2d-v4__td3__klb10__mass_0p6__seed1__pid2753186,td3,Walker2d-v4,1,20,1,klb10,mass_0p6,/home/users/am1015/rl_runs_td3_walker_kl_20260703_td3_kl_softrobust_5seed_rerun/Walker2d-v4__td3_kl_klb10__1__1783355718/td3_kl_klb10.cleanrl_model,/home/users/am1015/rl_runs_td3_walker_kl_20260703_td3_kl_softrobust_5seed_rerun/Walker2d-v4__td3_kl_klb10__1__1783355718/td3_kl_klb10.cleanrl_model.norm_stats.npz,1,1,1,0.0,0.0,0.0,0.0,1.0,0.6,,1.0,-1,,-1,,1.0,,1.0,1.0,1711.5130724436797,370.9438618949863,1638.9815511527815,1671.7773058768355,1151.9566622621549,2446.949922867821,
1783521223,eval__Walker2d-v4__td3__klb10__mass_0p6__seed2__pid2753318,td3,Walker2d-v4,2,20,1,klb10,mass_0p6,/home/users/am1015/rl_runs_td3_walker_kl_20260703_td3_kl_softrobust_5seed_rerun/Walker2d-v4__td3_kl_klb10__2__1783356169/td3_kl_klb10.cleanrl_model,/home/users/am1015/rl_runs_td3_walker_kl_20260703_td3_kl_softrobust_5seed_rerun/Walker2d-v4__td3_kl_klb10__2__1783356169/td3_kl_klb10.cleanrl_model.norm_stats.npz,1,1,1,0.0,0.0,0.0,0.0,1.0,0.6,,1.0,-1,,-1,,1.0,,1.0,1.0,159.15527237039,169.18349510313843,105.943102872428,111.4206719209587,85.06033616378491,857.0835163604147,
1783521227,eval__Walker2d-v4__td3__klb10__mass_0p6__seed3__pid2753466,td3,Walker2d-v4,3,20,1,klb10,mass_0p6,/home/users/am1015/rl_runs_td3_walker_kl_20260703_td3_kl_softrobust_5seed_rerun/Walker2d-v4__td3_kl_klb10__3__1783356319/td3_kl_klb10.cleanrl_model,/home/users/am1015/rl_runs_td3_walker_kl_20260703_td3_kl_softrobust_5seed_rerun/Walker2d-v4__td3_kl_klb10__3__1783356319/td3_kl_klb10.cleanrl_model.norm_stats.npz,1,1,1,0.0,0.0,0.0,0.0,1.0,0.6,,1.0,-1,,-1,,1.0,,1.0,1.0,92.76412887550848,99.20641406909952,73.26778048418109,72.77773151996405,-23.378423489507234,339.85945256224034,
1783521230,eval__Walker2d-v4__td3__klb10__mass_0p6__seed4__pid2753565,td3,Walker2d-v4,4,20,1,klb10,mass_0p6,/home/users/am1015/rl_runs_td3_walker_kl_20260703_td3_kl_softrobust_5seed_rerun/Walker2d-v4__td3_kl_klb10__4__1783360280/td3_kl_klb10.cleanrl_model,/home/users/am1015/rl_runs_td3_walker_kl_20260703_td3_kl_softrobust_5seed_rerun/Walker2d-v4__td3_kl_klb10__4__1783360280/td3_kl_klb10.cleanrl_model.norm_stats.npz,1,1,1,0.0,0.0,0.0,0.0,1.0,0.6,,1.0,-1,,-1,,1.0,,1.0,1.0,412.6285067247606,224.510495079138,330.07302440201283,341.0328072193788,189.14266434646143,1058.989639114782,
1783521234,eval__Walker2d-v4__td3__klb10__mass_0p6__seed5__pid2753674,td3,Walker2d-v4,5,20,1,klb10,mass_0p6,/home/users/am1015/rl_runs_td3_walker_kl_20260703_td3_kl_softrobust_5seed_rerun/Walker2d-v4__td3_kl_klb10__5__1783378555/td3_kl_klb10.cleanrl_model,/home/users/am1015/rl_runs_td3_walker_kl_20260703_td3_kl_softrobust_5seed_rerun/Walker2d-v4__td3_kl_klb10__5__1783378555/td3_kl_klb10.cleanrl_model.norm_stats.npz,1,1,1,0.0,0.0,0.0,0.0,1.0,0.6,,1.0,-1,,-1,,1.0,,1.0,1.0,276.68072786083854,203.02793878204412,218.1052339038735,242.85782594863585,59.82392899164546,717.6079232406555,
1783521239,eval__Walker2d-v4__td3__klb10__mass_0p7__seed1__pid2753763,td3,Walker2d-v4,1,20,1,klb10,mass_0p7,/home/users/am1015/rl_runs_td3_walker_kl_20260703_td3_kl_softrobust_5seed_rerun/Walker2d-v4__td3_kl_klb10__1__1783355718/td3_kl_klb10.cleanrl_model,/home/users/am1015/rl_runs_td3_walker_kl_20260703_td3_kl_softrobust_5seed_rerun/Walker2d-v4__td3_kl_klb10__1__1783355718/td3_kl_klb10.cleanrl_model.norm_stats.npz,1,1,1,0.0,0.0,0.0,0.0,1.0,0.7,,1.0,-1,,-1,,1.0,,1.0,1.0,1034.0537590923236,99.56931127822568,1012.383670705851,1010.32598962808,932.6440108253058,1330.8844432406863,
1783521243,eval__Walker2d-v4__td3__klb10__mass_0p7__seed2__pid2754100,td3,Walker2d-v4,2,20,1,klb10,mass_0p7,/home/users/am1015/rl_runs_td3_walker_kl_20260703_td3_kl_softrobust_5seed_rerun/Walker2d-v4__td3_kl_klb10__2__1783356169/td3_kl_klb10.cleanrl_model,/home/users/am1015/rl_runs_td3_walker_kl_20260703_td3_kl_softrobust_5seed_rerun/Walker2d-v4__td3_kl_klb10__2__1783356169/td3_kl_klb10.cleanrl_model.norm_stats.npz,1,1,1,0.0,0.0,0.0,0.0,1.0,0.7,,1.0,-1,,-1,,1.0,,1.0,1.0,346.2216875198216,289.7066844050342,189.05505145971372,224.673126915218,106.88582127825292,1024.9696954525257,
1783521248,eval__Walker2d-v4__td3__klb10__mass_0p7__seed3__pid2754234,td3,Walker2d-v4,3,20,1,klb10,mass_0p7,/home/users/am1015/rl_runs_td3_walker_kl_20260703_td3_kl_softrobust_5seed_rerun/Walker2d-v4__td3_kl_klb10__3__1783356319/td3_kl_klb10.cleanrl_model,/home/users/am1015/rl_runs_td3_walker_kl_20260703_td3_kl_softrobust_5seed_rerun/Walker2d-v4__td3_kl_klb10__3__1783356319/td3_kl_klb10.cleanrl_model.norm_stats.npz,1,1,1,0.0,0.0,0.0,0.0,1.0,0.7,,1.0,-1,,-1,,1.0,,1.0,1.0,286.837769217498,335.38077991395045,96.87953236446668,134.27337667032538,23.69551030769594,921.3739321063272,
1783521253,eval__Walker2d-v4__td3__klb10__mass_0p7__seed4__pid2754357,td3,Walker2d-v4,4,20,1,klb10,mass_0p7,/home/users/am1015/rl_runs_td3_walker_kl_20260703_td3_kl_softrobust_5seed_rerun/Walker2d-v4__td3_kl_klb10__4__1783360280/td3_kl_klb10.cleanrl_model,/home/users/am1015/rl_runs_td3_walker_kl_20260703_td3_kl_softrobust_5seed_rerun/Walker2d-v4__td3_kl_klb10__4__1783360280/td3_kl_klb10.cleanrl_model.norm_stats.npz,1,1,1,0.0,0.0,0.0,0.0,1.0,0.7,,1.0,-1,,-1,,1.0,,1.0,1.0,628.8803312924097,301.88549902568974,500.2369680241033,542.7850609076638,346.4598598676678,1551.525287833432,
1783521256,eval__Walker2d-v4__td3__klb10__mass_0p7__seed5__pid2754529,td3,Walker2d-v4,5,20,1,klb10,mass_0p7,/home/users/am1015/rl_runs_td3_walker_kl_20260703_td3_kl_softrobust_5seed_rerun/Walker2d-v4__td3_kl_klb10__5__1783378555/td3_kl_klb10.cleanrl_model,/home/users/am1015/rl_runs_td3_walker_kl_20260703_td3_kl_softrobust_5seed_rerun/Walker2d-v4__td3_kl_klb10__5__1783378555/td3_kl_klb10.cleanrl_model.norm_stats.npz,1,1,1,0.0,0.0,0.0,0.0,1.0,0.7,,1.0,-1,,-1,,1.0,,1.0,1.0,275.93353025704926,171.84930252774203,278.3566512947504,263.32468319493535,74.72215134190851,709.1169096058985,
1783521261,eval__Walker2d-v4__td3__klb10__mass_0p8__seed1__pid2754614,td3,Walker2d-v4,1,20,1,klb10,mass_0p8,/home/users/am1015/rl_runs_td3_walker_kl_20260703_td3_kl_softrobust_5seed_rerun/Walker2d-v4__td3_kl_klb10__1__1783355718/td3_kl_klb10.cleanrl_model,/home/users/am1015/rl_runs_td3_walker_kl_20260703_td3_kl_softrobust_5seed_rerun/Walker2d-v4__td3_kl_klb10__1__1783355718/td3_kl_klb10.cleanrl_model.norm_stats.npz,1,1,1,0.0,0.0,0.0,0.0,1.0,0.8,,1.0,-1,,-1,,1.0,,1.0,1.0,878.8046227031007,51.31905675261573,880.458501241874,877.9818014887154,753.976350845458,1001.7710496118164,
1783521265,eval__Walker2d-v4__td3__klb10__mass_0p8__seed2__pid2754722,td3,Walker2d-v4,2,20,1,klb10,mass_0p8,/home/users/am1015/rl_runs_td3_walker_kl_20260703_td3_kl_softrobust_5seed_rerun/Walker2d-v4__td3_kl_klb10__2__1783356169/td3_kl_klb10.cleanrl_model,/home/users/am1015/rl_runs_td3_walker_kl_20260703_td3_kl_softrobust_5seed_rerun/Walker2d-v4__td3_kl_klb10__2__1783356169/td3_kl_klb10.cleanrl_model.norm_stats.npz,1,1,1,0.0,0.0,0.0,0.0,1.0,0.8,,1.0,-1,,-1,,1.0,,1.0,1.0,723.6840494033634,180.7672020136941,747.6584077842559,744.4474651007649,211.13050235772,1153.8407415492984,
1783521273,eval__Walker2d-v4__td3__klb10__mass_0p8__seed3__pid2754848,td3,Walker2d-v4,3,20,1,klb10,mass_0p8,/home/users/am1015/rl_runs_td3_walker_kl_20260703_td3_kl_softrobust_5seed_rerun/Walker2d-v4__td3_kl_klb10__3__1783356319/td3_kl_klb10.cleanrl_model,/home/users/am1015/rl_runs_td3_walker_kl_20260703_td3_kl_softrobust_5seed_rerun/Walker2d-v4__td3_kl_klb10__3__1783356319/td3_kl_klb10.cleanrl_model.norm_stats.npz,1,1,1,0.0,0.0,0.0,0.0,1.0,0.8,,1.0,-1,,-1,,1.0,,1.0,1.0,586.5819585899915,387.5906391141476,896.5264247339767,658.6730507070686,66.73193051877509,930.9204433686627,
1783521278,eval__Walker2d-v4__td3__klb10__mass_0p8__seed4__pid2755074,td3,Walker2d-v4,4,20,1,klb10,mass_0p8,/home/users/am1015/rl_runs_td3_walker_kl_20260703_td3_kl_softrobust_5seed_rerun/Walker2d-v4__td3_kl_klb10__4__1783360280/td3_kl_klb10.cleanrl_model,/home/users/am1015/rl_runs_td3_walker_kl_20260703_td3_kl_softrobust_5seed_rerun/Walker2d-v4__td3_kl_klb10__4__1783360280/td3_kl_klb10.cleanrl_model.norm_stats.npz,1,1,1,0.0,0.0,0.0,0.0,1.0,0.8,,1.0,-1,,-1,,1.0,,1.0,1.0,807.9614684897282,341.6285653126397,722.3895088143286,747.4871169439499,410.4540067262916,1886.3205638780423,
1783521282,eval__Walker2d-v4__td3__klb10__mass_0p8__seed5__pid2755722,td3,Walker2d-v4,5,20,1,klb10,mass_0p8,/home/users/am1015/rl_runs_td3_walker_kl_20260703_td3_kl_softrobust_5seed_rerun/Walker2d-v4__td3_kl_klb10__5__1783378555/td3_kl_klb10.cleanrl_model,/home/users/am1015/rl_runs_td3_walker_kl_20260703_td3_kl_softrobust_5seed_rerun/Walker2d-v4__td3_kl_klb10__5__1783378555/td3_kl_klb10.cleanrl_model.norm_stats.npz,1,1,1,0.0,0.0,0.0,0.0,1.0,0.8,,1.0,-1,,-1,,1.0,,1.0,1.0,411.87201940697713,227.55808030264092,382.0879128558067,381.55888190378784,126.17974333885566,1196.427847826054,
1783521286,eval__Walker2d-v4__td3__klb10__mass_0p9__seed1__pid2755870,td3,Walker2d-v4,1,20,1,klb10,mass_0p9,/home/users/am1015/rl_runs_td3_walker_kl_20260703_td3_kl_softrobust_5seed_rerun/Walker2d-v4__td3_kl_klb10__1__1783355718/td3_kl_klb10.cleanrl_model,/home/users/am1015/rl_runs_td3_walker_kl_20260703_td3_kl_softrobust_5seed_rerun/Walker2d-v4__td3_kl_klb10__1__1783355718/td3_kl_klb10.cleanrl_model.norm_stats.npz,1,1,1,0.0,0.0,0.0,0.0,1.0,0.9,,1.0,-1,,-1,,1.0,,1.0,1.0,700.9116474858779,16.18210360055965,702.2517462437243,700.229060984555,676.9530673902296,738.0783477668303,
1783521290,eval__Walker2d-v4__td3__klb10__mass_0p9__seed2__pid2755993,td3,Walker2d-v4,2,20,1,klb10,mass_0p9,/home/users/am1015/rl_runs_td3_walker_kl_20260703_td3_kl_softrobust_5seed_rerun/Walker2d-v4__td3_kl_klb10__2__1783356169/td3_kl_klb10.cleanrl_model,/home/users/am1015/rl_runs_td3_walker_kl_20260703_td3_kl_softrobust_5seed_rerun/Walker2d-v4__td3_kl_klb10__2__1783356169/td3_kl_klb10.cleanrl_model.norm_stats.npz,1,1,1,0.0,0.0,0.0,0.0,1.0,0.9,,1.0,-1,,-1,,1.0,,1.0,1.0,500.446364554597,31.026613470933533,487.9256614735605,489.3182953332176,472.2438537088029,590.8674566720538,
1783521297,eval__Walker2d-v4__td3__klb10__mass_0p9__seed3__pid2756103,td3,Walker2d-v4,3,20,1,klb10,mass_0p9,/home/users/am1015/rl_runs_td3_walker_kl_20260703_td3_kl_softrobust_5seed_rerun/Walker2d-v4__td3_kl_klb10__3__1783356319/td3_kl_klb10.cleanrl_model,/home/users/am1015/rl_runs_td3_walker_kl_20260703_td3_kl_softrobust_5seed_rerun/Walker2d-v4__td3_kl_klb10__3__1783356319/td3_kl_klb10.cleanrl_model.norm_stats.npz,1,1,1,0.0,0.0,0.0,0.0,1.0,0.9,,1.0,-1,,-1,,1.0,,1.0,1.0,580.569593052451,402.33365352846783,919.0268509712134,659.0914141162315,72.15532131142884,933.29410903044,
1783521300,eval__Walker2d-v4__td3__klb10__mass_0p9__seed4__pid2756326,td3,Walker2d-v4,4,20,1,klb10,mass_0p9,/home/users/am1015/rl_runs_td3_walker_kl_20260703_td3_kl_softrobust_5seed_rerun/Walker2d-v4__td3_kl_klb10__4__1783360280/td3_kl_klb10.cleanrl_model,/home/users/am1015/rl_runs_td3_walker_kl_20260703_td3_kl_softrobust_5seed_rerun/Walker2d-v4__td3_kl_klb10__4__1783360280/td3_kl_klb10.cleanrl_model.norm_stats.npz,1,1,1,0.0,0.0,0.0,0.0,1.0,0.9,,1.0,-1,,-1,,1.0,,1.0,1.0,463.3461286843253,48.38397669909882,447.7647951397482,459.3651524465836,390.2334738898398,560.509462553678,
1783521304,eval__Walker2d-v4__td3__klb10__mass_0p9__seed5__pid2756441,td3,Walker2d-v4,5,20,1,klb10,mass_0p9,/home/users/am1015/rl_runs_td3_walker_kl_20260703_td3_kl_softrobust_5seed_rerun/Walker2d-v4__td3_kl_klb10__5__1783378555/td3_kl_klb10.cleanrl_model,/home/users/am1015/rl_runs_td3_walker_kl_20260703_td3_kl_softrobust_5seed_rerun/Walker2d-v4__td3_kl_klb10__5__1783378555/td3_kl_klb10.cleanrl_model.norm_stats.npz,1,1,1,0.0,0.0,0.0,0.0,1.0,0.9,,1.0,-1,,-1,,1.0,,1.0,1.0,364.8114225211392,194.9122438039636,334.4238791212947,330.2070231515553,144.25046249223837,1065.2217915672031,
1783521308,eval__Walker2d-v4__td3__klb10__mass_1p0__seed1__pid2756547,td3,Walker2d-v4,1,20,1,klb10,mass_1p0,/home/users/am1015/rl_runs_td3_walker_kl_20260703_td3_kl_softrobust_5seed_rerun/Walker2d-v4__td3_kl_klb10__1__1783355718/td3_kl_klb10.cleanrl_model,/home/users/am1015/rl_runs_td3_walker_kl_20260703_td3_kl_softrobust_5seed_rerun/Walker2d-v4__td3_kl_klb10__1__1783355718/td3_kl_klb10.cleanrl_model.norm_stats.npz,1,1,1,0.0,0.0,0.0,0.0,1.0,1.0,,1.0,-1,,-1,,1.0,,1.0,1.0,581.5543053535447,37.50565455802657,559.5654640252465,567.6958275720597,548.4052407301479,644.1130671279926,
1783521312,eval__Walker2d-v4__td3__klb10__mass_1p0__seed2__pid2756668,td3,Walker2d-v4,2,20,1,klb10,mass_1p0,/home/users/am1015/rl_runs_td3_walker_kl_20260703_td3_kl_softrobust_5seed_rerun/Walker2d-v4__td3_kl_klb10__2__1783356169/td3_kl_klb10.cleanrl_model,/home/users/am1015/rl_runs_td3_walker_kl_20260703_td3_kl_softrobust_5seed_rerun/Walker2d-v4__td3_kl_klb10__2__1783356169/td3_kl_klb10.cleanrl_model.norm_stats.npz,1,1,1,0.0,0.0,0.0,0.0,1.0,1.0,,1.0,-1,,-1,,1.0,,1.0,1.0,575.889812745708,44.97494949790895,585.5361466427969,582.1899255241171,480.14183353684166,655.2513515282634,
1783521319,eval__Walker2d-v4__td3__klb10__mass_1p0__seed3__pid2756813,td3,Walker2d-v4,3,20,1,klb10,mass_1p0,/home/users/am1015/rl_runs_td3_walker_kl_20260703_td3_kl_softrobust_5seed_rerun/Walker2d-v4__td3_kl_klb10__3__1783356319/td3_kl_klb10.cleanrl_model,/home/users/am1015/rl_runs_td3_walker_kl_20260703_td3_kl_softrobust_5seed_rerun/Walker2d-v4__td3_kl_klb10__3__1783356319/td3_kl_klb10.cleanrl_model.norm_stats.npz,1,1,1,0.0,0.0,0.0,0.0,1.0,1.0,,1.0,-1,,-1,,1.0,,1.0,1.0,486.8509947263536,366.7773287547376,436.8502315594944,474.17828044189065,11.567986106379411,945.5412903651192,
1783521322,eval__Walker2d-v4__td3__klb10__mass_1p0__seed4__pid2756979,td3,Walker2d-v4,4,20,1,klb10,mass_1p0,/home/users/am1015/rl_runs_td3_walker_kl_20260703_td3_kl_softrobust_5seed_rerun/Walker2d-v4__td3_kl_klb10__4__1783360280/td3_kl_klb10.cleanrl_model,/home/users/am1015/rl_runs_td3_walker_kl_20260703_td3_kl_softrobust_5seed_rerun/Walker2d-v4__td3_kl_klb10__4__1783360280/td3_kl_klb10.cleanrl_model.norm_stats.npz,1,1,1,0.0,0.0,0.0,0.0,1.0,1.0,,1.0,-1,,-1,,1.0,,1.0,1.0,385.93991808261023,46.05065454387872,400.8906872825957,391.8474322701151,307.6535558030113,452.8116008313575,
1783521327,eval__Walker2d-v4__td3__klb10__mass_1p0__seed5__pid2757106,td3,Walker2d-v4,5,20,1,klb10,mass_1p0,/home/users/am1015/rl_runs_td3_walker_kl_20260703_td3_kl_softrobust_5seed_rerun/Walker2d-v4__td3_kl_klb10__5__1783378555/td3_kl_klb10.cleanrl_model,/home/users/am1015/rl_runs_td3_walker_kl_20260703_td3_kl_softrobust_5seed_rerun/Walker2d-v4__td3_kl_klb10__5__1783378555/td3_kl_klb10.cleanrl_model.norm_stats.npz,1,1,1,0.0,0.0,0.0,0.0,1.0,1.0,,1.0,-1,,-1,,1.0,,1.0,1.0,403.2166742680624,242.346516242175,315.6769479997532,322.8306776899372,207.4423410578985,1060.1775853088302,
1783521331,eval__Walker2d-v4__td3__klb10__mass_1p1__seed1__pid2757253,td3,Walker2d-v4,1,20,1,klb10,mass_1p1,/home/users/am1015/rl_runs_td3_walker_kl_20260703_td3_kl_softrobust_5seed_rerun/Walker2d-v4__td3_kl_klb10__1__1783355718/td3_kl_klb10.cleanrl_model,/home/users/am1015/rl_runs_td3_walker_kl_20260703_td3_kl_softrobust_5seed_rerun/Walker2d-v4__td3_kl_klb10__1__1783355718/td3_kl_klb10.cleanrl_model.norm_stats.npz,1,1,1,0.0,0.0,0.0,0.0,1.0,1.1,,1.0,-1,,-1,,1.0,,1.0,1.0,592.241858851985,28.36513998278817,597.0103274032888,598.8127810468283,504.9705080715799,618.7775434924191,
1783521335,eval__Walker2d-v4__td3__klb10__mass_1p1__seed2__pid2757381,td3,Walker2d-v4,2,20,1,klb10,mass_1p1,/home/users/am1015/rl_runs_td3_walker_kl_20260703_td3_kl_softrobust_5seed_rerun/Walker2d-v4__td3_kl_klb10__2__1783356169/td3_kl_klb10.cleanrl_model,/home/users/am1015/rl_runs_td3_walker_kl_20260703_td3_kl_softrobust_5seed_rerun/Walker2d-v4__td3_kl_klb10__2__1783356169/td3_kl_klb10.cleanrl_model.norm_stats.npz,1,1,1,0.0,0.0,0.0,0.0,1.0,1.1,,1.0,-1,,-1,,1.0,,1.0,1.0,586.9973539985049,37.341668629429314,585.8059336602556,585.9445747517168,523.2913360635353,663.5921230920977,
1783521341,eval__Walker2d-v4__td3__klb10__mass_1p1__seed3__pid2757743,td3,Walker2d-v4,3,20,1,klb10,mass_1p1,/home/users/am1015/rl_runs_td3_walker_kl_20260703_td3_kl_softrobust_5seed_rerun/Walker2d-v4__td3_kl_klb10__3__1783356319/td3_kl_klb10.cleanrl_model,/home/users/am1015/rl_runs_td3_walker_kl_20260703_td3_kl_softrobust_5seed_rerun/Walker2d-v4__td3_kl_klb10__3__1783356319/td3_kl_klb10.cleanrl_model.norm_stats.npz,1,1,1,0.0,0.0,0.0,0.0,1.0,1.1,,1.0,-1,,-1,,1.0,,1.0,1.0,531.4153545334426,325.3322873550217,520.8760548520097,550.4844188200028,8.083528257827519,958.1918946293029,
1783521345,eval__Walker2d-v4__td3__klb10__mass_1p1__seed4__pid2757982,td3,Walker2d-v4,4,20,1,klb10,mass_1p1,/home/users/am1015/rl_runs_td3_walker_kl_20260703_td3_kl_softrobust_5seed_rerun/Walker2d-v4__td3_kl_klb10__4__1783360280/td3_kl_klb10.cleanrl_model,/home/users/am1015/rl_runs_td3_walker_kl_20260703_td3_kl_softrobust_5seed_rerun/Walker2d-v4__td3_kl_klb10__4__1783360280/td3_kl_klb10.cleanrl_model.norm_stats.npz,1,1,1,0.0,0.0,0.0,0.0,1.0,1.1,,1.0,-1,,-1,,1.0,,1.0,1.0,385.4511779774643,26.812501572140587,394.6116765953401,391.850255386116,322.22923177782604,418.5517283117622,
1783521349,eval__Walker2d-v4__td3__klb10__mass_1p1__seed5__pid2758110,td3,Walker2d-v4,5,20,1,klb10,mass_1p1,/home/users/am1015/rl_runs_td3_walker_kl_20260703_td3_kl_softrobust_5seed_rerun/Walker2d-v4__td3_kl_klb10__5__1783378555/td3_kl_klb10.cleanrl_model,/home/users/am1015/rl_runs_td3_walker_kl_20260703_td3_kl_softrobust_5seed_rerun/Walker2d-v4__td3_kl_klb10__5__1783378555/td3_kl_klb10.cleanrl_model.norm_stats.npz,1,1,1,0.0,0.0,0.0,0.0,1.0,1.1,,1.0,-1,,-1,,1.0,,1.0,1.0,383.83119203619015,178.41787940591675,348.3945608777617,345.5750007841522,175.20674816640363,1027.1997445945108,
1783521353,eval__Walker2d-v4__td3__klb10__mass_1p3__seed1__pid2758233,td3,Walker2d-v4,1,20,1,klb10,mass_1p3,/home/users/am1015/rl_runs_td3_walker_kl_20260703_td3_kl_softrobust_5seed_rerun/Walker2d-v4__td3_kl_klb10__1__1783355718/td3_kl_klb10.cleanrl_model,/home/users/am1015/rl_runs_td3_walker_kl_20260703_td3_kl_softrobust_5seed_rerun/Walker2d-v4__td3_kl_klb10__1__1783355718/td3_kl_klb10.cleanrl_model.norm_stats.npz,1,1,1,0.0,0.0,0.0,0.0,1.0,1.3,,1.0,-1,,-1,,1.0,,1.0,1.0,504.73859044309313,31.00991153254162,509.6449377635395,507.1707730529359,459.7302539740572,544.3025921310754,
1783521357,eval__Walker2d-v4__td3__klb10__mass_1p3__seed2__pid2758347,td3,Walker2d-v4,2,20,1,klb10,mass_1p3,/home/users/am1015/rl_runs_td3_walker_kl_20260703_td3_kl_softrobust_5seed_rerun/Walker2d-v4__td3_kl_klb10__2__1783356169/td3_kl_klb10.cleanrl_model,/home/users/am1015/rl_runs_td3_walker_kl_20260703_td3_kl_softrobust_5seed_rerun/Walker2d-v4__td3_kl_klb10__2__1783356169/td3_kl_klb10.cleanrl_model.norm_stats.npz,1,1,1,0.0,0.0,0.0,0.0,1.0,1.3,,1.0,-1,,-1,,1.0,,1.0,1.0,575.197616115736,32.62009249433458,568.0043801080735,569.8620666142774,538.6187265302915,675.0427982645762,
1783521365,eval__Walker2d-v4__td3__klb10__mass_1p3__seed3__pid2758521,td3,Walker2d-v4,3,20,1,klb10,mass_1p3,/home/users/am1015/rl_runs_td3_walker_kl_20260703_td3_kl_softrobust_5seed_rerun/Walker2d-v4__td3_kl_klb10__3__1783356319/td3_kl_klb10.cleanrl_model,/home/users/am1015/rl_runs_td3_walker_kl_20260703_td3_kl_softrobust_5seed_rerun/Walker2d-v4__td3_kl_klb10__3__1783356319/td3_kl_klb10.cleanrl_model.norm_stats.npz,1,1,1,0.0,0.0,0.0,0.0,1.0,1.3,,1.0,-1,,-1,,1.0,,1.0,1.0,744.1491638036479,343.50883355419035,933.291575477544,907.6469523696994,9.424373342802566,945.0891855015234,
1783521369,eval__Walker2d-v4__td3__klb10__mass_1p3__seed4__pid2758870,td3,Walker2d-v4,4,20,1,klb10,mass_1p3,/home/users/am1015/rl_runs_td3_walker_kl_20260703_td3_kl_softrobust_5seed_rerun/Walker2d-v4__td3_kl_klb10__4__1783360280/td3_kl_klb10.cleanrl_model,/home/users/am1015/rl_runs_td3_walker_kl_20260703_td3_kl_softrobust_5seed_rerun/Walker2d-v4__td3_kl_klb10__4__1783360280/td3_kl_klb10.cleanrl_model.norm_stats.npz,1,1,1,0.0,0.0,0.0,0.0,1.0,1.3,,1.0,-1,,-1,,1.0,,1.0,1.0,398.1671528560068,15.89646045237269,398.2519989605256,397.8878746242309,374.7852215128451,422.4706945434612,
1783521373,eval__Walker2d-v4__td3__klb10__mass_1p3__seed5__pid2759061,td3,Walker2d-v4,5,20,1,klb10,mass_1p3,/home/users/am1015/rl_runs_td3_walker_kl_20260703_td3_kl_softrobust_5seed_rerun/Walker2d-v4__td3_kl_klb10__5__1783378555/td3_kl_klb10.cleanrl_model,/home/users/am1015/rl_runs_td3_walker_kl_20260703_td3_kl_softrobust_5seed_rerun/Walker2d-v4__td3_kl_klb10__5__1783378555/td3_kl_klb10.cleanrl_model.norm_stats.npz,1,1,1,0.0,0.0,0.0,0.0,1.0,1.3,,1.0,-1,,-1,,1.0,,1.0,1.0,369.4704204731552,199.80686104456225,313.2387072435195,319.1669869937969,172.62740531280284,1105.8671334531691,
1783521376,eval__Walker2d-v4__td3__klb10__mass_1p5__seed1__pid2759220,td3,Walker2d-v4,1,20,1,klb10,mass_1p5,/home/users/am1015/rl_runs_td3_walker_kl_20260703_td3_kl_softrobust_5seed_rerun/Walker2d-v4__td3_kl_klb10__1__1783355718/td3_kl_klb10.cleanrl_model,/home/users/am1015/rl_runs_td3_walker_kl_20260703_td3_kl_softrobust_5seed_rerun/Walker2d-v4__td3_kl_klb10__1__1783355718/td3_kl_klb10.cleanrl_model.norm_stats.npz,1,1,1,0.0,0.0,0.0,0.0,1.0,1.5,,1.0,-1,,-1,,1.0,,1.0,1.0,448.3211140715833,8.975399586748443,448.423411405339,448.3853048838745,431.2547732768559,462.0916786336864,
1783521380,eval__Walker2d-v4__td3__klb10__mass_1p5__seed2__pid2759316,td3,Walker2d-v4,2,20,1,klb10,mass_1p5,/home/users/am1015/rl_runs_td3_walker_kl_20260703_td3_kl_softrobust_5seed_rerun/Walker2d-v4__td3_kl_klb10__2__1783356169/td3_kl_klb10.cleanrl_model,/home/users/am1015/rl_runs_td3_walker_kl_20260703_td3_kl_softrobust_5seed_rerun/Walker2d-v4__td3_kl_klb10__2__1783356169/td3_kl_klb10.cleanrl_model.norm_stats.npz,1,1,1,0.0,0.0,0.0,0.0,1.0,1.5,,1.0,-1,,-1,,1.0,,1.0,1.0,590.2418405746455,16.499036559649902,588.2534487688006,588.3713466668316,559.2309088787537,618.5066901163989,
1783521386,eval__Walker2d-v4__td3__klb10__mass_1p5__seed3__pid2759428,td3,Walker2d-v4,3,20,1,klb10,mass_1p5,/home/users/am1015/rl_runs_td3_walker_kl_20260703_td3_kl_softrobust_5seed_rerun/Walker2d-v4__td3_kl_klb10__3__1783356319/td3_kl_klb10.cleanrl_model,/home/users/am1015/rl_runs_td3_walker_kl_20260703_td3_kl_softrobust_5seed_rerun/Walker2d-v4__td3_kl_klb10__3__1783356319/td3_kl_klb10.cleanrl_model.norm_stats.npz,1,1,1,0.0,0.0,0.0,0.0,1.0,1.5,,1.0,-1,,-1,,1.0,,1.0,1.0,387.5901676839179,468.61326771196457,22.113596985495157,295.529840607467,-16.46196141232088,958.739237282322,
1783521389,eval__Walker2d-v4__td3__klb10__mass_1p5__seed4__pid2759552,td3,Walker2d-v4,4,20,1,klb10,mass_1p5,/home/users/am1015/rl_runs_td3_walker_kl_20260703_td3_kl_softrobust_5seed_rerun/Walker2d-v4__td3_kl_klb10__4__1783360280/td3_kl_klb10.cleanrl_model,/home/users/am1015/rl_runs_td3_walker_kl_20260703_td3_kl_softrobust_5seed_rerun/Walker2d-v4__td3_kl_klb10__4__1783360280/td3_kl_klb10.cleanrl_model.norm_stats.npz,1,1,1,0.0,0.0,0.0,0.0,1.0,1.5,,1.0,-1,,-1,,1.0,,1.0,1.0,377.561928470952,22.250869945990136,378.7204164775249,377.8518864827364,331.41028899506904,414.1599685437548,
1783521393,eval__Walker2d-v4__td3__klb10__mass_1p5__seed5__pid2759699,td3,Walker2d-v4,5,20,1,klb10,mass_1p5,/home/users/am1015/rl_runs_td3_walker_kl_20260703_td3_kl_softrobust_5seed_rerun/Walker2d-v4__td3_kl_klb10__5__1783378555/td3_kl_klb10.cleanrl_model,/home/users/am1015/rl_runs_td3_walker_kl_20260703_td3_kl_softrobust_5seed_rerun/Walker2d-v4__td3_kl_klb10__5__1783378555/td3_kl_klb10.cleanrl_model.norm_stats.npz,1,1,1,0.0,0.0,0.0,0.0,1.0,1.5,,1.0,-1,,-1,,1.0,,1.0,1.0,316.96484085009246,68.36141024967078,325.75978828259827,319.5937473791034,195.73959700263396,475.31802666980303,
1783520978,eval__Walker2d-v4__td3__klb10__mass_1p7__seed1__pid2746207,td3,Walker2d-v4,1,20,1,klb10,mass_1p7,/home/users/am1015/rl_runs_td3_walker_kl_20260703_td3_kl_softrobust_5seed_rerun/Walker2d-v4__td3_kl_klb10__1__1783355718/td3_kl_klb10.cleanrl_model,/home/users/am1015/rl_runs_td3_walker_kl_20260703_td3_kl_softrobust_5seed_rerun/Walker2d-v4__td3_kl_klb10__1__1783355718/td3_kl_klb10.cleanrl_model.norm_stats.npz,1,1,1,0.0,0.0,0.0,0.0,1.0,1.7,,1.0,-1,,-1,,1.0,,1.0,1.0,436.694774142403,9.14851351589385,435.1283482410793,435.457418160002,419.2915384122432,460.0980072474843,
1783520983,eval__Walker2d-v4__td3__klb10__mass_1p7__seed2__pid2746333,td3,Walker2d-v4,2,20,1,klb10,mass_1p7,/home/users/am1015/rl_runs_td3_walker_kl_20260703_td3_kl_softrobust_5seed_rerun/Walker2d-v4__td3_kl_klb10__2__1783356169/td3_kl_klb10.cleanrl_model,/home/users/am1015/rl_runs_td3_walker_kl_20260703_td3_kl_softrobust_5seed_rerun/Walker2d-v4__td3_kl_klb10__2__1783356169/td3_kl_klb10.cleanrl_model.norm_stats.npz,1,1,1,0.0,0.0,0.0,0.0,1.0,1.7,,1.0,-1,,-1,,1.0,,1.0,1.0,571.3293657700526,22.364826641827545,579.0187073358518,575.3733190681166,526.2065586917287,608.7670110138142,
1783520990,eval__Walker2d-v4__td3__klb10__mass_1p7__seed3__pid2746493,td3,Walker2d-v4,3,20,1,klb10,mass_1p7,/home/users/am1015/rl_runs_td3_walker_kl_20260703_td3_kl_softrobust_5seed_rerun/Walker2d-v4__td3_kl_klb10__3__1783356319/td3_kl_klb10.cleanrl_model,/home/users/am1015/rl_runs_td3_walker_kl_20260703_td3_kl_softrobust_5seed_rerun/Walker2d-v4__td3_kl_klb10__3__1783356319/td3_kl_klb10.cleanrl_model.norm_stats.npz,1,1,1,0.0,0.0,0.0,0.0,1.0,1.7,,1.0,-1,,-1,,1.0,,1.0,1.0,434.6845542926511,461.9984159860925,107.1571806110652,390.6327201095022,6.114767683294662,962.3650158140856,
1783520993,eval__Walker2d-v4__td3__klb10__mass_1p7__seed4__pid2746638,td3,Walker2d-v4,4,20,1,klb10,mass_1p7,/home/users/am1015/rl_runs_td3_walker_kl_20260703_td3_kl_softrobust_5seed_rerun/Walker2d-v4__td3_kl_klb10__4__1783360280/td3_kl_klb10.cleanrl_model,/home/users/am1015/rl_runs_td3_walker_kl_20260703_td3_kl_softrobust_5seed_rerun/Walker2d-v4__td3_kl_klb10__4__1783360280/td3_kl_klb10.cleanrl_model.norm_stats.npz,1,1,1,0.0,0.0,0.0,0.0,1.0,1.7,,1.0,-1,,-1,,1.0,,1.0,1.0,355.9608816474898,20.37999788217129,363.50015308035046,359.22720074945846,316.7783906058104,382.5299083146551,
1783520998,eval__Walker2d-v4__td3__klb10__mass_1p7__seed5__pid2746746,td3,Walker2d-v4,5,20,1,klb10,mass_1p7,/home/users/am1015/rl_runs_td3_walker_kl_20260703_td3_kl_softrobust_5seed_rerun/Walker2d-v4__td3_kl_klb10__5__1783378555/td3_kl_klb10.cleanrl_model,/home/users/am1015/rl_runs_td3_walker_kl_20260703_td3_kl_softrobust_5seed_rerun/Walker2d-v4__td3_kl_klb10__5__1783378555/td3_kl_klb10.cleanrl_model.norm_stats.npz,1,1,1,0.0,0.0,0.0,0.0,1.0,1.7,,1.0,-1,,-1,,1.0,,1.0,1.0,346.9220058505067,94.51138026232132,305.92592933460065,312.7071542959656,261.74993683696584,555.6434103873053,
1783521001,eval__Walker2d-v4__td3__klb10__mass_2p0__seed1__pid2746914,td3,Walker2d-v4,1,20,1,klb10,mass_2p0,/home/users/am1015/rl_runs_td3_walker_kl_20260703_td3_kl_softrobust_5seed_rerun/Walker2d-v4__td3_kl_klb10__1__1783355718/td3_kl_klb10.cleanrl_model,/home/users/am1015/rl_runs_td3_walker_kl_20260703_td3_kl_softrobust_5seed_rerun/Walker2d-v4__td3_kl_klb10__1__1783355718/td3_kl_klb10.cleanrl_model.norm_stats.npz,1,1,1,0.0,0.0,0.0,0.0,1.0,2.0,,1.0,-1,,-1,,1.0,,1.0,1.0,364.15447748716537,14.214892428246952,362.9355973726418,363.2137000500559,346.3700218690585,395.9252237580049,
1783521005,eval__Walker2d-v4__td3__klb10__mass_2p0__seed2__pid2747008,td3,Walker2d-v4,2,20,1,klb10,mass_2p0,/home/users/am1015/rl_runs_td3_walker_kl_20260703_td3_kl_softrobust_5seed_rerun/Walker2d-v4__td3_kl_klb10__2__1783356169/td3_kl_klb10.cleanrl_model,/home/users/am1015/rl_runs_td3_walker_kl_20260703_td3_kl_softrobust_5seed_rerun/Walker2d-v4__td3_kl_klb10__2__1783356169/td3_kl_klb10.cleanrl_model.norm_stats.npz,1,1,1,0.0,0.0,0.0,0.0,1.0,2.0,,1.0,-1,,-1,,1.0,,1.0,1.0,498.7672554052402,27.365519049532296,508.6001675071615,506.15904562973327,447.82017120687664,538.0798545946213,
1783521010,eval__Walker2d-v4__td3__klb10__mass_2p0__seed3__pid2747129,td3,Walker2d-v4,3,20,1,klb10,mass_2p0,/home/users/am1015/rl_runs_td3_walker_kl_20260703_td3_kl_softrobust_5seed_rerun/Walker2d-v4__td3_kl_klb10__3__1783356319/td3_kl_klb10.cleanrl_model,/home/users/am1015/rl_runs_td3_walker_kl_20260703_td3_kl_softrobust_5seed_rerun/Walker2d-v4__td3_kl_klb10__3__1783356319/td3_kl_klb10.cleanrl_model.norm_stats.npz,1,1,1,0.0,0.0,0.0,0.0,1.0,2.0,,1.0,-1,,-1,,1.0,,1.0,1.0,88.68237377629879,29.973784302646894,85.02964506791899,85.12095775069415,26.901545587364996,156.54244156842498,
1783521014,eval__Walker2d-v4__td3__klb10__mass_2p0__seed4__pid2747292,td3,Walker2d-v4,4,20,1,klb10,mass_2p0,/home/users/am1015/rl_runs_td3_walker_kl_20260703_td3_kl_softrobust_5seed_rerun/Walker2d-v4__td3_kl_klb10__4__1783360280/td3_kl_klb10.cleanrl_model,/home/users/am1015/rl_runs_td3_walker_kl_20260703_td3_kl_softrobust_5seed_rerun/Walker2d-v4__td3_kl_klb10__4__1783360280/td3_kl_klb10.cleanrl_model.norm_stats.npz,1,1,1,0.0,0.0,0.0,0.0,1.0,2.0,,1.0,-1,,-1,,1.0,,1.0,1.0,344.4158592096199,29.67288540691641,348.72152516761423,348.2433140383449,266.0928811656256,379.8298220280288,
1783521018,eval__Walker2d-v4__td3__klb10__mass_2p0__seed5__pid2747450,td3,Walker2d-v4,5,20,1,klb10,mass_2p0,/home/users/am1015/rl_runs_td3_walker_kl_20260703_td3_kl_softrobust_5seed_rerun/Walker2d-v4__td3_kl_klb10__5__1783378555/td3_kl_klb10.cleanrl_model,/home/users/am1015/rl_runs_td3_walker_kl_20260703_td3_kl_softrobust_5seed_rerun/Walker2d-v4__td3_kl_klb10__5__1783378555/td3_kl_klb10.cleanrl_model.norm_stats.npz,1,1,1,0.0,0.0,0.0,0.0,1.0,2.0,,1.0,-1,,-1,,1.0,,1.0,1.0,378.1980737769961,122.2976890703926,310.12816897714,331.3230345372775,270.9566282118768,695.3211326335236,
1783521021,eval__Walker2d-v4__td3__klb20__mass_0p1__seed1__pid2747599,td3,Walker2d-v4,1,20,1,klb20,mass_0p1,/home/users/am1015/rl_runs_td3_walker_kl_20260703_td3_kl_softrobust_5seed_rerun/Walker2d-v4__td3_kl_klb20__1__1783379155/td3_kl_klb20.cleanrl_model,/home/users/am1015/rl_runs_td3_walker_kl_20260703_td3_kl_softrobust_5seed_rerun/Walker2d-v4__td3_kl_klb20__1__1783379155/td3_kl_klb20.cleanrl_model.norm_stats.npz,1,1,1,0.0,0.0,0.0,0.0,1.0,0.1,,1.0,-1,,-1,,1.0,,1.0,1.0,130.45197353409063,133.07256103125684,51.13639515965089,105.02662644305278,-6.452514348268044,382.1824594889157,
1783521024,eval__Walker2d-v4__td3__klb20__mass_0p1__seed2__pid2747685,td3,Walker2d-v4,2,20,1,klb20,mass_0p1,/home/users/am1015/rl_runs_td3_walker_kl_20260703_td3_kl_softrobust_5seed_rerun/Walker2d-v4__td3_kl_klb20__2__1783383624/td3_kl_klb20.cleanrl_model,/home/users/am1015/rl_runs_td3_walker_kl_20260703_td3_kl_softrobust_5seed_rerun/Walker2d-v4__td3_kl_klb20__2__1783383624/td3_kl_klb20.cleanrl_model.norm_stats.npz,1,1,1,0.0,0.0,0.0,0.0,1.0,0.1,,1.0,-1,,-1,,1.0,,1.0,1.0,-5.588032480860932,46.4559005164388,-22.08193321333741,-19.116871540379574,-33.77915030718172,179.99876412494163,
1783521027,eval__Walker2d-v4__td3__klb20__mass_0p1__seed3__pid2747772,td3,Walker2d-v4,3,20,1,klb20,mass_0p1,/home/users/am1015/rl_runs_td3_walker_kl_20260703_td3_kl_softrobust_5seed_rerun/Walker2d-v4__td3_kl_klb20__3__1783384046/td3_kl_klb20.cleanrl_model,/home/users/am1015/rl_runs_td3_walker_kl_20260703_td3_kl_softrobust_5seed_rerun/Walker2d-v4__td3_kl_klb20__3__1783384046/td3_kl_klb20.cleanrl_model.norm_stats.npz,1,1,1,0.0,0.0,0.0,0.0,1.0,0.1,,1.0,-1,,-1,,1.0,,1.0,1.0,142.70973385096175,176.53736200123973,94.58452364270104,104.01199436717611,-64.34663361072808,523.399170301226,
1783521030,eval__Walker2d-v4__td3__klb20__mass_0p1__seed4__pid2747894,td3,Walker2d-v4,4,20,1,klb20,mass_0p1,/home/users/am1015/rl_runs_td3_walker_kl_20260703_td3_kl_softrobust_5seed_rerun/Walker2d-v4__td3_kl_klb20__4__1783388843/td3_kl_klb20.cleanrl_model,/home/users/am1015/rl_runs_td3_walker_kl_20260703_td3_kl_softrobust_5seed_rerun/Walker2d-v4__td3_kl_klb20__4__1783388843/td3_kl_klb20.cleanrl_model.norm_stats.npz,1,1,1,0.0,0.0,0.0,0.0,1.0,0.1,,1.0,-1,,-1,,1.0,,1.0,1.0,170.49318720152047,145.5969657655707,112.83140402094202,136.70691793989792,-14.264409634990177,526.2317125622702,
1783521034,eval__Walker2d-v4__td3__klb20__mass_0p1__seed5__pid2747992,td3,Walker2d-v4,5,20,1,klb20,mass_0p1,/home/users/am1015/rl_runs_td3_walker_kl_20260703_td3_kl_softrobust_5seed_rerun/Walker2d-v4__td3_kl_klb20__5__1783389178/td3_kl_klb20.cleanrl_model,/home/users/am1015/rl_runs_td3_walker_kl_20260703_td3_kl_softrobust_5seed_rerun/Walker2d-v4__td3_kl_klb20__5__1783389178/td3_kl_klb20.cleanrl_model.norm_stats.npz,1,1,1,0.0,0.0,0.0,0.0,1.0,0.1,,1.0,-1,,-1,,1.0,,1.0,1.0,309.4965688487449,275.7832084261389,227.8503166414924,260.20091360152617,0.1610048316954522,945.3172632451136,
1783521037,eval__Walker2d-v4__td3__klb20__mass_0p2__seed1__pid2748125,td3,Walker2d-v4,1,20,1,klb20,mass_0p2,/home/users/am1015/rl_runs_td3_walker_kl_20260703_td3_kl_softrobust_5seed_rerun/Walker2d-v4__td3_kl_klb20__1__1783379155/td3_kl_klb20.cleanrl_model,/home/users/am1015/rl_runs_td3_walker_kl_20260703_td3_kl_softrobust_5seed_rerun/Walker2d-v4__td3_kl_klb20__1__1783379155/td3_kl_klb20.cleanrl_model.norm_stats.npz,1,1,1,0.0,0.0,0.0,0.0,1.0,0.2,,1.0,-1,,-1,,1.0,,1.0,1.0,127.06078308357932,121.7041553126098,68.97481093165925,99.17291284118971,-21.016352159266745,355.5545817631084,
1783521041,eval__Walker2d-v4__td3__klb20__mass_0p2__seed2__pid2748253,td3,Walker2d-v4,2,20,1,klb20,mass_0p2,/home/users/am1015/rl_runs_td3_walker_kl_20260703_td3_kl_softrobust_5seed_rerun/Walker2d-v4__td3_kl_klb20__2__1783383624/td3_kl_klb20.cleanrl_model,/home/users/am1015/rl_runs_td3_walker_kl_20260703_td3_kl_softrobust_5seed_rerun/Walker2d-v4__td3_kl_klb20__2__1783383624/td3_kl_klb20.cleanrl_model.norm_stats.npz,1,1,1,0.0,0.0,0.0,0.0,1.0,0.2,,1.0,-1,,-1,,1.0,,1.0,1.0,116.92477269817904,208.2313420015815,42.35426015092781,47.6191340305045,-132.3874210317857,653.8194001044669,
1783521044,eval__Walker2d-v4__td3__klb20__mass_0p2__seed3__pid2748353,td3,Walker2d-v4,3,20,1,klb20,mass_0p2,/home/users/am1015/rl_runs_td3_walker_kl_20260703_td3_kl_softrobust_5seed_rerun/Walker2d-v4__td3_kl_klb20__3__1783384046/td3_kl_klb20.cleanrl_model,/home/users/am1015/rl_runs_td3_walker_kl_20260703_td3_kl_softrobust_5seed_rerun/Walker2d-v4__td3_kl_klb20__3__1783384046/td3_kl_klb20.cleanrl_model.norm_stats.npz,1,1,1,0.0,0.0,0.0,0.0,1.0,0.2,,1.0,-1,,-1,,1.0,,1.0,1.0,163.54361544319835,234.79135710045367,33.7166418462692,71.83205905696954,-10.44003053037819,769.8644947277028,
1783521048,eval__Walker2d-v4__td3__klb20__mass_0p2__seed4__pid2748510,td3,Walker2d-v4,4,20,1,klb20,mass_0p2,/home/users/am1015/rl_runs_td3_walker_kl_20260703_td3_kl_softrobust_5seed_rerun/Walker2d-v4__td3_kl_klb20__4__1783388843/td3_kl_klb20.cleanrl_model,/home/users/am1015/rl_runs_td3_walker_kl_20260703_td3_kl_softrobust_5seed_rerun/Walker2d-v4__td3_kl_klb20__4__1783388843/td3_kl_klb20.cleanrl_model.norm_stats.npz,1,1,1,0.0,0.0,0.0,0.0,1.0,0.2,,1.0,-1,,-1,,1.0,,1.0,1.0,488.7700136674107,459.6061588609464,467.1189088537303,410.72289005294806,7.301686230952816,1856.683677660467,
1783521053,eval__Walker2d-v4__td3__klb20__mass_0p2__seed5__pid2748607,td3,Walker2d-v4,5,20,1,klb20,mass_0p2,/home/users/am1015/rl_runs_td3_walker_kl_20260703_td3_kl_softrobust_5seed_rerun/Walker2d-v4__td3_kl_klb20__5__1783389178/td3_kl_klb20.cleanrl_model,/home/users/am1015/rl_runs_td3_walker_kl_20260703_td3_kl_softrobust_5seed_rerun/Walker2d-v4__td3_kl_klb20__5__1783389178/td3_kl_klb20.cleanrl_model.norm_stats.npz,1,1,1,0.0,0.0,0.0,0.0,1.0,0.2,,1.0,-1,,-1,,1.0,,1.0,1.0,634.453701060483,405.6045526569606,596.8580077629435,601.336024018806,74.10631570169453,1647.594663914665,
1783521057,eval__Walker2d-v4__td3__klb20__mass_0p3__seed1__pid2748717,td3,Walker2d-v4,1,20,1,klb20,mass_0p3,/home/users/am1015/rl_runs_td3_walker_kl_20260703_td3_kl_softrobust_5seed_rerun/Walker2d-v4__td3_kl_klb20__1__1783379155/td3_kl_klb20.cleanrl_model,/home/users/am1015/rl_runs_td3_walker_kl_20260703_td3_kl_softrobust_5seed_rerun/Walker2d-v4__td3_kl_klb20__1__1783379155/td3_kl_klb20.cleanrl_model.norm_stats.npz,1,1,1,0.0,0.0,0.0,0.0,1.0,0.3,,1.0,-1,,-1,,1.0,,1.0,1.0,250.37253821097303,111.63884819244451,304.58791933788035,296.50444416168284,7.46179656525833,370.80032730965166,
1783521062,eval__Walker2d-v4__td3__klb20__mass_0p3__seed2__pid2748862,td3,Walker2d-v4,2,20,1,klb20,mass_0p3,/home/users/am1015/rl_runs_td3_walker_kl_20260703_td3_kl_softrobust_5seed_rerun/Walker2d-v4__td3_kl_klb20__2__1783383624/td3_kl_klb20.cleanrl_model,/home/users/am1015/rl_runs_td3_walker_kl_20260703_td3_kl_softrobust_5seed_rerun/Walker2d-v4__td3_kl_klb20__2__1783383624/td3_kl_klb20.cleanrl_model.norm_stats.npz,1,1,1,0.0,0.0,0.0,0.0,1.0,0.3,,1.0,-1,,-1,,1.0,,1.0,1.0,560.6356769265393,455.7251421033368,693.6917873472792,576.2968761039834,-14.635022148522058,1224.163657767819,
1783521066,eval__Walker2d-v4__td3__klb20__mass_0p3__seed3__pid2748996,td3,Walker2d-v4,3,20,1,klb20,mass_0p3,/home/users/am1015/rl_runs_td3_walker_kl_20260703_td3_kl_softrobust_5seed_rerun/Walker2d-v4__td3_kl_klb20__3__1783384046/td3_kl_klb20.cleanrl_model,/home/users/am1015/rl_runs_td3_walker_kl_20260703_td3_kl_softrobust_5seed_rerun/Walker2d-v4__td3_kl_klb20__3__1783384046/td3_kl_klb20.cleanrl_model.norm_stats.npz,1,1,1,0.0,0.0,0.0,0.0,1.0,0.3,,1.0,-1,,-1,,1.0,,1.0,1.0,282.42284590274755,272.9833699337211,282.5797129610862,206.90827402453183,30.906905849595848,894.6641605824324,
1783521070,eval__Walker2d-v4__td3__klb20__mass_0p3__seed4__pid2749117,td3,Walker2d-v4,4,20,1,klb20,mass_0p3,/home/users/am1015/rl_runs_td3_walker_kl_20260703_td3_kl_softrobust_5seed_rerun/Walker2d-v4__td3_kl_klb20__4__1783388843/td3_kl_klb20.cleanrl_model,/home/users/am1015/rl_runs_td3_walker_kl_20260703_td3_kl_softrobust_5seed_rerun/Walker2d-v4__td3_kl_klb20__4__1783388843/td3_kl_klb20.cleanrl_model.norm_stats.npz,1,1,1,0.0,0.0,0.0,0.0,1.0,0.3,,1.0,-1,,-1,,1.0,,1.0,1.0,506.11865386222223,306.1796219660231,497.08276256324336,484.9695890419472,30.51812458900549,1218.5162844317902,
1783521075,eval__Walker2d-v4__td3__klb20__mass_0p3__seed5__pid2749201,td3,Walker2d-v4,5,20,1,klb20,mass_0p3,/home/users/am1015/rl_runs_td3_walker_kl_20260703_td3_kl_softrobust_5seed_rerun/Walker2d-v4__td3_kl_klb20__5__1783389178/td3_kl_klb20.cleanrl_model,/home/users/am1015/rl_runs_td3_walker_kl_20260703_td3_kl_softrobust_5seed_rerun/Walker2d-v4__td3_kl_klb20__5__1783389178/td3_kl_klb20.cleanrl_model.norm_stats.npz,1,1,1,0.0,0.0,0.0,0.0,1.0,0.3,,1.0,-1,,-1,,1.0,,1.0,1.0,614.3568858221342,284.8377259216634,557.2982275732043,564.6810778496749,106.1100227168802,1360.2153109037315,
1783521080,eval__Walker2d-v4__td3__klb20__mass_0p4__seed1__pid2749371,td3,Walker2d-v4,1,20,1,klb20,mass_0p4,/home/users/am1015/rl_runs_td3_walker_kl_20260703_td3_kl_softrobust_5seed_rerun/Walker2d-v4__td3_kl_klb20__1__1783379155/td3_kl_klb20.cleanrl_model,/home/users/am1015/rl_runs_td3_walker_kl_20260703_td3_kl_softrobust_5seed_rerun/Walker2d-v4__td3_kl_klb20__1__1783379155/td3_kl_klb20.cleanrl_model.norm_stats.npz,1,1,1,0.0,0.0,0.0,0.0,1.0,0.4,,1.0,-1,,-1,,1.0,,1.0,1.0,541.2289127250637,431.2672191816952,817.4855043789537,551.379847986532,62.60173536588371,1027.226179566098,
1783521084,eval__Walker2d-v4__td3__klb20__mass_0p4__seed2__pid2749481,td3,Walker2d-v4,2,20,1,klb20,mass_0p4,/home/users/am1015/rl_runs_td3_walker_kl_20260703_td3_kl_softrobust_5seed_rerun/Walker2d-v4__td3_kl_klb20__2__1783383624/td3_kl_klb20.cleanrl_model,/home/users/am1015/rl_runs_td3_walker_kl_20260703_td3_kl_softrobust_5seed_rerun/Walker2d-v4__td3_kl_klb20__2__1783383624/td3_kl_klb20.cleanrl_model.norm_stats.npz,1,1,1,0.0,0.0,0.0,0.0,1.0,0.4,,1.0,-1,,-1,,1.0,,1.0,1.0,573.7623128862932,504.0545953879292,768.4500007131153,585.4996174514638,-13.787965004678515,1305.329804675819,
1783521088,eval__Walker2d-v4__td3__klb20__mass_0p4__seed3__pid2749607,td3,Walker2d-v4,3,20,1,klb20,mass_0p4,/home/users/am1015/rl_runs_td3_walker_kl_20260703_td3_kl_softrobust_5seed_rerun/Walker2d-v4__td3_kl_klb20__3__1783384046/td3_kl_klb20.cleanrl_model,/home/users/am1015/rl_runs_td3_walker_kl_20260703_td3_kl_softrobust_5seed_rerun/Walker2d-v4__td3_kl_klb20__3__1783384046/td3_kl_klb20.cleanrl_model.norm_stats.npz,1,1,1,0.0,0.0,0.0,0.0,1.0,0.4,,1.0,-1,,-1,,1.0,,1.0,1.0,377.77655454807865,226.0934844040709,398.5960362045186,419.34766698014334,32.88204907988711,788.7089207162801,
1783521093,eval__Walker2d-v4__td3__klb20__mass_0p4__seed4__pid2749752,td3,Walker2d-v4,4,20,1,klb20,mass_0p4,/home/users/am1015/rl_runs_td3_walker_kl_20260703_td3_kl_softrobust_5seed_rerun/Walker2d-v4__td3_kl_klb20__4__1783388843/td3_kl_klb20.cleanrl_model,/home/users/am1015/rl_runs_td3_walker_kl_20260703_td3_kl_softrobust_5seed_rerun/Walker2d-v4__td3_kl_klb20__4__1783388843/td3_kl_klb20.cleanrl_model.norm_stats.npz,1,1,1,0.0,0.0,0.0,0.0,1.0,0.4,,1.0,-1,,-1,,1.0,,1.0,1.0,648.6788661798889,278.3685768131846,560.3683909109534,591.1262975764387,231.73030579641684,1255.5909888791614,
1783521098,eval__Walker2d-v4__td3__klb20__mass_0p4__seed5__pid2749854,td3,Walker2d-v4,5,20,1,klb20,mass_0p4,/home/users/am1015/rl_runs_td3_walker_kl_20260703_td3_kl_softrobust_5seed_rerun/Walker2d-v4__td3_kl_klb20__5__1783389178/td3_kl_klb20.cleanrl_model,/home/users/am1015/rl_runs_td3_walker_kl_20260703_td3_kl_softrobust_5seed_rerun/Walker2d-v4__td3_kl_klb20__5__1783389178/td3_kl_klb20.cleanrl_model.norm_stats.npz,1,1,1,0.0,0.0,0.0,0.0,1.0,0.4,,1.0,-1,,-1,,1.0,,1.0,1.0,600.559538489084,196.1718382602496,554.8159397912574,552.6502705458181,403.8559770606031,1157.0230035006064,
1783521103,eval__Walker2d-v4__td3__klb20__mass_0p5__seed1__pid2750005,td3,Walker2d-v4,1,20,1,klb20,mass_0p5,/home/users/am1015/rl_runs_td3_walker_kl_20260703_td3_kl_softrobust_5seed_rerun/Walker2d-v4__td3_kl_klb20__1__1783379155/td3_kl_klb20.cleanrl_model,/home/users/am1015/rl_runs_td3_walker_kl_20260703_td3_kl_softrobust_5seed_rerun/Walker2d-v4__td3_kl_klb20__1__1783379155/td3_kl_klb20.cleanrl_model.norm_stats.npz,1,1,1,0.0,0.0,0.0,0.0,1.0,0.5,,1.0,-1,,-1,,1.0,,1.0,1.0,835.0174788800316,288.73030447632016,875.4963839535642,877.8816173851528,90.88591428793926,1377.4055540470831,
1783521109,eval__Walker2d-v4__td3__klb20__mass_0p5__seed2__pid2750161,td3,Walker2d-v4,2,20,1,klb20,mass_0p5,/home/users/am1015/rl_runs_td3_walker_kl_20260703_td3_kl_softrobust_5seed_rerun/Walker2d-v4__td3_kl_klb20__2__1783383624/td3_kl_klb20.cleanrl_model,/home/users/am1015/rl_runs_td3_walker_kl_20260703_td3_kl_softrobust_5seed_rerun/Walker2d-v4__td3_kl_klb20__2__1783383624/td3_kl_klb20.cleanrl_model.norm_stats.npz,1,1,1,0.0,0.0,0.0,0.0,1.0,0.5,,1.0,-1,,-1,,1.0,,1.0,1.0,1047.1365516357516,614.3065212839274,876.1483639800887,963.9920990947916,1.9395203656824984,2227.528919206353,
1783521114,eval__Walker2d-v4__td3__klb20__mass_0p5__seed3__pid2750333,td3,Walker2d-v4,3,20,1,klb20,mass_0p5,/home/users/am1015/rl_runs_td3_walker_kl_20260703_td3_kl_softrobust_5seed_rerun/Walker2d-v4__td3_kl_klb20__3__1783384046/td3_kl_klb20.cleanrl_model,/home/users/am1015/rl_runs_td3_walker_kl_20260703_td3_kl_softrobust_5seed_rerun/Walker2d-v4__td3_kl_klb20__3__1783384046/td3_kl_klb20.cleanrl_model.norm_stats.npz,1,1,1,0.0,0.0,0.0,0.0,1.0,0.5,,1.0,-1,,-1,,1.0,,1.0,1.0,426.6339402948154,290.4205667605258,374.82869606153497,377.3879367302672,50.74924819844264,1305.7628949540235,
1783521125,eval__Walker2d-v4__td3__klb20__mass_0p5__seed4__pid2750424,td3,Walker2d-v4,4,20,1,klb20,mass_0p5,/home/users/am1015/rl_runs_td3_walker_kl_20260703_td3_kl_softrobust_5seed_rerun/Walker2d-v4__td3_kl_klb20__4__1783388843/td3_kl_klb20.cleanrl_model,/home/users/am1015/rl_runs_td3_walker_kl_20260703_td3_kl_softrobust_5seed_rerun/Walker2d-v4__td3_kl_klb20__4__1783388843/td3_kl_klb20.cleanrl_model.norm_stats.npz,1,1,1,0.0,0.0,0.0,0.0,1.0,0.5,,1.0,-1,,-1,,1.0,,1.0,1.0,1365.111272956703,785.4083783146293,1332.2330916112082,1259.9435881948395,396.4704638330778,2589.810073940288,
1783521129,eval__Walker2d-v4__td3__klb20__mass_0p5__seed5__pid2750718,td3,Walker2d-v4,5,20,1,klb20,mass_0p5,/home/users/am1015/rl_runs_td3_walker_kl_20260703_td3_kl_softrobust_5seed_rerun/Walker2d-v4__td3_kl_klb20__5__1783389178/td3_kl_klb20.cleanrl_model,/home/users/am1015/rl_runs_td3_walker_kl_20260703_td3_kl_softrobust_5seed_rerun/Walker2d-v4__td3_kl_klb20__5__1783389178/td3_kl_klb20.cleanrl_model.norm_stats.npz,1,1,1,0.0,0.0,0.0,0.0,1.0,0.5,,1.0,-1,,-1,,1.0,,1.0,1.0,501.9416543144209,178.4142191939379,451.0628078673807,472.6525835804834,154.74773515379937,970.6841502497854,
1783521134,eval__Walker2d-v4__td3__klb20__mass_0p6__seed1__pid2750838,td3,Walker2d-v4,1,20,1,klb20,mass_0p6,/home/users/am1015/rl_runs_td3_walker_kl_20260703_td3_kl_softrobust_5seed_rerun/Walker2d-v4__td3_kl_klb20__1__1783379155/td3_kl_klb20.cleanrl_model,/home/users/am1015/rl_runs_td3_walker_kl_20260703_td3_kl_softrobust_5seed_rerun/Walker2d-v4__td3_kl_klb20__1__1783379155/td3_kl_klb20.cleanrl_model.norm_stats.npz,1,1,1,0.0,0.0,0.0,0.0,1.0,0.6,,1.0,-1,,-1,,1.0,,1.0,1.0,936.665056278182,148.14724200022803,893.0630907819663,889.9966161736951,781.8597686637738,1392.9821547644256,
1783521140,eval__Walker2d-v4__td3__klb20__mass_0p6__seed2__pid2751043,td3,Walker2d-v4,2,20,1,klb20,mass_0p6,/home/users/am1015/rl_runs_td3_walker_kl_20260703_td3_kl_softrobust_5seed_rerun/Walker2d-v4__td3_kl_klb20__2__1783383624/td3_kl_klb20.cleanrl_model,/home/users/am1015/rl_runs_td3_walker_kl_20260703_td3_kl_softrobust_5seed_rerun/Walker2d-v4__td3_kl_klb20__2__1783383624/td3_kl_klb20.cleanrl_model.norm_stats.npz,1,1,1,0.0,0.0,0.0,0.0,1.0,0.6,,1.0,-1,,-1,,1.0,,1.0,1.0,1090.122497414246,455.1414596279599,1076.7400840819034,1047.7067971640713,472.8364007732053,2076.097519519756,
1783521145,eval__Walker2d-v4__td3__klb20__mass_0p6__seed3__pid2751175,td3,Walker2d-v4,3,20,1,klb20,mass_0p6,/home/users/am1015/rl_runs_td3_walker_kl_20260703_td3_kl_softrobust_5seed_rerun/Walker2d-v4__td3_kl_klb20__3__1783384046/td3_kl_klb20.cleanrl_model,/home/users/am1015/rl_runs_td3_walker_kl_20260703_td3_kl_softrobust_5seed_rerun/Walker2d-v4__td3_kl_klb20__3__1783384046/td3_kl_klb20.cleanrl_model.norm_stats.npz,1,1,1,0.0,0.0,0.0,0.0,1.0,0.6,,1.0,-1,,-1,,1.0,,1.0,1.0,428.21562095183873,390.80290992570514,352.008057216661,328.7237507489635,44.41783375025395,1270.5575158502402,
1783521153,eval__Walker2d-v4__td3__klb20__mass_0p6__seed4__pid2751316,td3,Walker2d-v4,4,20,1,klb20,mass_0p6,/home/users/am1015/rl_runs_td3_walker_kl_20260703_td3_kl_softrobust_5seed_rerun/Walker2d-v4__td3_kl_klb20__4__1783388843/td3_kl_klb20.cleanrl_model,/home/users/am1015/rl_runs_td3_walker_kl_20260703_td3_kl_softrobust_5seed_rerun/Walker2d-v4__td3_kl_klb20__4__1783388843/td3_kl_klb20.cleanrl_model.norm_stats.npz,1,1,1,0.0,0.0,0.0,0.0,1.0,0.6,,1.0,-1,,-1,,1.0,,1.0,1.0,2011.127922728292,846.7665845913696,2533.202155904326,2206.1267319629555,662.6632760525501,2826.3640347694454,
1783521157,eval__Walker2d-v4__td3__klb20__mass_0p6__seed5__pid2751548,td3,Walker2d-v4,5,20,1,klb20,mass_0p6,/home/users/am1015/rl_runs_td3_walker_kl_20260703_td3_kl_softrobust_5seed_rerun/Walker2d-v4__td3_kl_klb20__5__1783389178/td3_kl_klb20.cleanrl_model,/home/users/am1015/rl_runs_td3_walker_kl_20260703_td3_kl_softrobust_5seed_rerun/Walker2d-v4__td3_kl_klb20__5__1783389178/td3_kl_klb20.cleanrl_model.norm_stats.npz,1,1,1,0.0,0.0,0.0,0.0,1.0,0.6,,1.0,-1,,-1,,1.0,,1.0,1.0,604.3174342503851,232.3913045399468,517.5436532780966,510.5546183864838,403.6846664123648,1092.7359625963957,
1783521162,eval__Walker2d-v4__td3__klb20__mass_0p7__seed1__pid2751668,td3,Walker2d-v4,1,20,1,klb20,mass_0p7,/home/users/am1015/rl_runs_td3_walker_kl_20260703_td3_kl_softrobust_5seed_rerun/Walker2d-v4__td3_kl_klb20__1__1783379155/td3_kl_klb20.cleanrl_model,/home/users/am1015/rl_runs_td3_walker_kl_20260703_td3_kl_softrobust_5seed_rerun/Walker2d-v4__td3_kl_klb20__1__1783379155/td3_kl_klb20.cleanrl_model.norm_stats.npz,1,1,1,0.0,0.0,0.0,0.0,1.0,0.7,,1.0,-1,,-1,,1.0,,1.0,1.0,874.3074245618602,94.62016407839236,843.3954251096202,839.3429362309544,800.3434185773433,1135.3711231892726,
1783521168,eval__Walker2d-v4__td3__klb20__mass_0p7__seed2__pid2751837,td3,Walker2d-v4,2,20,1,klb20,mass_0p7,/home/users/am1015/rl_runs_td3_walker_kl_20260703_td3_kl_softrobust_5seed_rerun/Walker2d-v4__td3_kl_klb20__2__1783383624/td3_kl_klb20.cleanrl_model,/home/users/am1015/rl_runs_td3_walker_kl_20260703_td3_kl_softrobust_5seed_rerun/Walker2d-v4__td3_kl_klb20__2__1783383624/td3_kl_klb20.cleanrl_model.norm_stats.npz,1,1,1,0.0,0.0,0.0,0.0,1.0,0.7,,1.0,-1,,-1,,1.0,,1.0,1.0,1193.156412952144,686.1154375026636,1022.4620661078708,1032.853700176472,473.3009595093376,2748.1509544802043,
1783521172,eval__Walker2d-v4__td3__klb20__mass_0p7__seed3__pid2751980,td3,Walker2d-v4,3,20,1,klb20,mass_0p7,/home/users/am1015/rl_runs_td3_walker_kl_20260703_td3_kl_softrobust_5seed_rerun/Walker2d-v4__td3_kl_klb20__3__1783384046/td3_kl_klb20.cleanrl_model,/home/users/am1015/rl_runs_td3_walker_kl_20260703_td3_kl_softrobust_5seed_rerun/Walker2d-v4__td3_kl_klb20__3__1783384046/td3_kl_klb20.cleanrl_model.norm_stats.npz,1,1,1,0.0,0.0,0.0,0.0,1.0,0.7,,1.0,-1,,-1,,1.0,,1.0,1.0,209.77402648853936,223.39623435770665,95.37518134679452,113.98871022380608,59.557010494629125,940.3500723606942,
1783521179,eval__Walker2d-v4__td3__klb20__mass_0p7__seed4__pid2752079,td3,Walker2d-v4,4,20,1,klb20,mass_0p7,/home/users/am1015/rl_runs_td3_walker_kl_20260703_td3_kl_softrobust_5seed_rerun/Walker2d-v4__td3_kl_klb20__4__1783388843/td3_kl_klb20.cleanrl_model,/home/users/am1015/rl_runs_td3_walker_kl_20260703_td3_kl_softrobust_5seed_rerun/Walker2d-v4__td3_kl_klb20__4__1783388843/td3_kl_klb20.cleanrl_model.norm_stats.npz,1,1,1,0.0,0.0,0.0,0.0,1.0,0.7,,1.0,-1,,-1,,1.0,,1.0,1.0,1751.9009045698676,923.3249496858108,1632.794034447596,1709.593773996652,589.1944071166737,2937.0079608834144,
1783521184,eval__Walker2d-v4__td3__klb20__mass_0p7__seed5__pid2752269,td3,Walker2d-v4,5,20,1,klb20,mass_0p7,/home/users/am1015/rl_runs_td3_walker_kl_20260703_td3_kl_softrobust_5seed_rerun/Walker2d-v4__td3_kl_klb20__5__1783389178/td3_kl_klb20.cleanrl_model,/home/users/am1015/rl_runs_td3_walker_kl_20260703_td3_kl_softrobust_5seed_rerun/Walker2d-v4__td3_kl_klb20__5__1783389178/td3_kl_klb20.cleanrl_model.norm_stats.npz,1,1,1,0.0,0.0,0.0,0.0,1.0,0.7,,1.0,-1,,-1,,1.0,,1.0,1.0,842.9053492539981,330.8805139858141,730.672272996989,760.5122164517281,455.92339529729367,1929.3331203443952,
1783521189,eval__Walker2d-v4__td3__klb20__mass_0p8__seed1__pid2752403,td3,Walker2d-v4,1,20,1,klb20,mass_0p8,/home/users/am1015/rl_runs_td3_walker_kl_20260703_td3_kl_softrobust_5seed_rerun/Walker2d-v4__td3_kl_klb20__1__1783379155/td3_kl_klb20.cleanrl_model,/home/users/am1015/rl_runs_td3_walker_kl_20260703_td3_kl_softrobust_5seed_rerun/Walker2d-v4__td3_kl_klb20__1__1783379155/td3_kl_klb20.cleanrl_model.norm_stats.npz,1,1,1,0.0,0.0,0.0,0.0,1.0,0.8,,1.0,-1,,-1,,1.0,,1.0,1.0,818.9659631378196,47.94424764328754,810.9900610713088,813.206055170473,717.7155011108518,953.3355757308868,
1783521194,eval__Walker2d-v4__td3__klb20__mass_0p8__seed2__pid2752535,td3,Walker2d-v4,2,20,1,klb20,mass_0p8,/home/users/am1015/rl_runs_td3_walker_kl_20260703_td3_kl_softrobust_5seed_rerun/Walker2d-v4__td3_kl_klb20__2__1783383624/td3_kl_klb20.cleanrl_model,/home/users/am1015/rl_runs_td3_walker_kl_20260703_td3_kl_softrobust_5seed_rerun/Walker2d-v4__td3_kl_klb20__2__1783383624/td3_kl_klb20.cleanrl_model.norm_stats.npz,1,1,1,0.0,0.0,0.0,0.0,1.0,0.8,,1.0,-1,,-1,,1.0,,1.0,1.0,997.874854448252,460.1685601073274,936.0727792421588,932.5496303765464,475.6749330541264,1998.1430129751252,
1783521199,eval__Walker2d-v4__td3__klb20__mass_0p8__seed3__pid2752697,td3,Walker2d-v4,3,20,1,klb20,mass_0p8,/home/users/am1015/rl_runs_td3_walker_kl_20260703_td3_kl_softrobust_5seed_rerun/Walker2d-v4__td3_kl_klb20__3__1783384046/td3_kl_klb20.cleanrl_model,/home/users/am1015/rl_runs_td3_walker_kl_20260703_td3_kl_softrobust_5seed_rerun/Walker2d-v4__td3_kl_klb20__3__1783384046/td3_kl_klb20.cleanrl_model.norm_stats.npz,1,1,1,0.0,0.0,0.0,0.0,1.0,0.8,,1.0,-1,,-1,,1.0,,1.0,1.0,301.80464535736246,348.2373158609183,147.0526595403994,145.04184449983927,70.9487055530693,1054.9464847502825,
1783521205,eval__Walker2d-v4__td3__klb20__mass_0p8__seed4__pid2752811,td3,Walker2d-v4,4,20,1,klb20,mass_0p8,/home/users/am1015/rl_runs_td3_walker_kl_20260703_td3_kl_softrobust_5seed_rerun/Walker2d-v4__td3_kl_klb20__4__1783388843/td3_kl_klb20.cleanrl_model,/home/users/am1015/rl_runs_td3_walker_kl_20260703_td3_kl_softrobust_5seed_rerun/Walker2d-v4__td3_kl_klb20__4__1783388843/td3_kl_klb20.cleanrl_model.norm_stats.npz,1,1,1,0.0,0.0,0.0,0.0,1.0,0.8,,1.0,-1,,-1,,1.0,,1.0,1.0,1498.7307247278964,793.7450726491755,1206.143632784897,1280.3718681146229,632.6896092923588,3077.0890862822234,
1783521210,eval__Walker2d-v4__td3__klb20__mass_0p8__seed5__pid2752956,td3,Walker2d-v4,5,20,1,klb20,mass_0p8,/home/users/am1015/rl_runs_td3_walker_kl_20260703_td3_kl_softrobust_5seed_rerun/Walker2d-v4__td3_kl_klb20__5__1783389178/td3_kl_klb20.cleanrl_model,/home/users/am1015/rl_runs_td3_walker_kl_20260703_td3_kl_softrobust_5seed_rerun/Walker2d-v4__td3_kl_klb20__5__1783389178/td3_kl_klb20.cleanrl_model.norm_stats.npz,1,1,1,0.0,0.0,0.0,0.0,1.0,0.8,,1.0,-1,,-1,,1.0,,1.0,1.0,864.0850128171347,422.37082413311697,739.6038520960931,761.4374091110043,415.6837792928376,2045.0243839692305,
1783521215,eval__Walker2d-v4__td3__klb20__mass_0p9__seed1__pid2753138,td3,Walker2d-v4,1,20,1,klb20,mass_0p9,/home/users/am1015/rl_runs_td3_walker_kl_20260703_td3_kl_softrobust_5seed_rerun/Walker2d-v4__td3_kl_klb20__1__1783379155/td3_kl_klb20.cleanrl_model,/home/users/am1015/rl_runs_td3_walker_kl_20260703_td3_kl_softrobust_5seed_rerun/Walker2d-v4__td3_kl_klb20__1__1783379155/td3_kl_klb20.cleanrl_model.norm_stats.npz,1,1,1,0.0,0.0,0.0,0.0,1.0,0.9,,1.0,-1,,-1,,1.0,,1.0,1.0,786.94089288708,25.36173540227823,782.9021056786979,783.9297173707166,758.8268726959196,876.5447393533212,
1783521220,eval__Walker2d-v4__td3__klb20__mass_0p9__seed2__pid2753251,td3,Walker2d-v4,2,20,1,klb20,mass_0p9,/home/users/am1015/rl_runs_td3_walker_kl_20260703_td3_kl_softrobust_5seed_rerun/Walker2d-v4__td3_kl_klb20__2__1783383624/td3_kl_klb20.cleanrl_model,/home/users/am1015/rl_runs_td3_walker_kl_20260703_td3_kl_softrobust_5seed_rerun/Walker2d-v4__td3_kl_klb20__2__1783383624/td3_kl_klb20.cleanrl_model.norm_stats.npz,1,1,1,0.0,0.0,0.0,0.0,1.0,0.9,,1.0,-1,,-1,,1.0,,1.0,1.0,1066.8419393229285,424.6124814776071,968.4802225597392,973.4663954085174,521.3521133679772,2358.0119625785755,
1783521225,eval__Walker2d-v4__td3__klb20__mass_0p9__seed3__pid2753354,td3,Walker2d-v4,3,20,1,klb20,mass_0p9,/home/users/am1015/rl_runs_td3_walker_kl_20260703_td3_kl_softrobust_5seed_rerun/Walker2d-v4__td3_kl_klb20__3__1783384046/td3_kl_klb20.cleanrl_model,/home/users/am1015/rl_runs_td3_walker_kl_20260703_td3_kl_softrobust_5seed_rerun/Walker2d-v4__td3_kl_klb20__3__1783384046/td3_kl_klb20.cleanrl_model.norm_stats.npz,1,1,1,0.0,0.0,0.0,0.0,1.0,0.9,,1.0,-1,,-1,,1.0,,1.0,1.0,262.4519670721194,229.39427850479208,158.3093219723088,176.0411033959657,81.16797059886473,910.3031472688012,
1783521229,eval__Walker2d-v4__td3__klb20__mass_0p9__seed4__pid2753514,td3,Walker2d-v4,4,20,1,klb20,mass_0p9,/home/users/am1015/rl_runs_td3_walker_kl_20260703_td3_kl_softrobust_5seed_rerun/Walker2d-v4__td3_kl_klb20__4__1783388843/td3_kl_klb20.cleanrl_model,/home/users/am1015/rl_runs_td3_walker_kl_20260703_td3_kl_softrobust_5seed_rerun/Walker2d-v4__td3_kl_klb20__4__1783388843/td3_kl_klb20.cleanrl_model.norm_stats.npz,1,1,1,0.0,0.0,0.0,0.0,1.0,0.9,,1.0,-1,,-1,,1.0,,1.0,1.0,636.7840285601865,260.80784971823147,584.6516392647599,585.054585349573,359.7737898166211,1660.3150273194483,
1783521235,eval__Walker2d-v4__td3__klb20__mass_0p9__seed5__pid2753626,td3,Walker2d-v4,5,20,1,klb20,mass_0p9,/home/users/am1015/rl_runs_td3_walker_kl_20260703_td3_kl_softrobust_5seed_rerun/Walker2d-v4__td3_kl_klb20__5__1783389178/td3_kl_klb20.cleanrl_model,/home/users/am1015/rl_runs_td3_walker_kl_20260703_td3_kl_softrobust_5seed_rerun/Walker2d-v4__td3_kl_klb20__5__1783389178/td3_kl_klb20.cleanrl_model.norm_stats.npz,1,1,1,0.0,0.0,0.0,0.0,1.0,0.9,,1.0,-1,,-1,,1.0,,1.0,1.0,1124.0473708199277,503.2961759707284,894.0002369251165,961.9889234103016,634.3061991074293,2074.354205823737,
1783521240,eval__Walker2d-v4__td3__klb20__mass_1p0__seed1__pid2753799,td3,Walker2d-v4,1,20,1,klb20,mass_1p0,/home/users/am1015/rl_runs_td3_walker_kl_20260703_td3_kl_softrobust_5seed_rerun/Walker2d-v4__td3_kl_klb20__1__1783379155/td3_kl_klb20.cleanrl_model,/home/users/am1015/rl_runs_td3_walker_kl_20260703_td3_kl_softrobust_5seed_rerun/Walker2d-v4__td3_kl_klb20__1__1783379155/td3_kl_klb20.cleanrl_model.norm_stats.npz,1,1,1,0.0,0.0,0.0,0.0,1.0,1.0,,1.0,-1,,-1,,1.0,,1.0,1.0,767.2151244191474,13.420746639058688,763.9966848747383,764.9170445345173,749.5063895302505,790.849684541557,
1783521245,eval__Walker2d-v4__td3__klb20__mass_1p0__seed2__pid2754161,td3,Walker2d-v4,2,20,1,klb20,mass_1p0,/home/users/am1015/rl_runs_td3_walker_kl_20260703_td3_kl_softrobust_5seed_rerun/Walker2d-v4__td3_kl_klb20__2__1783383624/td3_kl_klb20.cleanrl_model,/home/users/am1015/rl_runs_td3_walker_kl_20260703_td3_kl_softrobust_5seed_rerun/Walker2d-v4__td3_kl_klb20__2__1783383624/td3_kl_klb20.cleanrl_model.norm_stats.npz,1,1,1,0.0,0.0,0.0,0.0,1.0,1.0,,1.0,-1,,-1,,1.0,,1.0,1.0,1020.11388049869,430.5434499640336,948.9738334808862,945.9714479596998,519.4087198669727,2677.440862554293,
1783521249,eval__Walker2d-v4__td3__klb20__mass_1p0__seed3__pid2754284,td3,Walker2d-v4,3,20,1,klb20,mass_1p0,/home/users/am1015/rl_runs_td3_walker_kl_20260703_td3_kl_softrobust_5seed_rerun/Walker2d-v4__td3_kl_klb20__3__1783384046/td3_kl_klb20.cleanrl_model,/home/users/am1015/rl_runs_td3_walker_kl_20260703_td3_kl_softrobust_5seed_rerun/Walker2d-v4__td3_kl_klb20__3__1783384046/td3_kl_klb20.cleanrl_model.norm_stats.npz,1,1,1,0.0,0.0,0.0,0.0,1.0,1.0,,1.0,-1,,-1,,1.0,,1.0,1.0,184.75945554629823,109.40941803854312,153.18894471904912,154.8187199107346,93.8116593654381,552.4040672274633,
1783521252,eval__Walker2d-v4__td3__klb20__mass_1p0__seed4__pid2754381,td3,Walker2d-v4,4,20,1,klb20,mass_1p0,/home/users/am1015/rl_runs_td3_walker_kl_20260703_td3_kl_softrobust_5seed_rerun/Walker2d-v4__td3_kl_klb20__4__1783388843/td3_kl_klb20.cleanrl_model,/home/users/am1015/rl_runs_td3_walker_kl_20260703_td3_kl_softrobust_5seed_rerun/Walker2d-v4__td3_kl_klb20__4__1783388843/td3_kl_klb20.cleanrl_model.norm_stats.npz,1,1,1,0.0,0.0,0.0,0.0,1.0,1.0,,1.0,-1,,-1,,1.0,,1.0,1.0,514.8903731891045,106.07638084992632,504.59202459679375,507.3951910975903,308.18894288678734,700.8103389743454,
1783521257,eval__Walker2d-v4__td3__klb20__mass_1p0__seed5__pid2754504,td3,Walker2d-v4,5,20,1,klb20,mass_1p0,/home/users/am1015/rl_runs_td3_walker_kl_20260703_td3_kl_softrobust_5seed_rerun/Walker2d-v4__td3_kl_klb20__5__1783389178/td3_kl_klb20.cleanrl_model,/home/users/am1015/rl_runs_td3_walker_kl_20260703_td3_kl_softrobust_5seed_rerun/Walker2d-v4__td3_kl_klb20__5__1783389178/td3_kl_klb20.cleanrl_model.norm_stats.npz,1,1,1,0.0,0.0,0.0,0.0,1.0,1.0,,1.0,-1,,-1,,1.0,,1.0,1.0,859.4185995836217,319.03910928539506,766.313913817753,773.2772382748062,655.3418780012122,2126.745802854884,
1783521261,eval__Walker2d-v4__td3__klb20__mass_1p1__seed1__pid2754639,td3,Walker2d-v4,1,20,1,klb20,mass_1p1,/home/users/am1015/rl_runs_td3_walker_kl_20260703_td3_kl_softrobust_5seed_rerun/Walker2d-v4__td3_kl_klb20__1__1783379155/td3_kl_klb20.cleanrl_model,/home/users/am1015/rl_runs_td3_walker_kl_20260703_td3_kl_softrobust_5seed_rerun/Walker2d-v4__td3_kl_klb20__1__1783379155/td3_kl_klb20.cleanrl_model.norm_stats.npz,1,1,1,0.0,0.0,0.0,0.0,1.0,1.1,,1.0,-1,,-1,,1.0,,1.0,1.0,746.892030344566,14.723322849317825,741.6839501215704,744.6607472173976,724.1652065444422,780.5853683290095,
1783521266,eval__Walker2d-v4__td3__klb20__mass_1p1__seed2__pid2754746,td3,Walker2d-v4,2,20,1,klb20,mass_1p1,/home/users/am1015/rl_runs_td3_walker_kl_20260703_td3_kl_softrobust_5seed_rerun/Walker2d-v4__td3_kl_klb20__2__1783383624/td3_kl_klb20.cleanrl_model,/home/users/am1015/rl_runs_td3_walker_kl_20260703_td3_kl_softrobust_5seed_rerun/Walker2d-v4__td3_kl_klb20__2__1783383624/td3_kl_klb20.cleanrl_model.norm_stats.npz,1,1,1,0.0,0.0,0.0,0.0,1.0,1.1,,1.0,-1,,-1,,1.0,,1.0,1.0,898.8674892346269,400.1574038171336,827.3883815028521,833.2622368051577,504.55580994494176,2213.066213111073,
1783521270,eval__Walker2d-v4__td3__klb20__mass_1p1__seed3__pid2754879,td3,Walker2d-v4,3,20,1,klb20,mass_1p1,/home/users/am1015/rl_runs_td3_walker_kl_20260703_td3_kl_softrobust_5seed_rerun/Walker2d-v4__td3_kl_klb20__3__1783384046/td3_kl_klb20.cleanrl_model,/home/users/am1015/rl_runs_td3_walker_kl_20260703_td3_kl_softrobust_5seed_rerun/Walker2d-v4__td3_kl_klb20__3__1783384046/td3_kl_klb20.cleanrl_model.norm_stats.npz,1,1,1,0.0,0.0,0.0,0.0,1.0,1.1,,1.0,-1,,-1,,1.0,,1.0,1.0,270.8881537378842,212.63775892651188,197.149017397724,210.16803292276117,81.2850220026175,1060.4083201127278,
1783521274,eval__Walker2d-v4__td3__klb20__mass_1p1__seed4__pid2755006,td3,Walker2d-v4,4,20,1,klb20,mass_1p1,/home/users/am1015/rl_runs_td3_walker_kl_20260703_td3_kl_softrobust_5seed_rerun/Walker2d-v4__td3_kl_klb20__4__1783388843/td3_kl_klb20.cleanrl_model,/home/users/am1015/rl_runs_td3_walker_kl_20260703_td3_kl_softrobust_5seed_rerun/Walker2d-v4__td3_kl_klb20__4__1783388843/td3_kl_klb20.cleanrl_model.norm_stats.npz,1,1,1,0.0,0.0,0.0,0.0,1.0,1.1,,1.0,-1,,-1,,1.0,,1.0,1.0,431.7407948924,72.80460933419187,457.5445112498407,442.610021461395,315.68643991408084,536.9085101965591,
1783521278,eval__Walker2d-v4__td3__klb20__mass_1p1__seed5__pid2755110,td3,Walker2d-v4,5,20,1,klb20,mass_1p1,/home/users/am1015/rl_runs_td3_walker_kl_20260703_td3_kl_softrobust_5seed_rerun/Walker2d-v4__td3_kl_klb20__5__1783389178/td3_kl_klb20.cleanrl_model,/home/users/am1015/rl_runs_td3_walker_kl_20260703_td3_kl_softrobust_5seed_rerun/Walker2d-v4__td3_kl_klb20__5__1783389178/td3_kl_klb20.cleanrl_model.norm_stats.npz,1,1,1,0.0,0.0,0.0,0.0,1.0,1.1,,1.0,-1,,-1,,1.0,,1.0,1.0,728.8188454908753,88.43208503120607,707.8226122259575,711.1590118086939,631.2243865239959,872.2271743746983,
1783521282,eval__Walker2d-v4__td3__klb20__mass_1p3__seed1__pid2755747,td3,Walker2d-v4,1,20,1,klb20,mass_1p3,/home/users/am1015/rl_runs_td3_walker_kl_20260703_td3_kl_softrobust_5seed_rerun/Walker2d-v4__td3_kl_klb20__1__1783379155/td3_kl_klb20.cleanrl_model,/home/users/am1015/rl_runs_td3_walker_kl_20260703_td3_kl_softrobust_5seed_rerun/Walker2d-v4__td3_kl_klb20__1__1783379155/td3_kl_klb20.cleanrl_model.norm_stats.npz,1,1,1,0.0,0.0,0.0,0.0,1.0,1.3,,1.0,-1,,-1,,1.0,,1.0,1.0,748.0016490593043,38.20187763636057,736.9898153973248,735.3251486029635,710.9655419533075,830.2780662478543,
1783521286,eval__Walker2d-v4__td3__klb20__mass_1p3__seed2__pid2755895,td3,Walker2d-v4,2,20,1,klb20,mass_1p3,/home/users/am1015/rl_runs_td3_walker_kl_20260703_td3_kl_softrobust_5seed_rerun/Walker2d-v4__td3_kl_klb20__2__1783383624/td3_kl_klb20.cleanrl_model,/home/users/am1015/rl_runs_td3_walker_kl_20260703_td3_kl_softrobust_5seed_rerun/Walker2d-v4__td3_kl_klb20__2__1783383624/td3_kl_klb20.cleanrl_model.norm_stats.npz,1,1,1,0.0,0.0,0.0,0.0,1.0,1.3,,1.0,-1,,-1,,1.0,,1.0,1.0,646.5115407478924,57.02355753504436,634.0654181168607,633.9697325144286,562.3437726509139,807.5878150036473,
1783521292,eval__Walker2d-v4__td3__klb20__mass_1p3__seed3__pid2756017,td3,Walker2d-v4,3,20,1,klb20,mass_1p3,/home/users/am1015/rl_runs_td3_walker_kl_20260703_td3_kl_softrobust_5seed_rerun/Walker2d-v4__td3_kl_klb20__3__1783384046/td3_kl_klb20.cleanrl_model,/home/users/am1015/rl_runs_td3_walker_kl_20260703_td3_kl_softrobust_5seed_rerun/Walker2d-v4__td3_kl_klb20__3__1783384046/td3_kl_klb20.cleanrl_model.norm_stats.npz,1,1,1,0.0,0.0,0.0,0.0,1.0,1.3,,1.0,-1,,-1,,1.0,,1.0,1.0,487.7640057560428,374.0204452161372,345.6802511481233,372.0424667004365,148.18709808038355,1241.311069142818,
1783521295,eval__Walker2d-v4__td3__klb20__mass_1p3__seed4__pid2756163,td3,Walker2d-v4,4,20,1,klb20,mass_1p3,/home/users/am1015/rl_runs_td3_walker_kl_20260703_td3_kl_softrobust_5seed_rerun/Walker2d-v4__td3_kl_klb20__4__1783388843/td3_kl_klb20.cleanrl_model,/home/users/am1015/rl_runs_td3_walker_kl_20260703_td3_kl_softrobust_5seed_rerun/Walker2d-v4__td3_kl_klb20__4__1783388843/td3_kl_klb20.cleanrl_model.norm_stats.npz,1,1,1,0.0,0.0,0.0,0.0,1.0,1.3,,1.0,-1,,-1,,1.0,,1.0,1.0,447.6135650674128,31.12030456175055,452.5533500005331,454.4812374272998,348.32497597554607,480.8300411616867,
1783521299,eval__Walker2d-v4__td3__klb20__mass_1p3__seed5__pid2756240,td3,Walker2d-v4,5,20,1,klb20,mass_1p3,/home/users/am1015/rl_runs_td3_walker_kl_20260703_td3_kl_softrobust_5seed_rerun/Walker2d-v4__td3_kl_klb20__5__1783389178/td3_kl_klb20.cleanrl_model,/home/users/am1015/rl_runs_td3_walker_kl_20260703_td3_kl_softrobust_5seed_rerun/Walker2d-v4__td3_kl_klb20__5__1783389178/td3_kl_klb20.cleanrl_model.norm_stats.npz,1,1,1,0.0,0.0,0.0,0.0,1.0,1.3,,1.0,-1,,-1,,1.0,,1.0,1.0,638.4825307950906,46.45971442899813,641.996766163435,640.1194951401048,551.4022421573511,726.0509301174915,
1783521303,eval__Walker2d-v4__td3__klb20__mass_1p5__seed1__pid2756393,td3,Walker2d-v4,1,20,1,klb20,mass_1p5,/home/users/am1015/rl_runs_td3_walker_kl_20260703_td3_kl_softrobust_5seed_rerun/Walker2d-v4__td3_kl_klb20__1__1783379155/td3_kl_klb20.cleanrl_model,/home/users/am1015/rl_runs_td3_walker_kl_20260703_td3_kl_softrobust_5seed_rerun/Walker2d-v4__td3_kl_klb20__1__1783379155/td3_kl_klb20.cleanrl_model.norm_stats.npz,1,1,1,0.0,0.0,0.0,0.0,1.0,1.5,,1.0,-1,,-1,,1.0,,1.0,1.0,662.3140862904158,8.489244921753473,660.832244832908,661.5477325808766,645.3789859675688,686.5538476840444,
1783521307,eval__Walker2d-v4__td3__klb20__mass_1p5__seed2__pid2756505,td3,Walker2d-v4,2,20,1,klb20,mass_1p5,/home/users/am1015/rl_runs_td3_walker_kl_20260703_td3_kl_softrobust_5seed_rerun/Walker2d-v4__td3_kl_klb20__2__1783383624/td3_kl_klb20.cleanrl_model,/home/users/am1015/rl_runs_td3_walker_kl_20260703_td3_kl_softrobust_5seed_rerun/Walker2d-v4__td3_kl_klb20__2__1783383624/td3_kl_klb20.cleanrl_model.norm_stats.npz,1,1,1,0.0,0.0,0.0,0.0,1.0,1.5,,1.0,-1,,-1,,1.0,,1.0,1.0,529.710202591886,8.630784482419092,528.2524632799364,528.7878730968293,513.5041226818892,548.3004624043845,
1783521312,eval__Walker2d-v4__td3__klb20__mass_1p5__seed3__pid2756615,td3,Walker2d-v4,3,20,1,klb20,mass_1p5,/home/users/am1015/rl_runs_td3_walker_kl_20260703_td3_kl_softrobust_5seed_rerun/Walker2d-v4__td3_kl_klb20__3__1783384046/td3_kl_klb20.cleanrl_model,/home/users/am1015/rl_runs_td3_walker_kl_20260703_td3_kl_softrobust_5seed_rerun/Walker2d-v4__td3_kl_klb20__3__1783384046/td3_kl_klb20.cleanrl_model.norm_stats.npz,1,1,1,0.0,0.0,0.0,0.0,1.0,1.5,,1.0,-1,,-1,,1.0,,1.0,1.0,370.9718627270446,345.2659050791138,200.50445609802185,198.0913010214732,142.3113137854529,1070.3035672054402,
1783521315,eval__Walker2d-v4__td3__klb20__mass_1p5__seed4__pid2756790,td3,Walker2d-v4,4,20,1,klb20,mass_1p5,/home/users/am1015/rl_runs_td3_walker_kl_20260703_td3_kl_softrobust_5seed_rerun/Walker2d-v4__td3_kl_klb20__4__1783388843/td3_kl_klb20.cleanrl_model,/home/users/am1015/rl_runs_td3_walker_kl_20260703_td3_kl_softrobust_5seed_rerun/Walker2d-v4__td3_kl_klb20__4__1783388843/td3_kl_klb20.cleanrl_model.norm_stats.npz,1,1,1,0.0,0.0,0.0,0.0,1.0,1.5,,1.0,-1,,-1,,1.0,,1.0,1.0,317.83049249332305,7.535162388631754,313.6109533039953,315.68478295304106,310.6079751711642,334.5106784086366,
1783521319,eval__Walker2d-v4__td3__klb20__mass_1p5__seed5__pid2756897,td3,Walker2d-v4,5,20,1,klb20,mass_1p5,/home/users/am1015/rl_runs_td3_walker_kl_20260703_td3_kl_softrobust_5seed_rerun/Walker2d-v4__td3_kl_klb20__5__1783389178/td3_kl_klb20.cleanrl_model,/home/users/am1015/rl_runs_td3_walker_kl_20260703_td3_kl_softrobust_5seed_rerun/Walker2d-v4__td3_kl_klb20__5__1783389178/td3_kl_klb20.cleanrl_model.norm_stats.npz,1,1,1,0.0,0.0,0.0,0.0,1.0,1.5,,1.0,-1,,-1,,1.0,,1.0,1.0,542.6144851049023,24.927605989529276,534.8759491345991,535.1789551731979,507.8739664042306,599.3526634001262,
1783521323,eval__Walker2d-v4__td3__klb20__mass_1p7__seed1__pid2757003,td3,Walker2d-v4,1,20,1,klb20,mass_1p7,/home/users/am1015/rl_runs_td3_walker_kl_20260703_td3_kl_softrobust_5seed_rerun/Walker2d-v4__td3_kl_klb20__1__1783379155/td3_kl_klb20.cleanrl_model,/home/users/am1015/rl_runs_td3_walker_kl_20260703_td3_kl_softrobust_5seed_rerun/Walker2d-v4__td3_kl_klb20__1__1783379155/td3_kl_klb20.cleanrl_model.norm_stats.npz,1,1,1,0.0,0.0,0.0,0.0,1.0,1.7,,1.0,-1,,-1,,1.0,,1.0,1.0,609.7000899287782,6.801676953582541,611.2378441570113,610.3255064820265,594.9974842867008,625.0353976764134,
1783521327,eval__Walker2d-v4__td3__klb20__mass_1p7__seed2__pid2757132,td3,Walker2d-v4,2,20,1,klb20,mass_1p7,/home/users/am1015/rl_runs_td3_walker_kl_20260703_td3_kl_softrobust_5seed_rerun/Walker2d-v4__td3_kl_klb20__2__1783383624/td3_kl_klb20.cleanrl_model,/home/users/am1015/rl_runs_td3_walker_kl_20260703_td3_kl_softrobust_5seed_rerun/Walker2d-v4__td3_kl_klb20__2__1783383624/td3_kl_klb20.cleanrl_model.norm_stats.npz,1,1,1,0.0,0.0,0.0,0.0,1.0,1.7,,1.0,-1,,-1,,1.0,,1.0,1.0,410.1307396881279,19.495012501790537,406.7349436188311,407.3036379537863,382.6590287020334,453.3124166107432,
1783521331,eval__Walker2d-v4__td3__klb20__mass_1p7__seed3__pid2757276,td3,Walker2d-v4,3,20,1,klb20,mass_1p7,/home/users/am1015/rl_runs_td3_walker_kl_20260703_td3_kl_softrobust_5seed_rerun/Walker2d-v4__td3_kl_klb20__3__1783384046/td3_kl_klb20.cleanrl_model,/home/users/am1015/rl_runs_td3_walker_kl_20260703_td3_kl_softrobust_5seed_rerun/Walker2d-v4__td3_kl_klb20__3__1783384046/td3_kl_klb20.cleanrl_model.norm_stats.npz,1,1,1,0.0,0.0,0.0,0.0,1.0,1.7,,1.0,-1,,-1,,1.0,,1.0,1.0,177.40586534874026,25.58674730205433,176.27630753342476,174.98456783190758,139.8533665821197,230.92487806655328,
1783521334,eval__Walker2d-v4__td3__klb20__mass_1p7__seed4__pid2757402,td3,Walker2d-v4,4,20,1,klb20,mass_1p7,/home/users/am1015/rl_runs_td3_walker_kl_20260703_td3_kl_softrobust_5seed_rerun/Walker2d-v4__td3_kl_klb20__4__1783388843/td3_kl_klb20.cleanrl_model,/home/users/am1015/rl_runs_td3_walker_kl_20260703_td3_kl_softrobust_5seed_rerun/Walker2d-v4__td3_kl_klb20__4__1783388843/td3_kl_klb20.cleanrl_model.norm_stats.npz,1,1,1,0.0,0.0,0.0,0.0,1.0,1.7,,1.0,-1,,-1,,1.0,,1.0,1.0,300.5764224249765,8.838927565150005,300.712457315606,300.57986220452915,285.7722470161192,317.6413728278916,
1783521338,eval__Walker2d-v4__td3__klb20__mass_1p7__seed5__pid2757486,td3,Walker2d-v4,5,20,1,klb20,mass_1p7,/home/users/am1015/rl_runs_td3_walker_kl_20260703_td3_kl_softrobust_5seed_rerun/Walker2d-v4__td3_kl_klb20__5__1783389178/td3_kl_klb20.cleanrl_model,/home/users/am1015/rl_runs_td3_walker_kl_20260703_td3_kl_softrobust_5seed_rerun/Walker2d-v4__td3_kl_klb20__5__1783389178/td3_kl_klb20.cleanrl_model.norm_stats.npz,1,1,1,0.0,0.0,0.0,0.0,1.0,1.7,,1.0,-1,,-1,,1.0,,1.0,1.0,535.9738477797714,7.173034341158616,536.4295830071749,536.6429289816554,518.2157768249789,546.9091015109367,
1783521342,eval__Walker2d-v4__td3__klb20__mass_2p0__seed1__pid2757904,td3,Walker2d-v4,1,20,1,klb20,mass_2p0,/home/users/am1015/rl_runs_td3_walker_kl_20260703_td3_kl_softrobust_5seed_rerun/Walker2d-v4__td3_kl_klb20__1__1783379155/td3_kl_klb20.cleanrl_model,/home/users/am1015/rl_runs_td3_walker_kl_20260703_td3_kl_softrobust_5seed_rerun/Walker2d-v4__td3_kl_klb20__1__1783379155/td3_kl_klb20.cleanrl_model.norm_stats.npz,1,1,1,0.0,0.0,0.0,0.0,1.0,2.0,,1.0,-1,,-1,,1.0,,1.0,1.0,457.420463099609,4.458304863806946,457.5510464718051,457.3260530004071,447.8901662452104,467.42332813838686,
1783521345,eval__Walker2d-v4__td3__klb20__mass_2p0__seed2__pid2758023,td3,Walker2d-v4,2,20,1,klb20,mass_2p0,/home/users/am1015/rl_runs_td3_walker_kl_20260703_td3_kl_softrobust_5seed_rerun/Walker2d-v4__td3_kl_klb20__2__1783383624/td3_kl_klb20.cleanrl_model,/home/users/am1015/rl_runs_td3_walker_kl_20260703_td3_kl_softrobust_5seed_rerun/Walker2d-v4__td3_kl_klb20__2__1783383624/td3_kl_klb20.cleanrl_model.norm_stats.npz,1,1,1,0.0,0.0,0.0,0.0,1.0,2.0,,1.0,-1,,-1,,1.0,,1.0,1.0,352.5074166565525,9.989720320975284,351.9444280847754,352.17774853963147,336.5453297298169,372.8034508407795,
1783521350,eval__Walker2d-v4__td3__klb20__mass_2p0__seed3__pid2758134,td3,Walker2d-v4,3,20,1,klb20,mass_2p0,/home/users/am1015/rl_runs_td3_walker_kl_20260703_td3_kl_softrobust_5seed_rerun/Walker2d-v4__td3_kl_klb20__3__1783384046/td3_kl_klb20.cleanrl_model,/home/users/am1015/rl_runs_td3_walker_kl_20260703_td3_kl_softrobust_5seed_rerun/Walker2d-v4__td3_kl_klb20__3__1783384046/td3_kl_klb20.cleanrl_model.norm_stats.npz,1,1,1,0.0,0.0,0.0,0.0,1.0,2.0,,1.0,-1,,-1,,1.0,,1.0,1.0,266.55728712072107,236.0768970143409,176.76173234323704,182.63534133443156,135.85557913181378,1012.5814415844378,
1783521353,eval__Walker2d-v4__td3__klb20__mass_2p0__seed4__pid2758261,td3,Walker2d-v4,4,20,1,klb20,mass_2p0,/home/users/am1015/rl_runs_td3_walker_kl_20260703_td3_kl_softrobust_5seed_rerun/Walker2d-v4__td3_kl_klb20__4__1783388843/td3_kl_klb20.cleanrl_model,/home/users/am1015/rl_runs_td3_walker_kl_20260703_td3_kl_softrobust_5seed_rerun/Walker2d-v4__td3_kl_klb20__4__1783388843/td3_kl_klb20.cleanrl_model.norm_stats.npz,1,1,1,0.0,0.0,0.0,0.0,1.0,2.0,,1.0,-1,,-1,,1.0,,1.0,1.0,295.5668124798303,5.96663052985441,294.6954163235661,294.805799504427,285.69676207551566,308.0878064937796,
1783521357,eval__Walker2d-v4__td3__klb20__mass_2p0__seed5__pid2758370,td3,Walker2d-v4,5,20,1,klb20,mass_2p0,/home/users/am1015/rl_runs_td3_walker_kl_20260703_td3_kl_softrobust_5seed_rerun/Walker2d-v4__td3_kl_klb20__5__1783389178/td3_kl_klb20.cleanrl_model,/home/users/am1015/rl_runs_td3_walker_kl_20260703_td3_kl_softrobust_5seed_rerun/Walker2d-v4__td3_kl_klb20__5__1783389178/td3_kl_klb20.cleanrl_model.norm_stats.npz,1,1,1,0.0,0.0,0.0,0.0,1.0,2.0,,1.0,-1,,-1,,1.0,,1.0,1.0,506.59860503803566,8.168230631242626,508.37092408001234,507.6729153387003,483.5843506431402,516.2603899685824,
1783521360,eval__Walker2d-v4__td3__klb50__mass_0p1__seed1__pid2758507,td3,Walker2d-v4,1,20,1,klb50,mass_0p1,/home/users/am1015/rl_runs_td3_walker_kl_20260703_td3_kl_softrobust_5seed_rerun/Walker2d-v4__td3_kl_klb50__1__1783389478/td3_kl_klb50.cleanrl_model,/home/users/am1015/rl_runs_td3_walker_kl_20260703_td3_kl_softrobust_5seed_rerun/Walker2d-v4__td3_kl_klb50__1__1783389478/td3_kl_klb50.cleanrl_model.norm_stats.npz,1,1,1,0.0,0.0,0.0,0.0,1.0,0.1,,1.0,-1,,-1,,1.0,,1.0,1.0,119.7829375405676,124.3080287725402,88.63435262587652,100.19836600871172,-55.713298370226525,399.7698650028034,
1783521363,eval__Walker2d-v4__td3__klb50__mass_0p1__seed2__pid2758614,td3,Walker2d-v4,2,20,1,klb50,mass_0p1,/home/users/am1015/rl_runs_td3_walker_kl_20260703_td3_kl_softrobust_5seed_rerun/Walker2d-v4__td3_kl_klb50__2__1783389899/td3_kl_klb50.cleanrl_model,/home/users/am1015/rl_runs_td3_walker_kl_20260703_td3_kl_softrobust_5seed_rerun/Walker2d-v4__td3_kl_klb50__2__1783389899/td3_kl_klb50.cleanrl_model.norm_stats.npz,1,1,1,0.0,0.0,0.0,0.0,1.0,0.1,,1.0,-1,,-1,,1.0,,1.0,1.0,90.87701571526902,68.91249476436843,76.0101651439465,84.11542073337249,-1.1602510265870634,217.9584536248891,
1783521365,eval__Walker2d-v4__td3__klb50__mass_0p1__seed3__pid2758675,td3,Walker2d-v4,3,20,1,klb50,mass_0p1,/home/users/am1015/rl_runs_td3_walker_kl_20260703_td3_kl_softrobust_5seed_rerun/Walker2d-v4__td3_kl_klb50__3__1783428985/td3_kl_klb50.cleanrl_model,/home/users/am1015/rl_runs_td3_walker_kl_20260703_td3_kl_softrobust_5seed_rerun/Walker2d-v4__td3_kl_klb50__3__1783428985/td3_kl_klb50.cleanrl_model.norm_stats.npz,1,1,1,0.0,0.0,0.0,0.0,1.0,0.1,,1.0,-1,,-1,,1.0,,1.0,1.0,68.8653136657786,86.43167223445383,34.920646979231144,45.20963063612295,-21.91999529604178,289.72862530478744,
1783521368,eval__Walker2d-v4__td3__klb50__mass_0p1__seed4__pid2758894,td3,Walker2d-v4,4,20,1,klb50,mass_0p1,/home/users/am1015/rl_runs_td3_walker_kl_20260703_td3_kl_softrobust_5seed_rerun/Walker2d-v4__td3_kl_klb50__4__1783429583/td3_kl_klb50.cleanrl_model,/home/users/am1015/rl_runs_td3_walker_kl_20260703_td3_kl_softrobust_5seed_rerun/Walker2d-v4__td3_kl_klb50__4__1783429583/td3_kl_klb50.cleanrl_model.norm_stats.npz,1,1,1,0.0,0.0,0.0,0.0,1.0,0.1,,1.0,-1,,-1,,1.0,,1.0,1.0,71.4903051711176,146.92326356395017,5.799104644599018,22.29884796785987,-21.442481449666,608.1274469828708,
1783521371,eval__Walker2d-v4__td3__klb50__mass_0p1__seed5__pid2759025,td3,Walker2d-v4,5,20,1,klb50,mass_0p1,/home/users/am1015/rl_runs_td3_walker_kl_20260703_td3_kl_softrobust_5seed_rerun/Walker2d-v4__td3_kl_klb50__5__1783434023/td3_kl_klb50.cleanrl_model,/home/users/am1015/rl_runs_td3_walker_kl_20260703_td3_kl_softrobust_5seed_rerun/Walker2d-v4__td3_kl_klb50__5__1783434023/td3_kl_klb50.cleanrl_model.norm_stats.npz,1,1,1,0.0,0.0,0.0,0.0,1.0,0.1,,1.0,-1,,-1,,1.0,,1.0,1.0,103.0753575929245,114.88632458515924,68.24673754834559,72.28288970193975,-2.4360442319158184,387.6858117555162,
1783521375,eval__Walker2d-v4__td3__klb50__mass_0p2__seed1__pid2759131,td3,Walker2d-v4,1,20,1,klb50,mass_0p2,/home/users/am1015/rl_runs_td3_walker_kl_20260703_td3_kl_softrobust_5seed_rerun/Walker2d-v4__td3_kl_klb50__1__1783389478/td3_kl_klb50.cleanrl_model,/home/users/am1015/rl_runs_td3_walker_kl_20260703_td3_kl_softrobust_5seed_rerun/Walker2d-v4__td3_kl_klb50__1__1783389478/td3_kl_klb50.cleanrl_model.norm_stats.npz,1,1,1,0.0,0.0,0.0,0.0,1.0,0.2,,1.0,-1,,-1,,1.0,,1.0,1.0,284.20006238463907,275.7862177322208,184.932225614255,204.13366889505548,5.798223793043651,964.0316221811356,
1783521378,eval__Walker2d-v4__td3__klb50__mass_0p2__seed2__pid2759280,td3,Walker2d-v4,2,20,1,klb50,mass_0p2,/home/users/am1015/rl_runs_td3_walker_kl_20260703_td3_kl_softrobust_5seed_rerun/Walker2d-v4__td3_kl_klb50__2__1783389899/td3_kl_klb50.cleanrl_model,/home/users/am1015/rl_runs_td3_walker_kl_20260703_td3_kl_softrobust_5seed_rerun/Walker2d-v4__td3_kl_klb50__2__1783389899/td3_kl_klb50.cleanrl_model.norm_stats.npz,1,1,1,0.0,0.0,0.0,0.0,1.0,0.2,,1.0,-1,,-1,,1.0,,1.0,1.0,222.7508468115169,171.27091133564554,189.8536416921245,212.30761768137415,-11.595991856871311,606.4112175516531,
1783521382,eval__Walker2d-v4__td3__klb50__mass_0p2__seed3__pid2759392,td3,Walker2d-v4,3,20,1,klb50,mass_0p2,/home/users/am1015/rl_runs_td3_walker_kl_20260703_td3_kl_softrobust_5seed_rerun/Walker2d-v4__td3_kl_klb50__3__1783428985/td3_kl_klb50.cleanrl_model,/home/users/am1015/rl_runs_td3_walker_kl_20260703_td3_kl_softrobust_5seed_rerun/Walker2d-v4__td3_kl_klb50__3__1783428985/td3_kl_klb50.cleanrl_model.norm_stats.npz,1,1,1,0.0,0.0,0.0,0.0,1.0,0.2,,1.0,-1,,-1,,1.0,,1.0,1.0,189.6533056171328,212.3170274295644,162.21720774733012,134.87839273903086,-2.6998526248562795,829.9892952004645,
1783521386,eval__Walker2d-v4__td3__klb50__mass_0p2__seed4__pid2759465,td3,Walker2d-v4,4,20,1,klb50,mass_0p2,/home/users/am1015/rl_runs_td3_walker_kl_20260703_td3_kl_softrobust_5seed_rerun/Walker2d-v4__td3_kl_klb50__4__1783429583/td3_kl_klb50.cleanrl_model,/home/users/am1015/rl_runs_td3_walker_kl_20260703_td3_kl_softrobust_5seed_rerun/Walker2d-v4__td3_kl_klb50__4__1783429583/td3_kl_klb50.cleanrl_model.norm_stats.npz,1,1,1,0.0,0.0,0.0,0.0,1.0,0.2,,1.0,-1,,-1,,1.0,,1.0,1.0,526.6550670084658,545.18689415246,390.27417625391945,407.9429292561782,-0.242711696854772,2254.362356610884,
1783521389,eval__Walker2d-v4__td3__klb50__mass_0p2__seed5__pid2759622,td3,Walker2d-v4,5,20,1,klb50,mass_0p2,/home/users/am1015/rl_runs_td3_walker_kl_20260703_td3_kl_softrobust_5seed_rerun/Walker2d-v4__td3_kl_klb50__5__1783434023/td3_kl_klb50.cleanrl_model,/home/users/am1015/rl_runs_td3_walker_kl_20260703_td3_kl_softrobust_5seed_rerun/Walker2d-v4__td3_kl_klb50__5__1783434023/td3_kl_klb50.cleanrl_model.norm_stats.npz,1,1,1,0.0,0.0,0.0,0.0,1.0,0.2,,1.0,-1,,-1,,1.0,,1.0,1.0,316.143711209939,132.54641122659322,288.39218642329445,307.80727630344705,58.17357389623359,613.5960511184977,
1783521395,eval__Walker2d-v4__td3__klb50__mass_0p3__seed1__pid2759723,td3,Walker2d-v4,1,20,1,klb50,mass_0p3,/home/users/am1015/rl_runs_td3_walker_kl_20260703_td3_kl_softrobust_5seed_rerun/Walker2d-v4__td3_kl_klb50__1__1783389478/td3_kl_klb50.cleanrl_model,/home/users/am1015/rl_runs_td3_walker_kl_20260703_td3_kl_softrobust_5seed_rerun/Walker2d-v4__td3_kl_klb50__1__1783389478/td3_kl_klb50.cleanrl_model.norm_stats.npz,1,1,1,0.0,0.0,0.0,0.0,1.0,0.3,,1.0,-1,,-1,,1.0,,1.0,1.0,544.4478452386016,487.91190158941856,340.14129620793693,445.7150789788199,9.987845256523729,1366.1300077714052,
1783521399,eval__Walker2d-v4__td3__klb50__mass_0p3__seed2__pid2759910,td3,Walker2d-v4,2,20,1,klb50,mass_0p3,/home/users/am1015/rl_runs_td3_walker_kl_20260703_td3_kl_softrobust_5seed_rerun/Walker2d-v4__td3_kl_klb50__2__1783389899/td3_kl_klb50.cleanrl_model,/home/users/am1015/rl_runs_td3_walker_kl_20260703_td3_kl_softrobust_5seed_rerun/Walker2d-v4__td3_kl_klb50__2__1783389899/td3_kl_klb50.cleanrl_model.norm_stats.npz,1,1,1,0.0,0.0,0.0,0.0,1.0,0.3,,1.0,-1,,-1,,1.0,,1.0,1.0,308.46717031038617,181.83955879964375,321.13553078618,325.11415120564527,27.590723436406137,719.3164792313298,
1783521402,eval__Walker2d-v4__td3__klb50__mass_0p3__seed3__pid2760020,td3,Walker2d-v4,3,20,1,klb50,mass_0p3,/home/users/am1015/rl_runs_td3_walker_kl_20260703_td3_kl_softrobust_5seed_rerun/Walker2d-v4__td3_kl_klb50__3__1783428985/td3_kl_klb50.cleanrl_model,/home/users/am1015/rl_runs_td3_walker_kl_20260703_td3_kl_softrobust_5seed_rerun/Walker2d-v4__td3_kl_klb50__3__1783428985/td3_kl_klb50.cleanrl_model.norm_stats.npz,1,1,1,0.0,0.0,0.0,0.0,1.0,0.3,,1.0,-1,,-1,,1.0,,1.0,1.0,217.52937057664525,99.42124583991908,216.8356460870676,217.72375444497828,45.11145592897717,513.8285497983617,
1783521409,eval__Walker2d-v4__td3__klb50__mass_0p3__seed4__pid2760129,td3,Walker2d-v4,4,20,1,klb50,mass_0p3,/home/users/am1015/rl_runs_td3_walker_kl_20260703_td3_kl_softrobust_5seed_rerun/Walker2d-v4__td3_kl_klb50__4__1783429583/td3_kl_klb50.cleanrl_model,/home/users/am1015/rl_runs_td3_walker_kl_20260703_td3_kl_softrobust_5seed_rerun/Walker2d-v4__td3_kl_klb50__4__1783429583/td3_kl_klb50.cleanrl_model.norm_stats.npz,1,1,1,0.0,0.0,0.0,0.0,1.0,0.3,,1.0,-1,,-1,,1.0,,1.0,1.0,1427.5654436087675,545.5244887169796,1389.194813757027,1432.373426675074,559.6993770618315,2181.253098781227,
1783521413,eval__Walker2d-v4__td3__klb50__mass_0p3__seed5__pid2760315,td3,Walker2d-v4,5,20,1,klb50,mass_0p3,/home/users/am1015/rl_runs_td3_walker_kl_20260703_td3_kl_softrobust_5seed_rerun/Walker2d-v4__td3_kl_klb50__5__1783434023/td3_kl_klb50.cleanrl_model,/home/users/am1015/rl_runs_td3_walker_kl_20260703_td3_kl_softrobust_5seed_rerun/Walker2d-v4__td3_kl_klb50__5__1783434023/td3_kl_klb50.cleanrl_model.norm_stats.npz,1,1,1,0.0,0.0,0.0,0.0,1.0,0.3,,1.0,-1,,-1,,1.0,,1.0,1.0,491.8799315599277,200.20947341003196,396.7215615861762,420.24990144063975,307.019912352302,933.2951689048444,
1783520980,eval__Walker2d-v4__td3__klb50__mass_0p4__seed1__pid3988293,td3,Walker2d-v4,1,20,1,klb50,mass_0p4,/home/users/am1015/rl_runs_td3_walker_kl_20260703_td3_kl_softrobust_5seed_rerun/Walker2d-v4__td3_kl_klb50__1__1783389478/td3_kl_klb50.cleanrl_model,/home/users/am1015/rl_runs_td3_walker_kl_20260703_td3_kl_softrobust_5seed_rerun/Walker2d-v4__td3_kl_klb50__1__1783389478/td3_kl_klb50.cleanrl_model.norm_stats.npz,1,1,1,0.0,0.0,0.0,0.0,1.0,0.4,,1.0,-1,,-1,,1.0,,1.0,1.0,417.9077496362853,527.0572958946468,121.43032675434522,174.62583468579567,16.36648823466099,1454.6265356324125,
1783520983,eval__Walker2d-v4__td3__klb50__mass_0p4__seed2__pid3988339,td3,Walker2d-v4,2,20,1,klb50,mass_0p4,/home/users/am1015/rl_runs_td3_walker_kl_20260703_td3_kl_softrobust_5seed_rerun/Walker2d-v4__td3_kl_klb50__2__1783389899/td3_kl_klb50.cleanrl_model,/home/users/am1015/rl_runs_td3_walker_kl_20260703_td3_kl_softrobust_5seed_rerun/Walker2d-v4__td3_kl_klb50__2__1783389899/td3_kl_klb50.cleanrl_model.norm_stats.npz,1,1,1,0.0,0.0,0.0,0.0,1.0,0.4,,1.0,-1,,-1,,1.0,,1.0,1.0,397.5573616308088,96.40431293154414,387.2608300418342,393.8142750661849,178.344467777221,684.3864301255334,
1783520988,eval__Walker2d-v4__td3__klb50__mass_0p4__seed3__pid3988377,td3,Walker2d-v4,3,20,1,klb50,mass_0p4,/home/users/am1015/rl_runs_td3_walker_kl_20260703_td3_kl_softrobust_5seed_rerun/Walker2d-v4__td3_kl_klb50__3__1783428985/td3_kl_klb50.cleanrl_model,/home/users/am1015/rl_runs_td3_walker_kl_20260703_td3_kl_softrobust_5seed_rerun/Walker2d-v4__td3_kl_klb50__3__1783428985/td3_kl_klb50.cleanrl_model.norm_stats.npz,1,1,1,0.0,0.0,0.0,0.0,1.0,0.4,,1.0,-1,,-1,,1.0,,1.0,1.0,614.295780847597,313.2637103057468,603.8551019090677,567.1223039750182,223.7255734989334,1373.518648676139,
1783520996,eval__Walker2d-v4__td3__klb50__mass_0p4__seed4__pid3988420,td3,Walker2d-v4,4,20,1,klb50,mass_0p4,/home/users/am1015/rl_runs_td3_walker_kl_20260703_td3_kl_softrobust_5seed_rerun/Walker2d-v4__td3_kl_klb50__4__1783429583/td3_kl_klb50.cleanrl_model,/home/users/am1015/rl_runs_td3_walker_kl_20260703_td3_kl_softrobust_5seed_rerun/Walker2d-v4__td3_kl_klb50__4__1783429583/td3_kl_klb50.cleanrl_model.norm_stats.npz,1,1,1,0.0,0.0,0.0,0.0,1.0,0.4,,1.0,-1,,-1,,1.0,,1.0,1.0,1777.5865414867174,675.9237973582258,2181.71357988164,2009.0585721467644,695.8890838602558,2394.7594826644686,
1783521000,eval__Walker2d-v4__td3__klb50__mass_0p4__seed5__pid3988474,td3,Walker2d-v4,5,20,1,klb50,mass_0p4,/home/users/am1015/rl_runs_td3_walker_kl_20260703_td3_kl_softrobust_5seed_rerun/Walker2d-v4__td3_kl_klb50__5__1783434023/td3_kl_klb50.cleanrl_model,/home/users/am1015/rl_runs_td3_walker_kl_20260703_td3_kl_softrobust_5seed_rerun/Walker2d-v4__td3_kl_klb50__5__1783434023/td3_kl_klb50.cleanrl_model.norm_stats.npz,1,1,1,0.0,0.0,0.0,0.0,1.0,0.4,,1.0,-1,,-1,,1.0,,1.0,1.0,551.179444229152,144.65416498654804,537.5107321106525,531.7477659267486,330.8300899859113,897.9441287747562,
1783521006,eval__Walker2d-v4__td3__klb50__mass_0p5__seed1__pid3988530,td3,Walker2d-v4,1,20,1,klb50,mass_0p5,/home/users/am1015/rl_runs_td3_walker_kl_20260703_td3_kl_softrobust_5seed_rerun/Walker2d-v4__td3_kl_klb50__1__1783389478/td3_kl_klb50.cleanrl_model,/home/users/am1015/rl_runs_td3_walker_kl_20260703_td3_kl_softrobust_5seed_rerun/Walker2d-v4__td3_kl_klb50__1__1783389478/td3_kl_klb50.cleanrl_model.norm_stats.npz,1,1,1,0.0,0.0,0.0,0.0,1.0,0.5,,1.0,-1,,-1,,1.0,,1.0,1.0,663.9396867538885,648.4386465497415,133.40796111098666,582.9364327502263,30.331879153045133,1462.167672289852,
1783521009,eval__Walker2d-v4__td3__klb50__mass_0p5__seed2__pid3988608,td3,Walker2d-v4,2,20,1,klb50,mass_0p5,/home/users/am1015/rl_runs_td3_walker_kl_20260703_td3_kl_softrobust_5seed_rerun/Walker2d-v4__td3_kl_klb50__2__1783389899/td3_kl_klb50.cleanrl_model,/home/users/am1015/rl_runs_td3_walker_kl_20260703_td3_kl_softrobust_5seed_rerun/Walker2d-v4__td3_kl_klb50__2__1783389899/td3_kl_klb50.cleanrl_model.norm_stats.npz,1,1,1,0.0,0.0,0.0,0.0,1.0,0.5,,1.0,-1,,-1,,1.0,,1.0,1.0,429.17019986466784,128.16404599614387,388.4658528587412,394.3196362418181,306.5957848864878,840.7345906814712,
1783521014,eval__Walker2d-v4__td3__klb50__mass_0p5__seed3__pid3988644,td3,Walker2d-v4,3,20,1,klb50,mass_0p5,/home/users/am1015/rl_runs_td3_walker_kl_20260703_td3_kl_softrobust_5seed_rerun/Walker2d-v4__td3_kl_klb50__3__1783428985/td3_kl_klb50.cleanrl_model,/home/users/am1015/rl_runs_td3_walker_kl_20260703_td3_kl_softrobust_5seed_rerun/Walker2d-v4__td3_kl_klb50__3__1783428985/td3_kl_klb50.cleanrl_model.norm_stats.npz,1,1,1,0.0,0.0,0.0,0.0,1.0,0.5,,1.0,-1,,-1,,1.0,,1.0,1.0,764.9226243319395,274.1584652964958,755.9780695213991,758.2344110390706,324.474138620906,1409.678361885901,
1783521020,eval__Walker2d-v4__td3__klb50__mass_0p5__seed4__pid3988684,td3,Walker2d-v4,4,20,1,klb50,mass_0p5,/home/users/am1015/rl_runs_td3_walker_kl_20260703_td3_kl_softrobust_5seed_rerun/Walker2d-v4__td3_kl_klb50__4__1783429583/td3_kl_klb50.cleanrl_model,/home/users/am1015/rl_runs_td3_walker_kl_20260703_td3_kl_softrobust_5seed_rerun/Walker2d-v4__td3_kl_klb50__4__1783429583/td3_kl_klb50.cleanrl_model.norm_stats.npz,1,1,1,0.0,0.0,0.0,0.0,1.0,0.5,,1.0,-1,,-1,,1.0,,1.0,1.0,1439.1606318439822,597.4578459462508,1204.0574955176269,1198.761330326607,798.5381703187236,2545.9209551748377,
1783521023,eval__Walker2d-v4__td3__klb50__mass_0p5__seed5__pid3988750,td3,Walker2d-v4,5,20,1,klb50,mass_0p5,/home/users/am1015/rl_runs_td3_walker_kl_20260703_td3_kl_softrobust_5seed_rerun/Walker2d-v4__td3_kl_klb50__5__1783434023/td3_kl_klb50.cleanrl_model,/home/users/am1015/rl_runs_td3_walker_kl_20260703_td3_kl_softrobust_5seed_rerun/Walker2d-v4__td3_kl_klb50__5__1783434023/td3_kl_klb50.cleanrl_model.norm_stats.npz,1,1,1,0.0,0.0,0.0,0.0,1.0,0.5,,1.0,-1,,-1,,1.0,,1.0,1.0,452.1088107876008,46.23431927273055,453.2419082897416,450.73819041825766,383.9143310441325,602.7983834315181,
1783521030,eval__Walker2d-v4__td3__klb50__mass_0p6__seed1__pid3988792,td3,Walker2d-v4,1,20,1,klb50,mass_0p6,/home/users/am1015/rl_runs_td3_walker_kl_20260703_td3_kl_softrobust_5seed_rerun/Walker2d-v4__td3_kl_klb50__1__1783389478/td3_kl_klb50.cleanrl_model,/home/users/am1015/rl_runs_td3_walker_kl_20260703_td3_kl_softrobust_5seed_rerun/Walker2d-v4__td3_kl_klb50__1__1783389478/td3_kl_klb50.cleanrl_model.norm_stats.npz,1,1,1,0.0,0.0,0.0,0.0,1.0,0.6,,1.0,-1,,-1,,1.0,,1.0,1.0,953.588092688336,524.1018772534121,1201.0225081258995,1090.4140638122533,89.16725640689933,1479.0135260744455,
1783521034,eval__Walker2d-v4__td3__klb50__mass_0p6__seed2__pid3988837,td3,Walker2d-v4,2,20,1,klb50,mass_0p6,/home/users/am1015/rl_runs_td3_walker_kl_20260703_td3_kl_softrobust_5seed_rerun/Walker2d-v4__td3_kl_klb50__2__1783389899/td3_kl_klb50.cleanrl_model,/home/users/am1015/rl_runs_td3_walker_kl_20260703_td3_kl_softrobust_5seed_rerun/Walker2d-v4__td3_kl_klb50__2__1783389899/td3_kl_klb50.cleanrl_model.norm_stats.npz,1,1,1,0.0,0.0,0.0,0.0,1.0,0.6,,1.0,-1,,-1,,1.0,,1.0,1.0,396.9217324031486,71.87178471700155,373.13007085598656,382.15180037107706,312.376312190142,530.5186462054098,
1783521038,eval__Walker2d-v4__td3__klb50__mass_0p6__seed3__pid3988890,td3,Walker2d-v4,3,20,1,klb50,mass_0p6,/home/users/am1015/rl_runs_td3_walker_kl_20260703_td3_kl_softrobust_5seed_rerun/Walker2d-v4__td3_kl_klb50__3__1783428985/td3_kl_klb50.cleanrl_model,/home/users/am1015/rl_runs_td3_walker_kl_20260703_td3_kl_softrobust_5seed_rerun/Walker2d-v4__td3_kl_klb50__3__1783428985/td3_kl_klb50.cleanrl_model.norm_stats.npz,1,1,1,0.0,0.0,0.0,0.0,1.0,0.6,,1.0,-1,,-1,,1.0,,1.0,1.0,746.0023269956106,136.3911724455407,754.6372530269298,735.6643515759732,577.6988778443106,1038.063452881459,
1783521044,eval__Walker2d-v4__td3__klb50__mass_0p6__seed4__pid3988956,td3,Walker2d-v4,4,20,1,klb50,mass_0p6,/home/users/am1015/rl_runs_td3_walker_kl_20260703_td3_kl_softrobust_5seed_rerun/Walker2d-v4__td3_kl_klb50__4__1783429583/td3_kl_klb50.cleanrl_model,/home/users/am1015/rl_runs_td3_walker_kl_20260703_td3_kl_softrobust_5seed_rerun/Walker2d-v4__td3_kl_klb50__4__1783429583/td3_kl_klb50.cleanrl_model.norm_stats.npz,1,1,1,0.0,0.0,0.0,0.0,1.0,0.6,,1.0,-1,,-1,,1.0,,1.0,1.0,1211.964464524939,454.4214736060279,1066.378588505439,1066.302418031,903.9462152351977,2795.3957994394004,
1783521047,eval__Walker2d-v4__td3__klb50__mass_0p6__seed5__pid3988992,td3,Walker2d-v4,5,20,1,klb50,mass_0p6,/home/users/am1015/rl_runs_td3_walker_kl_20260703_td3_kl_softrobust_5seed_rerun/Walker2d-v4__td3_kl_klb50__5__1783434023/td3_kl_klb50.cleanrl_model,/home/users/am1015/rl_runs_td3_walker_kl_20260703_td3_kl_softrobust_5seed_rerun/Walker2d-v4__td3_kl_klb50__5__1783434023/td3_kl_klb50.cleanrl_model.norm_stats.npz,1,1,1,0.0,0.0,0.0,0.0,1.0,0.6,,1.0,-1,,-1,,1.0,,1.0,1.0,446.0440266099091,39.78550158935969,437.7228217035514,441.92482246537054,377.4318811799643,517.2047915360065,
1783521054,eval__Walker2d-v4__td3__klb50__mass_0p7__seed1__pid3989028,td3,Walker2d-v4,1,20,1,klb50,mass_0p7,/home/users/am1015/rl_runs_td3_walker_kl_20260703_td3_kl_softrobust_5seed_rerun/Walker2d-v4__td3_kl_klb50__1__1783389478/td3_kl_klb50.cleanrl_model,/home/users/am1015/rl_runs_td3_walker_kl_20260703_td3_kl_softrobust_5seed_rerun/Walker2d-v4__td3_kl_klb50__1__1783389478/td3_kl_klb50.cleanrl_model.norm_stats.npz,1,1,1,0.0,0.0,0.0,0.0,1.0,0.7,,1.0,-1,,-1,,1.0,,1.0,1.0,956.4394904384322,457.4527480588362,915.33210729933,964.3896135360932,180.323658160537,1548.3181944717358,
1783521057,eval__Walker2d-v4__td3__klb50__mass_0p7__seed2__pid3989079,td3,Walker2d-v4,2,20,1,klb50,mass_0p7,/home/users/am1015/rl_runs_td3_walker_kl_20260703_td3_kl_softrobust_5seed_rerun/Walker2d-v4__td3_kl_klb50__2__1783389899/td3_kl_klb50.cleanrl_model,/home/users/am1015/rl_runs_td3_walker_kl_20260703_td3_kl_softrobust_5seed_rerun/Walker2d-v4__td3_kl_klb50__2__1783389899/td3_kl_klb50.cleanrl_model.norm_stats.npz,1,1,1,0.0,0.0,0.0,0.0,1.0,0.7,,1.0,-1,,-1,,1.0,,1.0,1.0,436.9852163679912,104.86615251761152,431.1824462332785,422.92835224584695,315.1754504194645,650.8407939778676,
1783521061,eval__Walker2d-v4__td3__klb50__mass_0p7__seed3__pid3989115,td3,Walker2d-v4,3,20,1,klb50,mass_0p7,/home/users/am1015/rl_runs_td3_walker_kl_20260703_td3_kl_softrobust_5seed_rerun/Walker2d-v4__td3_kl_klb50__3__1783428985/td3_kl_klb50.cleanrl_model,/home/users/am1015/rl_runs_td3_walker_kl_20260703_td3_kl_softrobust_5seed_rerun/Walker2d-v4__td3_kl_klb50__3__1783428985/td3_kl_klb50.cleanrl_model.norm_stats.npz,1,1,1,0.0,0.0,0.0,0.0,1.0,0.7,,1.0,-1,,-1,,1.0,,1.0,1.0,667.3446344656909,84.13784069178101,667.9939654125124,662.6278145809207,546.021258773514,832.7324908414489,
1783521066,eval__Walker2d-v4__td3__klb50__mass_0p7__seed4__pid3989153,td3,Walker2d-v4,4,20,1,klb50,mass_0p7,/home/users/am1015/rl_runs_td3_walker_kl_20260703_td3_kl_softrobust_5seed_rerun/Walker2d-v4__td3_kl_klb50__4__1783429583/td3_kl_klb50.cleanrl_model,/home/users/am1015/rl_runs_td3_walker_kl_20260703_td3_kl_softrobust_5seed_rerun/Walker2d-v4__td3_kl_klb50__4__1783429583/td3_kl_klb50.cleanrl_model.norm_stats.npz,1,1,1,0.0,0.0,0.0,0.0,1.0,0.7,,1.0,-1,,-1,,1.0,,1.0,1.0,845.8642026229694,79.08229185586377,864.2756610032768,864.3768254536175,668.1413064069536,965.433759304104,
1783521069,eval__Walker2d-v4__td3__klb50__mass_0p7__seed5__pid3989204,td3,Walker2d-v4,5,20,1,klb50,mass_0p7,/home/users/am1015/rl_runs_td3_walker_kl_20260703_td3_kl_softrobust_5seed_rerun/Walker2d-v4__td3_kl_klb50__5__1783434023/td3_kl_klb50.cleanrl_model,/home/users/am1015/rl_runs_td3_walker_kl_20260703_td3_kl_softrobust_5seed_rerun/Walker2d-v4__td3_kl_klb50__5__1783434023/td3_kl_klb50.cleanrl_model.norm_stats.npz,1,1,1,0.0,0.0,0.0,0.0,1.0,0.7,,1.0,-1,,-1,,1.0,,1.0,1.0,456.7642704102469,40.973695111786576,447.8923647286843,445.63069363354816,410.5243537073324,570.6242532897734,
1783521075,eval__Walker2d-v4__td3__klb50__mass_0p8__seed1__pid3989240,td3,Walker2d-v4,1,20,1,klb50,mass_0p8,/home/users/am1015/rl_runs_td3_walker_kl_20260703_td3_kl_softrobust_5seed_rerun/Walker2d-v4__td3_kl_klb50__1__1783389478/td3_kl_klb50.cleanrl_model,/home/users/am1015/rl_runs_td3_walker_kl_20260703_td3_kl_softrobust_5seed_rerun/Walker2d-v4__td3_kl_klb50__1__1783389478/td3_kl_klb50.cleanrl_model.norm_stats.npz,1,1,1,0.0,0.0,0.0,0.0,1.0,0.8,,1.0,-1,,-1,,1.0,,1.0,1.0,883.8417090041951,418.2962595124153,958.8536511827818,909.633428555692,93.41916193746812,1579.003308713486,
1783521079,eval__Walker2d-v4__td3__klb50__mass_0p8__seed2__pid3989293,td3,Walker2d-v4,2,20,1,klb50,mass_0p8,/home/users/am1015/rl_runs_td3_walker_kl_20260703_td3_kl_softrobust_5seed_rerun/Walker2d-v4__td3_kl_klb50__2__1783389899/td3_kl_klb50.cleanrl_model,/home/users/am1015/rl_runs_td3_walker_kl_20260703_td3_kl_softrobust_5seed_rerun/Walker2d-v4__td3_kl_klb50__2__1783389899/td3_kl_klb50.cleanrl_model.norm_stats.npz,1,1,1,0.0,0.0,0.0,0.0,1.0,0.8,,1.0,-1,,-1,,1.0,,1.0,1.0,398.8491661720475,49.446008321645785,389.6508146781808,394.5517369782182,311.3540807804455,489.2899690359773,
1783521083,eval__Walker2d-v4__td3__klb50__mass_0p8__seed3__pid3989330,td3,Walker2d-v4,3,20,1,klb50,mass_0p8,/home/users/am1015/rl_runs_td3_walker_kl_20260703_td3_kl_softrobust_5seed_rerun/Walker2d-v4__td3_kl_klb50__3__1783428985/td3_kl_klb50.cleanrl_model,/home/users/am1015/rl_runs_td3_walker_kl_20260703_td3_kl_softrobust_5seed_rerun/Walker2d-v4__td3_kl_klb50__3__1783428985/td3_kl_klb50.cleanrl_model.norm_stats.npz,1,1,1,0.0,0.0,0.0,0.0,1.0,0.8,,1.0,-1,,-1,,1.0,,1.0,1.0,695.0496904465738,62.51278726707638,697.1767680378083,702.746019589041,540.9949302764059,785.814100240378,
1783521087,eval__Walker2d-v4__td3__klb50__mass_0p8__seed4__pid3989418,td3,Walker2d-v4,4,20,1,klb50,mass_0p8,/home/users/am1015/rl_runs_td3_walker_kl_20260703_td3_kl_softrobust_5seed_rerun/Walker2d-v4__td3_kl_klb50__4__1783429583/td3_kl_klb50.cleanrl_model,/home/users/am1015/rl_runs_td3_walker_kl_20260703_td3_kl_softrobust_5seed_rerun/Walker2d-v4__td3_kl_klb50__4__1783429583/td3_kl_klb50.cleanrl_model.norm_stats.npz,1,1,1,0.0,0.0,0.0,0.0,1.0,0.8,,1.0,-1,,-1,,1.0,,1.0,1.0,692.7405978035735,75.88944122487787,662.9032535901981,663.8607669954088,633.1097151547045,928.533717153715,
1783521091,eval__Walker2d-v4__td3__klb50__mass_0p8__seed5__pid3989454,td3,Walker2d-v4,5,20,1,klb50,mass_0p8,/home/users/am1015/rl_runs_td3_walker_kl_20260703_td3_kl_softrobust_5seed_rerun/Walker2d-v4__td3_kl_klb50__5__1783434023/td3_kl_klb50.cleanrl_model,/home/users/am1015/rl_runs_td3_walker_kl_20260703_td3_kl_softrobust_5seed_rerun/Walker2d-v4__td3_kl_klb50__5__1783434023/td3_kl_klb50.cleanrl_model.norm_stats.npz,1,1,1,0.0,0.0,0.0,0.0,1.0,0.8,,1.0,-1,,-1,,1.0,,1.0,1.0,446.0273884865454,27.28560160079199,438.7555944975672,438.9782805266656,413.273856007141,514.5725423291318,
1783521096,eval__Walker2d-v4__td3__klb50__mass_0p9__seed1__pid3989492,td3,Walker2d-v4,1,20,1,klb50,mass_0p9,/home/users/am1015/rl_runs_td3_walker_kl_20260703_td3_kl_softrobust_5seed_rerun/Walker2d-v4__td3_kl_klb50__1__1783389478/td3_kl_klb50.cleanrl_model,/home/users/am1015/rl_runs_td3_walker_kl_20260703_td3_kl_softrobust_5seed_rerun/Walker2d-v4__td3_kl_klb50__1__1783389478/td3_kl_klb50.cleanrl_model.norm_stats.npz,1,1,1,0.0,0.0,0.0,0.0,1.0,0.9,,1.0,-1,,-1,,1.0,,1.0,1.0,805.0448601457722,411.07285151244986,680.1719737058576,719.0377322938486,92.23597456520892,1579.2612425426385,
1783521099,eval__Walker2d-v4__td3__klb50__mass_0p9__seed2__pid3989560,td3,Walker2d-v4,2,20,1,klb50,mass_0p9,/home/users/am1015/rl_runs_td3_walker_kl_20260703_td3_kl_softrobust_5seed_rerun/Walker2d-v4__td3_kl_klb50__2__1783389899/td3_kl_klb50.cleanrl_model,/home/users/am1015/rl_runs_td3_walker_kl_20260703_td3_kl_softrobust_5seed_rerun/Walker2d-v4__td3_kl_klb50__2__1783389899/td3_kl_klb50.cleanrl_model.norm_stats.npz,1,1,1,0.0,0.0,0.0,0.0,1.0,0.9,,1.0,-1,,-1,,1.0,,1.0,1.0,431.0633377495168,52.97162232633569,428.1597403060189,430.27244157885417,339.85067794202627,504.96928835591126,
1783521104,eval__Walker2d-v4__td3__klb50__mass_0p9__seed3__pid3989610,td3,Walker2d-v4,3,20,1,klb50,mass_0p9,/home/users/am1015/rl_runs_td3_walker_kl_20260703_td3_kl_softrobust_5seed_rerun/Walker2d-v4__td3_kl_klb50__3__1783428985/td3_kl_klb50.cleanrl_model,/home/users/am1015/rl_runs_td3_walker_kl_20260703_td3_kl_softrobust_5seed_rerun/Walker2d-v4__td3_kl_klb50__3__1783428985/td3_kl_klb50.cleanrl_model.norm_stats.npz,1,1,1,0.0,0.0,0.0,0.0,1.0,0.9,,1.0,-1,,-1,,1.0,,1.0,1.0,615.7596342657117,60.25451053187307,610.0508459620215,612.9730807479239,491.6804764978862,745.4576351723709,
1783521108,eval__Walker2d-v4__td3__klb50__mass_0p9__seed4__pid3989681,td3,Walker2d-v4,4,20,1,klb50,mass_0p9,/home/users/am1015/rl_runs_td3_walker_kl_20260703_td3_kl_softrobust_5seed_rerun/Walker2d-v4__td3_kl_klb50__4__1783429583/td3_kl_klb50.cleanrl_model,/home/users/am1015/rl_runs_td3_walker_kl_20260703_td3_kl_softrobust_5seed_rerun/Walker2d-v4__td3_kl_klb50__4__1783429583/td3_kl_klb50.cleanrl_model.norm_stats.npz,1,1,1,0.0,0.0,0.0,0.0,1.0,0.9,,1.0,-1,,-1,,1.0,,1.0,1.0,627.4608313190035,23.487565874295992,618.7623105735524,621.8025960809482,599.7602121504455,690.9819928072651,
1783521111,eval__Walker2d-v4__td3__klb50__mass_0p9__seed5__pid3989717,td3,Walker2d-v4,5,20,1,klb50,mass_0p9,/home/users/am1015/rl_runs_td3_walker_kl_20260703_td3_kl_softrobust_5seed_rerun/Walker2d-v4__td3_kl_klb50__5__1783434023/td3_kl_klb50.cleanrl_model,/home/users/am1015/rl_runs_td3_walker_kl_20260703_td3_kl_softrobust_5seed_rerun/Walker2d-v4__td3_kl_klb50__5__1783434023/td3_kl_klb50.cleanrl_model.norm_stats.npz,1,1,1,0.0,0.0,0.0,0.0,1.0,0.9,,1.0,-1,,-1,,1.0,,1.0,1.0,512.5125209445099,23.63730431232549,515.7056388397332,513.8975239239919,462.1709989697887,548.9122476141268,
1783521117,eval__Walker2d-v4__td3__klb50__mass_1p0__seed1__pid3989768,td3,Walker2d-v4,1,20,1,klb50,mass_1p0,/home/users/am1015/rl_runs_td3_walker_kl_20260703_td3_kl_softrobust_5seed_rerun/Walker2d-v4__td3_kl_klb50__1__1783389478/td3_kl_klb50.cleanrl_model,/home/users/am1015/rl_runs_td3_walker_kl_20260703_td3_kl_softrobust_5seed_rerun/Walker2d-v4__td3_kl_klb50__1__1783389478/td3_kl_klb50.cleanrl_model.norm_stats.npz,1,1,1,0.0,0.0,0.0,0.0,1.0,1.0,,1.0,-1,,-1,,1.0,,1.0,1.0,790.7569217327692,317.29606572097185,800.9331836543747,775.7506419429989,358.73100999804245,1611.992405391113,
1783521120,eval__Walker2d-v4__td3__klb50__mass_1p0__seed2__pid3989805,td3,Walker2d-v4,2,20,1,klb50,mass_1p0,/home/users/am1015/rl_runs_td3_walker_kl_20260703_td3_kl_softrobust_5seed_rerun/Walker2d-v4__td3_kl_klb50__2__1783389899/td3_kl_klb50.cleanrl_model,/home/users/am1015/rl_runs_td3_walker_kl_20260703_td3_kl_softrobust_5seed_rerun/Walker2d-v4__td3_kl_klb50__2__1783389899/td3_kl_klb50.cleanrl_model.norm_stats.npz,1,1,1,0.0,0.0,0.0,0.0,1.0,1.0,,1.0,-1,,-1,,1.0,,1.0,1.0,446.6486097808729,57.16807699351469,435.1067518470509,446.2663553366202,357.24777438009284,523.7371402904984,
1783521124,eval__Walker2d-v4__td3__klb50__mass_1p0__seed3__pid3989841,td3,Walker2d-v4,3,20,1,klb50,mass_1p0,/home/users/am1015/rl_runs_td3_walker_kl_20260703_td3_kl_softrobust_5seed_rerun/Walker2d-v4__td3_kl_klb50__3__1783428985/td3_kl_klb50.cleanrl_model,/home/users/am1015/rl_runs_td3_walker_kl_20260703_td3_kl_softrobust_5seed_rerun/Walker2d-v4__td3_kl_klb50__3__1783428985/td3_kl_klb50.cleanrl_model.norm_stats.npz,1,1,1,0.0,0.0,0.0,0.0,1.0,1.0,,1.0,-1,,-1,,1.0,,1.0,1.0,554.7421263210543,53.278035186774176,551.1462192244746,553.4521169268189,468.85898443258833,667.3682903512947,
1783521128,eval__Walker2d-v4__td3__klb50__mass_1p0__seed4__pid3989884,td3,Walker2d-v4,4,20,1,klb50,mass_1p0,/home/users/am1015/rl_runs_td3_walker_kl_20260703_td3_kl_softrobust_5seed_rerun/Walker2d-v4__td3_kl_klb50__4__1783429583/td3_kl_klb50.cleanrl_model,/home/users/am1015/rl_runs_td3_walker_kl_20260703_td3_kl_softrobust_5seed_rerun/Walker2d-v4__td3_kl_klb50__4__1783429583/td3_kl_klb50.cleanrl_model.norm_stats.npz,1,1,1,0.0,0.0,0.0,0.0,1.0,1.0,,1.0,-1,,-1,,1.0,,1.0,1.0,606.4365698818469,22.19327276117236,599.5415835201167,604.8577707844745,566.9994685915418,643.5277797519063,
1783521132,eval__Walker2d-v4__td3__klb50__mass_1p0__seed5__pid3989928,td3,Walker2d-v4,5,20,1,klb50,mass_1p0,/home/users/am1015/rl_runs_td3_walker_kl_20260703_td3_kl_softrobust_5seed_rerun/Walker2d-v4__td3_kl_klb50__5__1783434023/td3_kl_klb50.cleanrl_model,/home/users/am1015/rl_runs_td3_walker_kl_20260703_td3_kl_softrobust_5seed_rerun/Walker2d-v4__td3_kl_klb50__5__1783434023/td3_kl_klb50.cleanrl_model.norm_stats.npz,1,1,1,0.0,0.0,0.0,0.0,1.0,1.0,,1.0,-1,,-1,,1.0,,1.0,1.0,524.4537613918303,38.350340044035214,532.0523636018645,527.6487793968482,459.79080695453126,610.2579894822373,
1783521137,eval__Walker2d-v4__td3__klb50__mass_1p1__seed1__pid3989964,td3,Walker2d-v4,1,20,1,klb50,mass_1p1,/home/users/am1015/rl_runs_td3_walker_kl_20260703_td3_kl_softrobust_5seed_rerun/Walker2d-v4__td3_kl_klb50__1__1783389478/td3_kl_klb50.cleanrl_model,/home/users/am1015/rl_runs_td3_walker_kl_20260703_td3_kl_softrobust_5seed_rerun/Walker2d-v4__td3_kl_klb50__1__1783389478/td3_kl_klb50.cleanrl_model.norm_stats.npz,1,1,1,0.0,0.0,0.0,0.0,1.0,1.1,,1.0,-1,,-1,,1.0,,1.0,1.0,846.3606960178433,334.09196855501284,718.465904160927,746.3292150777204,403.2523267556735,1524.0049587890755,
1783521141,eval__Walker2d-v4__td3__klb50__mass_1p1__seed2__pid3990000,td3,Walker2d-v4,2,20,1,klb50,mass_1p1,/home/users/am1015/rl_runs_td3_walker_kl_20260703_td3_kl_softrobust_5seed_rerun/Walker2d-v4__td3_kl_klb50__2__1783389899/td3_kl_klb50.cleanrl_model,/home/users/am1015/rl_runs_td3_walker_kl_20260703_td3_kl_softrobust_5seed_rerun/Walker2d-v4__td3_kl_klb50__2__1783389899/td3_kl_klb50.cleanrl_model.norm_stats.npz,1,1,1,0.0,0.0,0.0,0.0,1.0,1.1,,1.0,-1,,-1,,1.0,,1.0,1.0,447.24997109322464,40.25812114458784,456.62190219363686,456.8546914830282,331.2434481190905,486.5195826258313,
1783521144,eval__Walker2d-v4__td3__klb50__mass_1p1__seed3__pid3990051,td3,Walker2d-v4,3,20,1,klb50,mass_1p1,/home/users/am1015/rl_runs_td3_walker_kl_20260703_td3_kl_softrobust_5seed_rerun/Walker2d-v4__td3_kl_klb50__3__1783428985/td3_kl_klb50.cleanrl_model,/home/users/am1015/rl_runs_td3_walker_kl_20260703_td3_kl_softrobust_5seed_rerun/Walker2d-v4__td3_kl_klb50__3__1783428985/td3_kl_klb50.cleanrl_model.norm_stats.npz,1,1,1,0.0,0.0,0.0,0.0,1.0,1.1,,1.0,-1,,-1,,1.0,,1.0,1.0,494.2829222613957,35.672932828833346,487.63706048650624,491.6153432757427,416.5616110662088,583.055392184778,
1783521148,eval__Walker2d-v4__td3__klb50__mass_1p1__seed4__pid3990087,td3,Walker2d-v4,4,20,1,klb50,mass_1p1,/home/users/am1015/rl_runs_td3_walker_kl_20260703_td3_kl_softrobust_5seed_rerun/Walker2d-v4__td3_kl_klb50__4__1783429583/td3_kl_klb50.cleanrl_model,/home/users/am1015/rl_runs_td3_walker_kl_20260703_td3_kl_softrobust_5seed_rerun/Walker2d-v4__td3_kl_klb50__4__1783429583/td3_kl_klb50.cleanrl_model.norm_stats.npz,1,1,1,0.0,0.0,0.0,0.0,1.0,1.1,,1.0,-1,,-1,,1.0,,1.0,1.0,484.4086332145809,32.09676913542333,485.4875522487704,487.2277694453904,412.1603720602147,538.4115843470764,
1783521152,eval__Walker2d-v4__td3__klb50__mass_1p1__seed5__pid3990123,td3,Walker2d-v4,5,20,1,klb50,mass_1p1,/home/users/am1015/rl_runs_td3_walker_kl_20260703_td3_kl_softrobust_5seed_rerun/Walker2d-v4__td3_kl_klb50__5__1783434023/td3_kl_klb50.cleanrl_model,/home/users/am1015/rl_runs_td3_walker_kl_20260703_td3_kl_softrobust_5seed_rerun/Walker2d-v4__td3_kl_klb50__5__1783434023/td3_kl_klb50.cleanrl_model.norm_stats.npz,1,1,1,0.0,0.0,0.0,0.0,1.0,1.1,,1.0,-1,,-1,,1.0,,1.0,1.0,542.762541988245,21.530689338602095,546.4090098928486,546.2091974638585,493.0502429470404,589.9685144726061,
1783521156,eval__Walker2d-v4__td3__klb50__mass_1p3__seed1__pid3990160,td3,Walker2d-v4,1,20,1,klb50,mass_1p3,/home/users/am1015/rl_runs_td3_walker_kl_20260703_td3_kl_softrobust_5seed_rerun/Walker2d-v4__td3_kl_klb50__1__1783389478/td3_kl_klb50.cleanrl_model,/home/users/am1015/rl_runs_td3_walker_kl_20260703_td3_kl_softrobust_5seed_rerun/Walker2d-v4__td3_kl_klb50__1__1783389478/td3_kl_klb50.cleanrl_model.norm_stats.npz,1,1,1,0.0,0.0,0.0,0.0,1.0,1.3,,1.0,-1,,-1,,1.0,,1.0,1.0,603.3586360367556,152.75420089205772,646.2704957014057,626.1982688137884,371.1789440217808,819.2953335856079,
1783521160,eval__Walker2d-v4__td3__klb50__mass_1p3__seed2__pid3990212,td3,Walker2d-v4,2,20,1,klb50,mass_1p3,/home/users/am1015/rl_runs_td3_walker_kl_20260703_td3_kl_softrobust_5seed_rerun/Walker2d-v4__td3_kl_klb50__2__1783389899/td3_kl_klb50.cleanrl_model,/home/users/am1015/rl_runs_td3_walker_kl_20260703_td3_kl_softrobust_5seed_rerun/Walker2d-v4__td3_kl_klb50__2__1783389899/td3_kl_klb50.cleanrl_model.norm_stats.npz,1,1,1,0.0,0.0,0.0,0.0,1.0,1.3,,1.0,-1,,-1,,1.0,,1.0,1.0,378.08098461876295,11.20287037636288,377.5627966299653,377.3677133286867,349.1245933248177,401.957269686135,
1783521163,eval__Walker2d-v4__td3__klb50__mass_1p3__seed3__pid3990248,td3,Walker2d-v4,3,20,1,klb50,mass_1p3,/home/users/am1015/rl_runs_td3_walker_kl_20260703_td3_kl_softrobust_5seed_rerun/Walker2d-v4__td3_kl_klb50__3__1783428985/td3_kl_klb50.cleanrl_model,/home/users/am1015/rl_runs_td3_walker_kl_20260703_td3_kl_softrobust_5seed_rerun/Walker2d-v4__td3_kl_klb50__3__1783428985/td3_kl_klb50.cleanrl_model.norm_stats.npz,1,1,1,0.0,0.0,0.0,0.0,1.0,1.3,,1.0,-1,,-1,,1.0,,1.0,1.0,420.3210818909006,22.96716391359785,412.8550872865477,414.7398166656481,383.755269893096,477.3189100189355,
1783521167,eval__Walker2d-v4__td3__klb50__mass_1p3__seed4__pid3990285,td3,Walker2d-v4,4,20,1,klb50,mass_1p3,/home/users/am1015/rl_runs_td3_walker_kl_20260703_td3_kl_softrobust_5seed_rerun/Walker2d-v4__td3_kl_klb50__4__1783429583/td3_kl_klb50.cleanrl_model,/home/users/am1015/rl_runs_td3_walker_kl_20260703_td3_kl_softrobust_5seed_rerun/Walker2d-v4__td3_kl_klb50__4__1783429583/td3_kl_klb50.cleanrl_model.norm_stats.npz,1,1,1,0.0,0.0,0.0,0.0,1.0,1.3,,1.0,-1,,-1,,1.0,,1.0,1.0,380.0301920668752,12.77489476288746,378.5265882186368,377.5953815882901,368.7292703692564,427.7928397515684,
1783521171,eval__Walker2d-v4__td3__klb50__mass_1p3__seed5__pid3990322,td3,Walker2d-v4,5,20,1,klb50,mass_1p3,/home/users/am1015/rl_runs_td3_walker_kl_20260703_td3_kl_softrobust_5seed_rerun/Walker2d-v4__td3_kl_klb50__5__1783434023/td3_kl_klb50.cleanrl_model,/home/users/am1015/rl_runs_td3_walker_kl_20260703_td3_kl_softrobust_5seed_rerun/Walker2d-v4__td3_kl_klb50__5__1783434023/td3_kl_klb50.cleanrl_model.norm_stats.npz,1,1,1,0.0,0.0,0.0,0.0,1.0,1.3,,1.0,-1,,-1,,1.0,,1.0,1.0,494.9411860583161,7.8030014301679795,495.4430090950384,495.5000736090376,476.89423892730446,511.3001514755949,
1783521175,eval__Walker2d-v4__td3__klb50__mass_1p5__seed1__pid3990373,td3,Walker2d-v4,1,20,1,klb50,mass_1p5,/home/users/am1015/rl_runs_td3_walker_kl_20260703_td3_kl_softrobust_5seed_rerun/Walker2d-v4__td3_kl_klb50__1__1783389478/td3_kl_klb50.cleanrl_model,/home/users/am1015/rl_runs_td3_walker_kl_20260703_td3_kl_softrobust_5seed_rerun/Walker2d-v4__td3_kl_klb50__1__1783389478/td3_kl_klb50.cleanrl_model.norm_stats.npz,1,1,1,0.0,0.0,0.0,0.0,1.0,1.5,,1.0,-1,,-1,,1.0,,1.0,1.0,500.0177072182372,207.48796066702013,381.9006964214891,418.99342026833153,343.924186052009,1076.570870909709,
1783521178,eval__Walker2d-v4__td3__klb50__mass_1p5__seed2__pid3990410,td3,Walker2d-v4,2,20,1,klb50,mass_1p5,/home/users/am1015/rl_runs_td3_walker_kl_20260703_td3_kl_softrobust_5seed_rerun/Walker2d-v4__td3_kl_klb50__2__1783389899/td3_kl_klb50.cleanrl_model,/home/users/am1015/rl_runs_td3_walker_kl_20260703_td3_kl_softrobust_5seed_rerun/Walker2d-v4__td3_kl_klb50__2__1783389899/td3_kl_klb50.cleanrl_model.norm_stats.npz,1,1,1,0.0,0.0,0.0,0.0,1.0,1.5,,1.0,-1,,-1,,1.0,,1.0,1.0,341.95139396547285,10.31232361338752,340.87628723590285,341.8342923730329,325.6218043199136,357.71801832316766,
1783521182,eval__Walker2d-v4__td3__klb50__mass_1p5__seed3__pid3990446,td3,Walker2d-v4,3,20,1,klb50,mass_1p5,/home/users/am1015/rl_runs_td3_walker_kl_20260703_td3_kl_softrobust_5seed_rerun/Walker2d-v4__td3_kl_klb50__3__1783428985/td3_kl_klb50.cleanrl_model,/home/users/am1015/rl_runs_td3_walker_kl_20260703_td3_kl_softrobust_5seed_rerun/Walker2d-v4__td3_kl_klb50__3__1783428985/td3_kl_klb50.cleanrl_model.norm_stats.npz,1,1,1,0.0,0.0,0.0,0.0,1.0,1.5,,1.0,-1,,-1,,1.0,,1.0,1.0,385.14661878260233,12.723130265699895,381.1203730081918,381.4538744254958,370.8457093095122,420.1566685603054,
1783521185,eval__Walker2d-v4__td3__klb50__mass_1p5__seed4__pid3990482,td3,Walker2d-v4,4,20,1,klb50,mass_1p5,/home/users/am1015/rl_runs_td3_walker_kl_20260703_td3_kl_softrobust_5seed_rerun/Walker2d-v4__td3_kl_klb50__4__1783429583/td3_kl_klb50.cleanrl_model,/home/users/am1015/rl_runs_td3_walker_kl_20260703_td3_kl_softrobust_5seed_rerun/Walker2d-v4__td3_kl_klb50__4__1783429583/td3_kl_klb50.cleanrl_model.norm_stats.npz,1,1,1,0.0,0.0,0.0,0.0,1.0,1.5,,1.0,-1,,-1,,1.0,,1.0,1.0,392.08268290310446,8.159036879316696,391.1892067779048,392.2544915883447,373.8233890920327,405.0393714487992,
1783521189,eval__Walker2d-v4__td3__klb50__mass_1p5__seed5__pid3990533,td3,Walker2d-v4,5,20,1,klb50,mass_1p5,/home/users/am1015/rl_runs_td3_walker_kl_20260703_td3_kl_softrobust_5seed_rerun/Walker2d-v4__td3_kl_klb50__5__1783434023/td3_kl_klb50.cleanrl_model,/home/users/am1015/rl_runs_td3_walker_kl_20260703_td3_kl_softrobust_5seed_rerun/Walker2d-v4__td3_kl_klb50__5__1783434023/td3_kl_klb50.cleanrl_model.norm_stats.npz,1,1,1,0.0,0.0,0.0,0.0,1.0,1.5,,1.0,-1,,-1,,1.0,,1.0,1.0,453.87832514391584,8.733040296308067,454.9771185188084,454.2484284193428,439.4024906116233,469.0694088818456,
1783521193,eval__Walker2d-v4__td3__klb50__mass_1p7__seed1__pid3990569,td3,Walker2d-v4,1,20,1,klb50,mass_1p7,/home/users/am1015/rl_runs_td3_walker_kl_20260703_td3_kl_softrobust_5seed_rerun/Walker2d-v4__td3_kl_klb50__1__1783389478/td3_kl_klb50.cleanrl_model,/home/users/am1015/rl_runs_td3_walker_kl_20260703_td3_kl_softrobust_5seed_rerun/Walker2d-v4__td3_kl_klb50__1__1783389478/td3_kl_klb50.cleanrl_model.norm_stats.npz,1,1,1,0.0,0.0,0.0,0.0,1.0,1.7,,1.0,-1,,-1,,1.0,,1.0,1.0,580.3244669752305,155.2509954320973,564.1707153208655,569.4152615086155,367.4961075000733,946.2754431652116,
1783521196,eval__Walker2d-v4__td3__klb50__mass_1p7__seed2__pid3990605,td3,Walker2d-v4,2,20,1,klb50,mass_1p7,/home/users/am1015/rl_runs_td3_walker_kl_20260703_td3_kl_softrobust_5seed_rerun/Walker2d-v4__td3_kl_klb50__2__1783389899/td3_kl_klb50.cleanrl_model,/home/users/am1015/rl_runs_td3_walker_kl_20260703_td3_kl_softrobust_5seed_rerun/Walker2d-v4__td3_kl_klb50__2__1783389899/td3_kl_klb50.cleanrl_model.norm_stats.npz,1,1,1,0.0,0.0,0.0,0.0,1.0,1.7,,1.0,-1,,-1,,1.0,,1.0,1.0,349.8492530422532,4.230752093806793,349.67368949367005,349.5375875745592,341.8789928476551,357.8893405959034,
1783521200,eval__Walker2d-v4__td3__klb50__mass_1p7__seed3__pid3990641,td3,Walker2d-v4,3,20,1,klb50,mass_1p7,/home/users/am1015/rl_runs_td3_walker_kl_20260703_td3_kl_softrobust_5seed_rerun/Walker2d-v4__td3_kl_klb50__3__1783428985/td3_kl_klb50.cleanrl_model,/home/users/am1015/rl_runs_td3_walker_kl_20260703_td3_kl_softrobust_5seed_rerun/Walker2d-v4__td3_kl_klb50__3__1783428985/td3_kl_klb50.cleanrl_model.norm_stats.npz,1,1,1,0.0,0.0,0.0,0.0,1.0,1.7,,1.0,-1,,-1,,1.0,,1.0,1.0,351.5777143224446,6.06784921699649,351.25903137977525,352.0943176809319,337.8081632262044,360.6865642465229,
1783521203,eval__Walker2d-v4__td3__klb50__mass_1p7__seed4__pid3990692,td3,Walker2d-v4,4,20,1,klb50,mass_1p7,/home/users/am1015/rl_runs_td3_walker_kl_20260703_td3_kl_softrobust_5seed_rerun/Walker2d-v4__td3_kl_klb50__4__1783429583/td3_kl_klb50.cleanrl_model,/home/users/am1015/rl_runs_td3_walker_kl_20260703_td3_kl_softrobust_5seed_rerun/Walker2d-v4__td3_kl_klb50__4__1783429583/td3_kl_klb50.cleanrl_model.norm_stats.npz,1,1,1,0.0,0.0,0.0,0.0,1.0,1.7,,1.0,-1,,-1,,1.0,,1.0,1.0,393.8246403377952,5.524698169558158,394.6017119893934,394.01622526458766,380.0529282723874,406.4959732283628,
1783521207,eval__Walker2d-v4__td3__klb50__mass_1p7__seed5__pid3990728,td3,Walker2d-v4,5,20,1,klb50,mass_1p7,/home/users/am1015/rl_runs_td3_walker_kl_20260703_td3_kl_softrobust_5seed_rerun/Walker2d-v4__td3_kl_klb50__5__1783434023/td3_kl_klb50.cleanrl_model,/home/users/am1015/rl_runs_td3_walker_kl_20260703_td3_kl_softrobust_5seed_rerun/Walker2d-v4__td3_kl_klb50__5__1783434023/td3_kl_klb50.cleanrl_model.norm_stats.npz,1,1,1,0.0,0.0,0.0,0.0,1.0,1.7,,1.0,-1,,-1,,1.0,,1.0,1.0,421.6868143781432,11.17243093693499,424.3541121243817,424.2632987141404,399.1463307155786,435.4981356704718,
1783521210,eval__Walker2d-v4__td3__klb50__mass_2p0__seed1__pid3990764,td3,Walker2d-v4,1,20,1,klb50,mass_2p0,/home/users/am1015/rl_runs_td3_walker_kl_20260703_td3_kl_softrobust_5seed_rerun/Walker2d-v4__td3_kl_klb50__1__1783389478/td3_kl_klb50.cleanrl_model,/home/users/am1015/rl_runs_td3_walker_kl_20260703_td3_kl_softrobust_5seed_rerun/Walker2d-v4__td3_kl_klb50__1__1783389478/td3_kl_klb50.cleanrl_model.norm_stats.npz,1,1,1,0.0,0.0,0.0,0.0,1.0,2.0,,1.0,-1,,-1,,1.0,,1.0,1.0,451.1628693553034,42.88936510063947,469.1584935064613,463.9830034287908,357.93869596335026,501.7323608444469,
1783521214,eval__Walker2d-v4__td3__klb50__mass_2p0__seed2__pid3990800,td3,Walker2d-v4,2,20,1,klb50,mass_2p0,/home/users/am1015/rl_runs_td3_walker_kl_20260703_td3_kl_softrobust_5seed_rerun/Walker2d-v4__td3_kl_klb50__2__1783389899/td3_kl_klb50.cleanrl_model,/home/users/am1015/rl_runs_td3_walker_kl_20260703_td3_kl_softrobust_5seed_rerun/Walker2d-v4__td3_kl_klb50__2__1783389899/td3_kl_klb50.cleanrl_model.norm_stats.npz,1,1,1,0.0,0.0,0.0,0.0,1.0,2.0,,1.0,-1,,-1,,1.0,,1.0,1.0,388.55158768059925,5.310930482114503,389.2329759968022,388.6976150359199,378.3851193349796,399.04173314149045,
1783521217,eval__Walker2d-v4__td3__klb50__mass_2p0__seed3__pid3990837,td3,Walker2d-v4,3,20,1,klb50,mass_2p0,/home/users/am1015/rl_runs_td3_walker_kl_20260703_td3_kl_softrobust_5seed_rerun/Walker2d-v4__td3_kl_klb50__3__1783428985/td3_kl_klb50.cleanrl_model,/home/users/am1015/rl_runs_td3_walker_kl_20260703_td3_kl_softrobust_5seed_rerun/Walker2d-v4__td3_kl_klb50__3__1783428985/td3_kl_klb50.cleanrl_model.norm_stats.npz,1,1,1,0.0,0.0,0.0,0.0,1.0,2.0,,1.0,-1,,-1,,1.0,,1.0,1.0,326.1937974022738,8.810693846320211,324.61991830980975,325.5536759746168,309.079315455938,345.7968515333438,
1783521221,eval__Walker2d-v4__td3__klb50__mass_2p0__seed4__pid3990888,td3,Walker2d-v4,4,20,1,klb50,mass_2p0,/home/users/am1015/rl_runs_td3_walker_kl_20260703_td3_kl_softrobust_5seed_rerun/Walker2d-v4__td3_kl_klb50__4__1783429583/td3_kl_klb50.cleanrl_model,/home/users/am1015/rl_runs_td3_walker_kl_20260703_td3_kl_softrobust_5seed_rerun/Walker2d-v4__td3_kl_klb50__4__1783429583/td3_kl_klb50.cleanrl_model.norm_stats.npz,1,1,1,0.0,0.0,0.0,0.0,1.0,2.0,,1.0,-1,,-1,,1.0,,1.0,1.0,356.165887680096,4.801769871813795,356.80753160369466,356.8115767071839,343.9810351680002,364.28422781129984,
1783521224,eval__Walker2d-v4__td3__klb50__mass_2p0__seed5__pid3990924,td3,Walker2d-v4,5,20,1,klb50,mass_2p0,/home/users/am1015/rl_runs_td3_walker_kl_20260703_td3_kl_softrobust_5seed_rerun/Walker2d-v4__td3_kl_klb50__5__1783434023/td3_kl_klb50.cleanrl_model,/home/users/am1015/rl_runs_td3_walker_kl_20260703_td3_kl_softrobust_5seed_rerun/Walker2d-v4__td3_kl_klb50__5__1783434023/td3_kl_klb50.cleanrl_model.norm_stats.npz,1,1,1,0.0,0.0,0.0,0.0,1.0,2.0,,1.0,-1,,-1,,1.0,,1.0,1.0,309.6629836778649,15.134150898213822,309.89181209642345,310.85236216365286,281.45632079968976,339.8199704701849,
1783521227,eval__Walker2d-v4__td3__klb100__mass_0p1__seed1__pid3990960,td3,Walker2d-v4,1,20,1,klb100,mass_0p1,/home/users/am1015/rl_runs_td3_walker_kl_20260703_td3_kl_softrobust_5seed_rerun/Walker2d-v4__td3_kl_klb100__1__1783434489/td3_kl_klb100.cleanrl_model,/home/users/am1015/rl_runs_td3_walker_kl_20260703_td3_kl_softrobust_5seed_rerun/Walker2d-v4__td3_kl_klb100__1__1783434489/td3_kl_klb100.cleanrl_model.norm_stats.npz,1,1,1,0.0,0.0,0.0,0.0,1.0,0.1,,1.0,-1,,-1,,1.0,,1.0,1.0,89.69286540165663,79.38256917878657,102.68124778219853,83.33651065160917,-2.436102055437841,320.8012003246197,
1783521230,eval__Walker2d-v4__td3__klb100__mass_0p1__seed2__pid3990997,td3,Walker2d-v4,2,20,1,klb100,mass_0p1,/home/users/am1015/rl_runs_td3_walker_kl_20260703_td3_kl_softrobust_5seed_rerun/Walker2d-v4__td3_kl_klb100__2__1783439243/td3_kl_klb100.cleanrl_model,/home/users/am1015/rl_runs_td3_walker_kl_20260703_td3_kl_softrobust_5seed_rerun/Walker2d-v4__td3_kl_klb100__2__1783439243/td3_kl_klb100.cleanrl_model.norm_stats.npz,1,1,1,0.0,0.0,0.0,0.0,1.0,0.1,,1.0,-1,,-1,,1.0,,1.0,1.0,171.1045833976932,145.71699236371148,117.26763700895548,150.25965460306412,1.1190602038977242,410.07436311513777,
1783521232,eval__Walker2d-v4__td3__klb100__mass_0p1__seed3__pid3991049,td3,Walker2d-v4,3,20,1,klb100,mass_0p1,/home/users/am1015/rl_runs_td3_walker_kl_20260703_td3_kl_softrobust_5seed_rerun/Walker2d-v4__td3_kl_klb100__3__1783439603/td3_kl_klb100.cleanrl_model,/home/users/am1015/rl_runs_td3_walker_kl_20260703_td3_kl_softrobust_5seed_rerun/Walker2d-v4__td3_kl_klb100__3__1783439603/td3_kl_klb100.cleanrl_model.norm_stats.npz,1,1,1,0.0,0.0,0.0,0.0,1.0,0.1,,1.0,-1,,-1,,1.0,,1.0,1.0,60.75290092516072,88.47547942587364,31.87861093058425,38.33347746416335,-15.773115153522472,328.544008609847,
1783521236,eval__Walker2d-v4__td3__klb100__mass_0p1__seed4__pid3991087,td3,Walker2d-v4,4,20,1,klb100,mass_0p1,/home/users/am1015/rl_runs_td3_walker_kl_20260703_td3_kl_softrobust_5seed_rerun/Walker2d-v4__td3_kl_klb100__4__1783439905/td3_kl_klb100.cleanrl_model,/home/users/am1015/rl_runs_td3_walker_kl_20260703_td3_kl_softrobust_5seed_rerun/Walker2d-v4__td3_kl_klb100__4__1783439905/td3_kl_klb100.cleanrl_model.norm_stats.npz,1,1,1,0.0,0.0,0.0,0.0,1.0,0.1,,1.0,-1,,-1,,1.0,,1.0,1.0,168.07752508454791,218.6666981440872,113.2954208900635,105.04703271644972,18.169407503089744,1004.5836015339248,
1783521239,eval__Walker2d-v4__td3__klb100__mass_0p1__seed5__pid3991123,td3,Walker2d-v4,5,20,1,klb100,mass_0p1,/home/users/am1015/rl_runs_td3_walker_kl_20260703_td3_kl_softrobust_5seed_rerun/Walker2d-v4__td3_kl_klb100__5__1783440323/td3_kl_klb100.cleanrl_model,/home/users/am1015/rl_runs_td3_walker_kl_20260703_td3_kl_softrobust_5seed_rerun/Walker2d-v4__td3_kl_klb100__5__1783440323/td3_kl_klb100.cleanrl_model.norm_stats.npz,1,1,1,0.0,0.0,0.0,0.0,1.0,0.1,,1.0,-1,,-1,,1.0,,1.0,1.0,35.901431845607966,91.92567730090336,5.551864921662594,5.326808695914613,-14.024095733281396,371.1270624986816,
1783521242,eval__Walker2d-v4__td3__klb100__mass_0p2__seed1__pid3991366,td3,Walker2d-v4,1,20,1,klb100,mass_0p2,/home/users/am1015/rl_runs_td3_walker_kl_20260703_td3_kl_softrobust_5seed_rerun/Walker2d-v4__td3_kl_klb100__1__1783434489/td3_kl_klb100.cleanrl_model,/home/users/am1015/rl_runs_td3_walker_kl_20260703_td3_kl_softrobust_5seed_rerun/Walker2d-v4__td3_kl_klb100__1__1783434489/td3_kl_klb100.cleanrl_model.norm_stats.npz,1,1,1,0.0,0.0,0.0,0.0,1.0,0.2,,1.0,-1,,-1,,1.0,,1.0,1.0,248.64064760794395,353.94060774041964,196.79372009762463,197.6934370300659,4.460226103887339,1700.920190926055,
1783521245,eval__Walker2d-v4__td3__klb100__mass_0p2__seed2__pid3991434,td3,Walker2d-v4,2,20,1,klb100,mass_0p2,/home/users/am1015/rl_runs_td3_walker_kl_20260703_td3_kl_softrobust_5seed_rerun/Walker2d-v4__td3_kl_klb100__2__1783439243/td3_kl_klb100.cleanrl_model,/home/users/am1015/rl_runs_td3_walker_kl_20260703_td3_kl_softrobust_5seed_rerun/Walker2d-v4__td3_kl_klb100__2__1783439243/td3_kl_klb100.cleanrl_model.norm_stats.npz,1,1,1,0.0,0.0,0.0,0.0,1.0,0.2,,1.0,-1,,-1,,1.0,,1.0,1.0,250.9297532151274,157.52489238540662,290.3746028696578,249.10518300591932,32.85136589022296,580.6015200490631,
1783521249,eval__Walker2d-v4__td3__klb100__mass_0p2__seed3__pid3991486,td3,Walker2d-v4,3,20,1,klb100,mass_0p2,/home/users/am1015/rl_runs_td3_walker_kl_20260703_td3_kl_softrobust_5seed_rerun/Walker2d-v4__td3_kl_klb100__3__1783439603/td3_kl_klb100.cleanrl_model,/home/users/am1015/rl_runs_td3_walker_kl_20260703_td3_kl_softrobust_5seed_rerun/Walker2d-v4__td3_kl_klb100__3__1783439603/td3_kl_klb100.cleanrl_model.norm_stats.npz,1,1,1,0.0,0.0,0.0,0.0,1.0,0.2,,1.0,-1,,-1,,1.0,,1.0,1.0,285.49429013415164,112.85063095042784,299.07457761373985,301.3455698965682,25.329106307608416,456.3827708840295,
1783521255,eval__Walker2d-v4__td3__klb100__mass_0p2__seed4__pid3991522,td3,Walker2d-v4,4,20,1,klb100,mass_0p2,/home/users/am1015/rl_runs_td3_walker_kl_20260703_td3_kl_softrobust_5seed_rerun/Walker2d-v4__td3_kl_klb100__4__1783439905/td3_kl_klb100.cleanrl_model,/home/users/am1015/rl_runs_td3_walker_kl_20260703_td3_kl_softrobust_5seed_rerun/Walker2d-v4__td3_kl_klb100__4__1783439905/td3_kl_klb100.cleanrl_model.norm_stats.npz,1,1,1,0.0,0.0,0.0,0.0,1.0,0.2,,1.0,-1,,-1,,1.0,,1.0,1.0,394.3172704058253,252.3793853743113,333.0738813023856,342.9112429214573,69.6593943593644,1001.1220377928728,
1783521259,eval__Walker2d-v4__td3__klb100__mass_0p2__seed5__pid3991560,td3,Walker2d-v4,5,20,1,klb100,mass_0p2,/home/users/am1015/rl_runs_td3_walker_kl_20260703_td3_kl_softrobust_5seed_rerun/Walker2d-v4__td3_kl_klb100__5__1783440323/td3_kl_klb100.cleanrl_model,/home/users/am1015/rl_runs_td3_walker_kl_20260703_td3_kl_softrobust_5seed_rerun/Walker2d-v4__td3_kl_klb100__5__1783440323/td3_kl_klb100.cleanrl_model.norm_stats.npz,1,1,1,0.0,0.0,0.0,0.0,1.0,0.2,,1.0,-1,,-1,,1.0,,1.0,1.0,171.69475168277506,121.1307325958702,157.3562678978977,167.9144987329347,-4.729826247439905,442.0957610493941,
1783521263,eval__Walker2d-v4__td3__klb100__mass_0p3__seed1__pid3991596,td3,Walker2d-v4,1,20,1,klb100,mass_0p3,/home/users/am1015/rl_runs_td3_walker_kl_20260703_td3_kl_softrobust_5seed_rerun/Walker2d-v4__td3_kl_klb100__1__1783434489/td3_kl_klb100.cleanrl_model,/home/users/am1015/rl_runs_td3_walker_kl_20260703_td3_kl_softrobust_5seed_rerun/Walker2d-v4__td3_kl_klb100__1__1783434489/td3_kl_klb100.cleanrl_model.norm_stats.npz,1,1,1,0.0,0.0,0.0,0.0,1.0,0.3,,1.0,-1,,-1,,1.0,,1.0,1.0,230.20054916926432,80.57876547051798,249.8127748089377,241.3356681111556,48.89286026399456,347.84895165286093,
1783521267,eval__Walker2d-v4__td3__klb100__mass_0p3__seed2__pid3991647,td3,Walker2d-v4,2,20,1,klb100,mass_0p3,/home/users/am1015/rl_runs_td3_walker_kl_20260703_td3_kl_softrobust_5seed_rerun/Walker2d-v4__td3_kl_klb100__2__1783439243/td3_kl_klb100.cleanrl_model,/home/users/am1015/rl_runs_td3_walker_kl_20260703_td3_kl_softrobust_5seed_rerun/Walker2d-v4__td3_kl_klb100__2__1783439243/td3_kl_klb100.cleanrl_model.norm_stats.npz,1,1,1,0.0,0.0,0.0,0.0,1.0,0.3,,1.0,-1,,-1,,1.0,,1.0,1.0,202.5411459445884,150.89832977513137,109.81426992937112,137.29860448901024,87.8924685469036,509.9404183584178,
1783521272,eval__Walker2d-v4__td3__klb100__mass_0p3__seed3__pid3991683,td3,Walker2d-v4,3,20,1,klb100,mass_0p3,/home/users/am1015/rl_runs_td3_walker_kl_20260703_td3_kl_softrobust_5seed_rerun/Walker2d-v4__td3_kl_klb100__3__1783439603/td3_kl_klb100.cleanrl_model,/home/users/am1015/rl_runs_td3_walker_kl_20260703_td3_kl_softrobust_5seed_rerun/Walker2d-v4__td3_kl_klb100__3__1783439603/td3_kl_klb100.cleanrl_model.norm_stats.npz,1,1,1,0.0,0.0,0.0,0.0,1.0,0.3,,1.0,-1,,-1,,1.0,,1.0,1.0,492.7967981889621,118.14713037336963,520.7922105998158,524.1971930405955,69.31701195321855,580.5297006582448,
1783521278,eval__Walker2d-v4__td3__klb100__mass_0p3__seed4__pid3991720,td3,Walker2d-v4,4,20,1,klb100,mass_0p3,/home/users/am1015/rl_runs_td3_walker_kl_20260703_td3_kl_softrobust_5seed_rerun/Walker2d-v4__td3_kl_klb100__4__1783439905/td3_kl_klb100.cleanrl_model,/home/users/am1015/rl_runs_td3_walker_kl_20260703_td3_kl_softrobust_5seed_rerun/Walker2d-v4__td3_kl_klb100__4__1783439905/td3_kl_klb100.cleanrl_model.norm_stats.npz,1,1,1,0.0,0.0,0.0,0.0,1.0,0.3,,1.0,-1,,-1,,1.0,,1.0,1.0,501.3489373601883,332.0383168757555,470.54528425767967,474.9051854104287,84.85017495083683,1036.3295689638662,
1783521283,eval__Walker2d-v4__td3__klb100__mass_0p3__seed5__pid3992330,td3,Walker2d-v4,5,20,1,klb100,mass_0p3,/home/users/am1015/rl_runs_td3_walker_kl_20260703_td3_kl_softrobust_5seed_rerun/Walker2d-v4__td3_kl_klb100__5__1783440323/td3_kl_klb100.cleanrl_model,/home/users/am1015/rl_runs_td3_walker_kl_20260703_td3_kl_softrobust_5seed_rerun/Walker2d-v4__td3_kl_klb100__5__1783440323/td3_kl_klb100.cleanrl_model.norm_stats.npz,1,1,1,0.0,0.0,0.0,0.0,1.0,0.3,,1.0,-1,,-1,,1.0,,1.0,1.0,768.6594700692883,296.3773794432473,790.844957831423,778.7318443993759,214.6502193405416,1545.899974529212,
1783521288,eval__Walker2d-v4__td3__klb100__mass_0p4__seed1__pid3992367,td3,Walker2d-v4,1,20,1,klb100,mass_0p4,/home/users/am1015/rl_runs_td3_walker_kl_20260703_td3_kl_softrobust_5seed_rerun/Walker2d-v4__td3_kl_klb100__1__1783434489/td3_kl_klb100.cleanrl_model,/home/users/am1015/rl_runs_td3_walker_kl_20260703_td3_kl_softrobust_5seed_rerun/Walker2d-v4__td3_kl_klb100__1__1783434489/td3_kl_klb100.cleanrl_model.norm_stats.npz,1,1,1,0.0,0.0,0.0,0.0,1.0,0.4,,1.0,-1,,-1,,1.0,,1.0,1.0,468.60333384326367,248.2639731448733,415.0683318963874,440.3618188247471,40.079264158180735,879.1020015027061,
1783521292,eval__Walker2d-v4__td3__klb100__mass_0p4__seed2__pid3992403,td3,Walker2d-v4,2,20,1,klb100,mass_0p4,/home/users/am1015/rl_runs_td3_walker_kl_20260703_td3_kl_softrobust_5seed_rerun/Walker2d-v4__td3_kl_klb100__2__1783439243/td3_kl_klb100.cleanrl_model,/home/users/am1015/rl_runs_td3_walker_kl_20260703_td3_kl_softrobust_5seed_rerun/Walker2d-v4__td3_kl_klb100__2__1783439243/td3_kl_klb100.cleanrl_model.norm_stats.npz,1,1,1,0.0,0.0,0.0,0.0,1.0,0.4,,1.0,-1,,-1,,1.0,,1.0,1.0,546.9430798031169,270.9761462082937,633.0670991658249,635.2838483242926,72.31163340568874,970.5022393926648,
1783521296,eval__Walker2d-v4__td3__klb100__mass_0p4__seed3__pid3992454,td3,Walker2d-v4,3,20,1,klb100,mass_0p4,/home/users/am1015/rl_runs_td3_walker_kl_20260703_td3_kl_softrobust_5seed_rerun/Walker2d-v4__td3_kl_klb100__3__1783439603/td3_kl_klb100.cleanrl_model,/home/users/am1015/rl_runs_td3_walker_kl_20260703_td3_kl_softrobust_5seed_rerun/Walker2d-v4__td3_kl_klb100__3__1783439603/td3_kl_klb100.cleanrl_model.norm_stats.npz,1,1,1,0.0,0.0,0.0,0.0,1.0,0.4,,1.0,-1,,-1,,1.0,,1.0,1.0,554.1255297473441,119.02381787693692,582.4871383775005,566.7039891190078,242.3150600140433,762.1186061824687,
1783521301,eval__Walker2d-v4__td3__klb100__mass_0p4__seed4__pid3992490,td3,Walker2d-v4,4,20,1,klb100,mass_0p4,/home/users/am1015/rl_runs_td3_walker_kl_20260703_td3_kl_softrobust_5seed_rerun/Walker2d-v4__td3_kl_klb100__4__1783439905/td3_kl_klb100.cleanrl_model,/home/users/am1015/rl_runs_td3_walker_kl_20260703_td3_kl_softrobust_5seed_rerun/Walker2d-v4__td3_kl_klb100__4__1783439905/td3_kl_klb100.cleanrl_model.norm_stats.npz,1,1,1,0.0,0.0,0.0,0.0,1.0,0.4,,1.0,-1,,-1,,1.0,,1.0,1.0,395.6589221811802,259.0264161734817,345.9393013697222,332.430688004515,137.20253783372834,1190.6897318541985,
1783521307,eval__Walker2d-v4__td3__klb100__mass_0p4__seed5__pid3992530,td3,Walker2d-v4,5,20,1,klb100,mass_0p4,/home/users/am1015/rl_runs_td3_walker_kl_20260703_td3_kl_softrobust_5seed_rerun/Walker2d-v4__td3_kl_klb100__5__1783440323/td3_kl_klb100.cleanrl_model,/home/users/am1015/rl_runs_td3_walker_kl_20260703_td3_kl_softrobust_5seed_rerun/Walker2d-v4__td3_kl_klb100__5__1783440323/td3_kl_klb100.cleanrl_model.norm_stats.npz,1,1,1,0.0,0.0,0.0,0.0,1.0,0.4,,1.0,-1,,-1,,1.0,,1.0,1.0,1022.7291657423996,360.1457425942192,858.2017384698829,926.5432529790272,592.3740696675366,1903.405594966536,
1783521311,eval__Walker2d-v4__td3__klb100__mass_0p5__seed1__pid3992583,td3,Walker2d-v4,1,20,1,klb100,mass_0p5,/home/users/am1015/rl_runs_td3_walker_kl_20260703_td3_kl_softrobust_5seed_rerun/Walker2d-v4__td3_kl_klb100__1__1783434489/td3_kl_klb100.cleanrl_model,/home/users/am1015/rl_runs_td3_walker_kl_20260703_td3_kl_softrobust_5seed_rerun/Walker2d-v4__td3_kl_klb100__1__1783434489/td3_kl_klb100.cleanrl_model.norm_stats.npz,1,1,1,0.0,0.0,0.0,0.0,1.0,0.5,,1.0,-1,,-1,,1.0,,1.0,1.0,585.7270355423248,129.84201148267306,603.8326953637155,597.2854473051738,211.4886601100507,801.2166008787189,
1783521316,eval__Walker2d-v4__td3__klb100__mass_0p5__seed2__pid3992619,td3,Walker2d-v4,2,20,1,klb100,mass_0p5,/home/users/am1015/rl_runs_td3_walker_kl_20260703_td3_kl_softrobust_5seed_rerun/Walker2d-v4__td3_kl_klb100__2__1783439243/td3_kl_klb100.cleanrl_model,/home/users/am1015/rl_runs_td3_walker_kl_20260703_td3_kl_softrobust_5seed_rerun/Walker2d-v4__td3_kl_klb100__2__1783439243/td3_kl_klb100.cleanrl_model.norm_stats.npz,1,1,1,0.0,0.0,0.0,0.0,1.0,0.5,,1.0,-1,,-1,,1.0,,1.0,1.0,645.4313851881714,79.75085150849927,646.7047215829259,645.5502732433171,510.7065277553256,769.0675145830511,
1783521320,eval__Walker2d-v4__td3__klb100__mass_0p5__seed3__pid3992657,td3,Walker2d-v4,3,20,1,klb100,mass_0p5,/home/users/am1015/rl_runs_td3_walker_kl_20260703_td3_kl_softrobust_5seed_rerun/Walker2d-v4__td3_kl_klb100__3__1783439603/td3_kl_klb100.cleanrl_model,/home/users/am1015/rl_runs_td3_walker_kl_20260703_td3_kl_softrobust_5seed_rerun/Walker2d-v4__td3_kl_klb100__3__1783439603/td3_kl_klb100.cleanrl_model.norm_stats.npz,1,1,1,0.0,0.0,0.0,0.0,1.0,0.5,,1.0,-1,,-1,,1.0,,1.0,1.0,583.784059187312,204.4869034653121,665.133168744688,633.7835621075076,98.25863621361256,919.2706903925748,
1783521326,eval__Walker2d-v4__td3__klb100__mass_0p5__seed4__pid3992708,td3,Walker2d-v4,4,20,1,klb100,mass_0p5,/home/users/am1015/rl_runs_td3_walker_kl_20260703_td3_kl_softrobust_5seed_rerun/Walker2d-v4__td3_kl_klb100__4__1783439905/td3_kl_klb100.cleanrl_model,/home/users/am1015/rl_runs_td3_walker_kl_20260703_td3_kl_softrobust_5seed_rerun/Walker2d-v4__td3_kl_klb100__4__1783439905/td3_kl_klb100.cleanrl_model.norm_stats.npz,1,1,1,0.0,0.0,0.0,0.0,1.0,0.5,,1.0,-1,,-1,,1.0,,1.0,1.0,522.3985566983162,229.8967957523613,563.1118860704494,542.7267789263921,76.77412649960918,897.2414502569424,
1783521330,eval__Walker2d-v4__td3__klb100__mass_0p5__seed5__pid3992748,td3,Walker2d-v4,5,20,1,klb100,mass_0p5,/home/users/am1015/rl_runs_td3_walker_kl_20260703_td3_kl_softrobust_5seed_rerun/Walker2d-v4__td3_kl_klb100__5__1783440323/td3_kl_klb100.cleanrl_model,/home/users/am1015/rl_runs_td3_walker_kl_20260703_td3_kl_softrobust_5seed_rerun/Walker2d-v4__td3_kl_klb100__5__1783440323/td3_kl_klb100.cleanrl_model.norm_stats.npz,1,1,1,0.0,0.0,0.0,0.0,1.0,0.5,,1.0,-1,,-1,,1.0,,1.0,1.0,601.4733649539733,304.96290613192105,574.6017599601298,579.9218123001734,111.18369808292776,1487.856319233126,
1783521334,eval__Walker2d-v4__td3__klb100__mass_0p6__seed1__pid3992793,td3,Walker2d-v4,1,20,1,klb100,mass_0p6,/home/users/am1015/rl_runs_td3_walker_kl_20260703_td3_kl_softrobust_5seed_rerun/Walker2d-v4__td3_kl_klb100__1__1783434489/td3_kl_klb100.cleanrl_model,/home/users/am1015/rl_runs_td3_walker_kl_20260703_td3_kl_softrobust_5seed_rerun/Walker2d-v4__td3_kl_klb100__1__1783434489/td3_kl_klb100.cleanrl_model.norm_stats.npz,1,1,1,0.0,0.0,0.0,0.0,1.0,0.6,,1.0,-1,,-1,,1.0,,1.0,1.0,514.406467790436,40.60357223561483,515.0861126701033,519.577632949978,448.63716258922966,583.7108118718288,
1783521339,eval__Walker2d-v4__td3__klb100__mass_0p6__seed2__pid3992853,td3,Walker2d-v4,2,20,1,klb100,mass_0p6,/home/users/am1015/rl_runs_td3_walker_kl_20260703_td3_kl_softrobust_5seed_rerun/Walker2d-v4__td3_kl_klb100__2__1783439243/td3_kl_klb100.cleanrl_model,/home/users/am1015/rl_runs_td3_walker_kl_20260703_td3_kl_softrobust_5seed_rerun/Walker2d-v4__td3_kl_klb100__2__1783439243/td3_kl_klb100.cleanrl_model.norm_stats.npz,1,1,1,0.0,0.0,0.0,0.0,1.0,0.6,,1.0,-1,,-1,,1.0,,1.0,1.0,608.9743008603702,71.10052499741145,594.2611960258333,599.8359855375559,499.2028025938422,823.1906519379036,
1783521344,eval__Walker2d-v4__td3__klb100__mass_0p6__seed3__pid3992906,td3,Walker2d-v4,3,20,1,klb100,mass_0p6,/home/users/am1015/rl_runs_td3_walker_kl_20260703_td3_kl_softrobust_5seed_rerun/Walker2d-v4__td3_kl_klb100__3__1783439603/td3_kl_klb100.cleanrl_model,/home/users/am1015/rl_runs_td3_walker_kl_20260703_td3_kl_softrobust_5seed_rerun/Walker2d-v4__td3_kl_klb100__3__1783439603/td3_kl_klb100.cleanrl_model.norm_stats.npz,1,1,1,0.0,0.0,0.0,0.0,1.0,0.6,,1.0,-1,,-1,,1.0,,1.0,1.0,811.1520023020663,191.59704197038988,735.2458331147716,737.0111804960071,669.6990788144967,1342.963545344814,
1783521349,eval__Walker2d-v4__td3__klb100__mass_0p6__seed4__pid3992971,td3,Walker2d-v4,4,20,1,klb100,mass_0p6,/home/users/am1015/rl_runs_td3_walker_kl_20260703_td3_kl_softrobust_5seed_rerun/Walker2d-v4__td3_kl_klb100__4__1783439905/td3_kl_klb100.cleanrl_model,/home/users/am1015/rl_runs_td3_walker_kl_20260703_td3_kl_softrobust_5seed_rerun/Walker2d-v4__td3_kl_klb100__4__1783439905/td3_kl_klb100.cleanrl_model.norm_stats.npz,1,1,1,0.0,0.0,0.0,0.0,1.0,0.6,,1.0,-1,,-1,,1.0,,1.0,1.0,293.1486888122451,219.4256576304476,157.86664869365347,208.1641119416494,112.33409601539596,735.9554279997564,
1783521353,eval__Walker2d-v4__td3__klb100__mass_0p6__seed5__pid3993023,td3,Walker2d-v4,5,20,1,klb100,mass_0p6,/home/users/am1015/rl_runs_td3_walker_kl_20260703_td3_kl_softrobust_5seed_rerun/Walker2d-v4__td3_kl_klb100__5__1783440323/td3_kl_klb100.cleanrl_model,/home/users/am1015/rl_runs_td3_walker_kl_20260703_td3_kl_softrobust_5seed_rerun/Walker2d-v4__td3_kl_klb100__5__1783440323/td3_kl_klb100.cleanrl_model.norm_stats.npz,1,1,1,0.0,0.0,0.0,0.0,1.0,0.6,,1.0,-1,,-1,,1.0,,1.0,1.0,740.6235107732908,212.31031827625185,636.8138070791779,683.6513286415961,524.639403224618,1120.4287046209145,
1783521357,eval__Walker2d-v4__td3__klb100__mass_0p7__seed1__pid3993074,td3,Walker2d-v4,1,20,1,klb100,mass_0p7,/home/users/am1015/rl_runs_td3_walker_kl_20260703_td3_kl_softrobust_5seed_rerun/Walker2d-v4__td3_kl_klb100__1__1783434489/td3_kl_klb100.cleanrl_model,/home/users/am1015/rl_runs_td3_walker_kl_20260703_td3_kl_softrobust_5seed_rerun/Walker2d-v4__td3_kl_klb100__1__1783434489/td3_kl_klb100.cleanrl_model.norm_stats.npz,1,1,1,0.0,0.0,0.0,0.0,1.0,0.7,,1.0,-1,,-1,,1.0,,1.0,1.0,454.5386862765051,42.66090572664121,441.3612310855197,443.9681765777351,410.9369069429344,575.4572358321511,
1783521362,eval__Walker2d-v4__td3__klb100__mass_0p7__seed2__pid3993110,td3,Walker2d-v4,2,20,1,klb100,mass_0p7,/home/users/am1015/rl_runs_td3_walker_kl_20260703_td3_kl_softrobust_5seed_rerun/Walker2d-v4__td3_kl_klb100__2__1783439243/td3_kl_klb100.cleanrl_model,/home/users/am1015/rl_runs_td3_walker_kl_20260703_td3_kl_softrobust_5seed_rerun/Walker2d-v4__td3_kl_klb100__2__1783439243/td3_kl_klb100.cleanrl_model.norm_stats.npz,1,1,1,0.0,0.0,0.0,0.0,1.0,0.7,,1.0,-1,,-1,,1.0,,1.0,1.0,683.9381988849748,179.01879617438374,618.5213057248588,619.7134980773525,541.0243649297075,1142.751398965093,
1783521367,eval__Walker2d-v4__td3__klb100__mass_0p7__seed3__pid3993148,td3,Walker2d-v4,3,20,1,klb100,mass_0p7,/home/users/am1015/rl_runs_td3_walker_kl_20260703_td3_kl_softrobust_5seed_rerun/Walker2d-v4__td3_kl_klb100__3__1783439603/td3_kl_klb100.cleanrl_model,/home/users/am1015/rl_runs_td3_walker_kl_20260703_td3_kl_softrobust_5seed_rerun/Walker2d-v4__td3_kl_klb100__3__1783439603/td3_kl_klb100.cleanrl_model.norm_stats.npz,1,1,1,0.0,0.0,0.0,0.0,1.0,0.7,,1.0,-1,,-1,,1.0,,1.0,1.0,984.7403817675452,184.0966676496844,957.3437867456912,955.4528797461828,722.4180155212804,1312.996418808165,
1783521372,eval__Walker2d-v4__td3__klb100__mass_0p7__seed4__pid3993602,td3,Walker2d-v4,4,20,1,klb100,mass_0p7,/home/users/am1015/rl_runs_td3_walker_kl_20260703_td3_kl_softrobust_5seed_rerun/Walker2d-v4__td3_kl_klb100__4__1783439905/td3_kl_klb100.cleanrl_model,/home/users/am1015/rl_runs_td3_walker_kl_20260703_td3_kl_softrobust_5seed_rerun/Walker2d-v4__td3_kl_klb100__4__1783439905/td3_kl_klb100.cleanrl_model.norm_stats.npz,1,1,1,0.0,0.0,0.0,0.0,1.0,0.7,,1.0,-1,,-1,,1.0,,1.0,1.0,393.467906992821,289.4233101893109,291.3786690549137,318.09075972303515,114.16873710406875,969.6018760312948,
1783521377,eval__Walker2d-v4__td3__klb100__mass_0p7__seed5__pid3993639,td3,Walker2d-v4,5,20,1,klb100,mass_0p7,/home/users/am1015/rl_runs_td3_walker_kl_20260703_td3_kl_softrobust_5seed_rerun/Walker2d-v4__td3_kl_klb100__5__1783440323/td3_kl_klb100.cleanrl_model,/home/users/am1015/rl_runs_td3_walker_kl_20260703_td3_kl_softrobust_5seed_rerun/Walker2d-v4__td3_kl_klb100__5__1783440323/td3_kl_klb100.cleanrl_model.norm_stats.npz,1,1,1,0.0,0.0,0.0,0.0,1.0,0.7,,1.0,-1,,-1,,1.0,,1.0,1.0,985.8414555680978,241.6003485259231,1011.921367673762,978.3322546935502,566.8858927146789,1637.9210031352814,
1783521382,eval__Walker2d-v4__td3__klb100__mass_0p8__seed1__pid3993678,td3,Walker2d-v4,1,20,1,klb100,mass_0p8,/home/users/am1015/rl_runs_td3_walker_kl_20260703_td3_kl_softrobust_5seed_rerun/Walker2d-v4__td3_kl_klb100__1__1783434489/td3_kl_klb100.cleanrl_model,/home/users/am1015/rl_runs_td3_walker_kl_20260703_td3_kl_softrobust_5seed_rerun/Walker2d-v4__td3_kl_klb100__1__1783434489/td3_kl_klb100.cleanrl_model.norm_stats.npz,1,1,1,0.0,0.0,0.0,0.0,1.0,0.8,,1.0,-1,,-1,,1.0,,1.0,1.0,457.7957329169823,21.90430012670523,457.1365406085574,456.73326706925553,425.13511696044696,491.7460855844321,
1783521387,eval__Walker2d-v4__td3__klb100__mass_0p8__seed2__pid3993730,td3,Walker2d-v4,2,20,1,klb100,mass_0p8,/home/users/am1015/rl_runs_td3_walker_kl_20260703_td3_kl_softrobust_5seed_rerun/Walker2d-v4__td3_kl_klb100__2__1783439243/td3_kl_klb100.cleanrl_model,/home/users/am1015/rl_runs_td3_walker_kl_20260703_td3_kl_softrobust_5seed_rerun/Walker2d-v4__td3_kl_klb100__2__1783439243/td3_kl_klb100.cleanrl_model.norm_stats.npz,1,1,1,0.0,0.0,0.0,0.0,1.0,0.8,,1.0,-1,,-1,,1.0,,1.0,1.0,867.2988171144937,171.0098882232222,836.6097783053802,853.585177233359,634.8423309590987,1158.8804443617162,
1783521392,eval__Walker2d-v4__td3__klb100__mass_0p8__seed3__pid3993767,td3,Walker2d-v4,3,20,1,klb100,mass_0p8,/home/users/am1015/rl_runs_td3_walker_kl_20260703_td3_kl_softrobust_5seed_rerun/Walker2d-v4__td3_kl_klb100__3__1783439603/td3_kl_klb100.cleanrl_model,/home/users/am1015/rl_runs_td3_walker_kl_20260703_td3_kl_softrobust_5seed_rerun/Walker2d-v4__td3_kl_klb100__3__1783439603/td3_kl_klb100.cleanrl_model.norm_stats.npz,1,1,1,0.0,0.0,0.0,0.0,1.0,0.8,,1.0,-1,,-1,,1.0,,1.0,1.0,828.5475911429594,93.98183640834972,819.4497906028641,816.3195662376405,678.6096913766451,1052.1736880526844,
1783521397,eval__Walker2d-v4__td3__klb100__mass_0p8__seed4__pid3993804,td3,Walker2d-v4,4,20,1,klb100,mass_0p8,/home/users/am1015/rl_runs_td3_walker_kl_20260703_td3_kl_softrobust_5seed_rerun/Walker2d-v4__td3_kl_klb100__4__1783439905/td3_kl_klb100.cleanrl_model,/home/users/am1015/rl_runs_td3_walker_kl_20260703_td3_kl_softrobust_5seed_rerun/Walker2d-v4__td3_kl_klb100__4__1783439905/td3_kl_klb100.cleanrl_model.norm_stats.npz,1,1,1,0.0,0.0,0.0,0.0,1.0,0.8,,1.0,-1,,-1,,1.0,,1.0,1.0,557.082371749401,234.03313321098636,597.502574983887,598.3739606218244,127.59814017316214,956.846917117807,
1783521401,eval__Walker2d-v4__td3__klb100__mass_0p8__seed5__pid3993856,td3,Walker2d-v4,5,20,1,klb100,mass_0p8,/home/users/am1015/rl_runs_td3_walker_kl_20260703_td3_kl_softrobust_5seed_rerun/Walker2d-v4__td3_kl_klb100__5__1783440323/td3_kl_klb100.cleanrl_model,/home/users/am1015/rl_runs_td3_walker_kl_20260703_td3_kl_softrobust_5seed_rerun/Walker2d-v4__td3_kl_klb100__5__1783440323/td3_kl_klb100.cleanrl_model.norm_stats.npz,1,1,1,0.0,0.0,0.0,0.0,1.0,0.8,,1.0,-1,,-1,,1.0,,1.0,1.0,817.6381338114423,399.3530647307904,933.252220685686,889.2358145576543,110.07585662090938,1349.1936597491272,
1783521008,eval__Walker2d-v4__td3__klb100__mass_0p9__seed1__pid1830562,td3,Walker2d-v4,1,20,1,klb100,mass_0p9,/home/users/am1015/rl_runs_td3_walker_kl_20260703_td3_kl_softrobust_5seed_rerun/Walker2d-v4__td3_kl_klb100__1__1783434489/td3_kl_klb100.cleanrl_model,/home/users/am1015/rl_runs_td3_walker_kl_20260703_td3_kl_softrobust_5seed_rerun/Walker2d-v4__td3_kl_klb100__1__1783434489/td3_kl_klb100.cleanrl_model.norm_stats.npz,1,1,1,0.0,0.0,0.0,0.0,1.0,0.9,,1.0,-1,,-1,,1.0,,1.0,1.0,435.1038582997165,9.991582559811638,437.2788425539712,435.33827990698217,414.94254305112327,453.2867533627531,
1783521013,eval__Walker2d-v4__td3__klb100__mass_0p9__seed2__pid1830599,td3,Walker2d-v4,2,20,1,klb100,mass_0p9,/home/users/am1015/rl_runs_td3_walker_kl_20260703_td3_kl_softrobust_5seed_rerun/Walker2d-v4__td3_kl_klb100__2__1783439243/td3_kl_klb100.cleanrl_model,/home/users/am1015/rl_runs_td3_walker_kl_20260703_td3_kl_softrobust_5seed_rerun/Walker2d-v4__td3_kl_klb100__2__1783439243/td3_kl_klb100.cleanrl_model.norm_stats.npz,1,1,1,0.0,0.0,0.0,0.0,1.0,0.9,,1.0,-1,,-1,,1.0,,1.0,1.0,751.5573226769031,180.10778244697315,728.7322234322817,725.0296552611576,537.6861743521592,1027.1555111243429,
1783521019,eval__Walker2d-v4__td3__klb100__mass_0p9__seed3__pid1830635,td3,Walker2d-v4,3,20,1,klb100,mass_0p9,/home/users/am1015/rl_runs_td3_walker_kl_20260703_td3_kl_softrobust_5seed_rerun/Walker2d-v4__td3_kl_klb100__3__1783439603/td3_kl_klb100.cleanrl_model,/home/users/am1015/rl_runs_td3_walker_kl_20260703_td3_kl_softrobust_5seed_rerun/Walker2d-v4__td3_kl_klb100__3__1783439603/td3_kl_klb100.cleanrl_model.norm_stats.npz,1,1,1,0.0,0.0,0.0,0.0,1.0,0.9,,1.0,-1,,-1,,1.0,,1.0,1.0,1036.9729381378663,205.32525252020295,988.4422970053654,984.1239828254882,796.8331514724168,1728.4772811784603,
1783521024,eval__Walker2d-v4__td3__klb100__mass_0p9__seed4__pid1830687,td3,Walker2d-v4,4,20,1,klb100,mass_0p9,/home/users/am1015/rl_runs_td3_walker_kl_20260703_td3_kl_softrobust_5seed_rerun/Walker2d-v4__td3_kl_klb100__4__1783439905/td3_kl_klb100.cleanrl_model,/home/users/am1015/rl_runs_td3_walker_kl_20260703_td3_kl_softrobust_5seed_rerun/Walker2d-v4__td3_kl_klb100__4__1783439905/td3_kl_klb100.cleanrl_model.norm_stats.npz,1,1,1,0.0,0.0,0.0,0.0,1.0,0.9,,1.0,-1,,-1,,1.0,,1.0,1.0,582.4934686475756,168.00774351832305,618.5478580844924,617.240172550348,165.36205597830207,835.0908348574969,
1783521028,eval__Walker2d-v4__td3__klb100__mass_0p9__seed5__pid1830723,td3,Walker2d-v4,5,20,1,klb100,mass_0p9,/home/users/am1015/rl_runs_td3_walker_kl_20260703_td3_kl_softrobust_5seed_rerun/Walker2d-v4__td3_kl_klb100__5__1783440323/td3_kl_klb100.cleanrl_model,/home/users/am1015/rl_runs_td3_walker_kl_20260703_td3_kl_softrobust_5seed_rerun/Walker2d-v4__td3_kl_klb100__5__1783440323/td3_kl_klb100.cleanrl_model.norm_stats.npz,1,1,1,0.0,0.0,0.0,0.0,1.0,0.9,,1.0,-1,,-1,,1.0,,1.0,1.0,573.2637200868944,120.33175874090698,612.3724955296304,614.842244296533,148.05840086623408,652.903832166323,
1783521032,eval__Walker2d-v4__td3__klb100__mass_1p0__seed1__pid1830759,td3,Walker2d-v4,1,20,1,klb100,mass_1p0,/home/users/am1015/rl_runs_td3_walker_kl_20260703_td3_kl_softrobust_5seed_rerun/Walker2d-v4__td3_kl_klb100__1__1783434489/td3_kl_klb100.cleanrl_model,/home/users/am1015/rl_runs_td3_walker_kl_20260703_td3_kl_softrobust_5seed_rerun/Walker2d-v4__td3_kl_klb100__1__1783434489/td3_kl_klb100.cleanrl_model.norm_stats.npz,1,1,1,0.0,0.0,0.0,0.0,1.0,1.0,,1.0,-1,,-1,,1.0,,1.0,1.0,431.4754629857968,7.611655167273926,430.4017791802715,431.22733986602015,416.8034108074301,444.7638560494524,
1783521036,eval__Walker2d-v4__td3__klb100__mass_1p0__seed2__pid1830811,td3,Walker2d-v4,2,20,1,klb100,mass_1p0,/home/users/am1015/rl_runs_td3_walker_kl_20260703_td3_kl_softrobust_5seed_rerun/Walker2d-v4__td3_kl_klb100__2__1783439243/td3_kl_klb100.cleanrl_model,/home/users/am1015/rl_runs_td3_walker_kl_20260703_td3_kl_softrobust_5seed_rerun/Walker2d-v4__td3_kl_klb100__2__1783439243/td3_kl_klb100.cleanrl_model.norm_stats.npz,1,1,1,0.0,0.0,0.0,0.0,1.0,1.0,,1.0,-1,,-1,,1.0,,1.0,1.0,503.6844056831756,23.2233145729262,504.5441161476385,504.25584389975313,467.8700344453293,544.4896025618423,
1783521041,eval__Walker2d-v4__td3__klb100__mass_1p0__seed3__pid1830847,td3,Walker2d-v4,3,20,1,klb100,mass_1p0,/home/users/am1015/rl_runs_td3_walker_kl_20260703_td3_kl_softrobust_5seed_rerun/Walker2d-v4__td3_kl_klb100__3__1783439603/td3_kl_klb100.cleanrl_model,/home/users/am1015/rl_runs_td3_walker_kl_20260703_td3_kl_softrobust_5seed_rerun/Walker2d-v4__td3_kl_klb100__3__1783439603/td3_kl_klb100.cleanrl_model.norm_stats.npz,1,1,1,0.0,0.0,0.0,0.0,1.0,1.0,,1.0,-1,,-1,,1.0,,1.0,1.0,780.8078078811809,177.1708634800478,727.2821924744051,725.9307863634288,589.8690162292396,1234.5388143181035,
1783521046,eval__Walker2d-v4__td3__klb100__mass_1p0__seed4__pid1830883,td3,Walker2d-v4,4,20,1,klb100,mass_1p0,/home/users/am1015/rl_runs_td3_walker_kl_20260703_td3_kl_softrobust_5seed_rerun/Walker2d-v4__td3_kl_klb100__4__1783439905/td3_kl_klb100.cleanrl_model,/home/users/am1015/rl_runs_td3_walker_kl_20260703_td3_kl_softrobust_5seed_rerun/Walker2d-v4__td3_kl_klb100__4__1783439905/td3_kl_klb100.cleanrl_model.norm_stats.npz,1,1,1,0.0,0.0,0.0,0.0,1.0,1.0,,1.0,-1,,-1,,1.0,,1.0,1.0,604.6558449851362,46.773435290126734,594.9049416420701,597.1589979154949,538.656735139307,701.9438088095945,
1783521050,eval__Walker2d-v4__td3__klb100__mass_1p0__seed5__pid1830935,td3,Walker2d-v4,5,20,1,klb100,mass_1p0,/home/users/am1015/rl_runs_td3_walker_kl_20260703_td3_kl_softrobust_5seed_rerun/Walker2d-v4__td3_kl_klb100__5__1783440323/td3_kl_klb100.cleanrl_model,/home/users/am1015/rl_runs_td3_walker_kl_20260703_td3_kl_softrobust_5seed_rerun/Walker2d-v4__td3_kl_klb100__5__1783440323/td3_kl_klb100.cleanrl_model.norm_stats.npz,1,1,1,0.0,0.0,0.0,0.0,1.0,1.0,,1.0,-1,,-1,,1.0,,1.0,1.0,699.2562354011973,186.79009906974116,691.2045637324184,687.7524363125598,451.67314388111726,1012.794124645046,
1783521054,eval__Walker2d-v4__td3__klb100__mass_1p1__seed1__pid1830971,td3,Walker2d-v4,1,20,1,klb100,mass_1p1,/home/users/am1015/rl_runs_td3_walker_kl_20260703_td3_kl_softrobust_5seed_rerun/Walker2d-v4__td3_kl_klb100__1__1783434489/td3_kl_klb100.cleanrl_model,/home/users/am1015/rl_runs_td3_walker_kl_20260703_td3_kl_softrobust_5seed_rerun/Walker2d-v4__td3_kl_klb100__1__1783434489/td3_kl_klb100.cleanrl_model.norm_stats.npz,1,1,1,0.0,0.0,0.0,0.0,1.0,1.1,,1.0,-1,,-1,,1.0,,1.0,1.0,424.0930554778264,7.967402432030743,423.10386695256057,423.2717263109416,411.3641436686706,445.18083972317726,
1783521058,eval__Walker2d-v4__td3__klb100__mass_1p1__seed2__pid1831009,td3,Walker2d-v4,2,20,1,klb100,mass_1p1,/home/users/am1015/rl_runs_td3_walker_kl_20260703_td3_kl_softrobust_5seed_rerun/Walker2d-v4__td3_kl_klb100__2__1783439243/td3_kl_klb100.cleanrl_model,/home/users/am1015/rl_runs_td3_walker_kl_20260703_td3_kl_softrobust_5seed_rerun/Walker2d-v4__td3_kl_klb100__2__1783439243/td3_kl_klb100.cleanrl_model.norm_stats.npz,1,1,1,0.0,0.0,0.0,0.0,1.0,1.1,,1.0,-1,,-1,,1.0,,1.0,1.0,494.4511569968618,38.68454708522015,495.0529735581474,493.4089008428326,430.9430646662361,554.9740171954278,
1783521063,eval__Walker2d-v4__td3__klb100__mass_1p1__seed3__pid1831046,td3,Walker2d-v4,3,20,1,klb100,mass_1p1,/home/users/am1015/rl_runs_td3_walker_kl_20260703_td3_kl_softrobust_5seed_rerun/Walker2d-v4__td3_kl_klb100__3__1783439603/td3_kl_klb100.cleanrl_model,/home/users/am1015/rl_runs_td3_walker_kl_20260703_td3_kl_softrobust_5seed_rerun/Walker2d-v4__td3_kl_klb100__3__1783439603/td3_kl_klb100.cleanrl_model.norm_stats.npz,1,1,1,0.0,0.0,0.0,0.0,1.0,1.1,,1.0,-1,,-1,,1.0,,1.0,1.0,818.2832367906124,133.95519405130625,821.6454633608034,830.83844996963,591.683508181428,1130.9249383304953,
1783521068,eval__Walker2d-v4__td3__klb100__mass_1p1__seed4__pid1831098,td3,Walker2d-v4,4,20,1,klb100,mass_1p1,/home/users/am1015/rl_runs_td3_walker_kl_20260703_td3_kl_softrobust_5seed_rerun/Walker2d-v4__td3_kl_klb100__4__1783439905/td3_kl_klb100.cleanrl_model,/home/users/am1015/rl_runs_td3_walker_kl_20260703_td3_kl_softrobust_5seed_rerun/Walker2d-v4__td3_kl_klb100__4__1783439905/td3_kl_klb100.cleanrl_model.norm_stats.npz,1,1,1,0.0,0.0,0.0,0.0,1.0,1.1,,1.0,-1,,-1,,1.0,,1.0,1.0,600.1617793524794,42.50352873918252,604.9351853396006,602.2516531583215,513.8116557566368,689.9977951953737,
1783521072,eval__Walker2d-v4__td3__klb100__mass_1p1__seed5__pid1831134,td3,Walker2d-v4,5,20,1,klb100,mass_1p1,/home/users/am1015/rl_runs_td3_walker_kl_20260703_td3_kl_softrobust_5seed_rerun/Walker2d-v4__td3_kl_klb100__5__1783440323/td3_kl_klb100.cleanrl_model,/home/users/am1015/rl_runs_td3_walker_kl_20260703_td3_kl_softrobust_5seed_rerun/Walker2d-v4__td3_kl_klb100__5__1783440323/td3_kl_klb100.cleanrl_model.norm_stats.npz,1,1,1,0.0,0.0,0.0,0.0,1.0,1.1,,1.0,-1,,-1,,1.0,,1.0,1.0,502.82709815822574,84.03834229794367,485.12946049645336,491.1022288161786,402.9212438382005,697.7961063806813,
1783521076,eval__Walker2d-v4__td3__klb100__mass_1p3__seed1__pid1831170,td3,Walker2d-v4,1,20,1,klb100,mass_1p3,/home/users/am1015/rl_runs_td3_walker_kl_20260703_td3_kl_softrobust_5seed_rerun/Walker2d-v4__td3_kl_klb100__1__1783434489/td3_kl_klb100.cleanrl_model,/home/users/am1015/rl_runs_td3_walker_kl_20260703_td3_kl_softrobust_5seed_rerun/Walker2d-v4__td3_kl_klb100__1__1783434489/td3_kl_klb100.cleanrl_model.norm_stats.npz,1,1,1,0.0,0.0,0.0,0.0,1.0,1.3,,1.0,-1,,-1,,1.0,,1.0,1.0,412.60794204337753,6.924216772859086,412.9659905810392,412.1996648844089,401.6181131986698,427.72323837068456,
1783521080,eval__Walker2d-v4__td3__klb100__mass_1p3__seed2__pid1831222,td3,Walker2d-v4,2,20,1,klb100,mass_1p3,/home/users/am1015/rl_runs_td3_walker_kl_20260703_td3_kl_softrobust_5seed_rerun/Walker2d-v4__td3_kl_klb100__2__1783439243/td3_kl_klb100.cleanrl_model,/home/users/am1015/rl_runs_td3_walker_kl_20260703_td3_kl_softrobust_5seed_rerun/Walker2d-v4__td3_kl_klb100__2__1783439243/td3_kl_klb100.cleanrl_model.norm_stats.npz,1,1,1,0.0,0.0,0.0,0.0,1.0,1.3,,1.0,-1,,-1,,1.0,,1.0,1.0,468.1553186635726,18.713885716412943,465.7925884855608,466.8245607347059,434.2731767514436,499.6827969264509,
1783521084,eval__Walker2d-v4__td3__klb100__mass_1p3__seed3__pid1831258,td3,Walker2d-v4,3,20,1,klb100,mass_1p3,/home/users/am1015/rl_runs_td3_walker_kl_20260703_td3_kl_softrobust_5seed_rerun/Walker2d-v4__td3_kl_klb100__3__1783439603/td3_kl_klb100.cleanrl_model,/home/users/am1015/rl_runs_td3_walker_kl_20260703_td3_kl_softrobust_5seed_rerun/Walker2d-v4__td3_kl_klb100__3__1783439603/td3_kl_klb100.cleanrl_model.norm_stats.npz,1,1,1,0.0,0.0,0.0,0.0,1.0,1.3,,1.0,-1,,-1,,1.0,,1.0,1.0,614.2972899772161,63.3659367345235,597.9935123390848,597.9893292157016,539.0010464250599,743.325112131423,
1783521089,eval__Walker2d-v4__td3__klb100__mass_1p3__seed4__pid1831296,td3,Walker2d-v4,4,20,1,klb100,mass_1p3,/home/users/am1015/rl_runs_td3_walker_kl_20260703_td3_kl_softrobust_5seed_rerun/Walker2d-v4__td3_kl_klb100__4__1783439905/td3_kl_klb100.cleanrl_model,/home/users/am1015/rl_runs_td3_walker_kl_20260703_td3_kl_softrobust_5seed_rerun/Walker2d-v4__td3_kl_klb100__4__1783439905/td3_kl_klb100.cleanrl_model.norm_stats.npz,1,1,1,0.0,0.0,0.0,0.0,1.0,1.3,,1.0,-1,,-1,,1.0,,1.0,1.0,607.8968196880548,53.51475481636344,603.0310085760655,603.5921126835833,530.9518797290455,713.476357740123,
1783521093,eval__Walker2d-v4__td3__klb100__mass_1p3__seed5__pid1831348,td3,Walker2d-v4,5,20,1,klb100,mass_1p3,/home/users/am1015/rl_runs_td3_walker_kl_20260703_td3_kl_softrobust_5seed_rerun/Walker2d-v4__td3_kl_klb100__5__1783440323/td3_kl_klb100.cleanrl_model,/home/users/am1015/rl_runs_td3_walker_kl_20260703_td3_kl_softrobust_5seed_rerun/Walker2d-v4__td3_kl_klb100__5__1783440323/td3_kl_klb100.cleanrl_model.norm_stats.npz,1,1,1,0.0,0.0,0.0,0.0,1.0,1.3,,1.0,-1,,-1,,1.0,,1.0,1.0,393.9847866868577,13.671790669000886,393.683628782924,392.26704489883576,373.6667978344921,425.59249547070783,
1783521097,eval__Walker2d-v4__td3__klb100__mass_1p5__seed1__pid1831386,td3,Walker2d-v4,1,20,1,klb100,mass_1p5,/home/users/am1015/rl_runs_td3_walker_kl_20260703_td3_kl_softrobust_5seed_rerun/Walker2d-v4__td3_kl_klb100__1__1783434489/td3_kl_klb100.cleanrl_model,/home/users/am1015/rl_runs_td3_walker_kl_20260703_td3_kl_softrobust_5seed_rerun/Walker2d-v4__td3_kl_klb100__1__1783434489/td3_kl_klb100.cleanrl_model.norm_stats.npz,1,1,1,0.0,0.0,0.0,0.0,1.0,1.5,,1.0,-1,,-1,,1.0,,1.0,1.0,397.7651621153489,6.721701976318026,396.1597348841818,396.7174894253266,388.8415827866975,413.4283357683728,
1783521101,eval__Walker2d-v4__td3__klb100__mass_1p5__seed2__pid1831422,td3,Walker2d-v4,2,20,1,klb100,mass_1p5,/home/users/am1015/rl_runs_td3_walker_kl_20260703_td3_kl_softrobust_5seed_rerun/Walker2d-v4__td3_kl_klb100__2__1783439243/td3_kl_klb100.cleanrl_model,/home/users/am1015/rl_runs_td3_walker_kl_20260703_td3_kl_softrobust_5seed_rerun/Walker2d-v4__td3_kl_klb100__2__1783439243/td3_kl_klb100.cleanrl_model.norm_stats.npz,1,1,1,0.0,0.0,0.0,0.0,1.0,1.5,,1.0,-1,,-1,,1.0,,1.0,1.0,411.80380357769417,9.211388151553312,409.26152805574486,410.4341526975313,395.4408452826781,430.2922738831044,
1783521104,eval__Walker2d-v4__td3__klb100__mass_1p5__seed3__pid1831458,td3,Walker2d-v4,3,20,1,klb100,mass_1p5,/home/users/am1015/rl_runs_td3_walker_kl_20260703_td3_kl_softrobust_5seed_rerun/Walker2d-v4__td3_kl_klb100__3__1783439603/td3_kl_klb100.cleanrl_model,/home/users/am1015/rl_runs_td3_walker_kl_20260703_td3_kl_softrobust_5seed_rerun/Walker2d-v4__td3_kl_klb100__3__1783439603/td3_kl_klb100.cleanrl_model.norm_stats.npz,1,1,1,0.0,0.0,0.0,0.0,1.0,1.5,,1.0,-1,,-1,,1.0,,1.0,1.0,441.5813531200532,35.12483724964589,437.4141574745444,437.1856158277193,397.1355025911204,569.3495127537419,
1783521109,eval__Walker2d-v4__td3__klb100__mass_1p5__seed4__pid1831510,td3,Walker2d-v4,4,20,1,klb100,mass_1p5,/home/users/am1015/rl_runs_td3_walker_kl_20260703_td3_kl_softrobust_5seed_rerun/Walker2d-v4__td3_kl_klb100__4__1783439905/td3_kl_klb100.cleanrl_model,/home/users/am1015/rl_runs_td3_walker_kl_20260703_td3_kl_softrobust_5seed_rerun/Walker2d-v4__td3_kl_klb100__4__1783439905/td3_kl_klb100.cleanrl_model.norm_stats.npz,1,1,1,0.0,0.0,0.0,0.0,1.0,1.5,,1.0,-1,,-1,,1.0,,1.0,1.0,498.9267315453152,12.81388943423944,498.5107174840367,498.6626640376926,479.0295663176062,519.2140288704878,
1783521112,eval__Walker2d-v4__td3__klb100__mass_1p5__seed5__pid1831546,td3,Walker2d-v4,5,20,1,klb100,mass_1p5,/home/users/am1015/rl_runs_td3_walker_kl_20260703_td3_kl_softrobust_5seed_rerun/Walker2d-v4__td3_kl_klb100__5__1783440323/td3_kl_klb100.cleanrl_model,/home/users/am1015/rl_runs_td3_walker_kl_20260703_td3_kl_softrobust_5seed_rerun/Walker2d-v4__td3_kl_klb100__5__1783440323/td3_kl_klb100.cleanrl_model.norm_stats.npz,1,1,1,0.0,0.0,0.0,0.0,1.0,1.5,,1.0,-1,,-1,,1.0,,1.0,1.0,358.0275993731719,19.8649888255406,355.8845495681083,356.7243993213702,331.26028713320824,388.5719750201315,
1783521116,eval__Walker2d-v4__td3__klb100__mass_1p7__seed1__pid1831582,td3,Walker2d-v4,1,20,1,klb100,mass_1p7,/home/users/am1015/rl_runs_td3_walker_kl_20260703_td3_kl_softrobust_5seed_rerun/Walker2d-v4__td3_kl_klb100__1__1783434489/td3_kl_klb100.cleanrl_model,/home/users/am1015/rl_runs_td3_walker_kl_20260703_td3_kl_softrobust_5seed_rerun/Walker2d-v4__td3_kl_klb100__1__1783434489/td3_kl_klb100.cleanrl_model.norm_stats.npz,1,1,1,0.0,0.0,0.0,0.0,1.0,1.7,,1.0,-1,,-1,,1.0,,1.0,1.0,377.00620790477535,5.079481297544742,376.5550821522685,376.940330785808,366.803705388666,390.56317813575794,
1783521120,eval__Walker2d-v4__td3__klb100__mass_1p7__seed2__pid1831618,td3,Walker2d-v4,2,20,1,klb100,mass_1p7,/home/users/am1015/rl_runs_td3_walker_kl_20260703_td3_kl_softrobust_5seed_rerun/Walker2d-v4__td3_kl_klb100__2__1783439243/td3_kl_klb100.cleanrl_model,/home/users/am1015/rl_runs_td3_walker_kl_20260703_td3_kl_softrobust_5seed_rerun/Walker2d-v4__td3_kl_klb100__2__1783439243/td3_kl_klb100.cleanrl_model.norm_stats.npz,1,1,1,0.0,0.0,0.0,0.0,1.0,1.7,,1.0,-1,,-1,,1.0,,1.0,1.0,375.61211045266566,8.014319716378672,373.3062419731592,374.61463886584505,363.3085898724374,391.5780820058541,
1783521123,eval__Walker2d-v4__td3__klb100__mass_1p7__seed3__pid1831670,td3,Walker2d-v4,3,20,1,klb100,mass_1p7,/home/users/am1015/rl_runs_td3_walker_kl_20260703_td3_kl_softrobust_5seed_rerun/Walker2d-v4__td3_kl_klb100__3__1783439603/td3_kl_klb100.cleanrl_model,/home/users/am1015/rl_runs_td3_walker_kl_20260703_td3_kl_softrobust_5seed_rerun/Walker2d-v4__td3_kl_klb100__3__1783439603/td3_kl_klb100.cleanrl_model.norm_stats.npz,1,1,1,0.0,0.0,0.0,0.0,1.0,1.7,,1.0,-1,,-1,,1.0,,1.0,1.0,335.5614476257531,53.72369651987316,311.0184257295115,322.81527714700053,275.5337747906639,455.9861527048134,
1783521127,eval__Walker2d-v4__td3__klb100__mass_1p7__seed4__pid1831706,td3,Walker2d-v4,4,20,1,klb100,mass_1p7,/home/users/am1015/rl_runs_td3_walker_kl_20260703_td3_kl_softrobust_5seed_rerun/Walker2d-v4__td3_kl_klb100__4__1783439905/td3_kl_klb100.cleanrl_model,/home/users/am1015/rl_runs_td3_walker_kl_20260703_td3_kl_softrobust_5seed_rerun/Walker2d-v4__td3_kl_klb100__4__1783439905/td3_kl_klb100.cleanrl_model.norm_stats.npz,1,1,1,0.0,0.0,0.0,0.0,1.0,1.7,,1.0,-1,,-1,,1.0,,1.0,1.0,383.8168067784297,7.395450122220047,382.8598410563292,383.0848320013318,372.8833710421152,395.8397787920428,
1783521131,eval__Walker2d-v4__td3__klb100__mass_1p7__seed5__pid1831742,td3,Walker2d-v4,5,20,1,klb100,mass_1p7,/home/users/am1015/rl_runs_td3_walker_kl_20260703_td3_kl_softrobust_5seed_rerun/Walker2d-v4__td3_kl_klb100__5__1783440323/td3_kl_klb100.cleanrl_model,/home/users/am1015/rl_runs_td3_walker_kl_20260703_td3_kl_softrobust_5seed_rerun/Walker2d-v4__td3_kl_klb100__5__1783440323/td3_kl_klb100.cleanrl_model.norm_stats.npz,1,1,1,0.0,0.0,0.0,0.0,1.0,1.7,,1.0,-1,,-1,,1.0,,1.0,1.0,285.51813959799875,3.677786515827844,285.69451211121645,285.7446512448634,278.0539440894294,292.24121652183413,
1783521135,eval__Walker2d-v4__td3__klb100__mass_2p0__seed1__pid1831778,td3,Walker2d-v4,1,20,1,klb100,mass_2p0,/home/users/am1015/rl_runs_td3_walker_kl_20260703_td3_kl_softrobust_5seed_rerun/Walker2d-v4__td3_kl_klb100__1__1783434489/td3_kl_klb100.cleanrl_model,/home/users/am1015/rl_runs_td3_walker_kl_20260703_td3_kl_softrobust_5seed_rerun/Walker2d-v4__td3_kl_klb100__1__1783434489/td3_kl_klb100.cleanrl_model.norm_stats.npz,1,1,1,0.0,0.0,0.0,0.0,1.0,2.0,,1.0,-1,,-1,,1.0,,1.0,1.0,303.0622672061383,4.2371237676165485,302.34872048012085,302.79563840307463,295.439858050594,309.52114290973293,
1783521138,eval__Walker2d-v4__td3__klb100__mass_2p0__seed2__pid1831831,td3,Walker2d-v4,2,20,1,klb100,mass_2p0,/home/users/am1015/rl_runs_td3_walker_kl_20260703_td3_kl_softrobust_5seed_rerun/Walker2d-v4__td3_kl_klb100__2__1783439243/td3_kl_klb100.cleanrl_model,/home/users/am1015/rl_runs_td3_walker_kl_20260703_td3_kl_softrobust_5seed_rerun/Walker2d-v4__td3_kl_klb100__2__1783439243/td3_kl_klb100.cleanrl_model.norm_stats.npz,1,1,1,0.0,0.0,0.0,0.0,1.0,2.0,,1.0,-1,,-1,,1.0,,1.0,1.0,317.8742763217807,12.38657802459274,317.04344546160576,316.35451797875214,303.07227413998004,340.234056966126,
1783521142,eval__Walker2d-v4__td3__klb100__mass_2p0__seed3__pid1831867,td3,Walker2d-v4,3,20,1,klb100,mass_2p0,/home/users/am1015/rl_runs_td3_walker_kl_20260703_td3_kl_softrobust_5seed_rerun/Walker2d-v4__td3_kl_klb100__3__1783439603/td3_kl_klb100.cleanrl_model,/home/users/am1015/rl_runs_td3_walker_kl_20260703_td3_kl_softrobust_5seed_rerun/Walker2d-v4__td3_kl_klb100__3__1783439603/td3_kl_klb100.cleanrl_model.norm_stats.npz,1,1,1,0.0,0.0,0.0,0.0,1.0,2.0,,1.0,-1,,-1,,1.0,,1.0,1.0,325.6812909063009,13.831154109379082,324.08810116343466,324.1854906291085,305.1921754036003,352.48144637705093,
1783521146,eval__Walker2d-v4__td3__klb100__mass_2p0__seed4__pid1831903,td3,Walker2d-v4,4,20,1,klb100,mass_2p0,/home/users/am1015/rl_runs_td3_walker_kl_20260703_td3_kl_softrobust_5seed_rerun/Walker2d-v4__td3_kl_klb100__4__1783439905/td3_kl_klb100.cleanrl_model,/home/users/am1015/rl_runs_td3_walker_kl_20260703_td3_kl_softrobust_5seed_rerun/Walker2d-v4__td3_kl_klb100__4__1783439905/td3_kl_klb100.cleanrl_model.norm_stats.npz,1,1,1,0.0,0.0,0.0,0.0,1.0,2.0,,1.0,-1,,-1,,1.0,,1.0,1.0,332.1779601484057,6.503140835988951,330.1699121406475,330.65695670955097,325.2524867750187,347.2952148703857,
1783521149,eval__Walker2d-v4__td3__klb100__mass_2p0__seed5__pid1831939,td3,Walker2d-v4,5,20,1,klb100,mass_2p0,/home/users/am1015/rl_runs_td3_walker_kl_20260703_td3_kl_softrobust_5seed_rerun/Walker2d-v4__td3_kl_klb100__5__1783440323/td3_kl_klb100.cleanrl_model,/home/users/am1015/rl_runs_td3_walker_kl_20260703_td3_kl_softrobust_5seed_rerun/Walker2d-v4__td3_kl_klb100__5__1783440323/td3_kl_klb100.cleanrl_model.norm_stats.npz,1,1,1,0.0,0.0,0.0,0.0,1.0,2.0,,1.0,-1,,-1,,1.0,,1.0,1.0,236.77717166559108,8.907279980156382,237.85320777143565,237.44675027717432,222.0266686680307,257.6528965297477,
