timestamp,run_name,algo,env_id,seed,eval_episodes,is_perturbed,model_label,scenario_label,model_path,norm_stats_path,eval_raw_rewards,deterministic_eval,xml_perturb,obs_noise_std,reward_noise_std,action_noise_std,action_replace_prob,xml_total_mass_scale,xml_body_mass_scale,xml_body_name_selector,xml_geom_friction_scale,xml_geom_friction_component,xml_geom_name_selector,xml_gravity_component_index,xml_gravity_component_value,xml_joint_damping_scale,xml_joint_name_selector,xml_actuator_gain_scale,xml_actuator_bias_scale,mean_return,std_return,median_return,iqm_return,min_return,max_return,xml_actuator_joint_selector
1779511741,eval__Walker2d-v4__ppo_cont__a2p95__actuator_gain_0p5__seed10__pid1783970,ppo_cont,Walker2d-v4,10,30,1,a2p95,actuator_gain_0p5,/home/users/am1015/rl_runs_walker_confirm_30seed_20260521/Walker2d-v4__ppo_alpha_a2p95__10__1779434273/ppo_alpha_a2p95.cleanrl_model,/home/users/am1015/rl_runs_walker_confirm_30seed_20260521/Walker2d-v4__ppo_alpha_a2p95__10__1779434273/ppo_alpha_a2p95.cleanrl_model.norm_stats.npz,1,1,1,0.0,0.0,0.0,0.0,1.0,1.0,,1.0,-1,,-1,,1.0,,0.5,1.0,327.0213496293221,13.671633702860904,327.29158358218695,327.1280262730112,304.43759817235343,349.2909898907613,
1779511760,eval__Walker2d-v4__ppo_cont__a2p95__mass_0p5__seed10__pid1900440,ppo_cont,Walker2d-v4,10,30,1,a2p95,mass_0p5,/home/users/am1015/rl_runs_walker_confirm_30seed_20260521/Walker2d-v4__ppo_alpha_a2p95__10__1779434273/ppo_alpha_a2p95.cleanrl_model,/home/users/am1015/rl_runs_walker_confirm_30seed_20260521/Walker2d-v4__ppo_alpha_a2p95__10__1779434273/ppo_alpha_a2p95.cleanrl_model.norm_stats.npz,1,1,1,0.0,0.0,0.0,0.0,1.0,0.5,,1.0,-1,,-1,,1.0,,1.0,1.0,3322.411560965821,851.2109375124327,3676.765502567643,3658.735890528766,709.3621946808975,3971.8060326716286,
1779511743,eval__Walker2d-v4__ppo_cont__a2p95__actuator_gain_0p5__seed11__pid625870,ppo_cont,Walker2d-v4,11,30,1,a2p95,actuator_gain_0p5,/home/users/am1015/rl_runs_walker_confirm_30seed_20260521/Walker2d-v4__ppo_alpha_a2p95__11__1779434273/ppo_alpha_a2p95.cleanrl_model,/home/users/am1015/rl_runs_walker_confirm_30seed_20260521/Walker2d-v4__ppo_alpha_a2p95__11__1779434273/ppo_alpha_a2p95.cleanrl_model.norm_stats.npz,1,1,1,0.0,0.0,0.0,0.0,1.0,1.0,,1.0,-1,,-1,,1.0,,0.5,1.0,325.731889216868,1.2758496065534048,325.7890352757057,325.8025919877473,322.78941966142185,328.8414141415338,
1779511744,eval__Walker2d-v4__ppo_cont__a2p95__mass_0p5__seed11__pid625855,ppo_cont,Walker2d-v4,11,30,1,a2p95,mass_0p5,/home/users/am1015/rl_runs_walker_confirm_30seed_20260521/Walker2d-v4__ppo_alpha_a2p95__11__1779434273/ppo_alpha_a2p95.cleanrl_model,/home/users/am1015/rl_runs_walker_confirm_30seed_20260521/Walker2d-v4__ppo_alpha_a2p95__11__1779434273/ppo_alpha_a2p95.cleanrl_model.norm_stats.npz,1,1,1,0.0,0.0,0.0,0.0,1.0,0.5,,1.0,-1,,-1,,1.0,,1.0,1.0,336.1276081029108,32.969389733701924,338.114822014082,336.9156878828189,270.0982693809111,412.4352539948427,
1779511743,eval__Walker2d-v4__ppo_cont__a2p95__actuator_gain_0p5__seed12__pid3128991,ppo_cont,Walker2d-v4,12,30,1,a2p95,actuator_gain_0p5,/home/users/am1015/rl_runs_walker_confirm_30seed_20260521/Walker2d-v4__ppo_alpha_a2p95__12__1779434273/ppo_alpha_a2p95.cleanrl_model,/home/users/am1015/rl_runs_walker_confirm_30seed_20260521/Walker2d-v4__ppo_alpha_a2p95__12__1779434273/ppo_alpha_a2p95.cleanrl_model.norm_stats.npz,1,1,1,0.0,0.0,0.0,0.0,1.0,1.0,,1.0,-1,,-1,,1.0,,0.5,1.0,408.6230407585451,15.205687916368586,409.1301096190375,408.7726306796458,384.9864618039218,433.6957127277818,
1779511746,eval__Walker2d-v4__ppo_cont__a2p95__mass_0p5__seed12__pid4117927,ppo_cont,Walker2d-v4,12,30,1,a2p95,mass_0p5,/home/users/am1015/rl_runs_walker_confirm_30seed_20260521/Walker2d-v4__ppo_alpha_a2p95__12__1779434273/ppo_alpha_a2p95.cleanrl_model,/home/users/am1015/rl_runs_walker_confirm_30seed_20260521/Walker2d-v4__ppo_alpha_a2p95__12__1779434273/ppo_alpha_a2p95.cleanrl_model.norm_stats.npz,1,1,1,0.0,0.0,0.0,0.0,1.0,0.5,,1.0,-1,,-1,,1.0,,1.0,1.0,835.0386633067877,716.5390910814509,647.5804505042499,658.8199609777231,128.21446012996174,3611.2661044612064,
1779511742,eval__Walker2d-v4__ppo_cont__a2p95__actuator_gain_0p5__seed13__pid3129021,ppo_cont,Walker2d-v4,13,30,1,a2p95,actuator_gain_0p5,/home/users/am1015/rl_runs_walker_confirm_30seed_20260521/Walker2d-v4__ppo_alpha_a2p95__13__1779434273/ppo_alpha_a2p95.cleanrl_model,/home/users/am1015/rl_runs_walker_confirm_30seed_20260521/Walker2d-v4__ppo_alpha_a2p95__13__1779434273/ppo_alpha_a2p95.cleanrl_model.norm_stats.npz,1,1,1,0.0,0.0,0.0,0.0,1.0,1.0,,1.0,-1,,-1,,1.0,,0.5,1.0,300.5885451178684,2.815407161896744,300.0344932455723,300.50758291355254,295.4893316338695,304.9428448172277,
1779511742,eval__Walker2d-v4__ppo_cont__a2p95__mass_0p5__seed13__pid3129005,ppo_cont,Walker2d-v4,13,30,1,a2p95,mass_0p5,/home/users/am1015/rl_runs_walker_confirm_30seed_20260521/Walker2d-v4__ppo_alpha_a2p95__13__1779434273/ppo_alpha_a2p95.cleanrl_model,/home/users/am1015/rl_runs_walker_confirm_30seed_20260521/Walker2d-v4__ppo_alpha_a2p95__13__1779434273/ppo_alpha_a2p95.cleanrl_model.norm_stats.npz,1,1,1,0.0,0.0,0.0,0.0,1.0,0.5,,1.0,-1,,-1,,1.0,,1.0,1.0,271.271974722703,57.56927213775558,249.0526837727795,252.93589340864915,215.93704781581388,441.2553519049431,
1779511740,eval__Walker2d-v4__ppo_cont__a2p95__actuator_gain_0p5__seed14__pid3486078,ppo_cont,Walker2d-v4,14,30,1,a2p95,actuator_gain_0p5,/home/users/am1015/rl_runs_walker_confirm_30seed_20260521/Walker2d-v4__ppo_alpha_a2p95__14__1779434273/ppo_alpha_a2p95.cleanrl_model,/home/users/am1015/rl_runs_walker_confirm_30seed_20260521/Walker2d-v4__ppo_alpha_a2p95__14__1779434273/ppo_alpha_a2p95.cleanrl_model.norm_stats.npz,1,1,1,0.0,0.0,0.0,0.0,1.0,1.0,,1.0,-1,,-1,,1.0,,0.5,1.0,354.6493144486316,4.776101516169644,355.12546628934444,355.0097143971093,341.06168469501137,365.75042570987904,
1779511740,eval__Walker2d-v4__ppo_cont__a2p95__mass_0p5__seed14__pid3486109,ppo_cont,Walker2d-v4,14,30,1,a2p95,mass_0p5,/home/users/am1015/rl_runs_walker_confirm_30seed_20260521/Walker2d-v4__ppo_alpha_a2p95__14__1779434273/ppo_alpha_a2p95.cleanrl_model,/home/users/am1015/rl_runs_walker_confirm_30seed_20260521/Walker2d-v4__ppo_alpha_a2p95__14__1779434273/ppo_alpha_a2p95.cleanrl_model.norm_stats.npz,1,1,1,0.0,0.0,0.0,0.0,1.0,0.5,,1.0,-1,,-1,,1.0,,1.0,1.0,424.79764986812654,409.3930218870293,317.6774301934262,320.8638122113404,121.22252209032686,2415.0539821588845,
1779511742,eval__Walker2d-v4__ppo_cont__a2p95__actuator_gain_0p5__seed15__pid2976973,ppo_cont,Walker2d-v4,15,30,1,a2p95,actuator_gain_0p5,/home/users/am1015/rl_runs_walker_confirm_30seed_20260521/Walker2d-v4__ppo_alpha_a2p95__15__1779434303/ppo_alpha_a2p95.cleanrl_model,/home/users/am1015/rl_runs_walker_confirm_30seed_20260521/Walker2d-v4__ppo_alpha_a2p95__15__1779434303/ppo_alpha_a2p95.cleanrl_model.norm_stats.npz,1,1,1,0.0,0.0,0.0,0.0,1.0,1.0,,1.0,-1,,-1,,1.0,,0.5,1.0,241.1930841813553,1.9429899583025405,240.8838689874304,240.993110696516,238.2041200175568,246.9166116157847,
1779511748,eval__Walker2d-v4__ppo_cont__a2p95__mass_0p5__seed15__pid3486106,ppo_cont,Walker2d-v4,15,30,1,a2p95,mass_0p5,/home/users/am1015/rl_runs_walker_confirm_30seed_20260521/Walker2d-v4__ppo_alpha_a2p95__15__1779434303/ppo_alpha_a2p95.cleanrl_model,/home/users/am1015/rl_runs_walker_confirm_30seed_20260521/Walker2d-v4__ppo_alpha_a2p95__15__1779434303/ppo_alpha_a2p95.cleanrl_model.norm_stats.npz,1,1,1,0.0,0.0,0.0,0.0,1.0,0.5,,1.0,-1,,-1,,1.0,,1.0,1.0,2523.563284140847,1199.7472471354872,3077.3459939166173,3025.6399890842927,98.90994811109714,3606.81236929117,
1779511744,eval__Walker2d-v4__ppo_cont__a2p95__actuator_gain_0p5__seed16__pid2976941,ppo_cont,Walker2d-v4,16,30,1,a2p95,actuator_gain_0p5,/home/users/am1015/rl_runs_walker_confirm_30seed_20260521/Walker2d-v4__ppo_alpha_a2p95__16__1779434302/ppo_alpha_a2p95.cleanrl_model,/home/users/am1015/rl_runs_walker_confirm_30seed_20260521/Walker2d-v4__ppo_alpha_a2p95__16__1779434302/ppo_alpha_a2p95.cleanrl_model.norm_stats.npz,1,1,1,0.0,0.0,0.0,0.0,1.0,1.0,,1.0,-1,,-1,,1.0,,0.5,1.0,357.66159109942095,18.622949948488245,359.56063305789166,357.46249737019554,327.13489687908583,386.2338665163234,
1779511743,eval__Walker2d-v4__ppo_cont__a2p95__mass_0p5__seed16__pid2976942,ppo_cont,Walker2d-v4,16,30,1,a2p95,mass_0p5,/home/users/am1015/rl_runs_walker_confirm_30seed_20260521/Walker2d-v4__ppo_alpha_a2p95__16__1779434302/ppo_alpha_a2p95.cleanrl_model,/home/users/am1015/rl_runs_walker_confirm_30seed_20260521/Walker2d-v4__ppo_alpha_a2p95__16__1779434302/ppo_alpha_a2p95.cleanrl_model.norm_stats.npz,1,1,1,0.0,0.0,0.0,0.0,1.0,0.5,,1.0,-1,,-1,,1.0,,1.0,1.0,375.9743335260357,333.1278974335971,165.2102829306715,247.12620919733533,116.15244780780344,1194.6030603350152,
1779511743,eval__Walker2d-v4__ppo_cont__a2p95__actuator_gain_0p5__seed17__pid2576340,ppo_cont,Walker2d-v4,17,30,1,a2p95,actuator_gain_0p5,/home/users/am1015/rl_runs_walker_confirm_30seed_20260521/Walker2d-v4__ppo_alpha_a2p95__17__1779434302/ppo_alpha_a2p95.cleanrl_model,/home/users/am1015/rl_runs_walker_confirm_30seed_20260521/Walker2d-v4__ppo_alpha_a2p95__17__1779434302/ppo_alpha_a2p95.cleanrl_model.norm_stats.npz,1,1,1,0.0,0.0,0.0,0.0,1.0,1.0,,1.0,-1,,-1,,1.0,,0.5,1.0,359.9719050444304,2.17162775172325,360.0596518520251,360.0997146067737,355.6693994418273,363.9476221177374,
1779511749,eval__Walker2d-v4__ppo_cont__a2p95__mass_0p5__seed17__pid2976969,ppo_cont,Walker2d-v4,17,30,1,a2p95,mass_0p5,/home/users/am1015/rl_runs_walker_confirm_30seed_20260521/Walker2d-v4__ppo_alpha_a2p95__17__1779434302/ppo_alpha_a2p95.cleanrl_model,/home/users/am1015/rl_runs_walker_confirm_30seed_20260521/Walker2d-v4__ppo_alpha_a2p95__17__1779434302/ppo_alpha_a2p95.cleanrl_model.norm_stats.npz,1,1,1,0.0,0.0,0.0,0.0,1.0,0.5,,1.0,-1,,-1,,1.0,,1.0,1.0,1950.8722618748693,871.5552743947333,1879.029069040298,1881.8175551694428,545.6154341861329,3628.502043731772,
1779511743,eval__Walker2d-v4__ppo_cont__a2p95__actuator_gain_0p5__seed18__pid2576314,ppo_cont,Walker2d-v4,18,30,1,a2p95,actuator_gain_0p5,/home/users/am1015/rl_runs_walker_confirm_30seed_20260521/Walker2d-v4__ppo_alpha_a2p95__18__1779434333/ppo_alpha_a2p95.cleanrl_model,/home/users/am1015/rl_runs_walker_confirm_30seed_20260521/Walker2d-v4__ppo_alpha_a2p95__18__1779434333/ppo_alpha_a2p95.cleanrl_model.norm_stats.npz,1,1,1,0.0,0.0,0.0,0.0,1.0,1.0,,1.0,-1,,-1,,1.0,,0.5,1.0,323.0922416634172,21.47473220693479,328.9350169029768,328.56297704469824,241.7305482357868,334.7805240931376,
1779511746,eval__Walker2d-v4__ppo_cont__a2p95__mass_0p5__seed18__pid2576353,ppo_cont,Walker2d-v4,18,30,1,a2p95,mass_0p5,/home/users/am1015/rl_runs_walker_confirm_30seed_20260521/Walker2d-v4__ppo_alpha_a2p95__18__1779434333/ppo_alpha_a2p95.cleanrl_model,/home/users/am1015/rl_runs_walker_confirm_30seed_20260521/Walker2d-v4__ppo_alpha_a2p95__18__1779434333/ppo_alpha_a2p95.cleanrl_model.norm_stats.npz,1,1,1,0.0,0.0,0.0,0.0,1.0,0.5,,1.0,-1,,-1,,1.0,,1.0,1.0,1247.691353088188,575.1230639824248,1152.718989431149,1191.4537522449034,585.984436826775,2393.0706983334635,
1779511741,eval__Walker2d-v4__ppo_cont__a2p95__actuator_gain_0p5__seed19__pid1676436,ppo_cont,Walker2d-v4,19,30,1,a2p95,actuator_gain_0p5,/home/users/am1015/rl_runs_walker_confirm_30seed_20260521/Walker2d-v4__ppo_alpha_a2p95__19__1779434363/ppo_alpha_a2p95.cleanrl_model,/home/users/am1015/rl_runs_walker_confirm_30seed_20260521/Walker2d-v4__ppo_alpha_a2p95__19__1779434363/ppo_alpha_a2p95.cleanrl_model.norm_stats.npz,1,1,1,0.0,0.0,0.0,0.0,1.0,1.0,,1.0,-1,,-1,,1.0,,0.5,1.0,340.4131368672164,7.643313646686654,341.49019432177755,340.1732120013574,327.3459463393469,354.3512900648416,
1779511743,eval__Walker2d-v4__ppo_cont__a2p95__mass_0p5__seed19__pid2576334,ppo_cont,Walker2d-v4,19,30,1,a2p95,mass_0p5,/home/users/am1015/rl_runs_walker_confirm_30seed_20260521/Walker2d-v4__ppo_alpha_a2p95__19__1779434363/ppo_alpha_a2p95.cleanrl_model,/home/users/am1015/rl_runs_walker_confirm_30seed_20260521/Walker2d-v4__ppo_alpha_a2p95__19__1779434363/ppo_alpha_a2p95.cleanrl_model.norm_stats.npz,1,1,1,0.0,0.0,0.0,0.0,1.0,0.5,,1.0,-1,,-1,,1.0,,1.0,1.0,421.0730934165359,146.84102890210687,410.2407368503655,396.53926471712873,296.0177635725732,954.1048931309592,
1779511741,eval__Walker2d-v4__ppo_cont__a2p95__actuator_gain_0p5__seed1__pid417401,ppo_cont,Walker2d-v4,1,30,1,a2p95,actuator_gain_0p5,/home/users/am1015/rl_runs_walker_confirm_30seed_20260521/Walker2d-v4__ppo_alpha_a2p95__1__1779434242/ppo_alpha_a2p95.cleanrl_model,/home/users/am1015/rl_runs_walker_confirm_30seed_20260521/Walker2d-v4__ppo_alpha_a2p95__1__1779434242/ppo_alpha_a2p95.cleanrl_model.norm_stats.npz,1,1,1,0.0,0.0,0.0,0.0,1.0,1.0,,1.0,-1,,-1,,1.0,,0.5,1.0,348.94911017470906,1.3034223735048729,349.1929191870364,349.1723873837405,346.24087249679405,351.56572140153435,
1779511744,eval__Walker2d-v4__ppo_cont__a2p95__mass_0p5__seed1__pid491039,ppo_cont,Walker2d-v4,1,30,1,a2p95,mass_0p5,/home/users/am1015/rl_runs_walker_confirm_30seed_20260521/Walker2d-v4__ppo_alpha_a2p95__1__1779434242/ppo_alpha_a2p95.cleanrl_model,/home/users/am1015/rl_runs_walker_confirm_30seed_20260521/Walker2d-v4__ppo_alpha_a2p95__1__1779434242/ppo_alpha_a2p95.cleanrl_model.norm_stats.npz,1,1,1,0.0,0.0,0.0,0.0,1.0,0.5,,1.0,-1,,-1,,1.0,,1.0,1.0,587.0489038476136,769.4209599160398,322.49793908604886,311.5890237541832,190.7950915976421,2911.601557931116,
1779511743,eval__Walker2d-v4__ppo_cont__a2p95__actuator_gain_0p5__seed20__pid2006352,ppo_cont,Walker2d-v4,20,30,1,a2p95,actuator_gain_0p5,/home/users/am1015/rl_runs_walker_confirm_30seed_20260521/Walker2d-v4__ppo_alpha_a2p95__20__1779435443/ppo_alpha_a2p95.cleanrl_model,/home/users/am1015/rl_runs_walker_confirm_30seed_20260521/Walker2d-v4__ppo_alpha_a2p95__20__1779435443/ppo_alpha_a2p95.cleanrl_model.norm_stats.npz,1,1,1,0.0,0.0,0.0,0.0,1.0,1.0,,1.0,-1,,-1,,1.0,,0.5,1.0,347.7867930038413,4.459665925156147,347.6204883279623,347.72569965155355,340.6965615162715,355.9107275100943,
1779511744,eval__Walker2d-v4__ppo_cont__a2p95__mass_0p5__seed20__pid2006307,ppo_cont,Walker2d-v4,20,30,1,a2p95,mass_0p5,/home/users/am1015/rl_runs_walker_confirm_30seed_20260521/Walker2d-v4__ppo_alpha_a2p95__20__1779435443/ppo_alpha_a2p95.cleanrl_model,/home/users/am1015/rl_runs_walker_confirm_30seed_20260521/Walker2d-v4__ppo_alpha_a2p95__20__1779435443/ppo_alpha_a2p95.cleanrl_model.norm_stats.npz,1,1,1,0.0,0.0,0.0,0.0,1.0,0.5,,1.0,-1,,-1,,1.0,,1.0,1.0,399.2817454748317,43.80457136928088,418.3176384298425,416.2943436691608,237.89955256969705,433.3220033971119,
1779511743,eval__Walker2d-v4__ppo_cont__a2p95__actuator_gain_0p5__seed21__pid2006333,ppo_cont,Walker2d-v4,21,30,1,a2p95,actuator_gain_0p5,/home/users/am1015/rl_runs_walker_confirm_30seed_20260521/Walker2d-v4__ppo_alpha_a2p95__21__1779438773/ppo_alpha_a2p95.cleanrl_model,/home/users/am1015/rl_runs_walker_confirm_30seed_20260521/Walker2d-v4__ppo_alpha_a2p95__21__1779438773/ppo_alpha_a2p95.cleanrl_model.norm_stats.npz,1,1,1,0.0,0.0,0.0,0.0,1.0,1.0,,1.0,-1,,-1,,1.0,,0.5,1.0,229.07621761809548,6.825291647419451,229.7035489950215,230.0057274564301,216.66096964120555,240.02290308423704,
1779511748,eval__Walker2d-v4__ppo_cont__a2p95__mass_0p5__seed21__pid2006347,ppo_cont,Walker2d-v4,21,30,1,a2p95,mass_0p5,/home/users/am1015/rl_runs_walker_confirm_30seed_20260521/Walker2d-v4__ppo_alpha_a2p95__21__1779438773/ppo_alpha_a2p95.cleanrl_model,/home/users/am1015/rl_runs_walker_confirm_30seed_20260521/Walker2d-v4__ppo_alpha_a2p95__21__1779438773/ppo_alpha_a2p95.cleanrl_model.norm_stats.npz,1,1,1,0.0,0.0,0.0,0.0,1.0,0.5,,1.0,-1,,-1,,1.0,,1.0,1.0,1222.9258586912106,918.2091907705608,1200.8076027786767,1206.8999740736804,45.61567257203737,3125.456661778211,
1779511744,eval__Walker2d-v4__ppo_cont__a2p95__actuator_gain_0p5__seed22__pid247185,ppo_cont,Walker2d-v4,22,30,1,a2p95,actuator_gain_0p5,/home/users/am1015/rl_runs_walker_confirm_30seed_20260521/Walker2d-v4__ppo_alpha_a2p95__22__1779439083/ppo_alpha_a2p95.cleanrl_model,/home/users/am1015/rl_runs_walker_confirm_30seed_20260521/Walker2d-v4__ppo_alpha_a2p95__22__1779439083/ppo_alpha_a2p95.cleanrl_model.norm_stats.npz,1,1,1,0.0,0.0,0.0,0.0,1.0,1.0,,1.0,-1,,-1,,1.0,,0.5,1.0,324.65035195409325,10.428734378086956,323.6872623245114,324.14547943449537,306.8629681826765,350.9161044032904,
1779511747,eval__Walker2d-v4__ppo_cont__a2p95__mass_0p5__seed22__pid1338108,ppo_cont,Walker2d-v4,22,30,1,a2p95,mass_0p5,/home/users/am1015/rl_runs_walker_confirm_30seed_20260521/Walker2d-v4__ppo_alpha_a2p95__22__1779439083/ppo_alpha_a2p95.cleanrl_model,/home/users/am1015/rl_runs_walker_confirm_30seed_20260521/Walker2d-v4__ppo_alpha_a2p95__22__1779439083/ppo_alpha_a2p95.cleanrl_model.norm_stats.npz,1,1,1,0.0,0.0,0.0,0.0,1.0,0.5,,1.0,-1,,-1,,1.0,,1.0,1.0,1514.2592228812707,1154.316753705588,1201.429334971136,1262.4409398940566,370.500838549324,4310.354300829886,
1779511770,eval__Walker2d-v4__ppo_cont__a2p95__actuator_gain_0p5__seed23__pid626033,ppo_cont,Walker2d-v4,23,30,1,a2p95,actuator_gain_0p5,/home/users/am1015/rl_runs_walker_confirm_30seed_20260521/Walker2d-v4__ppo_alpha_a2p95__23__1779439254/ppo_alpha_a2p95.cleanrl_model,/home/users/am1015/rl_runs_walker_confirm_30seed_20260521/Walker2d-v4__ppo_alpha_a2p95__23__1779439254/ppo_alpha_a2p95.cleanrl_model.norm_stats.npz,1,1,1,0.0,0.0,0.0,0.0,1.0,1.0,,1.0,-1,,-1,,1.0,,0.5,1.0,291.39256857625367,1.539693122084152,291.23710608769954,291.25484932411683,288.63795197199283,294.92570957624,
1779511774,eval__Walker2d-v4__ppo_cont__a2p95__mass_0p5__seed23__pid1784043,ppo_cont,Walker2d-v4,23,30,1,a2p95,mass_0p5,/home/users/am1015/rl_runs_walker_confirm_30seed_20260521/Walker2d-v4__ppo_alpha_a2p95__23__1779439254/ppo_alpha_a2p95.cleanrl_model,/home/users/am1015/rl_runs_walker_confirm_30seed_20260521/Walker2d-v4__ppo_alpha_a2p95__23__1779439254/ppo_alpha_a2p95.cleanrl_model.norm_stats.npz,1,1,1,0.0,0.0,0.0,0.0,1.0,0.5,,1.0,-1,,-1,,1.0,,1.0,1.0,1025.547646905882,538.0389493824048,932.2936480383064,950.6580178684096,363.3180602644663,3011.929429826385,
1779511769,eval__Walker2d-v4__ppo_cont__a2p95__actuator_gain_0p5__seed24__pid491139,ppo_cont,Walker2d-v4,24,30,1,a2p95,actuator_gain_0p5,/home/users/am1015/rl_runs_walker_confirm_30seed_20260521/Walker2d-v4__ppo_alpha_a2p95__24__1779439265/ppo_alpha_a2p95.cleanrl_model,/home/users/am1015/rl_runs_walker_confirm_30seed_20260521/Walker2d-v4__ppo_alpha_a2p95__24__1779439265/ppo_alpha_a2p95.cleanrl_model.norm_stats.npz,1,1,1,0.0,0.0,0.0,0.0,1.0,1.0,,1.0,-1,,-1,,1.0,,0.5,1.0,316.756126707671,10.93643781899834,317.0372843753028,317.6183258906505,298.5841452891259,335.3615000949833,
1779511775,eval__Walker2d-v4__ppo_cont__a2p95__mass_0p5__seed24__pid626031,ppo_cont,Walker2d-v4,24,30,1,a2p95,mass_0p5,/home/users/am1015/rl_runs_walker_confirm_30seed_20260521/Walker2d-v4__ppo_alpha_a2p95__24__1779439265/ppo_alpha_a2p95.cleanrl_model,/home/users/am1015/rl_runs_walker_confirm_30seed_20260521/Walker2d-v4__ppo_alpha_a2p95__24__1779439265/ppo_alpha_a2p95.cleanrl_model.norm_stats.npz,1,1,1,0.0,0.0,0.0,0.0,1.0,0.5,,1.0,-1,,-1,,1.0,,1.0,1.0,1462.1918560064232,790.5699153646814,1201.5674880151091,1258.9229338972707,689.7025779916712,3437.7016177852424,
1779511771,eval__Walker2d-v4__ppo_cont__a2p95__actuator_gain_0p5__seed25__pid4118021,ppo_cont,Walker2d-v4,25,30,1,a2p95,actuator_gain_0p5,/home/users/am1015/rl_runs_walker_confirm_30seed_20260521/Walker2d-v4__ppo_alpha_a2p95__25__1779439265/ppo_alpha_a2p95.cleanrl_model,/home/users/am1015/rl_runs_walker_confirm_30seed_20260521/Walker2d-v4__ppo_alpha_a2p95__25__1779439265/ppo_alpha_a2p95.cleanrl_model.norm_stats.npz,1,1,1,0.0,0.0,0.0,0.0,1.0,1.0,,1.0,-1,,-1,,1.0,,0.5,1.0,222.83795597676675,2.426944232543174,222.06573106467224,222.41337482261696,219.14871473861888,228.38604610284224,
1779511775,eval__Walker2d-v4__ppo_cont__a2p95__mass_0p5__seed25__pid417846,ppo_cont,Walker2d-v4,25,30,1,a2p95,mass_0p5,/home/users/am1015/rl_runs_walker_confirm_30seed_20260521/Walker2d-v4__ppo_alpha_a2p95__25__1779439265/ppo_alpha_a2p95.cleanrl_model,/home/users/am1015/rl_runs_walker_confirm_30seed_20260521/Walker2d-v4__ppo_alpha_a2p95__25__1779439265/ppo_alpha_a2p95.cleanrl_model.norm_stats.npz,1,1,1,0.0,0.0,0.0,0.0,1.0,0.5,,1.0,-1,,-1,,1.0,,1.0,1.0,2169.0313778942136,1047.3878159937906,1790.0633041563106,1996.8276820246087,744.4511010388202,4013.199736135829,
1779511769,eval__Walker2d-v4__ppo_cont__a2p95__actuator_gain_0p5__seed26__pid3129222,ppo_cont,Walker2d-v4,26,30,1,a2p95,actuator_gain_0p5,/home/users/am1015/rl_runs_walker_confirm_30seed_20260521/Walker2d-v4__ppo_alpha_a2p95__26__1779439264/ppo_alpha_a2p95.cleanrl_model,/home/users/am1015/rl_runs_walker_confirm_30seed_20260521/Walker2d-v4__ppo_alpha_a2p95__26__1779439264/ppo_alpha_a2p95.cleanrl_model.norm_stats.npz,1,1,1,0.0,0.0,0.0,0.0,1.0,1.0,,1.0,-1,,-1,,1.0,,0.5,1.0,203.8949962803936,8.879740785477448,199.48512640012305,201.06255331654305,193.81835198790804,224.3757777875826,
1779511775,eval__Walker2d-v4__ppo_cont__a2p95__mass_0p5__seed26__pid3129251,ppo_cont,Walker2d-v4,26,30,1,a2p95,mass_0p5,/home/users/am1015/rl_runs_walker_confirm_30seed_20260521/Walker2d-v4__ppo_alpha_a2p95__26__1779439264/ppo_alpha_a2p95.cleanrl_model,/home/users/am1015/rl_runs_walker_confirm_30seed_20260521/Walker2d-v4__ppo_alpha_a2p95__26__1779439264/ppo_alpha_a2p95.cleanrl_model.norm_stats.npz,1,1,1,0.0,0.0,0.0,0.0,1.0,0.5,,1.0,-1,,-1,,1.0,,1.0,1.0,1762.9396075533705,712.6719643078534,1647.7960415071525,1668.1577017467075,940.1892435292212,4130.823603743414,
1779511771,eval__Walker2d-v4__ppo_cont__a2p95__actuator_gain_0p5__seed27__pid3486344,ppo_cont,Walker2d-v4,27,30,1,a2p95,actuator_gain_0p5,/home/users/am1015/rl_runs_walker_confirm_30seed_20260521/Walker2d-v4__ppo_alpha_a2p95__27__1779439265/ppo_alpha_a2p95.cleanrl_model,/home/users/am1015/rl_runs_walker_confirm_30seed_20260521/Walker2d-v4__ppo_alpha_a2p95__27__1779439265/ppo_alpha_a2p95.cleanrl_model.norm_stats.npz,1,1,1,0.0,0.0,0.0,0.0,1.0,1.0,,1.0,-1,,-1,,1.0,,0.5,1.0,366.9476059363969,8.585782383333036,364.5227721805065,365.6435577265229,353.6442971515341,387.9253429905855,
1779511776,eval__Walker2d-v4__ppo_cont__a2p95__mass_0p5__seed27__pid3129252,ppo_cont,Walker2d-v4,27,30,1,a2p95,mass_0p5,/home/users/am1015/rl_runs_walker_confirm_30seed_20260521/Walker2d-v4__ppo_alpha_a2p95__27__1779439265/ppo_alpha_a2p95.cleanrl_model,/home/users/am1015/rl_runs_walker_confirm_30seed_20260521/Walker2d-v4__ppo_alpha_a2p95__27__1779439265/ppo_alpha_a2p95.cleanrl_model.norm_stats.npz,1,1,1,0.0,0.0,0.0,0.0,1.0,0.5,,1.0,-1,,-1,,1.0,,1.0,1.0,948.0689814581644,394.42268247798927,965.3305343207228,926.9195734372348,592.476434002657,2781.6515439061945,
1779511771,eval__Walker2d-v4__ppo_cont__a2p95__actuator_gain_0p5__seed28__pid3486315,ppo_cont,Walker2d-v4,28,30,1,a2p95,actuator_gain_0p5,/home/users/am1015/rl_runs_walker_confirm_30seed_20260521/Walker2d-v4__ppo_alpha_a2p95__28__1779439284/ppo_alpha_a2p95.cleanrl_model,/home/users/am1015/rl_runs_walker_confirm_30seed_20260521/Walker2d-v4__ppo_alpha_a2p95__28__1779439284/ppo_alpha_a2p95.cleanrl_model.norm_stats.npz,1,1,1,0.0,0.0,0.0,0.0,1.0,1.0,,1.0,-1,,-1,,1.0,,0.5,1.0,379.0898020360998,4.349894321834287,378.7489182660572,378.7524180440393,369.9696032179784,387.0662562886315,
1779511772,eval__Walker2d-v4__ppo_cont__a2p95__mass_0p5__seed28__pid3486345,ppo_cont,Walker2d-v4,28,30,1,a2p95,mass_0p5,/home/users/am1015/rl_runs_walker_confirm_30seed_20260521/Walker2d-v4__ppo_alpha_a2p95__28__1779439284/ppo_alpha_a2p95.cleanrl_model,/home/users/am1015/rl_runs_walker_confirm_30seed_20260521/Walker2d-v4__ppo_alpha_a2p95__28__1779439284/ppo_alpha_a2p95.cleanrl_model.norm_stats.npz,1,1,1,0.0,0.0,0.0,0.0,1.0,0.5,,1.0,-1,,-1,,1.0,,1.0,1.0,502.0298827119989,129.8554528630963,486.5977678703941,487.1902225700045,332.6759383308754,1006.4133059508764,
1779511771,eval__Walker2d-v4__ppo_cont__a2p95__actuator_gain_0p5__seed29__pid2977227,ppo_cont,Walker2d-v4,29,30,1,a2p95,actuator_gain_0p5,/home/users/am1015/rl_runs_walker_confirm_30seed_20260521/Walker2d-v4__ppo_alpha_a2p95__29__1779439284/ppo_alpha_a2p95.cleanrl_model,/home/users/am1015/rl_runs_walker_confirm_30seed_20260521/Walker2d-v4__ppo_alpha_a2p95__29__1779439284/ppo_alpha_a2p95.cleanrl_model.norm_stats.npz,1,1,1,0.0,0.0,0.0,0.0,1.0,1.0,,1.0,-1,,-1,,1.0,,0.5,1.0,360.88286597603104,4.9646208205587,361.2299101049915,360.8405838221441,351.17414210860164,370.3292751923243,
1779511778,eval__Walker2d-v4__ppo_cont__a2p95__mass_0p5__seed29__pid2977260,ppo_cont,Walker2d-v4,29,30,1,a2p95,mass_0p5,/home/users/am1015/rl_runs_walker_confirm_30seed_20260521/Walker2d-v4__ppo_alpha_a2p95__29__1779439284/ppo_alpha_a2p95.cleanrl_model,/home/users/am1015/rl_runs_walker_confirm_30seed_20260521/Walker2d-v4__ppo_alpha_a2p95__29__1779439284/ppo_alpha_a2p95.cleanrl_model.norm_stats.npz,1,1,1,0.0,0.0,0.0,0.0,1.0,0.5,,1.0,-1,,-1,,1.0,,1.0,1.0,1973.769133105843,975.688296001181,1966.602268441481,1947.2655240222048,389.71727962107576,3446.660623076677,
1779511742,eval__Walker2d-v4__ppo_cont__a2p95__actuator_gain_0p5__seed2__pid1338125,ppo_cont,Walker2d-v4,2,30,1,a2p95,actuator_gain_0p5,/home/users/am1015/rl_runs_walker_confirm_30seed_20260521/Walker2d-v4__ppo_alpha_a2p95__2__1779434242/ppo_alpha_a2p95.cleanrl_model,/home/users/am1015/rl_runs_walker_confirm_30seed_20260521/Walker2d-v4__ppo_alpha_a2p95__2__1779434242/ppo_alpha_a2p95.cleanrl_model.norm_stats.npz,1,1,1,0.0,0.0,0.0,0.0,1.0,1.0,,1.0,-1,,-1,,1.0,,0.5,1.0,241.3931012378565,2.9087712295002404,241.77976956123143,241.47424641193768,235.2510754786772,246.82064626359784,
1779511748,eval__Walker2d-v4__ppo_cont__a2p95__mass_0p5__seed2__pid1338139,ppo_cont,Walker2d-v4,2,30,1,a2p95,mass_0p5,/home/users/am1015/rl_runs_walker_confirm_30seed_20260521/Walker2d-v4__ppo_alpha_a2p95__2__1779434242/ppo_alpha_a2p95.cleanrl_model,/home/users/am1015/rl_runs_walker_confirm_30seed_20260521/Walker2d-v4__ppo_alpha_a2p95__2__1779434242/ppo_alpha_a2p95.cleanrl_model.norm_stats.npz,1,1,1,0.0,0.0,0.0,0.0,1.0,0.5,,1.0,-1,,-1,,1.0,,1.0,1.0,1966.4579368877328,836.7289741866531,1677.688099160775,1831.8799587114231,751.990032464582,4094.520391700264,
1779511770,eval__Walker2d-v4__ppo_cont__a2p95__actuator_gain_0p5__seed30__pid2977271,ppo_cont,Walker2d-v4,30,30,1,a2p95,actuator_gain_0p5,/home/users/am1015/rl_runs_walker_confirm_30seed_20260521/Walker2d-v4__ppo_alpha_a2p95__30__1779439314/ppo_alpha_a2p95.cleanrl_model,/home/users/am1015/rl_runs_walker_confirm_30seed_20260521/Walker2d-v4__ppo_alpha_a2p95__30__1779439314/ppo_alpha_a2p95.cleanrl_model.norm_stats.npz,1,1,1,0.0,0.0,0.0,0.0,1.0,1.0,,1.0,-1,,-1,,1.0,,0.5,1.0,190.4326267675088,6.9973785184756325,188.9935671265121,189.6707310772354,181.50383358067364,200.95133560847808,
1779511773,eval__Walker2d-v4__ppo_cont__a2p95__mass_0p5__seed30__pid2977255,ppo_cont,Walker2d-v4,30,30,1,a2p95,mass_0p5,/home/users/am1015/rl_runs_walker_confirm_30seed_20260521/Walker2d-v4__ppo_alpha_a2p95__30__1779439314/ppo_alpha_a2p95.cleanrl_model,/home/users/am1015/rl_runs_walker_confirm_30seed_20260521/Walker2d-v4__ppo_alpha_a2p95__30__1779439314/ppo_alpha_a2p95.cleanrl_model.norm_stats.npz,1,1,1,0.0,0.0,0.0,0.0,1.0,0.5,,1.0,-1,,-1,,1.0,,1.0,1.0,930.5239886098092,536.3309303241508,807.8072953663543,816.4107939645231,372.1649042306349,3018.1493051200086,
1779511770,eval__Walker2d-v4__ppo_cont__a2p95__actuator_gain_0p5__seed3__pid2576655,ppo_cont,Walker2d-v4,3,30,1,a2p95,actuator_gain_0p5,/home/users/am1015/rl_runs_walker_confirm_30seed_20260521/Walker2d-v4__ppo_alpha_a2p95__3__1779434242/ppo_alpha_a2p95.cleanrl_model,/home/users/am1015/rl_runs_walker_confirm_30seed_20260521/Walker2d-v4__ppo_alpha_a2p95__3__1779434242/ppo_alpha_a2p95.cleanrl_model.norm_stats.npz,1,1,1,0.0,0.0,0.0,0.0,1.0,1.0,,1.0,-1,,-1,,1.0,,0.5,1.0,254.66751316353407,2.439855026859391,254.17596674113923,254.3098281979008,250.947718343261,261.475729711761,
1779511773,eval__Walker2d-v4__ppo_cont__a2p95__mass_0p5__seed3__pid2576612,ppo_cont,Walker2d-v4,3,30,1,a2p95,mass_0p5,/home/users/am1015/rl_runs_walker_confirm_30seed_20260521/Walker2d-v4__ppo_alpha_a2p95__3__1779434242/ppo_alpha_a2p95.cleanrl_model,/home/users/am1015/rl_runs_walker_confirm_30seed_20260521/Walker2d-v4__ppo_alpha_a2p95__3__1779434242/ppo_alpha_a2p95.cleanrl_model.norm_stats.npz,1,1,1,0.0,0.0,0.0,0.0,1.0,0.5,,1.0,-1,,-1,,1.0,,1.0,1.0,919.65796251155,766.3536082354558,558.035020054197,614.8764591657374,369.6824948434185,3358.2167793831936,
1779511770,eval__Walker2d-v4__ppo_cont__a2p95__actuator_gain_0p5__seed4__pid2576640,ppo_cont,Walker2d-v4,4,30,1,a2p95,actuator_gain_0p5,/home/users/am1015/rl_runs_walker_confirm_30seed_20260521/Walker2d-v4__ppo_alpha_a2p95__4__1779434242/ppo_alpha_a2p95.cleanrl_model,/home/users/am1015/rl_runs_walker_confirm_30seed_20260521/Walker2d-v4__ppo_alpha_a2p95__4__1779434242/ppo_alpha_a2p95.cleanrl_model.norm_stats.npz,1,1,1,0.0,0.0,0.0,0.0,1.0,1.0,,1.0,-1,,-1,,1.0,,0.5,1.0,333.5957947950043,2.76431480639453,334.09538213302875,333.89407066970386,325.9370308556304,337.748700329289,
1779511775,eval__Walker2d-v4__ppo_cont__a2p95__mass_0p5__seed4__pid2576656,ppo_cont,Walker2d-v4,4,30,1,a2p95,mass_0p5,/home/users/am1015/rl_runs_walker_confirm_30seed_20260521/Walker2d-v4__ppo_alpha_a2p95__4__1779434242/ppo_alpha_a2p95.cleanrl_model,/home/users/am1015/rl_runs_walker_confirm_30seed_20260521/Walker2d-v4__ppo_alpha_a2p95__4__1779434242/ppo_alpha_a2p95.cleanrl_model.norm_stats.npz,1,1,1,0.0,0.0,0.0,0.0,1.0,0.5,,1.0,-1,,-1,,1.0,,1.0,1.0,1370.7537200029433,619.1987207370124,1360.3717698541132,1327.8020651657916,491.6086235792482,3208.250507460169,
1779511770,eval__Walker2d-v4__ppo_cont__a2p95__actuator_gain_0p5__seed5__pid2006659,ppo_cont,Walker2d-v4,5,30,1,a2p95,actuator_gain_0p5,/home/users/am1015/rl_runs_walker_confirm_30seed_20260521/Walker2d-v4__ppo_alpha_a2p95__5__1779434242/ppo_alpha_a2p95.cleanrl_model,/home/users/am1015/rl_runs_walker_confirm_30seed_20260521/Walker2d-v4__ppo_alpha_a2p95__5__1779434242/ppo_alpha_a2p95.cleanrl_model.norm_stats.npz,1,1,1,0.0,0.0,0.0,0.0,1.0,1.0,,1.0,-1,,-1,,1.0,,0.5,1.0,259.42451788141403,4.026938646355021,259.61124011523657,259.42977109745283,252.6532401588324,266.25699715051974,
1779511772,eval__Walker2d-v4__ppo_cont__a2p95__mass_0p5__seed5__pid1676536,ppo_cont,Walker2d-v4,5,30,1,a2p95,mass_0p5,/home/users/am1015/rl_runs_walker_confirm_30seed_20260521/Walker2d-v4__ppo_alpha_a2p95__5__1779434242/ppo_alpha_a2p95.cleanrl_model,/home/users/am1015/rl_runs_walker_confirm_30seed_20260521/Walker2d-v4__ppo_alpha_a2p95__5__1779434242/ppo_alpha_a2p95.cleanrl_model.norm_stats.npz,1,1,1,0.0,0.0,0.0,0.0,1.0,0.5,,1.0,-1,,-1,,1.0,,1.0,1.0,843.6654804392324,582.782152840882,754.6896878085179,753.6670798122967,154.71875780143642,3792.0601245279777,
1779511770,eval__Walker2d-v4__ppo_cont__a2p95__actuator_gain_0p5__seed6__pid2006631,ppo_cont,Walker2d-v4,6,30,1,a2p95,actuator_gain_0p5,/home/users/am1015/rl_runs_walker_confirm_30seed_20260521/Walker2d-v4__ppo_alpha_a2p95__6__1779434242/ppo_alpha_a2p95.cleanrl_model,/home/users/am1015/rl_runs_walker_confirm_30seed_20260521/Walker2d-v4__ppo_alpha_a2p95__6__1779434242/ppo_alpha_a2p95.cleanrl_model.norm_stats.npz,1,1,1,0.0,0.0,0.0,0.0,1.0,1.0,,1.0,-1,,-1,,1.0,,0.5,1.0,317.9226500875589,5.705311019146988,320.43941017647546,319.80057886281617,305.8608159708463,323.284904273563,
1779511771,eval__Walker2d-v4__ppo_cont__a2p95__mass_0p5__seed6__pid2006654,ppo_cont,Walker2d-v4,6,30,1,a2p95,mass_0p5,/home/users/am1015/rl_runs_walker_confirm_30seed_20260521/Walker2d-v4__ppo_alpha_a2p95__6__1779434242/ppo_alpha_a2p95.cleanrl_model,/home/users/am1015/rl_runs_walker_confirm_30seed_20260521/Walker2d-v4__ppo_alpha_a2p95__6__1779434242/ppo_alpha_a2p95.cleanrl_model.norm_stats.npz,1,1,1,0.0,0.0,0.0,0.0,1.0,0.5,,1.0,-1,,-1,,1.0,,1.0,1.0,444.82799449739775,19.446013668130384,447.5843344631878,446.9730483921785,378.3231585849621,479.82697226152027,
1779511771,eval__Walker2d-v4__ppo_cont__a2p95__actuator_gain_0p5__seed7__pid1338355,ppo_cont,Walker2d-v4,7,30,1,a2p95,actuator_gain_0p5,/home/users/am1015/rl_runs_walker_confirm_30seed_20260521/Walker2d-v4__ppo_alpha_a2p95__7__1779434241/ppo_alpha_a2p95.cleanrl_model,/home/users/am1015/rl_runs_walker_confirm_30seed_20260521/Walker2d-v4__ppo_alpha_a2p95__7__1779434241/ppo_alpha_a2p95.cleanrl_model.norm_stats.npz,1,1,1,0.0,0.0,0.0,0.0,1.0,1.0,,1.0,-1,,-1,,1.0,,0.5,1.0,369.41443523674513,5.169788388816348,369.2830767755817,369.44825289102977,359.35425155433575,379.0512708879061,
1779511779,eval__Walker2d-v4__ppo_cont__a2p95__mass_0p5__seed7__pid2006646,ppo_cont,Walker2d-v4,7,30,1,a2p95,mass_0p5,/home/users/am1015/rl_runs_walker_confirm_30seed_20260521/Walker2d-v4__ppo_alpha_a2p95__7__1779434241/ppo_alpha_a2p95.cleanrl_model,/home/users/am1015/rl_runs_walker_confirm_30seed_20260521/Walker2d-v4__ppo_alpha_a2p95__7__1779434241/ppo_alpha_a2p95.cleanrl_model.norm_stats.npz,1,1,1,0.0,0.0,0.0,0.0,1.0,0.5,,1.0,-1,,-1,,1.0,,1.0,1.0,2366.725162660465,1087.1971974453338,2675.045070607588,2555.179573275999,320.4358655340326,3652.6400009819336,
1779511770,eval__Walker2d-v4__ppo_cont__a2p95__actuator_gain_0p5__seed8__pid1338340,ppo_cont,Walker2d-v4,8,30,1,a2p95,actuator_gain_0p5,/home/users/am1015/rl_runs_walker_confirm_30seed_20260521/Walker2d-v4__ppo_alpha_a2p95__8__1779434271/ppo_alpha_a2p95.cleanrl_model,/home/users/am1015/rl_runs_walker_confirm_30seed_20260521/Walker2d-v4__ppo_alpha_a2p95__8__1779434271/ppo_alpha_a2p95.cleanrl_model.norm_stats.npz,1,1,1,0.0,0.0,0.0,0.0,1.0,1.0,,1.0,-1,,-1,,1.0,,0.5,1.0,266.26771824920206,8.302013700492012,264.6720691139509,264.8961108368624,254.3752786916929,285.6614484113505,
1779511773,eval__Walker2d-v4__ppo_cont__a2p95__mass_0p5__seed8__pid1338370,ppo_cont,Walker2d-v4,8,30,1,a2p95,mass_0p5,/home/users/am1015/rl_runs_walker_confirm_30seed_20260521/Walker2d-v4__ppo_alpha_a2p95__8__1779434271/ppo_alpha_a2p95.cleanrl_model,/home/users/am1015/rl_runs_walker_confirm_30seed_20260521/Walker2d-v4__ppo_alpha_a2p95__8__1779434271/ppo_alpha_a2p95.cleanrl_model.norm_stats.npz,1,1,1,0.0,0.0,0.0,0.0,1.0,0.5,,1.0,-1,,-1,,1.0,,1.0,1.0,586.793810736365,630.1762017641141,413.8043468677788,407.7483208669096,42.37767862968868,2724.3419175192216,
1779511801,eval__Walker2d-v4__ppo_cont__a2p95__actuator_gain_0p5__seed9__pid1900525,ppo_cont,Walker2d-v4,9,30,1,a2p95,actuator_gain_0p5,/home/users/am1015/rl_runs_walker_confirm_30seed_20260521/Walker2d-v4__ppo_alpha_a2p95__9__1779434271/ppo_alpha_a2p95.cleanrl_model,/home/users/am1015/rl_runs_walker_confirm_30seed_20260521/Walker2d-v4__ppo_alpha_a2p95__9__1779434271/ppo_alpha_a2p95.cleanrl_model.norm_stats.npz,1,1,1,0.0,0.0,0.0,0.0,1.0,1.0,,1.0,-1,,-1,,1.0,,0.5,1.0,339.015200195068,5.414380879166482,339.4543583399476,339.32505249802574,326.5629135975556,350.4293977778872,
1779511774,eval__Walker2d-v4__ppo_cont__a2p95__mass_0p5__seed9__pid247271,ppo_cont,Walker2d-v4,9,30,1,a2p95,mass_0p5,/home/users/am1015/rl_runs_walker_confirm_30seed_20260521/Walker2d-v4__ppo_alpha_a2p95__9__1779434271/ppo_alpha_a2p95.cleanrl_model,/home/users/am1015/rl_runs_walker_confirm_30seed_20260521/Walker2d-v4__ppo_alpha_a2p95__9__1779434271/ppo_alpha_a2p95.cleanrl_model.norm_stats.npz,1,1,1,0.0,0.0,0.0,0.0,1.0,0.5,,1.0,-1,,-1,,1.0,,1.0,1.0,1399.4750318429908,724.5565216208932,1229.0054179544918,1223.8187255084745,599.55493066444,3471.4816085043603,
1779511801,eval__Walker2d-v4__ppo_cont__a3p10__actuator_gain_0p5__seed10__pid626176,ppo_cont,Walker2d-v4,10,30,1,a3p10,actuator_gain_0p5,/home/users/am1015/rl_runs_walker_confirm_30seed_20260521/Walker2d-v4__ppo_alpha_a3p10__10__1779439344/ppo_alpha_a3p10.cleanrl_model,/home/users/am1015/rl_runs_walker_confirm_30seed_20260521/Walker2d-v4__ppo_alpha_a3p10__10__1779439344/ppo_alpha_a3p10.cleanrl_model.norm_stats.npz,1,1,1,0.0,0.0,0.0,0.0,1.0,1.0,,1.0,-1,,-1,,1.0,,0.5,1.0,351.64466343213275,2.2652915609673303,351.8788732331433,351.7497213622818,346.2068134105812,355.88380697611245,
1779511809,eval__Walker2d-v4__ppo_cont__a3p10__mass_0p5__seed10__pid1784116,ppo_cont,Walker2d-v4,10,30,1,a3p10,mass_0p5,/home/users/am1015/rl_runs_walker_confirm_30seed_20260521/Walker2d-v4__ppo_alpha_a3p10__10__1779439344/ppo_alpha_a3p10.cleanrl_model,/home/users/am1015/rl_runs_walker_confirm_30seed_20260521/Walker2d-v4__ppo_alpha_a3p10__10__1779439344/ppo_alpha_a3p10.cleanrl_model.norm_stats.npz,1,1,1,0.0,0.0,0.0,0.0,1.0,0.5,,1.0,-1,,-1,,1.0,,1.0,1.0,1579.9719277156753,691.990776825589,1435.3261789601618,1458.953397500405,730.3856107763924,3387.328664408538,
1779511799,eval__Walker2d-v4__ppo_cont__a3p10__actuator_gain_0p5__seed11__pid491235,ppo_cont,Walker2d-v4,11,30,1,a3p10,actuator_gain_0p5,/home/users/am1015/rl_runs_walker_confirm_30seed_20260521/Walker2d-v4__ppo_alpha_a3p10__11__1779439373/ppo_alpha_a3p10.cleanrl_model,/home/users/am1015/rl_runs_walker_confirm_30seed_20260521/Walker2d-v4__ppo_alpha_a3p10__11__1779439373/ppo_alpha_a3p10.cleanrl_model.norm_stats.npz,1,1,1,0.0,0.0,0.0,0.0,1.0,1.0,,1.0,-1,,-1,,1.0,,0.5,1.0,308.1474551644968,29.052744723655987,317.7732756614881,318.19131913744155,226.5806234602836,328.107241918397,
1779511806,eval__Walker2d-v4__ppo_cont__a3p10__mass_0p5__seed11__pid626190,ppo_cont,Walker2d-v4,11,30,1,a3p10,mass_0p5,/home/users/am1015/rl_runs_walker_confirm_30seed_20260521/Walker2d-v4__ppo_alpha_a3p10__11__1779439373/ppo_alpha_a3p10.cleanrl_model,/home/users/am1015/rl_runs_walker_confirm_30seed_20260521/Walker2d-v4__ppo_alpha_a3p10__11__1779439373/ppo_alpha_a3p10.cleanrl_model.norm_stats.npz,1,1,1,0.0,0.0,0.0,0.0,1.0,0.5,,1.0,-1,,-1,,1.0,,1.0,1.0,1796.4120047242004,946.9781078188072,1358.7629808564045,1466.1620102166069,149.566377943928,3584.926155425759,
1779511800,eval__Walker2d-v4__ppo_cont__a3p10__actuator_gain_0p5__seed12__pid3129470,ppo_cont,Walker2d-v4,12,30,1,a3p10,actuator_gain_0p5,/home/users/am1015/rl_runs_walker_confirm_30seed_20260521/Walker2d-v4__ppo_alpha_a3p10__12__1779439374/ppo_alpha_a3p10.cleanrl_model,/home/users/am1015/rl_runs_walker_confirm_30seed_20260521/Walker2d-v4__ppo_alpha_a3p10__12__1779439374/ppo_alpha_a3p10.cleanrl_model.norm_stats.npz,1,1,1,0.0,0.0,0.0,0.0,1.0,1.0,,1.0,-1,,-1,,1.0,,0.5,1.0,249.56100040042512,2.166474087733235,249.61626962729628,249.68395510475875,245.3200023092648,253.41869188784344,
1779511805,eval__Walker2d-v4__ppo_cont__a3p10__mass_0p5__seed12__pid3129472,ppo_cont,Walker2d-v4,12,30,1,a3p10,mass_0p5,/home/users/am1015/rl_runs_walker_confirm_30seed_20260521/Walker2d-v4__ppo_alpha_a3p10__12__1779439374/ppo_alpha_a3p10.cleanrl_model,/home/users/am1015/rl_runs_walker_confirm_30seed_20260521/Walker2d-v4__ppo_alpha_a3p10__12__1779439374/ppo_alpha_a3p10.cleanrl_model.norm_stats.npz,1,1,1,0.0,0.0,0.0,0.0,1.0,0.5,,1.0,-1,,-1,,1.0,,1.0,1.0,2014.6777230630169,1241.7192164878988,1789.1663964486534,1868.5328737211896,638.0686437615258,5749.461028011001,
1779511798,eval__Walker2d-v4__ppo_cont__a3p10__actuator_gain_0p5__seed13__pid3486574,ppo_cont,Walker2d-v4,13,30,1,a3p10,actuator_gain_0p5,/home/users/am1015/rl_runs_walker_confirm_30seed_20260521/Walker2d-v4__ppo_alpha_a3p10__13__1779439403/ppo_alpha_a3p10.cleanrl_model,/home/users/am1015/rl_runs_walker_confirm_30seed_20260521/Walker2d-v4__ppo_alpha_a3p10__13__1779439403/ppo_alpha_a3p10.cleanrl_model.norm_stats.npz,1,1,1,0.0,0.0,0.0,0.0,1.0,1.0,,1.0,-1,,-1,,1.0,,0.5,1.0,339.0709249532496,4.445033093789842,338.32362364548203,338.70358923753275,331.6105892535766,348.5844126219633,
1779511805,eval__Walker2d-v4__ppo_cont__a3p10__mass_0p5__seed13__pid3129442,ppo_cont,Walker2d-v4,13,30,1,a3p10,mass_0p5,/home/users/am1015/rl_runs_walker_confirm_30seed_20260521/Walker2d-v4__ppo_alpha_a3p10__13__1779439403/ppo_alpha_a3p10.cleanrl_model,/home/users/am1015/rl_runs_walker_confirm_30seed_20260521/Walker2d-v4__ppo_alpha_a3p10__13__1779439403/ppo_alpha_a3p10.cleanrl_model.norm_stats.npz,1,1,1,0.0,0.0,0.0,0.0,1.0,0.5,,1.0,-1,,-1,,1.0,,1.0,1.0,1361.0161340780787,916.674070834458,940.174343567667,1059.516131638601,545.530827497075,3436.842367111942,
1779511799,eval__Walker2d-v4__ppo_cont__a3p10__actuator_gain_0p5__seed14__pid3486558,ppo_cont,Walker2d-v4,14,30,1,a3p10,actuator_gain_0p5,/home/users/am1015/rl_runs_walker_confirm_30seed_20260521/Walker2d-v4__ppo_alpha_a3p10__14__1779439444/ppo_alpha_a3p10.cleanrl_model,/home/users/am1015/rl_runs_walker_confirm_30seed_20260521/Walker2d-v4__ppo_alpha_a3p10__14__1779439444/ppo_alpha_a3p10.cleanrl_model.norm_stats.npz,1,1,1,0.0,0.0,0.0,0.0,1.0,1.0,,1.0,-1,,-1,,1.0,,0.5,1.0,349.34539106972244,5.479900214280309,349.3963967814023,348.844687200249,341.17191227528497,363.40638406546367,
1779511802,eval__Walker2d-v4__ppo_cont__a3p10__mass_0p5__seed14__pid3486559,ppo_cont,Walker2d-v4,14,30,1,a3p10,mass_0p5,/home/users/am1015/rl_runs_walker_confirm_30seed_20260521/Walker2d-v4__ppo_alpha_a3p10__14__1779439444/ppo_alpha_a3p10.cleanrl_model,/home/users/am1015/rl_runs_walker_confirm_30seed_20260521/Walker2d-v4__ppo_alpha_a3p10__14__1779439444/ppo_alpha_a3p10.cleanrl_model.norm_stats.npz,1,1,1,0.0,0.0,0.0,0.0,1.0,0.5,,1.0,-1,,-1,,1.0,,1.0,1.0,1134.1477340703234,692.7621339709898,987.6101938346756,977.5363733687044,348.0345277283944,3200.967354079395,
1779511801,eval__Walker2d-v4__ppo_cont__a3p10__actuator_gain_0p5__seed15__pid2977536,ppo_cont,Walker2d-v4,15,30,1,a3p10,actuator_gain_0p5,/home/users/am1015/rl_runs_walker_confirm_30seed_20260521/Walker2d-v4__ppo_alpha_a3p10__15__1779441174/ppo_alpha_a3p10.cleanrl_model,/home/users/am1015/rl_runs_walker_confirm_30seed_20260521/Walker2d-v4__ppo_alpha_a3p10__15__1779441174/ppo_alpha_a3p10.cleanrl_model.norm_stats.npz,1,1,1,0.0,0.0,0.0,0.0,1.0,1.0,,1.0,-1,,-1,,1.0,,0.5,1.0,330.52339908358226,2.378246988595675,330.8802197565259,330.4582663703225,327.4536374870444,336.40155943007335,
1779511805,eval__Walker2d-v4__ppo_cont__a3p10__mass_0p5__seed15__pid2977535,ppo_cont,Walker2d-v4,15,30,1,a3p10,mass_0p5,/home/users/am1015/rl_runs_walker_confirm_30seed_20260521/Walker2d-v4__ppo_alpha_a3p10__15__1779441174/ppo_alpha_a3p10.cleanrl_model,/home/users/am1015/rl_runs_walker_confirm_30seed_20260521/Walker2d-v4__ppo_alpha_a3p10__15__1779441174/ppo_alpha_a3p10.cleanrl_model.norm_stats.npz,1,1,1,0.0,0.0,0.0,0.0,1.0,0.5,,1.0,-1,,-1,,1.0,,1.0,1.0,1226.81812838553,808.2102994661138,941.7853789052128,921.3571323931412,552.267903867708,3243.4498253613,
1779511801,eval__Walker2d-v4__ppo_cont__a3p10__actuator_gain_0p5__seed16__pid2977564,ppo_cont,Walker2d-v4,16,30,1,a3p10,actuator_gain_0p5,/home/users/am1015/rl_runs_walker_confirm_30seed_20260521/Walker2d-v4__ppo_alpha_a3p10__16__1779443545/ppo_alpha_a3p10.cleanrl_model,/home/users/am1015/rl_runs_walker_confirm_30seed_20260521/Walker2d-v4__ppo_alpha_a3p10__16__1779443545/ppo_alpha_a3p10.cleanrl_model.norm_stats.npz,1,1,1,0.0,0.0,0.0,0.0,1.0,1.0,,1.0,-1,,-1,,1.0,,0.5,1.0,349.08005264645294,2.3120296528201965,348.89782153285034,348.99812996015487,345.56878157128875,354.3969465697015,
1779511805,eval__Walker2d-v4__ppo_cont__a3p10__mass_0p5__seed16__pid2977566,ppo_cont,Walker2d-v4,16,30,1,a3p10,mass_0p5,/home/users/am1015/rl_runs_walker_confirm_30seed_20260521/Walker2d-v4__ppo_alpha_a3p10__16__1779443545/ppo_alpha_a3p10.cleanrl_model,/home/users/am1015/rl_runs_walker_confirm_30seed_20260521/Walker2d-v4__ppo_alpha_a3p10__16__1779443545/ppo_alpha_a3p10.cleanrl_model.norm_stats.npz,1,1,1,0.0,0.0,0.0,0.0,1.0,0.5,,1.0,-1,,-1,,1.0,,1.0,1.0,1311.3565340703103,797.4791738416067,1258.7791159532576,1238.8686047748072,321.5743865567719,3689.788308876646,
1779511801,eval__Walker2d-v4__ppo_cont__a3p10__actuator_gain_0p5__seed17__pid2576914,ppo_cont,Walker2d-v4,17,30,1,a3p10,actuator_gain_0p5,/home/users/am1015/rl_runs_walker_confirm_30seed_20260521/Walker2d-v4__ppo_alpha_a3p10__17__1779443844/ppo_alpha_a3p10.cleanrl_model,/home/users/am1015/rl_runs_walker_confirm_30seed_20260521/Walker2d-v4__ppo_alpha_a3p10__17__1779443844/ppo_alpha_a3p10.cleanrl_model.norm_stats.npz,1,1,1,0.0,0.0,0.0,0.0,1.0,1.0,,1.0,-1,,-1,,1.0,,0.5,1.0,362.3809580828027,9.51122049922331,363.345614127062,363.22172627916274,342.72336850167324,377.804137116772,
1779511804,eval__Walker2d-v4__ppo_cont__a3p10__mass_0p5__seed17__pid2576950,ppo_cont,Walker2d-v4,17,30,1,a3p10,mass_0p5,/home/users/am1015/rl_runs_walker_confirm_30seed_20260521/Walker2d-v4__ppo_alpha_a3p10__17__1779443844/ppo_alpha_a3p10.cleanrl_model,/home/users/am1015/rl_runs_walker_confirm_30seed_20260521/Walker2d-v4__ppo_alpha_a3p10__17__1779443844/ppo_alpha_a3p10.cleanrl_model.norm_stats.npz,1,1,1,0.0,0.0,0.0,0.0,1.0,0.5,,1.0,-1,,-1,,1.0,,1.0,1.0,1189.625403914647,430.4746333684734,1045.520091781782,1109.8400340314818,561.7117132042878,2249.044283479593,
1779511800,eval__Walker2d-v4__ppo_cont__a3p10__actuator_gain_0p5__seed18__pid2576942,ppo_cont,Walker2d-v4,18,30,1,a3p10,actuator_gain_0p5,/home/users/am1015/rl_runs_walker_confirm_30seed_20260521/Walker2d-v4__ppo_alpha_a3p10__18__1779444205/ppo_alpha_a3p10.cleanrl_model,/home/users/am1015/rl_runs_walker_confirm_30seed_20260521/Walker2d-v4__ppo_alpha_a3p10__18__1779444205/ppo_alpha_a3p10.cleanrl_model.norm_stats.npz,1,1,1,0.0,0.0,0.0,0.0,1.0,1.0,,1.0,-1,,-1,,1.0,,0.5,1.0,233.0655457659012,4.4258405213192615,231.714776356606,232.4602195869648,225.67791540633831,243.037603193912,
1779511805,eval__Walker2d-v4__ppo_cont__a3p10__mass_0p5__seed18__pid2576922,ppo_cont,Walker2d-v4,18,30,1,a3p10,mass_0p5,/home/users/am1015/rl_runs_walker_confirm_30seed_20260521/Walker2d-v4__ppo_alpha_a3p10__18__1779444205/ppo_alpha_a3p10.cleanrl_model,/home/users/am1015/rl_runs_walker_confirm_30seed_20260521/Walker2d-v4__ppo_alpha_a3p10__18__1779444205/ppo_alpha_a3p10.cleanrl_model.norm_stats.npz,1,1,1,0.0,0.0,0.0,0.0,1.0,0.5,,1.0,-1,,-1,,1.0,,1.0,1.0,1280.358690141028,425.508017225411,1129.473004663536,1138.9832318015783,757.4056327911172,2630.2354992908668,
1779511801,eval__Walker2d-v4__ppo_cont__a3p10__actuator_gain_0p5__seed19__pid2006908,ppo_cont,Walker2d-v4,19,30,1,a3p10,actuator_gain_0p5,/home/users/am1015/rl_runs_walker_confirm_30seed_20260521/Walker2d-v4__ppo_alpha_a3p10__19__1779444296/ppo_alpha_a3p10.cleanrl_model,/home/users/am1015/rl_runs_walker_confirm_30seed_20260521/Walker2d-v4__ppo_alpha_a3p10__19__1779444296/ppo_alpha_a3p10.cleanrl_model.norm_stats.npz,1,1,1,0.0,0.0,0.0,0.0,1.0,1.0,,1.0,-1,,-1,,1.0,,0.5,1.0,362.8925666744472,4.567946521216349,362.8893533386678,362.8869695292802,351.0946426151949,371.7180098846098,
1779511803,eval__Walker2d-v4__ppo_cont__a3p10__mass_0p5__seed19__pid1676627,ppo_cont,Walker2d-v4,19,30,1,a3p10,mass_0p5,/home/users/am1015/rl_runs_walker_confirm_30seed_20260521/Walker2d-v4__ppo_alpha_a3p10__19__1779444296/ppo_alpha_a3p10.cleanrl_model,/home/users/am1015/rl_runs_walker_confirm_30seed_20260521/Walker2d-v4__ppo_alpha_a3p10__19__1779444296/ppo_alpha_a3p10.cleanrl_model.norm_stats.npz,1,1,1,0.0,0.0,0.0,0.0,1.0,0.5,,1.0,-1,,-1,,1.0,,1.0,1.0,1045.395303068536,647.7004001837632,1012.5840492531372,946.949353637246,440.3634716134824,3662.480766720871,
1779511801,eval__Walker2d-v4__ppo_cont__a3p10__actuator_gain_0p5__seed1__pid4118113,ppo_cont,Walker2d-v4,1,30,1,a3p10,actuator_gain_0p5,/home/users/am1015/rl_runs_walker_confirm_30seed_20260521/Walker2d-v4__ppo_alpha_a3p10__1__1779439314/ppo_alpha_a3p10.cleanrl_model,/home/users/am1015/rl_runs_walker_confirm_30seed_20260521/Walker2d-v4__ppo_alpha_a3p10__1__1779439314/ppo_alpha_a3p10.cleanrl_model.norm_stats.npz,1,1,1,0.0,0.0,0.0,0.0,1.0,1.0,,1.0,-1,,-1,,1.0,,0.5,1.0,227.82079305055152,4.616084853758653,227.8175560315807,227.574744641012,219.8352739226057,238.13954259891344,
1779511808,eval__Walker2d-v4__ppo_cont__a3p10__mass_0p5__seed1__pid418293,ppo_cont,Walker2d-v4,1,30,1,a3p10,mass_0p5,/home/users/am1015/rl_runs_walker_confirm_30seed_20260521/Walker2d-v4__ppo_alpha_a3p10__1__1779439314/ppo_alpha_a3p10.cleanrl_model,/home/users/am1015/rl_runs_walker_confirm_30seed_20260521/Walker2d-v4__ppo_alpha_a3p10__1__1779439314/ppo_alpha_a3p10.cleanrl_model.norm_stats.npz,1,1,1,0.0,0.0,0.0,0.0,1.0,0.5,,1.0,-1,,-1,,1.0,,1.0,1.0,3453.5243905663074,1383.3969241154216,4154.5996825045,4135.51855003574,81.455614809756,4354.942146347081,
1779511800,eval__Walker2d-v4__ppo_cont__a3p10__actuator_gain_0p5__seed20__pid2006925,ppo_cont,Walker2d-v4,20,30,1,a3p10,actuator_gain_0p5,/home/users/am1015/rl_runs_walker_confirm_30seed_20260521/Walker2d-v4__ppo_alpha_a3p10__20__1779444326/ppo_alpha_a3p10.cleanrl_model,/home/users/am1015/rl_runs_walker_confirm_30seed_20260521/Walker2d-v4__ppo_alpha_a3p10__20__1779444326/ppo_alpha_a3p10.cleanrl_model.norm_stats.npz,1,1,1,0.0,0.0,0.0,0.0,1.0,1.0,,1.0,-1,,-1,,1.0,,0.5,1.0,231.7749680353925,4.1574974258235295,233.21936964771572,232.5376293328377,223.97547133900028,238.23532728760296,
1779511802,eval__Walker2d-v4__ppo_cont__a3p10__mass_0p5__seed20__pid2006944,ppo_cont,Walker2d-v4,20,30,1,a3p10,mass_0p5,/home/users/am1015/rl_runs_walker_confirm_30seed_20260521/Walker2d-v4__ppo_alpha_a3p10__20__1779444326/ppo_alpha_a3p10.cleanrl_model,/home/users/am1015/rl_runs_walker_confirm_30seed_20260521/Walker2d-v4__ppo_alpha_a3p10__20__1779444326/ppo_alpha_a3p10.cleanrl_model.norm_stats.npz,1,1,1,0.0,0.0,0.0,0.0,1.0,0.5,,1.0,-1,,-1,,1.0,,1.0,1.0,435.6956632110617,117.79929487733358,428.76033965858414,417.6798721496056,330.957362483499,995.1768339157844,
1779511802,eval__Walker2d-v4__ppo_cont__a3p10__actuator_gain_0p5__seed21__pid1338571,ppo_cont,Walker2d-v4,21,30,1,a3p10,actuator_gain_0p5,/home/users/am1015/rl_runs_walker_confirm_30seed_20260521/Walker2d-v4__ppo_alpha_a3p10__21__1779444326/ppo_alpha_a3p10.cleanrl_model,/home/users/am1015/rl_runs_walker_confirm_30seed_20260521/Walker2d-v4__ppo_alpha_a3p10__21__1779444326/ppo_alpha_a3p10.cleanrl_model.norm_stats.npz,1,1,1,0.0,0.0,0.0,0.0,1.0,1.0,,1.0,-1,,-1,,1.0,,0.5,1.0,417.6032707881269,4.69148190879599,418.3572491447807,418.06680333540527,406.49832587748335,426.22112973678,
1779511804,eval__Walker2d-v4__ppo_cont__a3p10__mass_0p5__seed21__pid2006957,ppo_cont,Walker2d-v4,21,30,1,a3p10,mass_0p5,/home/users/am1015/rl_runs_walker_confirm_30seed_20260521/Walker2d-v4__ppo_alpha_a3p10__21__1779444326/ppo_alpha_a3p10.cleanrl_model,/home/users/am1015/rl_runs_walker_confirm_30seed_20260521/Walker2d-v4__ppo_alpha_a3p10__21__1779444326/ppo_alpha_a3p10.cleanrl_model.norm_stats.npz,1,1,1,0.0,0.0,0.0,0.0,1.0,0.5,,1.0,-1,,-1,,1.0,,1.0,1.0,1028.1046518535163,588.2764668324168,767.7191223237738,792.3982727392042,689.842692892325,3378.9573846861163,
1779511831,eval__Walker2d-v4__ppo_cont__a3p10__actuator_gain_0p5__seed22__pid1900601,ppo_cont,Walker2d-v4,22,30,1,a3p10,actuator_gain_0p5,/home/users/am1015/rl_runs_walker_confirm_30seed_20260521/Walker2d-v4__ppo_alpha_a3p10__22__1779444326/ppo_alpha_a3p10.cleanrl_model,/home/users/am1015/rl_runs_walker_confirm_30seed_20260521/Walker2d-v4__ppo_alpha_a3p10__22__1779444326/ppo_alpha_a3p10.cleanrl_model.norm_stats.npz,1,1,1,0.0,0.0,0.0,0.0,1.0,1.0,,1.0,-1,,-1,,1.0,,0.5,1.0,374.8599976614818,15.437531996937237,371.1424817198975,373.6064182636912,350.675506278204,408.90197792095006,
1779511801,eval__Walker2d-v4__ppo_cont__a3p10__mass_0p5__seed22__pid247351,ppo_cont,Walker2d-v4,22,30,1,a3p10,mass_0p5,/home/users/am1015/rl_runs_walker_confirm_30seed_20260521/Walker2d-v4__ppo_alpha_a3p10__22__1779444326/ppo_alpha_a3p10.cleanrl_model,/home/users/am1015/rl_runs_walker_confirm_30seed_20260521/Walker2d-v4__ppo_alpha_a3p10__22__1779444326/ppo_alpha_a3p10.cleanrl_model.norm_stats.npz,1,1,1,0.0,0.0,0.0,0.0,1.0,0.5,,1.0,-1,,-1,,1.0,,1.0,1.0,319.5984496121409,113.59352815768752,313.42064268434183,307.0580444816446,209.2314634978068,747.051018986,
1779511833,eval__Walker2d-v4__ppo_cont__a3p10__actuator_gain_0p5__seed23__pid626329,ppo_cont,Walker2d-v4,23,30,1,a3p10,actuator_gain_0p5,/home/users/am1015/rl_runs_walker_confirm_30seed_20260521/Walker2d-v4__ppo_alpha_a3p10__23__1779444325/ppo_alpha_a3p10.cleanrl_model,/home/users/am1015/rl_runs_walker_confirm_30seed_20260521/Walker2d-v4__ppo_alpha_a3p10__23__1779444325/ppo_alpha_a3p10.cleanrl_model.norm_stats.npz,1,1,1,0.0,0.0,0.0,0.0,1.0,1.0,,1.0,-1,,-1,,1.0,,0.5,1.0,347.7672550936408,9.909358726167907,347.46894848520964,347.539710703103,329.5069286343804,365.7544701323103,
1779511833,eval__Walker2d-v4__ppo_cont__a3p10__mass_0p5__seed23__pid1784190,ppo_cont,Walker2d-v4,23,30,1,a3p10,mass_0p5,/home/users/am1015/rl_runs_walker_confirm_30seed_20260521/Walker2d-v4__ppo_alpha_a3p10__23__1779444325/ppo_alpha_a3p10.cleanrl_model,/home/users/am1015/rl_runs_walker_confirm_30seed_20260521/Walker2d-v4__ppo_alpha_a3p10__23__1779444325/ppo_alpha_a3p10.cleanrl_model.norm_stats.npz,1,1,1,0.0,0.0,0.0,0.0,1.0,0.5,,1.0,-1,,-1,,1.0,,1.0,1.0,498.3387429628811,321.619575505555,363.2066442719093,358.1353537189155,317.6507975571641,1540.396571027422,
1779511832,eval__Walker2d-v4__ppo_cont__a3p10__actuator_gain_0p5__seed24__pid491328,ppo_cont,Walker2d-v4,24,30,1,a3p10,actuator_gain_0p5,/home/users/am1015/rl_runs_walker_confirm_30seed_20260521/Walker2d-v4__ppo_alpha_a3p10__24__1779444355/ppo_alpha_a3p10.cleanrl_model,/home/users/am1015/rl_runs_walker_confirm_30seed_20260521/Walker2d-v4__ppo_alpha_a3p10__24__1779444355/ppo_alpha_a3p10.cleanrl_model.norm_stats.npz,1,1,1,0.0,0.0,0.0,0.0,1.0,1.0,,1.0,-1,,-1,,1.0,,0.5,1.0,280.0618176060877,10.40516607077985,278.71031345404947,279.5944294311305,260.56444955022664,297.0312208120537,
1779511836,eval__Walker2d-v4__ppo_cont__a3p10__mass_0p5__seed24__pid626344,ppo_cont,Walker2d-v4,24,30,1,a3p10,mass_0p5,/home/users/am1015/rl_runs_walker_confirm_30seed_20260521/Walker2d-v4__ppo_alpha_a3p10__24__1779444355/ppo_alpha_a3p10.cleanrl_model,/home/users/am1015/rl_runs_walker_confirm_30seed_20260521/Walker2d-v4__ppo_alpha_a3p10__24__1779444355/ppo_alpha_a3p10.cleanrl_model.norm_stats.npz,1,1,1,0.0,0.0,0.0,0.0,1.0,0.5,,1.0,-1,,-1,,1.0,,1.0,1.0,840.9126136316105,650.065360238744,525.9333742702815,542.1440940267813,372.30980867163225,2955.909267722097,
1779511833,eval__Walker2d-v4__ppo_cont__a3p10__actuator_gain_0p5__seed25__pid4118201,ppo_cont,Walker2d-v4,25,30,1,a3p10,actuator_gain_0p5,/home/users/am1015/rl_runs_walker_confirm_30seed_20260521/Walker2d-v4__ppo_alpha_a3p10__25__1779444355/ppo_alpha_a3p10.cleanrl_model,/home/users/am1015/rl_runs_walker_confirm_30seed_20260521/Walker2d-v4__ppo_alpha_a3p10__25__1779444355/ppo_alpha_a3p10.cleanrl_model.norm_stats.npz,1,1,1,0.0,0.0,0.0,0.0,1.0,1.0,,1.0,-1,,-1,,1.0,,0.5,1.0,307.3348887932694,3.331541427280442,306.8065168216682,307.24136499774096,301.1122762120751,313.6836549416973,
1779511837,eval__Walker2d-v4__ppo_cont__a3p10__mass_0p5__seed25__pid418744,ppo_cont,Walker2d-v4,25,30,1,a3p10,mass_0p5,/home/users/am1015/rl_runs_walker_confirm_30seed_20260521/Walker2d-v4__ppo_alpha_a3p10__25__1779444355/ppo_alpha_a3p10.cleanrl_model,/home/users/am1015/rl_runs_walker_confirm_30seed_20260521/Walker2d-v4__ppo_alpha_a3p10__25__1779444355/ppo_alpha_a3p10.cleanrl_model.norm_stats.npz,1,1,1,0.0,0.0,0.0,0.0,1.0,0.5,,1.0,-1,,-1,,1.0,,1.0,1.0,1635.5479782737675,1110.3186829051813,1173.7852575282732,1268.0843550039874,556.1510431602779,4003.610737955008,
1779511831,eval__Walker2d-v4__ppo_cont__a3p10__actuator_gain_0p5__seed26__pid3129663,ppo_cont,Walker2d-v4,26,30,1,a3p10,actuator_gain_0p5,/home/users/am1015/rl_runs_walker_confirm_30seed_20260521/Walker2d-v4__ppo_alpha_a3p10__26__1779444355/ppo_alpha_a3p10.cleanrl_model,/home/users/am1015/rl_runs_walker_confirm_30seed_20260521/Walker2d-v4__ppo_alpha_a3p10__26__1779444355/ppo_alpha_a3p10.cleanrl_model.norm_stats.npz,1,1,1,0.0,0.0,0.0,0.0,1.0,1.0,,1.0,-1,,-1,,1.0,,0.5,1.0,235.90610991651425,2.7561194392956145,235.6876080025565,235.4874418220752,231.314660178526,241.8283013414621,
1779511837,eval__Walker2d-v4__ppo_cont__a3p10__mass_0p5__seed26__pid3129682,ppo_cont,Walker2d-v4,26,30,1,a3p10,mass_0p5,/home/users/am1015/rl_runs_walker_confirm_30seed_20260521/Walker2d-v4__ppo_alpha_a3p10__26__1779444355/ppo_alpha_a3p10.cleanrl_model,/home/users/am1015/rl_runs_walker_confirm_30seed_20260521/Walker2d-v4__ppo_alpha_a3p10__26__1779444355/ppo_alpha_a3p10.cleanrl_model.norm_stats.npz,1,1,1,0.0,0.0,0.0,0.0,1.0,0.5,,1.0,-1,,-1,,1.0,,1.0,1.0,1742.269359844787,1169.238328564693,1531.1744318728915,1638.3187957453952,190.9240118735001,4036.0600100275415,
1779511830,eval__Walker2d-v4__ppo_cont__a3p10__actuator_gain_0p5__seed27__pid3486803,ppo_cont,Walker2d-v4,27,30,1,a3p10,actuator_gain_0p5,/home/users/am1015/rl_runs_walker_confirm_30seed_20260521/Walker2d-v4__ppo_alpha_a3p10__27__1779444355/ppo_alpha_a3p10.cleanrl_model,/home/users/am1015/rl_runs_walker_confirm_30seed_20260521/Walker2d-v4__ppo_alpha_a3p10__27__1779444355/ppo_alpha_a3p10.cleanrl_model.norm_stats.npz,1,1,1,0.0,0.0,0.0,0.0,1.0,1.0,,1.0,-1,,-1,,1.0,,0.5,1.0,428.5126460786917,4.125925950525723,428.8022718442281,428.63916410301687,417.7461028730427,436.4753148029207,
1779511832,eval__Walker2d-v4__ppo_cont__a3p10__mass_0p5__seed27__pid3129693,ppo_cont,Walker2d-v4,27,30,1,a3p10,mass_0p5,/home/users/am1015/rl_runs_walker_confirm_30seed_20260521/Walker2d-v4__ppo_alpha_a3p10__27__1779444355/ppo_alpha_a3p10.cleanrl_model,/home/users/am1015/rl_runs_walker_confirm_30seed_20260521/Walker2d-v4__ppo_alpha_a3p10__27__1779444355/ppo_alpha_a3p10.cleanrl_model.norm_stats.npz,1,1,1,0.0,0.0,0.0,0.0,1.0,0.5,,1.0,-1,,-1,,1.0,,1.0,1.0,390.4083138179138,170.46461134782342,327.55177039625335,345.0029084390896,211.48062794805,748.6051217153012,
1779511829,eval__Walker2d-v4__ppo_cont__a3p10__actuator_gain_0p5__seed28__pid3486789,ppo_cont,Walker2d-v4,28,30,1,a3p10,actuator_gain_0p5,/home/users/am1015/rl_runs_walker_confirm_30seed_20260521/Walker2d-v4__ppo_alpha_a3p10__28__1779444354/ppo_alpha_a3p10.cleanrl_model,/home/users/am1015/rl_runs_walker_confirm_30seed_20260521/Walker2d-v4__ppo_alpha_a3p10__28__1779444354/ppo_alpha_a3p10.cleanrl_model.norm_stats.npz,1,1,1,0.0,0.0,0.0,0.0,1.0,1.0,,1.0,-1,,-1,,1.0,,0.5,1.0,370.4258477864223,9.395215730596712,369.98840658617024,370.2476238503601,355.2705850175289,392.0017706242622,
1779511831,eval__Walker2d-v4__ppo_cont__a3p10__mass_0p5__seed28__pid3486777,ppo_cont,Walker2d-v4,28,30,1,a3p10,mass_0p5,/home/users/am1015/rl_runs_walker_confirm_30seed_20260521/Walker2d-v4__ppo_alpha_a3p10__28__1779444354/ppo_alpha_a3p10.cleanrl_model,/home/users/am1015/rl_runs_walker_confirm_30seed_20260521/Walker2d-v4__ppo_alpha_a3p10__28__1779444354/ppo_alpha_a3p10.cleanrl_model.norm_stats.npz,1,1,1,0.0,0.0,0.0,0.0,1.0,0.5,,1.0,-1,,-1,,1.0,,1.0,1.0,691.4838456651344,846.511876723944,261.39712850455487,277.990619496267,208.53961034800625,3297.8033790725945,
1779511832,eval__Walker2d-v4__ppo_cont__a3p10__actuator_gain_0p5__seed29__pid2977814,ppo_cont,Walker2d-v4,29,30,1,a3p10,actuator_gain_0p5,/home/users/am1015/rl_runs_walker_confirm_30seed_20260521/Walker2d-v4__ppo_alpha_a3p10__29__1779444386/ppo_alpha_a3p10.cleanrl_model,/home/users/am1015/rl_runs_walker_confirm_30seed_20260521/Walker2d-v4__ppo_alpha_a3p10__29__1779444386/ppo_alpha_a3p10.cleanrl_model.norm_stats.npz,1,1,1,0.0,0.0,0.0,0.0,1.0,1.0,,1.0,-1,,-1,,1.0,,0.5,1.0,308.8164014535886,6.842380786649137,308.85312660651505,308.7152966263493,293.3773057726817,321.6337231840836,
1779511834,eval__Walker2d-v4__ppo_cont__a3p10__mass_0p5__seed29__pid2977835,ppo_cont,Walker2d-v4,29,30,1,a3p10,mass_0p5,/home/users/am1015/rl_runs_walker_confirm_30seed_20260521/Walker2d-v4__ppo_alpha_a3p10__29__1779444386/ppo_alpha_a3p10.cleanrl_model,/home/users/am1015/rl_runs_walker_confirm_30seed_20260521/Walker2d-v4__ppo_alpha_a3p10__29__1779444386/ppo_alpha_a3p10.cleanrl_model.norm_stats.npz,1,1,1,0.0,0.0,0.0,0.0,1.0,0.5,,1.0,-1,,-1,,1.0,,1.0,1.0,517.5953955281265,392.5377731881207,391.9960914943931,385.9659809031669,330.79833036383184,1841.8703618363288,
1779511801,eval__Walker2d-v4__ppo_cont__a3p10__actuator_gain_0p5__seed2__pid1338588,ppo_cont,Walker2d-v4,2,30,1,a3p10,actuator_gain_0p5,/home/users/am1015/rl_runs_walker_confirm_30seed_20260521/Walker2d-v4__ppo_alpha_a3p10__2__1779439314/ppo_alpha_a3p10.cleanrl_model,/home/users/am1015/rl_runs_walker_confirm_30seed_20260521/Walker2d-v4__ppo_alpha_a3p10__2__1779439314/ppo_alpha_a3p10.cleanrl_model.norm_stats.npz,1,1,1,0.0,0.0,0.0,0.0,1.0,1.0,,1.0,-1,,-1,,1.0,,0.5,1.0,260.81834722268934,2.83937381557263,260.40982823064246,260.5547139827576,255.5619352968884,266.7724419629874,
1779511807,eval__Walker2d-v4__ppo_cont__a3p10__mass_0p5__seed2__pid1338577,ppo_cont,Walker2d-v4,2,30,1,a3p10,mass_0p5,/home/users/am1015/rl_runs_walker_confirm_30seed_20260521/Walker2d-v4__ppo_alpha_a3p10__2__1779439314/ppo_alpha_a3p10.cleanrl_model,/home/users/am1015/rl_runs_walker_confirm_30seed_20260521/Walker2d-v4__ppo_alpha_a3p10__2__1779439314/ppo_alpha_a3p10.cleanrl_model.norm_stats.npz,1,1,1,0.0,0.0,0.0,0.0,1.0,0.5,,1.0,-1,,-1,,1.0,,1.0,1.0,2202.522001126298,1206.2212828871282,1950.5463881093333,1962.917851094956,662.2915968013572,4380.704888324614,
1779511833,eval__Walker2d-v4__ppo_cont__a3p10__actuator_gain_0p5__seed30__pid2977853,ppo_cont,Walker2d-v4,30,30,1,a3p10,actuator_gain_0p5,/home/users/am1015/rl_runs_walker_confirm_30seed_20260521/Walker2d-v4__ppo_alpha_a3p10__30__1779444386/ppo_alpha_a3p10.cleanrl_model,/home/users/am1015/rl_runs_walker_confirm_30seed_20260521/Walker2d-v4__ppo_alpha_a3p10__30__1779444386/ppo_alpha_a3p10.cleanrl_model.norm_stats.npz,1,1,1,0.0,0.0,0.0,0.0,1.0,1.0,,1.0,-1,,-1,,1.0,,0.5,1.0,363.82917170125927,8.575640722847414,365.4305719417503,364.3083145133031,350.39019147939683,377.0806234038381,
1779511835,eval__Walker2d-v4__ppo_cont__a3p10__mass_0p5__seed30__pid2977858,ppo_cont,Walker2d-v4,30,30,1,a3p10,mass_0p5,/home/users/am1015/rl_runs_walker_confirm_30seed_20260521/Walker2d-v4__ppo_alpha_a3p10__30__1779444386/ppo_alpha_a3p10.cleanrl_model,/home/users/am1015/rl_runs_walker_confirm_30seed_20260521/Walker2d-v4__ppo_alpha_a3p10__30__1779444386/ppo_alpha_a3p10.cleanrl_model.norm_stats.npz,1,1,1,0.0,0.0,0.0,0.0,1.0,0.5,,1.0,-1,,-1,,1.0,,1.0,1.0,843.7703123552843,561.0449656435383,536.8620387540632,564.8142626910792,467.24656070186353,2421.6165005687385,
1779511832,eval__Walker2d-v4__ppo_cont__a3p10__actuator_gain_0p5__seed3__pid2577246,ppo_cont,Walker2d-v4,3,30,1,a3p10,actuator_gain_0p5,/home/users/am1015/rl_runs_walker_confirm_30seed_20260521/Walker2d-v4__ppo_alpha_a3p10__3__1779439323/ppo_alpha_a3p10.cleanrl_model,/home/users/am1015/rl_runs_walker_confirm_30seed_20260521/Walker2d-v4__ppo_alpha_a3p10__3__1779439323/ppo_alpha_a3p10.cleanrl_model.norm_stats.npz,1,1,1,0.0,0.0,0.0,0.0,1.0,1.0,,1.0,-1,,-1,,1.0,,0.5,1.0,344.8424618780413,3.588157278720964,344.93739296018344,344.7634979242359,338.36475047463284,352.182448365396,
1779511833,eval__Walker2d-v4__ppo_cont__a3p10__mass_0p5__seed3__pid2577238,ppo_cont,Walker2d-v4,3,30,1,a3p10,mass_0p5,/home/users/am1015/rl_runs_walker_confirm_30seed_20260521/Walker2d-v4__ppo_alpha_a3p10__3__1779439323/ppo_alpha_a3p10.cleanrl_model,/home/users/am1015/rl_runs_walker_confirm_30seed_20260521/Walker2d-v4__ppo_alpha_a3p10__3__1779439323/ppo_alpha_a3p10.cleanrl_model.norm_stats.npz,1,1,1,0.0,0.0,0.0,0.0,1.0,0.5,,1.0,-1,,-1,,1.0,,1.0,1.0,465.53529750674977,115.28825770036912,459.0326567406313,461.0226514933603,289.9107796101927,860.2761883558544,
1779511832,eval__Walker2d-v4__ppo_cont__a3p10__actuator_gain_0p5__seed4__pid2577210,ppo_cont,Walker2d-v4,4,30,1,a3p10,actuator_gain_0p5,/home/users/am1015/rl_runs_walker_confirm_30seed_20260521/Walker2d-v4__ppo_alpha_a3p10__4__1779439323/ppo_alpha_a3p10.cleanrl_model,/home/users/am1015/rl_runs_walker_confirm_30seed_20260521/Walker2d-v4__ppo_alpha_a3p10__4__1779439323/ppo_alpha_a3p10.cleanrl_model.norm_stats.npz,1,1,1,0.0,0.0,0.0,0.0,1.0,1.0,,1.0,-1,,-1,,1.0,,0.5,1.0,356.95292150235224,5.378107505967527,357.85933538856114,357.5740293915469,342.89576241899823,365.6714830506331,
1779511832,eval__Walker2d-v4__ppo_cont__a3p10__mass_0p5__seed4__pid2577216,ppo_cont,Walker2d-v4,4,30,1,a3p10,mass_0p5,/home/users/am1015/rl_runs_walker_confirm_30seed_20260521/Walker2d-v4__ppo_alpha_a3p10__4__1779439323/ppo_alpha_a3p10.cleanrl_model,/home/users/am1015/rl_runs_walker_confirm_30seed_20260521/Walker2d-v4__ppo_alpha_a3p10__4__1779439323/ppo_alpha_a3p10.cleanrl_model.norm_stats.npz,1,1,1,0.0,0.0,0.0,0.0,1.0,0.5,,1.0,-1,,-1,,1.0,,1.0,1.0,282.6737980289348,69.31657678965921,275.8426213815823,272.8904480721628,195.1109979861484,435.0476427172174,
1779511832,eval__Walker2d-v4__ppo_cont__a3p10__actuator_gain_0p5__seed5__pid2007247,ppo_cont,Walker2d-v4,5,30,1,a3p10,actuator_gain_0p5,/home/users/am1015/rl_runs_walker_confirm_30seed_20260521/Walker2d-v4__ppo_alpha_a3p10__5__1779439323/ppo_alpha_a3p10.cleanrl_model,/home/users/am1015/rl_runs_walker_confirm_30seed_20260521/Walker2d-v4__ppo_alpha_a3p10__5__1779439323/ppo_alpha_a3p10.cleanrl_model.norm_stats.npz,1,1,1,0.0,0.0,0.0,0.0,1.0,1.0,,1.0,-1,,-1,,1.0,,0.5,1.0,279.21084879717625,2.885282411492899,279.0569024152471,279.1621394828505,274.737657846514,286.1840634140062,
1779511834,eval__Walker2d-v4__ppo_cont__a3p10__mass_0p5__seed5__pid1676718,ppo_cont,Walker2d-v4,5,30,1,a3p10,mass_0p5,/home/users/am1015/rl_runs_walker_confirm_30seed_20260521/Walker2d-v4__ppo_alpha_a3p10__5__1779439323/ppo_alpha_a3p10.cleanrl_model,/home/users/am1015/rl_runs_walker_confirm_30seed_20260521/Walker2d-v4__ppo_alpha_a3p10__5__1779439323/ppo_alpha_a3p10.cleanrl_model.norm_stats.npz,1,1,1,0.0,0.0,0.0,0.0,1.0,0.5,,1.0,-1,,-1,,1.0,,1.0,1.0,975.89980602736,740.3375881388738,694.8057083515625,807.2419333380715,134.6762482177241,2832.2090185382126,
1779511832,eval__Walker2d-v4__ppo_cont__a3p10__actuator_gain_0p5__seed6__pid2007200,ppo_cont,Walker2d-v4,6,30,1,a3p10,actuator_gain_0p5,/home/users/am1015/rl_runs_walker_confirm_30seed_20260521/Walker2d-v4__ppo_alpha_a3p10__6__1779439323/ppo_alpha_a3p10.cleanrl_model,/home/users/am1015/rl_runs_walker_confirm_30seed_20260521/Walker2d-v4__ppo_alpha_a3p10__6__1779439323/ppo_alpha_a3p10.cleanrl_model.norm_stats.npz,1,1,1,0.0,0.0,0.0,0.0,1.0,1.0,,1.0,-1,,-1,,1.0,,0.5,1.0,332.30499002241345,6.448249757600062,331.0954896528364,331.5655192246263,322.6789893727624,346.41444625610325,
1779511832,eval__Walker2d-v4__ppo_cont__a3p10__mass_0p5__seed6__pid2007237,ppo_cont,Walker2d-v4,6,30,1,a3p10,mass_0p5,/home/users/am1015/rl_runs_walker_confirm_30seed_20260521/Walker2d-v4__ppo_alpha_a3p10__6__1779439323/ppo_alpha_a3p10.cleanrl_model,/home/users/am1015/rl_runs_walker_confirm_30seed_20260521/Walker2d-v4__ppo_alpha_a3p10__6__1779439323/ppo_alpha_a3p10.cleanrl_model.norm_stats.npz,1,1,1,0.0,0.0,0.0,0.0,1.0,0.5,,1.0,-1,,-1,,1.0,,1.0,1.0,314.03996875661466,44.50415597901949,298.82337210733215,305.0583634162257,260.45161997038633,416.2130447566797,
1779511832,eval__Walker2d-v4__ppo_cont__a3p10__actuator_gain_0p5__seed7__pid1338781,ppo_cont,Walker2d-v4,7,30,1,a3p10,actuator_gain_0p5,/home/users/am1015/rl_runs_walker_confirm_30seed_20260521/Walker2d-v4__ppo_alpha_a3p10__7__1779439344/ppo_alpha_a3p10.cleanrl_model,/home/users/am1015/rl_runs_walker_confirm_30seed_20260521/Walker2d-v4__ppo_alpha_a3p10__7__1779439344/ppo_alpha_a3p10.cleanrl_model.norm_stats.npz,1,1,1,0.0,0.0,0.0,0.0,1.0,1.0,,1.0,-1,,-1,,1.0,,0.5,1.0,352.50322059071914,3.125907359198381,352.1120235385269,352.3545911007274,346.1230502997077,359.56877643776323,
1779511836,eval__Walker2d-v4__ppo_cont__a3p10__mass_0p5__seed7__pid2007233,ppo_cont,Walker2d-v4,7,30,1,a3p10,mass_0p5,/home/users/am1015/rl_runs_walker_confirm_30seed_20260521/Walker2d-v4__ppo_alpha_a3p10__7__1779439344/ppo_alpha_a3p10.cleanrl_model,/home/users/am1015/rl_runs_walker_confirm_30seed_20260521/Walker2d-v4__ppo_alpha_a3p10__7__1779439344/ppo_alpha_a3p10.cleanrl_model.norm_stats.npz,1,1,1,0.0,0.0,0.0,0.0,1.0,0.5,,1.0,-1,,-1,,1.0,,1.0,1.0,1185.3534690908514,1285.0300421785755,670.1809123026823,708.6010902033738,85.17970872730442,4041.96401780288,
1779511832,eval__Walker2d-v4__ppo_cont__a3p10__actuator_gain_0p5__seed8__pid1338806,ppo_cont,Walker2d-v4,8,30,1,a3p10,actuator_gain_0p5,/home/users/am1015/rl_runs_walker_confirm_30seed_20260521/Walker2d-v4__ppo_alpha_a3p10__8__1779439344/ppo_alpha_a3p10.cleanrl_model,/home/users/am1015/rl_runs_walker_confirm_30seed_20260521/Walker2d-v4__ppo_alpha_a3p10__8__1779439344/ppo_alpha_a3p10.cleanrl_model.norm_stats.npz,1,1,1,0.0,0.0,0.0,0.0,1.0,1.0,,1.0,-1,,-1,,1.0,,0.5,1.0,333.9776645259216,7.5096460981112445,332.0070799750704,333.8297318309177,318.3182048121064,349.1022880278097,
1779511833,eval__Walker2d-v4__ppo_cont__a3p10__mass_0p5__seed8__pid1338811,ppo_cont,Walker2d-v4,8,30,1,a3p10,mass_0p5,/home/users/am1015/rl_runs_walker_confirm_30seed_20260521/Walker2d-v4__ppo_alpha_a3p10__8__1779439344/ppo_alpha_a3p10.cleanrl_model,/home/users/am1015/rl_runs_walker_confirm_30seed_20260521/Walker2d-v4__ppo_alpha_a3p10__8__1779439344/ppo_alpha_a3p10.cleanrl_model.norm_stats.npz,1,1,1,0.0,0.0,0.0,0.0,1.0,0.5,,1.0,-1,,-1,,1.0,,1.0,1.0,476.4994248052448,32.088450997008486,479.1903109103698,478.9518278570228,406.1560057312144,524.8232868562859,
1779511860,eval__Walker2d-v4__ppo_cont__a3p10__actuator_gain_0p5__seed9__pid1900674,ppo_cont,Walker2d-v4,9,30,1,a3p10,actuator_gain_0p5,/home/users/am1015/rl_runs_walker_confirm_30seed_20260521/Walker2d-v4__ppo_alpha_a3p10__9__1779439344/ppo_alpha_a3p10.cleanrl_model,/home/users/am1015/rl_runs_walker_confirm_30seed_20260521/Walker2d-v4__ppo_alpha_a3p10__9__1779439344/ppo_alpha_a3p10.cleanrl_model.norm_stats.npz,1,1,1,0.0,0.0,0.0,0.0,1.0,1.0,,1.0,-1,,-1,,1.0,,0.5,1.0,307.44151646158764,2.238465034143277,307.7620653043799,307.5821228945623,302.75079996356806,314.2541479571981,
1779511834,eval__Walker2d-v4__ppo_cont__a3p10__mass_0p5__seed9__pid247433,ppo_cont,Walker2d-v4,9,30,1,a3p10,mass_0p5,/home/users/am1015/rl_runs_walker_confirm_30seed_20260521/Walker2d-v4__ppo_alpha_a3p10__9__1779439344/ppo_alpha_a3p10.cleanrl_model,/home/users/am1015/rl_runs_walker_confirm_30seed_20260521/Walker2d-v4__ppo_alpha_a3p10__9__1779439344/ppo_alpha_a3p10.cleanrl_model.norm_stats.npz,1,1,1,0.0,0.0,0.0,0.0,1.0,0.5,,1.0,-1,,-1,,1.0,,1.0,1.0,934.4822893290644,705.5011562300218,620.2448238802951,724.5833946019237,267.432547504595,3331.989767896759,
1779511861,eval__Walker2d-v4__ppo_cont__vanilla__actuator_gain_0p5__seed10__pid626489,ppo_cont,Walker2d-v4,10,30,1,vanilla,actuator_gain_0p5,/home/users/am1015/rl_runs_walker_confirm_30seed_20260521/Walker2d-v4__ppo_alpha_vanilla__10__1779429200/ppo_alpha_vanilla.cleanrl_model,/home/users/am1015/rl_runs_walker_confirm_30seed_20260521/Walker2d-v4__ppo_alpha_vanilla__10__1779429200/ppo_alpha_vanilla.cleanrl_model.norm_stats.npz,1,1,1,0.0,0.0,0.0,0.0,1.0,1.0,,1.0,-1,,-1,,1.0,,0.5,1.0,356.63271286194976,6.056113634892132,355.25641479467595,355.7088780530002,347.9981175722356,370.59782530535193,
1779511860,eval__Walker2d-v4__ppo_cont__vanilla__mass_0p5__seed10__pid1784261,ppo_cont,Walker2d-v4,10,30,1,vanilla,mass_0p5,/home/users/am1015/rl_runs_walker_confirm_30seed_20260521/Walker2d-v4__ppo_alpha_vanilla__10__1779429200/ppo_alpha_vanilla.cleanrl_model,/home/users/am1015/rl_runs_walker_confirm_30seed_20260521/Walker2d-v4__ppo_alpha_vanilla__10__1779429200/ppo_alpha_vanilla.cleanrl_model.norm_stats.npz,1,1,1,0.0,0.0,0.0,0.0,1.0,0.5,,1.0,-1,,-1,,1.0,,1.0,1.0,326.10420247058096,345.2710203368765,184.2332851037835,185.6928568990619,145.81335046383873,1709.5505258365506,
1779511860,eval__Walker2d-v4__ppo_cont__vanilla__actuator_gain_0p5__seed11__pid491427,ppo_cont,Walker2d-v4,11,30,1,vanilla,actuator_gain_0p5,/home/users/am1015/rl_runs_walker_confirm_30seed_20260521/Walker2d-v4__ppo_alpha_vanilla__11__1779429200/ppo_alpha_vanilla.cleanrl_model,/home/users/am1015/rl_runs_walker_confirm_30seed_20260521/Walker2d-v4__ppo_alpha_vanilla__11__1779429200/ppo_alpha_vanilla.cleanrl_model.norm_stats.npz,1,1,1,0.0,0.0,0.0,0.0,1.0,1.0,,1.0,-1,,-1,,1.0,,0.5,1.0,298.587895613945,2.48258772857198,298.63699501315693,298.5977849465276,294.37041650464334,303.8173240456438,
1779511865,eval__Walker2d-v4__ppo_cont__vanilla__mass_0p5__seed11__pid626504,ppo_cont,Walker2d-v4,11,30,1,vanilla,mass_0p5,/home/users/am1015/rl_runs_walker_confirm_30seed_20260521/Walker2d-v4__ppo_alpha_vanilla__11__1779429200/ppo_alpha_vanilla.cleanrl_model,/home/users/am1015/rl_runs_walker_confirm_30seed_20260521/Walker2d-v4__ppo_alpha_vanilla__11__1779429200/ppo_alpha_vanilla.cleanrl_model.norm_stats.npz,1,1,1,0.0,0.0,0.0,0.0,1.0,0.5,,1.0,-1,,-1,,1.0,,1.0,1.0,1776.1790896029418,1233.1429615789004,1434.985963498534,1423.485215674234,250.98229675838263,5084.617520071566,
1779511860,eval__Walker2d-v4__ppo_cont__vanilla__actuator_gain_0p5__seed12__pid3129883,ppo_cont,Walker2d-v4,12,30,1,vanilla,actuator_gain_0p5,/home/users/am1015/rl_runs_walker_confirm_30seed_20260521/Walker2d-v4__ppo_alpha_vanilla__12__1779429200/ppo_alpha_vanilla.cleanrl_model,/home/users/am1015/rl_runs_walker_confirm_30seed_20260521/Walker2d-v4__ppo_alpha_vanilla__12__1779429200/ppo_alpha_vanilla.cleanrl_model.norm_stats.npz,1,1,1,0.0,0.0,0.0,0.0,1.0,1.0,,1.0,-1,,-1,,1.0,,0.5,1.0,236.5744978243851,3.303861056902782,236.5396120500064,236.3866859474045,231.50941764818083,244.92406936237265,
1779511868,eval__Walker2d-v4__ppo_cont__vanilla__mass_0p5__seed12__pid3129912,ppo_cont,Walker2d-v4,12,30,1,vanilla,mass_0p5,/home/users/am1015/rl_runs_walker_confirm_30seed_20260521/Walker2d-v4__ppo_alpha_vanilla__12__1779429200/ppo_alpha_vanilla.cleanrl_model,/home/users/am1015/rl_runs_walker_confirm_30seed_20260521/Walker2d-v4__ppo_alpha_vanilla__12__1779429200/ppo_alpha_vanilla.cleanrl_model.norm_stats.npz,1,1,1,0.0,0.0,0.0,0.0,1.0,0.5,,1.0,-1,,-1,,1.0,,1.0,1.0,2247.423029663178,846.5785921730106,2119.4159212731715,2134.683747188536,1048.4507097894866,3707.387139704047,
1779511858,eval__Walker2d-v4__ppo_cont__vanilla__actuator_gain_0p5__seed13__pid3487028,ppo_cont,Walker2d-v4,13,30,1,vanilla,actuator_gain_0p5,/home/users/am1015/rl_runs_walker_confirm_30seed_20260521/Walker2d-v4__ppo_alpha_vanilla__13__1779429200/ppo_alpha_vanilla.cleanrl_model,/home/users/am1015/rl_runs_walker_confirm_30seed_20260521/Walker2d-v4__ppo_alpha_vanilla__13__1779429200/ppo_alpha_vanilla.cleanrl_model.norm_stats.npz,1,1,1,0.0,0.0,0.0,0.0,1.0,1.0,,1.0,-1,,-1,,1.0,,0.5,1.0,331.32422521211294,3.5537547362885973,330.4550498125409,330.81841448492514,325.156932439816,338.4702443614139,
1779511861,eval__Walker2d-v4__ppo_cont__vanilla__mass_0p5__seed13__pid3129913,ppo_cont,Walker2d-v4,13,30,1,vanilla,mass_0p5,/home/users/am1015/rl_runs_walker_confirm_30seed_20260521/Walker2d-v4__ppo_alpha_vanilla__13__1779429200/ppo_alpha_vanilla.cleanrl_model,/home/users/am1015/rl_runs_walker_confirm_30seed_20260521/Walker2d-v4__ppo_alpha_vanilla__13__1779429200/ppo_alpha_vanilla.cleanrl_model.norm_stats.npz,1,1,1,0.0,0.0,0.0,0.0,1.0,0.5,,1.0,-1,,-1,,1.0,,1.0,1.0,441.561298745192,52.75710060973393,422.83179921251866,425.41398052816845,390.2476303676791,594.2556609304501,
1779511858,eval__Walker2d-v4__ppo_cont__vanilla__actuator_gain_0p5__seed14__pid3487013,ppo_cont,Walker2d-v4,14,30,1,vanilla,actuator_gain_0p5,/home/users/am1015/rl_runs_walker_confirm_30seed_20260521/Walker2d-v4__ppo_alpha_vanilla__14__1779429200/ppo_alpha_vanilla.cleanrl_model,/home/users/am1015/rl_runs_walker_confirm_30seed_20260521/Walker2d-v4__ppo_alpha_vanilla__14__1779429200/ppo_alpha_vanilla.cleanrl_model.norm_stats.npz,1,1,1,0.0,0.0,0.0,0.0,1.0,1.0,,1.0,-1,,-1,,1.0,,0.5,1.0,229.9278495949864,2.68752668775426,230.5228929182944,230.3660514476477,223.9800554879296,233.63378199885588,
1779511860,eval__Walker2d-v4__ppo_cont__vanilla__mass_0p5__seed14__pid3486999,ppo_cont,Walker2d-v4,14,30,1,vanilla,mass_0p5,/home/users/am1015/rl_runs_walker_confirm_30seed_20260521/Walker2d-v4__ppo_alpha_vanilla__14__1779429200/ppo_alpha_vanilla.cleanrl_model,/home/users/am1015/rl_runs_walker_confirm_30seed_20260521/Walker2d-v4__ppo_alpha_vanilla__14__1779429200/ppo_alpha_vanilla.cleanrl_model.norm_stats.npz,1,1,1,0.0,0.0,0.0,0.0,1.0,0.5,,1.0,-1,,-1,,1.0,,1.0,1.0,776.1984039272733,503.96382903279937,617.6783094476755,640.5158975676216,324.09865408056163,2495.06215174282,
1779511861,eval__Walker2d-v4__ppo_cont__vanilla__actuator_gain_0p5__seed15__pid2978108,ppo_cont,Walker2d-v4,15,30,1,vanilla,actuator_gain_0p5,/home/users/am1015/rl_runs_walker_confirm_30seed_20260521/Walker2d-v4__ppo_alpha_vanilla__15__1779429200/ppo_alpha_vanilla.cleanrl_model,/home/users/am1015/rl_runs_walker_confirm_30seed_20260521/Walker2d-v4__ppo_alpha_vanilla__15__1779429200/ppo_alpha_vanilla.cleanrl_model.norm_stats.npz,1,1,1,0.0,0.0,0.0,0.0,1.0,1.0,,1.0,-1,,-1,,1.0,,0.5,1.0,236.7130760907788,6.452612201430737,237.11027374158564,236.66289070564724,225.4707037852336,251.61198076735465,
1779511867,eval__Walker2d-v4__ppo_cont__vanilla__mass_0p5__seed15__pid2978152,ppo_cont,Walker2d-v4,15,30,1,vanilla,mass_0p5,/home/users/am1015/rl_runs_walker_confirm_30seed_20260521/Walker2d-v4__ppo_alpha_vanilla__15__1779429200/ppo_alpha_vanilla.cleanrl_model,/home/users/am1015/rl_runs_walker_confirm_30seed_20260521/Walker2d-v4__ppo_alpha_vanilla__15__1779429200/ppo_alpha_vanilla.cleanrl_model.norm_stats.npz,1,1,1,0.0,0.0,0.0,0.0,1.0,0.5,,1.0,-1,,-1,,1.0,,1.0,1.0,1360.377769199076,741.6739491661067,1157.005117596023,1213.256552147965,81.05396537108216,3690.865184126522,
1779511861,eval__Walker2d-v4__ppo_cont__vanilla__actuator_gain_0p5__seed16__pid2978142,ppo_cont,Walker2d-v4,16,30,1,vanilla,actuator_gain_0p5,/home/users/am1015/rl_runs_walker_confirm_30seed_20260521/Walker2d-v4__ppo_alpha_vanilla__16__1779429200/ppo_alpha_vanilla.cleanrl_model,/home/users/am1015/rl_runs_walker_confirm_30seed_20260521/Walker2d-v4__ppo_alpha_vanilla__16__1779429200/ppo_alpha_vanilla.cleanrl_model.norm_stats.npz,1,1,1,0.0,0.0,0.0,0.0,1.0,1.0,,1.0,-1,,-1,,1.0,,0.5,1.0,328.552678678232,2.017704624435333,328.43077883230944,328.4164682463464,324.8498005880199,332.435669628116,
1779511867,eval__Walker2d-v4__ppo_cont__vanilla__mass_0p5__seed16__pid2978137,ppo_cont,Walker2d-v4,16,30,1,vanilla,mass_0p5,/home/users/am1015/rl_runs_walker_confirm_30seed_20260521/Walker2d-v4__ppo_alpha_vanilla__16__1779429200/ppo_alpha_vanilla.cleanrl_model,/home/users/am1015/rl_runs_walker_confirm_30seed_20260521/Walker2d-v4__ppo_alpha_vanilla__16__1779429200/ppo_alpha_vanilla.cleanrl_model.norm_stats.npz,1,1,1,0.0,0.0,0.0,0.0,1.0,0.5,,1.0,-1,,-1,,1.0,,1.0,1.0,1580.3498884108308,591.5866275928078,1628.1550590253307,1514.58314375824,719.929447824743,3668.157439918634,
1779511861,eval__Walker2d-v4__ppo_cont__vanilla__actuator_gain_0p5__seed17__pid2577536,ppo_cont,Walker2d-v4,17,30,1,vanilla,actuator_gain_0p5,/home/users/am1015/rl_runs_walker_confirm_30seed_20260521/Walker2d-v4__ppo_alpha_vanilla__17__1779429199/ppo_alpha_vanilla.cleanrl_model,/home/users/am1015/rl_runs_walker_confirm_30seed_20260521/Walker2d-v4__ppo_alpha_vanilla__17__1779429199/ppo_alpha_vanilla.cleanrl_model.norm_stats.npz,1,1,1,0.0,0.0,0.0,0.0,1.0,1.0,,1.0,-1,,-1,,1.0,,0.5,1.0,250.72693704346185,18.882486788156683,239.5672701151176,246.57027353502303,230.2373261607655,280.34817434444625,
1779511870,eval__Walker2d-v4__ppo_cont__vanilla__mass_0p5__seed17__pid2577537,ppo_cont,Walker2d-v4,17,30,1,vanilla,mass_0p5,/home/users/am1015/rl_runs_walker_confirm_30seed_20260521/Walker2d-v4__ppo_alpha_vanilla__17__1779429199/ppo_alpha_vanilla.cleanrl_model,/home/users/am1015/rl_runs_walker_confirm_30seed_20260521/Walker2d-v4__ppo_alpha_vanilla__17__1779429199/ppo_alpha_vanilla.cleanrl_model.norm_stats.npz,1,1,1,0.0,0.0,0.0,0.0,1.0,0.5,,1.0,-1,,-1,,1.0,,1.0,1.0,2518.114896834022,1026.9275126865202,2416.009747775881,2626.762032779895,561.0914562472294,3821.64642131596,
1779511861,eval__Walker2d-v4__ppo_cont__vanilla__actuator_gain_0p5__seed18__pid2577499,ppo_cont,Walker2d-v4,18,30,1,vanilla,actuator_gain_0p5,/home/users/am1015/rl_runs_walker_confirm_30seed_20260521/Walker2d-v4__ppo_alpha_vanilla__18__1779429199/ppo_alpha_vanilla.cleanrl_model,/home/users/am1015/rl_runs_walker_confirm_30seed_20260521/Walker2d-v4__ppo_alpha_vanilla__18__1779429199/ppo_alpha_vanilla.cleanrl_model.norm_stats.npz,1,1,1,0.0,0.0,0.0,0.0,1.0,1.0,,1.0,-1,,-1,,1.0,,0.5,1.0,388.39726192915583,2.5028679098095163,388.2839944099428,388.5226419187835,384.1570382886629,393.9140319794381,
1779511860,eval__Walker2d-v4__ppo_cont__vanilla__mass_0p5__seed18__pid2577545,ppo_cont,Walker2d-v4,18,30,1,vanilla,mass_0p5,/home/users/am1015/rl_runs_walker_confirm_30seed_20260521/Walker2d-v4__ppo_alpha_vanilla__18__1779429199/ppo_alpha_vanilla.cleanrl_model,/home/users/am1015/rl_runs_walker_confirm_30seed_20260521/Walker2d-v4__ppo_alpha_vanilla__18__1779429199/ppo_alpha_vanilla.cleanrl_model.norm_stats.npz,1,1,1,0.0,0.0,0.0,0.0,1.0,0.5,,1.0,-1,,-1,,1.0,,1.0,1.0,179.4171354967727,14.47060135892136,175.47508697166856,176.11392291321042,156.52869075796,229.27115901108164,
1779511861,eval__Walker2d-v4__ppo_cont__vanilla__actuator_gain_0p5__seed19__pid2007528,ppo_cont,Walker2d-v4,19,30,1,vanilla,actuator_gain_0p5,/home/users/am1015/rl_runs_walker_confirm_30seed_20260521/Walker2d-v4__ppo_alpha_vanilla__19__1779429199/ppo_alpha_vanilla.cleanrl_model,/home/users/am1015/rl_runs_walker_confirm_30seed_20260521/Walker2d-v4__ppo_alpha_vanilla__19__1779429199/ppo_alpha_vanilla.cleanrl_model.norm_stats.npz,1,1,1,0.0,0.0,0.0,0.0,1.0,1.0,,1.0,-1,,-1,,1.0,,0.5,1.0,314.3346704642931,3.433157265830709,314.67153176318834,314.39549459825787,307.75471575849105,320.329810462571,
1779511867,eval__Walker2d-v4__ppo_cont__vanilla__mass_0p5__seed19__pid1676810,ppo_cont,Walker2d-v4,19,30,1,vanilla,mass_0p5,/home/users/am1015/rl_runs_walker_confirm_30seed_20260521/Walker2d-v4__ppo_alpha_vanilla__19__1779429199/ppo_alpha_vanilla.cleanrl_model,/home/users/am1015/rl_runs_walker_confirm_30seed_20260521/Walker2d-v4__ppo_alpha_vanilla__19__1779429199/ppo_alpha_vanilla.cleanrl_model.norm_stats.npz,1,1,1,0.0,0.0,0.0,0.0,1.0,0.5,,1.0,-1,,-1,,1.0,,1.0,1.0,1494.5792357171144,1182.0832562665316,1210.5497249736752,1292.1420724546977,178.7330224191115,3522.95997130078,
1779511862,eval__Walker2d-v4__ppo_cont__vanilla__actuator_gain_0p5__seed1__pid4118288,ppo_cont,Walker2d-v4,1,30,1,vanilla,actuator_gain_0p5,/home/users/am1015/rl_runs_walker_confirm_30seed_20260521/Walker2d-v4__ppo_alpha_vanilla__1__1779429198/ppo_alpha_vanilla.cleanrl_model,/home/users/am1015/rl_runs_walker_confirm_30seed_20260521/Walker2d-v4__ppo_alpha_vanilla__1__1779429198/ppo_alpha_vanilla.cleanrl_model.norm_stats.npz,1,1,1,0.0,0.0,0.0,0.0,1.0,1.0,,1.0,-1,,-1,,1.0,,0.5,1.0,348.247802414773,3.753221046562536,347.7490828333432,348.0018992996192,341.80446831497613,355.32697356783444,
1779511859,eval__Walker2d-v4__ppo_cont__vanilla__mass_0p5__seed1__pid419073,ppo_cont,Walker2d-v4,1,30,1,vanilla,mass_0p5,/home/users/am1015/rl_runs_walker_confirm_30seed_20260521/Walker2d-v4__ppo_alpha_vanilla__1__1779429198/ppo_alpha_vanilla.cleanrl_model,/home/users/am1015/rl_runs_walker_confirm_30seed_20260521/Walker2d-v4__ppo_alpha_vanilla__1__1779429198/ppo_alpha_vanilla.cleanrl_model.norm_stats.npz,1,1,1,0.0,0.0,0.0,0.0,1.0,0.5,,1.0,-1,,-1,,1.0,,1.0,1.0,296.97350611802364,64.96827525126757,294.857530873288,297.5146808814255,79.36534180439821,408.26329865087706,
1779511861,eval__Walker2d-v4__ppo_cont__vanilla__actuator_gain_0p5__seed20__pid2007530,ppo_cont,Walker2d-v4,20,30,1,vanilla,actuator_gain_0p5,/home/users/am1015/rl_runs_walker_confirm_30seed_20260521/Walker2d-v4__ppo_alpha_vanilla__20__1779429199/ppo_alpha_vanilla.cleanrl_model,/home/users/am1015/rl_runs_walker_confirm_30seed_20260521/Walker2d-v4__ppo_alpha_vanilla__20__1779429199/ppo_alpha_vanilla.cleanrl_model.norm_stats.npz,1,1,1,0.0,0.0,0.0,0.0,1.0,1.0,,1.0,-1,,-1,,1.0,,0.5,1.0,375.07823218824495,4.261016385704362,375.6053313011352,375.2095278628763,366.8567099080591,383.6301170095985,
1779511861,eval__Walker2d-v4__ppo_cont__vanilla__mass_0p5__seed20__pid2007545,ppo_cont,Walker2d-v4,20,30,1,vanilla,mass_0p5,/home/users/am1015/rl_runs_walker_confirm_30seed_20260521/Walker2d-v4__ppo_alpha_vanilla__20__1779429199/ppo_alpha_vanilla.cleanrl_model,/home/users/am1015/rl_runs_walker_confirm_30seed_20260521/Walker2d-v4__ppo_alpha_vanilla__20__1779429199/ppo_alpha_vanilla.cleanrl_model.norm_stats.npz,1,1,1,0.0,0.0,0.0,0.0,1.0,0.5,,1.0,-1,,-1,,1.0,,1.0,1.0,371.735486711649,172.12819596094036,304.86309782464286,328.342676452027,159.02992473609777,832.2216768478002,
1779511861,eval__Walker2d-v4__ppo_cont__vanilla__actuator_gain_0p5__seed21__pid1339003,ppo_cont,Walker2d-v4,21,30,1,vanilla,actuator_gain_0p5,/home/users/am1015/rl_runs_walker_confirm_30seed_20260521/Walker2d-v4__ppo_alpha_vanilla__21__1779429200/ppo_alpha_vanilla.cleanrl_model,/home/users/am1015/rl_runs_walker_confirm_30seed_20260521/Walker2d-v4__ppo_alpha_vanilla__21__1779429200/ppo_alpha_vanilla.cleanrl_model.norm_stats.npz,1,1,1,0.0,0.0,0.0,0.0,1.0,1.0,,1.0,-1,,-1,,1.0,,0.5,1.0,376.7317656794263,4.254274962940773,376.22607910492417,376.630214625326,368.0276407784247,386.07364042432624,
1779511864,eval__Walker2d-v4__ppo_cont__vanilla__mass_0p5__seed21__pid2007499,ppo_cont,Walker2d-v4,21,30,1,vanilla,mass_0p5,/home/users/am1015/rl_runs_walker_confirm_30seed_20260521/Walker2d-v4__ppo_alpha_vanilla__21__1779429200/ppo_alpha_vanilla.cleanrl_model,/home/users/am1015/rl_runs_walker_confirm_30seed_20260521/Walker2d-v4__ppo_alpha_vanilla__21__1779429200/ppo_alpha_vanilla.cleanrl_model.norm_stats.npz,1,1,1,0.0,0.0,0.0,0.0,1.0,0.5,,1.0,-1,,-1,,1.0,,1.0,1.0,999.9457983841148,983.6632589416369,510.63707396549546,631.6425929800204,150.85207767986898,3911.794570169112,
1779511892,eval__Walker2d-v4__ppo_cont__vanilla__actuator_gain_0p5__seed22__pid1900748,ppo_cont,Walker2d-v4,22,30,1,vanilla,actuator_gain_0p5,/home/users/am1015/rl_runs_walker_confirm_30seed_20260521/Walker2d-v4__ppo_alpha_vanilla__22__1779429200/ppo_alpha_vanilla.cleanrl_model,/home/users/am1015/rl_runs_walker_confirm_30seed_20260521/Walker2d-v4__ppo_alpha_vanilla__22__1779429200/ppo_alpha_vanilla.cleanrl_model.norm_stats.npz,1,1,1,0.0,0.0,0.0,0.0,1.0,1.0,,1.0,-1,,-1,,1.0,,0.5,1.0,410.34244772547777,3.314392219493456,410.5375878764749,410.35080604405806,404.5242728000614,415.6372402939019,
1779511861,eval__Walker2d-v4__ppo_cont__vanilla__mass_0p5__seed22__pid247513,ppo_cont,Walker2d-v4,22,30,1,vanilla,mass_0p5,/home/users/am1015/rl_runs_walker_confirm_30seed_20260521/Walker2d-v4__ppo_alpha_vanilla__22__1779429200/ppo_alpha_vanilla.cleanrl_model,/home/users/am1015/rl_runs_walker_confirm_30seed_20260521/Walker2d-v4__ppo_alpha_vanilla__22__1779429200/ppo_alpha_vanilla.cleanrl_model.norm_stats.npz,1,1,1,0.0,0.0,0.0,0.0,1.0,0.5,,1.0,-1,,-1,,1.0,,1.0,1.0,368.9993055320372,14.175147479744124,370.8702015793352,370.7756648122,333.36134980638576,408.2713155055373,
1779511891,eval__Walker2d-v4__ppo_cont__vanilla__actuator_gain_0p5__seed23__pid626651,ppo_cont,Walker2d-v4,23,30,1,vanilla,actuator_gain_0p5,/home/users/am1015/rl_runs_walker_confirm_30seed_20260521/Walker2d-v4__ppo_alpha_vanilla__23__1779429200/ppo_alpha_vanilla.cleanrl_model,/home/users/am1015/rl_runs_walker_confirm_30seed_20260521/Walker2d-v4__ppo_alpha_vanilla__23__1779429200/ppo_alpha_vanilla.cleanrl_model.norm_stats.npz,1,1,1,0.0,0.0,0.0,0.0,1.0,1.0,,1.0,-1,,-1,,1.0,,0.5,1.0,340.4666595016294,1.8823849726034887,340.502967584536,340.2292246580825,337.1759487163357,344.88167671714007,
1779511891,eval__Walker2d-v4__ppo_cont__vanilla__mass_0p5__seed23__pid1784332,ppo_cont,Walker2d-v4,23,30,1,vanilla,mass_0p5,/home/users/am1015/rl_runs_walker_confirm_30seed_20260521/Walker2d-v4__ppo_alpha_vanilla__23__1779429200/ppo_alpha_vanilla.cleanrl_model,/home/users/am1015/rl_runs_walker_confirm_30seed_20260521/Walker2d-v4__ppo_alpha_vanilla__23__1779429200/ppo_alpha_vanilla.cleanrl_model.norm_stats.npz,1,1,1,0.0,0.0,0.0,0.0,1.0,0.5,,1.0,-1,,-1,,1.0,,1.0,1.0,237.69059628028305,237.34298565796144,272.94532398496494,231.45101788585592,-36.49234099118291,980.09378487168,
1779511890,eval__Walker2d-v4__ppo_cont__vanilla__actuator_gain_0p5__seed24__pid491522,ppo_cont,Walker2d-v4,24,30,1,vanilla,actuator_gain_0p5,/home/users/am1015/rl_runs_walker_confirm_30seed_20260521/Walker2d-v4__ppo_alpha_vanilla__24__1779429200/ppo_alpha_vanilla.cleanrl_model,/home/users/am1015/rl_runs_walker_confirm_30seed_20260521/Walker2d-v4__ppo_alpha_vanilla__24__1779429200/ppo_alpha_vanilla.cleanrl_model.norm_stats.npz,1,1,1,0.0,0.0,0.0,0.0,1.0,1.0,,1.0,-1,,-1,,1.0,,0.5,1.0,369.1296207466909,5.7422439518821085,368.7579092608383,368.9496257680215,358.2296304636235,379.08356926239946,
1779511891,eval__Walker2d-v4__ppo_cont__vanilla__mass_0p5__seed24__pid626666,ppo_cont,Walker2d-v4,24,30,1,vanilla,mass_0p5,/home/users/am1015/rl_runs_walker_confirm_30seed_20260521/Walker2d-v4__ppo_alpha_vanilla__24__1779429200/ppo_alpha_vanilla.cleanrl_model,/home/users/am1015/rl_runs_walker_confirm_30seed_20260521/Walker2d-v4__ppo_alpha_vanilla__24__1779429200/ppo_alpha_vanilla.cleanrl_model.norm_stats.npz,1,1,1,0.0,0.0,0.0,0.0,1.0,0.5,,1.0,-1,,-1,,1.0,,1.0,1.0,286.86542167931907,54.86084513488774,277.307278068545,277.9444296188573,96.50275945282544,395.44804780373295,
1779511892,eval__Walker2d-v4__ppo_cont__vanilla__actuator_gain_0p5__seed25__pid4118383,ppo_cont,Walker2d-v4,25,30,1,vanilla,actuator_gain_0p5,/home/users/am1015/rl_runs_walker_confirm_30seed_20260521/Walker2d-v4__ppo_alpha_vanilla__25__1779429203/ppo_alpha_vanilla.cleanrl_model,/home/users/am1015/rl_runs_walker_confirm_30seed_20260521/Walker2d-v4__ppo_alpha_vanilla__25__1779429203/ppo_alpha_vanilla.cleanrl_model.norm_stats.npz,1,1,1,0.0,0.0,0.0,0.0,1.0,1.0,,1.0,-1,,-1,,1.0,,0.5,1.0,234.3756754780165,7.815107350756727,236.1735848473256,235.98963147823608,209.76201005316696,243.77262216050727,
1779511890,eval__Walker2d-v4__ppo_cont__vanilla__mass_0p5__seed25__pid419641,ppo_cont,Walker2d-v4,25,30,1,vanilla,mass_0p5,/home/users/am1015/rl_runs_walker_confirm_30seed_20260521/Walker2d-v4__ppo_alpha_vanilla__25__1779429203/ppo_alpha_vanilla.cleanrl_model,/home/users/am1015/rl_runs_walker_confirm_30seed_20260521/Walker2d-v4__ppo_alpha_vanilla__25__1779429203/ppo_alpha_vanilla.cleanrl_model.norm_stats.npz,1,1,1,0.0,0.0,0.0,0.0,1.0,0.5,,1.0,-1,,-1,,1.0,,1.0,1.0,551.958247405981,53.89281123851257,556.3781072586071,549.5056048835559,461.77711920653496,700.053513939062,
1779511892,eval__Walker2d-v4__ppo_cont__vanilla__actuator_gain_0p5__seed26__pid3130129,ppo_cont,Walker2d-v4,26,30,1,vanilla,actuator_gain_0p5,/home/users/am1015/rl_runs_walker_confirm_30seed_20260521/Walker2d-v4__ppo_alpha_vanilla__26__1779434002/ppo_alpha_vanilla.cleanrl_model,/home/users/am1015/rl_runs_walker_confirm_30seed_20260521/Walker2d-v4__ppo_alpha_vanilla__26__1779434002/ppo_alpha_vanilla.cleanrl_model.norm_stats.npz,1,1,1,0.0,0.0,0.0,0.0,1.0,1.0,,1.0,-1,,-1,,1.0,,0.5,1.0,353.59380282929175,5.938922855230077,352.9676672673844,353.11531483820875,343.232134072758,367.3369285495503,
1779511892,eval__Walker2d-v4__ppo_cont__vanilla__mass_0p5__seed26__pid3130130,ppo_cont,Walker2d-v4,26,30,1,vanilla,mass_0p5,/home/users/am1015/rl_runs_walker_confirm_30seed_20260521/Walker2d-v4__ppo_alpha_vanilla__26__1779434002/ppo_alpha_vanilla.cleanrl_model,/home/users/am1015/rl_runs_walker_confirm_30seed_20260521/Walker2d-v4__ppo_alpha_vanilla__26__1779434002/ppo_alpha_vanilla.cleanrl_model.norm_stats.npz,1,1,1,0.0,0.0,0.0,0.0,1.0,0.5,,1.0,-1,,-1,,1.0,,1.0,1.0,295.3505100877264,27.777424340605453,291.85143837247546,292.61652700645715,252.75521287789223,348.2637313565502,
1779511889,eval__Walker2d-v4__ppo_cont__vanilla__actuator_gain_0p5__seed27__pid3487245,ppo_cont,Walker2d-v4,27,30,1,vanilla,actuator_gain_0p5,/home/users/am1015/rl_runs_walker_confirm_30seed_20260521/Walker2d-v4__ppo_alpha_vanilla__27__1779434181/ppo_alpha_vanilla.cleanrl_model,/home/users/am1015/rl_runs_walker_confirm_30seed_20260521/Walker2d-v4__ppo_alpha_vanilla__27__1779434181/ppo_alpha_vanilla.cleanrl_model.norm_stats.npz,1,1,1,0.0,0.0,0.0,0.0,1.0,1.0,,1.0,-1,,-1,,1.0,,0.5,1.0,271.8714581914249,3.290964971229688,271.7105447297098,272.0668913266708,266.503096518209,277.73561886581126,
1779511896,eval__Walker2d-v4__ppo_cont__vanilla__mass_0p5__seed27__pid3130104,ppo_cont,Walker2d-v4,27,30,1,vanilla,mass_0p5,/home/users/am1015/rl_runs_walker_confirm_30seed_20260521/Walker2d-v4__ppo_alpha_vanilla__27__1779434181/ppo_alpha_vanilla.cleanrl_model,/home/users/am1015/rl_runs_walker_confirm_30seed_20260521/Walker2d-v4__ppo_alpha_vanilla__27__1779434181/ppo_alpha_vanilla.cleanrl_model.norm_stats.npz,1,1,1,0.0,0.0,0.0,0.0,1.0,0.5,,1.0,-1,,-1,,1.0,,1.0,1.0,1251.3409810137648,498.8123761117873,1064.7138087401286,1099.5938196955906,855.7830744843519,2912.486382191504,
1779511889,eval__Walker2d-v4__ppo_cont__vanilla__actuator_gain_0p5__seed28__pid3487259,ppo_cont,Walker2d-v4,28,30,1,vanilla,actuator_gain_0p5,/home/users/am1015/rl_runs_walker_confirm_30seed_20260521/Walker2d-v4__ppo_alpha_vanilla__28__1779434213/ppo_alpha_vanilla.cleanrl_model,/home/users/am1015/rl_runs_walker_confirm_30seed_20260521/Walker2d-v4__ppo_alpha_vanilla__28__1779434213/ppo_alpha_vanilla.cleanrl_model.norm_stats.npz,1,1,1,0.0,0.0,0.0,0.0,1.0,1.0,,1.0,-1,,-1,,1.0,,0.5,1.0,360.5657455364222,6.290638235372796,360.9281509003504,360.88299813822886,348.1563554555212,371.2766938077482,
1779511896,eval__Walker2d-v4__ppo_cont__vanilla__mass_0p5__seed28__pid3487244,ppo_cont,Walker2d-v4,28,30,1,vanilla,mass_0p5,/home/users/am1015/rl_runs_walker_confirm_30seed_20260521/Walker2d-v4__ppo_alpha_vanilla__28__1779434213/ppo_alpha_vanilla.cleanrl_model,/home/users/am1015/rl_runs_walker_confirm_30seed_20260521/Walker2d-v4__ppo_alpha_vanilla__28__1779434213/ppo_alpha_vanilla.cleanrl_model.norm_stats.npz,1,1,1,0.0,0.0,0.0,0.0,1.0,0.5,,1.0,-1,,-1,,1.0,,1.0,1.0,1429.6177197809257,904.7865511473738,1695.9858510458466,1513.1164385018303,239.23796546222,2716.593154020893,
1779511890,eval__Walker2d-v4__ppo_cont__vanilla__actuator_gain_0p5__seed29__pid2978441,ppo_cont,Walker2d-v4,29,30,1,vanilla,actuator_gain_0p5,/home/users/am1015/rl_runs_walker_confirm_30seed_20260521/Walker2d-v4__ppo_alpha_vanilla__29__1779434213/ppo_alpha_vanilla.cleanrl_model,/home/users/am1015/rl_runs_walker_confirm_30seed_20260521/Walker2d-v4__ppo_alpha_vanilla__29__1779434213/ppo_alpha_vanilla.cleanrl_model.norm_stats.npz,1,1,1,0.0,0.0,0.0,0.0,1.0,1.0,,1.0,-1,,-1,,1.0,,0.5,1.0,223.35361670491093,8.83277946598141,220.35295597101967,220.664724264956,215.96324175978228,248.71849649076043,
1779511895,eval__Walker2d-v4__ppo_cont__vanilla__mass_0p5__seed29__pid2978406,ppo_cont,Walker2d-v4,29,30,1,vanilla,mass_0p5,/home/users/am1015/rl_runs_walker_confirm_30seed_20260521/Walker2d-v4__ppo_alpha_vanilla__29__1779434213/ppo_alpha_vanilla.cleanrl_model,/home/users/am1015/rl_runs_walker_confirm_30seed_20260521/Walker2d-v4__ppo_alpha_vanilla__29__1779434213/ppo_alpha_vanilla.cleanrl_model.norm_stats.npz,1,1,1,0.0,0.0,0.0,0.0,1.0,0.5,,1.0,-1,,-1,,1.0,,1.0,1.0,1169.672500370512,503.9593151332164,963.57214598374,1026.8425156295295,740.4931248058482,3101.083662961813,
1779511861,eval__Walker2d-v4__ppo_cont__vanilla__actuator_gain_0p5__seed2__pid1339025,ppo_cont,Walker2d-v4,2,30,1,vanilla,actuator_gain_0p5,/home/users/am1015/rl_runs_walker_confirm_30seed_20260521/Walker2d-v4__ppo_alpha_vanilla__2__1779429199/ppo_alpha_vanilla.cleanrl_model,/home/users/am1015/rl_runs_walker_confirm_30seed_20260521/Walker2d-v4__ppo_alpha_vanilla__2__1779429199/ppo_alpha_vanilla.cleanrl_model.norm_stats.npz,1,1,1,0.0,0.0,0.0,0.0,1.0,1.0,,1.0,-1,,-1,,1.0,,0.5,1.0,274.0009822584707,20.617788924797964,268.2318091501562,268.80209058734374,259.3990881011392,374.443576616722,
1779511869,eval__Walker2d-v4__ppo_cont__vanilla__mass_0p5__seed2__pid1339033,ppo_cont,Walker2d-v4,2,30,1,vanilla,mass_0p5,/home/users/am1015/rl_runs_walker_confirm_30seed_20260521/Walker2d-v4__ppo_alpha_vanilla__2__1779429199/ppo_alpha_vanilla.cleanrl_model,/home/users/am1015/rl_runs_walker_confirm_30seed_20260521/Walker2d-v4__ppo_alpha_vanilla__2__1779429199/ppo_alpha_vanilla.cleanrl_model.norm_stats.npz,1,1,1,0.0,0.0,0.0,0.0,1.0,0.5,,1.0,-1,,-1,,1.0,,1.0,1.0,2132.903679503232,1056.4781536821615,1896.274365887545,1949.6040747180991,760.1912894640086,3849.745131515192,
1779511892,eval__Walker2d-v4__ppo_cont__vanilla__actuator_gain_0p5__seed30__pid2978435,ppo_cont,Walker2d-v4,30,30,1,vanilla,actuator_gain_0p5,/home/users/am1015/rl_runs_walker_confirm_30seed_20260521/Walker2d-v4__ppo_alpha_vanilla__30__1779434242/ppo_alpha_vanilla.cleanrl_model,/home/users/am1015/rl_runs_walker_confirm_30seed_20260521/Walker2d-v4__ppo_alpha_vanilla__30__1779434242/ppo_alpha_vanilla.cleanrl_model.norm_stats.npz,1,1,1,0.0,0.0,0.0,0.0,1.0,1.0,,1.0,-1,,-1,,1.0,,0.5,1.0,351.1670182275208,3.30102382363988,350.78102967273014,351.0869693593917,343.42275554409053,357.22586111490244,
1779511893,eval__Walker2d-v4__ppo_cont__vanilla__mass_0p5__seed30__pid2978442,ppo_cont,Walker2d-v4,30,30,1,vanilla,mass_0p5,/home/users/am1015/rl_runs_walker_confirm_30seed_20260521/Walker2d-v4__ppo_alpha_vanilla__30__1779434242/ppo_alpha_vanilla.cleanrl_model,/home/users/am1015/rl_runs_walker_confirm_30seed_20260521/Walker2d-v4__ppo_alpha_vanilla__30__1779434242/ppo_alpha_vanilla.cleanrl_model.norm_stats.npz,1,1,1,0.0,0.0,0.0,0.0,1.0,0.5,,1.0,-1,,-1,,1.0,,1.0,1.0,438.9334038054034,269.0682283890206,435.4600359525031,438.1231867778907,82.6685990017793,1530.612285122364,
1779511890,eval__Walker2d-v4__ppo_cont__vanilla__actuator_gain_0p5__seed3__pid2577805,ppo_cont,Walker2d-v4,3,30,1,vanilla,actuator_gain_0p5,/home/users/am1015/rl_runs_walker_confirm_30seed_20260521/Walker2d-v4__ppo_alpha_vanilla__3__1779429199/ppo_alpha_vanilla.cleanrl_model,/home/users/am1015/rl_runs_walker_confirm_30seed_20260521/Walker2d-v4__ppo_alpha_vanilla__3__1779429199/ppo_alpha_vanilla.cleanrl_model.norm_stats.npz,1,1,1,0.0,0.0,0.0,0.0,1.0,1.0,,1.0,-1,,-1,,1.0,,0.5,1.0,250.2171688451953,1.5834886850781136,249.9471890144348,250.2225385672924,246.8396037856247,252.77870527124813,
1779511893,eval__Walker2d-v4__ppo_cont__vanilla__mass_0p5__seed3__pid2577834,ppo_cont,Walker2d-v4,3,30,1,vanilla,mass_0p5,/home/users/am1015/rl_runs_walker_confirm_30seed_20260521/Walker2d-v4__ppo_alpha_vanilla__3__1779429199/ppo_alpha_vanilla.cleanrl_model,/home/users/am1015/rl_runs_walker_confirm_30seed_20260521/Walker2d-v4__ppo_alpha_vanilla__3__1779429199/ppo_alpha_vanilla.cleanrl_model.norm_stats.npz,1,1,1,0.0,0.0,0.0,0.0,1.0,0.5,,1.0,-1,,-1,,1.0,,1.0,1.0,911.4420567612548,587.0271107048851,806.5454114865286,831.8594464699526,38.3384070206408,2865.326750770844,
1779511892,eval__Walker2d-v4__ppo_cont__vanilla__actuator_gain_0p5__seed4__pid2577835,ppo_cont,Walker2d-v4,4,30,1,vanilla,actuator_gain_0p5,/home/users/am1015/rl_runs_walker_confirm_30seed_20260521/Walker2d-v4__ppo_alpha_vanilla__4__1779429199/ppo_alpha_vanilla.cleanrl_model,/home/users/am1015/rl_runs_walker_confirm_30seed_20260521/Walker2d-v4__ppo_alpha_vanilla__4__1779429199/ppo_alpha_vanilla.cleanrl_model.norm_stats.npz,1,1,1,0.0,0.0,0.0,0.0,1.0,1.0,,1.0,-1,,-1,,1.0,,0.5,1.0,251.25406164832336,5.729785178044634,250.29207247020307,250.7413333617049,242.6318267813425,265.15925353693564,
1779511892,eval__Walker2d-v4__ppo_cont__vanilla__mass_0p5__seed4__pid2577803,ppo_cont,Walker2d-v4,4,30,1,vanilla,mass_0p5,/home/users/am1015/rl_runs_walker_confirm_30seed_20260521/Walker2d-v4__ppo_alpha_vanilla__4__1779429199/ppo_alpha_vanilla.cleanrl_model,/home/users/am1015/rl_runs_walker_confirm_30seed_20260521/Walker2d-v4__ppo_alpha_vanilla__4__1779429199/ppo_alpha_vanilla.cleanrl_model.norm_stats.npz,1,1,1,0.0,0.0,0.0,0.0,1.0,0.5,,1.0,-1,,-1,,1.0,,1.0,1.0,820.047843499459,290.1439502169333,722.1913454888528,763.2979963549107,520.1235440121949,1609.1828380269044,
1779511893,eval__Walker2d-v4__ppo_cont__vanilla__actuator_gain_0p5__seed5__pid2007826,ppo_cont,Walker2d-v4,5,30,1,vanilla,actuator_gain_0p5,/home/users/am1015/rl_runs_walker_confirm_30seed_20260521/Walker2d-v4__ppo_alpha_vanilla__5__1779429199/ppo_alpha_vanilla.cleanrl_model,/home/users/am1015/rl_runs_walker_confirm_30seed_20260521/Walker2d-v4__ppo_alpha_vanilla__5__1779429199/ppo_alpha_vanilla.cleanrl_model.norm_stats.npz,1,1,1,0.0,0.0,0.0,0.0,1.0,1.0,,1.0,-1,,-1,,1.0,,0.5,1.0,326.2804066571632,3.053403604733091,326.3913432409568,326.2111786646069,320.4385582195704,330.9905763562245,
1779511895,eval__Walker2d-v4__ppo_cont__vanilla__mass_0p5__seed5__pid1676902,ppo_cont,Walker2d-v4,5,30,1,vanilla,mass_0p5,/home/users/am1015/rl_runs_walker_confirm_30seed_20260521/Walker2d-v4__ppo_alpha_vanilla__5__1779429199/ppo_alpha_vanilla.cleanrl_model,/home/users/am1015/rl_runs_walker_confirm_30seed_20260521/Walker2d-v4__ppo_alpha_vanilla__5__1779429199/ppo_alpha_vanilla.cleanrl_model.norm_stats.npz,1,1,1,0.0,0.0,0.0,0.0,1.0,0.5,,1.0,-1,,-1,,1.0,,1.0,1.0,2324.892805598577,1657.7812753199194,2442.890753444015,2344.743887299338,316.16878991960505,4527.69959358815,
1779511892,eval__Walker2d-v4__ppo_cont__vanilla__actuator_gain_0p5__seed6__pid2007794,ppo_cont,Walker2d-v4,6,30,1,vanilla,actuator_gain_0p5,/home/users/am1015/rl_runs_walker_confirm_30seed_20260521/Walker2d-v4__ppo_alpha_vanilla__6__1779429199/ppo_alpha_vanilla.cleanrl_model,/home/users/am1015/rl_runs_walker_confirm_30seed_20260521/Walker2d-v4__ppo_alpha_vanilla__6__1779429199/ppo_alpha_vanilla.cleanrl_model.norm_stats.npz,1,1,1,0.0,0.0,0.0,0.0,1.0,1.0,,1.0,-1,,-1,,1.0,,0.5,1.0,321.3911427579933,5.365191927661875,319.2200039246608,320.0130138860365,313.4485246573521,335.782133684405,
1779511898,eval__Walker2d-v4__ppo_cont__vanilla__mass_0p5__seed6__pid2007840,ppo_cont,Walker2d-v4,6,30,1,vanilla,mass_0p5,/home/users/am1015/rl_runs_walker_confirm_30seed_20260521/Walker2d-v4__ppo_alpha_vanilla__6__1779429199/ppo_alpha_vanilla.cleanrl_model,/home/users/am1015/rl_runs_walker_confirm_30seed_20260521/Walker2d-v4__ppo_alpha_vanilla__6__1779429199/ppo_alpha_vanilla.cleanrl_model.norm_stats.npz,1,1,1,0.0,0.0,0.0,0.0,1.0,0.5,,1.0,-1,,-1,,1.0,,1.0,1.0,1892.366159490304,1059.8305324915395,1580.1722931809734,1605.220713095114,777.1070797203882,4182.745103652364,
1779511892,eval__Walker2d-v4__ppo_cont__vanilla__actuator_gain_0p5__seed7__pid1339237,ppo_cont,Walker2d-v4,7,30,1,vanilla,actuator_gain_0p5,/home/users/am1015/rl_runs_walker_confirm_30seed_20260521/Walker2d-v4__ppo_alpha_vanilla__7__1779429199/ppo_alpha_vanilla.cleanrl_model,/home/users/am1015/rl_runs_walker_confirm_30seed_20260521/Walker2d-v4__ppo_alpha_vanilla__7__1779429199/ppo_alpha_vanilla.cleanrl_model.norm_stats.npz,1,1,1,0.0,0.0,0.0,0.0,1.0,1.0,,1.0,-1,,-1,,1.0,,0.5,1.0,308.3271332726503,4.322555914926099,309.60572320967435,308.8009117003453,299.7036562793716,314.57194374425416,
1779511896,eval__Walker2d-v4__ppo_cont__vanilla__mass_0p5__seed7__pid2007841,ppo_cont,Walker2d-v4,7,30,1,vanilla,mass_0p5,/home/users/am1015/rl_runs_walker_confirm_30seed_20260521/Walker2d-v4__ppo_alpha_vanilla__7__1779429199/ppo_alpha_vanilla.cleanrl_model,/home/users/am1015/rl_runs_walker_confirm_30seed_20260521/Walker2d-v4__ppo_alpha_vanilla__7__1779429199/ppo_alpha_vanilla.cleanrl_model.norm_stats.npz,1,1,1,0.0,0.0,0.0,0.0,1.0,0.5,,1.0,-1,,-1,,1.0,,1.0,1.0,1000.3398044853968,351.75113313525065,888.5993760818897,911.3031907035902,528.652863193706,2063.13564504912,
1779511892,eval__Walker2d-v4__ppo_cont__vanilla__actuator_gain_0p5__seed8__pid1339221,ppo_cont,Walker2d-v4,8,30,1,vanilla,actuator_gain_0p5,/home/users/am1015/rl_runs_walker_confirm_30seed_20260521/Walker2d-v4__ppo_alpha_vanilla__8__1779429199/ppo_alpha_vanilla.cleanrl_model,/home/users/am1015/rl_runs_walker_confirm_30seed_20260521/Walker2d-v4__ppo_alpha_vanilla__8__1779429199/ppo_alpha_vanilla.cleanrl_model.norm_stats.npz,1,1,1,0.0,0.0,0.0,0.0,1.0,1.0,,1.0,-1,,-1,,1.0,,0.5,1.0,332.89945025477846,4.4184216849789415,333.38925792328826,333.4375619023937,324.5359878511368,343.3698934904136,
1779511899,eval__Walker2d-v4__ppo_cont__vanilla__mass_0p5__seed8__pid1339255,ppo_cont,Walker2d-v4,8,30,1,vanilla,mass_0p5,/home/users/am1015/rl_runs_walker_confirm_30seed_20260521/Walker2d-v4__ppo_alpha_vanilla__8__1779429199/ppo_alpha_vanilla.cleanrl_model,/home/users/am1015/rl_runs_walker_confirm_30seed_20260521/Walker2d-v4__ppo_alpha_vanilla__8__1779429199/ppo_alpha_vanilla.cleanrl_model.norm_stats.npz,1,1,1,0.0,0.0,0.0,0.0,1.0,0.5,,1.0,-1,,-1,,1.0,,1.0,1.0,1701.7589336398707,786.7847090059034,1493.3135509868416,1591.422075846114,452.3415919724825,2953.099049365353,
1779511920,eval__Walker2d-v4__ppo_cont__vanilla__actuator_gain_0p5__seed9__pid1900824,ppo_cont,Walker2d-v4,9,30,1,vanilla,actuator_gain_0p5,/home/users/am1015/rl_runs_walker_confirm_30seed_20260521/Walker2d-v4__ppo_alpha_vanilla__9__1779429200/ppo_alpha_vanilla.cleanrl_model,/home/users/am1015/rl_runs_walker_confirm_30seed_20260521/Walker2d-v4__ppo_alpha_vanilla__9__1779429200/ppo_alpha_vanilla.cleanrl_model.norm_stats.npz,1,1,1,0.0,0.0,0.0,0.0,1.0,1.0,,1.0,-1,,-1,,1.0,,0.5,1.0,336.51171217930187,1.6708642506180262,336.50655783238204,336.4479132221387,333.7601279922512,339.9959498877894,
1779511892,eval__Walker2d-v4__ppo_cont__vanilla__mass_0p5__seed9__pid247596,ppo_cont,Walker2d-v4,9,30,1,vanilla,mass_0p5,/home/users/am1015/rl_runs_walker_confirm_30seed_20260521/Walker2d-v4__ppo_alpha_vanilla__9__1779429200/ppo_alpha_vanilla.cleanrl_model,/home/users/am1015/rl_runs_walker_confirm_30seed_20260521/Walker2d-v4__ppo_alpha_vanilla__9__1779429200/ppo_alpha_vanilla.cleanrl_model.norm_stats.npz,1,1,1,0.0,0.0,0.0,0.0,1.0,0.5,,1.0,-1,,-1,,1.0,,1.0,1.0,272.3734162781061,39.26375007465776,286.6114047606661,286.8572813914581,201.3445958628762,315.6935153380938,
1779639707,eval__Walker2d-v4__ppo_cont__a3p00__actuator_gain_0p5__seed10__pid631652,ppo_cont,Walker2d-v4,10,30,1,a3p00,actuator_gain_0p5,/home/users/am1015/rl_runs_walker_confirm_30seed_extra_caps_20260523/Walker2d-v4__ppo_alpha_a3p00__10__1779604230/ppo_alpha_a3p00.cleanrl_model,/home/users/am1015/rl_runs_walker_confirm_30seed_extra_caps_20260523/Walker2d-v4__ppo_alpha_a3p00__10__1779604230/ppo_alpha_a3p00.cleanrl_model.norm_stats.npz,1,1,1,0.0,0.0,0.0,0.0,1.0,1.0,,1.0,-1,,-1,,1.0,,0.5,1.0,321.42078949003337,2.5944838287374727,321.29316534290547,321.2403952416093,314.79023627379024,327.63964610701345,
1779639677,eval__Walker2d-v4__ppo_cont__a3p00__mass_0p5__seed10__pid3246264,ppo_cont,Walker2d-v4,10,30,1,a3p00,mass_0p5,/home/users/am1015/rl_runs_walker_confirm_30seed_extra_caps_20260523/Walker2d-v4__ppo_alpha_a3p00__10__1779604230/ppo_alpha_a3p00.cleanrl_model,/home/users/am1015/rl_runs_walker_confirm_30seed_extra_caps_20260523/Walker2d-v4__ppo_alpha_a3p00__10__1779604230/ppo_alpha_a3p00.cleanrl_model.norm_stats.npz,1,1,1,0.0,0.0,0.0,0.0,1.0,0.5,,1.0,-1,,-1,,1.0,,1.0,1.0,812.4426079202921,536.9269222470011,688.954480193725,690.5855852587055,469.2177032473298,3420.039251766756,
1779639764,eval__Walker2d-v4__ppo_cont__a3p00__actuator_gain_0p5__seed11__pid637174,ppo_cont,Walker2d-v4,11,30,1,a3p00,actuator_gain_0p5,/home/users/am1015/rl_runs_walker_confirm_30seed_extra_caps_20260523/Walker2d-v4__ppo_alpha_a3p00__11__1779604229/ppo_alpha_a3p00.cleanrl_model,/home/users/am1015/rl_runs_walker_confirm_30seed_extra_caps_20260523/Walker2d-v4__ppo_alpha_a3p00__11__1779604229/ppo_alpha_a3p00.cleanrl_model.norm_stats.npz,1,1,1,0.0,0.0,0.0,0.0,1.0,1.0,,1.0,-1,,-1,,1.0,,0.5,1.0,332.2468321587489,3.1871618998068567,331.8843281819269,331.97941806643024,325.703244180315,338.7569463637846,
1779639733,eval__Walker2d-v4__ppo_cont__a3p00__mass_0p5__seed11__pid633163,ppo_cont,Walker2d-v4,11,30,1,a3p00,mass_0p5,/home/users/am1015/rl_runs_walker_confirm_30seed_extra_caps_20260523/Walker2d-v4__ppo_alpha_a3p00__11__1779604229/ppo_alpha_a3p00.cleanrl_model,/home/users/am1015/rl_runs_walker_confirm_30seed_extra_caps_20260523/Walker2d-v4__ppo_alpha_a3p00__11__1779604229/ppo_alpha_a3p00.cleanrl_model.norm_stats.npz,1,1,1,0.0,0.0,0.0,0.0,1.0,0.5,,1.0,-1,,-1,,1.0,,1.0,1.0,814.8441189581197,255.65982052589783,913.5657355062948,844.3421517119906,441.0946161525016,1228.7182247559012,
1779639851,eval__Walker2d-v4__ppo_cont__a3p00__actuator_gain_0p5__seed12__pid2229198,ppo_cont,Walker2d-v4,12,30,1,a3p00,actuator_gain_0p5,/home/users/am1015/rl_runs_walker_confirm_30seed_extra_caps_20260523/Walker2d-v4__ppo_alpha_a3p00__12__1779604229/ppo_alpha_a3p00.cleanrl_model,/home/users/am1015/rl_runs_walker_confirm_30seed_extra_caps_20260523/Walker2d-v4__ppo_alpha_a3p00__12__1779604229/ppo_alpha_a3p00.cleanrl_model.norm_stats.npz,1,1,1,0.0,0.0,0.0,0.0,1.0,1.0,,1.0,-1,,-1,,1.0,,0.5,1.0,321.64449463430725,5.878100608718441,322.39393747470444,322.1726372666755,307.9699344377123,331.2391723312409,
1779639825,eval__Walker2d-v4__ppo_cont__a3p00__mass_0p5__seed12__pid644546,ppo_cont,Walker2d-v4,12,30,1,a3p00,mass_0p5,/home/users/am1015/rl_runs_walker_confirm_30seed_extra_caps_20260523/Walker2d-v4__ppo_alpha_a3p00__12__1779604229/ppo_alpha_a3p00.cleanrl_model,/home/users/am1015/rl_runs_walker_confirm_30seed_extra_caps_20260523/Walker2d-v4__ppo_alpha_a3p00__12__1779604229/ppo_alpha_a3p00.cleanrl_model.norm_stats.npz,1,1,1,0.0,0.0,0.0,0.0,1.0,0.5,,1.0,-1,,-1,,1.0,,1.0,1.0,522.3466089484822,278.16556431793566,450.9514587312415,449.81816092386174,270.9749950626768,1446.3672759073418,
1779639855,eval__Walker2d-v4__ppo_cont__a3p00__actuator_gain_0p5__seed13__pid648072,ppo_cont,Walker2d-v4,13,30,1,a3p00,actuator_gain_0p5,/home/users/am1015/rl_runs_walker_confirm_30seed_extra_caps_20260523/Walker2d-v4__ppo_alpha_a3p00__13__1779604229/ppo_alpha_a3p00.cleanrl_model,/home/users/am1015/rl_runs_walker_confirm_30seed_extra_caps_20260523/Walker2d-v4__ppo_alpha_a3p00__13__1779604229/ppo_alpha_a3p00.cleanrl_model.norm_stats.npz,1,1,1,0.0,0.0,0.0,0.0,1.0,1.0,,1.0,-1,,-1,,1.0,,0.5,1.0,329.10213514933747,3.377858115262616,328.6628101311652,328.70170800660344,319.806061790221,335.3491666304784,
1779639851,eval__Walker2d-v4__ppo_cont__a3p00__mass_0p5__seed13__pid3277002,ppo_cont,Walker2d-v4,13,30,1,a3p00,mass_0p5,/home/users/am1015/rl_runs_walker_confirm_30seed_extra_caps_20260523/Walker2d-v4__ppo_alpha_a3p00__13__1779604229/ppo_alpha_a3p00.cleanrl_model,/home/users/am1015/rl_runs_walker_confirm_30seed_extra_caps_20260523/Walker2d-v4__ppo_alpha_a3p00__13__1779604229/ppo_alpha_a3p00.cleanrl_model.norm_stats.npz,1,1,1,0.0,0.0,0.0,0.0,1.0,0.5,,1.0,-1,,-1,,1.0,,1.0,1.0,351.246401180633,57.06359654461077,348.2701855732373,346.79197357585275,284.33099033393097,629.5872342378852,
1779639883,eval__Walker2d-v4__ppo_cont__a3p00__actuator_gain_0p5__seed14__pid3277074,ppo_cont,Walker2d-v4,14,30,1,a3p00,actuator_gain_0p5,/home/users/am1015/rl_runs_walker_confirm_30seed_extra_caps_20260523/Walker2d-v4__ppo_alpha_a3p00__14__1779604230/ppo_alpha_a3p00.cleanrl_model,/home/users/am1015/rl_runs_walker_confirm_30seed_extra_caps_20260523/Walker2d-v4__ppo_alpha_a3p00__14__1779604230/ppo_alpha_a3p00.cleanrl_model.norm_stats.npz,1,1,1,0.0,0.0,0.0,0.0,1.0,1.0,,1.0,-1,,-1,,1.0,,0.5,1.0,376.9059216543304,3.3389743911842835,376.86047043650944,377.0201393586174,370.8842859317705,384.11838222298303,
1779639882,eval__Walker2d-v4__ppo_cont__a3p00__mass_0p5__seed14__pid2229270,ppo_cont,Walker2d-v4,14,30,1,a3p00,mass_0p5,/home/users/am1015/rl_runs_walker_confirm_30seed_extra_caps_20260523/Walker2d-v4__ppo_alpha_a3p00__14__1779604230/ppo_alpha_a3p00.cleanrl_model,/home/users/am1015/rl_runs_walker_confirm_30seed_extra_caps_20260523/Walker2d-v4__ppo_alpha_a3p00__14__1779604230/ppo_alpha_a3p00.cleanrl_model.norm_stats.npz,1,1,1,0.0,0.0,0.0,0.0,1.0,0.5,,1.0,-1,,-1,,1.0,,1.0,1.0,349.7995154446823,8.054702885334626,349.1006036910598,349.4577842540173,330.8417494757786,366.3392183618921,
1779639912,eval__Walker2d-v4__ppo_cont__a3p00__actuator_gain_0p5__seed15__pid2229339,ppo_cont,Walker2d-v4,15,30,1,a3p00,actuator_gain_0p5,/home/users/am1015/rl_runs_walker_confirm_30seed_extra_caps_20260523/Walker2d-v4__ppo_alpha_a3p00__15__1779604230/ppo_alpha_a3p00.cleanrl_model,/home/users/am1015/rl_runs_walker_confirm_30seed_extra_caps_20260523/Walker2d-v4__ppo_alpha_a3p00__15__1779604230/ppo_alpha_a3p00.cleanrl_model.norm_stats.npz,1,1,1,0.0,0.0,0.0,0.0,1.0,1.0,,1.0,-1,,-1,,1.0,,0.5,1.0,298.6803898690993,15.100703301534958,301.830625229249,301.0423527374181,257.5001381033416,318.7837253384025,
1779639891,eval__Walker2d-v4__ppo_cont__a3p00__mass_0p5__seed15__pid652031,ppo_cont,Walker2d-v4,15,30,1,a3p00,mass_0p5,/home/users/am1015/rl_runs_walker_confirm_30seed_extra_caps_20260523/Walker2d-v4__ppo_alpha_a3p00__15__1779604230/ppo_alpha_a3p00.cleanrl_model,/home/users/am1015/rl_runs_walker_confirm_30seed_extra_caps_20260523/Walker2d-v4__ppo_alpha_a3p00__15__1779604230/ppo_alpha_a3p00.cleanrl_model.norm_stats.npz,1,1,1,0.0,0.0,0.0,0.0,1.0,0.5,,1.0,-1,,-1,,1.0,,1.0,1.0,1995.829296408824,1039.3422133328029,2064.326117739028,2124.725655156456,438.1707452599069,3275.2397368615216,
1779639916,eval__Walker2d-v4__ppo_cont__a3p00__actuator_gain_0p5__seed16__pid655593,ppo_cont,Walker2d-v4,16,30,1,a3p00,actuator_gain_0p5,/home/users/am1015/rl_runs_walker_confirm_30seed_extra_caps_20260523/Walker2d-v4__ppo_alpha_a3p00__16__1779604230/ppo_alpha_a3p00.cleanrl_model,/home/users/am1015/rl_runs_walker_confirm_30seed_extra_caps_20260523/Walker2d-v4__ppo_alpha_a3p00__16__1779604230/ppo_alpha_a3p00.cleanrl_model.norm_stats.npz,1,1,1,0.0,0.0,0.0,0.0,1.0,1.0,,1.0,-1,,-1,,1.0,,0.5,1.0,353.1886497995083,9.663042067864184,352.71113084522545,352.9528046321684,333.2500820916015,369.5112290552858,
1779639919,eval__Walker2d-v4__ppo_cont__a3p00__mass_0p5__seed16__pid3277146,ppo_cont,Walker2d-v4,16,30,1,a3p00,mass_0p5,/home/users/am1015/rl_runs_walker_confirm_30seed_extra_caps_20260523/Walker2d-v4__ppo_alpha_a3p00__16__1779604230/ppo_alpha_a3p00.cleanrl_model,/home/users/am1015/rl_runs_walker_confirm_30seed_extra_caps_20260523/Walker2d-v4__ppo_alpha_a3p00__16__1779604230/ppo_alpha_a3p00.cleanrl_model.norm_stats.npz,1,1,1,0.0,0.0,0.0,0.0,1.0,0.5,,1.0,-1,,-1,,1.0,,1.0,1.0,620.5633732249314,200.8044514192452,577.5733037464481,566.5323097067721,421.22942764378985,985.7065514256166,
1779639943,eval__Walker2d-v4__ppo_cont__a3p00__actuator_gain_0p5__seed17__pid3277213,ppo_cont,Walker2d-v4,17,30,1,a3p00,actuator_gain_0p5,/home/users/am1015/rl_runs_walker_confirm_30seed_extra_caps_20260523/Walker2d-v4__ppo_alpha_a3p00__17__1779604230/ppo_alpha_a3p00.cleanrl_model,/home/users/am1015/rl_runs_walker_confirm_30seed_extra_caps_20260523/Walker2d-v4__ppo_alpha_a3p00__17__1779604230/ppo_alpha_a3p00.cleanrl_model.norm_stats.npz,1,1,1,0.0,0.0,0.0,0.0,1.0,1.0,,1.0,-1,,-1,,1.0,,0.5,1.0,395.5861379512142,5.8481445316498,396.2773739862014,396.52518455505134,382.1023057143948,405.3264091409444,
1779639950,eval__Walker2d-v4__ppo_cont__a3p00__mass_0p5__seed17__pid2229408,ppo_cont,Walker2d-v4,17,30,1,a3p00,mass_0p5,/home/users/am1015/rl_runs_walker_confirm_30seed_extra_caps_20260523/Walker2d-v4__ppo_alpha_a3p00__17__1779604230/ppo_alpha_a3p00.cleanrl_model,/home/users/am1015/rl_runs_walker_confirm_30seed_extra_caps_20260523/Walker2d-v4__ppo_alpha_a3p00__17__1779604230/ppo_alpha_a3p00.cleanrl_model.norm_stats.npz,1,1,1,0.0,0.0,0.0,0.0,1.0,0.5,,1.0,-1,,-1,,1.0,,1.0,1.0,1834.319185676221,641.765874024686,1609.4123354169817,1682.41790706419,987.25971354137,3332.6412284083985,
1779639971,eval__Walker2d-v4__ppo_cont__a3p00__actuator_gain_0p5__seed18__pid2229476,ppo_cont,Walker2d-v4,18,30,1,a3p00,actuator_gain_0p5,/home/users/am1015/rl_runs_walker_confirm_30seed_extra_caps_20260523/Walker2d-v4__ppo_alpha_a3p00__18__1779604230/ppo_alpha_a3p00.cleanrl_model,/home/users/am1015/rl_runs_walker_confirm_30seed_extra_caps_20260523/Walker2d-v4__ppo_alpha_a3p00__18__1779604230/ppo_alpha_a3p00.cleanrl_model.norm_stats.npz,1,1,1,0.0,0.0,0.0,0.0,1.0,1.0,,1.0,-1,,-1,,1.0,,0.5,1.0,267.0943933384382,8.110999526181367,264.8175874945845,265.7145171641185,255.84449032980189,285.90321341019376,
1779639948,eval__Walker2d-v4__ppo_cont__a3p00__mass_0p5__seed18__pid3256771,ppo_cont,Walker2d-v4,18,30,1,a3p00,mass_0p5,/home/users/am1015/rl_runs_walker_confirm_30seed_extra_caps_20260523/Walker2d-v4__ppo_alpha_a3p00__18__1779604230/ppo_alpha_a3p00.cleanrl_model,/home/users/am1015/rl_runs_walker_confirm_30seed_extra_caps_20260523/Walker2d-v4__ppo_alpha_a3p00__18__1779604230/ppo_alpha_a3p00.cleanrl_model.norm_stats.npz,1,1,1,0.0,0.0,0.0,0.0,1.0,0.5,,1.0,-1,,-1,,1.0,,1.0,1.0,997.381116540898,299.2467447959741,944.5244403369312,944.5271306069257,511.7769607290089,1671.498357503352,
1779639971,eval__Walker2d-v4__ppo_cont__a3p00__actuator_gain_0p5__seed19__pid3258037,ppo_cont,Walker2d-v4,19,30,1,a3p00,actuator_gain_0p5,/home/users/am1015/rl_runs_walker_confirm_30seed_extra_caps_20260523/Walker2d-v4__ppo_alpha_a3p00__19__1779604230/ppo_alpha_a3p00.cleanrl_model,/home/users/am1015/rl_runs_walker_confirm_30seed_extra_caps_20260523/Walker2d-v4__ppo_alpha_a3p00__19__1779604230/ppo_alpha_a3p00.cleanrl_model.norm_stats.npz,1,1,1,0.0,0.0,0.0,0.0,1.0,1.0,,1.0,-1,,-1,,1.0,,0.5,1.0,271.6661620404534,8.851081567661717,272.9717564091044,271.4706716630952,258.5145533833995,286.6361861142006,
1779639980,eval__Walker2d-v4__ppo_cont__a3p00__mass_0p5__seed19__pid3277283,ppo_cont,Walker2d-v4,19,30,1,a3p00,mass_0p5,/home/users/am1015/rl_runs_walker_confirm_30seed_extra_caps_20260523/Walker2d-v4__ppo_alpha_a3p00__19__1779604230/ppo_alpha_a3p00.cleanrl_model,/home/users/am1015/rl_runs_walker_confirm_30seed_extra_caps_20260523/Walker2d-v4__ppo_alpha_a3p00__19__1779604230/ppo_alpha_a3p00.cleanrl_model.norm_stats.npz,1,1,1,0.0,0.0,0.0,0.0,1.0,0.5,,1.0,-1,,-1,,1.0,,1.0,1.0,2028.7802641419175,1148.9840025887706,2049.5115627975947,1934.5931080454363,392.6302631136528,4269.405067209546,
1779639825,eval__Walker2d-v4__ppo_cont__a3p00__actuator_gain_0p5__seed1__pid3276933,ppo_cont,Walker2d-v4,1,30,1,a3p00,actuator_gain_0p5,/home/users/am1015/rl_runs_walker_confirm_30seed_extra_caps_20260523/Walker2d-v4__ppo_alpha_a3p00__1__1779604230/ppo_alpha_a3p00.cleanrl_model,/home/users/am1015/rl_runs_walker_confirm_30seed_extra_caps_20260523/Walker2d-v4__ppo_alpha_a3p00__1__1779604230/ppo_alpha_a3p00.cleanrl_model.norm_stats.npz,1,1,1,0.0,0.0,0.0,0.0,1.0,1.0,,1.0,-1,,-1,,1.0,,0.5,1.0,441.9928586519226,5.489737463749938,442.1545628512903,441.70206848406815,431.6171844591783,455.9850405364684,
1779639796,eval__Walker2d-v4__ppo_cont__a3p00__mass_0p5__seed1__pid640561,ppo_cont,Walker2d-v4,1,30,1,a3p00,mass_0p5,/home/users/am1015/rl_runs_walker_confirm_30seed_extra_caps_20260523/Walker2d-v4__ppo_alpha_a3p00__1__1779604230/ppo_alpha_a3p00.cleanrl_model,/home/users/am1015/rl_runs_walker_confirm_30seed_extra_caps_20260523/Walker2d-v4__ppo_alpha_a3p00__1__1779604230/ppo_alpha_a3p00.cleanrl_model.norm_stats.npz,1,1,1,0.0,0.0,0.0,0.0,1.0,0.5,,1.0,-1,,-1,,1.0,,1.0,1.0,576.0786212586349,273.0466448739714,453.0996604186204,465.37908534475673,320.7030516831081,1280.3262242925905,
1779640003,eval__Walker2d-v4__ppo_cont__a3p00__actuator_gain_0p5__seed20__pid3277351,ppo_cont,Walker2d-v4,20,30,1,a3p00,actuator_gain_0p5,/home/users/am1015/rl_runs_walker_confirm_30seed_extra_caps_20260523/Walker2d-v4__ppo_alpha_a3p00__20__1779604230/ppo_alpha_a3p00.cleanrl_model,/home/users/am1015/rl_runs_walker_confirm_30seed_extra_caps_20260523/Walker2d-v4__ppo_alpha_a3p00__20__1779604230/ppo_alpha_a3p00.cleanrl_model.norm_stats.npz,1,1,1,0.0,0.0,0.0,0.0,1.0,1.0,,1.0,-1,,-1,,1.0,,0.5,1.0,271.2418866333402,2.441693053409797,271.27127772131166,271.2174247694276,264.0988051005712,276.225648177512,
1779640010,eval__Walker2d-v4__ppo_cont__a3p00__mass_0p5__seed20__pid2229545,ppo_cont,Walker2d-v4,20,30,1,a3p00,mass_0p5,/home/users/am1015/rl_runs_walker_confirm_30seed_extra_caps_20260523/Walker2d-v4__ppo_alpha_a3p00__20__1779604230/ppo_alpha_a3p00.cleanrl_model,/home/users/am1015/rl_runs_walker_confirm_30seed_extra_caps_20260523/Walker2d-v4__ppo_alpha_a3p00__20__1779604230/ppo_alpha_a3p00.cleanrl_model.norm_stats.npz,1,1,1,0.0,0.0,0.0,0.0,1.0,0.5,,1.0,-1,,-1,,1.0,,1.0,1.0,1648.1230764597778,809.2781149638831,1421.7704331304374,1466.4913482695258,638.3528699567736,3646.058198631777,
1779640031,eval__Walker2d-v4__ppo_cont__a3p00__actuator_gain_0p5__seed21__pid2229612,ppo_cont,Walker2d-v4,21,30,1,a3p00,actuator_gain_0p5,/home/users/am1015/rl_runs_walker_confirm_30seed_extra_caps_20260523/Walker2d-v4__ppo_alpha_a3p00__21__1779604230/ppo_alpha_a3p00.cleanrl_model,/home/users/am1015/rl_runs_walker_confirm_30seed_extra_caps_20260523/Walker2d-v4__ppo_alpha_a3p00__21__1779604230/ppo_alpha_a3p00.cleanrl_model.norm_stats.npz,1,1,1,0.0,0.0,0.0,0.0,1.0,1.0,,1.0,-1,,-1,,1.0,,0.5,1.0,401.3113954732687,10.597119110013928,403.28727175597817,401.5629076201166,384.1027581558196,416.7858024921934,
1779640004,eval__Walker2d-v4__ppo_cont__a3p00__mass_0p5__seed21__pid3259436,ppo_cont,Walker2d-v4,21,30,1,a3p00,mass_0p5,/home/users/am1015/rl_runs_walker_confirm_30seed_extra_caps_20260523/Walker2d-v4__ppo_alpha_a3p00__21__1779604230/ppo_alpha_a3p00.cleanrl_model,/home/users/am1015/rl_runs_walker_confirm_30seed_extra_caps_20260523/Walker2d-v4__ppo_alpha_a3p00__21__1779604230/ppo_alpha_a3p00.cleanrl_model.norm_stats.npz,1,1,1,0.0,0.0,0.0,0.0,1.0,0.5,,1.0,-1,,-1,,1.0,,1.0,1.0,392.8970844577623,48.34011542838789,403.6539329613142,405.08267103558177,292.49817918676104,455.78796027702055,
1779640064,eval__Walker2d-v4__ppo_cont__a3p00__actuator_gain_0p5__seed22__pid226644,ppo_cont,Walker2d-v4,22,30,1,a3p00,actuator_gain_0p5,/home/users/am1015/rl_runs_walker_confirm_30seed_extra_caps_20260523/Walker2d-v4__ppo_alpha_a3p00__22__1779604230/ppo_alpha_a3p00.cleanrl_model,/home/users/am1015/rl_runs_walker_confirm_30seed_extra_caps_20260523/Walker2d-v4__ppo_alpha_a3p00__22__1779604230/ppo_alpha_a3p00.cleanrl_model.norm_stats.npz,1,1,1,0.0,0.0,0.0,0.0,1.0,1.0,,1.0,-1,,-1,,1.0,,0.5,1.0,301.15157895765043,23.16514313159706,309.40585571066333,309.2210488613724,242.280743716534,318.64827904194703,
1779640070,eval__Walker2d-v4__ppo_cont__a3p00__mass_0p5__seed22__pid2229679,ppo_cont,Walker2d-v4,22,30,1,a3p00,mass_0p5,/home/users/am1015/rl_runs_walker_confirm_30seed_extra_caps_20260523/Walker2d-v4__ppo_alpha_a3p00__22__1779604230/ppo_alpha_a3p00.cleanrl_model,/home/users/am1015/rl_runs_walker_confirm_30seed_extra_caps_20260523/Walker2d-v4__ppo_alpha_a3p00__22__1779604230/ppo_alpha_a3p00.cleanrl_model.norm_stats.npz,1,1,1,0.0,0.0,0.0,0.0,1.0,0.5,,1.0,-1,,-1,,1.0,,1.0,1.0,1612.0763255765917,1338.3587983002385,1432.3042991395955,1399.0481304382215,23.0785762724397,3756.0318046993366,
1779640063,eval__Walker2d-v4__ppo_cont__a3p00__actuator_gain_0p5__seed23__pid3261997,ppo_cont,Walker2d-v4,23,30,1,a3p00,actuator_gain_0p5,/home/users/am1015/rl_runs_walker_confirm_30seed_extra_caps_20260523/Walker2d-v4__ppo_alpha_a3p00__23__1779604230/ppo_alpha_a3p00.cleanrl_model,/home/users/am1015/rl_runs_walker_confirm_30seed_extra_caps_20260523/Walker2d-v4__ppo_alpha_a3p00__23__1779604230/ppo_alpha_a3p00.cleanrl_model.norm_stats.npz,1,1,1,0.0,0.0,0.0,0.0,1.0,1.0,,1.0,-1,,-1,,1.0,,0.5,1.0,336.73027524380655,3.029719967407579,336.4570855020229,336.6087901079368,328.4552000030872,343.0997927146927,
1779640066,eval__Walker2d-v4__ppo_cont__a3p00__mass_0p5__seed23__pid3277489,ppo_cont,Walker2d-v4,23,30,1,a3p00,mass_0p5,/home/users/am1015/rl_runs_walker_confirm_30seed_extra_caps_20260523/Walker2d-v4__ppo_alpha_a3p00__23__1779604230/ppo_alpha_a3p00.cleanrl_model,/home/users/am1015/rl_runs_walker_confirm_30seed_extra_caps_20260523/Walker2d-v4__ppo_alpha_a3p00__23__1779604230/ppo_alpha_a3p00.cleanrl_model.norm_stats.npz,1,1,1,0.0,0.0,0.0,0.0,1.0,0.5,,1.0,-1,,-1,,1.0,,1.0,1.0,537.6221111533205,35.07358356666098,546.7115132063741,541.7254021383217,457.35817835779386,586.333677799255,
1779640091,eval__Walker2d-v4__ppo_cont__a3p00__actuator_gain_0p5__seed24__pid226714,ppo_cont,Walker2d-v4,24,30,1,a3p00,actuator_gain_0p5,/home/users/am1015/rl_runs_walker_confirm_30seed_extra_caps_20260523/Walker2d-v4__ppo_alpha_a3p00__24__1779604231/ppo_alpha_a3p00.cleanrl_model,/home/users/am1015/rl_runs_walker_confirm_30seed_extra_caps_20260523/Walker2d-v4__ppo_alpha_a3p00__24__1779604231/ppo_alpha_a3p00.cleanrl_model.norm_stats.npz,1,1,1,0.0,0.0,0.0,0.0,1.0,1.0,,1.0,-1,,-1,,1.0,,0.5,1.0,379.7114234267168,5.71507428082302,379.2725715200876,379.63704851727135,369.6370942145921,389.59529929875134,
1779640094,eval__Walker2d-v4__ppo_cont__a3p00__mass_0p5__seed24__pid2229748,ppo_cont,Walker2d-v4,24,30,1,a3p00,mass_0p5,/home/users/am1015/rl_runs_walker_confirm_30seed_extra_caps_20260523/Walker2d-v4__ppo_alpha_a3p00__24__1779604231/ppo_alpha_a3p00.cleanrl_model,/home/users/am1015/rl_runs_walker_confirm_30seed_extra_caps_20260523/Walker2d-v4__ppo_alpha_a3p00__24__1779604231/ppo_alpha_a3p00.cleanrl_model.norm_stats.npz,1,1,1,0.0,0.0,0.0,0.0,1.0,0.5,,1.0,-1,,-1,,1.0,,1.0,1.0,841.129157541992,835.6187840690076,502.46961576426577,525.870289951322,335.720049572438,3418.136996678202,
1779640091,eval__Walker2d-v4__ppo_cont__a3p00__actuator_gain_0p5__seed25__pid3263273,ppo_cont,Walker2d-v4,25,30,1,a3p00,actuator_gain_0p5,/home/users/am1015/rl_runs_walker_confirm_30seed_extra_caps_20260523/Walker2d-v4__ppo_alpha_a3p00__25__1779604231/ppo_alpha_a3p00.cleanrl_model,/home/users/am1015/rl_runs_walker_confirm_30seed_extra_caps_20260523/Walker2d-v4__ppo_alpha_a3p00__25__1779604231/ppo_alpha_a3p00.cleanrl_model.norm_stats.npz,1,1,1,0.0,0.0,0.0,0.0,1.0,1.0,,1.0,-1,,-1,,1.0,,0.5,1.0,364.3629593215774,2.494432880218164,364.7152696531908,364.498459676781,357.25402160945424,368.89792834586217,
1779640091,eval__Walker2d-v4__ppo_cont__a3p00__mass_0p5__seed25__pid3277556,ppo_cont,Walker2d-v4,25,30,1,a3p00,mass_0p5,/home/users/am1015/rl_runs_walker_confirm_30seed_extra_caps_20260523/Walker2d-v4__ppo_alpha_a3p00__25__1779604231/ppo_alpha_a3p00.cleanrl_model,/home/users/am1015/rl_runs_walker_confirm_30seed_extra_caps_20260523/Walker2d-v4__ppo_alpha_a3p00__25__1779604231/ppo_alpha_a3p00.cleanrl_model.norm_stats.npz,1,1,1,0.0,0.0,0.0,0.0,1.0,0.5,,1.0,-1,,-1,,1.0,,1.0,1.0,405.54181057956106,46.97359762279468,395.35554914481946,394.790928978026,357.2853976437391,609.179297801263,
1779640122,eval__Walker2d-v4__ppo_cont__a3p00__actuator_gain_0p5__seed26__pid226789,ppo_cont,Walker2d-v4,26,30,1,a3p00,actuator_gain_0p5,/home/users/am1015/rl_runs_walker_confirm_30seed_extra_caps_20260523/Walker2d-v4__ppo_alpha_a3p00__26__1779604231/ppo_alpha_a3p00.cleanrl_model,/home/users/am1015/rl_runs_walker_confirm_30seed_extra_caps_20260523/Walker2d-v4__ppo_alpha_a3p00__26__1779604231/ppo_alpha_a3p00.cleanrl_model.norm_stats.npz,1,1,1,0.0,0.0,0.0,0.0,1.0,1.0,,1.0,-1,,-1,,1.0,,0.5,1.0,292.0507315780632,25.61231458880258,283.88464120032813,282.97997486680055,269.2442020005629,364.1828506978625,
1779640135,eval__Walker2d-v4__ppo_cont__a3p00__mass_0p5__seed26__pid2229815,ppo_cont,Walker2d-v4,26,30,1,a3p00,mass_0p5,/home/users/am1015/rl_runs_walker_confirm_30seed_extra_caps_20260523/Walker2d-v4__ppo_alpha_a3p00__26__1779604231/ppo_alpha_a3p00.cleanrl_model,/home/users/am1015/rl_runs_walker_confirm_30seed_extra_caps_20260523/Walker2d-v4__ppo_alpha_a3p00__26__1779604231/ppo_alpha_a3p00.cleanrl_model.norm_stats.npz,1,1,1,0.0,0.0,0.0,0.0,1.0,0.5,,1.0,-1,,-1,,1.0,,1.0,1.0,2814.43782966499,1620.216172960044,3718.0733314856425,3693.791978224007,126.97948493068384,4094.73377280311,
1779640125,eval__Walker2d-v4__ppo_cont__a3p00__actuator_gain_0p5__seed27__pid3264690,ppo_cont,Walker2d-v4,27,30,1,a3p00,actuator_gain_0p5,/home/users/am1015/rl_runs_walker_confirm_30seed_extra_caps_20260523/Walker2d-v4__ppo_alpha_a3p00__27__1779604231/ppo_alpha_a3p00.cleanrl_model,/home/users/am1015/rl_runs_walker_confirm_30seed_extra_caps_20260523/Walker2d-v4__ppo_alpha_a3p00__27__1779604231/ppo_alpha_a3p00.cleanrl_model.norm_stats.npz,1,1,1,0.0,0.0,0.0,0.0,1.0,1.0,,1.0,-1,,-1,,1.0,,0.5,1.0,371.0239243227063,7.584904952151267,372.17541656925886,372.1449858515575,357.2606519974032,382.5774496564909,
1779640123,eval__Walker2d-v4__ppo_cont__a3p00__mass_0p5__seed27__pid3277628,ppo_cont,Walker2d-v4,27,30,1,a3p00,mass_0p5,/home/users/am1015/rl_runs_walker_confirm_30seed_extra_caps_20260523/Walker2d-v4__ppo_alpha_a3p00__27__1779604231/ppo_alpha_a3p00.cleanrl_model,/home/users/am1015/rl_runs_walker_confirm_30seed_extra_caps_20260523/Walker2d-v4__ppo_alpha_a3p00__27__1779604231/ppo_alpha_a3p00.cleanrl_model.norm_stats.npz,1,1,1,0.0,0.0,0.0,0.0,1.0,0.5,,1.0,-1,,-1,,1.0,,1.0,1.0,273.3910336814562,65.43377157979587,253.72925471131884,256.51666578757266,206.11135764931836,504.75193721741664,
1779640153,eval__Walker2d-v4__ppo_cont__a3p00__actuator_gain_0p5__seed28__pid226859,ppo_cont,Walker2d-v4,28,30,1,a3p00,actuator_gain_0p5,/home/users/am1015/rl_runs_walker_confirm_30seed_extra_caps_20260523/Walker2d-v4__ppo_alpha_a3p00__28__1779604232/ppo_alpha_a3p00.cleanrl_model,/home/users/am1015/rl_runs_walker_confirm_30seed_extra_caps_20260523/Walker2d-v4__ppo_alpha_a3p00__28__1779604232/ppo_alpha_a3p00.cleanrl_model.norm_stats.npz,1,1,1,0.0,0.0,0.0,0.0,1.0,1.0,,1.0,-1,,-1,,1.0,,0.5,1.0,333.3059880301904,3.944671376835061,332.5185674847785,332.88033429162016,326.0722372683152,342.6365087363905,
1779640154,eval__Walker2d-v4__ppo_cont__a3p00__mass_0p5__seed28__pid2229883,ppo_cont,Walker2d-v4,28,30,1,a3p00,mass_0p5,/home/users/am1015/rl_runs_walker_confirm_30seed_extra_caps_20260523/Walker2d-v4__ppo_alpha_a3p00__28__1779604232/ppo_alpha_a3p00.cleanrl_model,/home/users/am1015/rl_runs_walker_confirm_30seed_extra_caps_20260523/Walker2d-v4__ppo_alpha_a3p00__28__1779604232/ppo_alpha_a3p00.cleanrl_model.norm_stats.npz,1,1,1,0.0,0.0,0.0,0.0,1.0,0.5,,1.0,-1,,-1,,1.0,,1.0,1.0,593.8872459494573,534.8215089178328,456.2833339520417,457.53047334011,337.97347033320074,3220.3624830847366,
1779640153,eval__Walker2d-v4__ppo_cont__a3p00__actuator_gain_0p5__seed29__pid3265916,ppo_cont,Walker2d-v4,29,30,1,a3p00,actuator_gain_0p5,/home/users/am1015/rl_runs_walker_confirm_30seed_extra_caps_20260523/Walker2d-v4__ppo_alpha_a3p00__29__1779604232/ppo_alpha_a3p00.cleanrl_model,/home/users/am1015/rl_runs_walker_confirm_30seed_extra_caps_20260523/Walker2d-v4__ppo_alpha_a3p00__29__1779604232/ppo_alpha_a3p00.cleanrl_model.norm_stats.npz,1,1,1,0.0,0.0,0.0,0.0,1.0,1.0,,1.0,-1,,-1,,1.0,,0.5,1.0,247.54163309344915,15.035753515531118,244.36158016772077,244.16415549187215,237.1580763883786,302.6537224335744,
1779640152,eval__Walker2d-v4__ppo_cont__a3p00__mass_0p5__seed29__pid3277695,ppo_cont,Walker2d-v4,29,30,1,a3p00,mass_0p5,/home/users/am1015/rl_runs_walker_confirm_30seed_extra_caps_20260523/Walker2d-v4__ppo_alpha_a3p00__29__1779604232/ppo_alpha_a3p00.cleanrl_model,/home/users/am1015/rl_runs_walker_confirm_30seed_extra_caps_20260523/Walker2d-v4__ppo_alpha_a3p00__29__1779604232/ppo_alpha_a3p00.cleanrl_model.norm_stats.npz,1,1,1,0.0,0.0,0.0,0.0,1.0,0.5,,1.0,-1,,-1,,1.0,,1.0,1.0,433.4699699121008,229.7209816325258,355.4813837084266,373.8638550001265,295.8258557489019,1457.5650313435294,
1779640033,eval__Walker2d-v4__ppo_cont__a3p00__actuator_gain_0p5__seed2__pid3260583,ppo_cont,Walker2d-v4,2,30,1,a3p00,actuator_gain_0p5,/home/users/am1015/rl_runs_walker_confirm_30seed_extra_caps_20260523/Walker2d-v4__ppo_alpha_a3p00__2__1779604231/ppo_alpha_a3p00.cleanrl_model,/home/users/am1015/rl_runs_walker_confirm_30seed_extra_caps_20260523/Walker2d-v4__ppo_alpha_a3p00__2__1779604231/ppo_alpha_a3p00.cleanrl_model.norm_stats.npz,1,1,1,0.0,0.0,0.0,0.0,1.0,1.0,,1.0,-1,,-1,,1.0,,0.5,1.0,313.76751981731536,3.006429140619156,313.71012266258606,313.9271984632779,308.6882796691214,318.34365305316805,
1779640039,eval__Walker2d-v4__ppo_cont__a3p00__mass_0p5__seed2__pid3277418,ppo_cont,Walker2d-v4,2,30,1,a3p00,mass_0p5,/home/users/am1015/rl_runs_walker_confirm_30seed_extra_caps_20260523/Walker2d-v4__ppo_alpha_a3p00__2__1779604231/ppo_alpha_a3p00.cleanrl_model,/home/users/am1015/rl_runs_walker_confirm_30seed_extra_caps_20260523/Walker2d-v4__ppo_alpha_a3p00__2__1779604231/ppo_alpha_a3p00.cleanrl_model.norm_stats.npz,1,1,1,0.0,0.0,0.0,0.0,1.0,0.5,,1.0,-1,,-1,,1.0,,1.0,1.0,2119.2657228955804,921.2217540635146,1952.9218473743576,1953.245123665759,637.9450177799476,4244.772746222458,
1779640183,eval__Walker2d-v4__ppo_cont__a3p00__actuator_gain_0p5__seed30__pid2230003,ppo_cont,Walker2d-v4,30,30,1,a3p00,actuator_gain_0p5,/home/users/am1015/rl_runs_walker_confirm_30seed_extra_caps_20260523/Walker2d-v4__ppo_alpha_a3p00__30__1779604232/ppo_alpha_a3p00.cleanrl_model,/home/users/am1015/rl_runs_walker_confirm_30seed_extra_caps_20260523/Walker2d-v4__ppo_alpha_a3p00__30__1779604232/ppo_alpha_a3p00.cleanrl_model.norm_stats.npz,1,1,1,0.0,0.0,0.0,0.0,1.0,1.0,,1.0,-1,,-1,,1.0,,0.5,1.0,276.95315657338193,13.55425022220384,279.97238750857184,279.2222750376097,251.8275899969621,297.5589897708426,
1779640188,eval__Walker2d-v4__ppo_cont__a3p00__mass_0p5__seed30__pid226928,ppo_cont,Walker2d-v4,30,30,1,a3p00,mass_0p5,/home/users/am1015/rl_runs_walker_confirm_30seed_extra_caps_20260523/Walker2d-v4__ppo_alpha_a3p00__30__1779604232/ppo_alpha_a3p00.cleanrl_model,/home/users/am1015/rl_runs_walker_confirm_30seed_extra_caps_20260523/Walker2d-v4__ppo_alpha_a3p00__30__1779604232/ppo_alpha_a3p00.cleanrl_model.norm_stats.npz,1,1,1,0.0,0.0,0.0,0.0,1.0,0.5,,1.0,-1,,-1,,1.0,,1.0,1.0,1000.4305272051344,642.3162747919184,868.0410254605,846.7942379440282,325.5959590569309,2637.497773949405,
1779640183,eval__Walker2d-v4__ppo_cont__a3p00__actuator_gain_0p5__seed3__pid3277764,ppo_cont,Walker2d-v4,3,30,1,a3p00,actuator_gain_0p5,/home/users/am1015/rl_runs_walker_confirm_30seed_extra_caps_20260523/Walker2d-v4__ppo_alpha_a3p00__3__1779604229/ppo_alpha_a3p00.cleanrl_model,/home/users/am1015/rl_runs_walker_confirm_30seed_extra_caps_20260523/Walker2d-v4__ppo_alpha_a3p00__3__1779604229/ppo_alpha_a3p00.cleanrl_model.norm_stats.npz,1,1,1,0.0,0.0,0.0,0.0,1.0,1.0,,1.0,-1,,-1,,1.0,,0.5,1.0,383.8782103762388,3.875002401702343,383.768407603073,383.4470915460632,376.7952042641296,395.0184914826209,
1779640183,eval__Walker2d-v4__ppo_cont__a3p00__mass_0p5__seed3__pid2229987,ppo_cont,Walker2d-v4,3,30,1,a3p00,mass_0p5,/home/users/am1015/rl_runs_walker_confirm_30seed_extra_caps_20260523/Walker2d-v4__ppo_alpha_a3p00__3__1779604229/ppo_alpha_a3p00.cleanrl_model,/home/users/am1015/rl_runs_walker_confirm_30seed_extra_caps_20260523/Walker2d-v4__ppo_alpha_a3p00__3__1779604229/ppo_alpha_a3p00.cleanrl_model.norm_stats.npz,1,1,1,0.0,0.0,0.0,0.0,1.0,0.5,,1.0,-1,,-1,,1.0,,1.0,1.0,371.924790450985,33.57025598328514,373.0175654305637,373.1821763084942,300.66540568919805,441.9176719682489,
1779640210,eval__Walker2d-v4__ppo_cont__a3p00__actuator_gain_0p5__seed4__pid226998,ppo_cont,Walker2d-v4,4,30,1,a3p00,actuator_gain_0p5,/home/users/am1015/rl_runs_walker_confirm_30seed_extra_caps_20260523/Walker2d-v4__ppo_alpha_a3p00__4__1779604229/ppo_alpha_a3p00.cleanrl_model,/home/users/am1015/rl_runs_walker_confirm_30seed_extra_caps_20260523/Walker2d-v4__ppo_alpha_a3p00__4__1779604229/ppo_alpha_a3p00.cleanrl_model.norm_stats.npz,1,1,1,0.0,0.0,0.0,0.0,1.0,1.0,,1.0,-1,,-1,,1.0,,0.5,1.0,233.1066992454224,6.291877042569188,231.24659362261667,232.13419364858052,223.8459945502949,245.00153780604256,
1779640186,eval__Walker2d-v4__ppo_cont__a3p00__mass_0p5__seed4__pid3267272,ppo_cont,Walker2d-v4,4,30,1,a3p00,mass_0p5,/home/users/am1015/rl_runs_walker_confirm_30seed_extra_caps_20260523/Walker2d-v4__ppo_alpha_a3p00__4__1779604229/ppo_alpha_a3p00.cleanrl_model,/home/users/am1015/rl_runs_walker_confirm_30seed_extra_caps_20260523/Walker2d-v4__ppo_alpha_a3p00__4__1779604229/ppo_alpha_a3p00.cleanrl_model.norm_stats.npz,1,1,1,0.0,0.0,0.0,0.0,1.0,0.5,,1.0,-1,,-1,,1.0,,1.0,1.0,622.9815461282343,34.70195814525234,613.9086515489515,614.7472439590299,574.1549464526031,709.8152998817932,
1779640211,eval__Walker2d-v4__ppo_cont__a3p00__actuator_gain_0p5__seed5__pid2230144,ppo_cont,Walker2d-v4,5,30,1,a3p00,actuator_gain_0p5,/home/users/am1015/rl_runs_walker_confirm_30seed_extra_caps_20260523/Walker2d-v4__ppo_alpha_a3p00__5__1779604229/ppo_alpha_a3p00.cleanrl_model,/home/users/am1015/rl_runs_walker_confirm_30seed_extra_caps_20260523/Walker2d-v4__ppo_alpha_a3p00__5__1779604229/ppo_alpha_a3p00.cleanrl_model.norm_stats.npz,1,1,1,0.0,0.0,0.0,0.0,1.0,1.0,,1.0,-1,,-1,,1.0,,0.5,1.0,338.3731944345213,4.341914839678127,337.4302907912032,338.07960309172825,332.19382371769376,348.0611533131801,
1779640211,eval__Walker2d-v4__ppo_cont__a3p00__mass_0p5__seed5__pid2230129,ppo_cont,Walker2d-v4,5,30,1,a3p00,mass_0p5,/home/users/am1015/rl_runs_walker_confirm_30seed_extra_caps_20260523/Walker2d-v4__ppo_alpha_a3p00__5__1779604229/ppo_alpha_a3p00.cleanrl_model,/home/users/am1015/rl_runs_walker_confirm_30seed_extra_caps_20260523/Walker2d-v4__ppo_alpha_a3p00__5__1779604229/ppo_alpha_a3p00.cleanrl_model.norm_stats.npz,1,1,1,0.0,0.0,0.0,0.0,1.0,0.5,,1.0,-1,,-1,,1.0,,1.0,1.0,407.0810820746864,27.558065123035878,410.90115027170464,410.6136964753741,291.9336819295333,450.8083646400184,
1779640212,eval__Walker2d-v4__ppo_cont__a3p00__actuator_gain_0p5__seed6__pid3268518,ppo_cont,Walker2d-v4,6,30,1,a3p00,actuator_gain_0p5,/home/users/am1015/rl_runs_walker_confirm_30seed_extra_caps_20260523/Walker2d-v4__ppo_alpha_a3p00__6__1779604229/ppo_alpha_a3p00.cleanrl_model,/home/users/am1015/rl_runs_walker_confirm_30seed_extra_caps_20260523/Walker2d-v4__ppo_alpha_a3p00__6__1779604229/ppo_alpha_a3p00.cleanrl_model.norm_stats.npz,1,1,1,0.0,0.0,0.0,0.0,1.0,1.0,,1.0,-1,,-1,,1.0,,0.5,1.0,394.1001858674387,5.266803296448933,393.99488499905743,394.6046847007322,379.9728681593136,401.6277251662726,
1779640218,eval__Walker2d-v4__ppo_cont__a3p00__mass_0p5__seed6__pid3277836,ppo_cont,Walker2d-v4,6,30,1,a3p00,mass_0p5,/home/users/am1015/rl_runs_walker_confirm_30seed_extra_caps_20260523/Walker2d-v4__ppo_alpha_a3p00__6__1779604229/ppo_alpha_a3p00.cleanrl_model,/home/users/am1015/rl_runs_walker_confirm_30seed_extra_caps_20260523/Walker2d-v4__ppo_alpha_a3p00__6__1779604229/ppo_alpha_a3p00.cleanrl_model.norm_stats.npz,1,1,1,0.0,0.0,0.0,0.0,1.0,0.5,,1.0,-1,,-1,,1.0,,1.0,1.0,1184.8586278472687,696.4515176866117,938.7919580854256,972.6845625933724,551.2416738626878,3144.212809424231,
1779640244,eval__Walker2d-v4__ppo_cont__a3p00__actuator_gain_0p5__seed7__pid2230309,ppo_cont,Walker2d-v4,7,30,1,a3p00,actuator_gain_0p5,/home/users/am1015/rl_runs_walker_confirm_30seed_extra_caps_20260523/Walker2d-v4__ppo_alpha_a3p00__7__1779604229/ppo_alpha_a3p00.cleanrl_model,/home/users/am1015/rl_runs_walker_confirm_30seed_extra_caps_20260523/Walker2d-v4__ppo_alpha_a3p00__7__1779604229/ppo_alpha_a3p00.cleanrl_model.norm_stats.npz,1,1,1,0.0,0.0,0.0,0.0,1.0,1.0,,1.0,-1,,-1,,1.0,,0.5,1.0,400.0517672131655,4.61839501224007,400.5082781487887,400.625834826762,390.0875542615743,409.2636197405146,
1779640256,eval__Walker2d-v4__ppo_cont__a3p00__mass_0p5__seed7__pid227065,ppo_cont,Walker2d-v4,7,30,1,a3p00,mass_0p5,/home/users/am1015/rl_runs_walker_confirm_30seed_extra_caps_20260523/Walker2d-v4__ppo_alpha_a3p00__7__1779604229/ppo_alpha_a3p00.cleanrl_model,/home/users/am1015/rl_runs_walker_confirm_30seed_extra_caps_20260523/Walker2d-v4__ppo_alpha_a3p00__7__1779604229/ppo_alpha_a3p00.cleanrl_model.norm_stats.npz,1,1,1,0.0,0.0,0.0,0.0,1.0,0.5,,1.0,-1,,-1,,1.0,,1.0,1.0,1744.4318018058696,826.717588782387,1810.4635804604327,1811.2429223727845,269.3822295296825,2875.0161382036586,
1779640242,eval__Walker2d-v4__ppo_cont__a3p00__actuator_gain_0p5__seed8__pid3277906,ppo_cont,Walker2d-v4,8,30,1,a3p00,actuator_gain_0p5,/home/users/am1015/rl_runs_walker_confirm_30seed_extra_caps_20260523/Walker2d-v4__ppo_alpha_a3p00__8__1779604229/ppo_alpha_a3p00.cleanrl_model,/home/users/am1015/rl_runs_walker_confirm_30seed_extra_caps_20260523/Walker2d-v4__ppo_alpha_a3p00__8__1779604229/ppo_alpha_a3p00.cleanrl_model.norm_stats.npz,1,1,1,0.0,0.0,0.0,0.0,1.0,1.0,,1.0,-1,,-1,,1.0,,0.5,1.0,247.55341047423647,33.038515078093084,234.58712003960835,234.46549754490252,224.4373544591405,322.42591714364426,
1779640253,eval__Walker2d-v4__ppo_cont__a3p00__mass_0p5__seed8__pid2230294,ppo_cont,Walker2d-v4,8,30,1,a3p00,mass_0p5,/home/users/am1015/rl_runs_walker_confirm_30seed_extra_caps_20260523/Walker2d-v4__ppo_alpha_a3p00__8__1779604229/ppo_alpha_a3p00.cleanrl_model,/home/users/am1015/rl_runs_walker_confirm_30seed_extra_caps_20260523/Walker2d-v4__ppo_alpha_a3p00__8__1779604229/ppo_alpha_a3p00.cleanrl_model.norm_stats.npz,1,1,1,0.0,0.0,0.0,0.0,1.0,0.5,,1.0,-1,,-1,,1.0,,1.0,1.0,2279.217623980107,863.4633677085899,1819.769782582182,1994.354170288517,1416.579675165517,4082.7213372689134,
1779640272,eval__Walker2d-v4__ppo_cont__a3p00__actuator_gain_0p5__seed9__pid227133,ppo_cont,Walker2d-v4,9,30,1,a3p00,actuator_gain_0p5,/home/users/am1015/rl_runs_walker_confirm_30seed_extra_caps_20260523/Walker2d-v4__ppo_alpha_a3p00__9__1779604230/ppo_alpha_a3p00.cleanrl_model,/home/users/am1015/rl_runs_walker_confirm_30seed_extra_caps_20260523/Walker2d-v4__ppo_alpha_a3p00__9__1779604230/ppo_alpha_a3p00.cleanrl_model.norm_stats.npz,1,1,1,0.0,0.0,0.0,0.0,1.0,1.0,,1.0,-1,,-1,,1.0,,0.5,1.0,345.9742404593158,225.28732925954893,272.2235335250217,277.02590478519267,227.35456079568695,1008.47992909099,
1779640247,eval__Walker2d-v4__ppo_cont__a3p00__mass_0p5__seed9__pid3269928,ppo_cont,Walker2d-v4,9,30,1,a3p00,mass_0p5,/home/users/am1015/rl_runs_walker_confirm_30seed_extra_caps_20260523/Walker2d-v4__ppo_alpha_a3p00__9__1779604230/ppo_alpha_a3p00.cleanrl_model,/home/users/am1015/rl_runs_walker_confirm_30seed_extra_caps_20260523/Walker2d-v4__ppo_alpha_a3p00__9__1779604230/ppo_alpha_a3p00.cleanrl_model.norm_stats.npz,1,1,1,0.0,0.0,0.0,0.0,1.0,0.5,,1.0,-1,,-1,,1.0,,1.0,1.0,711.3936115840746,201.4368312536883,739.9641574857511,708.7373440172688,440.5783774832823,1278.4982457703718,
1779640271,eval__Walker2d-v4__ppo_cont__a3p05__actuator_gain_0p5__seed10__pid2230432,ppo_cont,Walker2d-v4,10,30,1,a3p05,actuator_gain_0p5,/home/users/am1015/rl_runs_walker_confirm_30seed_extra_caps_20260523/Walker2d-v4__ppo_alpha_a3p05__10__1779604230/ppo_alpha_a3p05.cleanrl_model,/home/users/am1015/rl_runs_walker_confirm_30seed_extra_caps_20260523/Walker2d-v4__ppo_alpha_a3p05__10__1779604230/ppo_alpha_a3p05.cleanrl_model.norm_stats.npz,1,1,1,0.0,0.0,0.0,0.0,1.0,1.0,,1.0,-1,,-1,,1.0,,0.5,1.0,308.2004297690331,6.492060260460573,306.5268053268023,306.3229568932549,299.9061075125009,321.7986650385644,
1779640277,eval__Walker2d-v4__ppo_cont__a3p05__mass_0p5__seed10__pid2230447,ppo_cont,Walker2d-v4,10,30,1,a3p05,mass_0p5,/home/users/am1015/rl_runs_walker_confirm_30seed_extra_caps_20260523/Walker2d-v4__ppo_alpha_a3p05__10__1779604230/ppo_alpha_a3p05.cleanrl_model,/home/users/am1015/rl_runs_walker_confirm_30seed_extra_caps_20260523/Walker2d-v4__ppo_alpha_a3p05__10__1779604230/ppo_alpha_a3p05.cleanrl_model.norm_stats.npz,1,1,1,0.0,0.0,0.0,0.0,1.0,0.5,,1.0,-1,,-1,,1.0,,1.0,1.0,1518.158830486675,722.6031075617392,1159.926055481119,1253.7831868539365,495.8812767710239,3302.2754722237605,
1779640272,eval__Walker2d-v4__ppo_cont__a3p05__actuator_gain_0p5__seed11__pid3271090,ppo_cont,Walker2d-v4,11,30,1,a3p05,actuator_gain_0p5,/home/users/am1015/rl_runs_walker_confirm_30seed_extra_caps_20260523/Walker2d-v4__ppo_alpha_a3p05__11__1779604230/ppo_alpha_a3p05.cleanrl_model,/home/users/am1015/rl_runs_walker_confirm_30seed_extra_caps_20260523/Walker2d-v4__ppo_alpha_a3p05__11__1779604230/ppo_alpha_a3p05.cleanrl_model.norm_stats.npz,1,1,1,0.0,0.0,0.0,0.0,1.0,1.0,,1.0,-1,,-1,,1.0,,0.5,1.0,352.4687995493342,6.7842129760034,351.00457843195704,351.6097678438765,340.07032966670505,364.9500628719117,
1779640275,eval__Walker2d-v4__ppo_cont__a3p05__mass_0p5__seed11__pid3277978,ppo_cont,Walker2d-v4,11,30,1,a3p05,mass_0p5,/home/users/am1015/rl_runs_walker_confirm_30seed_extra_caps_20260523/Walker2d-v4__ppo_alpha_a3p05__11__1779604230/ppo_alpha_a3p05.cleanrl_model,/home/users/am1015/rl_runs_walker_confirm_30seed_extra_caps_20260523/Walker2d-v4__ppo_alpha_a3p05__11__1779604230/ppo_alpha_a3p05.cleanrl_model.norm_stats.npz,1,1,1,0.0,0.0,0.0,0.0,1.0,0.5,,1.0,-1,,-1,,1.0,,1.0,1.0,735.5873781532858,485.8054164306631,539.2212599480538,618.2221733112661,266.9554545664503,1913.4266690526952,
1779640302,eval__Walker2d-v4__ppo_cont__a3p05__actuator_gain_0p5__seed12__pid3278047,ppo_cont,Walker2d-v4,12,30,1,a3p05,actuator_gain_0p5,/home/users/am1015/rl_runs_walker_confirm_30seed_extra_caps_20260523/Walker2d-v4__ppo_alpha_a3p05__12__1779604230/ppo_alpha_a3p05.cleanrl_model,/home/users/am1015/rl_runs_walker_confirm_30seed_extra_caps_20260523/Walker2d-v4__ppo_alpha_a3p05__12__1779604230/ppo_alpha_a3p05.cleanrl_model.norm_stats.npz,1,1,1,0.0,0.0,0.0,0.0,1.0,1.0,,1.0,-1,,-1,,1.0,,0.5,1.0,329.7109132482922,5.608785312215542,330.57313514966086,330.6128463543126,319.3112030154635,339.1331540365805,
1779640303,eval__Walker2d-v4__ppo_cont__a3p05__mass_0p5__seed12__pid2230567,ppo_cont,Walker2d-v4,12,30,1,a3p05,mass_0p5,/home/users/am1015/rl_runs_walker_confirm_30seed_extra_caps_20260523/Walker2d-v4__ppo_alpha_a3p05__12__1779604230/ppo_alpha_a3p05.cleanrl_model,/home/users/am1015/rl_runs_walker_confirm_30seed_extra_caps_20260523/Walker2d-v4__ppo_alpha_a3p05__12__1779604230/ppo_alpha_a3p05.cleanrl_model.norm_stats.npz,1,1,1,0.0,0.0,0.0,0.0,1.0,0.5,,1.0,-1,,-1,,1.0,,1.0,1.0,341.97250705502466,67.80067949426348,346.4950476209798,337.74471225132254,257.68711917508205,576.7644366274002,
1779640331,eval__Walker2d-v4__ppo_cont__a3p05__actuator_gain_0p5__seed13__pid227269,ppo_cont,Walker2d-v4,13,30,1,a3p05,actuator_gain_0p5,/home/users/am1015/rl_runs_walker_confirm_30seed_extra_caps_20260523/Walker2d-v4__ppo_alpha_a3p05__13__1779604230/ppo_alpha_a3p05.cleanrl_model,/home/users/am1015/rl_runs_walker_confirm_30seed_extra_caps_20260523/Walker2d-v4__ppo_alpha_a3p05__13__1779604230/ppo_alpha_a3p05.cleanrl_model.norm_stats.npz,1,1,1,0.0,0.0,0.0,0.0,1.0,1.0,,1.0,-1,,-1,,1.0,,0.5,1.0,245.14608786777632,2.1872042229515065,244.7743860950396,245.119216783568,240.8015165241561,249.356154353244,
1779640306,eval__Walker2d-v4__ppo_cont__a3p05__mass_0p5__seed13__pid3272533,ppo_cont,Walker2d-v4,13,30,1,a3p05,mass_0p5,/home/users/am1015/rl_runs_walker_confirm_30seed_extra_caps_20260523/Walker2d-v4__ppo_alpha_a3p05__13__1779604230/ppo_alpha_a3p05.cleanrl_model,/home/users/am1015/rl_runs_walker_confirm_30seed_extra_caps_20260523/Walker2d-v4__ppo_alpha_a3p05__13__1779604230/ppo_alpha_a3p05.cleanrl_model.norm_stats.npz,1,1,1,0.0,0.0,0.0,0.0,1.0,0.5,,1.0,-1,,-1,,1.0,,1.0,1.0,528.3295569041821,390.25571859725176,498.7358137985154,448.58073730334473,130.13849034134793,1392.7125309037506,
1779640331,eval__Walker2d-v4__ppo_cont__a3p05__actuator_gain_0p5__seed14__pid2230714,ppo_cont,Walker2d-v4,14,30,1,a3p05,actuator_gain_0p5,/home/users/am1015/rl_runs_walker_confirm_30seed_extra_caps_20260523/Walker2d-v4__ppo_alpha_a3p05__14__1779604231/ppo_alpha_a3p05.cleanrl_model,/home/users/am1015/rl_runs_walker_confirm_30seed_extra_caps_20260523/Walker2d-v4__ppo_alpha_a3p05__14__1779604231/ppo_alpha_a3p05.cleanrl_model.norm_stats.npz,1,1,1,0.0,0.0,0.0,0.0,1.0,1.0,,1.0,-1,,-1,,1.0,,0.5,1.0,266.1346064533913,11.257711494416412,269.7218122524862,267.7432233477065,243.9142178388632,282.75752764602686,
1779640339,eval__Walker2d-v4__ppo_cont__a3p05__mass_0p5__seed14__pid2230698,ppo_cont,Walker2d-v4,14,30,1,a3p05,mass_0p5,/home/users/am1015/rl_runs_walker_confirm_30seed_extra_caps_20260523/Walker2d-v4__ppo_alpha_a3p05__14__1779604231/ppo_alpha_a3p05.cleanrl_model,/home/users/am1015/rl_runs_walker_confirm_30seed_extra_caps_20260523/Walker2d-v4__ppo_alpha_a3p05__14__1779604231/ppo_alpha_a3p05.cleanrl_model.norm_stats.npz,1,1,1,0.0,0.0,0.0,0.0,1.0,0.5,,1.0,-1,,-1,,1.0,,1.0,1.0,2122.9524160585884,1213.0553570729855,1813.4151886189889,1889.3043535550264,507.617512039396,4596.401903532316,
1779640331,eval__Walker2d-v4__ppo_cont__a3p05__actuator_gain_0p5__seed15__pid3273819,ppo_cont,Walker2d-v4,15,30,1,a3p05,actuator_gain_0p5,/home/users/am1015/rl_runs_walker_confirm_30seed_extra_caps_20260523/Walker2d-v4__ppo_alpha_a3p05__15__1779604231/ppo_alpha_a3p05.cleanrl_model,/home/users/am1015/rl_runs_walker_confirm_30seed_extra_caps_20260523/Walker2d-v4__ppo_alpha_a3p05__15__1779604231/ppo_alpha_a3p05.cleanrl_model.norm_stats.npz,1,1,1,0.0,0.0,0.0,0.0,1.0,1.0,,1.0,-1,,-1,,1.0,,0.5,1.0,354.5605862787976,4.843150584272995,353.256618890078,353.5355073468922,348.71894522092674,372.3002516303689,
1779640332,eval__Walker2d-v4__ppo_cont__a3p05__mass_0p5__seed15__pid3278115,ppo_cont,Walker2d-v4,15,30,1,a3p05,mass_0p5,/home/users/am1015/rl_runs_walker_confirm_30seed_extra_caps_20260523/Walker2d-v4__ppo_alpha_a3p05__15__1779604231/ppo_alpha_a3p05.cleanrl_model,/home/users/am1015/rl_runs_walker_confirm_30seed_extra_caps_20260523/Walker2d-v4__ppo_alpha_a3p05__15__1779604231/ppo_alpha_a3p05.cleanrl_model.norm_stats.npz,1,1,1,0.0,0.0,0.0,0.0,1.0,0.5,,1.0,-1,,-1,,1.0,,1.0,1.0,486.4584680279655,25.16836385712187,481.6428187805111,483.9182205737831,439.3713744770011,536.1311059112342,
1779640362,eval__Walker2d-v4__ppo_cont__a3p05__actuator_gain_0p5__seed16__pid2230845,ppo_cont,Walker2d-v4,16,30,1,a3p05,actuator_gain_0p5,/home/users/am1015/rl_runs_walker_confirm_30seed_extra_caps_20260523/Walker2d-v4__ppo_alpha_a3p05__16__1779604231/ppo_alpha_a3p05.cleanrl_model,/home/users/am1015/rl_runs_walker_confirm_30seed_extra_caps_20260523/Walker2d-v4__ppo_alpha_a3p05__16__1779604231/ppo_alpha_a3p05.cleanrl_model.norm_stats.npz,1,1,1,0.0,0.0,0.0,0.0,1.0,1.0,,1.0,-1,,-1,,1.0,,0.5,1.0,271.1459794384097,2.241762548512896,271.24553031324,271.23341919547545,266.49809919680393,274.8993787166757,
1779640363,eval__Walker2d-v4__ppo_cont__a3p05__mass_0p5__seed16__pid227342,ppo_cont,Walker2d-v4,16,30,1,a3p05,mass_0p5,/home/users/am1015/rl_runs_walker_confirm_30seed_extra_caps_20260523/Walker2d-v4__ppo_alpha_a3p05__16__1779604231/ppo_alpha_a3p05.cleanrl_model,/home/users/am1015/rl_runs_walker_confirm_30seed_extra_caps_20260523/Walker2d-v4__ppo_alpha_a3p05__16__1779604231/ppo_alpha_a3p05.cleanrl_model.norm_stats.npz,1,1,1,0.0,0.0,0.0,0.0,1.0,0.5,,1.0,-1,,-1,,1.0,,1.0,1.0,580.9697179223532,198.6178815651021,536.7720006976624,536.5333342706034,463.9122850204076,1568.4395916488866,
1779640363,eval__Walker2d-v4__ppo_cont__a3p05__actuator_gain_0p5__seed17__pid3278186,ppo_cont,Walker2d-v4,17,30,1,a3p05,actuator_gain_0p5,/home/users/am1015/rl_runs_walker_confirm_30seed_extra_caps_20260523/Walker2d-v4__ppo_alpha_a3p05__17__1779604231/ppo_alpha_a3p05.cleanrl_model,/home/users/am1015/rl_runs_walker_confirm_30seed_extra_caps_20260523/Walker2d-v4__ppo_alpha_a3p05__17__1779604231/ppo_alpha_a3p05.cleanrl_model.norm_stats.npz,1,1,1,0.0,0.0,0.0,0.0,1.0,1.0,,1.0,-1,,-1,,1.0,,0.5,1.0,329.8811334843261,16.59110725341648,333.6647319322664,333.31915190914066,281.5787412603819,353.4605534544316,
1779640365,eval__Walker2d-v4__ppo_cont__a3p05__mass_0p5__seed17__pid2230830,ppo_cont,Walker2d-v4,17,30,1,a3p05,mass_0p5,/home/users/am1015/rl_runs_walker_confirm_30seed_extra_caps_20260523/Walker2d-v4__ppo_alpha_a3p05__17__1779604231/ppo_alpha_a3p05.cleanrl_model,/home/users/am1015/rl_runs_walker_confirm_30seed_extra_caps_20260523/Walker2d-v4__ppo_alpha_a3p05__17__1779604231/ppo_alpha_a3p05.cleanrl_model.norm_stats.npz,1,1,1,0.0,0.0,0.0,0.0,1.0,0.5,,1.0,-1,,-1,,1.0,,1.0,1.0,785.240688201886,264.3244557099007,786.45243800193,790.1481345576743,256.3474063031724,1512.5470228493436,
1779640393,eval__Walker2d-v4__ppo_cont__a3p05__actuator_gain_0p5__seed18__pid227409,ppo_cont,Walker2d-v4,18,30,1,a3p05,actuator_gain_0p5,/home/users/am1015/rl_runs_walker_confirm_30seed_extra_caps_20260523/Walker2d-v4__ppo_alpha_a3p05__18__1779604231/ppo_alpha_a3p05.cleanrl_model,/home/users/am1015/rl_runs_walker_confirm_30seed_extra_caps_20260523/Walker2d-v4__ppo_alpha_a3p05__18__1779604231/ppo_alpha_a3p05.cleanrl_model.norm_stats.npz,1,1,1,0.0,0.0,0.0,0.0,1.0,1.0,,1.0,-1,,-1,,1.0,,0.5,1.0,345.79832819966185,3.2264039331760146,345.6766178073567,345.496111825223,340.2148160293844,353.44160101626625,
1779640364,eval__Walker2d-v4__ppo_cont__a3p05__mass_0p5__seed18__pid3275236,ppo_cont,Walker2d-v4,18,30,1,a3p05,mass_0p5,/home/users/am1015/rl_runs_walker_confirm_30seed_extra_caps_20260523/Walker2d-v4__ppo_alpha_a3p05__18__1779604231/ppo_alpha_a3p05.cleanrl_model,/home/users/am1015/rl_runs_walker_confirm_30seed_extra_caps_20260523/Walker2d-v4__ppo_alpha_a3p05__18__1779604231/ppo_alpha_a3p05.cleanrl_model.norm_stats.npz,1,1,1,0.0,0.0,0.0,0.0,1.0,0.5,,1.0,-1,,-1,,1.0,,1.0,1.0,430.4156881728881,160.93238817390366,372.0658273962689,388.921489269758,255.3420033809305,856.7586753977957,
1779640391,eval__Walker2d-v4__ppo_cont__a3p05__actuator_gain_0p5__seed19__pid2230978,ppo_cont,Walker2d-v4,19,30,1,a3p05,actuator_gain_0p5,/home/users/am1015/rl_runs_walker_confirm_30seed_extra_caps_20260523/Walker2d-v4__ppo_alpha_a3p05__19__1779604231/ppo_alpha_a3p05.cleanrl_model,/home/users/am1015/rl_runs_walker_confirm_30seed_extra_caps_20260523/Walker2d-v4__ppo_alpha_a3p05__19__1779604231/ppo_alpha_a3p05.cleanrl_model.norm_stats.npz,1,1,1,0.0,0.0,0.0,0.0,1.0,1.0,,1.0,-1,,-1,,1.0,,0.5,1.0,239.79511642262923,3.5702527254477143,239.5427847712905,239.17662699596093,233.5773750685094,246.96413918554163,
1779640395,eval__Walker2d-v4__ppo_cont__a3p05__mass_0p5__seed19__pid2230963,ppo_cont,Walker2d-v4,19,30,1,a3p05,mass_0p5,/home/users/am1015/rl_runs_walker_confirm_30seed_extra_caps_20260523/Walker2d-v4__ppo_alpha_a3p05__19__1779604231/ppo_alpha_a3p05.cleanrl_model,/home/users/am1015/rl_runs_walker_confirm_30seed_extra_caps_20260523/Walker2d-v4__ppo_alpha_a3p05__19__1779604231/ppo_alpha_a3p05.cleanrl_model.norm_stats.npz,1,1,1,0.0,0.0,0.0,0.0,1.0,0.5,,1.0,-1,,-1,,1.0,,1.0,1.0,875.4755856286903,390.9415516220593,742.3009843316459,750.956350337117,526.8251019197146,2305.6217746390184,
1779640304,eval__Walker2d-v4__ppo_cont__a3p05__actuator_gain_0p5__seed1__pid2230582,ppo_cont,Walker2d-v4,1,30,1,a3p05,actuator_gain_0p5,/home/users/am1015/rl_runs_walker_confirm_30seed_extra_caps_20260523/Walker2d-v4__ppo_alpha_a3p05__1__1779604232/ppo_alpha_a3p05.cleanrl_model,/home/users/am1015/rl_runs_walker_confirm_30seed_extra_caps_20260523/Walker2d-v4__ppo_alpha_a3p05__1__1779604232/ppo_alpha_a3p05.cleanrl_model.norm_stats.npz,1,1,1,0.0,0.0,0.0,0.0,1.0,1.0,,1.0,-1,,-1,,1.0,,0.5,1.0,350.8892919164429,3.8240970207287033,350.43064670199243,350.97570596003254,337.31907224087524,356.90101878278256,
1779640305,eval__Walker2d-v4__ppo_cont__a3p05__mass_0p5__seed1__pid227202,ppo_cont,Walker2d-v4,1,30,1,a3p05,mass_0p5,/home/users/am1015/rl_runs_walker_confirm_30seed_extra_caps_20260523/Walker2d-v4__ppo_alpha_a3p05__1__1779604232/ppo_alpha_a3p05.cleanrl_model,/home/users/am1015/rl_runs_walker_confirm_30seed_extra_caps_20260523/Walker2d-v4__ppo_alpha_a3p05__1__1779604232/ppo_alpha_a3p05.cleanrl_model.norm_stats.npz,1,1,1,0.0,0.0,0.0,0.0,1.0,0.5,,1.0,-1,,-1,,1.0,,1.0,1.0,482.633689858404,19.79114954954841,486.9382665595418,486.0177977333266,410.5229794637981,509.8631818780223,
1779640394,eval__Walker2d-v4__ppo_cont__a3p05__actuator_gain_0p5__seed20__pid3276413,ppo_cont,Walker2d-v4,20,30,1,a3p05,actuator_gain_0p5,/home/users/am1015/rl_runs_walker_confirm_30seed_extra_caps_20260523/Walker2d-v4__ppo_alpha_a3p05__20__1779604231/ppo_alpha_a3p05.cleanrl_model,/home/users/am1015/rl_runs_walker_confirm_30seed_extra_caps_20260523/Walker2d-v4__ppo_alpha_a3p05__20__1779604231/ppo_alpha_a3p05.cleanrl_model.norm_stats.npz,1,1,1,0.0,0.0,0.0,0.0,1.0,1.0,,1.0,-1,,-1,,1.0,,0.5,1.0,336.32208701680685,2.9175354443265578,336.6453912244134,336.5314455481851,330.55695170282246,342.39471347782154,
1779640393,eval__Walker2d-v4__ppo_cont__a3p05__mass_0p5__seed20__pid3278254,ppo_cont,Walker2d-v4,20,30,1,a3p05,mass_0p5,/home/users/am1015/rl_runs_walker_confirm_30seed_extra_caps_20260523/Walker2d-v4__ppo_alpha_a3p05__20__1779604231/ppo_alpha_a3p05.cleanrl_model,/home/users/am1015/rl_runs_walker_confirm_30seed_extra_caps_20260523/Walker2d-v4__ppo_alpha_a3p05__20__1779604231/ppo_alpha_a3p05.cleanrl_model.norm_stats.npz,1,1,1,0.0,0.0,0.0,0.0,1.0,0.5,,1.0,-1,,-1,,1.0,,1.0,1.0,824.2321336083304,704.4068783944499,539.0933950953838,556.4774448944111,429.7090534003434,3289.9672540994297,
1779640423,eval__Walker2d-v4__ppo_cont__a3p05__actuator_gain_0p5__seed21__pid2231115,ppo_cont,Walker2d-v4,21,30,1,a3p05,actuator_gain_0p5,/home/users/am1015/rl_runs_walker_confirm_30seed_extra_caps_20260523/Walker2d-v4__ppo_alpha_a3p05__21__1779608547/ppo_alpha_a3p05.cleanrl_model,/home/users/am1015/rl_runs_walker_confirm_30seed_extra_caps_20260523/Walker2d-v4__ppo_alpha_a3p05__21__1779608547/ppo_alpha_a3p05.cleanrl_model.norm_stats.npz,1,1,1,0.0,0.0,0.0,0.0,1.0,1.0,,1.0,-1,,-1,,1.0,,0.5,1.0,312.89303554485826,7.614451994586015,312.27595984206573,311.9306757940995,303.28858996869155,338.92633972253554,
1779640427,eval__Walker2d-v4__ppo_cont__a3p05__mass_0p5__seed21__pid227479,ppo_cont,Walker2d-v4,21,30,1,a3p05,mass_0p5,/home/users/am1015/rl_runs_walker_confirm_30seed_extra_caps_20260523/Walker2d-v4__ppo_alpha_a3p05__21__1779608547/ppo_alpha_a3p05.cleanrl_model,/home/users/am1015/rl_runs_walker_confirm_30seed_extra_caps_20260523/Walker2d-v4__ppo_alpha_a3p05__21__1779608547/ppo_alpha_a3p05.cleanrl_model.norm_stats.npz,1,1,1,0.0,0.0,0.0,0.0,1.0,0.5,,1.0,-1,,-1,,1.0,,1.0,1.0,1003.8987797280776,647.4584620203369,878.3537854270162,814.9578887354553,352.9576299112986,3201.968544802517,
1779640450,eval__Walker2d-v4__ppo_cont__a3p05__actuator_gain_0p5__seed22__pid227547,ppo_cont,Walker2d-v4,22,30,1,a3p05,actuator_gain_0p5,/home/users/am1015/rl_runs_walker_confirm_30seed_extra_caps_20260523/Walker2d-v4__ppo_alpha_a3p05__22__1779608608/ppo_alpha_a3p05.cleanrl_model,/home/users/am1015/rl_runs_walker_confirm_30seed_extra_caps_20260523/Walker2d-v4__ppo_alpha_a3p05__22__1779608608/ppo_alpha_a3p05.cleanrl_model.norm_stats.npz,1,1,1,0.0,0.0,0.0,0.0,1.0,1.0,,1.0,-1,,-1,,1.0,,0.5,1.0,351.5516107965315,14.827790125850145,350.1894195305599,350.8579904209966,328.61711852625166,378.7209013166861,
1779640424,eval__Walker2d-v4__ppo_cont__a3p05__mass_0p5__seed22__pid3277778,ppo_cont,Walker2d-v4,22,30,1,a3p05,mass_0p5,/home/users/am1015/rl_runs_walker_confirm_30seed_extra_caps_20260523/Walker2d-v4__ppo_alpha_a3p05__22__1779608608/ppo_alpha_a3p05.cleanrl_model,/home/users/am1015/rl_runs_walker_confirm_30seed_extra_caps_20260523/Walker2d-v4__ppo_alpha_a3p05__22__1779608608/ppo_alpha_a3p05.cleanrl_model.norm_stats.npz,1,1,1,0.0,0.0,0.0,0.0,1.0,0.5,,1.0,-1,,-1,,1.0,,1.0,1.0,369.4860905907173,76.74587063425213,367.2596485646269,365.1026950767209,211.7429757443162,630.2499272091557,
1779640451,eval__Walker2d-v4__ppo_cont__a3p05__actuator_gain_0p5__seed23__pid2231246,ppo_cont,Walker2d-v4,23,30,1,a3p05,actuator_gain_0p5,/home/users/am1015/rl_runs_walker_confirm_30seed_extra_caps_20260523/Walker2d-v4__ppo_alpha_a3p05__23__1779609208/ppo_alpha_a3p05.cleanrl_model,/home/users/am1015/rl_runs_walker_confirm_30seed_extra_caps_20260523/Walker2d-v4__ppo_alpha_a3p05__23__1779609208/ppo_alpha_a3p05.cleanrl_model.norm_stats.npz,1,1,1,0.0,0.0,0.0,0.0,1.0,1.0,,1.0,-1,,-1,,1.0,,0.5,1.0,345.78552522051905,3.019626326015788,345.1394419138147,345.24326018033395,340.9008960212332,351.73841297575973,
1779640453,eval__Walker2d-v4__ppo_cont__a3p05__mass_0p5__seed23__pid2231231,ppo_cont,Walker2d-v4,23,30,1,a3p05,mass_0p5,/home/users/am1015/rl_runs_walker_confirm_30seed_extra_caps_20260523/Walker2d-v4__ppo_alpha_a3p05__23__1779609208/ppo_alpha_a3p05.cleanrl_model,/home/users/am1015/rl_runs_walker_confirm_30seed_extra_caps_20260523/Walker2d-v4__ppo_alpha_a3p05__23__1779609208/ppo_alpha_a3p05.cleanrl_model.norm_stats.npz,1,1,1,0.0,0.0,0.0,0.0,1.0,0.5,,1.0,-1,,-1,,1.0,,1.0,1.0,646.0184252194006,508.198158944548,511.7959126315269,512.1693047398461,431.8457189253522,2548.8830979811733,
1779640451,eval__Walker2d-v4__ppo_cont__a3p05__actuator_gain_0p5__seed24__pid3279012,ppo_cont,Walker2d-v4,24,30,1,a3p05,actuator_gain_0p5,/home/users/am1015/rl_runs_walker_confirm_30seed_extra_caps_20260523/Walker2d-v4__ppo_alpha_a3p05__24__1779609238/ppo_alpha_a3p05.cleanrl_model,/home/users/am1015/rl_runs_walker_confirm_30seed_extra_caps_20260523/Walker2d-v4__ppo_alpha_a3p05__24__1779609238/ppo_alpha_a3p05.cleanrl_model.norm_stats.npz,1,1,1,0.0,0.0,0.0,0.0,1.0,1.0,,1.0,-1,,-1,,1.0,,0.5,1.0,357.7874377820996,8.482876734039381,358.13715643712413,358.9699861673328,331.98723610063155,373.4117135612684,
1779640465,eval__Walker2d-v4__ppo_cont__a3p05__mass_0p5__seed24__pid3278395,ppo_cont,Walker2d-v4,24,30,1,a3p05,mass_0p5,/home/users/am1015/rl_runs_walker_confirm_30seed_extra_caps_20260523/Walker2d-v4__ppo_alpha_a3p05__24__1779609238/ppo_alpha_a3p05.cleanrl_model,/home/users/am1015/rl_runs_walker_confirm_30seed_extra_caps_20260523/Walker2d-v4__ppo_alpha_a3p05__24__1779609238/ppo_alpha_a3p05.cleanrl_model.norm_stats.npz,1,1,1,0.0,0.0,0.0,0.0,1.0,0.5,,1.0,-1,,-1,,1.0,,1.0,1.0,2280.881661434235,891.3581664879305,2724.61579059088,2629.5229054938764,349.35048837073515,3220.866175514943,
1779640485,eval__Walker2d-v4__ppo_cont__a3p05__actuator_gain_0p5__seed25__pid2231382,ppo_cont,Walker2d-v4,25,30,1,a3p05,actuator_gain_0p5,/home/users/am1015/rl_runs_walker_confirm_30seed_extra_caps_20260523/Walker2d-v4__ppo_alpha_a3p05__25__1779609238/ppo_alpha_a3p05.cleanrl_model,/home/users/am1015/rl_runs_walker_confirm_30seed_extra_caps_20260523/Walker2d-v4__ppo_alpha_a3p05__25__1779609238/ppo_alpha_a3p05.cleanrl_model.norm_stats.npz,1,1,1,0.0,0.0,0.0,0.0,1.0,1.0,,1.0,-1,,-1,,1.0,,0.5,1.0,418.5772479656471,48.41961663858167,426.22472530708114,421.9515337658588,218.97165902899604,487.5798743104282,
1779640489,eval__Walker2d-v4__ppo_cont__a3p05__mass_0p5__seed25__pid227617,ppo_cont,Walker2d-v4,25,30,1,a3p05,mass_0p5,/home/users/am1015/rl_runs_walker_confirm_30seed_extra_caps_20260523/Walker2d-v4__ppo_alpha_a3p05__25__1779609238/ppo_alpha_a3p05.cleanrl_model,/home/users/am1015/rl_runs_walker_confirm_30seed_extra_caps_20260523/Walker2d-v4__ppo_alpha_a3p05__25__1779609238/ppo_alpha_a3p05.cleanrl_model.norm_stats.npz,1,1,1,0.0,0.0,0.0,0.0,1.0,0.5,,1.0,-1,,-1,,1.0,,1.0,1.0,1040.4320304942464,636.419899652868,952.1206871322804,941.771494533429,257.8402202509416,2587.832627788626,
1779640485,eval__Walker2d-v4__ppo_cont__a3p05__actuator_gain_0p5__seed26__pid3278464,ppo_cont,Walker2d-v4,26,30,1,a3p05,actuator_gain_0p5,/home/users/am1015/rl_runs_walker_confirm_30seed_extra_caps_20260523/Walker2d-v4__ppo_alpha_a3p05__26__1779609267/ppo_alpha_a3p05.cleanrl_model,/home/users/am1015/rl_runs_walker_confirm_30seed_extra_caps_20260523/Walker2d-v4__ppo_alpha_a3p05__26__1779609267/ppo_alpha_a3p05.cleanrl_model.norm_stats.npz,1,1,1,0.0,0.0,0.0,0.0,1.0,1.0,,1.0,-1,,-1,,1.0,,0.5,1.0,355.90460384135406,3.5398855989410323,356.1005925118618,355.680376469758,349.6232066100277,363.6086537116798,
1779640498,eval__Walker2d-v4__ppo_cont__a3p05__mass_0p5__seed26__pid2231354,ppo_cont,Walker2d-v4,26,30,1,a3p05,mass_0p5,/home/users/am1015/rl_runs_walker_confirm_30seed_extra_caps_20260523/Walker2d-v4__ppo_alpha_a3p05__26__1779609267/ppo_alpha_a3p05.cleanrl_model,/home/users/am1015/rl_runs_walker_confirm_30seed_extra_caps_20260523/Walker2d-v4__ppo_alpha_a3p05__26__1779609267/ppo_alpha_a3p05.cleanrl_model.norm_stats.npz,1,1,1,0.0,0.0,0.0,0.0,1.0,0.5,,1.0,-1,,-1,,1.0,,1.0,1.0,3423.494273291339,1044.1348755213376,4019.8948918846336,3774.801956706051,1466.9278256612924,4502.495321075949,
1779640511,eval__Walker2d-v4__ppo_cont__a3p05__actuator_gain_0p5__seed27__pid227689,ppo_cont,Walker2d-v4,27,30,1,a3p05,actuator_gain_0p5,/home/users/am1015/rl_runs_walker_confirm_30seed_extra_caps_20260523/Walker2d-v4__ppo_alpha_a3p05__27__1779609268/ppo_alpha_a3p05.cleanrl_model,/home/users/am1015/rl_runs_walker_confirm_30seed_extra_caps_20260523/Walker2d-v4__ppo_alpha_a3p05__27__1779609268/ppo_alpha_a3p05.cleanrl_model.norm_stats.npz,1,1,1,0.0,0.0,0.0,0.0,1.0,1.0,,1.0,-1,,-1,,1.0,,0.5,1.0,352.21612140014616,9.00278044951759,350.2480228675303,350.32225702865384,339.7885447343229,379.4182451676786,
1779640485,eval__Walker2d-v4__ppo_cont__a3p05__mass_0p5__seed27__pid3280447,ppo_cont,Walker2d-v4,27,30,1,a3p05,mass_0p5,/home/users/am1015/rl_runs_walker_confirm_30seed_extra_caps_20260523/Walker2d-v4__ppo_alpha_a3p05__27__1779609268/ppo_alpha_a3p05.cleanrl_model,/home/users/am1015/rl_runs_walker_confirm_30seed_extra_caps_20260523/Walker2d-v4__ppo_alpha_a3p05__27__1779609268/ppo_alpha_a3p05.cleanrl_model.norm_stats.npz,1,1,1,0.0,0.0,0.0,0.0,1.0,0.5,,1.0,-1,,-1,,1.0,,1.0,1.0,349.337051872239,140.8225344643214,342.7259517289451,339.9451551237598,136.32852718146518,920.1755728024642,
1779640510,eval__Walker2d-v4__ppo_cont__a3p05__actuator_gain_0p5__seed28__pid2231499,ppo_cont,Walker2d-v4,28,30,1,a3p05,actuator_gain_0p5,/home/users/am1015/rl_runs_walker_confirm_30seed_extra_caps_20260523/Walker2d-v4__ppo_alpha_a3p05__28__1779609269/ppo_alpha_a3p05.cleanrl_model,/home/users/am1015/rl_runs_walker_confirm_30seed_extra_caps_20260523/Walker2d-v4__ppo_alpha_a3p05__28__1779609269/ppo_alpha_a3p05.cleanrl_model.norm_stats.npz,1,1,1,0.0,0.0,0.0,0.0,1.0,1.0,,1.0,-1,,-1,,1.0,,0.5,1.0,279.779919021564,1.884976582866772,279.60671597527505,279.7616504410903,276.1788922039859,283.453236284421,
1779640517,eval__Walker2d-v4__ppo_cont__a3p05__mass_0p5__seed28__pid2231514,ppo_cont,Walker2d-v4,28,30,1,a3p05,mass_0p5,/home/users/am1015/rl_runs_walker_confirm_30seed_extra_caps_20260523/Walker2d-v4__ppo_alpha_a3p05__28__1779609269/ppo_alpha_a3p05.cleanrl_model,/home/users/am1015/rl_runs_walker_confirm_30seed_extra_caps_20260523/Walker2d-v4__ppo_alpha_a3p05__28__1779609269/ppo_alpha_a3p05.cleanrl_model.norm_stats.npz,1,1,1,0.0,0.0,0.0,0.0,1.0,0.5,,1.0,-1,,-1,,1.0,,1.0,1.0,777.0192266186073,795.0724112208899,505.2955858953332,568.1483589793545,59.49776885978399,3309.609645119329,
1779640511,eval__Walker2d-v4__ppo_cont__a3p05__actuator_gain_0p5__seed29__pid3281679,ppo_cont,Walker2d-v4,29,30,1,a3p05,actuator_gain_0p5,/home/users/am1015/rl_runs_walker_confirm_30seed_extra_caps_20260523/Walker2d-v4__ppo_alpha_a3p05__29__1779609298/ppo_alpha_a3p05.cleanrl_model,/home/users/am1015/rl_runs_walker_confirm_30seed_extra_caps_20260523/Walker2d-v4__ppo_alpha_a3p05__29__1779609298/ppo_alpha_a3p05.cleanrl_model.norm_stats.npz,1,1,1,0.0,0.0,0.0,0.0,1.0,1.0,,1.0,-1,,-1,,1.0,,0.5,1.0,227.8205334332692,2.6831029104821664,227.7617659600728,227.91871597954813,221.0118222066048,234.68748074345248,
1779640515,eval__Walker2d-v4__ppo_cont__a3p05__mass_0p5__seed29__pid3278536,ppo_cont,Walker2d-v4,29,30,1,a3p05,mass_0p5,/home/users/am1015/rl_runs_walker_confirm_30seed_extra_caps_20260523/Walker2d-v4__ppo_alpha_a3p05__29__1779609298/ppo_alpha_a3p05.cleanrl_model,/home/users/am1015/rl_runs_walker_confirm_30seed_extra_caps_20260523/Walker2d-v4__ppo_alpha_a3p05__29__1779609298/ppo_alpha_a3p05.cleanrl_model.norm_stats.npz,1,1,1,0.0,0.0,0.0,0.0,1.0,0.5,,1.0,-1,,-1,,1.0,,1.0,1.0,1213.9503458287904,391.4547781964458,1006.067025240327,1042.664239732295,944.4540537562126,2688.6449498052966,
1779640423,eval__Walker2d-v4__ppo_cont__a3p05__actuator_gain_0p5__seed2__pid3278327,ppo_cont,Walker2d-v4,2,30,1,a3p05,actuator_gain_0p5,/home/users/am1015/rl_runs_walker_confirm_30seed_extra_caps_20260523/Walker2d-v4__ppo_alpha_a3p05__2__1779604230/ppo_alpha_a3p05.cleanrl_model,/home/users/am1015/rl_runs_walker_confirm_30seed_extra_caps_20260523/Walker2d-v4__ppo_alpha_a3p05__2__1779604230/ppo_alpha_a3p05.cleanrl_model.norm_stats.npz,1,1,1,0.0,0.0,0.0,0.0,1.0,1.0,,1.0,-1,,-1,,1.0,,0.5,1.0,233.56688542185316,3.6271852078360665,234.3331874804054,234.16382646132465,224.8073453479762,240.7616471580419,
1779640423,eval__Walker2d-v4__ppo_cont__a3p05__mass_0p5__seed2__pid2231096,ppo_cont,Walker2d-v4,2,30,1,a3p05,mass_0p5,/home/users/am1015/rl_runs_walker_confirm_30seed_extra_caps_20260523/Walker2d-v4__ppo_alpha_a3p05__2__1779604230/ppo_alpha_a3p05.cleanrl_model,/home/users/am1015/rl_runs_walker_confirm_30seed_extra_caps_20260523/Walker2d-v4__ppo_alpha_a3p05__2__1779604230/ppo_alpha_a3p05.cleanrl_model.norm_stats.npz,1,1,1,0.0,0.0,0.0,0.0,1.0,0.5,,1.0,-1,,-1,,1.0,,1.0,1.0,426.6651277384868,20.18102942688632,426.01952993298886,426.8027751409896,384.5010147031635,455.4491765838432,
1779640542,eval__Walker2d-v4__ppo_cont__a3p05__actuator_gain_0p5__seed30__pid2231634,ppo_cont,Walker2d-v4,30,30,1,a3p05,actuator_gain_0p5,/home/users/am1015/rl_runs_walker_confirm_30seed_extra_caps_20260523/Walker2d-v4__ppo_alpha_a3p05__30__1779609298/ppo_alpha_a3p05.cleanrl_model,/home/users/am1015/rl_runs_walker_confirm_30seed_extra_caps_20260523/Walker2d-v4__ppo_alpha_a3p05__30__1779609298/ppo_alpha_a3p05.cleanrl_model.norm_stats.npz,1,1,1,0.0,0.0,0.0,0.0,1.0,1.0,,1.0,-1,,-1,,1.0,,0.5,1.0,223.9244943604909,5.140197790084554,223.6355188081663,223.86137249600543,213.5306856447212,235.7530479595058,
1779640549,eval__Walker2d-v4__ppo_cont__a3p05__mass_0p5__seed30__pid227758,ppo_cont,Walker2d-v4,30,30,1,a3p05,mass_0p5,/home/users/am1015/rl_runs_walker_confirm_30seed_extra_caps_20260523/Walker2d-v4__ppo_alpha_a3p05__30__1779609298/ppo_alpha_a3p05.cleanrl_model,/home/users/am1015/rl_runs_walker_confirm_30seed_extra_caps_20260523/Walker2d-v4__ppo_alpha_a3p05__30__1779609298/ppo_alpha_a3p05.cleanrl_model.norm_stats.npz,1,1,1,0.0,0.0,0.0,0.0,1.0,0.5,,1.0,-1,,-1,,1.0,,1.0,1.0,1756.22925539241,602.5926196050483,1563.0783226294884,1603.3671063154875,1123.282975024405,4053.216161819319,
1779640543,eval__Walker2d-v4__ppo_cont__a3p05__actuator_gain_0p5__seed3__pid3278605,ppo_cont,Walker2d-v4,3,30,1,a3p05,actuator_gain_0p5,/home/users/am1015/rl_runs_walker_confirm_30seed_extra_caps_20260523/Walker2d-v4__ppo_alpha_a3p05__3__1779604230/ppo_alpha_a3p05.cleanrl_model,/home/users/am1015/rl_runs_walker_confirm_30seed_extra_caps_20260523/Walker2d-v4__ppo_alpha_a3p05__3__1779604230/ppo_alpha_a3p05.cleanrl_model.norm_stats.npz,1,1,1,0.0,0.0,0.0,0.0,1.0,1.0,,1.0,-1,,-1,,1.0,,0.5,1.0,332.712235647972,8.686000138282965,334.7569605327567,334.8634766042319,304.73197590440986,341.13499892616795,
1779640544,eval__Walker2d-v4__ppo_cont__a3p05__mass_0p5__seed3__pid2231650,ppo_cont,Walker2d-v4,3,30,1,a3p05,mass_0p5,/home/users/am1015/rl_runs_walker_confirm_30seed_extra_caps_20260523/Walker2d-v4__ppo_alpha_a3p05__3__1779604230/ppo_alpha_a3p05.cleanrl_model,/home/users/am1015/rl_runs_walker_confirm_30seed_extra_caps_20260523/Walker2d-v4__ppo_alpha_a3p05__3__1779604230/ppo_alpha_a3p05.cleanrl_model.norm_stats.npz,1,1,1,0.0,0.0,0.0,0.0,1.0,0.5,,1.0,-1,,-1,,1.0,,1.0,1.0,364.7861724128964,124.756008026695,335.501694537046,339.2629993436688,217.51925093408929,926.2632753058058,
1779640544,eval__Walker2d-v4__ppo_cont__a3p05__actuator_gain_0p5__seed4__pid3283009,ppo_cont,Walker2d-v4,4,30,1,a3p05,actuator_gain_0p5,/home/users/am1015/rl_runs_walker_confirm_30seed_extra_caps_20260523/Walker2d-v4__ppo_alpha_a3p05__4__1779604230/ppo_alpha_a3p05.cleanrl_model,/home/users/am1015/rl_runs_walker_confirm_30seed_extra_caps_20260523/Walker2d-v4__ppo_alpha_a3p05__4__1779604230/ppo_alpha_a3p05.cleanrl_model.norm_stats.npz,1,1,1,0.0,0.0,0.0,0.0,1.0,1.0,,1.0,-1,,-1,,1.0,,0.5,1.0,340.6054383159045,10.51982821764593,342.45505421034864,342.0076670333868,312.8991251198001,357.9879867049251,
1779640549,eval__Walker2d-v4__ppo_cont__a3p05__mass_0p5__seed4__pid670573,ppo_cont,Walker2d-v4,4,30,1,a3p05,mass_0p5,/home/users/am1015/rl_runs_walker_confirm_30seed_extra_caps_20260523/Walker2d-v4__ppo_alpha_a3p05__4__1779604230/ppo_alpha_a3p05.cleanrl_model,/home/users/am1015/rl_runs_walker_confirm_30seed_extra_caps_20260523/Walker2d-v4__ppo_alpha_a3p05__4__1779604230/ppo_alpha_a3p05.cleanrl_model.norm_stats.npz,1,1,1,0.0,0.0,0.0,0.0,1.0,0.5,,1.0,-1,,-1,,1.0,,1.0,1.0,1031.9228645172036,1002.080179078578,619.3075169677331,692.615430731379,141.0297319934105,3639.408802673944,
1779640570,eval__Walker2d-v4__ppo_cont__a3p05__actuator_gain_0p5__seed5__pid2231783,ppo_cont,Walker2d-v4,5,30,1,a3p05,actuator_gain_0p5,/home/users/am1015/rl_runs_walker_confirm_30seed_extra_caps_20260523/Walker2d-v4__ppo_alpha_a3p05__5__1779604230/ppo_alpha_a3p05.cleanrl_model,/home/users/am1015/rl_runs_walker_confirm_30seed_extra_caps_20260523/Walker2d-v4__ppo_alpha_a3p05__5__1779604230/ppo_alpha_a3p05.cleanrl_model.norm_stats.npz,1,1,1,0.0,0.0,0.0,0.0,1.0,1.0,,1.0,-1,,-1,,1.0,,0.5,1.0,181.9077093477705,5.677723322862931,181.5542326352966,181.1161791934512,173.53076770859522,193.3643139427057,
1779640575,eval__Walker2d-v4__ppo_cont__a3p05__mass_0p5__seed5__pid227825,ppo_cont,Walker2d-v4,5,30,1,a3p05,mass_0p5,/home/users/am1015/rl_runs_walker_confirm_30seed_extra_caps_20260523/Walker2d-v4__ppo_alpha_a3p05__5__1779604230/ppo_alpha_a3p05.cleanrl_model,/home/users/am1015/rl_runs_walker_confirm_30seed_extra_caps_20260523/Walker2d-v4__ppo_alpha_a3p05__5__1779604230/ppo_alpha_a3p05.cleanrl_model.norm_stats.npz,1,1,1,0.0,0.0,0.0,0.0,1.0,0.5,,1.0,-1,,-1,,1.0,,1.0,1.0,943.9538141191778,342.4079252357434,848.1990905147763,857.7176119209571,470.3602770108951,1911.5861241180835,
1779640571,eval__Walker2d-v4__ppo_cont__a3p05__actuator_gain_0p5__seed6__pid3278673,ppo_cont,Walker2d-v4,6,30,1,a3p05,actuator_gain_0p5,/home/users/am1015/rl_runs_walker_confirm_30seed_extra_caps_20260523/Walker2d-v4__ppo_alpha_a3p05__6__1779604230/ppo_alpha_a3p05.cleanrl_model,/home/users/am1015/rl_runs_walker_confirm_30seed_extra_caps_20260523/Walker2d-v4__ppo_alpha_a3p05__6__1779604230/ppo_alpha_a3p05.cleanrl_model.norm_stats.npz,1,1,1,0.0,0.0,0.0,0.0,1.0,1.0,,1.0,-1,,-1,,1.0,,0.5,1.0,354.9247275423337,7.25504511903795,353.40188308845313,354.7315129883715,343.9465941555089,374.33062917300856,
1779640571,eval__Walker2d-v4__ppo_cont__a3p05__mass_0p5__seed6__pid2231768,ppo_cont,Walker2d-v4,6,30,1,a3p05,mass_0p5,/home/users/am1015/rl_runs_walker_confirm_30seed_extra_caps_20260523/Walker2d-v4__ppo_alpha_a3p05__6__1779604230/ppo_alpha_a3p05.cleanrl_model,/home/users/am1015/rl_runs_walker_confirm_30seed_extra_caps_20260523/Walker2d-v4__ppo_alpha_a3p05__6__1779604230/ppo_alpha_a3p05.cleanrl_model.norm_stats.npz,1,1,1,0.0,0.0,0.0,0.0,1.0,0.5,,1.0,-1,,-1,,1.0,,1.0,1.0,324.0131354670269,50.396923745020864,336.78187649272405,324.2161824567769,248.94926495568677,412.94671166910825,
1779640573,eval__Walker2d-v4__ppo_cont__a3p05__actuator_gain_0p5__seed7__pid3284233,ppo_cont,Walker2d-v4,7,30,1,a3p05,actuator_gain_0p5,/home/users/am1015/rl_runs_walker_confirm_30seed_extra_caps_20260523/Walker2d-v4__ppo_alpha_a3p05__7__1779604230/ppo_alpha_a3p05.cleanrl_model,/home/users/am1015/rl_runs_walker_confirm_30seed_extra_caps_20260523/Walker2d-v4__ppo_alpha_a3p05__7__1779604230/ppo_alpha_a3p05.cleanrl_model.norm_stats.npz,1,1,1,0.0,0.0,0.0,0.0,1.0,1.0,,1.0,-1,,-1,,1.0,,0.5,1.0,338.1737759134141,2.899023283952106,338.12204504981673,338.01591825877614,332.53443712795405,345.15267548179065,
1779640576,eval__Walker2d-v4__ppo_cont__a3p05__mass_0p5__seed7__pid670642,ppo_cont,Walker2d-v4,7,30,1,a3p05,mass_0p5,/home/users/am1015/rl_runs_walker_confirm_30seed_extra_caps_20260523/Walker2d-v4__ppo_alpha_a3p05__7__1779604230/ppo_alpha_a3p05.cleanrl_model,/home/users/am1015/rl_runs_walker_confirm_30seed_extra_caps_20260523/Walker2d-v4__ppo_alpha_a3p05__7__1779604230/ppo_alpha_a3p05.cleanrl_model.norm_stats.npz,1,1,1,0.0,0.0,0.0,0.0,1.0,0.5,,1.0,-1,,-1,,1.0,,1.0,1.0,1271.983926449597,1131.2331824993223,869.1462163775282,915.5170385043176,185.29028551411824,3969.264085816452,
1779640603,eval__Walker2d-v4__ppo_cont__a3p05__actuator_gain_0p5__seed8__pid2231918,ppo_cont,Walker2d-v4,8,30,1,a3p05,actuator_gain_0p5,/home/users/am1015/rl_runs_walker_confirm_30seed_extra_caps_20260523/Walker2d-v4__ppo_alpha_a3p05__8__1779604230/ppo_alpha_a3p05.cleanrl_model,/home/users/am1015/rl_runs_walker_confirm_30seed_extra_caps_20260523/Walker2d-v4__ppo_alpha_a3p05__8__1779604230/ppo_alpha_a3p05.cleanrl_model.norm_stats.npz,1,1,1,0.0,0.0,0.0,0.0,1.0,1.0,,1.0,-1,,-1,,1.0,,0.5,1.0,324.0063484276983,3.914771948820312,323.7504269239578,323.9095118681375,314.87123138239485,330.93198031715434,
1779640608,eval__Walker2d-v4__ppo_cont__a3p05__mass_0p5__seed8__pid227891,ppo_cont,Walker2d-v4,8,30,1,a3p05,mass_0p5,/home/users/am1015/rl_runs_walker_confirm_30seed_extra_caps_20260523/Walker2d-v4__ppo_alpha_a3p05__8__1779604230/ppo_alpha_a3p05.cleanrl_model,/home/users/am1015/rl_runs_walker_confirm_30seed_extra_caps_20260523/Walker2d-v4__ppo_alpha_a3p05__8__1779604230/ppo_alpha_a3p05.cleanrl_model.norm_stats.npz,1,1,1,0.0,0.0,0.0,0.0,1.0,0.5,,1.0,-1,,-1,,1.0,,1.0,1.0,1168.9422948271708,550.9702249681297,935.1097834298896,976.8140585009724,583.2411514114169,3072.5856799355447,
1779640603,eval__Walker2d-v4__ppo_cont__a3p05__actuator_gain_0p5__seed9__pid3278744,ppo_cont,Walker2d-v4,9,30,1,a3p05,actuator_gain_0p5,/home/users/am1015/rl_runs_walker_confirm_30seed_extra_caps_20260523/Walker2d-v4__ppo_alpha_a3p05__9__1779604230/ppo_alpha_a3p05.cleanrl_model,/home/users/am1015/rl_runs_walker_confirm_30seed_extra_caps_20260523/Walker2d-v4__ppo_alpha_a3p05__9__1779604230/ppo_alpha_a3p05.cleanrl_model.norm_stats.npz,1,1,1,0.0,0.0,0.0,0.0,1.0,1.0,,1.0,-1,,-1,,1.0,,0.5,1.0,312.6195849607483,4.342252877186349,313.40693199861784,312.9973571414409,303.5434819031642,318.7833191024348,
1779640604,eval__Walker2d-v4__ppo_cont__a3p05__mass_0p5__seed9__pid2231903,ppo_cont,Walker2d-v4,9,30,1,a3p05,mass_0p5,/home/users/am1015/rl_runs_walker_confirm_30seed_extra_caps_20260523/Walker2d-v4__ppo_alpha_a3p05__9__1779604230/ppo_alpha_a3p05.cleanrl_model,/home/users/am1015/rl_runs_walker_confirm_30seed_extra_caps_20260523/Walker2d-v4__ppo_alpha_a3p05__9__1779604230/ppo_alpha_a3p05.cleanrl_model.norm_stats.npz,1,1,1,0.0,0.0,0.0,0.0,1.0,0.5,,1.0,-1,,-1,,1.0,,1.0,1.0,456.66097825058256,240.34229999087503,402.9149076950522,396.840590991878,324.4635395574285,1536.3324753667212,
1779640602,eval__Walker2d-v4__ppo_cont__a3p20__actuator_gain_0p5__seed10__pid3285663,ppo_cont,Walker2d-v4,10,30,1,a3p20,actuator_gain_0p5,/home/users/am1015/rl_runs_walker_confirm_30seed_extra_caps_20260523/Walker2d-v4__ppo_alpha_a3p20__10__1779609298/ppo_alpha_a3p20.cleanrl_model,/home/users/am1015/rl_runs_walker_confirm_30seed_extra_caps_20260523/Walker2d-v4__ppo_alpha_a3p20__10__1779609298/ppo_alpha_a3p20.cleanrl_model.norm_stats.npz,1,1,1,0.0,0.0,0.0,0.0,1.0,1.0,,1.0,-1,,-1,,1.0,,0.5,1.0,220.9992555486397,2.9255367301969804,221.20464159790023,221.1930035155993,214.26038368928215,227.91625245916575,
1779640614,eval__Walker2d-v4__ppo_cont__a3p20__mass_0p5__seed10__pid670713,ppo_cont,Walker2d-v4,10,30,1,a3p20,mass_0p5,/home/users/am1015/rl_runs_walker_confirm_30seed_extra_caps_20260523/Walker2d-v4__ppo_alpha_a3p20__10__1779609298/ppo_alpha_a3p20.cleanrl_model,/home/users/am1015/rl_runs_walker_confirm_30seed_extra_caps_20260523/Walker2d-v4__ppo_alpha_a3p20__10__1779609298/ppo_alpha_a3p20.cleanrl_model.norm_stats.npz,1,1,1,0.0,0.0,0.0,0.0,1.0,0.5,,1.0,-1,,-1,,1.0,,1.0,1.0,1468.8665237094012,1112.5158295748292,997.8630402570192,1160.318103643145,90.66993800736802,4305.156769578985,
1779640632,eval__Walker2d-v4__ppo_cont__a3p20__actuator_gain_0p5__seed11__pid2232023,ppo_cont,Walker2d-v4,11,30,1,a3p20,actuator_gain_0p5,/home/users/am1015/rl_runs_walker_confirm_30seed_extra_caps_20260523/Walker2d-v4__ppo_alpha_a3p20__11__1779609298/ppo_alpha_a3p20.cleanrl_model,/home/users/am1015/rl_runs_walker_confirm_30seed_extra_caps_20260523/Walker2d-v4__ppo_alpha_a3p20__11__1779609298/ppo_alpha_a3p20.cleanrl_model.norm_stats.npz,1,1,1,0.0,0.0,0.0,0.0,1.0,1.0,,1.0,-1,,-1,,1.0,,0.5,1.0,355.2450950065785,7.538675292080391,353.4876421500437,354.00816559578874,341.6351992892752,371.6059228613552,
1779640633,eval__Walker2d-v4__ppo_cont__a3p20__mass_0p5__seed11__pid227956,ppo_cont,Walker2d-v4,11,30,1,a3p20,mass_0p5,/home/users/am1015/rl_runs_walker_confirm_30seed_extra_caps_20260523/Walker2d-v4__ppo_alpha_a3p20__11__1779609298/ppo_alpha_a3p20.cleanrl_model,/home/users/am1015/rl_runs_walker_confirm_30seed_extra_caps_20260523/Walker2d-v4__ppo_alpha_a3p20__11__1779609298/ppo_alpha_a3p20.cleanrl_model.norm_stats.npz,1,1,1,0.0,0.0,0.0,0.0,1.0,0.5,,1.0,-1,,-1,,1.0,,1.0,1.0,918.5667029033262,426.26175376708767,780.4489613780152,802.6189367765364,582.2145222877498,2805.8608070864143,
1779640633,eval__Walker2d-v4__ppo_cont__a3p20__actuator_gain_0p5__seed12__pid3286911,ppo_cont,Walker2d-v4,12,30,1,a3p20,actuator_gain_0p5,/home/users/am1015/rl_runs_walker_confirm_30seed_extra_caps_20260523/Walker2d-v4__ppo_alpha_a3p20__12__1779609298/ppo_alpha_a3p20.cleanrl_model,/home/users/am1015/rl_runs_walker_confirm_30seed_extra_caps_20260523/Walker2d-v4__ppo_alpha_a3p20__12__1779609298/ppo_alpha_a3p20.cleanrl_model.norm_stats.npz,1,1,1,0.0,0.0,0.0,0.0,1.0,1.0,,1.0,-1,,-1,,1.0,,0.5,1.0,375.8507079709476,3.749509716072287,375.8386244350743,375.9149244166375,367.7189945269201,383.59540501131534,
1779640636,eval__Walker2d-v4__ppo_cont__a3p20__mass_0p5__seed12__pid670781,ppo_cont,Walker2d-v4,12,30,1,a3p20,mass_0p5,/home/users/am1015/rl_runs_walker_confirm_30seed_extra_caps_20260523/Walker2d-v4__ppo_alpha_a3p20__12__1779609298/ppo_alpha_a3p20.cleanrl_model,/home/users/am1015/rl_runs_walker_confirm_30seed_extra_caps_20260523/Walker2d-v4__ppo_alpha_a3p20__12__1779609298/ppo_alpha_a3p20.cleanrl_model.norm_stats.npz,1,1,1,0.0,0.0,0.0,0.0,1.0,0.5,,1.0,-1,,-1,,1.0,,1.0,1.0,1143.1534911691965,893.0097580781024,866.0247000604217,882.3920231160149,269.81193327744273,3788.364971229,
1779640663,eval__Walker2d-v4__ppo_cont__a3p20__actuator_gain_0p5__seed13__pid2232170,ppo_cont,Walker2d-v4,13,30,1,a3p20,actuator_gain_0p5,/home/users/am1015/rl_runs_walker_confirm_30seed_extra_caps_20260523/Walker2d-v4__ppo_alpha_a3p20__13__1779609298/ppo_alpha_a3p20.cleanrl_model,/home/users/am1015/rl_runs_walker_confirm_30seed_extra_caps_20260523/Walker2d-v4__ppo_alpha_a3p20__13__1779609298/ppo_alpha_a3p20.cleanrl_model.norm_stats.npz,1,1,1,0.0,0.0,0.0,0.0,1.0,1.0,,1.0,-1,,-1,,1.0,,0.5,1.0,329.2624622550404,2.419985477689972,329.7655611747964,329.7510456523867,322.68877652527544,332.9782105529812,
1779640676,eval__Walker2d-v4__ppo_cont__a3p20__mass_0p5__seed13__pid228027,ppo_cont,Walker2d-v4,13,30,1,a3p20,mass_0p5,/home/users/am1015/rl_runs_walker_confirm_30seed_extra_caps_20260523/Walker2d-v4__ppo_alpha_a3p20__13__1779609298/ppo_alpha_a3p20.cleanrl_model,/home/users/am1015/rl_runs_walker_confirm_30seed_extra_caps_20260523/Walker2d-v4__ppo_alpha_a3p20__13__1779609298/ppo_alpha_a3p20.cleanrl_model.norm_stats.npz,1,1,1,0.0,0.0,0.0,0.0,1.0,0.5,,1.0,-1,,-1,,1.0,,1.0,1.0,2347.2694122000084,1483.6694455499774,3387.5805776842853,2766.6809083194835,275.8750888834245,3739.631904235675,
1779640663,eval__Walker2d-v4__ppo_cont__a3p20__actuator_gain_0p5__seed14__pid3278879,ppo_cont,Walker2d-v4,14,30,1,a3p20,actuator_gain_0p5,/home/users/am1015/rl_runs_walker_confirm_30seed_extra_caps_20260523/Walker2d-v4__ppo_alpha_a3p20__14__1779609297/ppo_alpha_a3p20.cleanrl_model,/home/users/am1015/rl_runs_walker_confirm_30seed_extra_caps_20260523/Walker2d-v4__ppo_alpha_a3p20__14__1779609297/ppo_alpha_a3p20.cleanrl_model.norm_stats.npz,1,1,1,0.0,0.0,0.0,0.0,1.0,1.0,,1.0,-1,,-1,,1.0,,0.5,1.0,299.9567980358287,5.24524314781234,301.69387493109446,301.5468774559351,289.408873049,306.6161582962041,
1779640676,eval__Walker2d-v4__ppo_cont__a3p20__mass_0p5__seed14__pid2232185,ppo_cont,Walker2d-v4,14,30,1,a3p20,mass_0p5,/home/users/am1015/rl_runs_walker_confirm_30seed_extra_caps_20260523/Walker2d-v4__ppo_alpha_a3p20__14__1779609297/ppo_alpha_a3p20.cleanrl_model,/home/users/am1015/rl_runs_walker_confirm_30seed_extra_caps_20260523/Walker2d-v4__ppo_alpha_a3p20__14__1779609297/ppo_alpha_a3p20.cleanrl_model.norm_stats.npz,1,1,1,0.0,0.0,0.0,0.0,1.0,0.5,,1.0,-1,,-1,,1.0,,1.0,1.0,3107.820077497744,920.5598194180928,3522.085323919973,3248.4239288503622,1333.9514833870198,4261.172090107591,
1779640664,eval__Walker2d-v4__ppo_cont__a3p20__actuator_gain_0p5__seed15__pid3288243,ppo_cont,Walker2d-v4,15,30,1,a3p20,actuator_gain_0p5,/home/users/am1015/rl_runs_walker_confirm_30seed_extra_caps_20260523/Walker2d-v4__ppo_alpha_a3p20__15__1779609297/ppo_alpha_a3p20.cleanrl_model,/home/users/am1015/rl_runs_walker_confirm_30seed_extra_caps_20260523/Walker2d-v4__ppo_alpha_a3p20__15__1779609297/ppo_alpha_a3p20.cleanrl_model.norm_stats.npz,1,1,1,0.0,0.0,0.0,0.0,1.0,1.0,,1.0,-1,,-1,,1.0,,0.5,1.0,267.9961535721204,3.8781715248101047,266.6280850754744,267.35543046425903,262.5431025287777,279.6808836250114,
1779640672,eval__Walker2d-v4__ppo_cont__a3p20__mass_0p5__seed15__pid670847,ppo_cont,Walker2d-v4,15,30,1,a3p20,mass_0p5,/home/users/am1015/rl_runs_walker_confirm_30seed_extra_caps_20260523/Walker2d-v4__ppo_alpha_a3p20__15__1779609297/ppo_alpha_a3p20.cleanrl_model,/home/users/am1015/rl_runs_walker_confirm_30seed_extra_caps_20260523/Walker2d-v4__ppo_alpha_a3p20__15__1779609297/ppo_alpha_a3p20.cleanrl_model.norm_stats.npz,1,1,1,0.0,0.0,0.0,0.0,1.0,0.5,,1.0,-1,,-1,,1.0,,1.0,1.0,1721.4430409121858,770.3738214954204,1525.782078223239,1541.122519487819,157.91566001926887,3694.213941278302,
1779640691,eval__Walker2d-v4__ppo_cont__a3p20__actuator_gain_0p5__seed16__pid2232301,ppo_cont,Walker2d-v4,16,30,1,a3p20,actuator_gain_0p5,/home/users/am1015/rl_runs_walker_confirm_30seed_extra_caps_20260523/Walker2d-v4__ppo_alpha_a3p20__16__1779609297/ppo_alpha_a3p20.cleanrl_model,/home/users/am1015/rl_runs_walker_confirm_30seed_extra_caps_20260523/Walker2d-v4__ppo_alpha_a3p20__16__1779609297/ppo_alpha_a3p20.cleanrl_model.norm_stats.npz,1,1,1,0.0,0.0,0.0,0.0,1.0,1.0,,1.0,-1,,-1,,1.0,,0.5,1.0,316.39518404807615,2.1272365197947085,316.01967438212114,316.3184668511728,311.74378683435026,319.9291163282952,
1779640696,eval__Walker2d-v4__ppo_cont__a3p20__mass_0p5__seed16__pid228094,ppo_cont,Walker2d-v4,16,30,1,a3p20,mass_0p5,/home/users/am1015/rl_runs_walker_confirm_30seed_extra_caps_20260523/Walker2d-v4__ppo_alpha_a3p20__16__1779609297/ppo_alpha_a3p20.cleanrl_model,/home/users/am1015/rl_runs_walker_confirm_30seed_extra_caps_20260523/Walker2d-v4__ppo_alpha_a3p20__16__1779609297/ppo_alpha_a3p20.cleanrl_model.norm_stats.npz,1,1,1,0.0,0.0,0.0,0.0,1.0,0.5,,1.0,-1,,-1,,1.0,,1.0,1.0,1276.4236874869175,1104.8921598388347,953.4360411433393,939.1737930502924,257.0932470291701,3881.423548566098,
1779640691,eval__Walker2d-v4__ppo_cont__a3p20__actuator_gain_0p5__seed17__pid3278948,ppo_cont,Walker2d-v4,17,30,1,a3p20,actuator_gain_0p5,/home/users/am1015/rl_runs_walker_confirm_30seed_extra_caps_20260523/Walker2d-v4__ppo_alpha_a3p20__17__1779609303/ppo_alpha_a3p20.cleanrl_model,/home/users/am1015/rl_runs_walker_confirm_30seed_extra_caps_20260523/Walker2d-v4__ppo_alpha_a3p20__17__1779609303/ppo_alpha_a3p20.cleanrl_model.norm_stats.npz,1,1,1,0.0,0.0,0.0,0.0,1.0,1.0,,1.0,-1,,-1,,1.0,,0.5,1.0,323.2425378002427,2.592361731834077,323.22714474992256,323.248811694438,317.40493131843544,327.8886586557484,
1779640694,eval__Walker2d-v4__ppo_cont__a3p20__mass_0p5__seed17__pid2232317,ppo_cont,Walker2d-v4,17,30,1,a3p20,mass_0p5,/home/users/am1015/rl_runs_walker_confirm_30seed_extra_caps_20260523/Walker2d-v4__ppo_alpha_a3p20__17__1779609303/ppo_alpha_a3p20.cleanrl_model,/home/users/am1015/rl_runs_walker_confirm_30seed_extra_caps_20260523/Walker2d-v4__ppo_alpha_a3p20__17__1779609303/ppo_alpha_a3p20.cleanrl_model.norm_stats.npz,1,1,1,0.0,0.0,0.0,0.0,1.0,0.5,,1.0,-1,,-1,,1.0,,1.0,1.0,600.4234036271498,97.9570425461907,582.2477739262163,577.3170069103356,450.00068113864126,966.6972712568388,
1779640691,eval__Walker2d-v4__ppo_cont__a3p20__actuator_gain_0p5__seed18__pid3289484,ppo_cont,Walker2d-v4,18,30,1,a3p20,actuator_gain_0p5,/home/users/am1015/rl_runs_walker_confirm_30seed_extra_caps_20260523/Walker2d-v4__ppo_alpha_a3p20__18__1779609327/ppo_alpha_a3p20.cleanrl_model,/home/users/am1015/rl_runs_walker_confirm_30seed_extra_caps_20260523/Walker2d-v4__ppo_alpha_a3p20__18__1779609327/ppo_alpha_a3p20.cleanrl_model.norm_stats.npz,1,1,1,0.0,0.0,0.0,0.0,1.0,1.0,,1.0,-1,,-1,,1.0,,0.5,1.0,328.64345565453846,6.314202722364981,329.3519578187561,328.35537343791987,313.9088902223674,341.109370904229,
1779640698,eval__Walker2d-v4__ppo_cont__a3p20__mass_0p5__seed18__pid670915,ppo_cont,Walker2d-v4,18,30,1,a3p20,mass_0p5,/home/users/am1015/rl_runs_walker_confirm_30seed_extra_caps_20260523/Walker2d-v4__ppo_alpha_a3p20__18__1779609327/ppo_alpha_a3p20.cleanrl_model,/home/users/am1015/rl_runs_walker_confirm_30seed_extra_caps_20260523/Walker2d-v4__ppo_alpha_a3p20__18__1779609327/ppo_alpha_a3p20.cleanrl_model.norm_stats.npz,1,1,1,0.0,0.0,0.0,0.0,1.0,0.5,,1.0,-1,,-1,,1.0,,1.0,1.0,1136.5144799919071,904.1708673926393,811.9469346793392,841.3788620605919,261.0483234710801,3153.1921160558068,
1779640723,eval__Walker2d-v4__ppo_cont__a3p20__actuator_gain_0p5__seed19__pid2232434,ppo_cont,Walker2d-v4,19,30,1,a3p20,actuator_gain_0p5,/home/users/am1015/rl_runs_walker_confirm_30seed_extra_caps_20260523/Walker2d-v4__ppo_alpha_a3p20__19__1779609328/ppo_alpha_a3p20.cleanrl_model,/home/users/am1015/rl_runs_walker_confirm_30seed_extra_caps_20260523/Walker2d-v4__ppo_alpha_a3p20__19__1779609328/ppo_alpha_a3p20.cleanrl_model.norm_stats.npz,1,1,1,0.0,0.0,0.0,0.0,1.0,1.0,,1.0,-1,,-1,,1.0,,0.5,1.0,359.086895042432,2.8996475795154426,358.8167437369475,358.96277957027235,353.4928816218992,364.5194811593668,
1779640734,eval__Walker2d-v4__ppo_cont__a3p20__mass_0p5__seed19__pid228162,ppo_cont,Walker2d-v4,19,30,1,a3p20,mass_0p5,/home/users/am1015/rl_runs_walker_confirm_30seed_extra_caps_20260523/Walker2d-v4__ppo_alpha_a3p20__19__1779609328/ppo_alpha_a3p20.cleanrl_model,/home/users/am1015/rl_runs_walker_confirm_30seed_extra_caps_20260523/Walker2d-v4__ppo_alpha_a3p20__19__1779609328/ppo_alpha_a3p20.cleanrl_model.norm_stats.npz,1,1,1,0.0,0.0,0.0,0.0,1.0,0.5,,1.0,-1,,-1,,1.0,,1.0,1.0,2385.825251554955,782.9329715182179,2324.582733112128,2326.3396028906104,1001.1003947264902,3630.625018760501,
1779640631,eval__Walker2d-v4__ppo_cont__a3p20__actuator_gain_0p5__seed1__pid3278811,ppo_cont,Walker2d-v4,1,30,1,a3p20,actuator_gain_0p5,/home/users/am1015/rl_runs_walker_confirm_30seed_extra_caps_20260523/Walker2d-v4__ppo_alpha_a3p20__1__1779609298/ppo_alpha_a3p20.cleanrl_model,/home/users/am1015/rl_runs_walker_confirm_30seed_extra_caps_20260523/Walker2d-v4__ppo_alpha_a3p20__1__1779609298/ppo_alpha_a3p20.cleanrl_model.norm_stats.npz,1,1,1,0.0,0.0,0.0,0.0,1.0,1.0,,1.0,-1,,-1,,1.0,,0.5,1.0,316.10919595374696,3.4693595443274483,315.9865544148406,316.1437712852932,307.7386307045246,323.7874380116911,
1779640633,eval__Walker2d-v4__ppo_cont__a3p20__mass_0p5__seed1__pid2232053,ppo_cont,Walker2d-v4,1,30,1,a3p20,mass_0p5,/home/users/am1015/rl_runs_walker_confirm_30seed_extra_caps_20260523/Walker2d-v4__ppo_alpha_a3p20__1__1779609298/ppo_alpha_a3p20.cleanrl_model,/home/users/am1015/rl_runs_walker_confirm_30seed_extra_caps_20260523/Walker2d-v4__ppo_alpha_a3p20__1__1779609298/ppo_alpha_a3p20.cleanrl_model.norm_stats.npz,1,1,1,0.0,0.0,0.0,0.0,1.0,0.5,,1.0,-1,,-1,,1.0,,1.0,1.0,478.68745893481065,45.87038364080655,474.597455145888,474.4799990861353,383.2877834335342,581.2989753839948,
1779640723,eval__Walker2d-v4__ppo_cont__a3p20__actuator_gain_0p5__seed20__pid3279018,ppo_cont,Walker2d-v4,20,30,1,a3p20,actuator_gain_0p5,/home/users/am1015/rl_runs_walker_confirm_30seed_extra_caps_20260523/Walker2d-v4__ppo_alpha_a3p20__20__1779609328/ppo_alpha_a3p20.cleanrl_model,/home/users/am1015/rl_runs_walker_confirm_30seed_extra_caps_20260523/Walker2d-v4__ppo_alpha_a3p20__20__1779609328/ppo_alpha_a3p20.cleanrl_model.norm_stats.npz,1,1,1,0.0,0.0,0.0,0.0,1.0,1.0,,1.0,-1,,-1,,1.0,,0.5,1.0,270.65208957584684,3.5954416725170346,270.6206660131395,270.8492722627417,264.6247272008075,276.97247845985095,
1779640730,eval__Walker2d-v4__ppo_cont__a3p20__mass_0p5__seed20__pid2232453,ppo_cont,Walker2d-v4,20,30,1,a3p20,mass_0p5,/home/users/am1015/rl_runs_walker_confirm_30seed_extra_caps_20260523/Walker2d-v4__ppo_alpha_a3p20__20__1779609328/ppo_alpha_a3p20.cleanrl_model,/home/users/am1015/rl_runs_walker_confirm_30seed_extra_caps_20260523/Walker2d-v4__ppo_alpha_a3p20__20__1779609328/ppo_alpha_a3p20.cleanrl_model.norm_stats.npz,1,1,1,0.0,0.0,0.0,0.0,1.0,0.5,,1.0,-1,,-1,,1.0,,1.0,1.0,2038.990020537577,1197.998102449663,1704.4732134199598,1723.209014438935,882.5222851093255,4889.307470809428,
1779640727,eval__Walker2d-v4__ppo_cont__a3p20__actuator_gain_0p5__seed21__pid3290905,ppo_cont,Walker2d-v4,21,30,1,a3p20,actuator_gain_0p5,/home/users/am1015/rl_runs_walker_confirm_30seed_extra_caps_20260523/Walker2d-v4__ppo_alpha_a3p20__21__1779609358/ppo_alpha_a3p20.cleanrl_model,/home/users/am1015/rl_runs_walker_confirm_30seed_extra_caps_20260523/Walker2d-v4__ppo_alpha_a3p20__21__1779609358/ppo_alpha_a3p20.cleanrl_model.norm_stats.npz,1,1,1,0.0,0.0,0.0,0.0,1.0,1.0,,1.0,-1,,-1,,1.0,,0.5,1.0,346.1234485254295,6.628051164420614,347.4927637371008,346.76719515197254,334.32043803813167,359.50364786189374,
1779640730,eval__Walker2d-v4__ppo_cont__a3p20__mass_0p5__seed21__pid670984,ppo_cont,Walker2d-v4,21,30,1,a3p20,mass_0p5,/home/users/am1015/rl_runs_walker_confirm_30seed_extra_caps_20260523/Walker2d-v4__ppo_alpha_a3p20__21__1779609358/ppo_alpha_a3p20.cleanrl_model,/home/users/am1015/rl_runs_walker_confirm_30seed_extra_caps_20260523/Walker2d-v4__ppo_alpha_a3p20__21__1779609358/ppo_alpha_a3p20.cleanrl_model.norm_stats.npz,1,1,1,0.0,0.0,0.0,0.0,1.0,0.5,,1.0,-1,,-1,,1.0,,1.0,1.0,1542.8777506124954,952.7380633026391,1483.183503267404,1593.4521562030986,86.26056097241597,3463.726472315024,
1779640751,eval__Walker2d-v4__ppo_cont__a3p20__actuator_gain_0p5__seed22__pid3279084,ppo_cont,Walker2d-v4,22,30,1,a3p20,actuator_gain_0p5,/home/users/am1015/rl_runs_walker_confirm_30seed_extra_caps_20260523/Walker2d-v4__ppo_alpha_a3p20__22__1779609358/ppo_alpha_a3p20.cleanrl_model,/home/users/am1015/rl_runs_walker_confirm_30seed_extra_caps_20260523/Walker2d-v4__ppo_alpha_a3p20__22__1779609358/ppo_alpha_a3p20.cleanrl_model.norm_stats.npz,1,1,1,0.0,0.0,0.0,0.0,1.0,1.0,,1.0,-1,,-1,,1.0,,0.5,1.0,345.6544104315202,3.513857396104985,346.5542832760831,346.23512249180425,336.3268432249156,353.36551696887625,
1779640751,eval__Walker2d-v4__ppo_cont__a3p20__mass_0p5__seed22__pid2232583,ppo_cont,Walker2d-v4,22,30,1,a3p20,mass_0p5,/home/users/am1015/rl_runs_walker_confirm_30seed_extra_caps_20260523/Walker2d-v4__ppo_alpha_a3p20__22__1779609358/ppo_alpha_a3p20.cleanrl_model,/home/users/am1015/rl_runs_walker_confirm_30seed_extra_caps_20260523/Walker2d-v4__ppo_alpha_a3p20__22__1779609358/ppo_alpha_a3p20.cleanrl_model.norm_stats.npz,1,1,1,0.0,0.0,0.0,0.0,1.0,0.5,,1.0,-1,,-1,,1.0,,1.0,1.0,270.5932554416244,23.17762254942973,275.72682833101453,274.3427758351893,216.88580763218636,301.0707888801456,
1779640752,eval__Walker2d-v4__ppo_cont__a3p20__actuator_gain_0p5__seed23__pid3292127,ppo_cont,Walker2d-v4,23,30,1,a3p20,actuator_gain_0p5,/home/users/am1015/rl_runs_walker_confirm_30seed_extra_caps_20260523/Walker2d-v4__ppo_alpha_a3p20__23__1779609417/ppo_alpha_a3p20.cleanrl_model,/home/users/am1015/rl_runs_walker_confirm_30seed_extra_caps_20260523/Walker2d-v4__ppo_alpha_a3p20__23__1779609417/ppo_alpha_a3p20.cleanrl_model.norm_stats.npz,1,1,1,0.0,0.0,0.0,0.0,1.0,1.0,,1.0,-1,,-1,,1.0,,0.5,1.0,348.6416378060021,3.2242696740299595,347.78713166727186,348.2822625182188,342.94283336312213,354.67619595449344,
1779640762,eval__Walker2d-v4__ppo_cont__a3p20__mass_0p5__seed23__pid671055,ppo_cont,Walker2d-v4,23,30,1,a3p20,mass_0p5,/home/users/am1015/rl_runs_walker_confirm_30seed_extra_caps_20260523/Walker2d-v4__ppo_alpha_a3p20__23__1779609417/ppo_alpha_a3p20.cleanrl_model,/home/users/am1015/rl_runs_walker_confirm_30seed_extra_caps_20260523/Walker2d-v4__ppo_alpha_a3p20__23__1779609417/ppo_alpha_a3p20.cleanrl_model.norm_stats.npz,1,1,1,0.0,0.0,0.0,0.0,1.0,0.5,,1.0,-1,,-1,,1.0,,1.0,1.0,2431.404961798018,1122.454078776544,1989.986820251288,2119.34928111536,1124.2868652001166,4229.893444938519,
1779640783,eval__Walker2d-v4__ppo_cont__a3p20__actuator_gain_0p5__seed24__pid2232716,ppo_cont,Walker2d-v4,24,30,1,a3p20,actuator_gain_0p5,/home/users/am1015/rl_runs_walker_confirm_30seed_extra_caps_20260523/Walker2d-v4__ppo_alpha_a3p20__24__1779609417/ppo_alpha_a3p20.cleanrl_model,/home/users/am1015/rl_runs_walker_confirm_30seed_extra_caps_20260523/Walker2d-v4__ppo_alpha_a3p20__24__1779609417/ppo_alpha_a3p20.cleanrl_model.norm_stats.npz,1,1,1,0.0,0.0,0.0,0.0,1.0,1.0,,1.0,-1,,-1,,1.0,,0.5,1.0,295.03958017018414,2.309789283867081,294.8015641964913,294.92508949817346,289.8393174244586,301.821363225069,
1779640789,eval__Walker2d-v4__ppo_cont__a3p20__mass_0p5__seed24__pid228300,ppo_cont,Walker2d-v4,24,30,1,a3p20,mass_0p5,/home/users/am1015/rl_runs_walker_confirm_30seed_extra_caps_20260523/Walker2d-v4__ppo_alpha_a3p20__24__1779609417/ppo_alpha_a3p20.cleanrl_model,/home/users/am1015/rl_runs_walker_confirm_30seed_extra_caps_20260523/Walker2d-v4__ppo_alpha_a3p20__24__1779609417/ppo_alpha_a3p20.cleanrl_model.norm_stats.npz,1,1,1,0.0,0.0,0.0,0.0,1.0,0.5,,1.0,-1,,-1,,1.0,,1.0,1.0,1267.2064622276805,977.5222480269032,809.7462019009669,1014.281628665652,198.7898492125143,3681.317684697624,
1779640783,eval__Walker2d-v4__ppo_cont__a3p20__actuator_gain_0p5__seed25__pid3279155,ppo_cont,Walker2d-v4,25,30,1,a3p20,actuator_gain_0p5,/home/users/am1015/rl_runs_walker_confirm_30seed_extra_caps_20260523/Walker2d-v4__ppo_alpha_a3p20__25__1779609417/ppo_alpha_a3p20.cleanrl_model,/home/users/am1015/rl_runs_walker_confirm_30seed_extra_caps_20260523/Walker2d-v4__ppo_alpha_a3p20__25__1779609417/ppo_alpha_a3p20.cleanrl_model.norm_stats.npz,1,1,1,0.0,0.0,0.0,0.0,1.0,1.0,,1.0,-1,,-1,,1.0,,0.5,1.0,222.47661595720413,20.0664953646439,227.3629945921594,226.9753853543725,179.5864006842437,245.80028736201203,
1779640797,eval__Walker2d-v4__ppo_cont__a3p20__mass_0p5__seed25__pid2232700,ppo_cont,Walker2d-v4,25,30,1,a3p20,mass_0p5,/home/users/am1015/rl_runs_walker_confirm_30seed_extra_caps_20260523/Walker2d-v4__ppo_alpha_a3p20__25__1779609417/ppo_alpha_a3p20.cleanrl_model,/home/users/am1015/rl_runs_walker_confirm_30seed_extra_caps_20260523/Walker2d-v4__ppo_alpha_a3p20__25__1779609417/ppo_alpha_a3p20.cleanrl_model.norm_stats.npz,1,1,1,0.0,0.0,0.0,0.0,1.0,0.5,,1.0,-1,,-1,,1.0,,1.0,1.0,2696.534666135065,936.1881333964084,3302.852692736928,3019.6449421251427,942.6940384104456,3588.2837322095806,
1779640784,eval__Walker2d-v4__ppo_cont__a3p20__actuator_gain_0p5__seed26__pid3293474,ppo_cont,Walker2d-v4,26,30,1,a3p20,actuator_gain_0p5,/home/users/am1015/rl_runs_walker_confirm_30seed_extra_caps_20260523/Walker2d-v4__ppo_alpha_a3p20__26__1779609447/ppo_alpha_a3p20.cleanrl_model,/home/users/am1015/rl_runs_walker_confirm_30seed_extra_caps_20260523/Walker2d-v4__ppo_alpha_a3p20__26__1779609447/ppo_alpha_a3p20.cleanrl_model.norm_stats.npz,1,1,1,0.0,0.0,0.0,0.0,1.0,1.0,,1.0,-1,,-1,,1.0,,0.5,1.0,323.0673341602657,4.446301649691366,322.96829967642725,322.8043952031436,314.85416575521475,331.4515725187147,
1779640789,eval__Walker2d-v4__ppo_cont__a3p20__mass_0p5__seed26__pid671124,ppo_cont,Walker2d-v4,26,30,1,a3p20,mass_0p5,/home/users/am1015/rl_runs_walker_confirm_30seed_extra_caps_20260523/Walker2d-v4__ppo_alpha_a3p20__26__1779609447/ppo_alpha_a3p20.cleanrl_model,/home/users/am1015/rl_runs_walker_confirm_30seed_extra_caps_20260523/Walker2d-v4__ppo_alpha_a3p20__26__1779609447/ppo_alpha_a3p20.cleanrl_model.norm_stats.npz,1,1,1,0.0,0.0,0.0,0.0,1.0,0.5,,1.0,-1,,-1,,1.0,,1.0,1.0,1266.1957071843688,553.8996698718604,1155.455479211415,1192.2676232735298,441.2287695819009,2321.381783265088,
1779640811,eval__Walker2d-v4__ppo_cont__a3p20__actuator_gain_0p5__seed27__pid228370,ppo_cont,Walker2d-v4,27,30,1,a3p20,actuator_gain_0p5,/home/users/am1015/rl_runs_walker_confirm_30seed_extra_caps_20260523/Walker2d-v4__ppo_alpha_a3p20__27__1779609447/ppo_alpha_a3p20.cleanrl_model,/home/users/am1015/rl_runs_walker_confirm_30seed_extra_caps_20260523/Walker2d-v4__ppo_alpha_a3p20__27__1779609447/ppo_alpha_a3p20.cleanrl_model.norm_stats.npz,1,1,1,0.0,0.0,0.0,0.0,1.0,1.0,,1.0,-1,,-1,,1.0,,0.5,1.0,350.64935241368954,3.768075523145297,350.06954085781416,350.1352302425215,344.72368480271217,360.9343398744618,
1779640817,eval__Walker2d-v4__ppo_cont__a3p20__mass_0p5__seed27__pid3977221,ppo_cont,Walker2d-v4,27,30,1,a3p20,mass_0p5,/home/users/am1015/rl_runs_walker_confirm_30seed_extra_caps_20260523/Walker2d-v4__ppo_alpha_a3p20__27__1779609447/ppo_alpha_a3p20.cleanrl_model,/home/users/am1015/rl_runs_walker_confirm_30seed_extra_caps_20260523/Walker2d-v4__ppo_alpha_a3p20__27__1779609447/ppo_alpha_a3p20.cleanrl_model.norm_stats.npz,1,1,1,0.0,0.0,0.0,0.0,1.0,0.5,,1.0,-1,,-1,,1.0,,1.0,1.0,1178.0414166191665,562.8372654505127,1435.5125497713918,1405.5017539442608,29.5127059662974,1926.5622137834275,
1779640811,eval__Walker2d-v4__ppo_cont__a3p20__actuator_gain_0p5__seed28__pid2232848,ppo_cont,Walker2d-v4,28,30,1,a3p20,actuator_gain_0p5,/home/users/am1015/rl_runs_walker_confirm_30seed_extra_caps_20260523/Walker2d-v4__ppo_alpha_a3p20__28__1779609508/ppo_alpha_a3p20.cleanrl_model,/home/users/am1015/rl_runs_walker_confirm_30seed_extra_caps_20260523/Walker2d-v4__ppo_alpha_a3p20__28__1779609508/ppo_alpha_a3p20.cleanrl_model.norm_stats.npz,1,1,1,0.0,0.0,0.0,0.0,1.0,1.0,,1.0,-1,,-1,,1.0,,0.5,1.0,326.47855211979885,1.9273675959029948,326.752806063648,326.55048648121044,321.91293778639726,331.14547184846333,
1779640818,eval__Walker2d-v4__ppo_cont__a3p20__mass_0p5__seed28__pid2232832,ppo_cont,Walker2d-v4,28,30,1,a3p20,mass_0p5,/home/users/am1015/rl_runs_walker_confirm_30seed_extra_caps_20260523/Walker2d-v4__ppo_alpha_a3p20__28__1779609508/ppo_alpha_a3p20.cleanrl_model,/home/users/am1015/rl_runs_walker_confirm_30seed_extra_caps_20260523/Walker2d-v4__ppo_alpha_a3p20__28__1779609508/ppo_alpha_a3p20.cleanrl_model.norm_stats.npz,1,1,1,0.0,0.0,0.0,0.0,1.0,0.5,,1.0,-1,,-1,,1.0,,1.0,1.0,1895.9104114233328,915.8975834990438,1806.7569308766856,1757.528654172495,454.2618907806618,3836.4702514729074,
1779640811,eval__Walker2d-v4__ppo_cont__a3p20__actuator_gain_0p5__seed29__pid671190,ppo_cont,Walker2d-v4,29,30,1,a3p20,actuator_gain_0p5,/home/users/am1015/rl_runs_walker_confirm_30seed_extra_caps_20260523/Walker2d-v4__ppo_alpha_a3p20__29__1779609538/ppo_alpha_a3p20.cleanrl_model,/home/users/am1015/rl_runs_walker_confirm_30seed_extra_caps_20260523/Walker2d-v4__ppo_alpha_a3p20__29__1779609538/ppo_alpha_a3p20.cleanrl_model.norm_stats.npz,1,1,1,0.0,0.0,0.0,0.0,1.0,1.0,,1.0,-1,,-1,,1.0,,0.5,1.0,292.65760626498206,34.315748421539205,309.8707910940027,309.7785948345654,228.6821103601776,316.65005394807,
1779640812,eval__Walker2d-v4__ppo_cont__a3p20__mass_0p5__seed29__pid3279223,ppo_cont,Walker2d-v4,29,30,1,a3p20,mass_0p5,/home/users/am1015/rl_runs_walker_confirm_30seed_extra_caps_20260523/Walker2d-v4__ppo_alpha_a3p20__29__1779609538/ppo_alpha_a3p20.cleanrl_model,/home/users/am1015/rl_runs_walker_confirm_30seed_extra_caps_20260523/Walker2d-v4__ppo_alpha_a3p20__29__1779609538/ppo_alpha_a3p20.cleanrl_model.norm_stats.npz,1,1,1,0.0,0.0,0.0,0.0,1.0,0.5,,1.0,-1,,-1,,1.0,,1.0,1.0,500.2059501900212,69.49304502481786,480.8914403067688,486.0250261383292,399.7270554223553,689.0952528169422,
1779640751,eval__Walker2d-v4__ppo_cont__a3p20__actuator_gain_0p5__seed2__pid2232567,ppo_cont,Walker2d-v4,2,30,1,a3p20,actuator_gain_0p5,/home/users/am1015/rl_runs_walker_confirm_30seed_extra_caps_20260523/Walker2d-v4__ppo_alpha_a3p20__2__1779609298/ppo_alpha_a3p20.cleanrl_model,/home/users/am1015/rl_runs_walker_confirm_30seed_extra_caps_20260523/Walker2d-v4__ppo_alpha_a3p20__2__1779609298/ppo_alpha_a3p20.cleanrl_model.norm_stats.npz,1,1,1,0.0,0.0,0.0,0.0,1.0,1.0,,1.0,-1,,-1,,1.0,,0.5,1.0,339.5532537927077,4.846405963205972,339.3524593093452,339.20614260944734,331.61818977729564,354.61124102163365,
1779640753,eval__Walker2d-v4__ppo_cont__a3p20__mass_0p5__seed2__pid228232,ppo_cont,Walker2d-v4,2,30,1,a3p20,mass_0p5,/home/users/am1015/rl_runs_walker_confirm_30seed_extra_caps_20260523/Walker2d-v4__ppo_alpha_a3p20__2__1779609298/ppo_alpha_a3p20.cleanrl_model,/home/users/am1015/rl_runs_walker_confirm_30seed_extra_caps_20260523/Walker2d-v4__ppo_alpha_a3p20__2__1779609298/ppo_alpha_a3p20.cleanrl_model.norm_stats.npz,1,1,1,0.0,0.0,0.0,0.0,1.0,0.5,,1.0,-1,,-1,,1.0,,1.0,1.0,418.6397070732749,45.09542911738544,419.6737522908728,421.7628668868806,291.940766575329,499.4820454879281,
1779640843,eval__Walker2d-v4__ppo_cont__a3p20__actuator_gain_0p5__seed30__pid3977293,ppo_cont,Walker2d-v4,30,30,1,a3p20,actuator_gain_0p5,/home/users/am1015/rl_runs_walker_confirm_30seed_extra_caps_20260523/Walker2d-v4__ppo_alpha_a3p20__30__1779609537/ppo_alpha_a3p20.cleanrl_model,/home/users/am1015/rl_runs_walker_confirm_30seed_extra_caps_20260523/Walker2d-v4__ppo_alpha_a3p20__30__1779609537/ppo_alpha_a3p20.cleanrl_model.norm_stats.npz,1,1,1,0.0,0.0,0.0,0.0,1.0,1.0,,1.0,-1,,-1,,1.0,,0.5,1.0,282.19933212124704,4.066264643223135,282.58521580687443,282.6080428600563,274.08304160952594,289.07977860639414,
1779640819,eval__Walker2d-v4__ppo_cont__a3p20__mass_0p5__seed30__pid3294690,ppo_cont,Walker2d-v4,30,30,1,a3p20,mass_0p5,/home/users/am1015/rl_runs_walker_confirm_30seed_extra_caps_20260523/Walker2d-v4__ppo_alpha_a3p20__30__1779609537/ppo_alpha_a3p20.cleanrl_model,/home/users/am1015/rl_runs_walker_confirm_30seed_extra_caps_20260523/Walker2d-v4__ppo_alpha_a3p20__30__1779609537/ppo_alpha_a3p20.cleanrl_model.norm_stats.npz,1,1,1,0.0,0.0,0.0,0.0,1.0,0.5,,1.0,-1,,-1,,1.0,,1.0,1.0,1772.9856896199303,855.6228515042475,1521.6194564183206,1521.4589942715158,664.7050797604924,3679.378406058627,
1779640843,eval__Walker2d-v4__ppo_cont__a3p20__actuator_gain_0p5__seed3__pid2232986,ppo_cont,Walker2d-v4,3,30,1,a3p20,actuator_gain_0p5,/home/users/am1015/rl_runs_walker_confirm_30seed_extra_caps_20260523/Walker2d-v4__ppo_alpha_a3p20__3__1779609298/ppo_alpha_a3p20.cleanrl_model,/home/users/am1015/rl_runs_walker_confirm_30seed_extra_caps_20260523/Walker2d-v4__ppo_alpha_a3p20__3__1779609298/ppo_alpha_a3p20.cleanrl_model.norm_stats.npz,1,1,1,0.0,0.0,0.0,0.0,1.0,1.0,,1.0,-1,,-1,,1.0,,0.5,1.0,260.9961088511873,4.786474713885638,260.3911211398636,260.565221371498,253.87572336460343,278.64980384916555,
1779640849,eval__Walker2d-v4__ppo_cont__a3p20__mass_0p5__seed3__pid228440,ppo_cont,Walker2d-v4,3,30,1,a3p20,mass_0p5,/home/users/am1015/rl_runs_walker_confirm_30seed_extra_caps_20260523/Walker2d-v4__ppo_alpha_a3p20__3__1779609298/ppo_alpha_a3p20.cleanrl_model,/home/users/am1015/rl_runs_walker_confirm_30seed_extra_caps_20260523/Walker2d-v4__ppo_alpha_a3p20__3__1779609298/ppo_alpha_a3p20.cleanrl_model.norm_stats.npz,1,1,1,0.0,0.0,0.0,0.0,1.0,0.5,,1.0,-1,,-1,,1.0,,1.0,1.0,1402.3750045680583,766.5665586102587,1145.0905472351133,1245.6185578759685,455.75726070125535,3273.4725874895485,
1779640843,eval__Walker2d-v4__ppo_cont__a3p20__actuator_gain_0p5__seed4__pid3279289,ppo_cont,Walker2d-v4,4,30,1,a3p20,actuator_gain_0p5,/home/users/am1015/rl_runs_walker_confirm_30seed_extra_caps_20260523/Walker2d-v4__ppo_alpha_a3p20__4__1779609298/ppo_alpha_a3p20.cleanrl_model,/home/users/am1015/rl_runs_walker_confirm_30seed_extra_caps_20260523/Walker2d-v4__ppo_alpha_a3p20__4__1779609298/ppo_alpha_a3p20.cleanrl_model.norm_stats.npz,1,1,1,0.0,0.0,0.0,0.0,1.0,1.0,,1.0,-1,,-1,,1.0,,0.5,1.0,337.4960439629143,2.199401994602339,337.4835954680432,337.5168418831825,333.1654048818158,342.25251115470184,
1779640843,eval__Walker2d-v4__ppo_cont__a3p20__mass_0p5__seed4__pid2232967,ppo_cont,Walker2d-v4,4,30,1,a3p20,mass_0p5,/home/users/am1015/rl_runs_walker_confirm_30seed_extra_caps_20260523/Walker2d-v4__ppo_alpha_a3p20__4__1779609298/ppo_alpha_a3p20.cleanrl_model,/home/users/am1015/rl_runs_walker_confirm_30seed_extra_caps_20260523/Walker2d-v4__ppo_alpha_a3p20__4__1779609298/ppo_alpha_a3p20.cleanrl_model.norm_stats.npz,1,1,1,0.0,0.0,0.0,0.0,1.0,0.5,,1.0,-1,,-1,,1.0,,1.0,1.0,277.2045927637633,157.84910564575952,244.3131736743157,246.858650307307,79.12250740345894,951.926524960957,
1779640844,eval__Walker2d-v4__ppo_cont__a3p20__actuator_gain_0p5__seed5__pid3296139,ppo_cont,Walker2d-v4,5,30,1,a3p20,actuator_gain_0p5,/home/users/am1015/rl_runs_walker_confirm_30seed_extra_caps_20260523/Walker2d-v4__ppo_alpha_a3p20__5__1779609297/ppo_alpha_a3p20.cleanrl_model,/home/users/am1015/rl_runs_walker_confirm_30seed_extra_caps_20260523/Walker2d-v4__ppo_alpha_a3p20__5__1779609297/ppo_alpha_a3p20.cleanrl_model.norm_stats.npz,1,1,1,0.0,0.0,0.0,0.0,1.0,1.0,,1.0,-1,,-1,,1.0,,0.5,1.0,314.8465335259662,2.6248359219277564,315.79497652468723,315.47404896245456,308.67501818708666,319.22764504857065,
1779640850,eval__Walker2d-v4__ppo_cont__a3p20__mass_0p5__seed5__pid671258,ppo_cont,Walker2d-v4,5,30,1,a3p20,mass_0p5,/home/users/am1015/rl_runs_walker_confirm_30seed_extra_caps_20260523/Walker2d-v4__ppo_alpha_a3p20__5__1779609297/ppo_alpha_a3p20.cleanrl_model,/home/users/am1015/rl_runs_walker_confirm_30seed_extra_caps_20260523/Walker2d-v4__ppo_alpha_a3p20__5__1779609297/ppo_alpha_a3p20.cleanrl_model.norm_stats.npz,1,1,1,0.0,0.0,0.0,0.0,1.0,0.5,,1.0,-1,,-1,,1.0,,1.0,1.0,1359.82370940912,1509.9400890059612,498.1697271836207,718.9306254338937,85.95520918813963,3895.6013012618178,
1779640871,eval__Walker2d-v4__ppo_cont__a3p20__actuator_gain_0p5__seed6__pid228509,ppo_cont,Walker2d-v4,6,30,1,a3p20,actuator_gain_0p5,/home/users/am1015/rl_runs_walker_confirm_30seed_extra_caps_20260523/Walker2d-v4__ppo_alpha_a3p20__6__1779609297/ppo_alpha_a3p20.cleanrl_model,/home/users/am1015/rl_runs_walker_confirm_30seed_extra_caps_20260523/Walker2d-v4__ppo_alpha_a3p20__6__1779609297/ppo_alpha_a3p20.cleanrl_model.norm_stats.npz,1,1,1,0.0,0.0,0.0,0.0,1.0,1.0,,1.0,-1,,-1,,1.0,,0.5,1.0,365.82268328376256,3.1691908903523305,366.2605926489338,365.9635778649222,359.73888089737306,373.1769416738173,
1779640876,eval__Walker2d-v4__ppo_cont__a3p20__mass_0p5__seed6__pid3977361,ppo_cont,Walker2d-v4,6,30,1,a3p20,mass_0p5,/home/users/am1015/rl_runs_walker_confirm_30seed_extra_caps_20260523/Walker2d-v4__ppo_alpha_a3p20__6__1779609297/ppo_alpha_a3p20.cleanrl_model,/home/users/am1015/rl_runs_walker_confirm_30seed_extra_caps_20260523/Walker2d-v4__ppo_alpha_a3p20__6__1779609297/ppo_alpha_a3p20.cleanrl_model.norm_stats.npz,1,1,1,0.0,0.0,0.0,0.0,1.0,0.5,,1.0,-1,,-1,,1.0,,1.0,1.0,1020.9148497801876,848.5738266275537,611.9743638075894,613.7319575293355,559.1536236348363,3886.161611870357,
1779640871,eval__Walker2d-v4__ppo_cont__a3p20__actuator_gain_0p5__seed7__pid2233142,ppo_cont,Walker2d-v4,7,30,1,a3p20,actuator_gain_0p5,/home/users/am1015/rl_runs_walker_confirm_30seed_extra_caps_20260523/Walker2d-v4__ppo_alpha_a3p20__7__1779609298/ppo_alpha_a3p20.cleanrl_model,/home/users/am1015/rl_runs_walker_confirm_30seed_extra_caps_20260523/Walker2d-v4__ppo_alpha_a3p20__7__1779609298/ppo_alpha_a3p20.cleanrl_model.norm_stats.npz,1,1,1,0.0,0.0,0.0,0.0,1.0,1.0,,1.0,-1,,-1,,1.0,,0.5,1.0,347.6984615260884,4.40820531618042,348.41496788722725,348.4373151919279,335.7539347083072,354.19192605376327,
1779640883,eval__Walker2d-v4__ppo_cont__a3p20__mass_0p5__seed7__pid2233127,ppo_cont,Walker2d-v4,7,30,1,a3p20,mass_0p5,/home/users/am1015/rl_runs_walker_confirm_30seed_extra_caps_20260523/Walker2d-v4__ppo_alpha_a3p20__7__1779609298/ppo_alpha_a3p20.cleanrl_model,/home/users/am1015/rl_runs_walker_confirm_30seed_extra_caps_20260523/Walker2d-v4__ppo_alpha_a3p20__7__1779609298/ppo_alpha_a3p20.cleanrl_model.norm_stats.npz,1,1,1,0.0,0.0,0.0,0.0,1.0,0.5,,1.0,-1,,-1,,1.0,,1.0,1.0,2626.648738233241,1092.3112482630477,2978.034916612753,2871.201817019365,802.9115574683519,3813.283562044565,
1779640870,eval__Walker2d-v4__ppo_cont__a3p20__actuator_gain_0p5__seed8__pid671328,ppo_cont,Walker2d-v4,8,30,1,a3p20,actuator_gain_0p5,/home/users/am1015/rl_runs_walker_confirm_30seed_extra_caps_20260523/Walker2d-v4__ppo_alpha_a3p20__8__1779609298/ppo_alpha_a3p20.cleanrl_model,/home/users/am1015/rl_runs_walker_confirm_30seed_extra_caps_20260523/Walker2d-v4__ppo_alpha_a3p20__8__1779609298/ppo_alpha_a3p20.cleanrl_model.norm_stats.npz,1,1,1,0.0,0.0,0.0,0.0,1.0,1.0,,1.0,-1,,-1,,1.0,,0.5,1.0,296.36926049747,2.1312330127411925,295.6913059848771,295.9911915632365,292.1829597476427,300.5170406169472,
1779640880,eval__Walker2d-v4__ppo_cont__a3p20__mass_0p5__seed8__pid3279358,ppo_cont,Walker2d-v4,8,30,1,a3p20,mass_0p5,/home/users/am1015/rl_runs_walker_confirm_30seed_extra_caps_20260523/Walker2d-v4__ppo_alpha_a3p20__8__1779609298/ppo_alpha_a3p20.cleanrl_model,/home/users/am1015/rl_runs_walker_confirm_30seed_extra_caps_20260523/Walker2d-v4__ppo_alpha_a3p20__8__1779609298/ppo_alpha_a3p20.cleanrl_model.norm_stats.npz,1,1,1,0.0,0.0,0.0,0.0,1.0,0.5,,1.0,-1,,-1,,1.0,,1.0,1.0,1940.4884825310933,983.7510192047428,1612.373120443552,1622.9434093661218,913.2454296044184,4096.268018690812,
1779640903,eval__Walker2d-v4__ppo_cont__a3p20__actuator_gain_0p5__seed9__pid3977428,ppo_cont,Walker2d-v4,9,30,1,a3p20,actuator_gain_0p5,/home/users/am1015/rl_runs_walker_confirm_30seed_extra_caps_20260523/Walker2d-v4__ppo_alpha_a3p20__9__1779609298/ppo_alpha_a3p20.cleanrl_model,/home/users/am1015/rl_runs_walker_confirm_30seed_extra_caps_20260523/Walker2d-v4__ppo_alpha_a3p20__9__1779609298/ppo_alpha_a3p20.cleanrl_model.norm_stats.npz,1,1,1,0.0,0.0,0.0,0.0,1.0,1.0,,1.0,-1,,-1,,1.0,,0.5,1.0,211.5978902892496,7.316685158619317,210.14975723302712,210.9164814502796,200.6675968026522,226.54033513473792,
1779640877,eval__Walker2d-v4__ppo_cont__a3p20__mass_0p5__seed9__pid3297371,ppo_cont,Walker2d-v4,9,30,1,a3p20,mass_0p5,/home/users/am1015/rl_runs_walker_confirm_30seed_extra_caps_20260523/Walker2d-v4__ppo_alpha_a3p20__9__1779609298/ppo_alpha_a3p20.cleanrl_model,/home/users/am1015/rl_runs_walker_confirm_30seed_extra_caps_20260523/Walker2d-v4__ppo_alpha_a3p20__9__1779609298/ppo_alpha_a3p20.cleanrl_model.norm_stats.npz,1,1,1,0.0,0.0,0.0,0.0,1.0,0.5,,1.0,-1,,-1,,1.0,,1.0,1.0,1167.7363551902783,651.7284214178317,1003.8110709015764,980.1211160447956,629.3694164654977,3377.361320602856,
