timestamp,run_name,algo,env_id,seed,eval_episodes,is_perturbed,model_label,scenario_label,model_path,norm_stats_path,eval_raw_rewards,deterministic_eval,xml_perturb,obs_noise_std,reward_noise_std,action_noise_std,action_replace_prob,xml_total_mass_scale,xml_body_mass_scale,xml_body_name_selector,xml_geom_friction_scale,xml_geom_friction_component,xml_geom_name_selector,xml_gravity_component_index,xml_gravity_component_value,xml_joint_damping_scale,xml_joint_name_selector,xml_actuator_gain_scale,xml_actuator_bias_scale,mean_return,std_return,median_return,iqm_return,min_return,max_return,xml_actuator_joint_selector
1779511741,eval__Walker2d-v4__ppo_cont__a2p95__actuator_gain_0p5__seed10__pid1783970,ppo_cont,Walker2d-v4,10,30,1,a2p95,actuator_gain_0p5,/home/users/am1015/rl_runs_walker_confirm_30seed_20260521/Walker2d-v4__ppo_alpha_a2p95__10__1779434273/ppo_alpha_a2p95.cleanrl_model,/home/users/am1015/rl_runs_walker_confirm_30seed_20260521/Walker2d-v4__ppo_alpha_a2p95__10__1779434273/ppo_alpha_a2p95.cleanrl_model.norm_stats.npz,1,1,1,0.0,0.0,0.0,0.0,1.0,1.0,,1.0,-1,,-1,,1.0,,0.5,1.0,327.0213496293221,13.671633702860904,327.29158358218695,327.1280262730112,304.43759817235343,349.2909898907613,
1779511760,eval__Walker2d-v4__ppo_cont__a2p95__mass_0p5__seed10__pid1900440,ppo_cont,Walker2d-v4,10,30,1,a2p95,mass_0p5,/home/users/am1015/rl_runs_walker_confirm_30seed_20260521/Walker2d-v4__ppo_alpha_a2p95__10__1779434273/ppo_alpha_a2p95.cleanrl_model,/home/users/am1015/rl_runs_walker_confirm_30seed_20260521/Walker2d-v4__ppo_alpha_a2p95__10__1779434273/ppo_alpha_a2p95.cleanrl_model.norm_stats.npz,1,1,1,0.0,0.0,0.0,0.0,1.0,0.5,,1.0,-1,,-1,,1.0,,1.0,1.0,3322.411560965821,851.2109375124327,3676.765502567643,3658.735890528766,709.3621946808975,3971.8060326716286,
1779511743,eval__Walker2d-v4__ppo_cont__a2p95__actuator_gain_0p5__seed11__pid625870,ppo_cont,Walker2d-v4,11,30,1,a2p95,actuator_gain_0p5,/home/users/am1015/rl_runs_walker_confirm_30seed_20260521/Walker2d-v4__ppo_alpha_a2p95__11__1779434273/ppo_alpha_a2p95.cleanrl_model,/home/users/am1015/rl_runs_walker_confirm_30seed_20260521/Walker2d-v4__ppo_alpha_a2p95__11__1779434273/ppo_alpha_a2p95.cleanrl_model.norm_stats.npz,1,1,1,0.0,0.0,0.0,0.0,1.0,1.0,,1.0,-1,,-1,,1.0,,0.5,1.0,325.731889216868,1.2758496065534048,325.7890352757057,325.8025919877473,322.78941966142185,328.8414141415338,
1779511744,eval__Walker2d-v4__ppo_cont__a2p95__mass_0p5__seed11__pid625855,ppo_cont,Walker2d-v4,11,30,1,a2p95,mass_0p5,/home/users/am1015/rl_runs_walker_confirm_30seed_20260521/Walker2d-v4__ppo_alpha_a2p95__11__1779434273/ppo_alpha_a2p95.cleanrl_model,/home/users/am1015/rl_runs_walker_confirm_30seed_20260521/Walker2d-v4__ppo_alpha_a2p95__11__1779434273/ppo_alpha_a2p95.cleanrl_model.norm_stats.npz,1,1,1,0.0,0.0,0.0,0.0,1.0,0.5,,1.0,-1,,-1,,1.0,,1.0,1.0,336.1276081029108,32.969389733701924,338.114822014082,336.9156878828189,270.0982693809111,412.4352539948427,
1779511743,eval__Walker2d-v4__ppo_cont__a2p95__actuator_gain_0p5__seed12__pid3128991,ppo_cont,Walker2d-v4,12,30,1,a2p95,actuator_gain_0p5,/home/users/am1015/rl_runs_walker_confirm_30seed_20260521/Walker2d-v4__ppo_alpha_a2p95__12__1779434273/ppo_alpha_a2p95.cleanrl_model,/home/users/am1015/rl_runs_walker_confirm_30seed_20260521/Walker2d-v4__ppo_alpha_a2p95__12__1779434273/ppo_alpha_a2p95.cleanrl_model.norm_stats.npz,1,1,1,0.0,0.0,0.0,0.0,1.0,1.0,,1.0,-1,,-1,,1.0,,0.5,1.0,408.6230407585451,15.205687916368586,409.1301096190375,408.7726306796458,384.9864618039218,433.6957127277818,
1779511746,eval__Walker2d-v4__ppo_cont__a2p95__mass_0p5__seed12__pid4117927,ppo_cont,Walker2d-v4,12,30,1,a2p95,mass_0p5,/home/users/am1015/rl_runs_walker_confirm_30seed_20260521/Walker2d-v4__ppo_alpha_a2p95__12__1779434273/ppo_alpha_a2p95.cleanrl_model,/home/users/am1015/rl_runs_walker_confirm_30seed_20260521/Walker2d-v4__ppo_alpha_a2p95__12__1779434273/ppo_alpha_a2p95.cleanrl_model.norm_stats.npz,1,1,1,0.0,0.0,0.0,0.0,1.0,0.5,,1.0,-1,,-1,,1.0,,1.0,1.0,835.0386633067877,716.5390910814509,647.5804505042499,658.8199609777231,128.21446012996174,3611.2661044612064,
1779511742,eval__Walker2d-v4__ppo_cont__a2p95__actuator_gain_0p5__seed13__pid3129021,ppo_cont,Walker2d-v4,13,30,1,a2p95,actuator_gain_0p5,/home/users/am1015/rl_runs_walker_confirm_30seed_20260521/Walker2d-v4__ppo_alpha_a2p95__13__1779434273/ppo_alpha_a2p95.cleanrl_model,/home/users/am1015/rl_runs_walker_confirm_30seed_20260521/Walker2d-v4__ppo_alpha_a2p95__13__1779434273/ppo_alpha_a2p95.cleanrl_model.norm_stats.npz,1,1,1,0.0,0.0,0.0,0.0,1.0,1.0,,1.0,-1,,-1,,1.0,,0.5,1.0,300.5885451178684,2.815407161896744,300.0344932455723,300.50758291355254,295.4893316338695,304.9428448172277,
1779511742,eval__Walker2d-v4__ppo_cont__a2p95__mass_0p5__seed13__pid3129005,ppo_cont,Walker2d-v4,13,30,1,a2p95,mass_0p5,/home/users/am1015/rl_runs_walker_confirm_30seed_20260521/Walker2d-v4__ppo_alpha_a2p95__13__1779434273/ppo_alpha_a2p95.cleanrl_model,/home/users/am1015/rl_runs_walker_confirm_30seed_20260521/Walker2d-v4__ppo_alpha_a2p95__13__1779434273/ppo_alpha_a2p95.cleanrl_model.norm_stats.npz,1,1,1,0.0,0.0,0.0,0.0,1.0,0.5,,1.0,-1,,-1,,1.0,,1.0,1.0,271.271974722703,57.56927213775558,249.0526837727795,252.93589340864915,215.93704781581388,441.2553519049431,
1779511740,eval__Walker2d-v4__ppo_cont__a2p95__actuator_gain_0p5__seed14__pid3486078,ppo_cont,Walker2d-v4,14,30,1,a2p95,actuator_gain_0p5,/home/users/am1015/rl_runs_walker_confirm_30seed_20260521/Walker2d-v4__ppo_alpha_a2p95__14__1779434273/ppo_alpha_a2p95.cleanrl_model,/home/users/am1015/rl_runs_walker_confirm_30seed_20260521/Walker2d-v4__ppo_alpha_a2p95__14__1779434273/ppo_alpha_a2p95.cleanrl_model.norm_stats.npz,1,1,1,0.0,0.0,0.0,0.0,1.0,1.0,,1.0,-1,,-1,,1.0,,0.5,1.0,354.6493144486316,4.776101516169644,355.12546628934444,355.0097143971093,341.06168469501137,365.75042570987904,
1779511740,eval__Walker2d-v4__ppo_cont__a2p95__mass_0p5__seed14__pid3486109,ppo_cont,Walker2d-v4,14,30,1,a2p95,mass_0p5,/home/users/am1015/rl_runs_walker_confirm_30seed_20260521/Walker2d-v4__ppo_alpha_a2p95__14__1779434273/ppo_alpha_a2p95.cleanrl_model,/home/users/am1015/rl_runs_walker_confirm_30seed_20260521/Walker2d-v4__ppo_alpha_a2p95__14__1779434273/ppo_alpha_a2p95.cleanrl_model.norm_stats.npz,1,1,1,0.0,0.0,0.0,0.0,1.0,0.5,,1.0,-1,,-1,,1.0,,1.0,1.0,424.79764986812654,409.3930218870293,317.6774301934262,320.8638122113404,121.22252209032686,2415.0539821588845,
1779511742,eval__Walker2d-v4__ppo_cont__a2p95__actuator_gain_0p5__seed15__pid2976973,ppo_cont,Walker2d-v4,15,30,1,a2p95,actuator_gain_0p5,/home/users/am1015/rl_runs_walker_confirm_30seed_20260521/Walker2d-v4__ppo_alpha_a2p95__15__1779434303/ppo_alpha_a2p95.cleanrl_model,/home/users/am1015/rl_runs_walker_confirm_30seed_20260521/Walker2d-v4__ppo_alpha_a2p95__15__1779434303/ppo_alpha_a2p95.cleanrl_model.norm_stats.npz,1,1,1,0.0,0.0,0.0,0.0,1.0,1.0,,1.0,-1,,-1,,1.0,,0.5,1.0,241.1930841813553,1.9429899583025405,240.8838689874304,240.993110696516,238.2041200175568,246.9166116157847,
1779511748,eval__Walker2d-v4__ppo_cont__a2p95__mass_0p5__seed15__pid3486106,ppo_cont,Walker2d-v4,15,30,1,a2p95,mass_0p5,/home/users/am1015/rl_runs_walker_confirm_30seed_20260521/Walker2d-v4__ppo_alpha_a2p95__15__1779434303/ppo_alpha_a2p95.cleanrl_model,/home/users/am1015/rl_runs_walker_confirm_30seed_20260521/Walker2d-v4__ppo_alpha_a2p95__15__1779434303/ppo_alpha_a2p95.cleanrl_model.norm_stats.npz,1,1,1,0.0,0.0,0.0,0.0,1.0,0.5,,1.0,-1,,-1,,1.0,,1.0,1.0,2523.563284140847,1199.7472471354872,3077.3459939166173,3025.6399890842927,98.90994811109714,3606.81236929117,
1779511744,eval__Walker2d-v4__ppo_cont__a2p95__actuator_gain_0p5__seed16__pid2976941,ppo_cont,Walker2d-v4,16,30,1,a2p95,actuator_gain_0p5,/home/users/am1015/rl_runs_walker_confirm_30seed_20260521/Walker2d-v4__ppo_alpha_a2p95__16__1779434302/ppo_alpha_a2p95.cleanrl_model,/home/users/am1015/rl_runs_walker_confirm_30seed_20260521/Walker2d-v4__ppo_alpha_a2p95__16__1779434302/ppo_alpha_a2p95.cleanrl_model.norm_stats.npz,1,1,1,0.0,0.0,0.0,0.0,1.0,1.0,,1.0,-1,,-1,,1.0,,0.5,1.0,357.66159109942095,18.622949948488245,359.56063305789166,357.46249737019554,327.13489687908583,386.2338665163234,
1779511743,eval__Walker2d-v4__ppo_cont__a2p95__mass_0p5__seed16__pid2976942,ppo_cont,Walker2d-v4,16,30,1,a2p95,mass_0p5,/home/users/am1015/rl_runs_walker_confirm_30seed_20260521/Walker2d-v4__ppo_alpha_a2p95__16__1779434302/ppo_alpha_a2p95.cleanrl_model,/home/users/am1015/rl_runs_walker_confirm_30seed_20260521/Walker2d-v4__ppo_alpha_a2p95__16__1779434302/ppo_alpha_a2p95.cleanrl_model.norm_stats.npz,1,1,1,0.0,0.0,0.0,0.0,1.0,0.5,,1.0,-1,,-1,,1.0,,1.0,1.0,375.9743335260357,333.1278974335971,165.2102829306715,247.12620919733533,116.15244780780344,1194.6030603350152,
1779511743,eval__Walker2d-v4__ppo_cont__a2p95__actuator_gain_0p5__seed17__pid2576340,ppo_cont,Walker2d-v4,17,30,1,a2p95,actuator_gain_0p5,/home/users/am1015/rl_runs_walker_confirm_30seed_20260521/Walker2d-v4__ppo_alpha_a2p95__17__1779434302/ppo_alpha_a2p95.cleanrl_model,/home/users/am1015/rl_runs_walker_confirm_30seed_20260521/Walker2d-v4__ppo_alpha_a2p95__17__1779434302/ppo_alpha_a2p95.cleanrl_model.norm_stats.npz,1,1,1,0.0,0.0,0.0,0.0,1.0,1.0,,1.0,-1,,-1,,1.0,,0.5,1.0,359.9719050444304,2.17162775172325,360.0596518520251,360.0997146067737,355.6693994418273,363.9476221177374,
1779511749,eval__Walker2d-v4__ppo_cont__a2p95__mass_0p5__seed17__pid2976969,ppo_cont,Walker2d-v4,17,30,1,a2p95,mass_0p5,/home/users/am1015/rl_runs_walker_confirm_30seed_20260521/Walker2d-v4__ppo_alpha_a2p95__17__1779434302/ppo_alpha_a2p95.cleanrl_model,/home/users/am1015/rl_runs_walker_confirm_30seed_20260521/Walker2d-v4__ppo_alpha_a2p95__17__1779434302/ppo_alpha_a2p95.cleanrl_model.norm_stats.npz,1,1,1,0.0,0.0,0.0,0.0,1.0,0.5,,1.0,-1,,-1,,1.0,,1.0,1.0,1950.8722618748695,871.5552743947333,1879.029069040298,1881.8175551694428,545.6154341861329,3628.502043731772,
1779511743,eval__Walker2d-v4__ppo_cont__a2p95__actuator_gain_0p5__seed18__pid2576314,ppo_cont,Walker2d-v4,18,30,1,a2p95,actuator_gain_0p5,/home/users/am1015/rl_runs_walker_confirm_30seed_20260521/Walker2d-v4__ppo_alpha_a2p95__18__1779434333/ppo_alpha_a2p95.cleanrl_model,/home/users/am1015/rl_runs_walker_confirm_30seed_20260521/Walker2d-v4__ppo_alpha_a2p95__18__1779434333/ppo_alpha_a2p95.cleanrl_model.norm_stats.npz,1,1,1,0.0,0.0,0.0,0.0,1.0,1.0,,1.0,-1,,-1,,1.0,,0.5,1.0,323.0922416634172,21.47473220693479,328.9350169029768,328.56297704469824,241.73054823578676,334.7805240931376,
1779511746,eval__Walker2d-v4__ppo_cont__a2p95__mass_0p5__seed18__pid2576353,ppo_cont,Walker2d-v4,18,30,1,a2p95,mass_0p5,/home/users/am1015/rl_runs_walker_confirm_30seed_20260521/Walker2d-v4__ppo_alpha_a2p95__18__1779434333/ppo_alpha_a2p95.cleanrl_model,/home/users/am1015/rl_runs_walker_confirm_30seed_20260521/Walker2d-v4__ppo_alpha_a2p95__18__1779434333/ppo_alpha_a2p95.cleanrl_model.norm_stats.npz,1,1,1,0.0,0.0,0.0,0.0,1.0,0.5,,1.0,-1,,-1,,1.0,,1.0,1.0,1247.691353088188,575.1230639824248,1152.718989431149,1191.4537522449034,585.984436826775,2393.0706983334635,
1779511741,eval__Walker2d-v4__ppo_cont__a2p95__actuator_gain_0p5__seed19__pid1676436,ppo_cont,Walker2d-v4,19,30,1,a2p95,actuator_gain_0p5,/home/users/am1015/rl_runs_walker_confirm_30seed_20260521/Walker2d-v4__ppo_alpha_a2p95__19__1779434363/ppo_alpha_a2p95.cleanrl_model,/home/users/am1015/rl_runs_walker_confirm_30seed_20260521/Walker2d-v4__ppo_alpha_a2p95__19__1779434363/ppo_alpha_a2p95.cleanrl_model.norm_stats.npz,1,1,1,0.0,0.0,0.0,0.0,1.0,1.0,,1.0,-1,,-1,,1.0,,0.5,1.0,340.4131368672164,7.643313646686654,341.49019432177755,340.1732120013574,327.3459463393469,354.3512900648416,
1779511743,eval__Walker2d-v4__ppo_cont__a2p95__mass_0p5__seed19__pid2576334,ppo_cont,Walker2d-v4,19,30,1,a2p95,mass_0p5,/home/users/am1015/rl_runs_walker_confirm_30seed_20260521/Walker2d-v4__ppo_alpha_a2p95__19__1779434363/ppo_alpha_a2p95.cleanrl_model,/home/users/am1015/rl_runs_walker_confirm_30seed_20260521/Walker2d-v4__ppo_alpha_a2p95__19__1779434363/ppo_alpha_a2p95.cleanrl_model.norm_stats.npz,1,1,1,0.0,0.0,0.0,0.0,1.0,0.5,,1.0,-1,,-1,,1.0,,1.0,1.0,421.0730934165359,146.84102890210687,410.2407368503655,396.53926471712873,296.0177635725732,954.1048931309592,
1779511741,eval__Walker2d-v4__ppo_cont__a2p95__actuator_gain_0p5__seed1__pid417401,ppo_cont,Walker2d-v4,1,30,1,a2p95,actuator_gain_0p5,/home/users/am1015/rl_runs_walker_confirm_30seed_20260521/Walker2d-v4__ppo_alpha_a2p95__1__1779434242/ppo_alpha_a2p95.cleanrl_model,/home/users/am1015/rl_runs_walker_confirm_30seed_20260521/Walker2d-v4__ppo_alpha_a2p95__1__1779434242/ppo_alpha_a2p95.cleanrl_model.norm_stats.npz,1,1,1,0.0,0.0,0.0,0.0,1.0,1.0,,1.0,-1,,-1,,1.0,,0.5,1.0,348.94911017470906,1.3034223735048729,349.1929191870364,349.1723873837405,346.24087249679405,351.56572140153435,
1779511744,eval__Walker2d-v4__ppo_cont__a2p95__mass_0p5__seed1__pid491039,ppo_cont,Walker2d-v4,1,30,1,a2p95,mass_0p5,/home/users/am1015/rl_runs_walker_confirm_30seed_20260521/Walker2d-v4__ppo_alpha_a2p95__1__1779434242/ppo_alpha_a2p95.cleanrl_model,/home/users/am1015/rl_runs_walker_confirm_30seed_20260521/Walker2d-v4__ppo_alpha_a2p95__1__1779434242/ppo_alpha_a2p95.cleanrl_model.norm_stats.npz,1,1,1,0.0,0.0,0.0,0.0,1.0,0.5,,1.0,-1,,-1,,1.0,,1.0,1.0,587.0489038476136,769.4209599160398,322.49793908604886,311.5890237541832,190.7950915976421,2911.601557931116,
1779511743,eval__Walker2d-v4__ppo_cont__a2p95__actuator_gain_0p5__seed20__pid2006352,ppo_cont,Walker2d-v4,20,30,1,a2p95,actuator_gain_0p5,/home/users/am1015/rl_runs_walker_confirm_30seed_20260521/Walker2d-v4__ppo_alpha_a2p95__20__1779435443/ppo_alpha_a2p95.cleanrl_model,/home/users/am1015/rl_runs_walker_confirm_30seed_20260521/Walker2d-v4__ppo_alpha_a2p95__20__1779435443/ppo_alpha_a2p95.cleanrl_model.norm_stats.npz,1,1,1,0.0,0.0,0.0,0.0,1.0,1.0,,1.0,-1,,-1,,1.0,,0.5,1.0,347.7867930038413,4.459665925156147,347.6204883279623,347.72569965155355,340.6965615162715,355.9107275100943,
1779511744,eval__Walker2d-v4__ppo_cont__a2p95__mass_0p5__seed20__pid2006307,ppo_cont,Walker2d-v4,20,30,1,a2p95,mass_0p5,/home/users/am1015/rl_runs_walker_confirm_30seed_20260521/Walker2d-v4__ppo_alpha_a2p95__20__1779435443/ppo_alpha_a2p95.cleanrl_model,/home/users/am1015/rl_runs_walker_confirm_30seed_20260521/Walker2d-v4__ppo_alpha_a2p95__20__1779435443/ppo_alpha_a2p95.cleanrl_model.norm_stats.npz,1,1,1,0.0,0.0,0.0,0.0,1.0,0.5,,1.0,-1,,-1,,1.0,,1.0,1.0,399.2817454748317,43.80457136928088,418.3176384298425,416.2943436691608,237.89955256969705,433.3220033971119,
1779511743,eval__Walker2d-v4__ppo_cont__a2p95__actuator_gain_0p5__seed21__pid2006333,ppo_cont,Walker2d-v4,21,30,1,a2p95,actuator_gain_0p5,/home/users/am1015/rl_runs_walker_confirm_30seed_20260521/Walker2d-v4__ppo_alpha_a2p95__21__1779438773/ppo_alpha_a2p95.cleanrl_model,/home/users/am1015/rl_runs_walker_confirm_30seed_20260521/Walker2d-v4__ppo_alpha_a2p95__21__1779438773/ppo_alpha_a2p95.cleanrl_model.norm_stats.npz,1,1,1,0.0,0.0,0.0,0.0,1.0,1.0,,1.0,-1,,-1,,1.0,,0.5,1.0,229.07621761809548,6.825291647419451,229.7035489950215,230.0057274564301,216.66096964120555,240.02290308423704,
1779511748,eval__Walker2d-v4__ppo_cont__a2p95__mass_0p5__seed21__pid2006347,ppo_cont,Walker2d-v4,21,30,1,a2p95,mass_0p5,/home/users/am1015/rl_runs_walker_confirm_30seed_20260521/Walker2d-v4__ppo_alpha_a2p95__21__1779438773/ppo_alpha_a2p95.cleanrl_model,/home/users/am1015/rl_runs_walker_confirm_30seed_20260521/Walker2d-v4__ppo_alpha_a2p95__21__1779438773/ppo_alpha_a2p95.cleanrl_model.norm_stats.npz,1,1,1,0.0,0.0,0.0,0.0,1.0,0.5,,1.0,-1,,-1,,1.0,,1.0,1.0,1222.9258586912106,918.2091907705608,1200.8076027786767,1206.8999740736804,45.61567257203737,3125.456661778211,
1779511744,eval__Walker2d-v4__ppo_cont__a2p95__actuator_gain_0p5__seed22__pid247185,ppo_cont,Walker2d-v4,22,30,1,a2p95,actuator_gain_0p5,/home/users/am1015/rl_runs_walker_confirm_30seed_20260521/Walker2d-v4__ppo_alpha_a2p95__22__1779439083/ppo_alpha_a2p95.cleanrl_model,/home/users/am1015/rl_runs_walker_confirm_30seed_20260521/Walker2d-v4__ppo_alpha_a2p95__22__1779439083/ppo_alpha_a2p95.cleanrl_model.norm_stats.npz,1,1,1,0.0,0.0,0.0,0.0,1.0,1.0,,1.0,-1,,-1,,1.0,,0.5,1.0,324.65035195409325,10.428734378086956,323.6872623245114,324.14547943449537,306.8629681826765,350.9161044032904,
1779511747,eval__Walker2d-v4__ppo_cont__a2p95__mass_0p5__seed22__pid1338108,ppo_cont,Walker2d-v4,22,30,1,a2p95,mass_0p5,/home/users/am1015/rl_runs_walker_confirm_30seed_20260521/Walker2d-v4__ppo_alpha_a2p95__22__1779439083/ppo_alpha_a2p95.cleanrl_model,/home/users/am1015/rl_runs_walker_confirm_30seed_20260521/Walker2d-v4__ppo_alpha_a2p95__22__1779439083/ppo_alpha_a2p95.cleanrl_model.norm_stats.npz,1,1,1,0.0,0.0,0.0,0.0,1.0,0.5,,1.0,-1,,-1,,1.0,,1.0,1.0,1514.2592228812707,1154.316753705588,1201.429334971136,1262.4409398940566,370.500838549324,4310.354300829886,
1779511770,eval__Walker2d-v4__ppo_cont__a2p95__actuator_gain_0p5__seed23__pid626033,ppo_cont,Walker2d-v4,23,30,1,a2p95,actuator_gain_0p5,/home/users/am1015/rl_runs_walker_confirm_30seed_20260521/Walker2d-v4__ppo_alpha_a2p95__23__1779439254/ppo_alpha_a2p95.cleanrl_model,/home/users/am1015/rl_runs_walker_confirm_30seed_20260521/Walker2d-v4__ppo_alpha_a2p95__23__1779439254/ppo_alpha_a2p95.cleanrl_model.norm_stats.npz,1,1,1,0.0,0.0,0.0,0.0,1.0,1.0,,1.0,-1,,-1,,1.0,,0.5,1.0,291.39256857625367,1.539693122084152,291.23710608769954,291.25484932411683,288.63795197199283,294.92570957624,
1779511774,eval__Walker2d-v4__ppo_cont__a2p95__mass_0p5__seed23__pid1784043,ppo_cont,Walker2d-v4,23,30,1,a2p95,mass_0p5,/home/users/am1015/rl_runs_walker_confirm_30seed_20260521/Walker2d-v4__ppo_alpha_a2p95__23__1779439254/ppo_alpha_a2p95.cleanrl_model,/home/users/am1015/rl_runs_walker_confirm_30seed_20260521/Walker2d-v4__ppo_alpha_a2p95__23__1779439254/ppo_alpha_a2p95.cleanrl_model.norm_stats.npz,1,1,1,0.0,0.0,0.0,0.0,1.0,0.5,,1.0,-1,,-1,,1.0,,1.0,1.0,1025.547646905882,538.0389493824048,932.2936480383064,950.6580178684096,363.3180602644663,3011.929429826385,
1779511769,eval__Walker2d-v4__ppo_cont__a2p95__actuator_gain_0p5__seed24__pid491139,ppo_cont,Walker2d-v4,24,30,1,a2p95,actuator_gain_0p5,/home/users/am1015/rl_runs_walker_confirm_30seed_20260521/Walker2d-v4__ppo_alpha_a2p95__24__1779439265/ppo_alpha_a2p95.cleanrl_model,/home/users/am1015/rl_runs_walker_confirm_30seed_20260521/Walker2d-v4__ppo_alpha_a2p95__24__1779439265/ppo_alpha_a2p95.cleanrl_model.norm_stats.npz,1,1,1,0.0,0.0,0.0,0.0,1.0,1.0,,1.0,-1,,-1,,1.0,,0.5,1.0,316.756126707671,10.93643781899834,317.0372843753028,317.6183258906505,298.5841452891259,335.3615000949833,
1779511775,eval__Walker2d-v4__ppo_cont__a2p95__mass_0p5__seed24__pid626031,ppo_cont,Walker2d-v4,24,30,1,a2p95,mass_0p5,/home/users/am1015/rl_runs_walker_confirm_30seed_20260521/Walker2d-v4__ppo_alpha_a2p95__24__1779439265/ppo_alpha_a2p95.cleanrl_model,/home/users/am1015/rl_runs_walker_confirm_30seed_20260521/Walker2d-v4__ppo_alpha_a2p95__24__1779439265/ppo_alpha_a2p95.cleanrl_model.norm_stats.npz,1,1,1,0.0,0.0,0.0,0.0,1.0,0.5,,1.0,-1,,-1,,1.0,,1.0,1.0,1462.1918560064232,790.5699153646814,1201.5674880151091,1258.9229338972707,689.7025779916712,3437.7016177852424,
1779511771,eval__Walker2d-v4__ppo_cont__a2p95__actuator_gain_0p5__seed25__pid4118021,ppo_cont,Walker2d-v4,25,30,1,a2p95,actuator_gain_0p5,/home/users/am1015/rl_runs_walker_confirm_30seed_20260521/Walker2d-v4__ppo_alpha_a2p95__25__1779439265/ppo_alpha_a2p95.cleanrl_model,/home/users/am1015/rl_runs_walker_confirm_30seed_20260521/Walker2d-v4__ppo_alpha_a2p95__25__1779439265/ppo_alpha_a2p95.cleanrl_model.norm_stats.npz,1,1,1,0.0,0.0,0.0,0.0,1.0,1.0,,1.0,-1,,-1,,1.0,,0.5,1.0,222.83795597676675,2.426944232543174,222.06573106467224,222.41337482261696,219.14871473861888,228.38604610284224,
1779511775,eval__Walker2d-v4__ppo_cont__a2p95__mass_0p5__seed25__pid417846,ppo_cont,Walker2d-v4,25,30,1,a2p95,mass_0p5,/home/users/am1015/rl_runs_walker_confirm_30seed_20260521/Walker2d-v4__ppo_alpha_a2p95__25__1779439265/ppo_alpha_a2p95.cleanrl_model,/home/users/am1015/rl_runs_walker_confirm_30seed_20260521/Walker2d-v4__ppo_alpha_a2p95__25__1779439265/ppo_alpha_a2p95.cleanrl_model.norm_stats.npz,1,1,1,0.0,0.0,0.0,0.0,1.0,0.5,,1.0,-1,,-1,,1.0,,1.0,1.0,2169.0313778942136,1047.3878159937906,1790.0633041563106,1996.8276820246092,744.4511010388202,4013.199736135829,
1779511769,eval__Walker2d-v4__ppo_cont__a2p95__actuator_gain_0p5__seed26__pid3129222,ppo_cont,Walker2d-v4,26,30,1,a2p95,actuator_gain_0p5,/home/users/am1015/rl_runs_walker_confirm_30seed_20260521/Walker2d-v4__ppo_alpha_a2p95__26__1779439264/ppo_alpha_a2p95.cleanrl_model,/home/users/am1015/rl_runs_walker_confirm_30seed_20260521/Walker2d-v4__ppo_alpha_a2p95__26__1779439264/ppo_alpha_a2p95.cleanrl_model.norm_stats.npz,1,1,1,0.0,0.0,0.0,0.0,1.0,1.0,,1.0,-1,,-1,,1.0,,0.5,1.0,203.89499628039357,8.879740785477448,199.48512640012305,201.06255331654305,193.81835198790804,224.3757777875826,
1779511775,eval__Walker2d-v4__ppo_cont__a2p95__mass_0p5__seed26__pid3129251,ppo_cont,Walker2d-v4,26,30,1,a2p95,mass_0p5,/home/users/am1015/rl_runs_walker_confirm_30seed_20260521/Walker2d-v4__ppo_alpha_a2p95__26__1779439264/ppo_alpha_a2p95.cleanrl_model,/home/users/am1015/rl_runs_walker_confirm_30seed_20260521/Walker2d-v4__ppo_alpha_a2p95__26__1779439264/ppo_alpha_a2p95.cleanrl_model.norm_stats.npz,1,1,1,0.0,0.0,0.0,0.0,1.0,0.5,,1.0,-1,,-1,,1.0,,1.0,1.0,1762.9396075533705,712.6719643078534,1647.7960415071525,1668.1577017467075,940.1892435292212,4130.823603743414,
1779511771,eval__Walker2d-v4__ppo_cont__a2p95__actuator_gain_0p5__seed27__pid3486344,ppo_cont,Walker2d-v4,27,30,1,a2p95,actuator_gain_0p5,/home/users/am1015/rl_runs_walker_confirm_30seed_20260521/Walker2d-v4__ppo_alpha_a2p95__27__1779439265/ppo_alpha_a2p95.cleanrl_model,/home/users/am1015/rl_runs_walker_confirm_30seed_20260521/Walker2d-v4__ppo_alpha_a2p95__27__1779439265/ppo_alpha_a2p95.cleanrl_model.norm_stats.npz,1,1,1,0.0,0.0,0.0,0.0,1.0,1.0,,1.0,-1,,-1,,1.0,,0.5,1.0,366.9476059363969,8.585782383333036,364.5227721805065,365.6435577265229,353.6442971515341,387.9253429905855,
1779511776,eval__Walker2d-v4__ppo_cont__a2p95__mass_0p5__seed27__pid3129252,ppo_cont,Walker2d-v4,27,30,1,a2p95,mass_0p5,/home/users/am1015/rl_runs_walker_confirm_30seed_20260521/Walker2d-v4__ppo_alpha_a2p95__27__1779439265/ppo_alpha_a2p95.cleanrl_model,/home/users/am1015/rl_runs_walker_confirm_30seed_20260521/Walker2d-v4__ppo_alpha_a2p95__27__1779439265/ppo_alpha_a2p95.cleanrl_model.norm_stats.npz,1,1,1,0.0,0.0,0.0,0.0,1.0,0.5,,1.0,-1,,-1,,1.0,,1.0,1.0,948.0689814581644,394.42268247798927,965.3305343207228,926.9195734372348,592.476434002657,2781.6515439061945,
1779511771,eval__Walker2d-v4__ppo_cont__a2p95__actuator_gain_0p5__seed28__pid3486315,ppo_cont,Walker2d-v4,28,30,1,a2p95,actuator_gain_0p5,/home/users/am1015/rl_runs_walker_confirm_30seed_20260521/Walker2d-v4__ppo_alpha_a2p95__28__1779439284/ppo_alpha_a2p95.cleanrl_model,/home/users/am1015/rl_runs_walker_confirm_30seed_20260521/Walker2d-v4__ppo_alpha_a2p95__28__1779439284/ppo_alpha_a2p95.cleanrl_model.norm_stats.npz,1,1,1,0.0,0.0,0.0,0.0,1.0,1.0,,1.0,-1,,-1,,1.0,,0.5,1.0,379.0898020360998,4.349894321834287,378.7489182660572,378.7524180440393,369.9696032179784,387.0662562886315,
1779511772,eval__Walker2d-v4__ppo_cont__a2p95__mass_0p5__seed28__pid3486345,ppo_cont,Walker2d-v4,28,30,1,a2p95,mass_0p5,/home/users/am1015/rl_runs_walker_confirm_30seed_20260521/Walker2d-v4__ppo_alpha_a2p95__28__1779439284/ppo_alpha_a2p95.cleanrl_model,/home/users/am1015/rl_runs_walker_confirm_30seed_20260521/Walker2d-v4__ppo_alpha_a2p95__28__1779439284/ppo_alpha_a2p95.cleanrl_model.norm_stats.npz,1,1,1,0.0,0.0,0.0,0.0,1.0,0.5,,1.0,-1,,-1,,1.0,,1.0,1.0,502.0298827119989,129.8554528630963,486.5977678703941,487.1902225700045,332.6759383308754,1006.4133059508764,
1779511771,eval__Walker2d-v4__ppo_cont__a2p95__actuator_gain_0p5__seed29__pid2977227,ppo_cont,Walker2d-v4,29,30,1,a2p95,actuator_gain_0p5,/home/users/am1015/rl_runs_walker_confirm_30seed_20260521/Walker2d-v4__ppo_alpha_a2p95__29__1779439284/ppo_alpha_a2p95.cleanrl_model,/home/users/am1015/rl_runs_walker_confirm_30seed_20260521/Walker2d-v4__ppo_alpha_a2p95__29__1779439284/ppo_alpha_a2p95.cleanrl_model.norm_stats.npz,1,1,1,0.0,0.0,0.0,0.0,1.0,1.0,,1.0,-1,,-1,,1.0,,0.5,1.0,360.88286597603104,4.9646208205587,361.2299101049915,360.8405838221441,351.17414210860164,370.3292751923243,
1779511778,eval__Walker2d-v4__ppo_cont__a2p95__mass_0p5__seed29__pid2977260,ppo_cont,Walker2d-v4,29,30,1,a2p95,mass_0p5,/home/users/am1015/rl_runs_walker_confirm_30seed_20260521/Walker2d-v4__ppo_alpha_a2p95__29__1779439284/ppo_alpha_a2p95.cleanrl_model,/home/users/am1015/rl_runs_walker_confirm_30seed_20260521/Walker2d-v4__ppo_alpha_a2p95__29__1779439284/ppo_alpha_a2p95.cleanrl_model.norm_stats.npz,1,1,1,0.0,0.0,0.0,0.0,1.0,0.5,,1.0,-1,,-1,,1.0,,1.0,1.0,1973.769133105843,975.688296001181,1966.602268441481,1947.2655240222048,389.71727962107576,3446.660623076677,
1779511742,eval__Walker2d-v4__ppo_cont__a2p95__actuator_gain_0p5__seed2__pid1338125,ppo_cont,Walker2d-v4,2,30,1,a2p95,actuator_gain_0p5,/home/users/am1015/rl_runs_walker_confirm_30seed_20260521/Walker2d-v4__ppo_alpha_a2p95__2__1779434242/ppo_alpha_a2p95.cleanrl_model,/home/users/am1015/rl_runs_walker_confirm_30seed_20260521/Walker2d-v4__ppo_alpha_a2p95__2__1779434242/ppo_alpha_a2p95.cleanrl_model.norm_stats.npz,1,1,1,0.0,0.0,0.0,0.0,1.0,1.0,,1.0,-1,,-1,,1.0,,0.5,1.0,241.3931012378565,2.9087712295002404,241.77976956123143,241.47424641193768,235.25107547867717,246.82064626359784,
1779511748,eval__Walker2d-v4__ppo_cont__a2p95__mass_0p5__seed2__pid1338139,ppo_cont,Walker2d-v4,2,30,1,a2p95,mass_0p5,/home/users/am1015/rl_runs_walker_confirm_30seed_20260521/Walker2d-v4__ppo_alpha_a2p95__2__1779434242/ppo_alpha_a2p95.cleanrl_model,/home/users/am1015/rl_runs_walker_confirm_30seed_20260521/Walker2d-v4__ppo_alpha_a2p95__2__1779434242/ppo_alpha_a2p95.cleanrl_model.norm_stats.npz,1,1,1,0.0,0.0,0.0,0.0,1.0,0.5,,1.0,-1,,-1,,1.0,,1.0,1.0,1966.4579368877328,836.7289741866531,1677.688099160775,1831.8799587114231,751.990032464582,4094.520391700264,
1779511770,eval__Walker2d-v4__ppo_cont__a2p95__actuator_gain_0p5__seed30__pid2977271,ppo_cont,Walker2d-v4,30,30,1,a2p95,actuator_gain_0p5,/home/users/am1015/rl_runs_walker_confirm_30seed_20260521/Walker2d-v4__ppo_alpha_a2p95__30__1779439314/ppo_alpha_a2p95.cleanrl_model,/home/users/am1015/rl_runs_walker_confirm_30seed_20260521/Walker2d-v4__ppo_alpha_a2p95__30__1779439314/ppo_alpha_a2p95.cleanrl_model.norm_stats.npz,1,1,1,0.0,0.0,0.0,0.0,1.0,1.0,,1.0,-1,,-1,,1.0,,0.5,1.0,190.4326267675088,6.9973785184756325,188.9935671265121,189.6707310772354,181.50383358067364,200.95133560847808,
1779511773,eval__Walker2d-v4__ppo_cont__a2p95__mass_0p5__seed30__pid2977255,ppo_cont,Walker2d-v4,30,30,1,a2p95,mass_0p5,/home/users/am1015/rl_runs_walker_confirm_30seed_20260521/Walker2d-v4__ppo_alpha_a2p95__30__1779439314/ppo_alpha_a2p95.cleanrl_model,/home/users/am1015/rl_runs_walker_confirm_30seed_20260521/Walker2d-v4__ppo_alpha_a2p95__30__1779439314/ppo_alpha_a2p95.cleanrl_model.norm_stats.npz,1,1,1,0.0,0.0,0.0,0.0,1.0,0.5,,1.0,-1,,-1,,1.0,,1.0,1.0,930.5239886098092,536.3309303241508,807.8072953663543,816.4107939645231,372.1649042306349,3018.1493051200086,
1779511770,eval__Walker2d-v4__ppo_cont__a2p95__actuator_gain_0p5__seed3__pid2576655,ppo_cont,Walker2d-v4,3,30,1,a2p95,actuator_gain_0p5,/home/users/am1015/rl_runs_walker_confirm_30seed_20260521/Walker2d-v4__ppo_alpha_a2p95__3__1779434242/ppo_alpha_a2p95.cleanrl_model,/home/users/am1015/rl_runs_walker_confirm_30seed_20260521/Walker2d-v4__ppo_alpha_a2p95__3__1779434242/ppo_alpha_a2p95.cleanrl_model.norm_stats.npz,1,1,1,0.0,0.0,0.0,0.0,1.0,1.0,,1.0,-1,,-1,,1.0,,0.5,1.0,254.66751316353407,2.439855026859391,254.17596674113923,254.3098281979008,250.947718343261,261.475729711761,
1779511773,eval__Walker2d-v4__ppo_cont__a2p95__mass_0p5__seed3__pid2576612,ppo_cont,Walker2d-v4,3,30,1,a2p95,mass_0p5,/home/users/am1015/rl_runs_walker_confirm_30seed_20260521/Walker2d-v4__ppo_alpha_a2p95__3__1779434242/ppo_alpha_a2p95.cleanrl_model,/home/users/am1015/rl_runs_walker_confirm_30seed_20260521/Walker2d-v4__ppo_alpha_a2p95__3__1779434242/ppo_alpha_a2p95.cleanrl_model.norm_stats.npz,1,1,1,0.0,0.0,0.0,0.0,1.0,0.5,,1.0,-1,,-1,,1.0,,1.0,1.0,919.65796251155,766.3536082354558,558.035020054197,614.8764591657374,369.6824948434185,3358.2167793831936,
1779511770,eval__Walker2d-v4__ppo_cont__a2p95__actuator_gain_0p5__seed4__pid2576640,ppo_cont,Walker2d-v4,4,30,1,a2p95,actuator_gain_0p5,/home/users/am1015/rl_runs_walker_confirm_30seed_20260521/Walker2d-v4__ppo_alpha_a2p95__4__1779434242/ppo_alpha_a2p95.cleanrl_model,/home/users/am1015/rl_runs_walker_confirm_30seed_20260521/Walker2d-v4__ppo_alpha_a2p95__4__1779434242/ppo_alpha_a2p95.cleanrl_model.norm_stats.npz,1,1,1,0.0,0.0,0.0,0.0,1.0,1.0,,1.0,-1,,-1,,1.0,,0.5,1.0,333.5957947950043,2.76431480639453,334.09538213302875,333.89407066970386,325.9370308556304,337.748700329289,
1779511775,eval__Walker2d-v4__ppo_cont__a2p95__mass_0p5__seed4__pid2576656,ppo_cont,Walker2d-v4,4,30,1,a2p95,mass_0p5,/home/users/am1015/rl_runs_walker_confirm_30seed_20260521/Walker2d-v4__ppo_alpha_a2p95__4__1779434242/ppo_alpha_a2p95.cleanrl_model,/home/users/am1015/rl_runs_walker_confirm_30seed_20260521/Walker2d-v4__ppo_alpha_a2p95__4__1779434242/ppo_alpha_a2p95.cleanrl_model.norm_stats.npz,1,1,1,0.0,0.0,0.0,0.0,1.0,0.5,,1.0,-1,,-1,,1.0,,1.0,1.0,1370.7537200029433,619.1987207370124,1360.3717698541132,1327.8020651657916,491.6086235792482,3208.250507460169,
1779511770,eval__Walker2d-v4__ppo_cont__a2p95__actuator_gain_0p5__seed5__pid2006659,ppo_cont,Walker2d-v4,5,30,1,a2p95,actuator_gain_0p5,/home/users/am1015/rl_runs_walker_confirm_30seed_20260521/Walker2d-v4__ppo_alpha_a2p95__5__1779434242/ppo_alpha_a2p95.cleanrl_model,/home/users/am1015/rl_runs_walker_confirm_30seed_20260521/Walker2d-v4__ppo_alpha_a2p95__5__1779434242/ppo_alpha_a2p95.cleanrl_model.norm_stats.npz,1,1,1,0.0,0.0,0.0,0.0,1.0,1.0,,1.0,-1,,-1,,1.0,,0.5,1.0,259.42451788141403,4.026938646355021,259.61124011523657,259.42977109745283,252.6532401588324,266.25699715051974,
1779511772,eval__Walker2d-v4__ppo_cont__a2p95__mass_0p5__seed5__pid1676536,ppo_cont,Walker2d-v4,5,30,1,a2p95,mass_0p5,/home/users/am1015/rl_runs_walker_confirm_30seed_20260521/Walker2d-v4__ppo_alpha_a2p95__5__1779434242/ppo_alpha_a2p95.cleanrl_model,/home/users/am1015/rl_runs_walker_confirm_30seed_20260521/Walker2d-v4__ppo_alpha_a2p95__5__1779434242/ppo_alpha_a2p95.cleanrl_model.norm_stats.npz,1,1,1,0.0,0.0,0.0,0.0,1.0,0.5,,1.0,-1,,-1,,1.0,,1.0,1.0,843.6654804392324,582.782152840882,754.6896878085179,753.6670798122967,154.71875780143642,3792.0601245279777,
1779511770,eval__Walker2d-v4__ppo_cont__a2p95__actuator_gain_0p5__seed6__pid2006631,ppo_cont,Walker2d-v4,6,30,1,a2p95,actuator_gain_0p5,/home/users/am1015/rl_runs_walker_confirm_30seed_20260521/Walker2d-v4__ppo_alpha_a2p95__6__1779434242/ppo_alpha_a2p95.cleanrl_model,/home/users/am1015/rl_runs_walker_confirm_30seed_20260521/Walker2d-v4__ppo_alpha_a2p95__6__1779434242/ppo_alpha_a2p95.cleanrl_model.norm_stats.npz,1,1,1,0.0,0.0,0.0,0.0,1.0,1.0,,1.0,-1,,-1,,1.0,,0.5,1.0,317.9226500875589,5.705311019146988,320.43941017647546,319.80057886281617,305.8608159708463,323.284904273563,
1779511771,eval__Walker2d-v4__ppo_cont__a2p95__mass_0p5__seed6__pid2006654,ppo_cont,Walker2d-v4,6,30,1,a2p95,mass_0p5,/home/users/am1015/rl_runs_walker_confirm_30seed_20260521/Walker2d-v4__ppo_alpha_a2p95__6__1779434242/ppo_alpha_a2p95.cleanrl_model,/home/users/am1015/rl_runs_walker_confirm_30seed_20260521/Walker2d-v4__ppo_alpha_a2p95__6__1779434242/ppo_alpha_a2p95.cleanrl_model.norm_stats.npz,1,1,1,0.0,0.0,0.0,0.0,1.0,0.5,,1.0,-1,,-1,,1.0,,1.0,1.0,444.82799449739775,19.446013668130384,447.5843344631878,446.9730483921785,378.3231585849621,479.82697226152027,
1779511771,eval__Walker2d-v4__ppo_cont__a2p95__actuator_gain_0p5__seed7__pid1338355,ppo_cont,Walker2d-v4,7,30,1,a2p95,actuator_gain_0p5,/home/users/am1015/rl_runs_walker_confirm_30seed_20260521/Walker2d-v4__ppo_alpha_a2p95__7__1779434241/ppo_alpha_a2p95.cleanrl_model,/home/users/am1015/rl_runs_walker_confirm_30seed_20260521/Walker2d-v4__ppo_alpha_a2p95__7__1779434241/ppo_alpha_a2p95.cleanrl_model.norm_stats.npz,1,1,1,0.0,0.0,0.0,0.0,1.0,1.0,,1.0,-1,,-1,,1.0,,0.5,1.0,369.41443523674513,5.169788388816348,369.2830767755817,369.44825289102977,359.35425155433575,379.0512708879061,
1779511779,eval__Walker2d-v4__ppo_cont__a2p95__mass_0p5__seed7__pid2006646,ppo_cont,Walker2d-v4,7,30,1,a2p95,mass_0p5,/home/users/am1015/rl_runs_walker_confirm_30seed_20260521/Walker2d-v4__ppo_alpha_a2p95__7__1779434241/ppo_alpha_a2p95.cleanrl_model,/home/users/am1015/rl_runs_walker_confirm_30seed_20260521/Walker2d-v4__ppo_alpha_a2p95__7__1779434241/ppo_alpha_a2p95.cleanrl_model.norm_stats.npz,1,1,1,0.0,0.0,0.0,0.0,1.0,0.5,,1.0,-1,,-1,,1.0,,1.0,1.0,2366.725162660465,1087.1971974453338,2675.045070607588,2555.179573275999,320.4358655340326,3652.6400009819336,
1779511770,eval__Walker2d-v4__ppo_cont__a2p95__actuator_gain_0p5__seed8__pid1338340,ppo_cont,Walker2d-v4,8,30,1,a2p95,actuator_gain_0p5,/home/users/am1015/rl_runs_walker_confirm_30seed_20260521/Walker2d-v4__ppo_alpha_a2p95__8__1779434271/ppo_alpha_a2p95.cleanrl_model,/home/users/am1015/rl_runs_walker_confirm_30seed_20260521/Walker2d-v4__ppo_alpha_a2p95__8__1779434271/ppo_alpha_a2p95.cleanrl_model.norm_stats.npz,1,1,1,0.0,0.0,0.0,0.0,1.0,1.0,,1.0,-1,,-1,,1.0,,0.5,1.0,266.26771824920206,8.302013700492012,264.6720691139509,264.8961108368624,254.3752786916929,285.6614484113505,
1779511773,eval__Walker2d-v4__ppo_cont__a2p95__mass_0p5__seed8__pid1338370,ppo_cont,Walker2d-v4,8,30,1,a2p95,mass_0p5,/home/users/am1015/rl_runs_walker_confirm_30seed_20260521/Walker2d-v4__ppo_alpha_a2p95__8__1779434271/ppo_alpha_a2p95.cleanrl_model,/home/users/am1015/rl_runs_walker_confirm_30seed_20260521/Walker2d-v4__ppo_alpha_a2p95__8__1779434271/ppo_alpha_a2p95.cleanrl_model.norm_stats.npz,1,1,1,0.0,0.0,0.0,0.0,1.0,0.5,,1.0,-1,,-1,,1.0,,1.0,1.0,586.793810736365,630.1762017641141,413.8043468677788,407.7483208669096,42.37767862968868,2724.3419175192216,
1779511801,eval__Walker2d-v4__ppo_cont__a2p95__actuator_gain_0p5__seed9__pid1900525,ppo_cont,Walker2d-v4,9,30,1,a2p95,actuator_gain_0p5,/home/users/am1015/rl_runs_walker_confirm_30seed_20260521/Walker2d-v4__ppo_alpha_a2p95__9__1779434271/ppo_alpha_a2p95.cleanrl_model,/home/users/am1015/rl_runs_walker_confirm_30seed_20260521/Walker2d-v4__ppo_alpha_a2p95__9__1779434271/ppo_alpha_a2p95.cleanrl_model.norm_stats.npz,1,1,1,0.0,0.0,0.0,0.0,1.0,1.0,,1.0,-1,,-1,,1.0,,0.5,1.0,339.015200195068,5.414380879166482,339.4543583399476,339.32505249802574,326.5629135975556,350.4293977778872,
1779511774,eval__Walker2d-v4__ppo_cont__a2p95__mass_0p5__seed9__pid247271,ppo_cont,Walker2d-v4,9,30,1,a2p95,mass_0p5,/home/users/am1015/rl_runs_walker_confirm_30seed_20260521/Walker2d-v4__ppo_alpha_a2p95__9__1779434271/ppo_alpha_a2p95.cleanrl_model,/home/users/am1015/rl_runs_walker_confirm_30seed_20260521/Walker2d-v4__ppo_alpha_a2p95__9__1779434271/ppo_alpha_a2p95.cleanrl_model.norm_stats.npz,1,1,1,0.0,0.0,0.0,0.0,1.0,0.5,,1.0,-1,,-1,,1.0,,1.0,1.0,1399.4750318429908,724.5565216208932,1229.0054179544918,1223.8187255084745,599.55493066444,3471.4816085043603,
1779511801,eval__Walker2d-v4__ppo_cont__a3p10__actuator_gain_0p5__seed10__pid626176,ppo_cont,Walker2d-v4,10,30,1,a3p10,actuator_gain_0p5,/home/users/am1015/rl_runs_walker_confirm_30seed_20260521/Walker2d-v4__ppo_alpha_a3p10__10__1779439344/ppo_alpha_a3p10.cleanrl_model,/home/users/am1015/rl_runs_walker_confirm_30seed_20260521/Walker2d-v4__ppo_alpha_a3p10__10__1779439344/ppo_alpha_a3p10.cleanrl_model.norm_stats.npz,1,1,1,0.0,0.0,0.0,0.0,1.0,1.0,,1.0,-1,,-1,,1.0,,0.5,1.0,351.64466343213275,2.2652915609673303,351.8788732331433,351.7497213622818,346.2068134105812,355.88380697611245,
1779511809,eval__Walker2d-v4__ppo_cont__a3p10__mass_0p5__seed10__pid1784116,ppo_cont,Walker2d-v4,10,30,1,a3p10,mass_0p5,/home/users/am1015/rl_runs_walker_confirm_30seed_20260521/Walker2d-v4__ppo_alpha_a3p10__10__1779439344/ppo_alpha_a3p10.cleanrl_model,/home/users/am1015/rl_runs_walker_confirm_30seed_20260521/Walker2d-v4__ppo_alpha_a3p10__10__1779439344/ppo_alpha_a3p10.cleanrl_model.norm_stats.npz,1,1,1,0.0,0.0,0.0,0.0,1.0,0.5,,1.0,-1,,-1,,1.0,,1.0,1.0,1579.9719277156753,691.990776825589,1435.3261789601618,1458.953397500405,730.3856107763924,3387.328664408538,
1779511799,eval__Walker2d-v4__ppo_cont__a3p10__actuator_gain_0p5__seed11__pid491235,ppo_cont,Walker2d-v4,11,30,1,a3p10,actuator_gain_0p5,/home/users/am1015/rl_runs_walker_confirm_30seed_20260521/Walker2d-v4__ppo_alpha_a3p10__11__1779439373/ppo_alpha_a3p10.cleanrl_model,/home/users/am1015/rl_runs_walker_confirm_30seed_20260521/Walker2d-v4__ppo_alpha_a3p10__11__1779439373/ppo_alpha_a3p10.cleanrl_model.norm_stats.npz,1,1,1,0.0,0.0,0.0,0.0,1.0,1.0,,1.0,-1,,-1,,1.0,,0.5,1.0,308.1474551644968,29.052744723655987,317.7732756614881,318.19131913744155,226.5806234602836,328.107241918397,
1779511806,eval__Walker2d-v4__ppo_cont__a3p10__mass_0p5__seed11__pid626190,ppo_cont,Walker2d-v4,11,30,1,a3p10,mass_0p5,/home/users/am1015/rl_runs_walker_confirm_30seed_20260521/Walker2d-v4__ppo_alpha_a3p10__11__1779439373/ppo_alpha_a3p10.cleanrl_model,/home/users/am1015/rl_runs_walker_confirm_30seed_20260521/Walker2d-v4__ppo_alpha_a3p10__11__1779439373/ppo_alpha_a3p10.cleanrl_model.norm_stats.npz,1,1,1,0.0,0.0,0.0,0.0,1.0,0.5,,1.0,-1,,-1,,1.0,,1.0,1.0,1796.4120047242004,946.9781078188072,1358.7629808564045,1466.1620102166069,149.566377943928,3584.926155425759,
1779511800,eval__Walker2d-v4__ppo_cont__a3p10__actuator_gain_0p5__seed12__pid3129470,ppo_cont,Walker2d-v4,12,30,1,a3p10,actuator_gain_0p5,/home/users/am1015/rl_runs_walker_confirm_30seed_20260521/Walker2d-v4__ppo_alpha_a3p10__12__1779439374/ppo_alpha_a3p10.cleanrl_model,/home/users/am1015/rl_runs_walker_confirm_30seed_20260521/Walker2d-v4__ppo_alpha_a3p10__12__1779439374/ppo_alpha_a3p10.cleanrl_model.norm_stats.npz,1,1,1,0.0,0.0,0.0,0.0,1.0,1.0,,1.0,-1,,-1,,1.0,,0.5,1.0,249.56100040042512,2.166474087733235,249.61626962729628,249.68395510475875,245.32000230926477,253.41869188784344,
1779511805,eval__Walker2d-v4__ppo_cont__a3p10__mass_0p5__seed12__pid3129472,ppo_cont,Walker2d-v4,12,30,1,a3p10,mass_0p5,/home/users/am1015/rl_runs_walker_confirm_30seed_20260521/Walker2d-v4__ppo_alpha_a3p10__12__1779439374/ppo_alpha_a3p10.cleanrl_model,/home/users/am1015/rl_runs_walker_confirm_30seed_20260521/Walker2d-v4__ppo_alpha_a3p10__12__1779439374/ppo_alpha_a3p10.cleanrl_model.norm_stats.npz,1,1,1,0.0,0.0,0.0,0.0,1.0,0.5,,1.0,-1,,-1,,1.0,,1.0,1.0,2014.6777230630169,1241.7192164878988,1789.1663964486534,1868.5328737211896,638.0686437615258,5749.461028011001,
1779511798,eval__Walker2d-v4__ppo_cont__a3p10__actuator_gain_0p5__seed13__pid3486574,ppo_cont,Walker2d-v4,13,30,1,a3p10,actuator_gain_0p5,/home/users/am1015/rl_runs_walker_confirm_30seed_20260521/Walker2d-v4__ppo_alpha_a3p10__13__1779439403/ppo_alpha_a3p10.cleanrl_model,/home/users/am1015/rl_runs_walker_confirm_30seed_20260521/Walker2d-v4__ppo_alpha_a3p10__13__1779439403/ppo_alpha_a3p10.cleanrl_model.norm_stats.npz,1,1,1,0.0,0.0,0.0,0.0,1.0,1.0,,1.0,-1,,-1,,1.0,,0.5,1.0,339.0709249532496,4.445033093789842,338.32362364548203,338.70358923753275,331.6105892535766,348.5844126219633,
1779511805,eval__Walker2d-v4__ppo_cont__a3p10__mass_0p5__seed13__pid3129442,ppo_cont,Walker2d-v4,13,30,1,a3p10,mass_0p5,/home/users/am1015/rl_runs_walker_confirm_30seed_20260521/Walker2d-v4__ppo_alpha_a3p10__13__1779439403/ppo_alpha_a3p10.cleanrl_model,/home/users/am1015/rl_runs_walker_confirm_30seed_20260521/Walker2d-v4__ppo_alpha_a3p10__13__1779439403/ppo_alpha_a3p10.cleanrl_model.norm_stats.npz,1,1,1,0.0,0.0,0.0,0.0,1.0,0.5,,1.0,-1,,-1,,1.0,,1.0,1.0,1361.0161340780787,916.674070834458,940.174343567667,1059.516131638601,545.530827497075,3436.842367111942,
1779511799,eval__Walker2d-v4__ppo_cont__a3p10__actuator_gain_0p5__seed14__pid3486558,ppo_cont,Walker2d-v4,14,30,1,a3p10,actuator_gain_0p5,/home/users/am1015/rl_runs_walker_confirm_30seed_20260521/Walker2d-v4__ppo_alpha_a3p10__14__1779439444/ppo_alpha_a3p10.cleanrl_model,/home/users/am1015/rl_runs_walker_confirm_30seed_20260521/Walker2d-v4__ppo_alpha_a3p10__14__1779439444/ppo_alpha_a3p10.cleanrl_model.norm_stats.npz,1,1,1,0.0,0.0,0.0,0.0,1.0,1.0,,1.0,-1,,-1,,1.0,,0.5,1.0,349.34539106972244,5.479900214280309,349.3963967814023,348.844687200249,341.17191227528497,363.40638406546367,
1779511802,eval__Walker2d-v4__ppo_cont__a3p10__mass_0p5__seed14__pid3486559,ppo_cont,Walker2d-v4,14,30,1,a3p10,mass_0p5,/home/users/am1015/rl_runs_walker_confirm_30seed_20260521/Walker2d-v4__ppo_alpha_a3p10__14__1779439444/ppo_alpha_a3p10.cleanrl_model,/home/users/am1015/rl_runs_walker_confirm_30seed_20260521/Walker2d-v4__ppo_alpha_a3p10__14__1779439444/ppo_alpha_a3p10.cleanrl_model.norm_stats.npz,1,1,1,0.0,0.0,0.0,0.0,1.0,0.5,,1.0,-1,,-1,,1.0,,1.0,1.0,1134.1477340703234,692.7621339709898,987.6101938346756,977.5363733687044,348.0345277283944,3200.967354079395,
1779511801,eval__Walker2d-v4__ppo_cont__a3p10__actuator_gain_0p5__seed15__pid2977536,ppo_cont,Walker2d-v4,15,30,1,a3p10,actuator_gain_0p5,/home/users/am1015/rl_runs_walker_confirm_30seed_20260521/Walker2d-v4__ppo_alpha_a3p10__15__1779441174/ppo_alpha_a3p10.cleanrl_model,/home/users/am1015/rl_runs_walker_confirm_30seed_20260521/Walker2d-v4__ppo_alpha_a3p10__15__1779441174/ppo_alpha_a3p10.cleanrl_model.norm_stats.npz,1,1,1,0.0,0.0,0.0,0.0,1.0,1.0,,1.0,-1,,-1,,1.0,,0.5,1.0,330.52339908358226,2.378246988595675,330.8802197565259,330.4582663703225,327.4536374870444,336.40155943007335,
1779511805,eval__Walker2d-v4__ppo_cont__a3p10__mass_0p5__seed15__pid2977535,ppo_cont,Walker2d-v4,15,30,1,a3p10,mass_0p5,/home/users/am1015/rl_runs_walker_confirm_30seed_20260521/Walker2d-v4__ppo_alpha_a3p10__15__1779441174/ppo_alpha_a3p10.cleanrl_model,/home/users/am1015/rl_runs_walker_confirm_30seed_20260521/Walker2d-v4__ppo_alpha_a3p10__15__1779441174/ppo_alpha_a3p10.cleanrl_model.norm_stats.npz,1,1,1,0.0,0.0,0.0,0.0,1.0,0.5,,1.0,-1,,-1,,1.0,,1.0,1.0,1226.81812838553,808.2102994661138,941.7853789052128,921.3571323931412,552.267903867708,3243.4498253613,
1779511801,eval__Walker2d-v4__ppo_cont__a3p10__actuator_gain_0p5__seed16__pid2977564,ppo_cont,Walker2d-v4,16,30,1,a3p10,actuator_gain_0p5,/home/users/am1015/rl_runs_walker_confirm_30seed_20260521/Walker2d-v4__ppo_alpha_a3p10__16__1779443545/ppo_alpha_a3p10.cleanrl_model,/home/users/am1015/rl_runs_walker_confirm_30seed_20260521/Walker2d-v4__ppo_alpha_a3p10__16__1779443545/ppo_alpha_a3p10.cleanrl_model.norm_stats.npz,1,1,1,0.0,0.0,0.0,0.0,1.0,1.0,,1.0,-1,,-1,,1.0,,0.5,1.0,349.08005264645294,2.3120296528201965,348.89782153285034,348.99812996015487,345.56878157128875,354.3969465697015,
1779511805,eval__Walker2d-v4__ppo_cont__a3p10__mass_0p5__seed16__pid2977566,ppo_cont,Walker2d-v4,16,30,1,a3p10,mass_0p5,/home/users/am1015/rl_runs_walker_confirm_30seed_20260521/Walker2d-v4__ppo_alpha_a3p10__16__1779443545/ppo_alpha_a3p10.cleanrl_model,/home/users/am1015/rl_runs_walker_confirm_30seed_20260521/Walker2d-v4__ppo_alpha_a3p10__16__1779443545/ppo_alpha_a3p10.cleanrl_model.norm_stats.npz,1,1,1,0.0,0.0,0.0,0.0,1.0,0.5,,1.0,-1,,-1,,1.0,,1.0,1.0,1311.3565340703103,797.4791738416067,1258.7791159532576,1238.8686047748072,321.5743865567719,3689.788308876646,
1779511801,eval__Walker2d-v4__ppo_cont__a3p10__actuator_gain_0p5__seed17__pid2576914,ppo_cont,Walker2d-v4,17,30,1,a3p10,actuator_gain_0p5,/home/users/am1015/rl_runs_walker_confirm_30seed_20260521/Walker2d-v4__ppo_alpha_a3p10__17__1779443844/ppo_alpha_a3p10.cleanrl_model,/home/users/am1015/rl_runs_walker_confirm_30seed_20260521/Walker2d-v4__ppo_alpha_a3p10__17__1779443844/ppo_alpha_a3p10.cleanrl_model.norm_stats.npz,1,1,1,0.0,0.0,0.0,0.0,1.0,1.0,,1.0,-1,,-1,,1.0,,0.5,1.0,362.3809580828027,9.51122049922331,363.345614127062,363.22172627916274,342.72336850167324,377.804137116772,
1779511804,eval__Walker2d-v4__ppo_cont__a3p10__mass_0p5__seed17__pid2576950,ppo_cont,Walker2d-v4,17,30,1,a3p10,mass_0p5,/home/users/am1015/rl_runs_walker_confirm_30seed_20260521/Walker2d-v4__ppo_alpha_a3p10__17__1779443844/ppo_alpha_a3p10.cleanrl_model,/home/users/am1015/rl_runs_walker_confirm_30seed_20260521/Walker2d-v4__ppo_alpha_a3p10__17__1779443844/ppo_alpha_a3p10.cleanrl_model.norm_stats.npz,1,1,1,0.0,0.0,0.0,0.0,1.0,0.5,,1.0,-1,,-1,,1.0,,1.0,1.0,1189.625403914647,430.4746333684734,1045.520091781782,1109.8400340314818,561.7117132042878,2249.044283479593,
1779511800,eval__Walker2d-v4__ppo_cont__a3p10__actuator_gain_0p5__seed18__pid2576942,ppo_cont,Walker2d-v4,18,30,1,a3p10,actuator_gain_0p5,/home/users/am1015/rl_runs_walker_confirm_30seed_20260521/Walker2d-v4__ppo_alpha_a3p10__18__1779444205/ppo_alpha_a3p10.cleanrl_model,/home/users/am1015/rl_runs_walker_confirm_30seed_20260521/Walker2d-v4__ppo_alpha_a3p10__18__1779444205/ppo_alpha_a3p10.cleanrl_model.norm_stats.npz,1,1,1,0.0,0.0,0.0,0.0,1.0,1.0,,1.0,-1,,-1,,1.0,,0.5,1.0,233.0655457659012,4.4258405213192615,231.714776356606,232.4602195869648,225.67791540633831,243.037603193912,
1779511805,eval__Walker2d-v4__ppo_cont__a3p10__mass_0p5__seed18__pid2576922,ppo_cont,Walker2d-v4,18,30,1,a3p10,mass_0p5,/home/users/am1015/rl_runs_walker_confirm_30seed_20260521/Walker2d-v4__ppo_alpha_a3p10__18__1779444205/ppo_alpha_a3p10.cleanrl_model,/home/users/am1015/rl_runs_walker_confirm_30seed_20260521/Walker2d-v4__ppo_alpha_a3p10__18__1779444205/ppo_alpha_a3p10.cleanrl_model.norm_stats.npz,1,1,1,0.0,0.0,0.0,0.0,1.0,0.5,,1.0,-1,,-1,,1.0,,1.0,1.0,1280.358690141028,425.508017225411,1129.473004663536,1138.9832318015783,757.4056327911172,2630.2354992908668,
1779511801,eval__Walker2d-v4__ppo_cont__a3p10__actuator_gain_0p5__seed19__pid2006908,ppo_cont,Walker2d-v4,19,30,1,a3p10,actuator_gain_0p5,/home/users/am1015/rl_runs_walker_confirm_30seed_20260521/Walker2d-v4__ppo_alpha_a3p10__19__1779444296/ppo_alpha_a3p10.cleanrl_model,/home/users/am1015/rl_runs_walker_confirm_30seed_20260521/Walker2d-v4__ppo_alpha_a3p10__19__1779444296/ppo_alpha_a3p10.cleanrl_model.norm_stats.npz,1,1,1,0.0,0.0,0.0,0.0,1.0,1.0,,1.0,-1,,-1,,1.0,,0.5,1.0,362.8925666744472,4.567946521216349,362.8893533386678,362.8869695292802,351.0946426151949,371.7180098846098,
1779511803,eval__Walker2d-v4__ppo_cont__a3p10__mass_0p5__seed19__pid1676627,ppo_cont,Walker2d-v4,19,30,1,a3p10,mass_0p5,/home/users/am1015/rl_runs_walker_confirm_30seed_20260521/Walker2d-v4__ppo_alpha_a3p10__19__1779444296/ppo_alpha_a3p10.cleanrl_model,/home/users/am1015/rl_runs_walker_confirm_30seed_20260521/Walker2d-v4__ppo_alpha_a3p10__19__1779444296/ppo_alpha_a3p10.cleanrl_model.norm_stats.npz,1,1,1,0.0,0.0,0.0,0.0,1.0,0.5,,1.0,-1,,-1,,1.0,,1.0,1.0,1045.395303068536,647.7004001837632,1012.5840492531372,946.949353637246,440.3634716134824,3662.480766720871,
1779511801,eval__Walker2d-v4__ppo_cont__a3p10__actuator_gain_0p5__seed1__pid4118113,ppo_cont,Walker2d-v4,1,30,1,a3p10,actuator_gain_0p5,/home/users/am1015/rl_runs_walker_confirm_30seed_20260521/Walker2d-v4__ppo_alpha_a3p10__1__1779439314/ppo_alpha_a3p10.cleanrl_model,/home/users/am1015/rl_runs_walker_confirm_30seed_20260521/Walker2d-v4__ppo_alpha_a3p10__1__1779439314/ppo_alpha_a3p10.cleanrl_model.norm_stats.npz,1,1,1,0.0,0.0,0.0,0.0,1.0,1.0,,1.0,-1,,-1,,1.0,,0.5,1.0,227.82079305055152,4.616084853758653,227.8175560315807,227.574744641012,219.83527392260572,238.13954259891344,
1779511808,eval__Walker2d-v4__ppo_cont__a3p10__mass_0p5__seed1__pid418293,ppo_cont,Walker2d-v4,1,30,1,a3p10,mass_0p5,/home/users/am1015/rl_runs_walker_confirm_30seed_20260521/Walker2d-v4__ppo_alpha_a3p10__1__1779439314/ppo_alpha_a3p10.cleanrl_model,/home/users/am1015/rl_runs_walker_confirm_30seed_20260521/Walker2d-v4__ppo_alpha_a3p10__1__1779439314/ppo_alpha_a3p10.cleanrl_model.norm_stats.npz,1,1,1,0.0,0.0,0.0,0.0,1.0,0.5,,1.0,-1,,-1,,1.0,,1.0,1.0,3453.5243905663074,1383.3969241154216,4154.5996825045,4135.51855003574,81.455614809756,4354.942146347081,
1779511800,eval__Walker2d-v4__ppo_cont__a3p10__actuator_gain_0p5__seed20__pid2006925,ppo_cont,Walker2d-v4,20,30,1,a3p10,actuator_gain_0p5,/home/users/am1015/rl_runs_walker_confirm_30seed_20260521/Walker2d-v4__ppo_alpha_a3p10__20__1779444326/ppo_alpha_a3p10.cleanrl_model,/home/users/am1015/rl_runs_walker_confirm_30seed_20260521/Walker2d-v4__ppo_alpha_a3p10__20__1779444326/ppo_alpha_a3p10.cleanrl_model.norm_stats.npz,1,1,1,0.0,0.0,0.0,0.0,1.0,1.0,,1.0,-1,,-1,,1.0,,0.5,1.0,231.7749680353925,4.1574974258235295,233.21936964771575,232.5376293328377,223.97547133900028,238.23532728760296,
1779511802,eval__Walker2d-v4__ppo_cont__a3p10__mass_0p5__seed20__pid2006944,ppo_cont,Walker2d-v4,20,30,1,a3p10,mass_0p5,/home/users/am1015/rl_runs_walker_confirm_30seed_20260521/Walker2d-v4__ppo_alpha_a3p10__20__1779444326/ppo_alpha_a3p10.cleanrl_model,/home/users/am1015/rl_runs_walker_confirm_30seed_20260521/Walker2d-v4__ppo_alpha_a3p10__20__1779444326/ppo_alpha_a3p10.cleanrl_model.norm_stats.npz,1,1,1,0.0,0.0,0.0,0.0,1.0,0.5,,1.0,-1,,-1,,1.0,,1.0,1.0,435.6956632110617,117.79929487733358,428.76033965858414,417.6798721496056,330.957362483499,995.1768339157844,
1779511802,eval__Walker2d-v4__ppo_cont__a3p10__actuator_gain_0p5__seed21__pid1338571,ppo_cont,Walker2d-v4,21,30,1,a3p10,actuator_gain_0p5,/home/users/am1015/rl_runs_walker_confirm_30seed_20260521/Walker2d-v4__ppo_alpha_a3p10__21__1779444326/ppo_alpha_a3p10.cleanrl_model,/home/users/am1015/rl_runs_walker_confirm_30seed_20260521/Walker2d-v4__ppo_alpha_a3p10__21__1779444326/ppo_alpha_a3p10.cleanrl_model.norm_stats.npz,1,1,1,0.0,0.0,0.0,0.0,1.0,1.0,,1.0,-1,,-1,,1.0,,0.5,1.0,417.6032707881269,4.69148190879599,418.3572491447807,418.06680333540527,406.49832587748335,426.22112973678,
1779511804,eval__Walker2d-v4__ppo_cont__a3p10__mass_0p5__seed21__pid2006957,ppo_cont,Walker2d-v4,21,30,1,a3p10,mass_0p5,/home/users/am1015/rl_runs_walker_confirm_30seed_20260521/Walker2d-v4__ppo_alpha_a3p10__21__1779444326/ppo_alpha_a3p10.cleanrl_model,/home/users/am1015/rl_runs_walker_confirm_30seed_20260521/Walker2d-v4__ppo_alpha_a3p10__21__1779444326/ppo_alpha_a3p10.cleanrl_model.norm_stats.npz,1,1,1,0.0,0.0,0.0,0.0,1.0,0.5,,1.0,-1,,-1,,1.0,,1.0,1.0,1028.1046518535163,588.2764668324168,767.7191223237738,792.3982727392042,689.842692892325,3378.9573846861163,
1779511831,eval__Walker2d-v4__ppo_cont__a3p10__actuator_gain_0p5__seed22__pid1900601,ppo_cont,Walker2d-v4,22,30,1,a3p10,actuator_gain_0p5,/home/users/am1015/rl_runs_walker_confirm_30seed_20260521/Walker2d-v4__ppo_alpha_a3p10__22__1779444326/ppo_alpha_a3p10.cleanrl_model,/home/users/am1015/rl_runs_walker_confirm_30seed_20260521/Walker2d-v4__ppo_alpha_a3p10__22__1779444326/ppo_alpha_a3p10.cleanrl_model.norm_stats.npz,1,1,1,0.0,0.0,0.0,0.0,1.0,1.0,,1.0,-1,,-1,,1.0,,0.5,1.0,374.8599976614818,15.437531996937237,371.1424817198975,373.6064182636912,350.675506278204,408.90197792095006,
1779511801,eval__Walker2d-v4__ppo_cont__a3p10__mass_0p5__seed22__pid247351,ppo_cont,Walker2d-v4,22,30,1,a3p10,mass_0p5,/home/users/am1015/rl_runs_walker_confirm_30seed_20260521/Walker2d-v4__ppo_alpha_a3p10__22__1779444326/ppo_alpha_a3p10.cleanrl_model,/home/users/am1015/rl_runs_walker_confirm_30seed_20260521/Walker2d-v4__ppo_alpha_a3p10__22__1779444326/ppo_alpha_a3p10.cleanrl_model.norm_stats.npz,1,1,1,0.0,0.0,0.0,0.0,1.0,0.5,,1.0,-1,,-1,,1.0,,1.0,1.0,319.5984496121409,113.59352815768752,313.42064268434183,307.0580444816446,209.2314634978068,747.051018986,
1779511833,eval__Walker2d-v4__ppo_cont__a3p10__actuator_gain_0p5__seed23__pid626329,ppo_cont,Walker2d-v4,23,30,1,a3p10,actuator_gain_0p5,/home/users/am1015/rl_runs_walker_confirm_30seed_20260521/Walker2d-v4__ppo_alpha_a3p10__23__1779444325/ppo_alpha_a3p10.cleanrl_model,/home/users/am1015/rl_runs_walker_confirm_30seed_20260521/Walker2d-v4__ppo_alpha_a3p10__23__1779444325/ppo_alpha_a3p10.cleanrl_model.norm_stats.npz,1,1,1,0.0,0.0,0.0,0.0,1.0,1.0,,1.0,-1,,-1,,1.0,,0.5,1.0,347.7672550936408,9.909358726167907,347.46894848520964,347.539710703103,329.5069286343804,365.7544701323103,
1779511833,eval__Walker2d-v4__ppo_cont__a3p10__mass_0p5__seed23__pid1784190,ppo_cont,Walker2d-v4,23,30,1,a3p10,mass_0p5,/home/users/am1015/rl_runs_walker_confirm_30seed_20260521/Walker2d-v4__ppo_alpha_a3p10__23__1779444325/ppo_alpha_a3p10.cleanrl_model,/home/users/am1015/rl_runs_walker_confirm_30seed_20260521/Walker2d-v4__ppo_alpha_a3p10__23__1779444325/ppo_alpha_a3p10.cleanrl_model.norm_stats.npz,1,1,1,0.0,0.0,0.0,0.0,1.0,0.5,,1.0,-1,,-1,,1.0,,1.0,1.0,498.3387429628811,321.619575505555,363.2066442719093,358.1353537189155,317.6507975571641,1540.396571027422,
1779511832,eval__Walker2d-v4__ppo_cont__a3p10__actuator_gain_0p5__seed24__pid491328,ppo_cont,Walker2d-v4,24,30,1,a3p10,actuator_gain_0p5,/home/users/am1015/rl_runs_walker_confirm_30seed_20260521/Walker2d-v4__ppo_alpha_a3p10__24__1779444355/ppo_alpha_a3p10.cleanrl_model,/home/users/am1015/rl_runs_walker_confirm_30seed_20260521/Walker2d-v4__ppo_alpha_a3p10__24__1779444355/ppo_alpha_a3p10.cleanrl_model.norm_stats.npz,1,1,1,0.0,0.0,0.0,0.0,1.0,1.0,,1.0,-1,,-1,,1.0,,0.5,1.0,280.0618176060877,10.40516607077985,278.71031345404947,279.5944294311305,260.56444955022664,297.0312208120537,
1779511836,eval__Walker2d-v4__ppo_cont__a3p10__mass_0p5__seed24__pid626344,ppo_cont,Walker2d-v4,24,30,1,a3p10,mass_0p5,/home/users/am1015/rl_runs_walker_confirm_30seed_20260521/Walker2d-v4__ppo_alpha_a3p10__24__1779444355/ppo_alpha_a3p10.cleanrl_model,/home/users/am1015/rl_runs_walker_confirm_30seed_20260521/Walker2d-v4__ppo_alpha_a3p10__24__1779444355/ppo_alpha_a3p10.cleanrl_model.norm_stats.npz,1,1,1,0.0,0.0,0.0,0.0,1.0,0.5,,1.0,-1,,-1,,1.0,,1.0,1.0,840.9126136316105,650.065360238744,525.9333742702815,542.1440940267813,372.30980867163225,2955.909267722097,
1779511833,eval__Walker2d-v4__ppo_cont__a3p10__actuator_gain_0p5__seed25__pid4118201,ppo_cont,Walker2d-v4,25,30,1,a3p10,actuator_gain_0p5,/home/users/am1015/rl_runs_walker_confirm_30seed_20260521/Walker2d-v4__ppo_alpha_a3p10__25__1779444355/ppo_alpha_a3p10.cleanrl_model,/home/users/am1015/rl_runs_walker_confirm_30seed_20260521/Walker2d-v4__ppo_alpha_a3p10__25__1779444355/ppo_alpha_a3p10.cleanrl_model.norm_stats.npz,1,1,1,0.0,0.0,0.0,0.0,1.0,1.0,,1.0,-1,,-1,,1.0,,0.5,1.0,307.3348887932694,3.331541427280442,306.8065168216682,307.24136499774096,301.1122762120751,313.6836549416973,
1779511837,eval__Walker2d-v4__ppo_cont__a3p10__mass_0p5__seed25__pid418744,ppo_cont,Walker2d-v4,25,30,1,a3p10,mass_0p5,/home/users/am1015/rl_runs_walker_confirm_30seed_20260521/Walker2d-v4__ppo_alpha_a3p10__25__1779444355/ppo_alpha_a3p10.cleanrl_model,/home/users/am1015/rl_runs_walker_confirm_30seed_20260521/Walker2d-v4__ppo_alpha_a3p10__25__1779444355/ppo_alpha_a3p10.cleanrl_model.norm_stats.npz,1,1,1,0.0,0.0,0.0,0.0,1.0,0.5,,1.0,-1,,-1,,1.0,,1.0,1.0,1635.5479782737675,1110.3186829051813,1173.7852575282732,1268.0843550039874,556.1510431602779,4003.610737955008,
1779511831,eval__Walker2d-v4__ppo_cont__a3p10__actuator_gain_0p5__seed26__pid3129663,ppo_cont,Walker2d-v4,26,30,1,a3p10,actuator_gain_0p5,/home/users/am1015/rl_runs_walker_confirm_30seed_20260521/Walker2d-v4__ppo_alpha_a3p10__26__1779444355/ppo_alpha_a3p10.cleanrl_model,/home/users/am1015/rl_runs_walker_confirm_30seed_20260521/Walker2d-v4__ppo_alpha_a3p10__26__1779444355/ppo_alpha_a3p10.cleanrl_model.norm_stats.npz,1,1,1,0.0,0.0,0.0,0.0,1.0,1.0,,1.0,-1,,-1,,1.0,,0.5,1.0,235.90610991651425,2.7561194392956145,235.6876080025565,235.48744182207517,231.314660178526,241.82830134146212,
1779511837,eval__Walker2d-v4__ppo_cont__a3p10__mass_0p5__seed26__pid3129682,ppo_cont,Walker2d-v4,26,30,1,a3p10,mass_0p5,/home/users/am1015/rl_runs_walker_confirm_30seed_20260521/Walker2d-v4__ppo_alpha_a3p10__26__1779444355/ppo_alpha_a3p10.cleanrl_model,/home/users/am1015/rl_runs_walker_confirm_30seed_20260521/Walker2d-v4__ppo_alpha_a3p10__26__1779444355/ppo_alpha_a3p10.cleanrl_model.norm_stats.npz,1,1,1,0.0,0.0,0.0,0.0,1.0,0.5,,1.0,-1,,-1,,1.0,,1.0,1.0,1742.269359844787,1169.238328564693,1531.1744318728915,1638.3187957453952,190.9240118735001,4036.0600100275415,
1779511830,eval__Walker2d-v4__ppo_cont__a3p10__actuator_gain_0p5__seed27__pid3486803,ppo_cont,Walker2d-v4,27,30,1,a3p10,actuator_gain_0p5,/home/users/am1015/rl_runs_walker_confirm_30seed_20260521/Walker2d-v4__ppo_alpha_a3p10__27__1779444355/ppo_alpha_a3p10.cleanrl_model,/home/users/am1015/rl_runs_walker_confirm_30seed_20260521/Walker2d-v4__ppo_alpha_a3p10__27__1779444355/ppo_alpha_a3p10.cleanrl_model.norm_stats.npz,1,1,1,0.0,0.0,0.0,0.0,1.0,1.0,,1.0,-1,,-1,,1.0,,0.5,1.0,428.5126460786917,4.125925950525723,428.8022718442281,428.63916410301687,417.7461028730427,436.4753148029207,
1779511832,eval__Walker2d-v4__ppo_cont__a3p10__mass_0p5__seed27__pid3129693,ppo_cont,Walker2d-v4,27,30,1,a3p10,mass_0p5,/home/users/am1015/rl_runs_walker_confirm_30seed_20260521/Walker2d-v4__ppo_alpha_a3p10__27__1779444355/ppo_alpha_a3p10.cleanrl_model,/home/users/am1015/rl_runs_walker_confirm_30seed_20260521/Walker2d-v4__ppo_alpha_a3p10__27__1779444355/ppo_alpha_a3p10.cleanrl_model.norm_stats.npz,1,1,1,0.0,0.0,0.0,0.0,1.0,0.5,,1.0,-1,,-1,,1.0,,1.0,1.0,390.4083138179138,170.46461134782342,327.55177039625335,345.0029084390896,211.48062794804997,748.6051217153012,
1779511829,eval__Walker2d-v4__ppo_cont__a3p10__actuator_gain_0p5__seed28__pid3486789,ppo_cont,Walker2d-v4,28,30,1,a3p10,actuator_gain_0p5,/home/users/am1015/rl_runs_walker_confirm_30seed_20260521/Walker2d-v4__ppo_alpha_a3p10__28__1779444354/ppo_alpha_a3p10.cleanrl_model,/home/users/am1015/rl_runs_walker_confirm_30seed_20260521/Walker2d-v4__ppo_alpha_a3p10__28__1779444354/ppo_alpha_a3p10.cleanrl_model.norm_stats.npz,1,1,1,0.0,0.0,0.0,0.0,1.0,1.0,,1.0,-1,,-1,,1.0,,0.5,1.0,370.4258477864223,9.395215730596712,369.98840658617024,370.2476238503601,355.2705850175289,392.0017706242622,
1779511831,eval__Walker2d-v4__ppo_cont__a3p10__mass_0p5__seed28__pid3486777,ppo_cont,Walker2d-v4,28,30,1,a3p10,mass_0p5,/home/users/am1015/rl_runs_walker_confirm_30seed_20260521/Walker2d-v4__ppo_alpha_a3p10__28__1779444354/ppo_alpha_a3p10.cleanrl_model,/home/users/am1015/rl_runs_walker_confirm_30seed_20260521/Walker2d-v4__ppo_alpha_a3p10__28__1779444354/ppo_alpha_a3p10.cleanrl_model.norm_stats.npz,1,1,1,0.0,0.0,0.0,0.0,1.0,0.5,,1.0,-1,,-1,,1.0,,1.0,1.0,691.4838456651344,846.511876723944,261.39712850455487,277.990619496267,208.53961034800625,3297.8033790725945,
1779511832,eval__Walker2d-v4__ppo_cont__a3p10__actuator_gain_0p5__seed29__pid2977814,ppo_cont,Walker2d-v4,29,30,1,a3p10,actuator_gain_0p5,/home/users/am1015/rl_runs_walker_confirm_30seed_20260521/Walker2d-v4__ppo_alpha_a3p10__29__1779444386/ppo_alpha_a3p10.cleanrl_model,/home/users/am1015/rl_runs_walker_confirm_30seed_20260521/Walker2d-v4__ppo_alpha_a3p10__29__1779444386/ppo_alpha_a3p10.cleanrl_model.norm_stats.npz,1,1,1,0.0,0.0,0.0,0.0,1.0,1.0,,1.0,-1,,-1,,1.0,,0.5,1.0,308.8164014535886,6.842380786649137,308.85312660651505,308.7152966263493,293.3773057726817,321.6337231840836,
1779511834,eval__Walker2d-v4__ppo_cont__a3p10__mass_0p5__seed29__pid2977835,ppo_cont,Walker2d-v4,29,30,1,a3p10,mass_0p5,/home/users/am1015/rl_runs_walker_confirm_30seed_20260521/Walker2d-v4__ppo_alpha_a3p10__29__1779444386/ppo_alpha_a3p10.cleanrl_model,/home/users/am1015/rl_runs_walker_confirm_30seed_20260521/Walker2d-v4__ppo_alpha_a3p10__29__1779444386/ppo_alpha_a3p10.cleanrl_model.norm_stats.npz,1,1,1,0.0,0.0,0.0,0.0,1.0,0.5,,1.0,-1,,-1,,1.0,,1.0,1.0,517.5953955281265,392.5377731881207,391.9960914943931,385.9659809031669,330.79833036383184,1841.8703618363288,
1779511801,eval__Walker2d-v4__ppo_cont__a3p10__actuator_gain_0p5__seed2__pid1338588,ppo_cont,Walker2d-v4,2,30,1,a3p10,actuator_gain_0p5,/home/users/am1015/rl_runs_walker_confirm_30seed_20260521/Walker2d-v4__ppo_alpha_a3p10__2__1779439314/ppo_alpha_a3p10.cleanrl_model,/home/users/am1015/rl_runs_walker_confirm_30seed_20260521/Walker2d-v4__ppo_alpha_a3p10__2__1779439314/ppo_alpha_a3p10.cleanrl_model.norm_stats.npz,1,1,1,0.0,0.0,0.0,0.0,1.0,1.0,,1.0,-1,,-1,,1.0,,0.5,1.0,260.81834722268934,2.83937381557263,260.40982823064246,260.5547139827576,255.5619352968884,266.7724419629874,
1779511807,eval__Walker2d-v4__ppo_cont__a3p10__mass_0p5__seed2__pid1338577,ppo_cont,Walker2d-v4,2,30,1,a3p10,mass_0p5,/home/users/am1015/rl_runs_walker_confirm_30seed_20260521/Walker2d-v4__ppo_alpha_a3p10__2__1779439314/ppo_alpha_a3p10.cleanrl_model,/home/users/am1015/rl_runs_walker_confirm_30seed_20260521/Walker2d-v4__ppo_alpha_a3p10__2__1779439314/ppo_alpha_a3p10.cleanrl_model.norm_stats.npz,1,1,1,0.0,0.0,0.0,0.0,1.0,0.5,,1.0,-1,,-1,,1.0,,1.0,1.0,2202.522001126298,1206.2212828871282,1950.5463881093335,1962.917851094956,662.2915968013572,4380.704888324614,
1779511833,eval__Walker2d-v4__ppo_cont__a3p10__actuator_gain_0p5__seed30__pid2977853,ppo_cont,Walker2d-v4,30,30,1,a3p10,actuator_gain_0p5,/home/users/am1015/rl_runs_walker_confirm_30seed_20260521/Walker2d-v4__ppo_alpha_a3p10__30__1779444386/ppo_alpha_a3p10.cleanrl_model,/home/users/am1015/rl_runs_walker_confirm_30seed_20260521/Walker2d-v4__ppo_alpha_a3p10__30__1779444386/ppo_alpha_a3p10.cleanrl_model.norm_stats.npz,1,1,1,0.0,0.0,0.0,0.0,1.0,1.0,,1.0,-1,,-1,,1.0,,0.5,1.0,363.82917170125927,8.575640722847414,365.4305719417503,364.3083145133031,350.39019147939683,377.0806234038381,
1779511835,eval__Walker2d-v4__ppo_cont__a3p10__mass_0p5__seed30__pid2977858,ppo_cont,Walker2d-v4,30,30,1,a3p10,mass_0p5,/home/users/am1015/rl_runs_walker_confirm_30seed_20260521/Walker2d-v4__ppo_alpha_a3p10__30__1779444386/ppo_alpha_a3p10.cleanrl_model,/home/users/am1015/rl_runs_walker_confirm_30seed_20260521/Walker2d-v4__ppo_alpha_a3p10__30__1779444386/ppo_alpha_a3p10.cleanrl_model.norm_stats.npz,1,1,1,0.0,0.0,0.0,0.0,1.0,0.5,,1.0,-1,,-1,,1.0,,1.0,1.0,843.7703123552843,561.0449656435383,536.8620387540632,564.8142626910792,467.24656070186353,2421.6165005687385,
1779511832,eval__Walker2d-v4__ppo_cont__a3p10__actuator_gain_0p5__seed3__pid2577246,ppo_cont,Walker2d-v4,3,30,1,a3p10,actuator_gain_0p5,/home/users/am1015/rl_runs_walker_confirm_30seed_20260521/Walker2d-v4__ppo_alpha_a3p10__3__1779439323/ppo_alpha_a3p10.cleanrl_model,/home/users/am1015/rl_runs_walker_confirm_30seed_20260521/Walker2d-v4__ppo_alpha_a3p10__3__1779439323/ppo_alpha_a3p10.cleanrl_model.norm_stats.npz,1,1,1,0.0,0.0,0.0,0.0,1.0,1.0,,1.0,-1,,-1,,1.0,,0.5,1.0,344.8424618780413,3.588157278720964,344.93739296018344,344.7634979242359,338.36475047463284,352.182448365396,
1779511833,eval__Walker2d-v4__ppo_cont__a3p10__mass_0p5__seed3__pid2577238,ppo_cont,Walker2d-v4,3,30,1,a3p10,mass_0p5,/home/users/am1015/rl_runs_walker_confirm_30seed_20260521/Walker2d-v4__ppo_alpha_a3p10__3__1779439323/ppo_alpha_a3p10.cleanrl_model,/home/users/am1015/rl_runs_walker_confirm_30seed_20260521/Walker2d-v4__ppo_alpha_a3p10__3__1779439323/ppo_alpha_a3p10.cleanrl_model.norm_stats.npz,1,1,1,0.0,0.0,0.0,0.0,1.0,0.5,,1.0,-1,,-1,,1.0,,1.0,1.0,465.53529750674977,115.28825770036912,459.0326567406313,461.0226514933603,289.9107796101927,860.2761883558544,
1779511832,eval__Walker2d-v4__ppo_cont__a3p10__actuator_gain_0p5__seed4__pid2577210,ppo_cont,Walker2d-v4,4,30,1,a3p10,actuator_gain_0p5,/home/users/am1015/rl_runs_walker_confirm_30seed_20260521/Walker2d-v4__ppo_alpha_a3p10__4__1779439323/ppo_alpha_a3p10.cleanrl_model,/home/users/am1015/rl_runs_walker_confirm_30seed_20260521/Walker2d-v4__ppo_alpha_a3p10__4__1779439323/ppo_alpha_a3p10.cleanrl_model.norm_stats.npz,1,1,1,0.0,0.0,0.0,0.0,1.0,1.0,,1.0,-1,,-1,,1.0,,0.5,1.0,356.95292150235224,5.378107505967527,357.85933538856114,357.5740293915469,342.89576241899823,365.6714830506331,
1779511832,eval__Walker2d-v4__ppo_cont__a3p10__mass_0p5__seed4__pid2577216,ppo_cont,Walker2d-v4,4,30,1,a3p10,mass_0p5,/home/users/am1015/rl_runs_walker_confirm_30seed_20260521/Walker2d-v4__ppo_alpha_a3p10__4__1779439323/ppo_alpha_a3p10.cleanrl_model,/home/users/am1015/rl_runs_walker_confirm_30seed_20260521/Walker2d-v4__ppo_alpha_a3p10__4__1779439323/ppo_alpha_a3p10.cleanrl_model.norm_stats.npz,1,1,1,0.0,0.0,0.0,0.0,1.0,0.5,,1.0,-1,,-1,,1.0,,1.0,1.0,282.6737980289348,69.31657678965921,275.8426213815823,272.8904480721628,195.1109979861484,435.0476427172174,
1779511832,eval__Walker2d-v4__ppo_cont__a3p10__actuator_gain_0p5__seed5__pid2007247,ppo_cont,Walker2d-v4,5,30,1,a3p10,actuator_gain_0p5,/home/users/am1015/rl_runs_walker_confirm_30seed_20260521/Walker2d-v4__ppo_alpha_a3p10__5__1779439323/ppo_alpha_a3p10.cleanrl_model,/home/users/am1015/rl_runs_walker_confirm_30seed_20260521/Walker2d-v4__ppo_alpha_a3p10__5__1779439323/ppo_alpha_a3p10.cleanrl_model.norm_stats.npz,1,1,1,0.0,0.0,0.0,0.0,1.0,1.0,,1.0,-1,,-1,,1.0,,0.5,1.0,279.21084879717625,2.885282411492899,279.0569024152471,279.1621394828505,274.737657846514,286.1840634140062,
1779511834,eval__Walker2d-v4__ppo_cont__a3p10__mass_0p5__seed5__pid1676718,ppo_cont,Walker2d-v4,5,30,1,a3p10,mass_0p5,/home/users/am1015/rl_runs_walker_confirm_30seed_20260521/Walker2d-v4__ppo_alpha_a3p10__5__1779439323/ppo_alpha_a3p10.cleanrl_model,/home/users/am1015/rl_runs_walker_confirm_30seed_20260521/Walker2d-v4__ppo_alpha_a3p10__5__1779439323/ppo_alpha_a3p10.cleanrl_model.norm_stats.npz,1,1,1,0.0,0.0,0.0,0.0,1.0,0.5,,1.0,-1,,-1,,1.0,,1.0,1.0,975.89980602736,740.3375881388738,694.8057083515625,807.2419333380715,134.6762482177241,2832.2090185382126,
1779511832,eval__Walker2d-v4__ppo_cont__a3p10__actuator_gain_0p5__seed6__pid2007200,ppo_cont,Walker2d-v4,6,30,1,a3p10,actuator_gain_0p5,/home/users/am1015/rl_runs_walker_confirm_30seed_20260521/Walker2d-v4__ppo_alpha_a3p10__6__1779439323/ppo_alpha_a3p10.cleanrl_model,/home/users/am1015/rl_runs_walker_confirm_30seed_20260521/Walker2d-v4__ppo_alpha_a3p10__6__1779439323/ppo_alpha_a3p10.cleanrl_model.norm_stats.npz,1,1,1,0.0,0.0,0.0,0.0,1.0,1.0,,1.0,-1,,-1,,1.0,,0.5,1.0,332.30499002241345,6.448249757600062,331.0954896528364,331.5655192246263,322.6789893727624,346.41444625610325,
1779511832,eval__Walker2d-v4__ppo_cont__a3p10__mass_0p5__seed6__pid2007237,ppo_cont,Walker2d-v4,6,30,1,a3p10,mass_0p5,/home/users/am1015/rl_runs_walker_confirm_30seed_20260521/Walker2d-v4__ppo_alpha_a3p10__6__1779439323/ppo_alpha_a3p10.cleanrl_model,/home/users/am1015/rl_runs_walker_confirm_30seed_20260521/Walker2d-v4__ppo_alpha_a3p10__6__1779439323/ppo_alpha_a3p10.cleanrl_model.norm_stats.npz,1,1,1,0.0,0.0,0.0,0.0,1.0,0.5,,1.0,-1,,-1,,1.0,,1.0,1.0,314.03996875661466,44.50415597901949,298.82337210733215,305.0583634162257,260.45161997038633,416.2130447566797,
1779511832,eval__Walker2d-v4__ppo_cont__a3p10__actuator_gain_0p5__seed7__pid1338781,ppo_cont,Walker2d-v4,7,30,1,a3p10,actuator_gain_0p5,/home/users/am1015/rl_runs_walker_confirm_30seed_20260521/Walker2d-v4__ppo_alpha_a3p10__7__1779439344/ppo_alpha_a3p10.cleanrl_model,/home/users/am1015/rl_runs_walker_confirm_30seed_20260521/Walker2d-v4__ppo_alpha_a3p10__7__1779439344/ppo_alpha_a3p10.cleanrl_model.norm_stats.npz,1,1,1,0.0,0.0,0.0,0.0,1.0,1.0,,1.0,-1,,-1,,1.0,,0.5,1.0,352.50322059071914,3.125907359198381,352.1120235385269,352.3545911007274,346.1230502997077,359.56877643776323,
1779511836,eval__Walker2d-v4__ppo_cont__a3p10__mass_0p5__seed7__pid2007233,ppo_cont,Walker2d-v4,7,30,1,a3p10,mass_0p5,/home/users/am1015/rl_runs_walker_confirm_30seed_20260521/Walker2d-v4__ppo_alpha_a3p10__7__1779439344/ppo_alpha_a3p10.cleanrl_model,/home/users/am1015/rl_runs_walker_confirm_30seed_20260521/Walker2d-v4__ppo_alpha_a3p10__7__1779439344/ppo_alpha_a3p10.cleanrl_model.norm_stats.npz,1,1,1,0.0,0.0,0.0,0.0,1.0,0.5,,1.0,-1,,-1,,1.0,,1.0,1.0,1185.3534690908514,1285.0300421785755,670.1809123026823,708.6010902033738,85.17970872730442,4041.96401780288,
1779511832,eval__Walker2d-v4__ppo_cont__a3p10__actuator_gain_0p5__seed8__pid1338806,ppo_cont,Walker2d-v4,8,30,1,a3p10,actuator_gain_0p5,/home/users/am1015/rl_runs_walker_confirm_30seed_20260521/Walker2d-v4__ppo_alpha_a3p10__8__1779439344/ppo_alpha_a3p10.cleanrl_model,/home/users/am1015/rl_runs_walker_confirm_30seed_20260521/Walker2d-v4__ppo_alpha_a3p10__8__1779439344/ppo_alpha_a3p10.cleanrl_model.norm_stats.npz,1,1,1,0.0,0.0,0.0,0.0,1.0,1.0,,1.0,-1,,-1,,1.0,,0.5,1.0,333.9776645259216,7.5096460981112445,332.0070799750704,333.8297318309177,318.3182048121064,349.1022880278097,
1779511833,eval__Walker2d-v4__ppo_cont__a3p10__mass_0p5__seed8__pid1338811,ppo_cont,Walker2d-v4,8,30,1,a3p10,mass_0p5,/home/users/am1015/rl_runs_walker_confirm_30seed_20260521/Walker2d-v4__ppo_alpha_a3p10__8__1779439344/ppo_alpha_a3p10.cleanrl_model,/home/users/am1015/rl_runs_walker_confirm_30seed_20260521/Walker2d-v4__ppo_alpha_a3p10__8__1779439344/ppo_alpha_a3p10.cleanrl_model.norm_stats.npz,1,1,1,0.0,0.0,0.0,0.0,1.0,0.5,,1.0,-1,,-1,,1.0,,1.0,1.0,476.4994248052448,32.088450997008486,479.1903109103698,478.9518278570228,406.1560057312144,524.8232868562859,
1779511860,eval__Walker2d-v4__ppo_cont__a3p10__actuator_gain_0p5__seed9__pid1900674,ppo_cont,Walker2d-v4,9,30,1,a3p10,actuator_gain_0p5,/home/users/am1015/rl_runs_walker_confirm_30seed_20260521/Walker2d-v4__ppo_alpha_a3p10__9__1779439344/ppo_alpha_a3p10.cleanrl_model,/home/users/am1015/rl_runs_walker_confirm_30seed_20260521/Walker2d-v4__ppo_alpha_a3p10__9__1779439344/ppo_alpha_a3p10.cleanrl_model.norm_stats.npz,1,1,1,0.0,0.0,0.0,0.0,1.0,1.0,,1.0,-1,,-1,,1.0,,0.5,1.0,307.44151646158764,2.238465034143277,307.7620653043799,307.5821228945623,302.75079996356806,314.2541479571981,
1779511834,eval__Walker2d-v4__ppo_cont__a3p10__mass_0p5__seed9__pid247433,ppo_cont,Walker2d-v4,9,30,1,a3p10,mass_0p5,/home/users/am1015/rl_runs_walker_confirm_30seed_20260521/Walker2d-v4__ppo_alpha_a3p10__9__1779439344/ppo_alpha_a3p10.cleanrl_model,/home/users/am1015/rl_runs_walker_confirm_30seed_20260521/Walker2d-v4__ppo_alpha_a3p10__9__1779439344/ppo_alpha_a3p10.cleanrl_model.norm_stats.npz,1,1,1,0.0,0.0,0.0,0.0,1.0,0.5,,1.0,-1,,-1,,1.0,,1.0,1.0,934.4822893290644,705.5011562300218,620.2448238802951,724.5833946019237,267.432547504595,3331.989767896759,
1779511861,eval__Walker2d-v4__ppo_cont__vanilla__actuator_gain_0p5__seed10__pid626489,ppo_cont,Walker2d-v4,10,30,1,vanilla,actuator_gain_0p5,/home/users/am1015/rl_runs_walker_confirm_30seed_20260521/Walker2d-v4__ppo_alpha_vanilla__10__1779429200/ppo_alpha_vanilla.cleanrl_model,/home/users/am1015/rl_runs_walker_confirm_30seed_20260521/Walker2d-v4__ppo_alpha_vanilla__10__1779429200/ppo_alpha_vanilla.cleanrl_model.norm_stats.npz,1,1,1,0.0,0.0,0.0,0.0,1.0,1.0,,1.0,-1,,-1,,1.0,,0.5,1.0,356.63271286194976,6.056113634892132,355.25641479467595,355.7088780530002,347.9981175722356,370.59782530535193,
1779511860,eval__Walker2d-v4__ppo_cont__vanilla__mass_0p5__seed10__pid1784261,ppo_cont,Walker2d-v4,10,30,1,vanilla,mass_0p5,/home/users/am1015/rl_runs_walker_confirm_30seed_20260521/Walker2d-v4__ppo_alpha_vanilla__10__1779429200/ppo_alpha_vanilla.cleanrl_model,/home/users/am1015/rl_runs_walker_confirm_30seed_20260521/Walker2d-v4__ppo_alpha_vanilla__10__1779429200/ppo_alpha_vanilla.cleanrl_model.norm_stats.npz,1,1,1,0.0,0.0,0.0,0.0,1.0,0.5,,1.0,-1,,-1,,1.0,,1.0,1.0,326.10420247058096,345.2710203368765,184.2332851037835,185.6928568990619,145.81335046383873,1709.5505258365506,
1779511860,eval__Walker2d-v4__ppo_cont__vanilla__actuator_gain_0p5__seed11__pid491427,ppo_cont,Walker2d-v4,11,30,1,vanilla,actuator_gain_0p5,/home/users/am1015/rl_runs_walker_confirm_30seed_20260521/Walker2d-v4__ppo_alpha_vanilla__11__1779429200/ppo_alpha_vanilla.cleanrl_model,/home/users/am1015/rl_runs_walker_confirm_30seed_20260521/Walker2d-v4__ppo_alpha_vanilla__11__1779429200/ppo_alpha_vanilla.cleanrl_model.norm_stats.npz,1,1,1,0.0,0.0,0.0,0.0,1.0,1.0,,1.0,-1,,-1,,1.0,,0.5,1.0,298.587895613945,2.48258772857198,298.63699501315693,298.5977849465276,294.37041650464334,303.8173240456438,
1779511865,eval__Walker2d-v4__ppo_cont__vanilla__mass_0p5__seed11__pid626504,ppo_cont,Walker2d-v4,11,30,1,vanilla,mass_0p5,/home/users/am1015/rl_runs_walker_confirm_30seed_20260521/Walker2d-v4__ppo_alpha_vanilla__11__1779429200/ppo_alpha_vanilla.cleanrl_model,/home/users/am1015/rl_runs_walker_confirm_30seed_20260521/Walker2d-v4__ppo_alpha_vanilla__11__1779429200/ppo_alpha_vanilla.cleanrl_model.norm_stats.npz,1,1,1,0.0,0.0,0.0,0.0,1.0,0.5,,1.0,-1,,-1,,1.0,,1.0,1.0,1776.1790896029418,1233.1429615789004,1434.985963498534,1423.485215674234,250.98229675838263,5084.617520071566,
1779511860,eval__Walker2d-v4__ppo_cont__vanilla__actuator_gain_0p5__seed12__pid3129883,ppo_cont,Walker2d-v4,12,30,1,vanilla,actuator_gain_0p5,/home/users/am1015/rl_runs_walker_confirm_30seed_20260521/Walker2d-v4__ppo_alpha_vanilla__12__1779429200/ppo_alpha_vanilla.cleanrl_model,/home/users/am1015/rl_runs_walker_confirm_30seed_20260521/Walker2d-v4__ppo_alpha_vanilla__12__1779429200/ppo_alpha_vanilla.cleanrl_model.norm_stats.npz,1,1,1,0.0,0.0,0.0,0.0,1.0,1.0,,1.0,-1,,-1,,1.0,,0.5,1.0,236.5744978243851,3.303861056902782,236.5396120500064,236.3866859474045,231.50941764818083,244.92406936237265,
1779511868,eval__Walker2d-v4__ppo_cont__vanilla__mass_0p5__seed12__pid3129912,ppo_cont,Walker2d-v4,12,30,1,vanilla,mass_0p5,/home/users/am1015/rl_runs_walker_confirm_30seed_20260521/Walker2d-v4__ppo_alpha_vanilla__12__1779429200/ppo_alpha_vanilla.cleanrl_model,/home/users/am1015/rl_runs_walker_confirm_30seed_20260521/Walker2d-v4__ppo_alpha_vanilla__12__1779429200/ppo_alpha_vanilla.cleanrl_model.norm_stats.npz,1,1,1,0.0,0.0,0.0,0.0,1.0,0.5,,1.0,-1,,-1,,1.0,,1.0,1.0,2247.423029663178,846.5785921730106,2119.4159212731715,2134.683747188536,1048.4507097894866,3707.387139704047,
1779511858,eval__Walker2d-v4__ppo_cont__vanilla__actuator_gain_0p5__seed13__pid3487028,ppo_cont,Walker2d-v4,13,30,1,vanilla,actuator_gain_0p5,/home/users/am1015/rl_runs_walker_confirm_30seed_20260521/Walker2d-v4__ppo_alpha_vanilla__13__1779429200/ppo_alpha_vanilla.cleanrl_model,/home/users/am1015/rl_runs_walker_confirm_30seed_20260521/Walker2d-v4__ppo_alpha_vanilla__13__1779429200/ppo_alpha_vanilla.cleanrl_model.norm_stats.npz,1,1,1,0.0,0.0,0.0,0.0,1.0,1.0,,1.0,-1,,-1,,1.0,,0.5,1.0,331.32422521211294,3.5537547362885973,330.4550498125409,330.81841448492514,325.156932439816,338.4702443614139,
1779511861,eval__Walker2d-v4__ppo_cont__vanilla__mass_0p5__seed13__pid3129913,ppo_cont,Walker2d-v4,13,30,1,vanilla,mass_0p5,/home/users/am1015/rl_runs_walker_confirm_30seed_20260521/Walker2d-v4__ppo_alpha_vanilla__13__1779429200/ppo_alpha_vanilla.cleanrl_model,/home/users/am1015/rl_runs_walker_confirm_30seed_20260521/Walker2d-v4__ppo_alpha_vanilla__13__1779429200/ppo_alpha_vanilla.cleanrl_model.norm_stats.npz,1,1,1,0.0,0.0,0.0,0.0,1.0,0.5,,1.0,-1,,-1,,1.0,,1.0,1.0,441.561298745192,52.75710060973393,422.83179921251866,425.41398052816845,390.2476303676791,594.2556609304501,
1779511858,eval__Walker2d-v4__ppo_cont__vanilla__actuator_gain_0p5__seed14__pid3487013,ppo_cont,Walker2d-v4,14,30,1,vanilla,actuator_gain_0p5,/home/users/am1015/rl_runs_walker_confirm_30seed_20260521/Walker2d-v4__ppo_alpha_vanilla__14__1779429200/ppo_alpha_vanilla.cleanrl_model,/home/users/am1015/rl_runs_walker_confirm_30seed_20260521/Walker2d-v4__ppo_alpha_vanilla__14__1779429200/ppo_alpha_vanilla.cleanrl_model.norm_stats.npz,1,1,1,0.0,0.0,0.0,0.0,1.0,1.0,,1.0,-1,,-1,,1.0,,0.5,1.0,229.92784959498636,2.68752668775426,230.5228929182944,230.3660514476477,223.9800554879296,233.63378199885588,
1779511860,eval__Walker2d-v4__ppo_cont__vanilla__mass_0p5__seed14__pid3486999,ppo_cont,Walker2d-v4,14,30,1,vanilla,mass_0p5,/home/users/am1015/rl_runs_walker_confirm_30seed_20260521/Walker2d-v4__ppo_alpha_vanilla__14__1779429200/ppo_alpha_vanilla.cleanrl_model,/home/users/am1015/rl_runs_walker_confirm_30seed_20260521/Walker2d-v4__ppo_alpha_vanilla__14__1779429200/ppo_alpha_vanilla.cleanrl_model.norm_stats.npz,1,1,1,0.0,0.0,0.0,0.0,1.0,0.5,,1.0,-1,,-1,,1.0,,1.0,1.0,776.1984039272733,503.96382903279937,617.6783094476755,640.5158975676216,324.09865408056163,2495.06215174282,
1779511861,eval__Walker2d-v4__ppo_cont__vanilla__actuator_gain_0p5__seed15__pid2978108,ppo_cont,Walker2d-v4,15,30,1,vanilla,actuator_gain_0p5,/home/users/am1015/rl_runs_walker_confirm_30seed_20260521/Walker2d-v4__ppo_alpha_vanilla__15__1779429200/ppo_alpha_vanilla.cleanrl_model,/home/users/am1015/rl_runs_walker_confirm_30seed_20260521/Walker2d-v4__ppo_alpha_vanilla__15__1779429200/ppo_alpha_vanilla.cleanrl_model.norm_stats.npz,1,1,1,0.0,0.0,0.0,0.0,1.0,1.0,,1.0,-1,,-1,,1.0,,0.5,1.0,236.7130760907788,6.452612201430737,237.11027374158564,236.66289070564724,225.4707037852336,251.61198076735465,
1779511867,eval__Walker2d-v4__ppo_cont__vanilla__mass_0p5__seed15__pid2978152,ppo_cont,Walker2d-v4,15,30,1,vanilla,mass_0p5,/home/users/am1015/rl_runs_walker_confirm_30seed_20260521/Walker2d-v4__ppo_alpha_vanilla__15__1779429200/ppo_alpha_vanilla.cleanrl_model,/home/users/am1015/rl_runs_walker_confirm_30seed_20260521/Walker2d-v4__ppo_alpha_vanilla__15__1779429200/ppo_alpha_vanilla.cleanrl_model.norm_stats.npz,1,1,1,0.0,0.0,0.0,0.0,1.0,0.5,,1.0,-1,,-1,,1.0,,1.0,1.0,1360.377769199076,741.6739491661067,1157.005117596023,1213.256552147965,81.05396537108216,3690.865184126522,
1779511861,eval__Walker2d-v4__ppo_cont__vanilla__actuator_gain_0p5__seed16__pid2978142,ppo_cont,Walker2d-v4,16,30,1,vanilla,actuator_gain_0p5,/home/users/am1015/rl_runs_walker_confirm_30seed_20260521/Walker2d-v4__ppo_alpha_vanilla__16__1779429200/ppo_alpha_vanilla.cleanrl_model,/home/users/am1015/rl_runs_walker_confirm_30seed_20260521/Walker2d-v4__ppo_alpha_vanilla__16__1779429200/ppo_alpha_vanilla.cleanrl_model.norm_stats.npz,1,1,1,0.0,0.0,0.0,0.0,1.0,1.0,,1.0,-1,,-1,,1.0,,0.5,1.0,328.552678678232,2.017704624435333,328.43077883230944,328.4164682463464,324.8498005880199,332.435669628116,
1779511867,eval__Walker2d-v4__ppo_cont__vanilla__mass_0p5__seed16__pid2978137,ppo_cont,Walker2d-v4,16,30,1,vanilla,mass_0p5,/home/users/am1015/rl_runs_walker_confirm_30seed_20260521/Walker2d-v4__ppo_alpha_vanilla__16__1779429200/ppo_alpha_vanilla.cleanrl_model,/home/users/am1015/rl_runs_walker_confirm_30seed_20260521/Walker2d-v4__ppo_alpha_vanilla__16__1779429200/ppo_alpha_vanilla.cleanrl_model.norm_stats.npz,1,1,1,0.0,0.0,0.0,0.0,1.0,0.5,,1.0,-1,,-1,,1.0,,1.0,1.0,1580.3498884108308,591.5866275928078,1628.1550590253307,1514.58314375824,719.929447824743,3668.157439918634,
1779511861,eval__Walker2d-v4__ppo_cont__vanilla__actuator_gain_0p5__seed17__pid2577536,ppo_cont,Walker2d-v4,17,30,1,vanilla,actuator_gain_0p5,/home/users/am1015/rl_runs_walker_confirm_30seed_20260521/Walker2d-v4__ppo_alpha_vanilla__17__1779429199/ppo_alpha_vanilla.cleanrl_model,/home/users/am1015/rl_runs_walker_confirm_30seed_20260521/Walker2d-v4__ppo_alpha_vanilla__17__1779429199/ppo_alpha_vanilla.cleanrl_model.norm_stats.npz,1,1,1,0.0,0.0,0.0,0.0,1.0,1.0,,1.0,-1,,-1,,1.0,,0.5,1.0,250.72693704346185,18.882486788156683,239.5672701151176,246.57027353502303,230.2373261607655,280.34817434444625,
1779511870,eval__Walker2d-v4__ppo_cont__vanilla__mass_0p5__seed17__pid2577537,ppo_cont,Walker2d-v4,17,30,1,vanilla,mass_0p5,/home/users/am1015/rl_runs_walker_confirm_30seed_20260521/Walker2d-v4__ppo_alpha_vanilla__17__1779429199/ppo_alpha_vanilla.cleanrl_model,/home/users/am1015/rl_runs_walker_confirm_30seed_20260521/Walker2d-v4__ppo_alpha_vanilla__17__1779429199/ppo_alpha_vanilla.cleanrl_model.norm_stats.npz,1,1,1,0.0,0.0,0.0,0.0,1.0,0.5,,1.0,-1,,-1,,1.0,,1.0,1.0,2518.114896834022,1026.9275126865202,2416.009747775881,2626.762032779895,561.0914562472294,3821.64642131596,
1779511861,eval__Walker2d-v4__ppo_cont__vanilla__actuator_gain_0p5__seed18__pid2577499,ppo_cont,Walker2d-v4,18,30,1,vanilla,actuator_gain_0p5,/home/users/am1015/rl_runs_walker_confirm_30seed_20260521/Walker2d-v4__ppo_alpha_vanilla__18__1779429199/ppo_alpha_vanilla.cleanrl_model,/home/users/am1015/rl_runs_walker_confirm_30seed_20260521/Walker2d-v4__ppo_alpha_vanilla__18__1779429199/ppo_alpha_vanilla.cleanrl_model.norm_stats.npz,1,1,1,0.0,0.0,0.0,0.0,1.0,1.0,,1.0,-1,,-1,,1.0,,0.5,1.0,388.39726192915583,2.5028679098095163,388.2839944099428,388.5226419187835,384.1570382886629,393.9140319794381,
1779511860,eval__Walker2d-v4__ppo_cont__vanilla__mass_0p5__seed18__pid2577545,ppo_cont,Walker2d-v4,18,30,1,vanilla,mass_0p5,/home/users/am1015/rl_runs_walker_confirm_30seed_20260521/Walker2d-v4__ppo_alpha_vanilla__18__1779429199/ppo_alpha_vanilla.cleanrl_model,/home/users/am1015/rl_runs_walker_confirm_30seed_20260521/Walker2d-v4__ppo_alpha_vanilla__18__1779429199/ppo_alpha_vanilla.cleanrl_model.norm_stats.npz,1,1,1,0.0,0.0,0.0,0.0,1.0,0.5,,1.0,-1,,-1,,1.0,,1.0,1.0,179.4171354967727,14.47060135892136,175.47508697166856,176.11392291321042,156.52869075796,229.27115901108164,
1779511861,eval__Walker2d-v4__ppo_cont__vanilla__actuator_gain_0p5__seed19__pid2007528,ppo_cont,Walker2d-v4,19,30,1,vanilla,actuator_gain_0p5,/home/users/am1015/rl_runs_walker_confirm_30seed_20260521/Walker2d-v4__ppo_alpha_vanilla__19__1779429199/ppo_alpha_vanilla.cleanrl_model,/home/users/am1015/rl_runs_walker_confirm_30seed_20260521/Walker2d-v4__ppo_alpha_vanilla__19__1779429199/ppo_alpha_vanilla.cleanrl_model.norm_stats.npz,1,1,1,0.0,0.0,0.0,0.0,1.0,1.0,,1.0,-1,,-1,,1.0,,0.5,1.0,314.3346704642931,3.433157265830709,314.67153176318834,314.39549459825787,307.75471575849105,320.329810462571,
1779511867,eval__Walker2d-v4__ppo_cont__vanilla__mass_0p5__seed19__pid1676810,ppo_cont,Walker2d-v4,19,30,1,vanilla,mass_0p5,/home/users/am1015/rl_runs_walker_confirm_30seed_20260521/Walker2d-v4__ppo_alpha_vanilla__19__1779429199/ppo_alpha_vanilla.cleanrl_model,/home/users/am1015/rl_runs_walker_confirm_30seed_20260521/Walker2d-v4__ppo_alpha_vanilla__19__1779429199/ppo_alpha_vanilla.cleanrl_model.norm_stats.npz,1,1,1,0.0,0.0,0.0,0.0,1.0,0.5,,1.0,-1,,-1,,1.0,,1.0,1.0,1494.5792357171144,1182.0832562665316,1210.5497249736752,1292.1420724546977,178.7330224191115,3522.95997130078,
1779511862,eval__Walker2d-v4__ppo_cont__vanilla__actuator_gain_0p5__seed1__pid4118288,ppo_cont,Walker2d-v4,1,30,1,vanilla,actuator_gain_0p5,/home/users/am1015/rl_runs_walker_confirm_30seed_20260521/Walker2d-v4__ppo_alpha_vanilla__1__1779429198/ppo_alpha_vanilla.cleanrl_model,/home/users/am1015/rl_runs_walker_confirm_30seed_20260521/Walker2d-v4__ppo_alpha_vanilla__1__1779429198/ppo_alpha_vanilla.cleanrl_model.norm_stats.npz,1,1,1,0.0,0.0,0.0,0.0,1.0,1.0,,1.0,-1,,-1,,1.0,,0.5,1.0,348.247802414773,3.753221046562536,347.7490828333432,348.0018992996192,341.80446831497613,355.32697356783444,
1779511859,eval__Walker2d-v4__ppo_cont__vanilla__mass_0p5__seed1__pid419073,ppo_cont,Walker2d-v4,1,30,1,vanilla,mass_0p5,/home/users/am1015/rl_runs_walker_confirm_30seed_20260521/Walker2d-v4__ppo_alpha_vanilla__1__1779429198/ppo_alpha_vanilla.cleanrl_model,/home/users/am1015/rl_runs_walker_confirm_30seed_20260521/Walker2d-v4__ppo_alpha_vanilla__1__1779429198/ppo_alpha_vanilla.cleanrl_model.norm_stats.npz,1,1,1,0.0,0.0,0.0,0.0,1.0,0.5,,1.0,-1,,-1,,1.0,,1.0,1.0,296.97350611802364,64.96827525126757,294.857530873288,297.5146808814255,79.36534180439821,408.26329865087706,
1779511861,eval__Walker2d-v4__ppo_cont__vanilla__actuator_gain_0p5__seed20__pid2007530,ppo_cont,Walker2d-v4,20,30,1,vanilla,actuator_gain_0p5,/home/users/am1015/rl_runs_walker_confirm_30seed_20260521/Walker2d-v4__ppo_alpha_vanilla__20__1779429199/ppo_alpha_vanilla.cleanrl_model,/home/users/am1015/rl_runs_walker_confirm_30seed_20260521/Walker2d-v4__ppo_alpha_vanilla__20__1779429199/ppo_alpha_vanilla.cleanrl_model.norm_stats.npz,1,1,1,0.0,0.0,0.0,0.0,1.0,1.0,,1.0,-1,,-1,,1.0,,0.5,1.0,375.07823218824495,4.261016385704362,375.6053313011352,375.2095278628763,366.8567099080591,383.6301170095985,
1779511861,eval__Walker2d-v4__ppo_cont__vanilla__mass_0p5__seed20__pid2007545,ppo_cont,Walker2d-v4,20,30,1,vanilla,mass_0p5,/home/users/am1015/rl_runs_walker_confirm_30seed_20260521/Walker2d-v4__ppo_alpha_vanilla__20__1779429199/ppo_alpha_vanilla.cleanrl_model,/home/users/am1015/rl_runs_walker_confirm_30seed_20260521/Walker2d-v4__ppo_alpha_vanilla__20__1779429199/ppo_alpha_vanilla.cleanrl_model.norm_stats.npz,1,1,1,0.0,0.0,0.0,0.0,1.0,0.5,,1.0,-1,,-1,,1.0,,1.0,1.0,371.735486711649,172.12819596094036,304.86309782464286,328.342676452027,159.02992473609777,832.2216768478002,
1779511861,eval__Walker2d-v4__ppo_cont__vanilla__actuator_gain_0p5__seed21__pid1339003,ppo_cont,Walker2d-v4,21,30,1,vanilla,actuator_gain_0p5,/home/users/am1015/rl_runs_walker_confirm_30seed_20260521/Walker2d-v4__ppo_alpha_vanilla__21__1779429200/ppo_alpha_vanilla.cleanrl_model,/home/users/am1015/rl_runs_walker_confirm_30seed_20260521/Walker2d-v4__ppo_alpha_vanilla__21__1779429200/ppo_alpha_vanilla.cleanrl_model.norm_stats.npz,1,1,1,0.0,0.0,0.0,0.0,1.0,1.0,,1.0,-1,,-1,,1.0,,0.5,1.0,376.7317656794263,4.254274962940773,376.22607910492417,376.630214625326,368.0276407784247,386.07364042432624,
1779511864,eval__Walker2d-v4__ppo_cont__vanilla__mass_0p5__seed21__pid2007499,ppo_cont,Walker2d-v4,21,30,1,vanilla,mass_0p5,/home/users/am1015/rl_runs_walker_confirm_30seed_20260521/Walker2d-v4__ppo_alpha_vanilla__21__1779429200/ppo_alpha_vanilla.cleanrl_model,/home/users/am1015/rl_runs_walker_confirm_30seed_20260521/Walker2d-v4__ppo_alpha_vanilla__21__1779429200/ppo_alpha_vanilla.cleanrl_model.norm_stats.npz,1,1,1,0.0,0.0,0.0,0.0,1.0,0.5,,1.0,-1,,-1,,1.0,,1.0,1.0,999.9457983841148,983.6632589416369,510.63707396549546,631.6425929800204,150.85207767986898,3911.794570169112,
1779511892,eval__Walker2d-v4__ppo_cont__vanilla__actuator_gain_0p5__seed22__pid1900748,ppo_cont,Walker2d-v4,22,30,1,vanilla,actuator_gain_0p5,/home/users/am1015/rl_runs_walker_confirm_30seed_20260521/Walker2d-v4__ppo_alpha_vanilla__22__1779429200/ppo_alpha_vanilla.cleanrl_model,/home/users/am1015/rl_runs_walker_confirm_30seed_20260521/Walker2d-v4__ppo_alpha_vanilla__22__1779429200/ppo_alpha_vanilla.cleanrl_model.norm_stats.npz,1,1,1,0.0,0.0,0.0,0.0,1.0,1.0,,1.0,-1,,-1,,1.0,,0.5,1.0,410.34244772547777,3.314392219493456,410.5375878764749,410.35080604405806,404.5242728000614,415.6372402939019,
1779511861,eval__Walker2d-v4__ppo_cont__vanilla__mass_0p5__seed22__pid247513,ppo_cont,Walker2d-v4,22,30,1,vanilla,mass_0p5,/home/users/am1015/rl_runs_walker_confirm_30seed_20260521/Walker2d-v4__ppo_alpha_vanilla__22__1779429200/ppo_alpha_vanilla.cleanrl_model,/home/users/am1015/rl_runs_walker_confirm_30seed_20260521/Walker2d-v4__ppo_alpha_vanilla__22__1779429200/ppo_alpha_vanilla.cleanrl_model.norm_stats.npz,1,1,1,0.0,0.0,0.0,0.0,1.0,0.5,,1.0,-1,,-1,,1.0,,1.0,1.0,368.9993055320372,14.175147479744124,370.8702015793352,370.7756648122,333.36134980638576,408.2713155055373,
1779511891,eval__Walker2d-v4__ppo_cont__vanilla__actuator_gain_0p5__seed23__pid626651,ppo_cont,Walker2d-v4,23,30,1,vanilla,actuator_gain_0p5,/home/users/am1015/rl_runs_walker_confirm_30seed_20260521/Walker2d-v4__ppo_alpha_vanilla__23__1779429200/ppo_alpha_vanilla.cleanrl_model,/home/users/am1015/rl_runs_walker_confirm_30seed_20260521/Walker2d-v4__ppo_alpha_vanilla__23__1779429200/ppo_alpha_vanilla.cleanrl_model.norm_stats.npz,1,1,1,0.0,0.0,0.0,0.0,1.0,1.0,,1.0,-1,,-1,,1.0,,0.5,1.0,340.4666595016294,1.8823849726034891,340.502967584536,340.2292246580825,337.1759487163357,344.88167671714007,
1779511891,eval__Walker2d-v4__ppo_cont__vanilla__mass_0p5__seed23__pid1784332,ppo_cont,Walker2d-v4,23,30,1,vanilla,mass_0p5,/home/users/am1015/rl_runs_walker_confirm_30seed_20260521/Walker2d-v4__ppo_alpha_vanilla__23__1779429200/ppo_alpha_vanilla.cleanrl_model,/home/users/am1015/rl_runs_walker_confirm_30seed_20260521/Walker2d-v4__ppo_alpha_vanilla__23__1779429200/ppo_alpha_vanilla.cleanrl_model.norm_stats.npz,1,1,1,0.0,0.0,0.0,0.0,1.0,0.5,,1.0,-1,,-1,,1.0,,1.0,1.0,237.69059628028305,237.34298565796144,272.94532398496494,231.45101788585592,-36.49234099118291,980.09378487168,
1779511890,eval__Walker2d-v4__ppo_cont__vanilla__actuator_gain_0p5__seed24__pid491522,ppo_cont,Walker2d-v4,24,30,1,vanilla,actuator_gain_0p5,/home/users/am1015/rl_runs_walker_confirm_30seed_20260521/Walker2d-v4__ppo_alpha_vanilla__24__1779429200/ppo_alpha_vanilla.cleanrl_model,/home/users/am1015/rl_runs_walker_confirm_30seed_20260521/Walker2d-v4__ppo_alpha_vanilla__24__1779429200/ppo_alpha_vanilla.cleanrl_model.norm_stats.npz,1,1,1,0.0,0.0,0.0,0.0,1.0,1.0,,1.0,-1,,-1,,1.0,,0.5,1.0,369.1296207466909,5.7422439518821085,368.7579092608383,368.9496257680215,358.2296304636235,379.08356926239946,
1779511891,eval__Walker2d-v4__ppo_cont__vanilla__mass_0p5__seed24__pid626666,ppo_cont,Walker2d-v4,24,30,1,vanilla,mass_0p5,/home/users/am1015/rl_runs_walker_confirm_30seed_20260521/Walker2d-v4__ppo_alpha_vanilla__24__1779429200/ppo_alpha_vanilla.cleanrl_model,/home/users/am1015/rl_runs_walker_confirm_30seed_20260521/Walker2d-v4__ppo_alpha_vanilla__24__1779429200/ppo_alpha_vanilla.cleanrl_model.norm_stats.npz,1,1,1,0.0,0.0,0.0,0.0,1.0,0.5,,1.0,-1,,-1,,1.0,,1.0,1.0,286.86542167931907,54.86084513488774,277.307278068545,277.9444296188573,96.50275945282544,395.44804780373295,
1779511892,eval__Walker2d-v4__ppo_cont__vanilla__actuator_gain_0p5__seed25__pid4118383,ppo_cont,Walker2d-v4,25,30,1,vanilla,actuator_gain_0p5,/home/users/am1015/rl_runs_walker_confirm_30seed_20260521/Walker2d-v4__ppo_alpha_vanilla__25__1779429203/ppo_alpha_vanilla.cleanrl_model,/home/users/am1015/rl_runs_walker_confirm_30seed_20260521/Walker2d-v4__ppo_alpha_vanilla__25__1779429203/ppo_alpha_vanilla.cleanrl_model.norm_stats.npz,1,1,1,0.0,0.0,0.0,0.0,1.0,1.0,,1.0,-1,,-1,,1.0,,0.5,1.0,234.3756754780165,7.815107350756727,236.1735848473256,235.98963147823608,209.76201005316696,243.77262216050732,
1779511890,eval__Walker2d-v4__ppo_cont__vanilla__mass_0p5__seed25__pid419641,ppo_cont,Walker2d-v4,25,30,1,vanilla,mass_0p5,/home/users/am1015/rl_runs_walker_confirm_30seed_20260521/Walker2d-v4__ppo_alpha_vanilla__25__1779429203/ppo_alpha_vanilla.cleanrl_model,/home/users/am1015/rl_runs_walker_confirm_30seed_20260521/Walker2d-v4__ppo_alpha_vanilla__25__1779429203/ppo_alpha_vanilla.cleanrl_model.norm_stats.npz,1,1,1,0.0,0.0,0.0,0.0,1.0,0.5,,1.0,-1,,-1,,1.0,,1.0,1.0,551.958247405981,53.89281123851257,556.3781072586071,549.5056048835559,461.77711920653496,700.053513939062,
1779511892,eval__Walker2d-v4__ppo_cont__vanilla__actuator_gain_0p5__seed26__pid3130129,ppo_cont,Walker2d-v4,26,30,1,vanilla,actuator_gain_0p5,/home/users/am1015/rl_runs_walker_confirm_30seed_20260521/Walker2d-v4__ppo_alpha_vanilla__26__1779434002/ppo_alpha_vanilla.cleanrl_model,/home/users/am1015/rl_runs_walker_confirm_30seed_20260521/Walker2d-v4__ppo_alpha_vanilla__26__1779434002/ppo_alpha_vanilla.cleanrl_model.norm_stats.npz,1,1,1,0.0,0.0,0.0,0.0,1.0,1.0,,1.0,-1,,-1,,1.0,,0.5,1.0,353.59380282929175,5.938922855230077,352.9676672673844,353.11531483820875,343.232134072758,367.3369285495503,
1779511892,eval__Walker2d-v4__ppo_cont__vanilla__mass_0p5__seed26__pid3130130,ppo_cont,Walker2d-v4,26,30,1,vanilla,mass_0p5,/home/users/am1015/rl_runs_walker_confirm_30seed_20260521/Walker2d-v4__ppo_alpha_vanilla__26__1779434002/ppo_alpha_vanilla.cleanrl_model,/home/users/am1015/rl_runs_walker_confirm_30seed_20260521/Walker2d-v4__ppo_alpha_vanilla__26__1779434002/ppo_alpha_vanilla.cleanrl_model.norm_stats.npz,1,1,1,0.0,0.0,0.0,0.0,1.0,0.5,,1.0,-1,,-1,,1.0,,1.0,1.0,295.3505100877264,27.777424340605453,291.85143837247546,292.61652700645715,252.75521287789223,348.2637313565502,
1779511889,eval__Walker2d-v4__ppo_cont__vanilla__actuator_gain_0p5__seed27__pid3487245,ppo_cont,Walker2d-v4,27,30,1,vanilla,actuator_gain_0p5,/home/users/am1015/rl_runs_walker_confirm_30seed_20260521/Walker2d-v4__ppo_alpha_vanilla__27__1779434181/ppo_alpha_vanilla.cleanrl_model,/home/users/am1015/rl_runs_walker_confirm_30seed_20260521/Walker2d-v4__ppo_alpha_vanilla__27__1779434181/ppo_alpha_vanilla.cleanrl_model.norm_stats.npz,1,1,1,0.0,0.0,0.0,0.0,1.0,1.0,,1.0,-1,,-1,,1.0,,0.5,1.0,271.8714581914249,3.290964971229688,271.7105447297098,272.0668913266708,266.503096518209,277.73561886581126,
1779511896,eval__Walker2d-v4__ppo_cont__vanilla__mass_0p5__seed27__pid3130104,ppo_cont,Walker2d-v4,27,30,1,vanilla,mass_0p5,/home/users/am1015/rl_runs_walker_confirm_30seed_20260521/Walker2d-v4__ppo_alpha_vanilla__27__1779434181/ppo_alpha_vanilla.cleanrl_model,/home/users/am1015/rl_runs_walker_confirm_30seed_20260521/Walker2d-v4__ppo_alpha_vanilla__27__1779434181/ppo_alpha_vanilla.cleanrl_model.norm_stats.npz,1,1,1,0.0,0.0,0.0,0.0,1.0,0.5,,1.0,-1,,-1,,1.0,,1.0,1.0,1251.3409810137648,498.8123761117873,1064.7138087401286,1099.5938196955906,855.7830744843519,2912.486382191504,
1779511889,eval__Walker2d-v4__ppo_cont__vanilla__actuator_gain_0p5__seed28__pid3487259,ppo_cont,Walker2d-v4,28,30,1,vanilla,actuator_gain_0p5,/home/users/am1015/rl_runs_walker_confirm_30seed_20260521/Walker2d-v4__ppo_alpha_vanilla__28__1779434213/ppo_alpha_vanilla.cleanrl_model,/home/users/am1015/rl_runs_walker_confirm_30seed_20260521/Walker2d-v4__ppo_alpha_vanilla__28__1779434213/ppo_alpha_vanilla.cleanrl_model.norm_stats.npz,1,1,1,0.0,0.0,0.0,0.0,1.0,1.0,,1.0,-1,,-1,,1.0,,0.5,1.0,360.5657455364222,6.290638235372796,360.9281509003504,360.88299813822886,348.1563554555212,371.2766938077482,
1779511896,eval__Walker2d-v4__ppo_cont__vanilla__mass_0p5__seed28__pid3487244,ppo_cont,Walker2d-v4,28,30,1,vanilla,mass_0p5,/home/users/am1015/rl_runs_walker_confirm_30seed_20260521/Walker2d-v4__ppo_alpha_vanilla__28__1779434213/ppo_alpha_vanilla.cleanrl_model,/home/users/am1015/rl_runs_walker_confirm_30seed_20260521/Walker2d-v4__ppo_alpha_vanilla__28__1779434213/ppo_alpha_vanilla.cleanrl_model.norm_stats.npz,1,1,1,0.0,0.0,0.0,0.0,1.0,0.5,,1.0,-1,,-1,,1.0,,1.0,1.0,1429.6177197809257,904.7865511473738,1695.9858510458466,1513.1164385018303,239.23796546222,2716.593154020893,
1779511890,eval__Walker2d-v4__ppo_cont__vanilla__actuator_gain_0p5__seed29__pid2978441,ppo_cont,Walker2d-v4,29,30,1,vanilla,actuator_gain_0p5,/home/users/am1015/rl_runs_walker_confirm_30seed_20260521/Walker2d-v4__ppo_alpha_vanilla__29__1779434213/ppo_alpha_vanilla.cleanrl_model,/home/users/am1015/rl_runs_walker_confirm_30seed_20260521/Walker2d-v4__ppo_alpha_vanilla__29__1779434213/ppo_alpha_vanilla.cleanrl_model.norm_stats.npz,1,1,1,0.0,0.0,0.0,0.0,1.0,1.0,,1.0,-1,,-1,,1.0,,0.5,1.0,223.35361670491093,8.83277946598141,220.35295597101972,220.66472426495596,215.96324175978228,248.71849649076043,
1779511895,eval__Walker2d-v4__ppo_cont__vanilla__mass_0p5__seed29__pid2978406,ppo_cont,Walker2d-v4,29,30,1,vanilla,mass_0p5,/home/users/am1015/rl_runs_walker_confirm_30seed_20260521/Walker2d-v4__ppo_alpha_vanilla__29__1779434213/ppo_alpha_vanilla.cleanrl_model,/home/users/am1015/rl_runs_walker_confirm_30seed_20260521/Walker2d-v4__ppo_alpha_vanilla__29__1779434213/ppo_alpha_vanilla.cleanrl_model.norm_stats.npz,1,1,1,0.0,0.0,0.0,0.0,1.0,0.5,,1.0,-1,,-1,,1.0,,1.0,1.0,1169.672500370512,503.9593151332164,963.57214598374,1026.8425156295295,740.4931248058482,3101.083662961813,
1779511861,eval__Walker2d-v4__ppo_cont__vanilla__actuator_gain_0p5__seed2__pid1339025,ppo_cont,Walker2d-v4,2,30,1,vanilla,actuator_gain_0p5,/home/users/am1015/rl_runs_walker_confirm_30seed_20260521/Walker2d-v4__ppo_alpha_vanilla__2__1779429199/ppo_alpha_vanilla.cleanrl_model,/home/users/am1015/rl_runs_walker_confirm_30seed_20260521/Walker2d-v4__ppo_alpha_vanilla__2__1779429199/ppo_alpha_vanilla.cleanrl_model.norm_stats.npz,1,1,1,0.0,0.0,0.0,0.0,1.0,1.0,,1.0,-1,,-1,,1.0,,0.5,1.0,274.0009822584707,20.617788924797964,268.2318091501562,268.80209058734374,259.3990881011392,374.443576616722,
1779511869,eval__Walker2d-v4__ppo_cont__vanilla__mass_0p5__seed2__pid1339033,ppo_cont,Walker2d-v4,2,30,1,vanilla,mass_0p5,/home/users/am1015/rl_runs_walker_confirm_30seed_20260521/Walker2d-v4__ppo_alpha_vanilla__2__1779429199/ppo_alpha_vanilla.cleanrl_model,/home/users/am1015/rl_runs_walker_confirm_30seed_20260521/Walker2d-v4__ppo_alpha_vanilla__2__1779429199/ppo_alpha_vanilla.cleanrl_model.norm_stats.npz,1,1,1,0.0,0.0,0.0,0.0,1.0,0.5,,1.0,-1,,-1,,1.0,,1.0,1.0,2132.903679503232,1056.4781536821615,1896.274365887545,1949.6040747180991,760.1912894640086,3849.745131515192,
1779511892,eval__Walker2d-v4__ppo_cont__vanilla__actuator_gain_0p5__seed30__pid2978435,ppo_cont,Walker2d-v4,30,30,1,vanilla,actuator_gain_0p5,/home/users/am1015/rl_runs_walker_confirm_30seed_20260521/Walker2d-v4__ppo_alpha_vanilla__30__1779434242/ppo_alpha_vanilla.cleanrl_model,/home/users/am1015/rl_runs_walker_confirm_30seed_20260521/Walker2d-v4__ppo_alpha_vanilla__30__1779434242/ppo_alpha_vanilla.cleanrl_model.norm_stats.npz,1,1,1,0.0,0.0,0.0,0.0,1.0,1.0,,1.0,-1,,-1,,1.0,,0.5,1.0,351.1670182275208,3.30102382363988,350.78102967273014,351.0869693593917,343.42275554409053,357.22586111490244,
1779511893,eval__Walker2d-v4__ppo_cont__vanilla__mass_0p5__seed30__pid2978442,ppo_cont,Walker2d-v4,30,30,1,vanilla,mass_0p5,/home/users/am1015/rl_runs_walker_confirm_30seed_20260521/Walker2d-v4__ppo_alpha_vanilla__30__1779434242/ppo_alpha_vanilla.cleanrl_model,/home/users/am1015/rl_runs_walker_confirm_30seed_20260521/Walker2d-v4__ppo_alpha_vanilla__30__1779434242/ppo_alpha_vanilla.cleanrl_model.norm_stats.npz,1,1,1,0.0,0.0,0.0,0.0,1.0,0.5,,1.0,-1,,-1,,1.0,,1.0,1.0,438.9334038054034,269.0682283890206,435.4600359525031,438.1231867778907,82.6685990017793,1530.612285122364,
1779511890,eval__Walker2d-v4__ppo_cont__vanilla__actuator_gain_0p5__seed3__pid2577805,ppo_cont,Walker2d-v4,3,30,1,vanilla,actuator_gain_0p5,/home/users/am1015/rl_runs_walker_confirm_30seed_20260521/Walker2d-v4__ppo_alpha_vanilla__3__1779429199/ppo_alpha_vanilla.cleanrl_model,/home/users/am1015/rl_runs_walker_confirm_30seed_20260521/Walker2d-v4__ppo_alpha_vanilla__3__1779429199/ppo_alpha_vanilla.cleanrl_model.norm_stats.npz,1,1,1,0.0,0.0,0.0,0.0,1.0,1.0,,1.0,-1,,-1,,1.0,,0.5,1.0,250.21716884519532,1.5834886850781136,249.9471890144348,250.22253856729236,246.8396037856247,252.77870527124813,
1779511893,eval__Walker2d-v4__ppo_cont__vanilla__mass_0p5__seed3__pid2577834,ppo_cont,Walker2d-v4,3,30,1,vanilla,mass_0p5,/home/users/am1015/rl_runs_walker_confirm_30seed_20260521/Walker2d-v4__ppo_alpha_vanilla__3__1779429199/ppo_alpha_vanilla.cleanrl_model,/home/users/am1015/rl_runs_walker_confirm_30seed_20260521/Walker2d-v4__ppo_alpha_vanilla__3__1779429199/ppo_alpha_vanilla.cleanrl_model.norm_stats.npz,1,1,1,0.0,0.0,0.0,0.0,1.0,0.5,,1.0,-1,,-1,,1.0,,1.0,1.0,911.4420567612548,587.0271107048851,806.5454114865286,831.8594464699526,38.3384070206408,2865.326750770844,
1779511892,eval__Walker2d-v4__ppo_cont__vanilla__actuator_gain_0p5__seed4__pid2577835,ppo_cont,Walker2d-v4,4,30,1,vanilla,actuator_gain_0p5,/home/users/am1015/rl_runs_walker_confirm_30seed_20260521/Walker2d-v4__ppo_alpha_vanilla__4__1779429199/ppo_alpha_vanilla.cleanrl_model,/home/users/am1015/rl_runs_walker_confirm_30seed_20260521/Walker2d-v4__ppo_alpha_vanilla__4__1779429199/ppo_alpha_vanilla.cleanrl_model.norm_stats.npz,1,1,1,0.0,0.0,0.0,0.0,1.0,1.0,,1.0,-1,,-1,,1.0,,0.5,1.0,251.25406164832336,5.729785178044634,250.29207247020307,250.7413333617049,242.6318267813425,265.15925353693564,
1779511892,eval__Walker2d-v4__ppo_cont__vanilla__mass_0p5__seed4__pid2577803,ppo_cont,Walker2d-v4,4,30,1,vanilla,mass_0p5,/home/users/am1015/rl_runs_walker_confirm_30seed_20260521/Walker2d-v4__ppo_alpha_vanilla__4__1779429199/ppo_alpha_vanilla.cleanrl_model,/home/users/am1015/rl_runs_walker_confirm_30seed_20260521/Walker2d-v4__ppo_alpha_vanilla__4__1779429199/ppo_alpha_vanilla.cleanrl_model.norm_stats.npz,1,1,1,0.0,0.0,0.0,0.0,1.0,0.5,,1.0,-1,,-1,,1.0,,1.0,1.0,820.047843499459,290.1439502169333,722.1913454888528,763.2979963549107,520.1235440121949,1609.1828380269044,
1779511893,eval__Walker2d-v4__ppo_cont__vanilla__actuator_gain_0p5__seed5__pid2007826,ppo_cont,Walker2d-v4,5,30,1,vanilla,actuator_gain_0p5,/home/users/am1015/rl_runs_walker_confirm_30seed_20260521/Walker2d-v4__ppo_alpha_vanilla__5__1779429199/ppo_alpha_vanilla.cleanrl_model,/home/users/am1015/rl_runs_walker_confirm_30seed_20260521/Walker2d-v4__ppo_alpha_vanilla__5__1779429199/ppo_alpha_vanilla.cleanrl_model.norm_stats.npz,1,1,1,0.0,0.0,0.0,0.0,1.0,1.0,,1.0,-1,,-1,,1.0,,0.5,1.0,326.2804066571632,3.053403604733091,326.3913432409568,326.2111786646069,320.4385582195704,330.9905763562245,
1779511895,eval__Walker2d-v4__ppo_cont__vanilla__mass_0p5__seed5__pid1676902,ppo_cont,Walker2d-v4,5,30,1,vanilla,mass_0p5,/home/users/am1015/rl_runs_walker_confirm_30seed_20260521/Walker2d-v4__ppo_alpha_vanilla__5__1779429199/ppo_alpha_vanilla.cleanrl_model,/home/users/am1015/rl_runs_walker_confirm_30seed_20260521/Walker2d-v4__ppo_alpha_vanilla__5__1779429199/ppo_alpha_vanilla.cleanrl_model.norm_stats.npz,1,1,1,0.0,0.0,0.0,0.0,1.0,0.5,,1.0,-1,,-1,,1.0,,1.0,1.0,2324.892805598577,1657.7812753199194,2442.890753444015,2344.743887299338,316.16878991960505,4527.69959358815,
1779511892,eval__Walker2d-v4__ppo_cont__vanilla__actuator_gain_0p5__seed6__pid2007794,ppo_cont,Walker2d-v4,6,30,1,vanilla,actuator_gain_0p5,/home/users/am1015/rl_runs_walker_confirm_30seed_20260521/Walker2d-v4__ppo_alpha_vanilla__6__1779429199/ppo_alpha_vanilla.cleanrl_model,/home/users/am1015/rl_runs_walker_confirm_30seed_20260521/Walker2d-v4__ppo_alpha_vanilla__6__1779429199/ppo_alpha_vanilla.cleanrl_model.norm_stats.npz,1,1,1,0.0,0.0,0.0,0.0,1.0,1.0,,1.0,-1,,-1,,1.0,,0.5,1.0,321.3911427579933,5.365191927661875,319.2200039246608,320.0130138860365,313.4485246573521,335.782133684405,
1779511898,eval__Walker2d-v4__ppo_cont__vanilla__mass_0p5__seed6__pid2007840,ppo_cont,Walker2d-v4,6,30,1,vanilla,mass_0p5,/home/users/am1015/rl_runs_walker_confirm_30seed_20260521/Walker2d-v4__ppo_alpha_vanilla__6__1779429199/ppo_alpha_vanilla.cleanrl_model,/home/users/am1015/rl_runs_walker_confirm_30seed_20260521/Walker2d-v4__ppo_alpha_vanilla__6__1779429199/ppo_alpha_vanilla.cleanrl_model.norm_stats.npz,1,1,1,0.0,0.0,0.0,0.0,1.0,0.5,,1.0,-1,,-1,,1.0,,1.0,1.0,1892.366159490304,1059.8305324915395,1580.1722931809734,1605.220713095114,777.1070797203882,4182.745103652364,
1779511892,eval__Walker2d-v4__ppo_cont__vanilla__actuator_gain_0p5__seed7__pid1339237,ppo_cont,Walker2d-v4,7,30,1,vanilla,actuator_gain_0p5,/home/users/am1015/rl_runs_walker_confirm_30seed_20260521/Walker2d-v4__ppo_alpha_vanilla__7__1779429199/ppo_alpha_vanilla.cleanrl_model,/home/users/am1015/rl_runs_walker_confirm_30seed_20260521/Walker2d-v4__ppo_alpha_vanilla__7__1779429199/ppo_alpha_vanilla.cleanrl_model.norm_stats.npz,1,1,1,0.0,0.0,0.0,0.0,1.0,1.0,,1.0,-1,,-1,,1.0,,0.5,1.0,308.3271332726503,4.322555914926099,309.60572320967435,308.8009117003453,299.7036562793716,314.57194374425416,
1779511896,eval__Walker2d-v4__ppo_cont__vanilla__mass_0p5__seed7__pid2007841,ppo_cont,Walker2d-v4,7,30,1,vanilla,mass_0p5,/home/users/am1015/rl_runs_walker_confirm_30seed_20260521/Walker2d-v4__ppo_alpha_vanilla__7__1779429199/ppo_alpha_vanilla.cleanrl_model,/home/users/am1015/rl_runs_walker_confirm_30seed_20260521/Walker2d-v4__ppo_alpha_vanilla__7__1779429199/ppo_alpha_vanilla.cleanrl_model.norm_stats.npz,1,1,1,0.0,0.0,0.0,0.0,1.0,0.5,,1.0,-1,,-1,,1.0,,1.0,1.0,1000.3398044853968,351.75113313525065,888.5993760818897,911.3031907035902,528.652863193706,2063.13564504912,
1779511892,eval__Walker2d-v4__ppo_cont__vanilla__actuator_gain_0p5__seed8__pid1339221,ppo_cont,Walker2d-v4,8,30,1,vanilla,actuator_gain_0p5,/home/users/am1015/rl_runs_walker_confirm_30seed_20260521/Walker2d-v4__ppo_alpha_vanilla__8__1779429199/ppo_alpha_vanilla.cleanrl_model,/home/users/am1015/rl_runs_walker_confirm_30seed_20260521/Walker2d-v4__ppo_alpha_vanilla__8__1779429199/ppo_alpha_vanilla.cleanrl_model.norm_stats.npz,1,1,1,0.0,0.0,0.0,0.0,1.0,1.0,,1.0,-1,,-1,,1.0,,0.5,1.0,332.89945025477846,4.4184216849789415,333.38925792328826,333.4375619023937,324.5359878511368,343.3698934904136,
1779511899,eval__Walker2d-v4__ppo_cont__vanilla__mass_0p5__seed8__pid1339255,ppo_cont,Walker2d-v4,8,30,1,vanilla,mass_0p5,/home/users/am1015/rl_runs_walker_confirm_30seed_20260521/Walker2d-v4__ppo_alpha_vanilla__8__1779429199/ppo_alpha_vanilla.cleanrl_model,/home/users/am1015/rl_runs_walker_confirm_30seed_20260521/Walker2d-v4__ppo_alpha_vanilla__8__1779429199/ppo_alpha_vanilla.cleanrl_model.norm_stats.npz,1,1,1,0.0,0.0,0.0,0.0,1.0,0.5,,1.0,-1,,-1,,1.0,,1.0,1.0,1701.7589336398707,786.7847090059034,1493.3135509868416,1591.422075846114,452.3415919724825,2953.099049365353,
1779511920,eval__Walker2d-v4__ppo_cont__vanilla__actuator_gain_0p5__seed9__pid1900824,ppo_cont,Walker2d-v4,9,30,1,vanilla,actuator_gain_0p5,/home/users/am1015/rl_runs_walker_confirm_30seed_20260521/Walker2d-v4__ppo_alpha_vanilla__9__1779429200/ppo_alpha_vanilla.cleanrl_model,/home/users/am1015/rl_runs_walker_confirm_30seed_20260521/Walker2d-v4__ppo_alpha_vanilla__9__1779429200/ppo_alpha_vanilla.cleanrl_model.norm_stats.npz,1,1,1,0.0,0.0,0.0,0.0,1.0,1.0,,1.0,-1,,-1,,1.0,,0.5,1.0,336.51171217930187,1.6708642506180262,336.50655783238204,336.4479132221387,333.7601279922512,339.9959498877894,
1779511892,eval__Walker2d-v4__ppo_cont__vanilla__mass_0p5__seed9__pid247596,ppo_cont,Walker2d-v4,9,30,1,vanilla,mass_0p5,/home/users/am1015/rl_runs_walker_confirm_30seed_20260521/Walker2d-v4__ppo_alpha_vanilla__9__1779429200/ppo_alpha_vanilla.cleanrl_model,/home/users/am1015/rl_runs_walker_confirm_30seed_20260521/Walker2d-v4__ppo_alpha_vanilla__9__1779429200/ppo_alpha_vanilla.cleanrl_model.norm_stats.npz,1,1,1,0.0,0.0,0.0,0.0,1.0,0.5,,1.0,-1,,-1,,1.0,,1.0,1.0,272.3734162781061,39.26375007465776,286.6114047606661,286.8572813914581,201.3445958628762,315.6935153380938,
