timestamp,run_name,algo,env_id,seed,eval_episodes,is_perturbed,model_label,scenario_label,model_path,norm_stats_path,eval_raw_rewards,deterministic_eval,xml_perturb,obs_noise_std,reward_noise_std,action_noise_std,action_replace_prob,xml_total_mass_scale,xml_body_mass_scale,xml_body_name_selector,xml_geom_friction_scale,xml_geom_friction_component,xml_geom_name_selector,xml_gravity_component_index,xml_gravity_component_value,xml_joint_damping_scale,xml_joint_name_selector,xml_actuator_gain_scale,xml_actuator_bias_scale,mean_return,std_return,median_return,iqm_return,min_return,max_return,xml_actuator_joint_selector
1783524450,eval__Walker2d-v4__td3__vanilla__action_replace_0__seed1__pid3620168,td3,Walker2d-v4,1,20,0,vanilla,action_replace_0,/home/users/am1015/rl_runs_td3_walker_kl_20260703_td3_kl_softrobust_5seed_rerun/Walker2d-v4__td3_kl_vanilla__1__1783132180/td3_kl_vanilla.cleanrl_model,/home/users/am1015/rl_runs_td3_walker_kl_20260703_td3_kl_softrobust_5seed_rerun/Walker2d-v4__td3_kl_vanilla__1__1783132180/td3_kl_vanilla.cleanrl_model.norm_stats.npz,1,1,0,0.0,0.0,0.0,0.0,1.0,1.0,,1.0,-1,,-1,,1.0,,1.0,1.0,891.2377554319207,204.3509727634813,855.7418576142065,878.383666478119,562.3116800862525,1334.3789491548537,
1783524459,eval__Walker2d-v4__td3__vanilla__action_replace_0__seed2__pid3620233,td3,Walker2d-v4,2,20,0,vanilla,action_replace_0,/home/users/am1015/rl_runs_td3_walker_kl_20260703_td3_kl_softrobust_5seed_rerun/Walker2d-v4__td3_kl_vanilla__2__1783132179/td3_kl_vanilla.cleanrl_model,/home/users/am1015/rl_runs_td3_walker_kl_20260703_td3_kl_softrobust_5seed_rerun/Walker2d-v4__td3_kl_vanilla__2__1783132179/td3_kl_vanilla.cleanrl_model.norm_stats.npz,1,1,0,0.0,0.0,0.0,0.0,1.0,1.0,,1.0,-1,,-1,,1.0,,1.0,1.0,1790.5302695307969,1706.957231096416,758.5913147541007,1392.2953539150303,117.41199754467831,4040.2567014883102,
1783524474,eval__Walker2d-v4__td3__vanilla__action_replace_0__seed3__pid3620304,td3,Walker2d-v4,3,20,0,vanilla,action_replace_0,/home/users/am1015/rl_runs_td3_walker_kl_20260703_td3_kl_softrobust_5seed_rerun/Walker2d-v4__td3_kl_vanilla__3__1783132179/td3_kl_vanilla.cleanrl_model,/home/users/am1015/rl_runs_td3_walker_kl_20260703_td3_kl_softrobust_5seed_rerun/Walker2d-v4__td3_kl_vanilla__3__1783132179/td3_kl_vanilla.cleanrl_model.norm_stats.npz,1,1,0,0.0,0.0,0.0,0.0,1.0,1.0,,1.0,-1,,-1,,1.0,,1.0,1.0,3661.954201308204,33.40818933190645,3661.467982468472,3659.895757284584,3608.850631647285,3742.442077306225,
1783524488,eval__Walker2d-v4__td3__vanilla__action_replace_0__seed4__pid3620441,td3,Walker2d-v4,4,20,0,vanilla,action_replace_0,/home/users/am1015/rl_runs_td3_walker_kl_20260703_td3_kl_softrobust_5seed_rerun/Walker2d-v4__td3_kl_vanilla__4__1783132179/td3_kl_vanilla.cleanrl_model,/home/users/am1015/rl_runs_td3_walker_kl_20260703_td3_kl_softrobust_5seed_rerun/Walker2d-v4__td3_kl_vanilla__4__1783132179/td3_kl_vanilla.cleanrl_model.norm_stats.npz,1,1,0,0.0,0.0,0.0,0.0,1.0,1.0,,1.0,-1,,-1,,1.0,,1.0,1.0,3465.4974498621145,663.8751060365063,3841.077728846002,3783.467804520049,2022.5715163957511,3919.0318683029855,
1783524495,eval__Walker2d-v4__td3__vanilla__action_replace_0__seed5__pid3620543,td3,Walker2d-v4,5,20,0,vanilla,action_replace_0,/home/users/am1015/rl_runs_td3_walker_kl_20260703_td3_kl_softrobust_5seed_rerun/Walker2d-v4__td3_kl_vanilla__5__1783132179/td3_kl_vanilla.cleanrl_model,/home/users/am1015/rl_runs_td3_walker_kl_20260703_td3_kl_softrobust_5seed_rerun/Walker2d-v4__td3_kl_vanilla__5__1783132179/td3_kl_vanilla.cleanrl_model.norm_stats.npz,1,1,0,0.0,0.0,0.0,0.0,1.0,1.0,,1.0,-1,,-1,,1.0,,1.0,1.0,947.8185876275855,96.61542465348847,916.8208504933244,921.6260417786704,848.3124929604484,1272.781928320047,
1783524501,eval__Walker2d-v4__td3__vanilla__action_replace_0p05__seed1__pid3620631,td3,Walker2d-v4,1,20,1,vanilla,action_replace_0p05,/home/users/am1015/rl_runs_td3_walker_kl_20260703_td3_kl_softrobust_5seed_rerun/Walker2d-v4__td3_kl_vanilla__1__1783132180/td3_kl_vanilla.cleanrl_model,/home/users/am1015/rl_runs_td3_walker_kl_20260703_td3_kl_softrobust_5seed_rerun/Walker2d-v4__td3_kl_vanilla__1__1783132180/td3_kl_vanilla.cleanrl_model.norm_stats.npz,1,1,0,0.0,0.0,0.0,0.05,1.0,1.0,,1.0,-1,,-1,,1.0,,1.0,1.0,751.9718584634637,195.74273885077625,696.0536715151347,713.2397572694377,452.46481182434735,1149.2192623578069,
1783524507,eval__Walker2d-v4__td3__vanilla__action_replace_0p05__seed2__pid3620698,td3,Walker2d-v4,2,20,1,vanilla,action_replace_0p05,/home/users/am1015/rl_runs_td3_walker_kl_20260703_td3_kl_softrobust_5seed_rerun/Walker2d-v4__td3_kl_vanilla__2__1783132179/td3_kl_vanilla.cleanrl_model,/home/users/am1015/rl_runs_td3_walker_kl_20260703_td3_kl_softrobust_5seed_rerun/Walker2d-v4__td3_kl_vanilla__2__1783132179/td3_kl_vanilla.cleanrl_model.norm_stats.npz,1,1,0,0.0,0.0,0.0,0.05,1.0,1.0,,1.0,-1,,-1,,1.0,,1.0,1.0,1059.8680207913778,671.4391838440944,893.8080427008997,933.3809805721652,138.7370801094339,2806.6626468013656,
1783524520,eval__Walker2d-v4__td3__vanilla__action_replace_0p05__seed3__pid3620763,td3,Walker2d-v4,3,20,1,vanilla,action_replace_0p05,/home/users/am1015/rl_runs_td3_walker_kl_20260703_td3_kl_softrobust_5seed_rerun/Walker2d-v4__td3_kl_vanilla__3__1783132179/td3_kl_vanilla.cleanrl_model,/home/users/am1015/rl_runs_td3_walker_kl_20260703_td3_kl_softrobust_5seed_rerun/Walker2d-v4__td3_kl_vanilla__3__1783132179/td3_kl_vanilla.cleanrl_model.norm_stats.npz,1,1,0,0.0,0.0,0.0,0.05,1.0,1.0,,1.0,-1,,-1,,1.0,,1.0,1.0,2864.6624380841654,995.5238361680808,3463.8146262072423,3116.053660411929,442.2903665122086,3948.084300791179,
1783524531,eval__Walker2d-v4__td3__vanilla__action_replace_0p05__seed4__pid3620866,td3,Walker2d-v4,4,20,1,vanilla,action_replace_0p05,/home/users/am1015/rl_runs_td3_walker_kl_20260703_td3_kl_softrobust_5seed_rerun/Walker2d-v4__td3_kl_vanilla__4__1783132179/td3_kl_vanilla.cleanrl_model,/home/users/am1015/rl_runs_td3_walker_kl_20260703_td3_kl_softrobust_5seed_rerun/Walker2d-v4__td3_kl_vanilla__4__1783132179/td3_kl_vanilla.cleanrl_model.norm_stats.npz,1,1,0,0.0,0.0,0.0,0.05,1.0,1.0,,1.0,-1,,-1,,1.0,,1.0,1.0,2441.6083919546263,1044.3042840453622,2371.4306605224547,2466.5369236183205,1058.9520702713614,3742.8525114737063,
1783524538,eval__Walker2d-v4__td3__vanilla__action_replace_0p05__seed5__pid3620967,td3,Walker2d-v4,5,20,1,vanilla,action_replace_0p05,/home/users/am1015/rl_runs_td3_walker_kl_20260703_td3_kl_softrobust_5seed_rerun/Walker2d-v4__td3_kl_vanilla__5__1783132179/td3_kl_vanilla.cleanrl_model,/home/users/am1015/rl_runs_td3_walker_kl_20260703_td3_kl_softrobust_5seed_rerun/Walker2d-v4__td3_kl_vanilla__5__1783132179/td3_kl_vanilla.cleanrl_model.norm_stats.npz,1,1,0,0.0,0.0,0.0,0.05,1.0,1.0,,1.0,-1,,-1,,1.0,,1.0,1.0,899.2403736947657,100.24873541827527,888.6649290411121,890.0525748826443,702.9033515837134,1058.506496829604,
1783524543,eval__Walker2d-v4__td3__vanilla__action_replace_0p1__seed1__pid3621043,td3,Walker2d-v4,1,20,1,vanilla,action_replace_0p1,/home/users/am1015/rl_runs_td3_walker_kl_20260703_td3_kl_softrobust_5seed_rerun/Walker2d-v4__td3_kl_vanilla__1__1783132180/td3_kl_vanilla.cleanrl_model,/home/users/am1015/rl_runs_td3_walker_kl_20260703_td3_kl_softrobust_5seed_rerun/Walker2d-v4__td3_kl_vanilla__1__1783132180/td3_kl_vanilla.cleanrl_model.norm_stats.npz,1,1,0,0.0,0.0,0.0,0.1,1.0,1.0,,1.0,-1,,-1,,1.0,,1.0,1.0,596.9874758177384,125.0427375209239,568.7058428684238,567.9507289933423,456.2544413631069,881.935292621764,
1783524549,eval__Walker2d-v4__td3__vanilla__action_replace_0p1__seed2__pid3621107,td3,Walker2d-v4,2,20,1,vanilla,action_replace_0p1,/home/users/am1015/rl_runs_td3_walker_kl_20260703_td3_kl_softrobust_5seed_rerun/Walker2d-v4__td3_kl_vanilla__2__1783132179/td3_kl_vanilla.cleanrl_model,/home/users/am1015/rl_runs_td3_walker_kl_20260703_td3_kl_softrobust_5seed_rerun/Walker2d-v4__td3_kl_vanilla__2__1783132179/td3_kl_vanilla.cleanrl_model.norm_stats.npz,1,1,0,0.0,0.0,0.0,0.1,1.0,1.0,,1.0,-1,,-1,,1.0,,1.0,1.0,662.4186139173297,308.0101201904024,669.3693029349784,683.3485911458044,1.8993107754289915,1382.9308735960533,
1783524557,eval__Walker2d-v4__td3__vanilla__action_replace_0p1__seed3__pid3621166,td3,Walker2d-v4,3,20,1,vanilla,action_replace_0p1,/home/users/am1015/rl_runs_td3_walker_kl_20260703_td3_kl_softrobust_5seed_rerun/Walker2d-v4__td3_kl_vanilla__3__1783132179/td3_kl_vanilla.cleanrl_model,/home/users/am1015/rl_runs_td3_walker_kl_20260703_td3_kl_softrobust_5seed_rerun/Walker2d-v4__td3_kl_vanilla__3__1783132179/td3_kl_vanilla.cleanrl_model.norm_stats.npz,1,1,0,0.0,0.0,0.0,0.1,1.0,1.0,,1.0,-1,,-1,,1.0,,1.0,1.0,1575.0092124194114,705.0650891592278,1429.451638521207,1440.7902050501011,694.6939524627653,3267.639973142328,
1783524567,eval__Walker2d-v4__td3__vanilla__action_replace_0p1__seed4__pid3621240,td3,Walker2d-v4,4,20,1,vanilla,action_replace_0p1,/home/users/am1015/rl_runs_td3_walker_kl_20260703_td3_kl_softrobust_5seed_rerun/Walker2d-v4__td3_kl_vanilla__4__1783132179/td3_kl_vanilla.cleanrl_model,/home/users/am1015/rl_runs_td3_walker_kl_20260703_td3_kl_softrobust_5seed_rerun/Walker2d-v4__td3_kl_vanilla__4__1783132179/td3_kl_vanilla.cleanrl_model.norm_stats.npz,1,1,0,0.0,0.0,0.0,0.1,1.0,1.0,,1.0,-1,,-1,,1.0,,1.0,1.0,1892.2134588136169,1043.8619066853028,2067.33652229329,1883.3580792827704,408.545350958604,3836.090113199338,
1783524573,eval__Walker2d-v4__td3__vanilla__action_replace_0p1__seed5__pid3621307,td3,Walker2d-v4,5,20,1,vanilla,action_replace_0p1,/home/users/am1015/rl_runs_td3_walker_kl_20260703_td3_kl_softrobust_5seed_rerun/Walker2d-v4__td3_kl_vanilla__5__1783132179/td3_kl_vanilla.cleanrl_model,/home/users/am1015/rl_runs_td3_walker_kl_20260703_td3_kl_softrobust_5seed_rerun/Walker2d-v4__td3_kl_vanilla__5__1783132179/td3_kl_vanilla.cleanrl_model.norm_stats.npz,1,1,0,0.0,0.0,0.0,0.1,1.0,1.0,,1.0,-1,,-1,,1.0,,1.0,1.0,853.2267823044056,153.1871361260161,863.7334775728951,846.7854830090998,603.8247968497252,1166.1091355470562,
1783524579,eval__Walker2d-v4__td3__vanilla__action_replace_0p15__seed1__pid3621398,td3,Walker2d-v4,1,20,1,vanilla,action_replace_0p15,/home/users/am1015/rl_runs_td3_walker_kl_20260703_td3_kl_softrobust_5seed_rerun/Walker2d-v4__td3_kl_vanilla__1__1783132180/td3_kl_vanilla.cleanrl_model,/home/users/am1015/rl_runs_td3_walker_kl_20260703_td3_kl_softrobust_5seed_rerun/Walker2d-v4__td3_kl_vanilla__1__1783132180/td3_kl_vanilla.cleanrl_model.norm_stats.npz,1,1,0,0.0,0.0,0.0,0.15,1.0,1.0,,1.0,-1,,-1,,1.0,,1.0,1.0,549.9329534638237,155.40153830194507,536.1601174747511,530.3710374882418,351.6982709318492,934.6550090661176,
1783524584,eval__Walker2d-v4__td3__vanilla__action_replace_0p15__seed2__pid3621441,td3,Walker2d-v4,2,20,1,vanilla,action_replace_0p15,/home/users/am1015/rl_runs_td3_walker_kl_20260703_td3_kl_softrobust_5seed_rerun/Walker2d-v4__td3_kl_vanilla__2__1783132179/td3_kl_vanilla.cleanrl_model,/home/users/am1015/rl_runs_td3_walker_kl_20260703_td3_kl_softrobust_5seed_rerun/Walker2d-v4__td3_kl_vanilla__2__1783132179/td3_kl_vanilla.cleanrl_model.norm_stats.npz,1,1,0,0.0,0.0,0.0,0.15,1.0,1.0,,1.0,-1,,-1,,1.0,,1.0,1.0,602.5987645579119,271.70436375931354,588.9755237220819,595.9470492457015,194.65279991852827,1083.134297786593,
1783524591,eval__Walker2d-v4__td3__vanilla__action_replace_0p15__seed3__pid3621505,td3,Walker2d-v4,3,20,1,vanilla,action_replace_0p15,/home/users/am1015/rl_runs_td3_walker_kl_20260703_td3_kl_softrobust_5seed_rerun/Walker2d-v4__td3_kl_vanilla__3__1783132179/td3_kl_vanilla.cleanrl_model,/home/users/am1015/rl_runs_td3_walker_kl_20260703_td3_kl_softrobust_5seed_rerun/Walker2d-v4__td3_kl_vanilla__3__1783132179/td3_kl_vanilla.cleanrl_model.norm_stats.npz,1,1,0,0.0,0.0,0.0,0.15,1.0,1.0,,1.0,-1,,-1,,1.0,,1.0,1.0,1162.042518408722,683.9269598923487,1047.3828348171978,1071.59433379618,286.40166855096913,2881.930667108158,
1783524599,eval__Walker2d-v4__td3__vanilla__action_replace_0p15__seed4__pid3621573,td3,Walker2d-v4,4,20,1,vanilla,action_replace_0p15,/home/users/am1015/rl_runs_td3_walker_kl_20260703_td3_kl_softrobust_5seed_rerun/Walker2d-v4__td3_kl_vanilla__4__1783132179/td3_kl_vanilla.cleanrl_model,/home/users/am1015/rl_runs_td3_walker_kl_20260703_td3_kl_softrobust_5seed_rerun/Walker2d-v4__td3_kl_vanilla__4__1783132179/td3_kl_vanilla.cleanrl_model.norm_stats.npz,1,1,0,0.0,0.0,0.0,0.15,1.0,1.0,,1.0,-1,,-1,,1.0,,1.0,1.0,1381.4386671319094,881.9538560259625,1122.5179277019215,1251.948974393535,296.2109982495981,3535.184991466043,
1783524606,eval__Walker2d-v4__td3__vanilla__action_replace_0p15__seed5__pid3621641,td3,Walker2d-v4,5,20,1,vanilla,action_replace_0p15,/home/users/am1015/rl_runs_td3_walker_kl_20260703_td3_kl_softrobust_5seed_rerun/Walker2d-v4__td3_kl_vanilla__5__1783132179/td3_kl_vanilla.cleanrl_model,/home/users/am1015/rl_runs_td3_walker_kl_20260703_td3_kl_softrobust_5seed_rerun/Walker2d-v4__td3_kl_vanilla__5__1783132179/td3_kl_vanilla.cleanrl_model.norm_stats.npz,1,1,0,0.0,0.0,0.0,0.15,1.0,1.0,,1.0,-1,,-1,,1.0,,1.0,1.0,750.2408529525494,206.335166485883,755.163429778835,766.6710260086659,409.8213986080081,1177.3837079231184,
1783524611,eval__Walker2d-v4__td3__vanilla__action_replace_0p2__seed1__pid3621733,td3,Walker2d-v4,1,20,1,vanilla,action_replace_0p2,/home/users/am1015/rl_runs_td3_walker_kl_20260703_td3_kl_softrobust_5seed_rerun/Walker2d-v4__td3_kl_vanilla__1__1783132180/td3_kl_vanilla.cleanrl_model,/home/users/am1015/rl_runs_td3_walker_kl_20260703_td3_kl_softrobust_5seed_rerun/Walker2d-v4__td3_kl_vanilla__1__1783132180/td3_kl_vanilla.cleanrl_model.norm_stats.npz,1,1,0,0.0,0.0,0.0,0.2,1.0,1.0,,1.0,-1,,-1,,1.0,,1.0,1.0,538.2672356394784,136.70883511319911,526.5339379233102,523.9136283462375,325.29289842387607,875.3965001673508,
1783524616,eval__Walker2d-v4__td3__vanilla__action_replace_0p2__seed2__pid3621775,td3,Walker2d-v4,2,20,1,vanilla,action_replace_0p2,/home/users/am1015/rl_runs_td3_walker_kl_20260703_td3_kl_softrobust_5seed_rerun/Walker2d-v4__td3_kl_vanilla__2__1783132179/td3_kl_vanilla.cleanrl_model,/home/users/am1015/rl_runs_td3_walker_kl_20260703_td3_kl_softrobust_5seed_rerun/Walker2d-v4__td3_kl_vanilla__2__1783132179/td3_kl_vanilla.cleanrl_model.norm_stats.npz,1,1,0,0.0,0.0,0.0,0.2,1.0,1.0,,1.0,-1,,-1,,1.0,,1.0,1.0,523.2295877670347,234.3598791642114,518.12878308215,511.5541193775605,3.167622314125714,996.5071345222536,
1783524622,eval__Walker2d-v4__td3__vanilla__action_replace_0p2__seed3__pid3621840,td3,Walker2d-v4,3,20,1,vanilla,action_replace_0p2,/home/users/am1015/rl_runs_td3_walker_kl_20260703_td3_kl_softrobust_5seed_rerun/Walker2d-v4__td3_kl_vanilla__3__1783132179/td3_kl_vanilla.cleanrl_model,/home/users/am1015/rl_runs_td3_walker_kl_20260703_td3_kl_softrobust_5seed_rerun/Walker2d-v4__td3_kl_vanilla__3__1783132179/td3_kl_vanilla.cleanrl_model.norm_stats.npz,1,1,0,0.0,0.0,0.0,0.2,1.0,1.0,,1.0,-1,,-1,,1.0,,1.0,1.0,767.7975754988767,431.8215855764111,724.7208783514577,698.9927567950415,187.16680781666963,1804.5156426621652,
1783524629,eval__Walker2d-v4__td3__vanilla__action_replace_0p2__seed4__pid3621908,td3,Walker2d-v4,4,20,1,vanilla,action_replace_0p2,/home/users/am1015/rl_runs_td3_walker_kl_20260703_td3_kl_softrobust_5seed_rerun/Walker2d-v4__td3_kl_vanilla__4__1783132179/td3_kl_vanilla.cleanrl_model,/home/users/am1015/rl_runs_td3_walker_kl_20260703_td3_kl_softrobust_5seed_rerun/Walker2d-v4__td3_kl_vanilla__4__1783132179/td3_kl_vanilla.cleanrl_model.norm_stats.npz,1,1,0,0.0,0.0,0.0,0.2,1.0,1.0,,1.0,-1,,-1,,1.0,,1.0,1.0,921.3067251519342,538.1722929671863,707.677203734123,817.3125376175354,340.23542937507426,2512.4520371011727,
1783524635,eval__Walker2d-v4__td3__vanilla__action_replace_0p2__seed5__pid3621973,td3,Walker2d-v4,5,20,1,vanilla,action_replace_0p2,/home/users/am1015/rl_runs_td3_walker_kl_20260703_td3_kl_softrobust_5seed_rerun/Walker2d-v4__td3_kl_vanilla__5__1783132179/td3_kl_vanilla.cleanrl_model,/home/users/am1015/rl_runs_td3_walker_kl_20260703_td3_kl_softrobust_5seed_rerun/Walker2d-v4__td3_kl_vanilla__5__1783132179/td3_kl_vanilla.cleanrl_model.norm_stats.npz,1,1,0,0.0,0.0,0.0,0.2,1.0,1.0,,1.0,-1,,-1,,1.0,,1.0,1.0,704.401541582382,184.5247688271798,629.7829086154061,692.0463852277012,460.5688285507246,996.9112050306388,
1783524640,eval__Walker2d-v4__td3__vanilla__action_replace_0p25__seed1__pid3622037,td3,Walker2d-v4,1,20,1,vanilla,action_replace_0p25,/home/users/am1015/rl_runs_td3_walker_kl_20260703_td3_kl_softrobust_5seed_rerun/Walker2d-v4__td3_kl_vanilla__1__1783132180/td3_kl_vanilla.cleanrl_model,/home/users/am1015/rl_runs_td3_walker_kl_20260703_td3_kl_softrobust_5seed_rerun/Walker2d-v4__td3_kl_vanilla__1__1783132180/td3_kl_vanilla.cleanrl_model.norm_stats.npz,1,1,0,0.0,0.0,0.0,0.25,1.0,1.0,,1.0,-1,,-1,,1.0,,1.0,1.0,451.158622645093,80.0512254735207,448.6580933691746,443.5940858589641,331.24316394382413,612.4847115853008,
1783524645,eval__Walker2d-v4__td3__vanilla__action_replace_0p25__seed2__pid3622105,td3,Walker2d-v4,2,20,1,vanilla,action_replace_0p25,/home/users/am1015/rl_runs_td3_walker_kl_20260703_td3_kl_softrobust_5seed_rerun/Walker2d-v4__td3_kl_vanilla__2__1783132179/td3_kl_vanilla.cleanrl_model,/home/users/am1015/rl_runs_td3_walker_kl_20260703_td3_kl_softrobust_5seed_rerun/Walker2d-v4__td3_kl_vanilla__2__1783132179/td3_kl_vanilla.cleanrl_model.norm_stats.npz,1,1,0,0.0,0.0,0.0,0.25,1.0,1.0,,1.0,-1,,-1,,1.0,,1.0,1.0,337.80035814245537,244.5449366877688,396.9300298379964,363.9317222353272,0.0993778426511506,747.9211268593177,
1783524650,eval__Walker2d-v4__td3__vanilla__action_replace_0p25__seed3__pid3622160,td3,Walker2d-v4,3,20,1,vanilla,action_replace_0p25,/home/users/am1015/rl_runs_td3_walker_kl_20260703_td3_kl_softrobust_5seed_rerun/Walker2d-v4__td3_kl_vanilla__3__1783132179/td3_kl_vanilla.cleanrl_model,/home/users/am1015/rl_runs_td3_walker_kl_20260703_td3_kl_softrobust_5seed_rerun/Walker2d-v4__td3_kl_vanilla__3__1783132179/td3_kl_vanilla.cleanrl_model.norm_stats.npz,1,1,0,0.0,0.0,0.0,0.25,1.0,1.0,,1.0,-1,,-1,,1.0,,1.0,1.0,547.5415157800563,326.35491872644855,395.3999300389976,481.4236382748704,19.717507148898303,1343.7644033921104,
1783524655,eval__Walker2d-v4__td3__vanilla__action_replace_0p25__seed4__pid3622224,td3,Walker2d-v4,4,20,1,vanilla,action_replace_0p25,/home/users/am1015/rl_runs_td3_walker_kl_20260703_td3_kl_softrobust_5seed_rerun/Walker2d-v4__td3_kl_vanilla__4__1783132179/td3_kl_vanilla.cleanrl_model,/home/users/am1015/rl_runs_td3_walker_kl_20260703_td3_kl_softrobust_5seed_rerun/Walker2d-v4__td3_kl_vanilla__4__1783132179/td3_kl_vanilla.cleanrl_model.norm_stats.npz,1,1,0,0.0,0.0,0.0,0.25,1.0,1.0,,1.0,-1,,-1,,1.0,,1.0,1.0,571.0274464040137,241.29123813489537,620.7791213009658,577.6616990615461,118.38055374755584,1028.595114379788,
1783524661,eval__Walker2d-v4__td3__vanilla__action_replace_0p25__seed5__pid3622268,td3,Walker2d-v4,5,20,1,vanilla,action_replace_0p25,/home/users/am1015/rl_runs_td3_walker_kl_20260703_td3_kl_softrobust_5seed_rerun/Walker2d-v4__td3_kl_vanilla__5__1783132179/td3_kl_vanilla.cleanrl_model,/home/users/am1015/rl_runs_td3_walker_kl_20260703_td3_kl_softrobust_5seed_rerun/Walker2d-v4__td3_kl_vanilla__5__1783132179/td3_kl_vanilla.cleanrl_model.norm_stats.npz,1,1,0,0.0,0.0,0.0,0.25,1.0,1.0,,1.0,-1,,-1,,1.0,,1.0,1.0,615.0106819945879,141.06815290132408,609.9555750999145,603.2276206312876,389.856006458446,917.1897605547256,
1783524132,eval__Walker2d-v4__td3__vanilla__action_replace_0p3__seed1__pid3224585,td3,Walker2d-v4,1,20,1,vanilla,action_replace_0p3,/home/users/am1015/rl_runs_td3_walker_kl_20260703_td3_kl_softrobust_5seed_rerun/Walker2d-v4__td3_kl_vanilla__1__1783132180/td3_kl_vanilla.cleanrl_model,/home/users/am1015/rl_runs_td3_walker_kl_20260703_td3_kl_softrobust_5seed_rerun/Walker2d-v4__td3_kl_vanilla__1__1783132180/td3_kl_vanilla.cleanrl_model.norm_stats.npz,1,1,0,0.0,0.0,0.0,0.3,1.0,1.0,,1.0,-1,,-1,,1.0,,1.0,1.0,391.1698877396877,129.61810094507817,394.9822983396974,395.2944457550464,12.704343661216162,674.4063199492899,
1783524136,eval__Walker2d-v4__td3__vanilla__action_replace_0p3__seed2__pid3224648,td3,Walker2d-v4,2,20,1,vanilla,action_replace_0p3,/home/users/am1015/rl_runs_td3_walker_kl_20260703_td3_kl_softrobust_5seed_rerun/Walker2d-v4__td3_kl_vanilla__2__1783132179/td3_kl_vanilla.cleanrl_model,/home/users/am1015/rl_runs_td3_walker_kl_20260703_td3_kl_softrobust_5seed_rerun/Walker2d-v4__td3_kl_vanilla__2__1783132179/td3_kl_vanilla.cleanrl_model.norm_stats.npz,1,1,0,0.0,0.0,0.0,0.3,1.0,1.0,,1.0,-1,,-1,,1.0,,1.0,1.0,302.5518690899251,213.29212861483165,390.90436392488414,335.330587962521,-0.2948137288194883,624.4620379083883,
1783524141,eval__Walker2d-v4__td3__vanilla__action_replace_0p3__seed3__pid3224689,td3,Walker2d-v4,3,20,1,vanilla,action_replace_0p3,/home/users/am1015/rl_runs_td3_walker_kl_20260703_td3_kl_softrobust_5seed_rerun/Walker2d-v4__td3_kl_vanilla__3__1783132179/td3_kl_vanilla.cleanrl_model,/home/users/am1015/rl_runs_td3_walker_kl_20260703_td3_kl_softrobust_5seed_rerun/Walker2d-v4__td3_kl_vanilla__3__1783132179/td3_kl_vanilla.cleanrl_model.norm_stats.npz,1,1,0,0.0,0.0,0.0,0.3,1.0,1.0,,1.0,-1,,-1,,1.0,,1.0,1.0,425.5310524906082,236.7062416188513,382.0802105438453,400.1133451998696,16.49534968175015,993.0257074432388,
1783524146,eval__Walker2d-v4__td3__vanilla__action_replace_0p3__seed4__pid3224755,td3,Walker2d-v4,4,20,1,vanilla,action_replace_0p3,/home/users/am1015/rl_runs_td3_walker_kl_20260703_td3_kl_softrobust_5seed_rerun/Walker2d-v4__td3_kl_vanilla__4__1783132179/td3_kl_vanilla.cleanrl_model,/home/users/am1015/rl_runs_td3_walker_kl_20260703_td3_kl_softrobust_5seed_rerun/Walker2d-v4__td3_kl_vanilla__4__1783132179/td3_kl_vanilla.cleanrl_model.norm_stats.npz,1,1,0,0.0,0.0,0.0,0.3,1.0,1.0,,1.0,-1,,-1,,1.0,,1.0,1.0,386.86928205810176,200.26148627302365,341.09126333267307,350.4411096907568,2.360746548804509,769.4876447764759,
1783524151,eval__Walker2d-v4__td3__vanilla__action_replace_0p3__seed5__pid3224786,td3,Walker2d-v4,5,20,1,vanilla,action_replace_0p3,/home/users/am1015/rl_runs_td3_walker_kl_20260703_td3_kl_softrobust_5seed_rerun/Walker2d-v4__td3_kl_vanilla__5__1783132179/td3_kl_vanilla.cleanrl_model,/home/users/am1015/rl_runs_td3_walker_kl_20260703_td3_kl_softrobust_5seed_rerun/Walker2d-v4__td3_kl_vanilla__5__1783132179/td3_kl_vanilla.cleanrl_model.norm_stats.npz,1,1,0,0.0,0.0,0.0,0.3,1.0,1.0,,1.0,-1,,-1,,1.0,,1.0,1.0,520.5535366820261,169.23807523688353,487.88179481739513,484.9019278885144,306.98330327386606,835.0131151063413,
1783524156,eval__Walker2d-v4__td3__vanilla__action_replace_0p35__seed1__pid3224823,td3,Walker2d-v4,1,20,1,vanilla,action_replace_0p35,/home/users/am1015/rl_runs_td3_walker_kl_20260703_td3_kl_softrobust_5seed_rerun/Walker2d-v4__td3_kl_vanilla__1__1783132180/td3_kl_vanilla.cleanrl_model,/home/users/am1015/rl_runs_td3_walker_kl_20260703_td3_kl_softrobust_5seed_rerun/Walker2d-v4__td3_kl_vanilla__1__1783132180/td3_kl_vanilla.cleanrl_model.norm_stats.npz,1,1,0,0.0,0.0,0.0,0.35,1.0,1.0,,1.0,-1,,-1,,1.0,,1.0,1.0,387.0987196701272,87.41792383329447,358.9140915880772,370.3378630019324,275.7380716954931,619.586403651999,
1783524160,eval__Walker2d-v4__td3__vanilla__action_replace_0p35__seed2__pid3224882,td3,Walker2d-v4,2,20,1,vanilla,action_replace_0p35,/home/users/am1015/rl_runs_td3_walker_kl_20260703_td3_kl_softrobust_5seed_rerun/Walker2d-v4__td3_kl_vanilla__2__1783132179/td3_kl_vanilla.cleanrl_model,/home/users/am1015/rl_runs_td3_walker_kl_20260703_td3_kl_softrobust_5seed_rerun/Walker2d-v4__td3_kl_vanilla__2__1783132179/td3_kl_vanilla.cleanrl_model.norm_stats.npz,1,1,0,0.0,0.0,0.0,0.35,1.0,1.0,,1.0,-1,,-1,,1.0,,1.0,1.0,278.9569576781607,195.8105729689296,345.6992305893301,305.19639348195074,0.0726229363657564,596.3511268194222,
1783524165,eval__Walker2d-v4__td3__vanilla__action_replace_0p35__seed3__pid3224924,td3,Walker2d-v4,3,20,1,vanilla,action_replace_0p35,/home/users/am1015/rl_runs_td3_walker_kl_20260703_td3_kl_softrobust_5seed_rerun/Walker2d-v4__td3_kl_vanilla__3__1783132179/td3_kl_vanilla.cleanrl_model,/home/users/am1015/rl_runs_td3_walker_kl_20260703_td3_kl_softrobust_5seed_rerun/Walker2d-v4__td3_kl_vanilla__3__1783132179/td3_kl_vanilla.cleanrl_model.norm_stats.npz,1,1,0,0.0,0.0,0.0,0.35,1.0,1.0,,1.0,-1,,-1,,1.0,,1.0,1.0,320.8728429693346,187.4523130301416,303.64962176495504,312.5662476803851,8.676421891739455,769.5797695405533,
1783524169,eval__Walker2d-v4__td3__vanilla__action_replace_0p35__seed4__pid3224956,td3,Walker2d-v4,4,20,1,vanilla,action_replace_0p35,/home/users/am1015/rl_runs_td3_walker_kl_20260703_td3_kl_softrobust_5seed_rerun/Walker2d-v4__td3_kl_vanilla__4__1783132179/td3_kl_vanilla.cleanrl_model,/home/users/am1015/rl_runs_td3_walker_kl_20260703_td3_kl_softrobust_5seed_rerun/Walker2d-v4__td3_kl_vanilla__4__1783132179/td3_kl_vanilla.cleanrl_model.norm_stats.npz,1,1,0,0.0,0.0,0.0,0.35,1.0,1.0,,1.0,-1,,-1,,1.0,,1.0,1.0,330.741040935157,162.3878647135233,347.7106255822476,352.10337408282203,3.9265632857192183,553.2803278250559,
1783524175,eval__Walker2d-v4__td3__vanilla__action_replace_0p35__seed5__pid3224991,td3,Walker2d-v4,5,20,1,vanilla,action_replace_0p35,/home/users/am1015/rl_runs_td3_walker_kl_20260703_td3_kl_softrobust_5seed_rerun/Walker2d-v4__td3_kl_vanilla__5__1783132179/td3_kl_vanilla.cleanrl_model,/home/users/am1015/rl_runs_td3_walker_kl_20260703_td3_kl_softrobust_5seed_rerun/Walker2d-v4__td3_kl_vanilla__5__1783132179/td3_kl_vanilla.cleanrl_model.norm_stats.npz,1,1,0,0.0,0.0,0.0,0.35,1.0,1.0,,1.0,-1,,-1,,1.0,,1.0,1.0,512.1133939033691,215.384362150466,482.4061252955832,507.1388948068277,69.04845880707467,949.249960029466,
1783524179,eval__Walker2d-v4__td3__vanilla__action_replace_0p4__seed1__pid3225056,td3,Walker2d-v4,1,20,1,vanilla,action_replace_0p4,/home/users/am1015/rl_runs_td3_walker_kl_20260703_td3_kl_softrobust_5seed_rerun/Walker2d-v4__td3_kl_vanilla__1__1783132180/td3_kl_vanilla.cleanrl_model,/home/users/am1015/rl_runs_td3_walker_kl_20260703_td3_kl_softrobust_5seed_rerun/Walker2d-v4__td3_kl_vanilla__1__1783132180/td3_kl_vanilla.cleanrl_model.norm_stats.npz,1,1,0,0.0,0.0,0.0,0.4,1.0,1.0,,1.0,-1,,-1,,1.0,,1.0,1.0,305.2118129596187,66.9057469744913,323.9388269655489,316.03933910007146,119.20987928590934,390.1976088463168,
1783524184,eval__Walker2d-v4__td3__vanilla__action_replace_0p4__seed2__pid3225090,td3,Walker2d-v4,2,20,1,vanilla,action_replace_0p4,/home/users/am1015/rl_runs_td3_walker_kl_20260703_td3_kl_softrobust_5seed_rerun/Walker2d-v4__td3_kl_vanilla__2__1783132179/td3_kl_vanilla.cleanrl_model,/home/users/am1015/rl_runs_td3_walker_kl_20260703_td3_kl_softrobust_5seed_rerun/Walker2d-v4__td3_kl_vanilla__2__1783132179/td3_kl_vanilla.cleanrl_model.norm_stats.npz,1,1,0,0.0,0.0,0.0,0.4,1.0,1.0,,1.0,-1,,-1,,1.0,,1.0,1.0,273.7641346012474,213.63459746506612,279.93033613699,275.39662217668314,0.2089286467318567,685.0666812682364,
1783524188,eval__Walker2d-v4__td3__vanilla__action_replace_0p4__seed3__pid3225123,td3,Walker2d-v4,3,20,1,vanilla,action_replace_0p4,/home/users/am1015/rl_runs_td3_walker_kl_20260703_td3_kl_softrobust_5seed_rerun/Walker2d-v4__td3_kl_vanilla__3__1783132179/td3_kl_vanilla.cleanrl_model,/home/users/am1015/rl_runs_td3_walker_kl_20260703_td3_kl_softrobust_5seed_rerun/Walker2d-v4__td3_kl_vanilla__3__1783132179/td3_kl_vanilla.cleanrl_model.norm_stats.npz,1,1,0,0.0,0.0,0.0,0.4,1.0,1.0,,1.0,-1,,-1,,1.0,,1.0,1.0,273.5407596033232,167.37041044130984,320.5469698702825,308.17728691038945,-1.6694464525044492,585.5362394655826,
1783524192,eval__Walker2d-v4__td3__vanilla__action_replace_0p4__seed4__pid3225156,td3,Walker2d-v4,4,20,1,vanilla,action_replace_0p4,/home/users/am1015/rl_runs_td3_walker_kl_20260703_td3_kl_softrobust_5seed_rerun/Walker2d-v4__td3_kl_vanilla__4__1783132179/td3_kl_vanilla.cleanrl_model,/home/users/am1015/rl_runs_td3_walker_kl_20260703_td3_kl_softrobust_5seed_rerun/Walker2d-v4__td3_kl_vanilla__4__1783132179/td3_kl_vanilla.cleanrl_model.norm_stats.npz,1,1,0,0.0,0.0,0.0,0.4,1.0,1.0,,1.0,-1,,-1,,1.0,,1.0,1.0,284.8843530728616,139.39688732162887,304.8018658364229,306.3676717949267,-0.3234939657607726,546.8459447327111,
1783524197,eval__Walker2d-v4__td3__vanilla__action_replace_0p4__seed5__pid3225221,td3,Walker2d-v4,5,20,1,vanilla,action_replace_0p4,/home/users/am1015/rl_runs_td3_walker_kl_20260703_td3_kl_softrobust_5seed_rerun/Walker2d-v4__td3_kl_vanilla__5__1783132179/td3_kl_vanilla.cleanrl_model,/home/users/am1015/rl_runs_td3_walker_kl_20260703_td3_kl_softrobust_5seed_rerun/Walker2d-v4__td3_kl_vanilla__5__1783132179/td3_kl_vanilla.cleanrl_model.norm_stats.npz,1,1,0,0.0,0.0,0.0,0.4,1.0,1.0,,1.0,-1,,-1,,1.0,,1.0,1.0,362.0792348299596,180.58732012714452,337.06366025044395,353.1138788803081,35.44932131238576,753.0378519027524,
1783524202,eval__Walker2d-v4__td3__vanilla__action_replace_0p45__seed1__pid3225278,td3,Walker2d-v4,1,20,1,vanilla,action_replace_0p45,/home/users/am1015/rl_runs_td3_walker_kl_20260703_td3_kl_softrobust_5seed_rerun/Walker2d-v4__td3_kl_vanilla__1__1783132180/td3_kl_vanilla.cleanrl_model,/home/users/am1015/rl_runs_td3_walker_kl_20260703_td3_kl_softrobust_5seed_rerun/Walker2d-v4__td3_kl_vanilla__1__1783132180/td3_kl_vanilla.cleanrl_model.norm_stats.npz,1,1,0,0.0,0.0,0.0,0.45,1.0,1.0,,1.0,-1,,-1,,1.0,,1.0,1.0,313.99722495673234,81.33904881509493,321.7476826827469,323.10631840978635,74.14303711088529,435.8370464393576,
1783524206,eval__Walker2d-v4__td3__vanilla__action_replace_0p45__seed2__pid3225321,td3,Walker2d-v4,2,20,1,vanilla,action_replace_0p45,/home/users/am1015/rl_runs_td3_walker_kl_20260703_td3_kl_softrobust_5seed_rerun/Walker2d-v4__td3_kl_vanilla__2__1783132179/td3_kl_vanilla.cleanrl_model,/home/users/am1015/rl_runs_td3_walker_kl_20260703_td3_kl_softrobust_5seed_rerun/Walker2d-v4__td3_kl_vanilla__2__1783132179/td3_kl_vanilla.cleanrl_model.norm_stats.npz,1,1,0,0.0,0.0,0.0,0.45,1.0,1.0,,1.0,-1,,-1,,1.0,,1.0,1.0,131.0994911637018,142.00919749976552,56.11153300592701,91.13726346600131,1.086009091665486,414.0345682950162,
1783524210,eval__Walker2d-v4__td3__vanilla__action_replace_0p45__seed3__pid3225378,td3,Walker2d-v4,3,20,1,vanilla,action_replace_0p45,/home/users/am1015/rl_runs_td3_walker_kl_20260703_td3_kl_softrobust_5seed_rerun/Walker2d-v4__td3_kl_vanilla__3__1783132179/td3_kl_vanilla.cleanrl_model,/home/users/am1015/rl_runs_td3_walker_kl_20260703_td3_kl_softrobust_5seed_rerun/Walker2d-v4__td3_kl_vanilla__3__1783132179/td3_kl_vanilla.cleanrl_model.norm_stats.npz,1,1,0,0.0,0.0,0.0,0.45,1.0,1.0,,1.0,-1,,-1,,1.0,,1.0,1.0,237.17352978061095,132.08320455885013,290.6730264336929,275.50130028756394,-1.1649385097353968,371.9525383641031,
1783524214,eval__Walker2d-v4__td3__vanilla__action_replace_0p45__seed4__pid3225417,td3,Walker2d-v4,4,20,1,vanilla,action_replace_0p45,/home/users/am1015/rl_runs_td3_walker_kl_20260703_td3_kl_softrobust_5seed_rerun/Walker2d-v4__td3_kl_vanilla__4__1783132179/td3_kl_vanilla.cleanrl_model,/home/users/am1015/rl_runs_td3_walker_kl_20260703_td3_kl_softrobust_5seed_rerun/Walker2d-v4__td3_kl_vanilla__4__1783132179/td3_kl_vanilla.cleanrl_model.norm_stats.npz,1,1,0,0.0,0.0,0.0,0.45,1.0,1.0,,1.0,-1,,-1,,1.0,,1.0,1.0,265.7825836440326,135.3860556970845,280.0138435592602,274.4546861324633,3.488352172695768,559.6783255135746,
1783524219,eval__Walker2d-v4__td3__vanilla__action_replace_0p45__seed5__pid3225448,td3,Walker2d-v4,5,20,1,vanilla,action_replace_0p45,/home/users/am1015/rl_runs_td3_walker_kl_20260703_td3_kl_softrobust_5seed_rerun/Walker2d-v4__td3_kl_vanilla__5__1783132179/td3_kl_vanilla.cleanrl_model,/home/users/am1015/rl_runs_td3_walker_kl_20260703_td3_kl_softrobust_5seed_rerun/Walker2d-v4__td3_kl_vanilla__5__1783132179/td3_kl_vanilla.cleanrl_model.norm_stats.npz,1,1,0,0.0,0.0,0.0,0.45,1.0,1.0,,1.0,-1,,-1,,1.0,,1.0,1.0,353.7901977363491,172.9998902509317,362.6385146772111,367.3605618629575,20.792224661172856,643.7370895795468,
1783524224,eval__Walker2d-v4__td3__vanilla__action_replace_0p5__seed1__pid3225479,td3,Walker2d-v4,1,20,1,vanilla,action_replace_0p5,/home/users/am1015/rl_runs_td3_walker_kl_20260703_td3_kl_softrobust_5seed_rerun/Walker2d-v4__td3_kl_vanilla__1__1783132180/td3_kl_vanilla.cleanrl_model,/home/users/am1015/rl_runs_td3_walker_kl_20260703_td3_kl_softrobust_5seed_rerun/Walker2d-v4__td3_kl_vanilla__1__1783132180/td3_kl_vanilla.cleanrl_model.norm_stats.npz,1,1,0,0.0,0.0,0.0,0.5,1.0,1.0,,1.0,-1,,-1,,1.0,,1.0,1.0,281.6774045651583,87.7671094201895,298.0209347919188,284.2818268761579,91.95032791442436,473.9763378114787,
1783524228,eval__Walker2d-v4__td3__vanilla__action_replace_0p5__seed2__pid3225542,td3,Walker2d-v4,2,20,1,vanilla,action_replace_0p5,/home/users/am1015/rl_runs_td3_walker_kl_20260703_td3_kl_softrobust_5seed_rerun/Walker2d-v4__td3_kl_vanilla__2__1783132179/td3_kl_vanilla.cleanrl_model,/home/users/am1015/rl_runs_td3_walker_kl_20260703_td3_kl_softrobust_5seed_rerun/Walker2d-v4__td3_kl_vanilla__2__1783132179/td3_kl_vanilla.cleanrl_model.norm_stats.npz,1,1,0,0.0,0.0,0.0,0.5,1.0,1.0,,1.0,-1,,-1,,1.0,,1.0,1.0,185.44491516738415,178.68248286628798,152.58760271519907,155.4156295476245,2.4432202448245883,485.2070033237724,
1783524232,eval__Walker2d-v4__td3__vanilla__action_replace_0p5__seed3__pid3225580,td3,Walker2d-v4,3,20,1,vanilla,action_replace_0p5,/home/users/am1015/rl_runs_td3_walker_kl_20260703_td3_kl_softrobust_5seed_rerun/Walker2d-v4__td3_kl_vanilla__3__1783132179/td3_kl_vanilla.cleanrl_model,/home/users/am1015/rl_runs_td3_walker_kl_20260703_td3_kl_softrobust_5seed_rerun/Walker2d-v4__td3_kl_vanilla__3__1783132179/td3_kl_vanilla.cleanrl_model.norm_stats.npz,1,1,0,0.0,0.0,0.0,0.5,1.0,1.0,,1.0,-1,,-1,,1.0,,1.0,1.0,220.1809514120256,131.99799751273872,251.5343503991864,239.0699767029634,-0.1623632164998727,529.2214596213315,
1783524236,eval__Walker2d-v4__td3__vanilla__action_replace_0p5__seed4__pid3225611,td3,Walker2d-v4,4,20,1,vanilla,action_replace_0p5,/home/users/am1015/rl_runs_td3_walker_kl_20260703_td3_kl_softrobust_5seed_rerun/Walker2d-v4__td3_kl_vanilla__4__1783132179/td3_kl_vanilla.cleanrl_model,/home/users/am1015/rl_runs_td3_walker_kl_20260703_td3_kl_softrobust_5seed_rerun/Walker2d-v4__td3_kl_vanilla__4__1783132179/td3_kl_vanilla.cleanrl_model.norm_stats.npz,1,1,0,0.0,0.0,0.0,0.5,1.0,1.0,,1.0,-1,,-1,,1.0,,1.0,1.0,233.95221902090825,129.16225685096157,288.24696525021324,274.2819860379965,3.4791742693268795,424.0933650348615,
1783524242,eval__Walker2d-v4__td3__vanilla__action_replace_0p5__seed5__pid3225642,td3,Walker2d-v4,5,20,1,vanilla,action_replace_0p5,/home/users/am1015/rl_runs_td3_walker_kl_20260703_td3_kl_softrobust_5seed_rerun/Walker2d-v4__td3_kl_vanilla__5__1783132179/td3_kl_vanilla.cleanrl_model,/home/users/am1015/rl_runs_td3_walker_kl_20260703_td3_kl_softrobust_5seed_rerun/Walker2d-v4__td3_kl_vanilla__5__1783132179/td3_kl_vanilla.cleanrl_model.norm_stats.npz,1,1,0,0.0,0.0,0.0,0.5,1.0,1.0,,1.0,-1,,-1,,1.0,,1.0,1.0,330.8678806757969,137.71076057460908,381.93143402245306,359.1181338921876,8.255375343310634,606.5155743379798,
1783524246,eval__Walker2d-v4__td3__klb0p5__action_replace_0__seed1__pid3225708,td3,Walker2d-v4,1,20,0,klb0p5,action_replace_0,/home/users/am1015/rl_runs_td3_walker_kl_20260703_td3_kl_softrobust_5seed_rerun/Walker2d-v4__td3_kl_klb0p5__1__1783289937/td3_kl_klb0p5.cleanrl_model,/home/users/am1015/rl_runs_td3_walker_kl_20260703_td3_kl_softrobust_5seed_rerun/Walker2d-v4__td3_kl_klb0p5__1__1783289937/td3_kl_klb0p5.cleanrl_model.norm_stats.npz,1,1,0,0.0,0.0,0.0,0.0,1.0,1.0,,1.0,-1,,-1,,1.0,,1.0,1.0,315.341067076008,59.3834509500297,300.8389264605387,302.523095512526,244.10690705744568,501.5513565246322,
1783524253,eval__Walker2d-v4__td3__klb0p5__action_replace_0__seed2__pid3225739,td3,Walker2d-v4,2,20,0,klb0p5,action_replace_0,/home/users/am1015/rl_runs_td3_walker_kl_20260703_td3_kl_softrobust_5seed_rerun/Walker2d-v4__td3_kl_klb0p5__2__1783289937/td3_kl_klb0p5.cleanrl_model,/home/users/am1015/rl_runs_td3_walker_kl_20260703_td3_kl_softrobust_5seed_rerun/Walker2d-v4__td3_kl_klb0p5__2__1783289937/td3_kl_klb0p5.cleanrl_model.norm_stats.npz,1,1,0,0.0,0.0,0.0,0.0,1.0,1.0,,1.0,-1,,-1,,1.0,,1.0,1.0,482.5607037459287,237.382031660928,416.2718826972508,441.0187264162778,205.14228939496363,1042.3616736988834,
1783524259,eval__Walker2d-v4__td3__klb0p5__action_replace_0__seed3__pid3225774,td3,Walker2d-v4,3,20,0,klb0p5,action_replace_0,/home/users/am1015/rl_runs_td3_walker_kl_20260703_td3_kl_softrobust_5seed_rerun/Walker2d-v4__td3_kl_klb0p5__3__1783289937/td3_kl_klb0p5.cleanrl_model,/home/users/am1015/rl_runs_td3_walker_kl_20260703_td3_kl_softrobust_5seed_rerun/Walker2d-v4__td3_kl_klb0p5__3__1783289937/td3_kl_klb0p5.cleanrl_model.norm_stats.npz,1,1,0,0.0,0.0,0.0,0.0,1.0,1.0,,1.0,-1,,-1,,1.0,,1.0,1.0,353.59806857558084,159.75727083446247,346.8347669092466,341.3063077546764,156.10119612045094,853.5328997187722,
1783524265,eval__Walker2d-v4__td3__klb0p5__action_replace_0__seed4__pid3225840,td3,Walker2d-v4,4,20,0,klb0p5,action_replace_0,/home/users/am1015/rl_runs_td3_walker_kl_20260703_td3_kl_softrobust_5seed_rerun/Walker2d-v4__td3_kl_klb0p5__4__1783289937/td3_kl_klb0p5.cleanrl_model,/home/users/am1015/rl_runs_td3_walker_kl_20260703_td3_kl_softrobust_5seed_rerun/Walker2d-v4__td3_kl_klb0p5__4__1783289937/td3_kl_klb0p5.cleanrl_model.norm_stats.npz,1,1,0,0.0,0.0,0.0,0.0,1.0,1.0,,1.0,-1,,-1,,1.0,,1.0,1.0,375.5012073817,163.09448008164233,361.1932845819558,354.4546374147473,163.4757588711429,995.072485247282,
1783524270,eval__Walker2d-v4__td3__klb0p5__action_replace_0__seed5__pid3225904,td3,Walker2d-v4,5,20,0,klb0p5,action_replace_0,/home/users/am1015/rl_runs_td3_walker_kl_20260703_td3_kl_softrobust_5seed_rerun/Walker2d-v4__td3_kl_klb0p5__5__1783289936/td3_kl_klb0p5.cleanrl_model,/home/users/am1015/rl_runs_td3_walker_kl_20260703_td3_kl_softrobust_5seed_rerun/Walker2d-v4__td3_kl_klb0p5__5__1783289936/td3_kl_klb0p5.cleanrl_model.norm_stats.npz,1,1,0,0.0,0.0,0.0,0.0,1.0,1.0,,1.0,-1,,-1,,1.0,,1.0,1.0,325.2591184434265,139.5570865173838,327.11666009613293,311.054304364765,147.9975984089378,668.4067932087456,
1783524275,eval__Walker2d-v4__td3__klb0p5__action_replace_0p05__seed1__pid3225944,td3,Walker2d-v4,1,20,1,klb0p5,action_replace_0p05,/home/users/am1015/rl_runs_td3_walker_kl_20260703_td3_kl_softrobust_5seed_rerun/Walker2d-v4__td3_kl_klb0p5__1__1783289937/td3_kl_klb0p5.cleanrl_model,/home/users/am1015/rl_runs_td3_walker_kl_20260703_td3_kl_softrobust_5seed_rerun/Walker2d-v4__td3_kl_klb0p5__1__1783289937/td3_kl_klb0p5.cleanrl_model.norm_stats.npz,1,1,0,0.0,0.0,0.0,0.05,1.0,1.0,,1.0,-1,,-1,,1.0,,1.0,1.0,347.7831194227697,61.44112526696853,351.8236006209406,344.6810085017949,233.8302759715189,523.317654167164,
1783524282,eval__Walker2d-v4__td3__klb0p5__action_replace_0p05__seed2__pid3226011,td3,Walker2d-v4,2,20,1,klb0p5,action_replace_0p05,/home/users/am1015/rl_runs_td3_walker_kl_20260703_td3_kl_softrobust_5seed_rerun/Walker2d-v4__td3_kl_klb0p5__2__1783289937/td3_kl_klb0p5.cleanrl_model,/home/users/am1015/rl_runs_td3_walker_kl_20260703_td3_kl_softrobust_5seed_rerun/Walker2d-v4__td3_kl_klb0p5__2__1783289937/td3_kl_klb0p5.cleanrl_model.norm_stats.npz,1,1,0,0.0,0.0,0.0,0.05,1.0,1.0,,1.0,-1,,-1,,1.0,,1.0,1.0,413.2950949159146,159.12459264815735,389.5535047917774,371.280705416097,249.5357892141587,887.260929400846,
1783524288,eval__Walker2d-v4__td3__klb0p5__action_replace_0p05__seed3__pid3226050,td3,Walker2d-v4,3,20,1,klb0p5,action_replace_0p05,/home/users/am1015/rl_runs_td3_walker_kl_20260703_td3_kl_softrobust_5seed_rerun/Walker2d-v4__td3_kl_klb0p5__3__1783289937/td3_kl_klb0p5.cleanrl_model,/home/users/am1015/rl_runs_td3_walker_kl_20260703_td3_kl_softrobust_5seed_rerun/Walker2d-v4__td3_kl_klb0p5__3__1783289937/td3_kl_klb0p5.cleanrl_model.norm_stats.npz,1,1,0,0.0,0.0,0.0,0.05,1.0,1.0,,1.0,-1,,-1,,1.0,,1.0,1.0,363.6772981865108,160.2322123339452,369.7470284858242,361.5480247359069,103.23931679073758,671.0223111088973,
1783524294,eval__Walker2d-v4__td3__klb0p5__action_replace_0p05__seed4__pid3226117,td3,Walker2d-v4,4,20,1,klb0p5,action_replace_0p05,/home/users/am1015/rl_runs_td3_walker_kl_20260703_td3_kl_softrobust_5seed_rerun/Walker2d-v4__td3_kl_klb0p5__4__1783289937/td3_kl_klb0p5.cleanrl_model,/home/users/am1015/rl_runs_td3_walker_kl_20260703_td3_kl_softrobust_5seed_rerun/Walker2d-v4__td3_kl_klb0p5__4__1783289937/td3_kl_klb0p5.cleanrl_model.norm_stats.npz,1,1,0,0.0,0.0,0.0,0.05,1.0,1.0,,1.0,-1,,-1,,1.0,,1.0,1.0,335.29415349396754,136.6779190711336,288.5558746122606,307.0552821825765,133.70544656266506,661.5326973271523,
1783524298,eval__Walker2d-v4__td3__klb0p5__action_replace_0p05__seed5__pid3226153,td3,Walker2d-v4,5,20,1,klb0p5,action_replace_0p05,/home/users/am1015/rl_runs_td3_walker_kl_20260703_td3_kl_softrobust_5seed_rerun/Walker2d-v4__td3_kl_klb0p5__5__1783289936/td3_kl_klb0p5.cleanrl_model,/home/users/am1015/rl_runs_td3_walker_kl_20260703_td3_kl_softrobust_5seed_rerun/Walker2d-v4__td3_kl_klb0p5__5__1783289936/td3_kl_klb0p5.cleanrl_model.norm_stats.npz,1,1,0,0.0,0.0,0.0,0.05,1.0,1.0,,1.0,-1,,-1,,1.0,,1.0,1.0,242.422759933801,113.76283620593252,206.4248085487133,223.0642315763062,101.77519326170244,537.5442947859765,
1783524304,eval__Walker2d-v4__td3__klb0p5__action_replace_0p1__seed1__pid3226189,td3,Walker2d-v4,1,20,1,klb0p5,action_replace_0p1,/home/users/am1015/rl_runs_td3_walker_kl_20260703_td3_kl_softrobust_5seed_rerun/Walker2d-v4__td3_kl_klb0p5__1__1783289937/td3_kl_klb0p5.cleanrl_model,/home/users/am1015/rl_runs_td3_walker_kl_20260703_td3_kl_softrobust_5seed_rerun/Walker2d-v4__td3_kl_klb0p5__1__1783289937/td3_kl_klb0p5.cleanrl_model.norm_stats.npz,1,1,0,0.0,0.0,0.0,0.1,1.0,1.0,,1.0,-1,,-1,,1.0,,1.0,1.0,404.6420214953913,137.76426073824794,356.8422926068023,358.81857513253743,231.59038096374945,707.1892723876211,
1783524310,eval__Walker2d-v4__td3__klb0p5__action_replace_0p1__seed2__pid3226260,td3,Walker2d-v4,2,20,1,klb0p5,action_replace_0p1,/home/users/am1015/rl_runs_td3_walker_kl_20260703_td3_kl_softrobust_5seed_rerun/Walker2d-v4__td3_kl_klb0p5__2__1783289937/td3_kl_klb0p5.cleanrl_model,/home/users/am1015/rl_runs_td3_walker_kl_20260703_td3_kl_softrobust_5seed_rerun/Walker2d-v4__td3_kl_klb0p5__2__1783289937/td3_kl_klb0p5.cleanrl_model.norm_stats.npz,1,1,0,0.0,0.0,0.0,0.1,1.0,1.0,,1.0,-1,,-1,,1.0,,1.0,1.0,449.53584803784327,142.31351057968016,418.0774159254148,430.7007598728991,225.2169575775996,820.2788693875596,
1783524316,eval__Walker2d-v4__td3__klb0p5__action_replace_0p1__seed3__pid3226296,td3,Walker2d-v4,3,20,1,klb0p5,action_replace_0p1,/home/users/am1015/rl_runs_td3_walker_kl_20260703_td3_kl_softrobust_5seed_rerun/Walker2d-v4__td3_kl_klb0p5__3__1783289937/td3_kl_klb0p5.cleanrl_model,/home/users/am1015/rl_runs_td3_walker_kl_20260703_td3_kl_softrobust_5seed_rerun/Walker2d-v4__td3_kl_klb0p5__3__1783289937/td3_kl_klb0p5.cleanrl_model.norm_stats.npz,1,1,0,0.0,0.0,0.0,0.1,1.0,1.0,,1.0,-1,,-1,,1.0,,1.0,1.0,298.57630916561743,150.09874313289504,302.8165737708906,289.11403865575016,91.08653580577712,541.6611055786374,
1783524322,eval__Walker2d-v4__td3__klb0p5__action_replace_0p1__seed4__pid3226356,td3,Walker2d-v4,4,20,1,klb0p5,action_replace_0p1,/home/users/am1015/rl_runs_td3_walker_kl_20260703_td3_kl_softrobust_5seed_rerun/Walker2d-v4__td3_kl_klb0p5__4__1783289937/td3_kl_klb0p5.cleanrl_model,/home/users/am1015/rl_runs_td3_walker_kl_20260703_td3_kl_softrobust_5seed_rerun/Walker2d-v4__td3_kl_klb0p5__4__1783289937/td3_kl_klb0p5.cleanrl_model.norm_stats.npz,1,1,0,0.0,0.0,0.0,0.1,1.0,1.0,,1.0,-1,,-1,,1.0,,1.0,1.0,416.80351138712575,239.29186116608125,371.32020419359935,359.36357276893983,79.52018992197102,1083.075876722508,
1783524327,eval__Walker2d-v4__td3__klb0p5__action_replace_0p1__seed5__pid3226427,td3,Walker2d-v4,5,20,1,klb0p5,action_replace_0p1,/home/users/am1015/rl_runs_td3_walker_kl_20260703_td3_kl_softrobust_5seed_rerun/Walker2d-v4__td3_kl_klb0p5__5__1783289936/td3_kl_klb0p5.cleanrl_model,/home/users/am1015/rl_runs_td3_walker_kl_20260703_td3_kl_softrobust_5seed_rerun/Walker2d-v4__td3_kl_klb0p5__5__1783289936/td3_kl_klb0p5.cleanrl_model.norm_stats.npz,1,1,0,0.0,0.0,0.0,0.1,1.0,1.0,,1.0,-1,,-1,,1.0,,1.0,1.0,229.44526798534244,98.36318466964651,203.09958134367244,213.4958573704369,85.66875706120385,440.7181783407782,
1783524332,eval__Walker2d-v4__td3__klb0p5__action_replace_0p15__seed1__pid3226467,td3,Walker2d-v4,1,20,1,klb0p5,action_replace_0p15,/home/users/am1015/rl_runs_td3_walker_kl_20260703_td3_kl_softrobust_5seed_rerun/Walker2d-v4__td3_kl_klb0p5__1__1783289937/td3_kl_klb0p5.cleanrl_model,/home/users/am1015/rl_runs_td3_walker_kl_20260703_td3_kl_softrobust_5seed_rerun/Walker2d-v4__td3_kl_klb0p5__1__1783289937/td3_kl_klb0p5.cleanrl_model.norm_stats.npz,1,1,0,0.0,0.0,0.0,0.15,1.0,1.0,,1.0,-1,,-1,,1.0,,1.0,1.0,343.9955738493127,67.79893732689314,347.0085466266532,343.87115167778654,147.15271136841275,471.7622677107621,
1783524339,eval__Walker2d-v4__td3__klb0p5__action_replace_0p15__seed2__pid3226526,td3,Walker2d-v4,2,20,1,klb0p5,action_replace_0p15,/home/users/am1015/rl_runs_td3_walker_kl_20260703_td3_kl_softrobust_5seed_rerun/Walker2d-v4__td3_kl_klb0p5__2__1783289937/td3_kl_klb0p5.cleanrl_model,/home/users/am1015/rl_runs_td3_walker_kl_20260703_td3_kl_softrobust_5seed_rerun/Walker2d-v4__td3_kl_klb0p5__2__1783289937/td3_kl_klb0p5.cleanrl_model.norm_stats.npz,1,1,0,0.0,0.0,0.0,0.15,1.0,1.0,,1.0,-1,,-1,,1.0,,1.0,1.0,456.77608582785234,178.96707402147211,459.54333848679664,454.2838971038865,162.93700196561088,901.3815593886444,
1783524346,eval__Walker2d-v4__td3__klb0p5__action_replace_0p15__seed3__pid3226568,td3,Walker2d-v4,3,20,1,klb0p5,action_replace_0p15,/home/users/am1015/rl_runs_td3_walker_kl_20260703_td3_kl_softrobust_5seed_rerun/Walker2d-v4__td3_kl_klb0p5__3__1783289937/td3_kl_klb0p5.cleanrl_model,/home/users/am1015/rl_runs_td3_walker_kl_20260703_td3_kl_softrobust_5seed_rerun/Walker2d-v4__td3_kl_klb0p5__3__1783289937/td3_kl_klb0p5.cleanrl_model.norm_stats.npz,1,1,0,0.0,0.0,0.0,0.15,1.0,1.0,,1.0,-1,,-1,,1.0,,1.0,1.0,385.2727414290261,179.586503572136,364.4550867128567,379.39185219496665,122.75766034298718,777.7722797142793,
1783524351,eval__Walker2d-v4__td3__klb0p5__action_replace_0p15__seed4__pid3226637,td3,Walker2d-v4,4,20,1,klb0p5,action_replace_0p15,/home/users/am1015/rl_runs_td3_walker_kl_20260703_td3_kl_softrobust_5seed_rerun/Walker2d-v4__td3_kl_klb0p5__4__1783289937/td3_kl_klb0p5.cleanrl_model,/home/users/am1015/rl_runs_td3_walker_kl_20260703_td3_kl_softrobust_5seed_rerun/Walker2d-v4__td3_kl_klb0p5__4__1783289937/td3_kl_klb0p5.cleanrl_model.norm_stats.npz,1,1,0,0.0,0.0,0.0,0.15,1.0,1.0,,1.0,-1,,-1,,1.0,,1.0,1.0,304.2901990703814,130.10222507725084,306.480000466012,307.2767382396879,22.541417872737423,627.5736153162081,
1783524355,eval__Walker2d-v4__td3__klb0p5__action_replace_0p15__seed5__pid3226672,td3,Walker2d-v4,5,20,1,klb0p5,action_replace_0p15,/home/users/am1015/rl_runs_td3_walker_kl_20260703_td3_kl_softrobust_5seed_rerun/Walker2d-v4__td3_kl_klb0p5__5__1783289936/td3_kl_klb0p5.cleanrl_model,/home/users/am1015/rl_runs_td3_walker_kl_20260703_td3_kl_softrobust_5seed_rerun/Walker2d-v4__td3_kl_klb0p5__5__1783289936/td3_kl_klb0p5.cleanrl_model.norm_stats.npz,1,1,0,0.0,0.0,0.0,0.15,1.0,1.0,,1.0,-1,,-1,,1.0,,1.0,1.0,242.9899939189752,98.74965848591135,213.38437732133912,218.65710337267095,106.96187939776314,445.4963803038852,
1783524360,eval__Walker2d-v4__td3__klb0p5__action_replace_0p2__seed1__pid3226708,td3,Walker2d-v4,1,20,1,klb0p5,action_replace_0p2,/home/users/am1015/rl_runs_td3_walker_kl_20260703_td3_kl_softrobust_5seed_rerun/Walker2d-v4__td3_kl_klb0p5__1__1783289937/td3_kl_klb0p5.cleanrl_model,/home/users/am1015/rl_runs_td3_walker_kl_20260703_td3_kl_softrobust_5seed_rerun/Walker2d-v4__td3_kl_klb0p5__1__1783289937/td3_kl_klb0p5.cleanrl_model.norm_stats.npz,1,1,0,0.0,0.0,0.0,0.2,1.0,1.0,,1.0,-1,,-1,,1.0,,1.0,1.0,367.93683273112873,62.86087983682935,347.66627782764414,353.1086107693288,282.29285796755187,517.1731968546513,
1783524366,eval__Walker2d-v4__td3__klb0p5__action_replace_0p2__seed2__pid3226775,td3,Walker2d-v4,2,20,1,klb0p5,action_replace_0p2,/home/users/am1015/rl_runs_td3_walker_kl_20260703_td3_kl_softrobust_5seed_rerun/Walker2d-v4__td3_kl_klb0p5__2__1783289937/td3_kl_klb0p5.cleanrl_model,/home/users/am1015/rl_runs_td3_walker_kl_20260703_td3_kl_softrobust_5seed_rerun/Walker2d-v4__td3_kl_klb0p5__2__1783289937/td3_kl_klb0p5.cleanrl_model.norm_stats.npz,1,1,0,0.0,0.0,0.0,0.2,1.0,1.0,,1.0,-1,,-1,,1.0,,1.0,1.0,402.0099890561512,111.83872607145284,403.48844083085794,404.76915011540177,168.70092318219005,717.743585250906,
1783524372,eval__Walker2d-v4__td3__klb0p5__action_replace_0p2__seed3__pid3226814,td3,Walker2d-v4,3,20,1,klb0p5,action_replace_0p2,/home/users/am1015/rl_runs_td3_walker_kl_20260703_td3_kl_softrobust_5seed_rerun/Walker2d-v4__td3_kl_klb0p5__3__1783289937/td3_kl_klb0p5.cleanrl_model,/home/users/am1015/rl_runs_td3_walker_kl_20260703_td3_kl_softrobust_5seed_rerun/Walker2d-v4__td3_kl_klb0p5__3__1783289937/td3_kl_klb0p5.cleanrl_model.norm_stats.npz,1,1,0,0.0,0.0,0.0,0.2,1.0,1.0,,1.0,-1,,-1,,1.0,,1.0,1.0,293.4419572121041,110.4605837251392,304.8095737529825,309.8206059528403,57.61351586019605,472.0872842798411,
1783524377,eval__Walker2d-v4__td3__klb0p5__action_replace_0p2__seed4__pid3226848,td3,Walker2d-v4,4,20,1,klb0p5,action_replace_0p2,/home/users/am1015/rl_runs_td3_walker_kl_20260703_td3_kl_softrobust_5seed_rerun/Walker2d-v4__td3_kl_klb0p5__4__1783289937/td3_kl_klb0p5.cleanrl_model,/home/users/am1015/rl_runs_td3_walker_kl_20260703_td3_kl_softrobust_5seed_rerun/Walker2d-v4__td3_kl_klb0p5__4__1783289937/td3_kl_klb0p5.cleanrl_model.norm_stats.npz,1,1,0,0.0,0.0,0.0,0.2,1.0,1.0,,1.0,-1,,-1,,1.0,,1.0,1.0,329.6826084053505,139.4978795041208,311.51504230868886,315.82256820723813,128.1573588529112,653.4930261863539,
1783524382,eval__Walker2d-v4__td3__klb0p5__action_replace_0p2__seed5__pid3226915,td3,Walker2d-v4,5,20,1,klb0p5,action_replace_0p2,/home/users/am1015/rl_runs_td3_walker_kl_20260703_td3_kl_softrobust_5seed_rerun/Walker2d-v4__td3_kl_klb0p5__5__1783289936/td3_kl_klb0p5.cleanrl_model,/home/users/am1015/rl_runs_td3_walker_kl_20260703_td3_kl_softrobust_5seed_rerun/Walker2d-v4__td3_kl_klb0p5__5__1783289936/td3_kl_klb0p5.cleanrl_model.norm_stats.npz,1,1,0,0.0,0.0,0.0,0.2,1.0,1.0,,1.0,-1,,-1,,1.0,,1.0,1.0,232.21773013915384,89.0934456038632,223.64059498081247,228.5222896755917,32.046296389060544,378.40472892129696,
1783524387,eval__Walker2d-v4__td3__klb0p5__action_replace_0p25__seed1__pid3226983,td3,Walker2d-v4,1,20,1,klb0p5,action_replace_0p25,/home/users/am1015/rl_runs_td3_walker_kl_20260703_td3_kl_softrobust_5seed_rerun/Walker2d-v4__td3_kl_klb0p5__1__1783289937/td3_kl_klb0p5.cleanrl_model,/home/users/am1015/rl_runs_td3_walker_kl_20260703_td3_kl_softrobust_5seed_rerun/Walker2d-v4__td3_kl_klb0p5__1__1783289937/td3_kl_klb0p5.cleanrl_model.norm_stats.npz,1,1,0,0.0,0.0,0.0,0.25,1.0,1.0,,1.0,-1,,-1,,1.0,,1.0,1.0,362.22435817662426,74.60591379939959,350.22743070313294,354.61175361016655,229.21700381832852,541.5482478210058,
1783524393,eval__Walker2d-v4__td3__klb0p5__action_replace_0p25__seed2__pid3227044,td3,Walker2d-v4,2,20,1,klb0p5,action_replace_0p25,/home/users/am1015/rl_runs_td3_walker_kl_20260703_td3_kl_softrobust_5seed_rerun/Walker2d-v4__td3_kl_klb0p5__2__1783289937/td3_kl_klb0p5.cleanrl_model,/home/users/am1015/rl_runs_td3_walker_kl_20260703_td3_kl_softrobust_5seed_rerun/Walker2d-v4__td3_kl_klb0p5__2__1783289937/td3_kl_klb0p5.cleanrl_model.norm_stats.npz,1,1,0,0.0,0.0,0.0,0.25,1.0,1.0,,1.0,-1,,-1,,1.0,,1.0,1.0,372.8873449132963,108.26415603958688,355.8981400986053,358.08598275199864,257.9044565663672,758.0209000209767,
1783524400,eval__Walker2d-v4__td3__klb0p5__action_replace_0p25__seed3__pid3227088,td3,Walker2d-v4,3,20,1,klb0p5,action_replace_0p25,/home/users/am1015/rl_runs_td3_walker_kl_20260703_td3_kl_softrobust_5seed_rerun/Walker2d-v4__td3_kl_klb0p5__3__1783289937/td3_kl_klb0p5.cleanrl_model,/home/users/am1015/rl_runs_td3_walker_kl_20260703_td3_kl_softrobust_5seed_rerun/Walker2d-v4__td3_kl_klb0p5__3__1783289937/td3_kl_klb0p5.cleanrl_model.norm_stats.npz,1,1,0,0.0,0.0,0.0,0.25,1.0,1.0,,1.0,-1,,-1,,1.0,,1.0,1.0,306.8912537504093,176.10959487166937,315.5257214898226,297.6801476408913,43.66218043811642,721.5148366883628,
1783524406,eval__Walker2d-v4__td3__klb0p5__action_replace_0p25__seed4__pid3227156,td3,Walker2d-v4,4,20,1,klb0p5,action_replace_0p25,/home/users/am1015/rl_runs_td3_walker_kl_20260703_td3_kl_softrobust_5seed_rerun/Walker2d-v4__td3_kl_klb0p5__4__1783289937/td3_kl_klb0p5.cleanrl_model,/home/users/am1015/rl_runs_td3_walker_kl_20260703_td3_kl_softrobust_5seed_rerun/Walker2d-v4__td3_kl_klb0p5__4__1783289937/td3_kl_klb0p5.cleanrl_model.norm_stats.npz,1,1,0,0.0,0.0,0.0,0.25,1.0,1.0,,1.0,-1,,-1,,1.0,,1.0,1.0,298.3265847053855,151.04079840807748,274.5193939218529,274.5322785346541,77.79136240011826,791.7897450403757,
1783524410,eval__Walker2d-v4__td3__klb0p5__action_replace_0p25__seed5__pid3227192,td3,Walker2d-v4,5,20,1,klb0p5,action_replace_0p25,/home/users/am1015/rl_runs_td3_walker_kl_20260703_td3_kl_softrobust_5seed_rerun/Walker2d-v4__td3_kl_klb0p5__5__1783289936/td3_kl_klb0p5.cleanrl_model,/home/users/am1015/rl_runs_td3_walker_kl_20260703_td3_kl_softrobust_5seed_rerun/Walker2d-v4__td3_kl_klb0p5__5__1783289936/td3_kl_klb0p5.cleanrl_model.norm_stats.npz,1,1,0,0.0,0.0,0.0,0.25,1.0,1.0,,1.0,-1,,-1,,1.0,,1.0,1.0,243.3131864196877,77.0710761486786,222.85213537114495,233.1338111599445,99.54179984401594,390.2177390959643,
1783524415,eval__Walker2d-v4__td3__klb0p5__action_replace_0p3__seed1__pid3227227,td3,Walker2d-v4,1,20,1,klb0p5,action_replace_0p3,/home/users/am1015/rl_runs_td3_walker_kl_20260703_td3_kl_softrobust_5seed_rerun/Walker2d-v4__td3_kl_klb0p5__1__1783289937/td3_kl_klb0p5.cleanrl_model,/home/users/am1015/rl_runs_td3_walker_kl_20260703_td3_kl_softrobust_5seed_rerun/Walker2d-v4__td3_kl_klb0p5__1__1783289937/td3_kl_klb0p5.cleanrl_model.norm_stats.npz,1,1,0,0.0,0.0,0.0,0.3,1.0,1.0,,1.0,-1,,-1,,1.0,,1.0,1.0,288.7807350067046,111.40743469991055,301.5080489417138,300.43596079336663,8.237292365169829,460.175713250962,
1783524420,eval__Walker2d-v4__td3__klb0p5__action_replace_0p3__seed2__pid3227294,td3,Walker2d-v4,2,20,1,klb0p5,action_replace_0p3,/home/users/am1015/rl_runs_td3_walker_kl_20260703_td3_kl_softrobust_5seed_rerun/Walker2d-v4__td3_kl_klb0p5__2__1783289937/td3_kl_klb0p5.cleanrl_model,/home/users/am1015/rl_runs_td3_walker_kl_20260703_td3_kl_softrobust_5seed_rerun/Walker2d-v4__td3_kl_klb0p5__2__1783289937/td3_kl_klb0p5.cleanrl_model.norm_stats.npz,1,1,0,0.0,0.0,0.0,0.3,1.0,1.0,,1.0,-1,,-1,,1.0,,1.0,1.0,273.2913319882306,96.64271643066768,310.93385215799174,300.89519018283806,43.14979408511908,420.4379926331358,
1783524426,eval__Walker2d-v4__td3__klb0p5__action_replace_0p3__seed3__pid3227329,td3,Walker2d-v4,3,20,1,klb0p5,action_replace_0p3,/home/users/am1015/rl_runs_td3_walker_kl_20260703_td3_kl_softrobust_5seed_rerun/Walker2d-v4__td3_kl_klb0p5__3__1783289937/td3_kl_klb0p5.cleanrl_model,/home/users/am1015/rl_runs_td3_walker_kl_20260703_td3_kl_softrobust_5seed_rerun/Walker2d-v4__td3_kl_klb0p5__3__1783289937/td3_kl_klb0p5.cleanrl_model.norm_stats.npz,1,1,0,0.0,0.0,0.0,0.3,1.0,1.0,,1.0,-1,,-1,,1.0,,1.0,1.0,282.75781916358795,142.07378341246226,261.5416107533003,270.2680543595661,41.261570517143774,645.554057749835,
1783524432,eval__Walker2d-v4__td3__klb0p5__action_replace_0p3__seed4__pid3227396,td3,Walker2d-v4,4,20,1,klb0p5,action_replace_0p3,/home/users/am1015/rl_runs_td3_walker_kl_20260703_td3_kl_softrobust_5seed_rerun/Walker2d-v4__td3_kl_klb0p5__4__1783289937/td3_kl_klb0p5.cleanrl_model,/home/users/am1015/rl_runs_td3_walker_kl_20260703_td3_kl_softrobust_5seed_rerun/Walker2d-v4__td3_kl_klb0p5__4__1783289937/td3_kl_klb0p5.cleanrl_model.norm_stats.npz,1,1,0,0.0,0.0,0.0,0.3,1.0,1.0,,1.0,-1,,-1,,1.0,,1.0,1.0,321.361361975786,133.74307585839296,323.98788136068777,313.6450784879945,-13.781925152264776,562.0586890148827,
1783524436,eval__Walker2d-v4__td3__klb0p5__action_replace_0p3__seed5__pid3227457,td3,Walker2d-v4,5,20,1,klb0p5,action_replace_0p3,/home/users/am1015/rl_runs_td3_walker_kl_20260703_td3_kl_softrobust_5seed_rerun/Walker2d-v4__td3_kl_klb0p5__5__1783289936/td3_kl_klb0p5.cleanrl_model,/home/users/am1015/rl_runs_td3_walker_kl_20260703_td3_kl_softrobust_5seed_rerun/Walker2d-v4__td3_kl_klb0p5__5__1783289936/td3_kl_klb0p5.cleanrl_model.norm_stats.npz,1,1,0,0.0,0.0,0.0,0.3,1.0,1.0,,1.0,-1,,-1,,1.0,,1.0,1.0,211.70212454864728,87.72411777092005,209.99524692094096,210.2787592990496,23.34851183992372,411.7355146520269,
1783524441,eval__Walker2d-v4__td3__klb0p5__action_replace_0p35__seed1__pid3227525,td3,Walker2d-v4,1,20,1,klb0p5,action_replace_0p35,/home/users/am1015/rl_runs_td3_walker_kl_20260703_td3_kl_softrobust_5seed_rerun/Walker2d-v4__td3_kl_klb0p5__1__1783289937/td3_kl_klb0p5.cleanrl_model,/home/users/am1015/rl_runs_td3_walker_kl_20260703_td3_kl_softrobust_5seed_rerun/Walker2d-v4__td3_kl_klb0p5__1__1783289937/td3_kl_klb0p5.cleanrl_model.norm_stats.npz,1,1,0,0.0,0.0,0.0,0.35,1.0,1.0,,1.0,-1,,-1,,1.0,,1.0,1.0,269.4038904323185,119.29654926087986,287.00679969422646,293.14272755477566,24.1308267984594,427.9938542662106,
1783524447,eval__Walker2d-v4__td3__klb0p5__action_replace_0p35__seed2__pid3227592,td3,Walker2d-v4,2,20,1,klb0p5,action_replace_0p35,/home/users/am1015/rl_runs_td3_walker_kl_20260703_td3_kl_softrobust_5seed_rerun/Walker2d-v4__td3_kl_klb0p5__2__1783289937/td3_kl_klb0p5.cleanrl_model,/home/users/am1015/rl_runs_td3_walker_kl_20260703_td3_kl_softrobust_5seed_rerun/Walker2d-v4__td3_kl_klb0p5__2__1783289937/td3_kl_klb0p5.cleanrl_model.norm_stats.npz,1,1,0,0.0,0.0,0.0,0.35,1.0,1.0,,1.0,-1,,-1,,1.0,,1.0,1.0,320.2939133722296,125.0138270644058,313.8228992816002,305.6987981263036,21.045096417857334,578.1178912318899,
1783524453,eval__Walker2d-v4__td3__klb0p5__action_replace_0p35__seed3__pid3227635,td3,Walker2d-v4,3,20,1,klb0p5,action_replace_0p35,/home/users/am1015/rl_runs_td3_walker_kl_20260703_td3_kl_softrobust_5seed_rerun/Walker2d-v4__td3_kl_klb0p5__3__1783289937/td3_kl_klb0p5.cleanrl_model,/home/users/am1015/rl_runs_td3_walker_kl_20260703_td3_kl_softrobust_5seed_rerun/Walker2d-v4__td3_kl_klb0p5__3__1783289937/td3_kl_klb0p5.cleanrl_model.norm_stats.npz,1,1,0,0.0,0.0,0.0,0.35,1.0,1.0,,1.0,-1,,-1,,1.0,,1.0,1.0,349.95893588334854,242.37695004020125,250.63081226039975,286.4730789331089,22.47232415945302,917.060904573274,
1783524458,eval__Walker2d-v4__td3__klb0p5__action_replace_0p35__seed4__pid3227699,td3,Walker2d-v4,4,20,1,klb0p5,action_replace_0p35,/home/users/am1015/rl_runs_td3_walker_kl_20260703_td3_kl_softrobust_5seed_rerun/Walker2d-v4__td3_kl_klb0p5__4__1783289937/td3_kl_klb0p5.cleanrl_model,/home/users/am1015/rl_runs_td3_walker_kl_20260703_td3_kl_softrobust_5seed_rerun/Walker2d-v4__td3_kl_klb0p5__4__1783289937/td3_kl_klb0p5.cleanrl_model.norm_stats.npz,1,1,0,0.0,0.0,0.0,0.35,1.0,1.0,,1.0,-1,,-1,,1.0,,1.0,1.0,226.9497015503422,108.76015728845236,215.88089843602097,222.9433854129615,25.716358824452374,415.25045340023,
1783524463,eval__Walker2d-v4__td3__klb0p5__action_replace_0p35__seed5__pid3227741,td3,Walker2d-v4,5,20,1,klb0p5,action_replace_0p35,/home/users/am1015/rl_runs_td3_walker_kl_20260703_td3_kl_softrobust_5seed_rerun/Walker2d-v4__td3_kl_klb0p5__5__1783289936/td3_kl_klb0p5.cleanrl_model,/home/users/am1015/rl_runs_td3_walker_kl_20260703_td3_kl_softrobust_5seed_rerun/Walker2d-v4__td3_kl_klb0p5__5__1783289936/td3_kl_klb0p5.cleanrl_model.norm_stats.npz,1,1,0,0.0,0.0,0.0,0.35,1.0,1.0,,1.0,-1,,-1,,1.0,,1.0,1.0,214.24492226052763,87.57088672173425,221.90764013117405,219.0386158514385,14.6266637306762,357.4430582358715,
1783524467,eval__Walker2d-v4__td3__klb0p5__action_replace_0p4__seed1__pid3227812,td3,Walker2d-v4,1,20,1,klb0p5,action_replace_0p4,/home/users/am1015/rl_runs_td3_walker_kl_20260703_td3_kl_softrobust_5seed_rerun/Walker2d-v4__td3_kl_klb0p5__1__1783289937/td3_kl_klb0p5.cleanrl_model,/home/users/am1015/rl_runs_td3_walker_kl_20260703_td3_kl_softrobust_5seed_rerun/Walker2d-v4__td3_kl_klb0p5__1__1783289937/td3_kl_klb0p5.cleanrl_model.norm_stats.npz,1,1,0,0.0,0.0,0.0,0.4,1.0,1.0,,1.0,-1,,-1,,1.0,,1.0,1.0,249.74276783700836,143.27115996482723,278.8704440238488,270.3022586238955,16.332395253893228,566.3240635507041,
1783524473,eval__Walker2d-v4__td3__klb0p5__action_replace_0p4__seed2__pid3227869,td3,Walker2d-v4,2,20,1,klb0p5,action_replace_0p4,/home/users/am1015/rl_runs_td3_walker_kl_20260703_td3_kl_softrobust_5seed_rerun/Walker2d-v4__td3_kl_klb0p5__2__1783289937/td3_kl_klb0p5.cleanrl_model,/home/users/am1015/rl_runs_td3_walker_kl_20260703_td3_kl_softrobust_5seed_rerun/Walker2d-v4__td3_kl_klb0p5__2__1783289937/td3_kl_klb0p5.cleanrl_model.norm_stats.npz,1,1,0,0.0,0.0,0.0,0.4,1.0,1.0,,1.0,-1,,-1,,1.0,,1.0,1.0,291.80317146449966,122.52966930170932,303.3460289272766,312.9789594700841,48.34286576353076,492.4840650545132,
1783524479,eval__Walker2d-v4__td3__klb0p5__action_replace_0p4__seed3__pid3227945,td3,Walker2d-v4,3,20,1,klb0p5,action_replace_0p4,/home/users/am1015/rl_runs_td3_walker_kl_20260703_td3_kl_softrobust_5seed_rerun/Walker2d-v4__td3_kl_klb0p5__3__1783289937/td3_kl_klb0p5.cleanrl_model,/home/users/am1015/rl_runs_td3_walker_kl_20260703_td3_kl_softrobust_5seed_rerun/Walker2d-v4__td3_kl_klb0p5__3__1783289937/td3_kl_klb0p5.cleanrl_model.norm_stats.npz,1,1,0,0.0,0.0,0.0,0.4,1.0,1.0,,1.0,-1,,-1,,1.0,,1.0,1.0,275.49604051177545,179.25593141833824,266.79050951511584,259.3383468272465,30.318125009569822,619.7201665004887,
1783524484,eval__Walker2d-v4__td3__klb0p5__action_replace_0p4__seed4__pid3228009,td3,Walker2d-v4,4,20,1,klb0p5,action_replace_0p4,/home/users/am1015/rl_runs_td3_walker_kl_20260703_td3_kl_softrobust_5seed_rerun/Walker2d-v4__td3_kl_klb0p5__4__1783289937/td3_kl_klb0p5.cleanrl_model,/home/users/am1015/rl_runs_td3_walker_kl_20260703_td3_kl_softrobust_5seed_rerun/Walker2d-v4__td3_kl_klb0p5__4__1783289937/td3_kl_klb0p5.cleanrl_model.norm_stats.npz,1,1,0,0.0,0.0,0.0,0.4,1.0,1.0,,1.0,-1,,-1,,1.0,,1.0,1.0,268.8208199377896,107.34920616266191,284.1817046388249,283.88238413399824,4.611949547130132,448.65089621639225,
1783524489,eval__Walker2d-v4__td3__klb0p5__action_replace_0p4__seed5__pid3228042,td3,Walker2d-v4,5,20,1,klb0p5,action_replace_0p4,/home/users/am1015/rl_runs_td3_walker_kl_20260703_td3_kl_softrobust_5seed_rerun/Walker2d-v4__td3_kl_klb0p5__5__1783289936/td3_kl_klb0p5.cleanrl_model,/home/users/am1015/rl_runs_td3_walker_kl_20260703_td3_kl_softrobust_5seed_rerun/Walker2d-v4__td3_kl_klb0p5__5__1783289936/td3_kl_klb0p5.cleanrl_model.norm_stats.npz,1,1,0,0.0,0.0,0.0,0.4,1.0,1.0,,1.0,-1,,-1,,1.0,,1.0,1.0,212.29073776666544,113.98187715224574,219.7774505753873,220.9379387127652,3.2096115829646394,480.2667479257228,
1783524493,eval__Walker2d-v4__td3__klb0p5__action_replace_0p45__seed1__pid3228113,td3,Walker2d-v4,1,20,1,klb0p5,action_replace_0p45,/home/users/am1015/rl_runs_td3_walker_kl_20260703_td3_kl_softrobust_5seed_rerun/Walker2d-v4__td3_kl_klb0p5__1__1783289937/td3_kl_klb0p5.cleanrl_model,/home/users/am1015/rl_runs_td3_walker_kl_20260703_td3_kl_softrobust_5seed_rerun/Walker2d-v4__td3_kl_klb0p5__1__1783289937/td3_kl_klb0p5.cleanrl_model.norm_stats.npz,1,1,0,0.0,0.0,0.0,0.45,1.0,1.0,,1.0,-1,,-1,,1.0,,1.0,1.0,202.0247111221752,136.1108497073369,210.8268913488554,205.9748443088744,8.007691821818582,405.43511994682376,
1783524498,eval__Walker2d-v4__td3__klb0p5__action_replace_0p45__seed2__pid3228148,td3,Walker2d-v4,2,20,1,klb0p5,action_replace_0p45,/home/users/am1015/rl_runs_td3_walker_kl_20260703_td3_kl_softrobust_5seed_rerun/Walker2d-v4__td3_kl_klb0p5__2__1783289937/td3_kl_klb0p5.cleanrl_model,/home/users/am1015/rl_runs_td3_walker_kl_20260703_td3_kl_softrobust_5seed_rerun/Walker2d-v4__td3_kl_klb0p5__2__1783289937/td3_kl_klb0p5.cleanrl_model.norm_stats.npz,1,1,0,0.0,0.0,0.0,0.45,1.0,1.0,,1.0,-1,,-1,,1.0,,1.0,1.0,278.8575454463586,133.91955852104158,263.0246928930407,270.3930199334273,68.39948429048636,563.553639746741,
1783524503,eval__Walker2d-v4__td3__klb0p5__action_replace_0p45__seed3__pid3228215,td3,Walker2d-v4,3,20,1,klb0p5,action_replace_0p45,/home/users/am1015/rl_runs_td3_walker_kl_20260703_td3_kl_softrobust_5seed_rerun/Walker2d-v4__td3_kl_klb0p5__3__1783289937/td3_kl_klb0p5.cleanrl_model,/home/users/am1015/rl_runs_td3_walker_kl_20260703_td3_kl_softrobust_5seed_rerun/Walker2d-v4__td3_kl_klb0p5__3__1783289937/td3_kl_klb0p5.cleanrl_model.norm_stats.npz,1,1,0,0.0,0.0,0.0,0.45,1.0,1.0,,1.0,-1,,-1,,1.0,,1.0,1.0,194.2337989269526,191.3141237481649,109.51837781225834,133.95054188340956,20.96714510699709,689.2730673033741,
1783524509,eval__Walker2d-v4__td3__klb0p5__action_replace_0p45__seed4__pid3228274,td3,Walker2d-v4,4,20,1,klb0p5,action_replace_0p45,/home/users/am1015/rl_runs_td3_walker_kl_20260703_td3_kl_softrobust_5seed_rerun/Walker2d-v4__td3_kl_klb0p5__4__1783289937/td3_kl_klb0p5.cleanrl_model,/home/users/am1015/rl_runs_td3_walker_kl_20260703_td3_kl_softrobust_5seed_rerun/Walker2d-v4__td3_kl_klb0p5__4__1783289937/td3_kl_klb0p5.cleanrl_model.norm_stats.npz,1,1,0,0.0,0.0,0.0,0.45,1.0,1.0,,1.0,-1,,-1,,1.0,,1.0,1.0,221.2131120782778,206.30286089379217,188.7830803751156,184.786636917206,9.966961933122128,837.9467482598045,
1783524513,eval__Walker2d-v4__td3__klb0p5__action_replace_0p45__seed5__pid3228349,td3,Walker2d-v4,5,20,1,klb0p5,action_replace_0p45,/home/users/am1015/rl_runs_td3_walker_kl_20260703_td3_kl_softrobust_5seed_rerun/Walker2d-v4__td3_kl_klb0p5__5__1783289936/td3_kl_klb0p5.cleanrl_model,/home/users/am1015/rl_runs_td3_walker_kl_20260703_td3_kl_softrobust_5seed_rerun/Walker2d-v4__td3_kl_klb0p5__5__1783289936/td3_kl_klb0p5.cleanrl_model.norm_stats.npz,1,1,0,0.0,0.0,0.0,0.45,1.0,1.0,,1.0,-1,,-1,,1.0,,1.0,1.0,215.0571803528573,101.69488351810396,220.8057500032804,209.75584651553248,64.967404252166,441.36983566466586,
1783524518,eval__Walker2d-v4__td3__klb0p5__action_replace_0p5__seed1__pid3228416,td3,Walker2d-v4,1,20,1,klb0p5,action_replace_0p5,/home/users/am1015/rl_runs_td3_walker_kl_20260703_td3_kl_softrobust_5seed_rerun/Walker2d-v4__td3_kl_klb0p5__1__1783289937/td3_kl_klb0p5.cleanrl_model,/home/users/am1015/rl_runs_td3_walker_kl_20260703_td3_kl_softrobust_5seed_rerun/Walker2d-v4__td3_kl_klb0p5__1__1783289937/td3_kl_klb0p5.cleanrl_model.norm_stats.npz,1,1,0,0.0,0.0,0.0,0.5,1.0,1.0,,1.0,-1,,-1,,1.0,,1.0,1.0,163.83162156559186,130.18542892999656,190.87883829190315,156.19281480645776,12.184781550285557,488.3101926475946,
1783524522,eval__Walker2d-v4__td3__klb0p5__action_replace_0p5__seed2__pid3228451,td3,Walker2d-v4,2,20,1,klb0p5,action_replace_0p5,/home/users/am1015/rl_runs_td3_walker_kl_20260703_td3_kl_softrobust_5seed_rerun/Walker2d-v4__td3_kl_klb0p5__2__1783289937/td3_kl_klb0p5.cleanrl_model,/home/users/am1015/rl_runs_td3_walker_kl_20260703_td3_kl_softrobust_5seed_rerun/Walker2d-v4__td3_kl_klb0p5__2__1783289937/td3_kl_klb0p5.cleanrl_model.norm_stats.npz,1,1,0,0.0,0.0,0.0,0.5,1.0,1.0,,1.0,-1,,-1,,1.0,,1.0,1.0,181.4694640387874,133.8005345829935,184.354321193708,185.00575084098864,-1.1548704343627585,407.2127993088158,
1783524527,eval__Walker2d-v4__td3__klb0p5__action_replace_0p5__seed3__pid3228483,td3,Walker2d-v4,3,20,1,klb0p5,action_replace_0p5,/home/users/am1015/rl_runs_td3_walker_kl_20260703_td3_kl_softrobust_5seed_rerun/Walker2d-v4__td3_kl_klb0p5__3__1783289937/td3_kl_klb0p5.cleanrl_model,/home/users/am1015/rl_runs_td3_walker_kl_20260703_td3_kl_softrobust_5seed_rerun/Walker2d-v4__td3_kl_klb0p5__3__1783289937/td3_kl_klb0p5.cleanrl_model.norm_stats.npz,1,1,0,0.0,0.0,0.0,0.5,1.0,1.0,,1.0,-1,,-1,,1.0,,1.0,1.0,195.053952797376,152.12281955280503,141.15425464711234,156.24850476853902,33.881710836595566,475.88399376087625,
1783524532,eval__Walker2d-v4__td3__klb0p5__action_replace_0p5__seed4__pid3228550,td3,Walker2d-v4,4,20,1,klb0p5,action_replace_0p5,/home/users/am1015/rl_runs_td3_walker_kl_20260703_td3_kl_softrobust_5seed_rerun/Walker2d-v4__td3_kl_klb0p5__4__1783289937/td3_kl_klb0p5.cleanrl_model,/home/users/am1015/rl_runs_td3_walker_kl_20260703_td3_kl_softrobust_5seed_rerun/Walker2d-v4__td3_kl_klb0p5__4__1783289937/td3_kl_klb0p5.cleanrl_model.norm_stats.npz,1,1,0,0.0,0.0,0.0,0.5,1.0,1.0,,1.0,-1,,-1,,1.0,,1.0,1.0,156.42649396350552,114.4792766662023,134.69794129228953,135.41009852139922,0.1113751391884759,386.0765392749885,
1783524536,eval__Walker2d-v4__td3__klb0p5__action_replace_0p5__seed5__pid3228610,td3,Walker2d-v4,5,20,1,klb0p5,action_replace_0p5,/home/users/am1015/rl_runs_td3_walker_kl_20260703_td3_kl_softrobust_5seed_rerun/Walker2d-v4__td3_kl_klb0p5__5__1783289936/td3_kl_klb0p5.cleanrl_model,/home/users/am1015/rl_runs_td3_walker_kl_20260703_td3_kl_softrobust_5seed_rerun/Walker2d-v4__td3_kl_klb0p5__5__1783289936/td3_kl_klb0p5.cleanrl_model.norm_stats.npz,1,1,0,0.0,0.0,0.0,0.5,1.0,1.0,,1.0,-1,,-1,,1.0,,1.0,1.0,179.13657917737572,101.71268858555368,183.76722476022712,185.1287434975937,6.747022462487871,334.1942803439253,
1783524543,eval__Walker2d-v4__td3__klb1__action_replace_0__seed1__pid3228653,td3,Walker2d-v4,1,20,0,klb1,action_replace_0,/home/users/am1015/rl_runs_td3_walker_kl_20260703_td3_kl_softrobust_5seed_rerun/Walker2d-v4__td3_kl_klb1__1__1783289937/td3_kl_klb1.cleanrl_model,/home/users/am1015/rl_runs_td3_walker_kl_20260703_td3_kl_softrobust_5seed_rerun/Walker2d-v4__td3_kl_klb1__1__1783289937/td3_kl_klb1.cleanrl_model.norm_stats.npz,1,1,0,0.0,0.0,0.0,0.0,1.0,1.0,,1.0,-1,,-1,,1.0,,1.0,1.0,517.6256686714419,211.06278157518815,604.5325869233693,595.5943017657312,146.30845197534782,770.3010830742224,
1783524548,eval__Walker2d-v4__td3__klb1__action_replace_0__seed2__pid3228747,td3,Walker2d-v4,2,20,0,klb1,action_replace_0,/home/users/am1015/rl_runs_td3_walker_kl_20260703_td3_kl_softrobust_5seed_rerun/Walker2d-v4__td3_kl_klb1__2__1783289936/td3_kl_klb1.cleanrl_model,/home/users/am1015/rl_runs_td3_walker_kl_20260703_td3_kl_softrobust_5seed_rerun/Walker2d-v4__td3_kl_klb1__2__1783289936/td3_kl_klb1.cleanrl_model.norm_stats.npz,1,1,0,0.0,0.0,0.0,0.0,1.0,1.0,,1.0,-1,,-1,,1.0,,1.0,1.0,421.84783728664513,11.69528133308514,420.92931092190537,420.1346597788144,406.4948004656228,450.1590666146849,
1783524558,eval__Walker2d-v4__td3__klb1__action_replace_0__seed3__pid3228812,td3,Walker2d-v4,3,20,0,klb1,action_replace_0,/home/users/am1015/rl_runs_td3_walker_kl_20260703_td3_kl_softrobust_5seed_rerun/Walker2d-v4__td3_kl_klb1__3__1783289937/td3_kl_klb1.cleanrl_model,/home/users/am1015/rl_runs_td3_walker_kl_20260703_td3_kl_softrobust_5seed_rerun/Walker2d-v4__td3_kl_klb1__3__1783289937/td3_kl_klb1.cleanrl_model.norm_stats.npz,1,1,0,0.0,0.0,0.0,0.0,1.0,1.0,,1.0,-1,,-1,,1.0,,1.0,1.0,581.0037492161922,433.57570479628566,356.4543176443576,572.8763211182509,61.30877958784879,1081.1991719437394,
1783524564,eval__Walker2d-v4__td3__klb1__action_replace_0__seed4__pid3228886,td3,Walker2d-v4,4,20,0,klb1,action_replace_0,/home/users/am1015/rl_runs_td3_walker_kl_20260703_td3_kl_softrobust_5seed_rerun/Walker2d-v4__td3_kl_klb1__4__1783319289/td3_kl_klb1.cleanrl_model,/home/users/am1015/rl_runs_td3_walker_kl_20260703_td3_kl_softrobust_5seed_rerun/Walker2d-v4__td3_kl_klb1__4__1783319289/td3_kl_klb1.cleanrl_model.norm_stats.npz,1,1,0,0.0,0.0,0.0,0.0,1.0,1.0,,1.0,-1,,-1,,1.0,,1.0,1.0,553.9766283768369,26.43493257707541,553.7467132845959,553.4639260246338,494.2563963491542,625.0253590393359,
1783524568,eval__Walker2d-v4__td3__klb1__action_replace_0__seed5__pid3228928,td3,Walker2d-v4,5,20,0,klb1,action_replace_0,/home/users/am1015/rl_runs_td3_walker_kl_20260703_td3_kl_softrobust_5seed_rerun/Walker2d-v4__td3_kl_klb1__5__1783319357/td3_kl_klb1.cleanrl_model,/home/users/am1015/rl_runs_td3_walker_kl_20260703_td3_kl_softrobust_5seed_rerun/Walker2d-v4__td3_kl_klb1__5__1783319357/td3_kl_klb1.cleanrl_model.norm_stats.npz,1,1,0,0.0,0.0,0.0,0.0,1.0,1.0,,1.0,-1,,-1,,1.0,,1.0,1.0,148.77501753323585,4.734965805314662,149.1397045438925,149.27879883232507,138.1773056030896,156.90684747972315,
1783524575,eval__Walker2d-v4__td3__klb1__action_replace_0p05__seed1__pid3229020,td3,Walker2d-v4,1,20,1,klb1,action_replace_0p05,/home/users/am1015/rl_runs_td3_walker_kl_20260703_td3_kl_softrobust_5seed_rerun/Walker2d-v4__td3_kl_klb1__1__1783289937/td3_kl_klb1.cleanrl_model,/home/users/am1015/rl_runs_td3_walker_kl_20260703_td3_kl_softrobust_5seed_rerun/Walker2d-v4__td3_kl_klb1__1__1783289937/td3_kl_klb1.cleanrl_model.norm_stats.npz,1,1,0,0.0,0.0,0.0,0.05,1.0,1.0,,1.0,-1,,-1,,1.0,,1.0,1.0,415.1743112053292,297.3858406435299,340.160224756406,353.37739460868903,112.9932817743848,1057.5016506521863,
1783524581,eval__Walker2d-v4__td3__klb1__action_replace_0p05__seed2__pid3229085,td3,Walker2d-v4,2,20,1,klb1,action_replace_0p05,/home/users/am1015/rl_runs_td3_walker_kl_20260703_td3_kl_softrobust_5seed_rerun/Walker2d-v4__td3_kl_klb1__2__1783289936/td3_kl_klb1.cleanrl_model,/home/users/am1015/rl_runs_td3_walker_kl_20260703_td3_kl_softrobust_5seed_rerun/Walker2d-v4__td3_kl_klb1__2__1783289936/td3_kl_klb1.cleanrl_model.norm_stats.npz,1,1,0,0.0,0.0,0.0,0.05,1.0,1.0,,1.0,-1,,-1,,1.0,,1.0,1.0,386.7721747768468,68.5018458773536,375.70294056338247,377.4343819245882,292.02402367097767,617.8474111431619,
1783524588,eval__Walker2d-v4__td3__klb1__action_replace_0p05__seed3__pid3229148,td3,Walker2d-v4,3,20,1,klb1,action_replace_0p05,/home/users/am1015/rl_runs_td3_walker_kl_20260703_td3_kl_softrobust_5seed_rerun/Walker2d-v4__td3_kl_klb1__3__1783289937/td3_kl_klb1.cleanrl_model,/home/users/am1015/rl_runs_td3_walker_kl_20260703_td3_kl_softrobust_5seed_rerun/Walker2d-v4__td3_kl_klb1__3__1783289937/td3_kl_klb1.cleanrl_model.norm_stats.npz,1,1,0,0.0,0.0,0.0,0.05,1.0,1.0,,1.0,-1,,-1,,1.0,,1.0,1.0,471.9769176999144,301.2286525829554,423.85672995761246,434.000371616286,50.326758711549566,1054.7467555318476,
1783524594,eval__Walker2d-v4__td3__klb1__action_replace_0p05__seed4__pid3229213,td3,Walker2d-v4,4,20,1,klb1,action_replace_0p05,/home/users/am1015/rl_runs_td3_walker_kl_20260703_td3_kl_softrobust_5seed_rerun/Walker2d-v4__td3_kl_klb1__4__1783319289/td3_kl_klb1.cleanrl_model,/home/users/am1015/rl_runs_td3_walker_kl_20260703_td3_kl_softrobust_5seed_rerun/Walker2d-v4__td3_kl_klb1__4__1783319289/td3_kl_klb1.cleanrl_model.norm_stats.npz,1,1,0,0.0,0.0,0.0,0.05,1.0,1.0,,1.0,-1,,-1,,1.0,,1.0,1.0,488.3624757573739,95.8552865382959,489.8106940553207,493.01463821899705,169.00120152937149,618.3474451401748,
1783524598,eval__Walker2d-v4__td3__klb1__action_replace_0p05__seed5__pid3229245,td3,Walker2d-v4,5,20,1,klb1,action_replace_0p05,/home/users/am1015/rl_runs_td3_walker_kl_20260703_td3_kl_softrobust_5seed_rerun/Walker2d-v4__td3_kl_klb1__5__1783319357/td3_kl_klb1.cleanrl_model,/home/users/am1015/rl_runs_td3_walker_kl_20260703_td3_kl_softrobust_5seed_rerun/Walker2d-v4__td3_kl_klb1__5__1783319357/td3_kl_klb1.cleanrl_model.norm_stats.npz,1,1,0,0.0,0.0,0.0,0.05,1.0,1.0,,1.0,-1,,-1,,1.0,,1.0,1.0,161.06519815337884,40.3764234991655,151.9282403617313,154.76945381738906,93.8755182954987,268.15192448365093,
1783524604,eval__Walker2d-v4__td3__klb1__action_replace_0p1__seed1__pid3229307,td3,Walker2d-v4,1,20,1,klb1,action_replace_0p1,/home/users/am1015/rl_runs_td3_walker_kl_20260703_td3_kl_softrobust_5seed_rerun/Walker2d-v4__td3_kl_klb1__1__1783289937/td3_kl_klb1.cleanrl_model,/home/users/am1015/rl_runs_td3_walker_kl_20260703_td3_kl_softrobust_5seed_rerun/Walker2d-v4__td3_kl_klb1__1__1783289937/td3_kl_klb1.cleanrl_model.norm_stats.npz,1,1,0,0.0,0.0,0.0,0.1,1.0,1.0,,1.0,-1,,-1,,1.0,,1.0,1.0,303.98124077297376,240.9810964397365,170.16330170110194,243.9152573440013,69.53609049542194,950.9356389990684,
1783524609,eval__Walker2d-v4__td3__klb1__action_replace_0p1__seed2__pid3229404,td3,Walker2d-v4,2,20,1,klb1,action_replace_0p1,/home/users/am1015/rl_runs_td3_walker_kl_20260703_td3_kl_softrobust_5seed_rerun/Walker2d-v4__td3_kl_klb1__2__1783289936/td3_kl_klb1.cleanrl_model,/home/users/am1015/rl_runs_td3_walker_kl_20260703_td3_kl_softrobust_5seed_rerun/Walker2d-v4__td3_kl_klb1__2__1783289936/td3_kl_klb1.cleanrl_model.norm_stats.npz,1,1,0,0.0,0.0,0.0,0.1,1.0,1.0,,1.0,-1,,-1,,1.0,,1.0,1.0,338.6212047932413,80.85018442899818,340.03182729044283,341.2200369468577,77.83571440594902,517.6139758992521,
1783524616,eval__Walker2d-v4__td3__klb1__action_replace_0p1__seed3__pid3229449,td3,Walker2d-v4,3,20,1,klb1,action_replace_0p1,/home/users/am1015/rl_runs_td3_walker_kl_20260703_td3_kl_softrobust_5seed_rerun/Walker2d-v4__td3_kl_klb1__3__1783289937/td3_kl_klb1.cleanrl_model,/home/users/am1015/rl_runs_td3_walker_kl_20260703_td3_kl_softrobust_5seed_rerun/Walker2d-v4__td3_kl_klb1__3__1783289937/td3_kl_klb1.cleanrl_model.norm_stats.npz,1,1,0,0.0,0.0,0.0,0.1,1.0,1.0,,1.0,-1,,-1,,1.0,,1.0,1.0,390.1341671039576,258.5764739255564,315.4679054112186,327.3449172513717,75.90744686277627,1091.159729021221,
1783524622,eval__Walker2d-v4__td3__klb1__action_replace_0p1__seed4__pid3229538,td3,Walker2d-v4,4,20,1,klb1,action_replace_0p1,/home/users/am1015/rl_runs_td3_walker_kl_20260703_td3_kl_softrobust_5seed_rerun/Walker2d-v4__td3_kl_klb1__4__1783319289/td3_kl_klb1.cleanrl_model,/home/users/am1015/rl_runs_td3_walker_kl_20260703_td3_kl_softrobust_5seed_rerun/Walker2d-v4__td3_kl_klb1__4__1783319289/td3_kl_klb1.cleanrl_model.norm_stats.npz,1,1,0,0.0,0.0,0.0,0.1,1.0,1.0,,1.0,-1,,-1,,1.0,,1.0,1.0,507.021818165897,67.65711243399748,492.4041372413451,499.69078816756667,386.75226793424986,658.3052514765477,
1783524627,eval__Walker2d-v4__td3__klb1__action_replace_0p1__seed5__pid3229601,td3,Walker2d-v4,5,20,1,klb1,action_replace_0p1,/home/users/am1015/rl_runs_td3_walker_kl_20260703_td3_kl_softrobust_5seed_rerun/Walker2d-v4__td3_kl_klb1__5__1783319357/td3_kl_klb1.cleanrl_model,/home/users/am1015/rl_runs_td3_walker_kl_20260703_td3_kl_softrobust_5seed_rerun/Walker2d-v4__td3_kl_klb1__5__1783319357/td3_kl_klb1.cleanrl_model.norm_stats.npz,1,1,0,0.0,0.0,0.0,0.1,1.0,1.0,,1.0,-1,,-1,,1.0,,1.0,1.0,214.1963378081861,136.45767586193332,174.71354208059176,183.78634996467892,101.4769301776208,759.6532248944822,
1783524633,eval__Walker2d-v4__td3__klb1__action_replace_0p15__seed1__pid3229643,td3,Walker2d-v4,1,20,1,klb1,action_replace_0p15,/home/users/am1015/rl_runs_td3_walker_kl_20260703_td3_kl_softrobust_5seed_rerun/Walker2d-v4__td3_kl_klb1__1__1783289937/td3_kl_klb1.cleanrl_model,/home/users/am1015/rl_runs_td3_walker_kl_20260703_td3_kl_softrobust_5seed_rerun/Walker2d-v4__td3_kl_klb1__1__1783289937/td3_kl_klb1.cleanrl_model.norm_stats.npz,1,1,0,0.0,0.0,0.0,0.15,1.0,1.0,,1.0,-1,,-1,,1.0,,1.0,1.0,386.9427634031471,170.65053900379843,414.86115659245945,423.51610498593607,83.87476109256296,689.1585652787977,
1783524638,eval__Walker2d-v4__td3__klb1__action_replace_0p15__seed2__pid3229677,td3,Walker2d-v4,2,20,1,klb1,action_replace_0p15,/home/users/am1015/rl_runs_td3_walker_kl_20260703_td3_kl_softrobust_5seed_rerun/Walker2d-v4__td3_kl_klb1__2__1783289936/td3_kl_klb1.cleanrl_model,/home/users/am1015/rl_runs_td3_walker_kl_20260703_td3_kl_softrobust_5seed_rerun/Walker2d-v4__td3_kl_klb1__2__1783289936/td3_kl_klb1.cleanrl_model.norm_stats.npz,1,1,0,0.0,0.0,0.0,0.15,1.0,1.0,,1.0,-1,,-1,,1.0,,1.0,1.0,354.9156843159785,58.96053825757329,368.33949642746336,370.10354768698704,171.6081261134484,421.8349469412569,
1783524645,eval__Walker2d-v4__td3__klb1__action_replace_0p15__seed3__pid3229740,td3,Walker2d-v4,3,20,1,klb1,action_replace_0p15,/home/users/am1015/rl_runs_td3_walker_kl_20260703_td3_kl_softrobust_5seed_rerun/Walker2d-v4__td3_kl_klb1__3__1783289937/td3_kl_klb1.cleanrl_model,/home/users/am1015/rl_runs_td3_walker_kl_20260703_td3_kl_softrobust_5seed_rerun/Walker2d-v4__td3_kl_klb1__3__1783289937/td3_kl_klb1.cleanrl_model.norm_stats.npz,1,1,0,0.0,0.0,0.0,0.15,1.0,1.0,,1.0,-1,,-1,,1.0,,1.0,1.0,368.68253793785135,224.42685115708068,302.4970493140288,319.3577459223303,67.9195782752343,919.906789069799,
1783524650,eval__Walker2d-v4__td3__klb1__action_replace_0p15__seed4__pid3229834,td3,Walker2d-v4,4,20,1,klb1,action_replace_0p15,/home/users/am1015/rl_runs_td3_walker_kl_20260703_td3_kl_softrobust_5seed_rerun/Walker2d-v4__td3_kl_klb1__4__1783319289/td3_kl_klb1.cleanrl_model,/home/users/am1015/rl_runs_td3_walker_kl_20260703_td3_kl_softrobust_5seed_rerun/Walker2d-v4__td3_kl_klb1__4__1783319289/td3_kl_klb1.cleanrl_model.norm_stats.npz,1,1,0,0.0,0.0,0.0,0.15,1.0,1.0,,1.0,-1,,-1,,1.0,,1.0,1.0,463.7865940465296,94.44429203060189,454.9353200324708,464.4786858865964,306.5188719426765,607.2350236493598,
1783524655,eval__Walker2d-v4__td3__klb1__action_replace_0p15__seed5__pid3229902,td3,Walker2d-v4,5,20,1,klb1,action_replace_0p15,/home/users/am1015/rl_runs_td3_walker_kl_20260703_td3_kl_softrobust_5seed_rerun/Walker2d-v4__td3_kl_klb1__5__1783319357/td3_kl_klb1.cleanrl_model,/home/users/am1015/rl_runs_td3_walker_kl_20260703_td3_kl_softrobust_5seed_rerun/Walker2d-v4__td3_kl_klb1__5__1783319357/td3_kl_klb1.cleanrl_model.norm_stats.npz,1,1,0,0.0,0.0,0.0,0.15,1.0,1.0,,1.0,-1,,-1,,1.0,,1.0,1.0,218.4499540623871,90.46012420522236,217.47705112601528,221.3852778452577,5.895784728978526,400.120915855184,
1783524131,eval__Walker2d-v4__td3__klb1__action_replace_0p2__seed1__pid782178,td3,Walker2d-v4,1,20,1,klb1,action_replace_0p2,/home/users/am1015/rl_runs_td3_walker_kl_20260703_td3_kl_softrobust_5seed_rerun/Walker2d-v4__td3_kl_klb1__1__1783289937/td3_kl_klb1.cleanrl_model,/home/users/am1015/rl_runs_td3_walker_kl_20260703_td3_kl_softrobust_5seed_rerun/Walker2d-v4__td3_kl_klb1__1__1783289937/td3_kl_klb1.cleanrl_model.norm_stats.npz,1,1,0,0.0,0.0,0.0,0.2,1.0,1.0,,1.0,-1,,-1,,1.0,,1.0,1.0,337.54501087903003,224.50522176509196,430.1156830447584,351.90633415876806,29.104159771172984,663.0188339866835,
1783524135,eval__Walker2d-v4__td3__klb1__action_replace_0p2__seed2__pid782252,td3,Walker2d-v4,2,20,1,klb1,action_replace_0p2,/home/users/am1015/rl_runs_td3_walker_kl_20260703_td3_kl_softrobust_5seed_rerun/Walker2d-v4__td3_kl_klb1__2__1783289936/td3_kl_klb1.cleanrl_model,/home/users/am1015/rl_runs_td3_walker_kl_20260703_td3_kl_softrobust_5seed_rerun/Walker2d-v4__td3_kl_klb1__2__1783289936/td3_kl_klb1.cleanrl_model.norm_stats.npz,1,1,0,0.0,0.0,0.0,0.2,1.0,1.0,,1.0,-1,,-1,,1.0,,1.0,1.0,323.5733566435205,81.52951283973078,335.1824781108034,333.7534912313136,109.68887543313232,464.4136167588565,
1783524140,eval__Walker2d-v4__td3__klb1__action_replace_0p2__seed3__pid782320,td3,Walker2d-v4,3,20,1,klb1,action_replace_0p2,/home/users/am1015/rl_runs_td3_walker_kl_20260703_td3_kl_softrobust_5seed_rerun/Walker2d-v4__td3_kl_klb1__3__1783289937/td3_kl_klb1.cleanrl_model,/home/users/am1015/rl_runs_td3_walker_kl_20260703_td3_kl_softrobust_5seed_rerun/Walker2d-v4__td3_kl_klb1__3__1783289937/td3_kl_klb1.cleanrl_model.norm_stats.npz,1,1,0,0.0,0.0,0.0,0.2,1.0,1.0,,1.0,-1,,-1,,1.0,,1.0,1.0,339.4968157175243,107.3908137977148,341.9784675204013,348.8819800301795,59.76147833683212,505.2535695308164,
1783524144,eval__Walker2d-v4__td3__klb1__action_replace_0p2__seed4__pid782388,td3,Walker2d-v4,4,20,1,klb1,action_replace_0p2,/home/users/am1015/rl_runs_td3_walker_kl_20260703_td3_kl_softrobust_5seed_rerun/Walker2d-v4__td3_kl_klb1__4__1783319289/td3_kl_klb1.cleanrl_model,/home/users/am1015/rl_runs_td3_walker_kl_20260703_td3_kl_softrobust_5seed_rerun/Walker2d-v4__td3_kl_klb1__4__1783319289/td3_kl_klb1.cleanrl_model.norm_stats.npz,1,1,0,0.0,0.0,0.0,0.2,1.0,1.0,,1.0,-1,,-1,,1.0,,1.0,1.0,401.8092605426805,115.75521164210522,444.3106269749681,435.5292837126864,56.59008536810828,523.9214472102868,
1783524148,eval__Walker2d-v4__td3__klb1__action_replace_0p2__seed5__pid782460,td3,Walker2d-v4,5,20,1,klb1,action_replace_0p2,/home/users/am1015/rl_runs_td3_walker_kl_20260703_td3_kl_softrobust_5seed_rerun/Walker2d-v4__td3_kl_klb1__5__1783319357/td3_kl_klb1.cleanrl_model,/home/users/am1015/rl_runs_td3_walker_kl_20260703_td3_kl_softrobust_5seed_rerun/Walker2d-v4__td3_kl_klb1__5__1783319357/td3_kl_klb1.cleanrl_model.norm_stats.npz,1,1,0,0.0,0.0,0.0,0.2,1.0,1.0,,1.0,-1,,-1,,1.0,,1.0,1.0,212.52931964490185,48.62474088544569,202.24143870242517,206.54113724422564,116.08176819897136,335.58896365658705,
1783524152,eval__Walker2d-v4__td3__klb1__action_replace_0p25__seed1__pid782507,td3,Walker2d-v4,1,20,1,klb1,action_replace_0p25,/home/users/am1015/rl_runs_td3_walker_kl_20260703_td3_kl_softrobust_5seed_rerun/Walker2d-v4__td3_kl_klb1__1__1783289937/td3_kl_klb1.cleanrl_model,/home/users/am1015/rl_runs_td3_walker_kl_20260703_td3_kl_softrobust_5seed_rerun/Walker2d-v4__td3_kl_klb1__1__1783289937/td3_kl_klb1.cleanrl_model.norm_stats.npz,1,1,0,0.0,0.0,0.0,0.25,1.0,1.0,,1.0,-1,,-1,,1.0,,1.0,1.0,402.7496150940626,155.4771955893787,414.3387088319232,414.75542646967097,82.18524627222975,741.8304236474257,
1783524156,eval__Walker2d-v4__td3__klb1__action_replace_0p25__seed2__pid782575,td3,Walker2d-v4,2,20,1,klb1,action_replace_0p25,/home/users/am1015/rl_runs_td3_walker_kl_20260703_td3_kl_softrobust_5seed_rerun/Walker2d-v4__td3_kl_klb1__2__1783289936/td3_kl_klb1.cleanrl_model,/home/users/am1015/rl_runs_td3_walker_kl_20260703_td3_kl_softrobust_5seed_rerun/Walker2d-v4__td3_kl_klb1__2__1783289936/td3_kl_klb1.cleanrl_model.norm_stats.npz,1,1,0,0.0,0.0,0.0,0.25,1.0,1.0,,1.0,-1,,-1,,1.0,,1.0,1.0,294.9566267789331,107.26547320520253,324.22758002122896,318.63948931692045,37.740432064412985,461.5453677603525,
1783524161,eval__Walker2d-v4__td3__klb1__action_replace_0p25__seed3__pid782643,td3,Walker2d-v4,3,20,1,klb1,action_replace_0p25,/home/users/am1015/rl_runs_td3_walker_kl_20260703_td3_kl_softrobust_5seed_rerun/Walker2d-v4__td3_kl_klb1__3__1783289937/td3_kl_klb1.cleanrl_model,/home/users/am1015/rl_runs_td3_walker_kl_20260703_td3_kl_softrobust_5seed_rerun/Walker2d-v4__td3_kl_klb1__3__1783289937/td3_kl_klb1.cleanrl_model.norm_stats.npz,1,1,0,0.0,0.0,0.0,0.25,1.0,1.0,,1.0,-1,,-1,,1.0,,1.0,1.0,348.08456946015315,98.32784797930071,344.1638760706703,336.0316419022695,203.65676817503348,549.0660207930285,
1783524165,eval__Walker2d-v4__td3__klb1__action_replace_0p25__seed4__pid782728,td3,Walker2d-v4,4,20,1,klb1,action_replace_0p25,/home/users/am1015/rl_runs_td3_walker_kl_20260703_td3_kl_softrobust_5seed_rerun/Walker2d-v4__td3_kl_klb1__4__1783319289/td3_kl_klb1.cleanrl_model,/home/users/am1015/rl_runs_td3_walker_kl_20260703_td3_kl_softrobust_5seed_rerun/Walker2d-v4__td3_kl_klb1__4__1783319289/td3_kl_klb1.cleanrl_model.norm_stats.npz,1,1,0,0.0,0.0,0.0,0.25,1.0,1.0,,1.0,-1,,-1,,1.0,,1.0,1.0,414.55238943579934,83.56666343464224,429.9008783085528,420.6197711682424,159.92833275058993,533.3583647644701,
1783524168,eval__Walker2d-v4__td3__klb1__action_replace_0p25__seed5__pid782796,td3,Walker2d-v4,5,20,1,klb1,action_replace_0p25,/home/users/am1015/rl_runs_td3_walker_kl_20260703_td3_kl_softrobust_5seed_rerun/Walker2d-v4__td3_kl_klb1__5__1783319357/td3_kl_klb1.cleanrl_model,/home/users/am1015/rl_runs_td3_walker_kl_20260703_td3_kl_softrobust_5seed_rerun/Walker2d-v4__td3_kl_klb1__5__1783319357/td3_kl_klb1.cleanrl_model.norm_stats.npz,1,1,0,0.0,0.0,0.0,0.25,1.0,1.0,,1.0,-1,,-1,,1.0,,1.0,1.0,181.7832155406544,87.33535575307629,200.10595816695047,201.3240332885468,-4.423985159837782,279.00973640336923,
1783524173,eval__Walker2d-v4__td3__klb1__action_replace_0p3__seed1__pid782864,td3,Walker2d-v4,1,20,1,klb1,action_replace_0p3,/home/users/am1015/rl_runs_td3_walker_kl_20260703_td3_kl_softrobust_5seed_rerun/Walker2d-v4__td3_kl_klb1__1__1783289937/td3_kl_klb1.cleanrl_model,/home/users/am1015/rl_runs_td3_walker_kl_20260703_td3_kl_softrobust_5seed_rerun/Walker2d-v4__td3_kl_klb1__1__1783289937/td3_kl_klb1.cleanrl_model.norm_stats.npz,1,1,0,0.0,0.0,0.0,0.3,1.0,1.0,,1.0,-1,,-1,,1.0,,1.0,1.0,331.4065525740859,147.5512896873516,363.3082235750656,362.2336379282117,55.231671066027474,580.9034063910997,
1783524177,eval__Walker2d-v4__td3__klb1__action_replace_0p3__seed2__pid782921,td3,Walker2d-v4,2,20,1,klb1,action_replace_0p3,/home/users/am1015/rl_runs_td3_walker_kl_20260703_td3_kl_softrobust_5seed_rerun/Walker2d-v4__td3_kl_klb1__2__1783289936/td3_kl_klb1.cleanrl_model,/home/users/am1015/rl_runs_td3_walker_kl_20260703_td3_kl_softrobust_5seed_rerun/Walker2d-v4__td3_kl_klb1__2__1783289936/td3_kl_klb1.cleanrl_model.norm_stats.npz,1,1,0,0.0,0.0,0.0,0.3,1.0,1.0,,1.0,-1,,-1,,1.0,,1.0,1.0,333.4800642251202,86.51162298850613,342.1100104197852,341.7008285775826,102.42652152535338,451.4647809039636,
1783524180,eval__Walker2d-v4__td3__klb1__action_replace_0p3__seed3__pid782995,td3,Walker2d-v4,3,20,1,klb1,action_replace_0p3,/home/users/am1015/rl_runs_td3_walker_kl_20260703_td3_kl_softrobust_5seed_rerun/Walker2d-v4__td3_kl_klb1__3__1783289937/td3_kl_klb1.cleanrl_model,/home/users/am1015/rl_runs_td3_walker_kl_20260703_td3_kl_softrobust_5seed_rerun/Walker2d-v4__td3_kl_klb1__3__1783289937/td3_kl_klb1.cleanrl_model.norm_stats.npz,1,1,0,0.0,0.0,0.0,0.3,1.0,1.0,,1.0,-1,,-1,,1.0,,1.0,1.0,281.8176805577,61.81138474913661,281.6354206688234,282.8896995316464,137.9968218020122,375.8558476860352,
1783524184,eval__Walker2d-v4__td3__klb1__action_replace_0p3__seed4__pid783063,td3,Walker2d-v4,4,20,1,klb1,action_replace_0p3,/home/users/am1015/rl_runs_td3_walker_kl_20260703_td3_kl_softrobust_5seed_rerun/Walker2d-v4__td3_kl_klb1__4__1783319289/td3_kl_klb1.cleanrl_model,/home/users/am1015/rl_runs_td3_walker_kl_20260703_td3_kl_softrobust_5seed_rerun/Walker2d-v4__td3_kl_klb1__4__1783319289/td3_kl_klb1.cleanrl_model.norm_stats.npz,1,1,0,0.0,0.0,0.0,0.3,1.0,1.0,,1.0,-1,,-1,,1.0,,1.0,1.0,346.44930226782986,122.1390953290815,364.8227359855656,366.7500454611421,26.85039942972571,495.1682501046397,
1783524188,eval__Walker2d-v4__td3__klb1__action_replace_0p3__seed5__pid783107,td3,Walker2d-v4,5,20,1,klb1,action_replace_0p3,/home/users/am1015/rl_runs_td3_walker_kl_20260703_td3_kl_softrobust_5seed_rerun/Walker2d-v4__td3_kl_klb1__5__1783319357/td3_kl_klb1.cleanrl_model,/home/users/am1015/rl_runs_td3_walker_kl_20260703_td3_kl_softrobust_5seed_rerun/Walker2d-v4__td3_kl_klb1__5__1783319357/td3_kl_klb1.cleanrl_model.norm_stats.npz,1,1,0,0.0,0.0,0.0,0.3,1.0,1.0,,1.0,-1,,-1,,1.0,,1.0,1.0,158.3359480590548,98.93930533613636,148.47474561372752,145.15488472212795,8.185609008000618,371.4873033644215,
1783524192,eval__Walker2d-v4__td3__klb1__action_replace_0p35__seed1__pid783175,td3,Walker2d-v4,1,20,1,klb1,action_replace_0p35,/home/users/am1015/rl_runs_td3_walker_kl_20260703_td3_kl_softrobust_5seed_rerun/Walker2d-v4__td3_kl_klb1__1__1783289937/td3_kl_klb1.cleanrl_model,/home/users/am1015/rl_runs_td3_walker_kl_20260703_td3_kl_softrobust_5seed_rerun/Walker2d-v4__td3_kl_klb1__1__1783289937/td3_kl_klb1.cleanrl_model.norm_stats.npz,1,1,0,0.0,0.0,0.0,0.35,1.0,1.0,,1.0,-1,,-1,,1.0,,1.0,1.0,301.32291094523964,235.849945186607,302.2093695431956,275.15198667054307,35.56940828132575,1049.9904651981385,
1783524196,eval__Walker2d-v4__td3__klb1__action_replace_0p35__seed2__pid783259,td3,Walker2d-v4,2,20,1,klb1,action_replace_0p35,/home/users/am1015/rl_runs_td3_walker_kl_20260703_td3_kl_softrobust_5seed_rerun/Walker2d-v4__td3_kl_klb1__2__1783289936/td3_kl_klb1.cleanrl_model,/home/users/am1015/rl_runs_td3_walker_kl_20260703_td3_kl_softrobust_5seed_rerun/Walker2d-v4__td3_kl_klb1__2__1783289936/td3_kl_klb1.cleanrl_model.norm_stats.npz,1,1,0,0.0,0.0,0.0,0.35,1.0,1.0,,1.0,-1,,-1,,1.0,,1.0,1.0,359.91953314146946,87.02759891920456,367.2621384366044,361.8645446205522,138.3925323545973,510.3934767003335,
1783524200,eval__Walker2d-v4__td3__klb1__action_replace_0p35__seed3__pid783327,td3,Walker2d-v4,3,20,1,klb1,action_replace_0p35,/home/users/am1015/rl_runs_td3_walker_kl_20260703_td3_kl_softrobust_5seed_rerun/Walker2d-v4__td3_kl_klb1__3__1783289937/td3_kl_klb1.cleanrl_model,/home/users/am1015/rl_runs_td3_walker_kl_20260703_td3_kl_softrobust_5seed_rerun/Walker2d-v4__td3_kl_klb1__3__1783289937/td3_kl_klb1.cleanrl_model.norm_stats.npz,1,1,0,0.0,0.0,0.0,0.35,1.0,1.0,,1.0,-1,,-1,,1.0,,1.0,1.0,272.66075490341785,121.05210384393772,263.8776415368487,267.5180343034666,37.37826372968972,586.6537610295683,
1783524204,eval__Walker2d-v4__td3__klb1__action_replace_0p35__seed4__pid783395,td3,Walker2d-v4,4,20,1,klb1,action_replace_0p35,/home/users/am1015/rl_runs_td3_walker_kl_20260703_td3_kl_softrobust_5seed_rerun/Walker2d-v4__td3_kl_klb1__4__1783319289/td3_kl_klb1.cleanrl_model,/home/users/am1015/rl_runs_td3_walker_kl_20260703_td3_kl_softrobust_5seed_rerun/Walker2d-v4__td3_kl_klb1__4__1783319289/td3_kl_klb1.cleanrl_model.norm_stats.npz,1,1,0,0.0,0.0,0.0,0.35,1.0,1.0,,1.0,-1,,-1,,1.0,,1.0,1.0,319.23248457575335,114.27556029395394,327.1326350769862,316.83462014208084,27.1714451385704,616.4870119036161,
1783524207,eval__Walker2d-v4__td3__klb1__action_replace_0p35__seed5__pid783469,td3,Walker2d-v4,5,20,1,klb1,action_replace_0p35,/home/users/am1015/rl_runs_td3_walker_kl_20260703_td3_kl_softrobust_5seed_rerun/Walker2d-v4__td3_kl_klb1__5__1783319357/td3_kl_klb1.cleanrl_model,/home/users/am1015/rl_runs_td3_walker_kl_20260703_td3_kl_softrobust_5seed_rerun/Walker2d-v4__td3_kl_klb1__5__1783319357/td3_kl_klb1.cleanrl_model.norm_stats.npz,1,1,0,0.0,0.0,0.0,0.35,1.0,1.0,,1.0,-1,,-1,,1.0,,1.0,1.0,84.62158942490262,88.70754598807375,46.92040352186292,59.94332136450855,-2.0458888557056936,308.3907613141489,
1783524211,eval__Walker2d-v4__td3__klb1__action_replace_0p4__seed1__pid783525,td3,Walker2d-v4,1,20,1,klb1,action_replace_0p4,/home/users/am1015/rl_runs_td3_walker_kl_20260703_td3_kl_softrobust_5seed_rerun/Walker2d-v4__td3_kl_klb1__1__1783289937/td3_kl_klb1.cleanrl_model,/home/users/am1015/rl_runs_td3_walker_kl_20260703_td3_kl_softrobust_5seed_rerun/Walker2d-v4__td3_kl_klb1__1__1783289937/td3_kl_klb1.cleanrl_model.norm_stats.npz,1,1,0,0.0,0.0,0.0,0.4,1.0,1.0,,1.0,-1,,-1,,1.0,,1.0,1.0,273.42692307696416,175.89817791013297,291.5121903793255,272.6383818866202,6.939564083502447,693.1461872575038,
1783524215,eval__Walker2d-v4__td3__klb1__action_replace_0p4__seed2__pid783593,td3,Walker2d-v4,2,20,1,klb1,action_replace_0p4,/home/users/am1015/rl_runs_td3_walker_kl_20260703_td3_kl_softrobust_5seed_rerun/Walker2d-v4__td3_kl_klb1__2__1783289936/td3_kl_klb1.cleanrl_model,/home/users/am1015/rl_runs_td3_walker_kl_20260703_td3_kl_softrobust_5seed_rerun/Walker2d-v4__td3_kl_klb1__2__1783289936/td3_kl_klb1.cleanrl_model.norm_stats.npz,1,1,0,0.0,0.0,0.0,0.4,1.0,1.0,,1.0,-1,,-1,,1.0,,1.0,1.0,326.37039677636653,58.99528499375452,326.4677632168275,324.09766972498426,206.5415058017344,463.3959197088246,
1783524220,eval__Walker2d-v4__td3__klb1__action_replace_0p4__seed3__pid783661,td3,Walker2d-v4,3,20,1,klb1,action_replace_0p4,/home/users/am1015/rl_runs_td3_walker_kl_20260703_td3_kl_softrobust_5seed_rerun/Walker2d-v4__td3_kl_klb1__3__1783289937/td3_kl_klb1.cleanrl_model,/home/users/am1015/rl_runs_td3_walker_kl_20260703_td3_kl_softrobust_5seed_rerun/Walker2d-v4__td3_kl_klb1__3__1783289937/td3_kl_klb1.cleanrl_model.norm_stats.npz,1,1,0,0.0,0.0,0.0,0.4,1.0,1.0,,1.0,-1,,-1,,1.0,,1.0,1.0,322.89237547864644,140.9329454481337,326.9574195151052,316.39469079819,8.495878748227081,650.1264788293972,
1783524223,eval__Walker2d-v4__td3__klb1__action_replace_0p4__seed4__pid783735,td3,Walker2d-v4,4,20,1,klb1,action_replace_0p4,/home/users/am1015/rl_runs_td3_walker_kl_20260703_td3_kl_softrobust_5seed_rerun/Walker2d-v4__td3_kl_klb1__4__1783319289/td3_kl_klb1.cleanrl_model,/home/users/am1015/rl_runs_td3_walker_kl_20260703_td3_kl_softrobust_5seed_rerun/Walker2d-v4__td3_kl_klb1__4__1783319289/td3_kl_klb1.cleanrl_model.norm_stats.npz,1,1,0,0.0,0.0,0.0,0.4,1.0,1.0,,1.0,-1,,-1,,1.0,,1.0,1.0,294.711016706988,112.98471667374731,329.9902550761467,323.8028294604055,19.240628318049502,439.13955033643776,
1783524227,eval__Walker2d-v4__td3__klb1__action_replace_0p4__seed5__pid783816,td3,Walker2d-v4,5,20,1,klb1,action_replace_0p4,/home/users/am1015/rl_runs_td3_walker_kl_20260703_td3_kl_softrobust_5seed_rerun/Walker2d-v4__td3_kl_klb1__5__1783319357/td3_kl_klb1.cleanrl_model,/home/users/am1015/rl_runs_td3_walker_kl_20260703_td3_kl_softrobust_5seed_rerun/Walker2d-v4__td3_kl_klb1__5__1783319357/td3_kl_klb1.cleanrl_model.norm_stats.npz,1,1,0,0.0,0.0,0.0,0.4,1.0,1.0,,1.0,-1,,-1,,1.0,,1.0,1.0,98.75554532981354,75.49274729241674,95.00995338031004,93.45244940456249,-2.7213037077999465,251.4959412639072,
1783524232,eval__Walker2d-v4__td3__klb1__action_replace_0p45__seed1__pid783861,td3,Walker2d-v4,1,20,1,klb1,action_replace_0p45,/home/users/am1015/rl_runs_td3_walker_kl_20260703_td3_kl_softrobust_5seed_rerun/Walker2d-v4__td3_kl_klb1__1__1783289937/td3_kl_klb1.cleanrl_model,/home/users/am1015/rl_runs_td3_walker_kl_20260703_td3_kl_softrobust_5seed_rerun/Walker2d-v4__td3_kl_klb1__1__1783289937/td3_kl_klb1.cleanrl_model.norm_stats.npz,1,1,0,0.0,0.0,0.0,0.45,1.0,1.0,,1.0,-1,,-1,,1.0,,1.0,1.0,310.0037420928933,166.77988911944138,282.0220336909999,290.4258592797971,59.203127602513824,824.920426907911,
1783524237,eval__Walker2d-v4__td3__klb1__action_replace_0p45__seed2__pid783893,td3,Walker2d-v4,2,20,1,klb1,action_replace_0p45,/home/users/am1015/rl_runs_td3_walker_kl_20260703_td3_kl_softrobust_5seed_rerun/Walker2d-v4__td3_kl_klb1__2__1783289936/td3_kl_klb1.cleanrl_model,/home/users/am1015/rl_runs_td3_walker_kl_20260703_td3_kl_softrobust_5seed_rerun/Walker2d-v4__td3_kl_klb1__2__1783289936/td3_kl_klb1.cleanrl_model.norm_stats.npz,1,1,0,0.0,0.0,0.0,0.45,1.0,1.0,,1.0,-1,,-1,,1.0,,1.0,1.0,295.1738819054634,116.4029614748636,289.6964912391413,299.0607971791636,74.42799414161385,471.8279783283766,
1783524242,eval__Walker2d-v4__td3__klb1__action_replace_0p45__seed3__pid783932,td3,Walker2d-v4,3,20,1,klb1,action_replace_0p45,/home/users/am1015/rl_runs_td3_walker_kl_20260703_td3_kl_softrobust_5seed_rerun/Walker2d-v4__td3_kl_klb1__3__1783289937/td3_kl_klb1.cleanrl_model,/home/users/am1015/rl_runs_td3_walker_kl_20260703_td3_kl_softrobust_5seed_rerun/Walker2d-v4__td3_kl_klb1__3__1783289937/td3_kl_klb1.cleanrl_model.norm_stats.npz,1,1,0,0.0,0.0,0.0,0.45,1.0,1.0,,1.0,-1,,-1,,1.0,,1.0,1.0,248.59287613453407,118.94397775012754,246.5094374051458,251.3525226129418,46.229821287771216,508.1968037227564,
1783524247,eval__Walker2d-v4__td3__klb1__action_replace_0p45__seed4__pid783966,td3,Walker2d-v4,4,20,1,klb1,action_replace_0p45,/home/users/am1015/rl_runs_td3_walker_kl_20260703_td3_kl_softrobust_5seed_rerun/Walker2d-v4__td3_kl_klb1__4__1783319289/td3_kl_klb1.cleanrl_model,/home/users/am1015/rl_runs_td3_walker_kl_20260703_td3_kl_softrobust_5seed_rerun/Walker2d-v4__td3_kl_klb1__4__1783319289/td3_kl_klb1.cleanrl_model.norm_stats.npz,1,1,0,0.0,0.0,0.0,0.45,1.0,1.0,,1.0,-1,,-1,,1.0,,1.0,1.0,249.2722469315468,122.08339225440764,293.75356704274265,286.4056399306479,27.255886667334973,430.0138919370867,
1783524251,eval__Walker2d-v4__td3__klb1__action_replace_0p45__seed5__pid783999,td3,Walker2d-v4,5,20,1,klb1,action_replace_0p45,/home/users/am1015/rl_runs_td3_walker_kl_20260703_td3_kl_softrobust_5seed_rerun/Walker2d-v4__td3_kl_klb1__5__1783319357/td3_kl_klb1.cleanrl_model,/home/users/am1015/rl_runs_td3_walker_kl_20260703_td3_kl_softrobust_5seed_rerun/Walker2d-v4__td3_kl_klb1__5__1783319357/td3_kl_klb1.cleanrl_model.norm_stats.npz,1,1,0,0.0,0.0,0.0,0.45,1.0,1.0,,1.0,-1,,-1,,1.0,,1.0,1.0,87.02631435875162,73.21726343707196,95.8199443739407,81.60347178884105,4.448537476597401,246.90376051036375,
1783524255,eval__Walker2d-v4__td3__klb1__action_replace_0p5__seed1__pid784037,td3,Walker2d-v4,1,20,1,klb1,action_replace_0p5,/home/users/am1015/rl_runs_td3_walker_kl_20260703_td3_kl_softrobust_5seed_rerun/Walker2d-v4__td3_kl_klb1__1__1783289937/td3_kl_klb1.cleanrl_model,/home/users/am1015/rl_runs_td3_walker_kl_20260703_td3_kl_softrobust_5seed_rerun/Walker2d-v4__td3_kl_klb1__1__1783289937/td3_kl_klb1.cleanrl_model.norm_stats.npz,1,1,0,0.0,0.0,0.0,0.5,1.0,1.0,,1.0,-1,,-1,,1.0,,1.0,1.0,266.865816294171,115.5635974809036,277.2040259688167,277.9064926921509,34.43064308722513,521.634660202274,
1783524261,eval__Walker2d-v4__td3__klb1__action_replace_0p5__seed2__pid784069,td3,Walker2d-v4,2,20,1,klb1,action_replace_0p5,/home/users/am1015/rl_runs_td3_walker_kl_20260703_td3_kl_softrobust_5seed_rerun/Walker2d-v4__td3_kl_klb1__2__1783289936/td3_kl_klb1.cleanrl_model,/home/users/am1015/rl_runs_td3_walker_kl_20260703_td3_kl_softrobust_5seed_rerun/Walker2d-v4__td3_kl_klb1__2__1783289936/td3_kl_klb1.cleanrl_model.norm_stats.npz,1,1,0,0.0,0.0,0.0,0.5,1.0,1.0,,1.0,-1,,-1,,1.0,,1.0,1.0,320.5945148261779,161.93313740539332,333.7513899068375,332.1945066733632,0.416380913084055,617.2043465392162,
1783524265,eval__Walker2d-v4__td3__klb1__action_replace_0p5__seed3__pid784101,td3,Walker2d-v4,3,20,1,klb1,action_replace_0p5,/home/users/am1015/rl_runs_td3_walker_kl_20260703_td3_kl_softrobust_5seed_rerun/Walker2d-v4__td3_kl_klb1__3__1783289937/td3_kl_klb1.cleanrl_model,/home/users/am1015/rl_runs_td3_walker_kl_20260703_td3_kl_softrobust_5seed_rerun/Walker2d-v4__td3_kl_klb1__3__1783289937/td3_kl_klb1.cleanrl_model.norm_stats.npz,1,1,0,0.0,0.0,0.0,0.5,1.0,1.0,,1.0,-1,,-1,,1.0,,1.0,1.0,152.3098197516125,103.92089700211726,176.43209187742028,147.14198443341647,4.590961551122769,323.78940555066055,
1783524269,eval__Walker2d-v4__td3__klb1__action_replace_0p5__seed4__pid784139,td3,Walker2d-v4,4,20,1,klb1,action_replace_0p5,/home/users/am1015/rl_runs_td3_walker_kl_20260703_td3_kl_softrobust_5seed_rerun/Walker2d-v4__td3_kl_klb1__4__1783319289/td3_kl_klb1.cleanrl_model,/home/users/am1015/rl_runs_td3_walker_kl_20260703_td3_kl_softrobust_5seed_rerun/Walker2d-v4__td3_kl_klb1__4__1783319289/td3_kl_klb1.cleanrl_model.norm_stats.npz,1,1,0,0.0,0.0,0.0,0.5,1.0,1.0,,1.0,-1,,-1,,1.0,,1.0,1.0,210.0125640461233,138.76182991243485,200.9316199814852,195.07483959608103,22.52434020687361,519.7094648239489,
1783524273,eval__Walker2d-v4__td3__klb1__action_replace_0p5__seed5__pid784171,td3,Walker2d-v4,5,20,1,klb1,action_replace_0p5,/home/users/am1015/rl_runs_td3_walker_kl_20260703_td3_kl_softrobust_5seed_rerun/Walker2d-v4__td3_kl_klb1__5__1783319357/td3_kl_klb1.cleanrl_model,/home/users/am1015/rl_runs_td3_walker_kl_20260703_td3_kl_softrobust_5seed_rerun/Walker2d-v4__td3_kl_klb1__5__1783319357/td3_kl_klb1.cleanrl_model.norm_stats.npz,1,1,0,0.0,0.0,0.0,0.5,1.0,1.0,,1.0,-1,,-1,,1.0,,1.0,1.0,43.87626807188144,45.34074950552025,25.574034711764625,30.45731525066037,-3.4046127666389623,167.2712199067912,
1783524283,eval__Walker2d-v4__td3__klb2__action_replace_0__seed1__pid784203,td3,Walker2d-v4,1,20,0,klb2,action_replace_0,/home/users/am1015/rl_runs_td3_walker_kl_20260703_td3_kl_softrobust_5seed_rerun/Walker2d-v4__td3_kl_klb2__1__1783319769/td3_kl_klb2.cleanrl_model,/home/users/am1015/rl_runs_td3_walker_kl_20260703_td3_kl_softrobust_5seed_rerun/Walker2d-v4__td3_kl_klb2__1__1783319769/td3_kl_klb2.cleanrl_model.norm_stats.npz,1,1,0,0.0,0.0,0.0,0.0,1.0,1.0,,1.0,-1,,-1,,1.0,,1.0,1.0,839.9662457101633,430.5973698197867,1048.454668222609,1048.435129525768,-42.55205920314319,1057.9660105283697,
1783524292,eval__Walker2d-v4__td3__klb2__action_replace_0__seed2__pid784241,td3,Walker2d-v4,2,20,0,klb2,action_replace_0,/home/users/am1015/rl_runs_td3_walker_kl_20260703_td3_kl_softrobust_5seed_rerun/Walker2d-v4__td3_kl_klb2__2__1783322590/td3_kl_klb2.cleanrl_model,/home/users/am1015/rl_runs_td3_walker_kl_20260703_td3_kl_softrobust_5seed_rerun/Walker2d-v4__td3_kl_klb2__2__1783322590/td3_kl_klb2.cleanrl_model.norm_stats.npz,1,1,0,0.0,0.0,0.0,0.0,1.0,1.0,,1.0,-1,,-1,,1.0,,1.0,1.0,852.6332668444841,283.52026985862585,945.2518604652352,945.2509165493964,8.930885354199962,950.3701732935666,
1783524302,eval__Walker2d-v4__td3__klb2__action_replace_0__seed3__pid784273,td3,Walker2d-v4,3,20,0,klb2,action_replace_0,/home/users/am1015/rl_runs_td3_walker_kl_20260703_td3_kl_softrobust_5seed_rerun/Walker2d-v4__td3_kl_klb2__3__1783322950/td3_kl_klb2.cleanrl_model,/home/users/am1015/rl_runs_td3_walker_kl_20260703_td3_kl_softrobust_5seed_rerun/Walker2d-v4__td3_kl_klb2__3__1783322950/td3_kl_klb2.cleanrl_model.norm_stats.npz,1,1,0,0.0,0.0,0.0,0.0,1.0,1.0,,1.0,-1,,-1,,1.0,,1.0,1.0,928.6571259055796,7.109109743547775,926.730730004104,927.5248514976686,920.3982192768912,943.9182415839576,
1783524312,eval__Walker2d-v4__td3__klb2__action_replace_0__seed4__pid784316,td3,Walker2d-v4,4,20,0,klb2,action_replace_0,/home/users/am1015/rl_runs_td3_walker_kl_20260703_td3_kl_softrobust_5seed_rerun/Walker2d-v4__td3_kl_klb2__4__1783323032/td3_kl_klb2.cleanrl_model,/home/users/am1015/rl_runs_td3_walker_kl_20260703_td3_kl_softrobust_5seed_rerun/Walker2d-v4__td3_kl_klb2__4__1783323032/td3_kl_klb2.cleanrl_model.norm_stats.npz,1,1,0,0.0,0.0,0.0,0.0,1.0,1.0,,1.0,-1,,-1,,1.0,,1.0,1.0,969.661973306512,262.12634517972026,1054.0787151723878,1054.114459044771,202.83553400143643,1068.7651555327186,
1783524317,eval__Walker2d-v4__td3__klb2__action_replace_0__seed5__pid784356,td3,Walker2d-v4,5,20,0,klb2,action_replace_0,/home/users/am1015/rl_runs_td3_walker_kl_20260703_td3_kl_softrobust_5seed_rerun/Walker2d-v4__td3_kl_klb2__5__1783324840/td3_kl_klb2.cleanrl_model,/home/users/am1015/rl_runs_td3_walker_kl_20260703_td3_kl_softrobust_5seed_rerun/Walker2d-v4__td3_kl_klb2__5__1783324840/td3_kl_klb2.cleanrl_model.norm_stats.npz,1,1,0,0.0,0.0,0.0,0.0,1.0,1.0,,1.0,-1,,-1,,1.0,,1.0,1.0,517.5744326407429,262.17442533296617,429.93188605390185,451.885147592294,140.52844160703808,1315.952775649012,
1783524323,eval__Walker2d-v4__td3__klb2__action_replace_0p05__seed1__pid784388,td3,Walker2d-v4,1,20,1,klb2,action_replace_0p05,/home/users/am1015/rl_runs_td3_walker_kl_20260703_td3_kl_softrobust_5seed_rerun/Walker2d-v4__td3_kl_klb2__1__1783319769/td3_kl_klb2.cleanrl_model,/home/users/am1015/rl_runs_td3_walker_kl_20260703_td3_kl_softrobust_5seed_rerun/Walker2d-v4__td3_kl_klb2__1__1783319769/td3_kl_klb2.cleanrl_model.norm_stats.npz,1,1,0,0.0,0.0,0.0,0.05,1.0,1.0,,1.0,-1,,-1,,1.0,,1.0,1.0,463.6199098934858,435.9889123739197,228.994785586175,391.81204805823455,-40.28818077074498,1054.7709774910988,
1783524330,eval__Walker2d-v4__td3__klb2__action_replace_0p05__seed2__pid784421,td3,Walker2d-v4,2,20,1,klb2,action_replace_0p05,/home/users/am1015/rl_runs_td3_walker_kl_20260703_td3_kl_softrobust_5seed_rerun/Walker2d-v4__td3_kl_klb2__2__1783322590/td3_kl_klb2.cleanrl_model,/home/users/am1015/rl_runs_td3_walker_kl_20260703_td3_kl_softrobust_5seed_rerun/Walker2d-v4__td3_kl_klb2__2__1783322590/td3_kl_klb2.cleanrl_model.norm_stats.npz,1,1,0,0.0,0.0,0.0,0.05,1.0,1.0,,1.0,-1,,-1,,1.0,,1.0,1.0,667.4812944408766,418.58568085519113,923.4542363429636,845.7883276965416,13.492554450634334,975.9077742331708,
1783524340,eval__Walker2d-v4__td3__klb2__action_replace_0p05__seed3__pid784459,td3,Walker2d-v4,3,20,1,klb2,action_replace_0p05,/home/users/am1015/rl_runs_td3_walker_kl_20260703_td3_kl_softrobust_5seed_rerun/Walker2d-v4__td3_kl_klb2__3__1783322950/td3_kl_klb2.cleanrl_model,/home/users/am1015/rl_runs_td3_walker_kl_20260703_td3_kl_softrobust_5seed_rerun/Walker2d-v4__td3_kl_klb2__3__1783322950/td3_kl_klb2.cleanrl_model.norm_stats.npz,1,1,0,0.0,0.0,0.0,0.05,1.0,1.0,,1.0,-1,,-1,,1.0,,1.0,1.0,910.9017568166076,24.685051379149144,906.2690537694862,908.9201583498124,862.1710710547007,971.5067626264316,
1783524350,eval__Walker2d-v4__td3__klb2__action_replace_0p05__seed4__pid784507,td3,Walker2d-v4,4,20,1,klb2,action_replace_0p05,/home/users/am1015/rl_runs_td3_walker_kl_20260703_td3_kl_softrobust_5seed_rerun/Walker2d-v4__td3_kl_klb2__4__1783323032/td3_kl_klb2.cleanrl_model,/home/users/am1015/rl_runs_td3_walker_kl_20260703_td3_kl_softrobust_5seed_rerun/Walker2d-v4__td3_kl_klb2__4__1783323032/td3_kl_klb2.cleanrl_model.norm_stats.npz,1,1,0,0.0,0.0,0.0,0.05,1.0,1.0,,1.0,-1,,-1,,1.0,,1.0,1.0,1048.5705680323429,205.71184400049503,1097.392917900922,1098.2718427742566,182.3113725176143,1122.307804473992,
1783524354,eval__Walker2d-v4__td3__klb2__action_replace_0p05__seed5__pid784539,td3,Walker2d-v4,5,20,1,klb2,action_replace_0p05,/home/users/am1015/rl_runs_td3_walker_kl_20260703_td3_kl_softrobust_5seed_rerun/Walker2d-v4__td3_kl_klb2__5__1783324840/td3_kl_klb2.cleanrl_model,/home/users/am1015/rl_runs_td3_walker_kl_20260703_td3_kl_softrobust_5seed_rerun/Walker2d-v4__td3_kl_klb2__5__1783324840/td3_kl_klb2.cleanrl_model.norm_stats.npz,1,1,0,0.0,0.0,0.0,0.05,1.0,1.0,,1.0,-1,,-1,,1.0,,1.0,1.0,517.1981933061904,167.2196481122211,518.6425900085776,521.2634479879118,114.33242233345192,802.9647645362987,
1783524359,eval__Walker2d-v4__td3__klb2__action_replace_0p1__seed1__pid784580,td3,Walker2d-v4,1,20,1,klb2,action_replace_0p1,/home/users/am1015/rl_runs_td3_walker_kl_20260703_td3_kl_softrobust_5seed_rerun/Walker2d-v4__td3_kl_klb2__1__1783319769/td3_kl_klb2.cleanrl_model,/home/users/am1015/rl_runs_td3_walker_kl_20260703_td3_kl_softrobust_5seed_rerun/Walker2d-v4__td3_kl_klb2__1__1783319769/td3_kl_klb2.cleanrl_model.norm_stats.npz,1,1,0,0.0,0.0,0.0,0.1,1.0,1.0,,1.0,-1,,-1,,1.0,,1.0,1.0,268.7514195523422,443.53584952088585,18.041093802060058,54.00065905769769,-56.06025045141254,1067.572871705568,
1783524367,eval__Walker2d-v4__td3__klb2__action_replace_0p1__seed2__pid784611,td3,Walker2d-v4,2,20,1,klb2,action_replace_0p1,/home/users/am1015/rl_runs_td3_walker_kl_20260703_td3_kl_softrobust_5seed_rerun/Walker2d-v4__td3_kl_klb2__2__1783322590/td3_kl_klb2.cleanrl_model,/home/users/am1015/rl_runs_td3_walker_kl_20260703_td3_kl_softrobust_5seed_rerun/Walker2d-v4__td3_kl_klb2__2__1783322590/td3_kl_klb2.cleanrl_model.norm_stats.npz,1,1,0,0.0,0.0,0.0,0.1,1.0,1.0,,1.0,-1,,-1,,1.0,,1.0,1.0,605.6498587017034,446.0762508754116,887.3488520134933,706.3011328607633,-27.167844208281508,1044.8788181574257,
1783524377,eval__Walker2d-v4__td3__klb2__action_replace_0p1__seed3__pid784645,td3,Walker2d-v4,3,20,1,klb2,action_replace_0p1,/home/users/am1015/rl_runs_td3_walker_kl_20260703_td3_kl_softrobust_5seed_rerun/Walker2d-v4__td3_kl_klb2__3__1783322950/td3_kl_klb2.cleanrl_model,/home/users/am1015/rl_runs_td3_walker_kl_20260703_td3_kl_softrobust_5seed_rerun/Walker2d-v4__td3_kl_klb2__3__1783322950/td3_kl_klb2.cleanrl_model.norm_stats.npz,1,1,0,0.0,0.0,0.0,0.1,1.0,1.0,,1.0,-1,,-1,,1.0,,1.0,1.0,895.7926021366877,20.428040608583963,895.313128066362,894.3960409858673,866.5807160388908,941.4661429215552,
1783524386,eval__Walker2d-v4__td3__klb2__action_replace_0p1__seed4__pid784694,td3,Walker2d-v4,4,20,1,klb2,action_replace_0p1,/home/users/am1015/rl_runs_td3_walker_kl_20260703_td3_kl_softrobust_5seed_rerun/Walker2d-v4__td3_kl_klb2__4__1783323032/td3_kl_klb2.cleanrl_model,/home/users/am1015/rl_runs_td3_walker_kl_20260703_td3_kl_softrobust_5seed_rerun/Walker2d-v4__td3_kl_klb2__4__1783323032/td3_kl_klb2.cleanrl_model.norm_stats.npz,1,1,0,0.0,0.0,0.0,0.1,1.0,1.0,,1.0,-1,,-1,,1.0,,1.0,1.0,1017.6757981526072,248.9741836417468,1097.0958772327365,1093.8705190111534,265.761081115172,1142.4780358615797,
1783524392,eval__Walker2d-v4__td3__klb2__action_replace_0p1__seed5__pid784733,td3,Walker2d-v4,5,20,1,klb2,action_replace_0p1,/home/users/am1015/rl_runs_td3_walker_kl_20260703_td3_kl_softrobust_5seed_rerun/Walker2d-v4__td3_kl_klb2__5__1783324840/td3_kl_klb2.cleanrl_model,/home/users/am1015/rl_runs_td3_walker_kl_20260703_td3_kl_softrobust_5seed_rerun/Walker2d-v4__td3_kl_klb2__5__1783324840/td3_kl_klb2.cleanrl_model.norm_stats.npz,1,1,0,0.0,0.0,0.0,0.1,1.0,1.0,,1.0,-1,,-1,,1.0,,1.0,1.0,500.80539796290697,295.6893060724764,395.3642081362725,416.7969618964409,186.44757907039155,1164.2201938363185,
1783524396,eval__Walker2d-v4__td3__klb2__action_replace_0p15__seed1__pid784765,td3,Walker2d-v4,1,20,1,klb2,action_replace_0p15,/home/users/am1015/rl_runs_td3_walker_kl_20260703_td3_kl_softrobust_5seed_rerun/Walker2d-v4__td3_kl_klb2__1__1783319769/td3_kl_klb2.cleanrl_model,/home/users/am1015/rl_runs_td3_walker_kl_20260703_td3_kl_softrobust_5seed_rerun/Walker2d-v4__td3_kl_klb2__1__1783319769/td3_kl_klb2.cleanrl_model.norm_stats.npz,1,1,0,0.0,0.0,0.0,0.15,1.0,1.0,,1.0,-1,,-1,,1.0,,1.0,1.0,262.43602274175174,436.4687408964424,-0.8337850981952397,57.84072643761287,-45.969933285755246,1076.999411460509,
1783524401,eval__Walker2d-v4__td3__klb2__action_replace_0p15__seed2__pid784798,td3,Walker2d-v4,2,20,1,klb2,action_replace_0p15,/home/users/am1015/rl_runs_td3_walker_kl_20260703_td3_kl_softrobust_5seed_rerun/Walker2d-v4__td3_kl_klb2__2__1783322590/td3_kl_klb2.cleanrl_model,/home/users/am1015/rl_runs_td3_walker_kl_20260703_td3_kl_softrobust_5seed_rerun/Walker2d-v4__td3_kl_klb2__2__1783322590/td3_kl_klb2.cleanrl_model.norm_stats.npz,1,1,0,0.0,0.0,0.0,0.15,1.0,1.0,,1.0,-1,,-1,,1.0,,1.0,1.0,243.8596414226155,447.5165089051748,6.300185789873357,13.780076948047856,-56.93926356073053,1059.819632183075,
1783524412,eval__Walker2d-v4__td3__klb2__action_replace_0p15__seed3__pid784836,td3,Walker2d-v4,3,20,1,klb2,action_replace_0p15,/home/users/am1015/rl_runs_td3_walker_kl_20260703_td3_kl_softrobust_5seed_rerun/Walker2d-v4__td3_kl_klb2__3__1783322950/td3_kl_klb2.cleanrl_model,/home/users/am1015/rl_runs_td3_walker_kl_20260703_td3_kl_softrobust_5seed_rerun/Walker2d-v4__td3_kl_klb2__3__1783322950/td3_kl_klb2.cleanrl_model.norm_stats.npz,1,1,0,0.0,0.0,0.0,0.15,1.0,1.0,,1.0,-1,,-1,,1.0,,1.0,1.0,879.276813179256,27.466188511560937,875.0774094983783,876.630943945987,838.2456543869516,934.2122526906372,
1783524420,eval__Walker2d-v4__td3__klb2__action_replace_0p15__seed4__pid784868,td3,Walker2d-v4,4,20,1,klb2,action_replace_0p15,/home/users/am1015/rl_runs_td3_walker_kl_20260703_td3_kl_softrobust_5seed_rerun/Walker2d-v4__td3_kl_klb2__4__1783323032/td3_kl_klb2.cleanrl_model,/home/users/am1015/rl_runs_td3_walker_kl_20260703_td3_kl_softrobust_5seed_rerun/Walker2d-v4__td3_kl_klb2__4__1783323032/td3_kl_klb2.cleanrl_model.norm_stats.npz,1,1,0,0.0,0.0,0.0,0.15,1.0,1.0,,1.0,-1,,-1,,1.0,,1.0,1.0,797.9586601503445,457.08899436053775,1075.660013282732,986.8151330216276,-2.1094562022144463,1197.8783669011173,
1783524424,eval__Walker2d-v4__td3__klb2__action_replace_0p15__seed5__pid784908,td3,Walker2d-v4,5,20,1,klb2,action_replace_0p15,/home/users/am1015/rl_runs_td3_walker_kl_20260703_td3_kl_softrobust_5seed_rerun/Walker2d-v4__td3_kl_klb2__5__1783324840/td3_kl_klb2.cleanrl_model,/home/users/am1015/rl_runs_td3_walker_kl_20260703_td3_kl_softrobust_5seed_rerun/Walker2d-v4__td3_kl_klb2__5__1783324840/td3_kl_klb2.cleanrl_model.norm_stats.npz,1,1,0,0.0,0.0,0.0,0.15,1.0,1.0,,1.0,-1,,-1,,1.0,,1.0,1.0,430.630294691794,203.420277284502,399.3159939200272,407.5723981211769,104.0694139333518,912.2915588913252,
1783524430,eval__Walker2d-v4__td3__klb2__action_replace_0p2__seed1__pid784940,td3,Walker2d-v4,1,20,1,klb2,action_replace_0p2,/home/users/am1015/rl_runs_td3_walker_kl_20260703_td3_kl_softrobust_5seed_rerun/Walker2d-v4__td3_kl_klb2__1__1783319769/td3_kl_klb2.cleanrl_model,/home/users/am1015/rl_runs_td3_walker_kl_20260703_td3_kl_softrobust_5seed_rerun/Walker2d-v4__td3_kl_klb2__1__1783319769/td3_kl_klb2.cleanrl_model.norm_stats.npz,1,1,0,0.0,0.0,0.0,0.2,1.0,1.0,,1.0,-1,,-1,,1.0,,1.0,1.0,225.53410729492697,451.6369477139753,-22.94482503191077,-21.874842195600905,-46.71770509065069,1051.8277467583623,
1783524436,eval__Walker2d-v4__td3__klb2__action_replace_0p2__seed2__pid784978,td3,Walker2d-v4,2,20,1,klb2,action_replace_0p2,/home/users/am1015/rl_runs_td3_walker_kl_20260703_td3_kl_softrobust_5seed_rerun/Walker2d-v4__td3_kl_klb2__2__1783322590/td3_kl_klb2.cleanrl_model,/home/users/am1015/rl_runs_td3_walker_kl_20260703_td3_kl_softrobust_5seed_rerun/Walker2d-v4__td3_kl_klb2__2__1783322590/td3_kl_klb2.cleanrl_model.norm_stats.npz,1,1,0,0.0,0.0,0.0,0.2,1.0,1.0,,1.0,-1,,-1,,1.0,,1.0,1.0,359.4296327218825,450.54630704517257,132.97505978820143,240.00072698149515,-63.117927064640384,1032.1992146187315,
1783524446,eval__Walker2d-v4__td3__klb2__action_replace_0p2__seed3__pid785010,td3,Walker2d-v4,3,20,1,klb2,action_replace_0p2,/home/users/am1015/rl_runs_td3_walker_kl_20260703_td3_kl_softrobust_5seed_rerun/Walker2d-v4__td3_kl_klb2__3__1783322950/td3_kl_klb2.cleanrl_model,/home/users/am1015/rl_runs_td3_walker_kl_20260703_td3_kl_softrobust_5seed_rerun/Walker2d-v4__td3_kl_klb2__3__1783322950/td3_kl_klb2.cleanrl_model.norm_stats.npz,1,1,0,0.0,0.0,0.0,0.2,1.0,1.0,,1.0,-1,,-1,,1.0,,1.0,1.0,785.299741672258,223.84185413821632,867.9174726079201,865.2482288705454,167.2813686221002,921.27298947236,
1783524454,eval__Walker2d-v4__td3__klb2__action_replace_0p2__seed4__pid785048,td3,Walker2d-v4,4,20,1,klb2,action_replace_0p2,/home/users/am1015/rl_runs_td3_walker_kl_20260703_td3_kl_softrobust_5seed_rerun/Walker2d-v4__td3_kl_klb2__4__1783323032/td3_kl_klb2.cleanrl_model,/home/users/am1015/rl_runs_td3_walker_kl_20260703_td3_kl_softrobust_5seed_rerun/Walker2d-v4__td3_kl_klb2__4__1783323032/td3_kl_klb2.cleanrl_model.norm_stats.npz,1,1,0,0.0,0.0,0.0,0.2,1.0,1.0,,1.0,-1,,-1,,1.0,,1.0,1.0,795.0954037244635,388.0689304691094,983.6059886075252,908.924639437118,26.999596446332745,1265.1248083388743,
1783524459,eval__Walker2d-v4__td3__klb2__action_replace_0p2__seed5__pid785081,td3,Walker2d-v4,5,20,1,klb2,action_replace_0p2,/home/users/am1015/rl_runs_td3_walker_kl_20260703_td3_kl_softrobust_5seed_rerun/Walker2d-v4__td3_kl_klb2__5__1783324840/td3_kl_klb2.cleanrl_model,/home/users/am1015/rl_runs_td3_walker_kl_20260703_td3_kl_softrobust_5seed_rerun/Walker2d-v4__td3_kl_klb2__5__1783324840/td3_kl_klb2.cleanrl_model.norm_stats.npz,1,1,0,0.0,0.0,0.0,0.2,1.0,1.0,,1.0,-1,,-1,,1.0,,1.0,1.0,501.8587149616786,300.43490123223233,441.2642275089133,417.1871375548675,213.6535927567317,1293.1480798667783,
1783524464,eval__Walker2d-v4__td3__klb2__action_replace_0p25__seed1__pid785120,td3,Walker2d-v4,1,20,1,klb2,action_replace_0p25,/home/users/am1015/rl_runs_td3_walker_kl_20260703_td3_kl_softrobust_5seed_rerun/Walker2d-v4__td3_kl_klb2__1__1783319769/td3_kl_klb2.cleanrl_model,/home/users/am1015/rl_runs_td3_walker_kl_20260703_td3_kl_softrobust_5seed_rerun/Walker2d-v4__td3_kl_klb2__1__1783319769/td3_kl_klb2.cleanrl_model.norm_stats.npz,1,1,0,0.0,0.0,0.0,0.25,1.0,1.0,,1.0,-1,,-1,,1.0,,1.0,1.0,242.1956725125458,423.1973015893909,-7.524172929167307,39.12382780180016,-47.154288893421175,1036.433174203158,
1783524468,eval__Walker2d-v4__td3__klb2__action_replace_0p25__seed2__pid785152,td3,Walker2d-v4,2,20,1,klb2,action_replace_0p25,/home/users/am1015/rl_runs_td3_walker_kl_20260703_td3_kl_softrobust_5seed_rerun/Walker2d-v4__td3_kl_klb2__2__1783322590/td3_kl_klb2.cleanrl_model,/home/users/am1015/rl_runs_td3_walker_kl_20260703_td3_kl_softrobust_5seed_rerun/Walker2d-v4__td3_kl_klb2__2__1783322590/td3_kl_klb2.cleanrl_model.norm_stats.npz,1,1,0,0.0,0.0,0.0,0.25,1.0,1.0,,1.0,-1,,-1,,1.0,,1.0,1.0,181.4687697342401,307.72270854341923,26.16121858523961,59.84176321829752,-52.903099094779336,914.4695854448204,
1783524477,eval__Walker2d-v4__td3__klb2__action_replace_0p25__seed3__pid785185,td3,Walker2d-v4,3,20,1,klb2,action_replace_0p25,/home/users/am1015/rl_runs_td3_walker_kl_20260703_td3_kl_softrobust_5seed_rerun/Walker2d-v4__td3_kl_klb2__3__1783322950/td3_kl_klb2.cleanrl_model,/home/users/am1015/rl_runs_td3_walker_kl_20260703_td3_kl_softrobust_5seed_rerun/Walker2d-v4__td3_kl_klb2__3__1783322950/td3_kl_klb2.cleanrl_model.norm_stats.npz,1,1,0,0.0,0.0,0.0,0.25,1.0,1.0,,1.0,-1,,-1,,1.0,,1.0,1.0,765.1855631808124,247.3297766505159,867.8577532095546,859.6469113898231,94.8307269329846,937.0810870375752,
1783524485,eval__Walker2d-v4__td3__klb2__action_replace_0p25__seed4__pid785223,td3,Walker2d-v4,4,20,1,klb2,action_replace_0p25,/home/users/am1015/rl_runs_td3_walker_kl_20260703_td3_kl_softrobust_5seed_rerun/Walker2d-v4__td3_kl_klb2__4__1783323032/td3_kl_klb2.cleanrl_model,/home/users/am1015/rl_runs_td3_walker_kl_20260703_td3_kl_softrobust_5seed_rerun/Walker2d-v4__td3_kl_klb2__4__1783323032/td3_kl_klb2.cleanrl_model.norm_stats.npz,1,1,0,0.0,0.0,0.0,0.25,1.0,1.0,,1.0,-1,,-1,,1.0,,1.0,1.0,679.0117818451452,427.02338586557295,858.1027113568744,776.7824820532085,-5.94293390882572,1096.1897072617744,
1783524489,eval__Walker2d-v4__td3__klb2__action_replace_0p25__seed5__pid785255,td3,Walker2d-v4,5,20,1,klb2,action_replace_0p25,/home/users/am1015/rl_runs_td3_walker_kl_20260703_td3_kl_softrobust_5seed_rerun/Walker2d-v4__td3_kl_klb2__5__1783324840/td3_kl_klb2.cleanrl_model,/home/users/am1015/rl_runs_td3_walker_kl_20260703_td3_kl_softrobust_5seed_rerun/Walker2d-v4__td3_kl_klb2__5__1783324840/td3_kl_klb2.cleanrl_model.norm_stats.npz,1,1,0,0.0,0.0,0.0,0.25,1.0,1.0,,1.0,-1,,-1,,1.0,,1.0,1.0,270.5878047406633,217.7059511202739,251.08377955420903,245.1347449119283,31.578784365769685,936.8390315770084,
1783524494,eval__Walker2d-v4__td3__klb2__action_replace_0p3__seed1__pid785293,td3,Walker2d-v4,1,20,1,klb2,action_replace_0p3,/home/users/am1015/rl_runs_td3_walker_kl_20260703_td3_kl_softrobust_5seed_rerun/Walker2d-v4__td3_kl_klb2__1__1783319769/td3_kl_klb2.cleanrl_model,/home/users/am1015/rl_runs_td3_walker_kl_20260703_td3_kl_softrobust_5seed_rerun/Walker2d-v4__td3_kl_klb2__1__1783319769/td3_kl_klb2.cleanrl_model.norm_stats.npz,1,1,0,0.0,0.0,0.0,0.3,1.0,1.0,,1.0,-1,,-1,,1.0,,1.0,1.0,231.1272290686915,369.2535291479567,8.088204451299193,87.43165528362061,-49.53732391776165,1023.5985146718228,
1783524499,eval__Walker2d-v4__td3__klb2__action_replace_0p3__seed2__pid785325,td3,Walker2d-v4,2,20,1,klb2,action_replace_0p3,/home/users/am1015/rl_runs_td3_walker_kl_20260703_td3_kl_softrobust_5seed_rerun/Walker2d-v4__td3_kl_klb2__2__1783322590/td3_kl_klb2.cleanrl_model,/home/users/am1015/rl_runs_td3_walker_kl_20260703_td3_kl_softrobust_5seed_rerun/Walker2d-v4__td3_kl_klb2__2__1783322590/td3_kl_klb2.cleanrl_model.norm_stats.npz,1,1,0,0.0,0.0,0.0,0.3,1.0,1.0,,1.0,-1,,-1,,1.0,,1.0,1.0,223.11288821782676,361.7018181188522,32.19239816838973,83.5155071824393,-61.16294607799495,1010.889629311426,
1783524508,eval__Walker2d-v4__td3__klb2__action_replace_0p3__seed3__pid785357,td3,Walker2d-v4,3,20,1,klb2,action_replace_0p3,/home/users/am1015/rl_runs_td3_walker_kl_20260703_td3_kl_softrobust_5seed_rerun/Walker2d-v4__td3_kl_klb2__3__1783322950/td3_kl_klb2.cleanrl_model,/home/users/am1015/rl_runs_td3_walker_kl_20260703_td3_kl_softrobust_5seed_rerun/Walker2d-v4__td3_kl_klb2__3__1783322950/td3_kl_klb2.cleanrl_model.norm_stats.npz,1,1,0,0.0,0.0,0.0,0.3,1.0,1.0,,1.0,-1,,-1,,1.0,,1.0,1.0,558.0063893312564,333.00051539427244,675.0853356514642,616.5003238279506,2.061211636998024,944.3624036070936,
1783524514,eval__Walker2d-v4__td3__klb2__action_replace_0p3__seed4__pid785395,td3,Walker2d-v4,4,20,1,klb2,action_replace_0p3,/home/users/am1015/rl_runs_td3_walker_kl_20260703_td3_kl_softrobust_5seed_rerun/Walker2d-v4__td3_kl_klb2__4__1783323032/td3_kl_klb2.cleanrl_model,/home/users/am1015/rl_runs_td3_walker_kl_20260703_td3_kl_softrobust_5seed_rerun/Walker2d-v4__td3_kl_klb2__4__1783323032/td3_kl_klb2.cleanrl_model.norm_stats.npz,1,1,0,0.0,0.0,0.0,0.3,1.0,1.0,,1.0,-1,,-1,,1.0,,1.0,1.0,514.7751973493525,356.8352261457304,527.3994298435812,536.8637280745021,5.034220790189217,1099.557774886233,
1783524519,eval__Walker2d-v4__td3__klb2__action_replace_0p3__seed5__pid785427,td3,Walker2d-v4,5,20,1,klb2,action_replace_0p3,/home/users/am1015/rl_runs_td3_walker_kl_20260703_td3_kl_softrobust_5seed_rerun/Walker2d-v4__td3_kl_klb2__5__1783324840/td3_kl_klb2.cleanrl_model,/home/users/am1015/rl_runs_td3_walker_kl_20260703_td3_kl_softrobust_5seed_rerun/Walker2d-v4__td3_kl_klb2__5__1783324840/td3_kl_klb2.cleanrl_model.norm_stats.npz,1,1,0,0.0,0.0,0.0,0.3,1.0,1.0,,1.0,-1,,-1,,1.0,,1.0,1.0,332.3031665288006,299.50697966783576,311.5684531434844,286.3068513622241,12.892441252110176,1028.9437785051982,
1783524523,eval__Walker2d-v4__td3__klb2__action_replace_0p35__seed1__pid785475,td3,Walker2d-v4,1,20,1,klb2,action_replace_0p35,/home/users/am1015/rl_runs_td3_walker_kl_20260703_td3_kl_softrobust_5seed_rerun/Walker2d-v4__td3_kl_klb2__1__1783319769/td3_kl_klb2.cleanrl_model,/home/users/am1015/rl_runs_td3_walker_kl_20260703_td3_kl_softrobust_5seed_rerun/Walker2d-v4__td3_kl_klb2__1__1783319769/td3_kl_klb2.cleanrl_model.norm_stats.npz,1,1,0,0.0,0.0,0.0,0.35,1.0,1.0,,1.0,-1,,-1,,1.0,,1.0,1.0,237.82699316082625,366.1617238272133,-0.1820925869048266,99.81255412523038,-41.992693989367474,1009.931108567757,
1783524528,eval__Walker2d-v4__td3__klb2__action_replace_0p35__seed2__pid785508,td3,Walker2d-v4,2,20,1,klb2,action_replace_0p35,/home/users/am1015/rl_runs_td3_walker_kl_20260703_td3_kl_softrobust_5seed_rerun/Walker2d-v4__td3_kl_klb2__2__1783322590/td3_kl_klb2.cleanrl_model,/home/users/am1015/rl_runs_td3_walker_kl_20260703_td3_kl_softrobust_5seed_rerun/Walker2d-v4__td3_kl_klb2__2__1783322590/td3_kl_klb2.cleanrl_model.norm_stats.npz,1,1,0,0.0,0.0,0.0,0.35,1.0,1.0,,1.0,-1,,-1,,1.0,,1.0,1.0,213.27370881418724,305.95854130000214,111.15522626464384,127.04863716189443,-46.487477214697805,1015.1419770193544,
1783524534,eval__Walker2d-v4__td3__klb2__action_replace_0p35__seed3__pid785540,td3,Walker2d-v4,3,20,1,klb2,action_replace_0p35,/home/users/am1015/rl_runs_td3_walker_kl_20260703_td3_kl_softrobust_5seed_rerun/Walker2d-v4__td3_kl_klb2__3__1783322950/td3_kl_klb2.cleanrl_model,/home/users/am1015/rl_runs_td3_walker_kl_20260703_td3_kl_softrobust_5seed_rerun/Walker2d-v4__td3_kl_klb2__3__1783322950/td3_kl_klb2.cleanrl_model.norm_stats.npz,1,1,0,0.0,0.0,0.0,0.35,1.0,1.0,,1.0,-1,,-1,,1.0,,1.0,1.0,356.99518526929234,317.2759381184274,200.2978557269984,284.8777192349766,3.746464814438244,843.6652212773381,
1783524538,eval__Walker2d-v4__td3__klb2__action_replace_0p35__seed4__pid785574,td3,Walker2d-v4,4,20,1,klb2,action_replace_0p35,/home/users/am1015/rl_runs_td3_walker_kl_20260703_td3_kl_softrobust_5seed_rerun/Walker2d-v4__td3_kl_klb2__4__1783323032/td3_kl_klb2.cleanrl_model,/home/users/am1015/rl_runs_td3_walker_kl_20260703_td3_kl_softrobust_5seed_rerun/Walker2d-v4__td3_kl_klb2__4__1783323032/td3_kl_klb2.cleanrl_model.norm_stats.npz,1,1,0,0.0,0.0,0.0,0.35,1.0,1.0,,1.0,-1,,-1,,1.0,,1.0,1.0,311.18229920252827,263.0297480882263,265.11939082553044,280.4777163123865,-3.661646943555689,1027.935511457019,
1783524543,eval__Walker2d-v4__td3__klb2__action_replace_0p35__seed5__pid785611,td3,Walker2d-v4,5,20,1,klb2,action_replace_0p35,/home/users/am1015/rl_runs_td3_walker_kl_20260703_td3_kl_softrobust_5seed_rerun/Walker2d-v4__td3_kl_klb2__5__1783324840/td3_kl_klb2.cleanrl_model,/home/users/am1015/rl_runs_td3_walker_kl_20260703_td3_kl_softrobust_5seed_rerun/Walker2d-v4__td3_kl_klb2__5__1783324840/td3_kl_klb2.cleanrl_model.norm_stats.npz,1,1,0,0.0,0.0,0.0,0.35,1.0,1.0,,1.0,-1,,-1,,1.0,,1.0,1.0,297.37980990596475,204.94602231782864,298.05903696036023,289.2967889038626,30.558950887510704,762.8314106479748,
1783524546,eval__Walker2d-v4__td3__klb2__action_replace_0p4__seed1__pid785644,td3,Walker2d-v4,1,20,1,klb2,action_replace_0p4,/home/users/am1015/rl_runs_td3_walker_kl_20260703_td3_kl_softrobust_5seed_rerun/Walker2d-v4__td3_kl_klb2__1__1783319769/td3_kl_klb2.cleanrl_model,/home/users/am1015/rl_runs_td3_walker_kl_20260703_td3_kl_softrobust_5seed_rerun/Walker2d-v4__td3_kl_klb2__1__1783319769/td3_kl_klb2.cleanrl_model.norm_stats.npz,1,1,0,0.0,0.0,0.0,0.4,1.0,1.0,,1.0,-1,,-1,,1.0,,1.0,1.0,50.64813745876772,137.78207426830406,-11.958530706047169,-8.77392640706489,-43.94144962985784,416.7951890004298,
1783524550,eval__Walker2d-v4__td3__klb2__action_replace_0p4__seed2__pid785677,td3,Walker2d-v4,2,20,1,klb2,action_replace_0p4,/home/users/am1015/rl_runs_td3_walker_kl_20260703_td3_kl_softrobust_5seed_rerun/Walker2d-v4__td3_kl_klb2__2__1783322590/td3_kl_klb2.cleanrl_model,/home/users/am1015/rl_runs_td3_walker_kl_20260703_td3_kl_softrobust_5seed_rerun/Walker2d-v4__td3_kl_klb2__2__1783322590/td3_kl_klb2.cleanrl_model.norm_stats.npz,1,1,0,0.0,0.0,0.0,0.4,1.0,1.0,,1.0,-1,,-1,,1.0,,1.0,1.0,99.09716674494317,160.28777056393466,28.25433071912624,46.88306548754581,-57.27501455602568,485.7619903834794,
1783524557,eval__Walker2d-v4__td3__klb2__action_replace_0p4__seed3__pid785725,td3,Walker2d-v4,3,20,1,klb2,action_replace_0p4,/home/users/am1015/rl_runs_td3_walker_kl_20260703_td3_kl_softrobust_5seed_rerun/Walker2d-v4__td3_kl_klb2__3__1783322950/td3_kl_klb2.cleanrl_model,/home/users/am1015/rl_runs_td3_walker_kl_20260703_td3_kl_softrobust_5seed_rerun/Walker2d-v4__td3_kl_klb2__3__1783322950/td3_kl_klb2.cleanrl_model.norm_stats.npz,1,1,0,0.0,0.0,0.0,0.4,1.0,1.0,,1.0,-1,,-1,,1.0,,1.0,1.0,346.0725709011251,262.032214012864,303.70413101220333,300.31474060660275,19.65678153894752,862.6413975770837,
1783524562,eval__Walker2d-v4__td3__klb2__action_replace_0p4__seed4__pid785757,td3,Walker2d-v4,4,20,1,klb2,action_replace_0p4,/home/users/am1015/rl_runs_td3_walker_kl_20260703_td3_kl_softrobust_5seed_rerun/Walker2d-v4__td3_kl_klb2__4__1783323032/td3_kl_klb2.cleanrl_model,/home/users/am1015/rl_runs_td3_walker_kl_20260703_td3_kl_softrobust_5seed_rerun/Walker2d-v4__td3_kl_klb2__4__1783323032/td3_kl_klb2.cleanrl_model.norm_stats.npz,1,1,0,0.0,0.0,0.0,0.4,1.0,1.0,,1.0,-1,,-1,,1.0,,1.0,1.0,295.9940080470119,238.18796918287023,251.40858175451723,252.93281735760647,9.177059479591849,901.79591082408,
1783524566,eval__Walker2d-v4__td3__klb2__action_replace_0p4__seed5__pid785789,td3,Walker2d-v4,5,20,1,klb2,action_replace_0p4,/home/users/am1015/rl_runs_td3_walker_kl_20260703_td3_kl_softrobust_5seed_rerun/Walker2d-v4__td3_kl_klb2__5__1783324840/td3_kl_klb2.cleanrl_model,/home/users/am1015/rl_runs_td3_walker_kl_20260703_td3_kl_softrobust_5seed_rerun/Walker2d-v4__td3_kl_klb2__5__1783324840/td3_kl_klb2.cleanrl_model.norm_stats.npz,1,1,0,0.0,0.0,0.0,0.4,1.0,1.0,,1.0,-1,,-1,,1.0,,1.0,1.0,278.1285215682446,244.33305161198783,230.80491834971377,242.8502665191049,0.0120823411492976,945.2105671142228,
1783524570,eval__Walker2d-v4__td3__klb2__action_replace_0p45__seed1__pid785828,td3,Walker2d-v4,1,20,1,klb2,action_replace_0p45,/home/users/am1015/rl_runs_td3_walker_kl_20260703_td3_kl_softrobust_5seed_rerun/Walker2d-v4__td3_kl_klb2__1__1783319769/td3_kl_klb2.cleanrl_model,/home/users/am1015/rl_runs_td3_walker_kl_20260703_td3_kl_softrobust_5seed_rerun/Walker2d-v4__td3_kl_klb2__1__1783319769/td3_kl_klb2.cleanrl_model.norm_stats.npz,1,1,0,0.0,0.0,0.0,0.45,1.0,1.0,,1.0,-1,,-1,,1.0,,1.0,1.0,106.75012517684787,231.09319805506465,-11.741135432358387,19.107789079955097,-41.17758225336444,766.9426872693516,
1783524573,eval__Walker2d-v4__td3__klb2__action_replace_0p45__seed2__pid785860,td3,Walker2d-v4,2,20,1,klb2,action_replace_0p45,/home/users/am1015/rl_runs_td3_walker_kl_20260703_td3_kl_softrobust_5seed_rerun/Walker2d-v4__td3_kl_klb2__2__1783322590/td3_kl_klb2.cleanrl_model,/home/users/am1015/rl_runs_td3_walker_kl_20260703_td3_kl_softrobust_5seed_rerun/Walker2d-v4__td3_kl_klb2__2__1783322590/td3_kl_klb2.cleanrl_model.norm_stats.npz,1,1,0,0.0,0.0,0.0,0.45,1.0,1.0,,1.0,-1,,-1,,1.0,,1.0,1.0,143.7984197687624,159.0780669452638,79.02623225712367,101.75895727318196,-47.64768821698224,461.41285012911686,
1783524577,eval__Walker2d-v4__td3__klb2__action_replace_0p45__seed3__pid785892,td3,Walker2d-v4,3,20,1,klb2,action_replace_0p45,/home/users/am1015/rl_runs_td3_walker_kl_20260703_td3_kl_softrobust_5seed_rerun/Walker2d-v4__td3_kl_klb2__3__1783322950/td3_kl_klb2.cleanrl_model,/home/users/am1015/rl_runs_td3_walker_kl_20260703_td3_kl_softrobust_5seed_rerun/Walker2d-v4__td3_kl_klb2__3__1783322950/td3_kl_klb2.cleanrl_model.norm_stats.npz,1,1,0,0.0,0.0,0.0,0.45,1.0,1.0,,1.0,-1,,-1,,1.0,,1.0,1.0,124.64829301542164,217.86139711149323,50.11023212335799,49.927570541631226,-36.13910034805132,813.4962127168308,
1783524581,eval__Walker2d-v4__td3__klb2__action_replace_0p45__seed4__pid785925,td3,Walker2d-v4,4,20,1,klb2,action_replace_0p45,/home/users/am1015/rl_runs_td3_walker_kl_20260703_td3_kl_softrobust_5seed_rerun/Walker2d-v4__td3_kl_klb2__4__1783323032/td3_kl_klb2.cleanrl_model,/home/users/am1015/rl_runs_td3_walker_kl_20260703_td3_kl_softrobust_5seed_rerun/Walker2d-v4__td3_kl_klb2__4__1783323032/td3_kl_klb2.cleanrl_model.norm_stats.npz,1,1,0,0.0,0.0,0.0,0.45,1.0,1.0,,1.0,-1,,-1,,1.0,,1.0,1.0,172.43539404543068,135.99710840894957,188.55306202914448,168.718292734781,-7.43647165639649,427.6178714956797,
1783524585,eval__Walker2d-v4__td3__klb2__action_replace_0p45__seed5__pid785962,td3,Walker2d-v4,5,20,1,klb2,action_replace_0p45,/home/users/am1015/rl_runs_td3_walker_kl_20260703_td3_kl_softrobust_5seed_rerun/Walker2d-v4__td3_kl_klb2__5__1783324840/td3_kl_klb2.cleanrl_model,/home/users/am1015/rl_runs_td3_walker_kl_20260703_td3_kl_softrobust_5seed_rerun/Walker2d-v4__td3_kl_klb2__5__1783324840/td3_kl_klb2.cleanrl_model.norm_stats.npz,1,1,0,0.0,0.0,0.0,0.45,1.0,1.0,,1.0,-1,,-1,,1.0,,1.0,1.0,267.30264651824234,168.39497938366108,270.6000743696668,263.9449739363095,11.584450999530572,527.6989668995599,
1783524589,eval__Walker2d-v4__td3__klb2__action_replace_0p5__seed1__pid785994,td3,Walker2d-v4,1,20,1,klb2,action_replace_0p5,/home/users/am1015/rl_runs_td3_walker_kl_20260703_td3_kl_softrobust_5seed_rerun/Walker2d-v4__td3_kl_klb2__1__1783319769/td3_kl_klb2.cleanrl_model,/home/users/am1015/rl_runs_td3_walker_kl_20260703_td3_kl_softrobust_5seed_rerun/Walker2d-v4__td3_kl_klb2__1__1783319769/td3_kl_klb2.cleanrl_model.norm_stats.npz,1,1,0,0.0,0.0,0.0,0.5,1.0,1.0,,1.0,-1,,-1,,1.0,,1.0,1.0,90.54910782310527,143.40884846533422,18.829151613258407,55.743738009777175,-50.69165286812697,408.5797121120616,
1783524592,eval__Walker2d-v4__td3__klb2__action_replace_0p5__seed2__pid786026,td3,Walker2d-v4,2,20,1,klb2,action_replace_0p5,/home/users/am1015/rl_runs_td3_walker_kl_20260703_td3_kl_softrobust_5seed_rerun/Walker2d-v4__td3_kl_klb2__2__1783322590/td3_kl_klb2.cleanrl_model,/home/users/am1015/rl_runs_td3_walker_kl_20260703_td3_kl_softrobust_5seed_rerun/Walker2d-v4__td3_kl_klb2__2__1783322590/td3_kl_klb2.cleanrl_model.norm_stats.npz,1,1,0,0.0,0.0,0.0,0.5,1.0,1.0,,1.0,-1,,-1,,1.0,,1.0,1.0,68.90443554113929,109.61097545408587,29.8729242850762,40.02658257913387,-53.57149044181149,394.6165400696387,
1783524596,eval__Walker2d-v4__td3__klb2__action_replace_0p5__seed3__pid786058,td3,Walker2d-v4,3,20,1,klb2,action_replace_0p5,/home/users/am1015/rl_runs_td3_walker_kl_20260703_td3_kl_softrobust_5seed_rerun/Walker2d-v4__td3_kl_klb2__3__1783322950/td3_kl_klb2.cleanrl_model,/home/users/am1015/rl_runs_td3_walker_kl_20260703_td3_kl_softrobust_5seed_rerun/Walker2d-v4__td3_kl_klb2__3__1783322950/td3_kl_klb2.cleanrl_model.norm_stats.npz,1,1,0,0.0,0.0,0.0,0.5,1.0,1.0,,1.0,-1,,-1,,1.0,,1.0,1.0,145.2800278553353,130.60684188376666,105.9711283106892,106.3206556471614,9.744841083138985,505.4299999496672,
1783524600,eval__Walker2d-v4__td3__klb2__action_replace_0p5__seed4__pid786096,td3,Walker2d-v4,4,20,1,klb2,action_replace_0p5,/home/users/am1015/rl_runs_td3_walker_kl_20260703_td3_kl_softrobust_5seed_rerun/Walker2d-v4__td3_kl_klb2__4__1783323032/td3_kl_klb2.cleanrl_model,/home/users/am1015/rl_runs_td3_walker_kl_20260703_td3_kl_softrobust_5seed_rerun/Walker2d-v4__td3_kl_klb2__4__1783323032/td3_kl_klb2.cleanrl_model.norm_stats.npz,1,1,0,0.0,0.0,0.0,0.5,1.0,1.0,,1.0,-1,,-1,,1.0,,1.0,1.0,134.54194475701627,123.7400284955617,97.43766115896211,117.19321892525168,-2.3440950877504183,416.6320368337357,
1783524604,eval__Walker2d-v4__td3__klb2__action_replace_0p5__seed5__pid786131,td3,Walker2d-v4,5,20,1,klb2,action_replace_0p5,/home/users/am1015/rl_runs_td3_walker_kl_20260703_td3_kl_softrobust_5seed_rerun/Walker2d-v4__td3_kl_klb2__5__1783324840/td3_kl_klb2.cleanrl_model,/home/users/am1015/rl_runs_td3_walker_kl_20260703_td3_kl_softrobust_5seed_rerun/Walker2d-v4__td3_kl_klb2__5__1783324840/td3_kl_klb2.cleanrl_model.norm_stats.npz,1,1,0,0.0,0.0,0.0,0.5,1.0,1.0,,1.0,-1,,-1,,1.0,,1.0,1.0,213.16110929280867,142.52841000312384,216.34177994591107,218.69370969783577,8.39052409042706,588.1341781752088,
1783524607,eval__Walker2d-v4__td3__klb5__action_replace_0__seed1__pid786165,td3,Walker2d-v4,1,20,0,klb5,action_replace_0,/home/users/am1015/rl_runs_td3_walker_kl_20260703_td3_kl_softrobust_5seed_rerun/Walker2d-v4__td3_kl_klb5__1__1783325185/td3_kl_klb5.cleanrl_model,/home/users/am1015/rl_runs_td3_walker_kl_20260703_td3_kl_softrobust_5seed_rerun/Walker2d-v4__td3_kl_klb5__1__1783325185/td3_kl_klb5.cleanrl_model.norm_stats.npz,1,1,0,0.0,0.0,0.0,0.0,1.0,1.0,,1.0,-1,,-1,,1.0,,1.0,1.0,-13.758269049464534,1.9896709168101328,-14.6405313889365,-14.386794769130525,-16.066168562464007,-9.004494659578564,
1783524611,eval__Walker2d-v4__td3__klb5__action_replace_0__seed2__pid786198,td3,Walker2d-v4,2,20,0,klb5,action_replace_0,/home/users/am1015/rl_runs_td3_walker_kl_20260703_td3_kl_softrobust_5seed_rerun/Walker2d-v4__td3_kl_klb5__2__1783348823/td3_kl_klb5.cleanrl_model,/home/users/am1015/rl_runs_td3_walker_kl_20260703_td3_kl_softrobust_5seed_rerun/Walker2d-v4__td3_kl_klb5__2__1783348823/td3_kl_klb5.cleanrl_model.norm_stats.npz,1,1,0,0.0,0.0,0.0,0.0,1.0,1.0,,1.0,-1,,-1,,1.0,,1.0,1.0,402.2680683017074,25.20342374292973,397.0647076365156,395.513917551012,374.1132388612579,462.31512975996327,
1783524618,eval__Walker2d-v4__td3__klb5__action_replace_0__seed3__pid786236,td3,Walker2d-v4,3,20,0,klb5,action_replace_0,/home/users/am1015/rl_runs_td3_walker_kl_20260703_td3_kl_softrobust_5seed_rerun/Walker2d-v4__td3_kl_klb5__3__1783348876/td3_kl_klb5.cleanrl_model,/home/users/am1015/rl_runs_td3_walker_kl_20260703_td3_kl_softrobust_5seed_rerun/Walker2d-v4__td3_kl_klb5__3__1783348876/td3_kl_klb5.cleanrl_model.norm_stats.npz,1,1,0,0.0,0.0,0.0,0.0,1.0,1.0,,1.0,-1,,-1,,1.0,,1.0,1.0,361.3654915705524,296.8928612133412,225.98207672494985,227.2490463306397,79.15539800136615,984.2083156069322,
1783524623,eval__Walker2d-v4__td3__klb5__action_replace_0__seed4__pid786268,td3,Walker2d-v4,4,20,0,klb5,action_replace_0,/home/users/am1015/rl_runs_td3_walker_kl_20260703_td3_kl_softrobust_5seed_rerun/Walker2d-v4__td3_kl_klb5__4__1783349566/td3_kl_klb5.cleanrl_model,/home/users/am1015/rl_runs_td3_walker_kl_20260703_td3_kl_softrobust_5seed_rerun/Walker2d-v4__td3_kl_klb5__4__1783349566/td3_kl_klb5.cleanrl_model.norm_stats.npz,1,1,0,0.0,0.0,0.0,0.0,1.0,1.0,,1.0,-1,,-1,,1.0,,1.0,1.0,507.8323995369069,177.87352600212438,463.2592269589305,466.76426630232754,317.4426596585625,1174.256333038392,
1783524629,eval__Walker2d-v4__td3__klb5__action_replace_0__seed5__pid786301,td3,Walker2d-v4,5,20,0,klb5,action_replace_0,/home/users/am1015/rl_runs_td3_walker_kl_20260703_td3_kl_softrobust_5seed_rerun/Walker2d-v4__td3_kl_klb5__5__1783354458/td3_kl_klb5.cleanrl_model,/home/users/am1015/rl_runs_td3_walker_kl_20260703_td3_kl_softrobust_5seed_rerun/Walker2d-v4__td3_kl_klb5__5__1783354458/td3_kl_klb5.cleanrl_model.norm_stats.npz,1,1,0,0.0,0.0,0.0,0.0,1.0,1.0,,1.0,-1,,-1,,1.0,,1.0,1.0,673.2042541295355,164.29212332324985,680.0106795054447,684.7664643343419,193.8551316338205,933.106373098648,
1783524632,eval__Walker2d-v4__td3__klb5__action_replace_0p05__seed1__pid786339,td3,Walker2d-v4,1,20,1,klb5,action_replace_0p05,/home/users/am1015/rl_runs_td3_walker_kl_20260703_td3_kl_softrobust_5seed_rerun/Walker2d-v4__td3_kl_klb5__1__1783325185/td3_kl_klb5.cleanrl_model,/home/users/am1015/rl_runs_td3_walker_kl_20260703_td3_kl_softrobust_5seed_rerun/Walker2d-v4__td3_kl_klb5__1__1783325185/td3_kl_klb5.cleanrl_model.norm_stats.npz,1,1,0,0.0,0.0,0.0,0.05,1.0,1.0,,1.0,-1,,-1,,1.0,,1.0,1.0,-13.348844049728026,2.194755492225948,-14.243005429495083,-13.777385339737526,-15.768632899588791,-7.818740299677994,
1783524638,eval__Walker2d-v4__td3__klb5__action_replace_0p05__seed2__pid786371,td3,Walker2d-v4,2,20,1,klb5,action_replace_0p05,/home/users/am1015/rl_runs_td3_walker_kl_20260703_td3_kl_softrobust_5seed_rerun/Walker2d-v4__td3_kl_klb5__2__1783348823/td3_kl_klb5.cleanrl_model,/home/users/am1015/rl_runs_td3_walker_kl_20260703_td3_kl_softrobust_5seed_rerun/Walker2d-v4__td3_kl_klb5__2__1783348823/td3_kl_klb5.cleanrl_model.norm_stats.npz,1,1,0,0.0,0.0,0.0,0.05,1.0,1.0,,1.0,-1,,-1,,1.0,,1.0,1.0,443.7607894340193,151.3024770807972,405.0413901157276,400.63921404244434,359.47187728390827,1050.451233464398,
1783524644,eval__Walker2d-v4__td3__klb5__action_replace_0p05__seed3__pid786403,td3,Walker2d-v4,3,20,1,klb5,action_replace_0p05,/home/users/am1015/rl_runs_td3_walker_kl_20260703_td3_kl_softrobust_5seed_rerun/Walker2d-v4__td3_kl_klb5__3__1783348876/td3_kl_klb5.cleanrl_model,/home/users/am1015/rl_runs_td3_walker_kl_20260703_td3_kl_softrobust_5seed_rerun/Walker2d-v4__td3_kl_klb5__3__1783348876/td3_kl_klb5.cleanrl_model.norm_stats.npz,1,1,0,0.0,0.0,0.0,0.05,1.0,1.0,,1.0,-1,,-1,,1.0,,1.0,1.0,405.8266670962195,332.2351860806339,317.99901972143203,288.7683292414208,81.81561967121972,1015.1875677354584,
1783524650,eval__Walker2d-v4__td3__klb5__action_replace_0p05__seed4__pid786441,td3,Walker2d-v4,4,20,1,klb5,action_replace_0p05,/home/users/am1015/rl_runs_td3_walker_kl_20260703_td3_kl_softrobust_5seed_rerun/Walker2d-v4__td3_kl_klb5__4__1783349566/td3_kl_klb5.cleanrl_model,/home/users/am1015/rl_runs_td3_walker_kl_20260703_td3_kl_softrobust_5seed_rerun/Walker2d-v4__td3_kl_klb5__4__1783349566/td3_kl_klb5.cleanrl_model.norm_stats.npz,1,1,0,0.0,0.0,0.0,0.05,1.0,1.0,,1.0,-1,,-1,,1.0,,1.0,1.0,625.337116512478,325.2857748457299,553.5450684877203,553.1690570782584,284.5132680276167,1349.6218212325084,
1783524654,eval__Walker2d-v4__td3__klb5__action_replace_0p05__seed5__pid786473,td3,Walker2d-v4,5,20,1,klb5,action_replace_0p05,/home/users/am1015/rl_runs_td3_walker_kl_20260703_td3_kl_softrobust_5seed_rerun/Walker2d-v4__td3_kl_klb5__5__1783354458/td3_kl_klb5.cleanrl_model,/home/users/am1015/rl_runs_td3_walker_kl_20260703_td3_kl_softrobust_5seed_rerun/Walker2d-v4__td3_kl_klb5__5__1783354458/td3_kl_klb5.cleanrl_model.norm_stats.npz,1,1,0,0.0,0.0,0.0,0.05,1.0,1.0,,1.0,-1,,-1,,1.0,,1.0,1.0,687.5648167882113,250.94719643048916,672.3065654147139,666.9279616266924,197.84407318569671,1503.355433899848,
1783524190,eval__Walker2d-v4__td3__klb5__action_replace_0p1__seed1__pid3045164,td3,Walker2d-v4,1,20,1,klb5,action_replace_0p1,/home/users/am1015/rl_runs_td3_walker_kl_20260703_td3_kl_softrobust_5seed_rerun/Walker2d-v4__td3_kl_klb5__1__1783325185/td3_kl_klb5.cleanrl_model,/home/users/am1015/rl_runs_td3_walker_kl_20260703_td3_kl_softrobust_5seed_rerun/Walker2d-v4__td3_kl_klb5__1__1783325185/td3_kl_klb5.cleanrl_model.norm_stats.npz,1,1,0,0.0,0.0,0.0,0.1,1.0,1.0,,1.0,-1,,-1,,1.0,,1.0,1.0,-13.62974410254751,2.1094979356318007,-14.219804158744282,-14.017945827508862,-16.822362090953206,-8.500898731675944,
1783524195,eval__Walker2d-v4__td3__klb5__action_replace_0p1__seed2__pid3045195,td3,Walker2d-v4,2,20,1,klb5,action_replace_0p1,/home/users/am1015/rl_runs_td3_walker_kl_20260703_td3_kl_softrobust_5seed_rerun/Walker2d-v4__td3_kl_klb5__2__1783348823/td3_kl_klb5.cleanrl_model,/home/users/am1015/rl_runs_td3_walker_kl_20260703_td3_kl_softrobust_5seed_rerun/Walker2d-v4__td3_kl_klb5__2__1783348823/td3_kl_klb5.cleanrl_model.norm_stats.npz,1,1,0,0.0,0.0,0.0,0.1,1.0,1.0,,1.0,-1,,-1,,1.0,,1.0,1.0,456.0517318927418,187.297319352348,402.0614425544815,404.5551407311133,105.78836636081762,916.0736400793106,
1783524203,eval__Walker2d-v4__td3__klb5__action_replace_0p1__seed3__pid3045258,td3,Walker2d-v4,3,20,1,klb5,action_replace_0p1,/home/users/am1015/rl_runs_td3_walker_kl_20260703_td3_kl_softrobust_5seed_rerun/Walker2d-v4__td3_kl_klb5__3__1783348876/td3_kl_klb5.cleanrl_model,/home/users/am1015/rl_runs_td3_walker_kl_20260703_td3_kl_softrobust_5seed_rerun/Walker2d-v4__td3_kl_klb5__3__1783348876/td3_kl_klb5.cleanrl_model.norm_stats.npz,1,1,0,0.0,0.0,0.0,0.1,1.0,1.0,,1.0,-1,,-1,,1.0,,1.0,1.0,668.136179055998,355.48934218138686,807.1536237744065,733.7971450892791,93.28290872622588,1088.3279744925312,
1783524209,eval__Walker2d-v4__td3__klb5__action_replace_0p1__seed4__pid3045291,td3,Walker2d-v4,4,20,1,klb5,action_replace_0p1,/home/users/am1015/rl_runs_td3_walker_kl_20260703_td3_kl_softrobust_5seed_rerun/Walker2d-v4__td3_kl_klb5__4__1783349566/td3_kl_klb5.cleanrl_model,/home/users/am1015/rl_runs_td3_walker_kl_20260703_td3_kl_softrobust_5seed_rerun/Walker2d-v4__td3_kl_klb5__4__1783349566/td3_kl_klb5.cleanrl_model.norm_stats.npz,1,1,0,0.0,0.0,0.0,0.1,1.0,1.0,,1.0,-1,,-1,,1.0,,1.0,1.0,520.3484062739765,253.63601152926825,425.5985905452088,454.4856687743513,299.9020449545768,1190.8098649217363,
1783524213,eval__Walker2d-v4__td3__klb5__action_replace_0p1__seed5__pid3045345,td3,Walker2d-v4,5,20,1,klb5,action_replace_0p1,/home/users/am1015/rl_runs_td3_walker_kl_20260703_td3_kl_softrobust_5seed_rerun/Walker2d-v4__td3_kl_klb5__5__1783354458/td3_kl_klb5.cleanrl_model,/home/users/am1015/rl_runs_td3_walker_kl_20260703_td3_kl_softrobust_5seed_rerun/Walker2d-v4__td3_kl_klb5__5__1783354458/td3_kl_klb5.cleanrl_model.norm_stats.npz,1,1,0,0.0,0.0,0.0,0.1,1.0,1.0,,1.0,-1,,-1,,1.0,,1.0,1.0,602.9297962544016,161.97193127890637,620.5525709850315,609.0179189149403,272.72113585557366,825.7980876967588,
1783524216,eval__Walker2d-v4__td3__klb5__action_replace_0p15__seed1__pid3045386,td3,Walker2d-v4,1,20,1,klb5,action_replace_0p15,/home/users/am1015/rl_runs_td3_walker_kl_20260703_td3_kl_softrobust_5seed_rerun/Walker2d-v4__td3_kl_klb5__1__1783325185/td3_kl_klb5.cleanrl_model,/home/users/am1015/rl_runs_td3_walker_kl_20260703_td3_kl_softrobust_5seed_rerun/Walker2d-v4__td3_kl_klb5__1__1783325185/td3_kl_klb5.cleanrl_model.norm_stats.npz,1,1,0,0.0,0.0,0.0,0.15,1.0,1.0,,1.0,-1,,-1,,1.0,,1.0,1.0,-8.54267587353716,19.06585770361449,-12.684923415401144,-12.90647490323435,-16.70670808973237,71.65540858833712,
1783524221,eval__Walker2d-v4__td3__klb5__action_replace_0p15__seed2__pid3045419,td3,Walker2d-v4,2,20,1,klb5,action_replace_0p15,/home/users/am1015/rl_runs_td3_walker_kl_20260703_td3_kl_softrobust_5seed_rerun/Walker2d-v4__td3_kl_klb5__2__1783348823/td3_kl_klb5.cleanrl_model,/home/users/am1015/rl_runs_td3_walker_kl_20260703_td3_kl_softrobust_5seed_rerun/Walker2d-v4__td3_kl_klb5__2__1783348823/td3_kl_klb5.cleanrl_model.norm_stats.npz,1,1,0,0.0,0.0,0.0,0.15,1.0,1.0,,1.0,-1,,-1,,1.0,,1.0,1.0,439.7203013519604,167.840251087191,383.8126065534203,387.0979618154765,339.4992033697723,1085.0961911908848,
1783524227,eval__Walker2d-v4__td3__klb5__action_replace_0p15__seed3__pid3045451,td3,Walker2d-v4,3,20,1,klb5,action_replace_0p15,/home/users/am1015/rl_runs_td3_walker_kl_20260703_td3_kl_softrobust_5seed_rerun/Walker2d-v4__td3_kl_klb5__3__1783348876/td3_kl_klb5.cleanrl_model,/home/users/am1015/rl_runs_td3_walker_kl_20260703_td3_kl_softrobust_5seed_rerun/Walker2d-v4__td3_kl_klb5__3__1783348876/td3_kl_klb5.cleanrl_model.norm_stats.npz,1,1,0,0.0,0.0,0.0,0.15,1.0,1.0,,1.0,-1,,-1,,1.0,,1.0,1.0,416.2870026458172,331.8792174102981,318.9635727477595,353.1235293990737,40.03549821470773,1010.5601855446577,
1783524232,eval__Walker2d-v4__td3__klb5__action_replace_0p15__seed4__pid3045515,td3,Walker2d-v4,4,20,1,klb5,action_replace_0p15,/home/users/am1015/rl_runs_td3_walker_kl_20260703_td3_kl_softrobust_5seed_rerun/Walker2d-v4__td3_kl_klb5__4__1783349566/td3_kl_klb5.cleanrl_model,/home/users/am1015/rl_runs_td3_walker_kl_20260703_td3_kl_softrobust_5seed_rerun/Walker2d-v4__td3_kl_klb5__4__1783349566/td3_kl_klb5.cleanrl_model.norm_stats.npz,1,1,0,0.0,0.0,0.0,0.15,1.0,1.0,,1.0,-1,,-1,,1.0,,1.0,1.0,534.4968539241755,231.45728484165716,487.0925672118161,489.3894439678133,305.7430891576111,1370.136723566493,
1783524236,eval__Walker2d-v4__td3__klb5__action_replace_0p15__seed5__pid3045548,td3,Walker2d-v4,5,20,1,klb5,action_replace_0p15,/home/users/am1015/rl_runs_td3_walker_kl_20260703_td3_kl_softrobust_5seed_rerun/Walker2d-v4__td3_kl_klb5__5__1783354458/td3_kl_klb5.cleanrl_model,/home/users/am1015/rl_runs_td3_walker_kl_20260703_td3_kl_softrobust_5seed_rerun/Walker2d-v4__td3_kl_klb5__5__1783354458/td3_kl_klb5.cleanrl_model.norm_stats.npz,1,1,0,0.0,0.0,0.0,0.15,1.0,1.0,,1.0,-1,,-1,,1.0,,1.0,1.0,460.2147015927403,146.8298422129004,460.3296456513509,476.01603347767286,175.76158425364267,766.5452238146595,
1783524239,eval__Walker2d-v4__td3__klb5__action_replace_0p2__seed1__pid3045581,td3,Walker2d-v4,1,20,1,klb5,action_replace_0p2,/home/users/am1015/rl_runs_td3_walker_kl_20260703_td3_kl_softrobust_5seed_rerun/Walker2d-v4__td3_kl_klb5__1__1783325185/td3_kl_klb5.cleanrl_model,/home/users/am1015/rl_runs_td3_walker_kl_20260703_td3_kl_softrobust_5seed_rerun/Walker2d-v4__td3_kl_klb5__1__1783325185/td3_kl_klb5.cleanrl_model.norm_stats.npz,1,1,0,0.0,0.0,0.0,0.2,1.0,1.0,,1.0,-1,,-1,,1.0,,1.0,1.0,-13.419098680705796,3.826174340554217,-13.179075006643648,-12.99383230385006,-25.232507768220056,-8.207281200944221,
1783524245,eval__Walker2d-v4__td3__klb5__action_replace_0p2__seed2__pid3045643,td3,Walker2d-v4,2,20,1,klb5,action_replace_0p2,/home/users/am1015/rl_runs_td3_walker_kl_20260703_td3_kl_softrobust_5seed_rerun/Walker2d-v4__td3_kl_klb5__2__1783348823/td3_kl_klb5.cleanrl_model,/home/users/am1015/rl_runs_td3_walker_kl_20260703_td3_kl_softrobust_5seed_rerun/Walker2d-v4__td3_kl_klb5__2__1783348823/td3_kl_klb5.cleanrl_model.norm_stats.npz,1,1,0,0.0,0.0,0.0,0.2,1.0,1.0,,1.0,-1,,-1,,1.0,,1.0,1.0,441.8500556597395,223.99330125480395,374.379020828305,384.5231471234874,140.32734092084704,1017.968817785698,
1783524252,eval__Walker2d-v4__td3__klb5__action_replace_0p2__seed3__pid3045676,td3,Walker2d-v4,3,20,1,klb5,action_replace_0p2,/home/users/am1015/rl_runs_td3_walker_kl_20260703_td3_kl_softrobust_5seed_rerun/Walker2d-v4__td3_kl_klb5__3__1783348876/td3_kl_klb5.cleanrl_model,/home/users/am1015/rl_runs_td3_walker_kl_20260703_td3_kl_softrobust_5seed_rerun/Walker2d-v4__td3_kl_klb5__3__1783348876/td3_kl_klb5.cleanrl_model.norm_stats.npz,1,1,0,0.0,0.0,0.0,0.2,1.0,1.0,,1.0,-1,,-1,,1.0,,1.0,1.0,537.4950700024146,306.0329482055852,500.9941273612056,480.930700394365,47.09396133485036,1051.5333805602436,
1783524256,eval__Walker2d-v4__td3__klb5__action_replace_0p2__seed4__pid3045708,td3,Walker2d-v4,4,20,1,klb5,action_replace_0p2,/home/users/am1015/rl_runs_td3_walker_kl_20260703_td3_kl_softrobust_5seed_rerun/Walker2d-v4__td3_kl_klb5__4__1783349566/td3_kl_klb5.cleanrl_model,/home/users/am1015/rl_runs_td3_walker_kl_20260703_td3_kl_softrobust_5seed_rerun/Walker2d-v4__td3_kl_klb5__4__1783349566/td3_kl_klb5.cleanrl_model.norm_stats.npz,1,1,0,0.0,0.0,0.0,0.2,1.0,1.0,,1.0,-1,,-1,,1.0,,1.0,1.0,416.7529018112574,85.9359127091849,403.7450083458334,404.72934540659446,275.58531035321334,590.9600646846744,
1783524261,eval__Walker2d-v4__td3__klb5__action_replace_0p2__seed5__pid3045770,td3,Walker2d-v4,5,20,1,klb5,action_replace_0p2,/home/users/am1015/rl_runs_td3_walker_kl_20260703_td3_kl_softrobust_5seed_rerun/Walker2d-v4__td3_kl_klb5__5__1783354458/td3_kl_klb5.cleanrl_model,/home/users/am1015/rl_runs_td3_walker_kl_20260703_td3_kl_softrobust_5seed_rerun/Walker2d-v4__td3_kl_klb5__5__1783354458/td3_kl_klb5.cleanrl_model.norm_stats.npz,1,1,0,0.0,0.0,0.0,0.2,1.0,1.0,,1.0,-1,,-1,,1.0,,1.0,1.0,472.645857736239,109.473121412586,441.2302013168869,444.9219626241269,348.0768431705296,801.5246293430536,
1783524264,eval__Walker2d-v4__td3__klb5__action_replace_0p25__seed1__pid3045803,td3,Walker2d-v4,1,20,1,klb5,action_replace_0p25,/home/users/am1015/rl_runs_td3_walker_kl_20260703_td3_kl_softrobust_5seed_rerun/Walker2d-v4__td3_kl_klb5__1__1783325185/td3_kl_klb5.cleanrl_model,/home/users/am1015/rl_runs_td3_walker_kl_20260703_td3_kl_softrobust_5seed_rerun/Walker2d-v4__td3_kl_klb5__1__1783325185/td3_kl_klb5.cleanrl_model.norm_stats.npz,1,1,0,0.0,0.0,0.0,0.25,1.0,1.0,,1.0,-1,,-1,,1.0,,1.0,1.0,-5.138556330658664,33.22120231254979,-12.37085257121959,-12.785555251578607,-17.328259085099145,135.33639888457836,
1783524269,eval__Walker2d-v4__td3__klb5__action_replace_0p25__seed2__pid3045836,td3,Walker2d-v4,2,20,1,klb5,action_replace_0p25,/home/users/am1015/rl_runs_td3_walker_kl_20260703_td3_kl_softrobust_5seed_rerun/Walker2d-v4__td3_kl_klb5__2__1783348823/td3_kl_klb5.cleanrl_model,/home/users/am1015/rl_runs_td3_walker_kl_20260703_td3_kl_softrobust_5seed_rerun/Walker2d-v4__td3_kl_klb5__2__1783348823/td3_kl_klb5.cleanrl_model.norm_stats.npz,1,1,0,0.0,0.0,0.0,0.25,1.0,1.0,,1.0,-1,,-1,,1.0,,1.0,1.0,377.2561834636913,97.31068076553468,364.7297651252674,374.7636426557748,159.29875694346433,567.061131412817,
1783524274,eval__Walker2d-v4__td3__klb5__action_replace_0p25__seed3__pid3045889,td3,Walker2d-v4,3,20,1,klb5,action_replace_0p25,/home/users/am1015/rl_runs_td3_walker_kl_20260703_td3_kl_softrobust_5seed_rerun/Walker2d-v4__td3_kl_klb5__3__1783348876/td3_kl_klb5.cleanrl_model,/home/users/am1015/rl_runs_td3_walker_kl_20260703_td3_kl_softrobust_5seed_rerun/Walker2d-v4__td3_kl_klb5__3__1783348876/td3_kl_klb5.cleanrl_model.norm_stats.npz,1,1,0,0.0,0.0,0.0,0.25,1.0,1.0,,1.0,-1,,-1,,1.0,,1.0,1.0,345.85822582152525,244.27051174723556,216.49775218490907,319.7121019248651,21.0447099048617,778.3887178196192,
1783524279,eval__Walker2d-v4__td3__klb5__action_replace_0p25__seed4__pid3045930,td3,Walker2d-v4,4,20,1,klb5,action_replace_0p25,/home/users/am1015/rl_runs_td3_walker_kl_20260703_td3_kl_softrobust_5seed_rerun/Walker2d-v4__td3_kl_klb5__4__1783349566/td3_kl_klb5.cleanrl_model,/home/users/am1015/rl_runs_td3_walker_kl_20260703_td3_kl_softrobust_5seed_rerun/Walker2d-v4__td3_kl_klb5__4__1783349566/td3_kl_klb5.cleanrl_model.norm_stats.npz,1,1,0,0.0,0.0,0.0,0.25,1.0,1.0,,1.0,-1,,-1,,1.0,,1.0,1.0,404.1539350542965,117.87596179156984,390.61659229532665,379.6888273725018,265.6212549173428,671.1415899955748,
1783524283,eval__Walker2d-v4__td3__klb5__action_replace_0p25__seed5__pid3045963,td3,Walker2d-v4,5,20,1,klb5,action_replace_0p25,/home/users/am1015/rl_runs_td3_walker_kl_20260703_td3_kl_softrobust_5seed_rerun/Walker2d-v4__td3_kl_klb5__5__1783354458/td3_kl_klb5.cleanrl_model,/home/users/am1015/rl_runs_td3_walker_kl_20260703_td3_kl_softrobust_5seed_rerun/Walker2d-v4__td3_kl_klb5__5__1783354458/td3_kl_klb5.cleanrl_model.norm_stats.npz,1,1,0,0.0,0.0,0.0,0.25,1.0,1.0,,1.0,-1,,-1,,1.0,,1.0,1.0,388.3002925837845,129.03886950724848,372.1854449768267,384.71135441303215,145.95012893662835,615.3989814241643,
1783524286,eval__Walker2d-v4__td3__klb5__action_replace_0p3__seed1__pid3045994,td3,Walker2d-v4,1,20,1,klb5,action_replace_0p3,/home/users/am1015/rl_runs_td3_walker_kl_20260703_td3_kl_softrobust_5seed_rerun/Walker2d-v4__td3_kl_klb5__1__1783325185/td3_kl_klb5.cleanrl_model,/home/users/am1015/rl_runs_td3_walker_kl_20260703_td3_kl_softrobust_5seed_rerun/Walker2d-v4__td3_kl_klb5__1__1783325185/td3_kl_klb5.cleanrl_model.norm_stats.npz,1,1,0,0.0,0.0,0.0,0.3,1.0,1.0,,1.0,-1,,-1,,1.0,,1.0,1.0,-5.068260631051989,38.844014583037314,-13.25054591331531,-12.99966853932268,-21.991926981850614,159.35635720152905,
1783524290,eval__Walker2d-v4__td3__klb5__action_replace_0p3__seed2__pid3046056,td3,Walker2d-v4,2,20,1,klb5,action_replace_0p3,/home/users/am1015/rl_runs_td3_walker_kl_20260703_td3_kl_softrobust_5seed_rerun/Walker2d-v4__td3_kl_klb5__2__1783348823/td3_kl_klb5.cleanrl_model,/home/users/am1015/rl_runs_td3_walker_kl_20260703_td3_kl_softrobust_5seed_rerun/Walker2d-v4__td3_kl_klb5__2__1783348823/td3_kl_klb5.cleanrl_model.norm_stats.npz,1,1,0,0.0,0.0,0.0,0.3,1.0,1.0,,1.0,-1,,-1,,1.0,,1.0,1.0,339.50937851292406,139.12835598805117,317.85813303787745,323.4855496095668,81.8538567139706,847.1745440543199,
1783524296,eval__Walker2d-v4__td3__klb5__action_replace_0p3__seed3__pid3046090,td3,Walker2d-v4,3,20,1,klb5,action_replace_0p3,/home/users/am1015/rl_runs_td3_walker_kl_20260703_td3_kl_softrobust_5seed_rerun/Walker2d-v4__td3_kl_klb5__3__1783348876/td3_kl_klb5.cleanrl_model,/home/users/am1015/rl_runs_td3_walker_kl_20260703_td3_kl_softrobust_5seed_rerun/Walker2d-v4__td3_kl_klb5__3__1783348876/td3_kl_klb5.cleanrl_model.norm_stats.npz,1,1,0,0.0,0.0,0.0,0.3,1.0,1.0,,1.0,-1,,-1,,1.0,,1.0,1.0,419.87709523238607,203.0535126695864,411.99401947723584,402.8249701439252,130.67435559056324,897.1567467230732,
1783524300,eval__Walker2d-v4__td3__klb5__action_replace_0p3__seed4__pid3046130,td3,Walker2d-v4,4,20,1,klb5,action_replace_0p3,/home/users/am1015/rl_runs_td3_walker_kl_20260703_td3_kl_softrobust_5seed_rerun/Walker2d-v4__td3_kl_klb5__4__1783349566/td3_kl_klb5.cleanrl_model,/home/users/am1015/rl_runs_td3_walker_kl_20260703_td3_kl_softrobust_5seed_rerun/Walker2d-v4__td3_kl_klb5__4__1783349566/td3_kl_klb5.cleanrl_model.norm_stats.npz,1,1,0,0.0,0.0,0.0,0.3,1.0,1.0,,1.0,-1,,-1,,1.0,,1.0,1.0,328.67792620484494,80.42585782761434,318.4394524727079,319.0568707410281,206.74678594231992,538.2112207091053,
1783524304,eval__Walker2d-v4__td3__klb5__action_replace_0p3__seed5__pid3046192,td3,Walker2d-v4,5,20,1,klb5,action_replace_0p3,/home/users/am1015/rl_runs_td3_walker_kl_20260703_td3_kl_softrobust_5seed_rerun/Walker2d-v4__td3_kl_klb5__5__1783354458/td3_kl_klb5.cleanrl_model,/home/users/am1015/rl_runs_td3_walker_kl_20260703_td3_kl_softrobust_5seed_rerun/Walker2d-v4__td3_kl_klb5__5__1783354458/td3_kl_klb5.cleanrl_model.norm_stats.npz,1,1,0,0.0,0.0,0.0,0.3,1.0,1.0,,1.0,-1,,-1,,1.0,,1.0,1.0,336.9197812899455,97.51563718003864,345.0069441457466,339.20434415465195,147.71243666739718,540.5384551941248,
1783524307,eval__Walker2d-v4__td3__klb5__action_replace_0p35__seed1__pid3046228,td3,Walker2d-v4,1,20,1,klb5,action_replace_0p35,/home/users/am1015/rl_runs_td3_walker_kl_20260703_td3_kl_softrobust_5seed_rerun/Walker2d-v4__td3_kl_klb5__1__1783325185/td3_kl_klb5.cleanrl_model,/home/users/am1015/rl_runs_td3_walker_kl_20260703_td3_kl_softrobust_5seed_rerun/Walker2d-v4__td3_kl_klb5__1__1783325185/td3_kl_klb5.cleanrl_model.norm_stats.npz,1,1,0,0.0,0.0,0.0,0.35,1.0,1.0,,1.0,-1,,-1,,1.0,,1.0,1.0,-7.7909402519645266,19.498636266040844,-11.759976844826223,-12.00145459867338,-37.18369867780915,38.98994789832744,
1783524312,eval__Walker2d-v4__td3__klb5__action_replace_0p35__seed2__pid3046264,td3,Walker2d-v4,2,20,1,klb5,action_replace_0p35,/home/users/am1015/rl_runs_td3_walker_kl_20260703_td3_kl_softrobust_5seed_rerun/Walker2d-v4__td3_kl_klb5__2__1783348823/td3_kl_klb5.cleanrl_model,/home/users/am1015/rl_runs_td3_walker_kl_20260703_td3_kl_softrobust_5seed_rerun/Walker2d-v4__td3_kl_klb5__2__1783348823/td3_kl_klb5.cleanrl_model.norm_stats.npz,1,1,0,0.0,0.0,0.0,0.35,1.0,1.0,,1.0,-1,,-1,,1.0,,1.0,1.0,344.02237908231155,147.31956440659357,311.5501140851792,325.9020201862186,22.129784326773024,675.3763658237067,
1783524318,eval__Walker2d-v4__td3__klb5__action_replace_0p35__seed3__pid3046297,td3,Walker2d-v4,3,20,1,klb5,action_replace_0p35,/home/users/am1015/rl_runs_td3_walker_kl_20260703_td3_kl_softrobust_5seed_rerun/Walker2d-v4__td3_kl_klb5__3__1783348876/td3_kl_klb5.cleanrl_model,/home/users/am1015/rl_runs_td3_walker_kl_20260703_td3_kl_softrobust_5seed_rerun/Walker2d-v4__td3_kl_klb5__3__1783348876/td3_kl_klb5.cleanrl_model.norm_stats.npz,1,1,0,0.0,0.0,0.0,0.35,1.0,1.0,,1.0,-1,,-1,,1.0,,1.0,1.0,279.2840471348503,167.36667349100074,292.30027102201404,273.60987795984465,22.19163820824732,607.6723158302466,
1783524322,eval__Walker2d-v4__td3__klb5__action_replace_0p35__seed4__pid3046359,td3,Walker2d-v4,4,20,1,klb5,action_replace_0p35,/home/users/am1015/rl_runs_td3_walker_kl_20260703_td3_kl_softrobust_5seed_rerun/Walker2d-v4__td3_kl_klb5__4__1783349566/td3_kl_klb5.cleanrl_model,/home/users/am1015/rl_runs_td3_walker_kl_20260703_td3_kl_softrobust_5seed_rerun/Walker2d-v4__td3_kl_klb5__4__1783349566/td3_kl_klb5.cleanrl_model.norm_stats.npz,1,1,0,0.0,0.0,0.0,0.35,1.0,1.0,,1.0,-1,,-1,,1.0,,1.0,1.0,290.6313297589006,88.71257683274965,293.34281340009306,291.7276316164191,105.59057595202036,555.6794485910076,
1783524326,eval__Walker2d-v4__td3__klb5__action_replace_0p35__seed5__pid3046393,td3,Walker2d-v4,5,20,1,klb5,action_replace_0p35,/home/users/am1015/rl_runs_td3_walker_kl_20260703_td3_kl_softrobust_5seed_rerun/Walker2d-v4__td3_kl_klb5__5__1783354458/td3_kl_klb5.cleanrl_model,/home/users/am1015/rl_runs_td3_walker_kl_20260703_td3_kl_softrobust_5seed_rerun/Walker2d-v4__td3_kl_klb5__5__1783354458/td3_kl_klb5.cleanrl_model.norm_stats.npz,1,1,0,0.0,0.0,0.0,0.35,1.0,1.0,,1.0,-1,,-1,,1.0,,1.0,1.0,310.77564374612024,72.05766827166661,324.203062938166,317.63501392245325,115.46631680856636,401.82942339097417,
1783524329,eval__Walker2d-v4__td3__klb5__action_replace_0p4__seed1__pid3046425,td3,Walker2d-v4,1,20,1,klb5,action_replace_0p4,/home/users/am1015/rl_runs_td3_walker_kl_20260703_td3_kl_softrobust_5seed_rerun/Walker2d-v4__td3_kl_klb5__1__1783325185/td3_kl_klb5.cleanrl_model,/home/users/am1015/rl_runs_td3_walker_kl_20260703_td3_kl_softrobust_5seed_rerun/Walker2d-v4__td3_kl_klb5__1__1783325185/td3_kl_klb5.cleanrl_model.norm_stats.npz,1,1,0,0.0,0.0,0.0,0.4,1.0,1.0,,1.0,-1,,-1,,1.0,,1.0,1.0,-0.9293243245210344,26.065018292305258,-10.111362364762542,-10.378088925137998,-28.093818696308592,70.6030991142623,
1783524334,eval__Walker2d-v4__td3__klb5__action_replace_0p4__seed2__pid3046487,td3,Walker2d-v4,2,20,1,klb5,action_replace_0p4,/home/users/am1015/rl_runs_td3_walker_kl_20260703_td3_kl_softrobust_5seed_rerun/Walker2d-v4__td3_kl_klb5__2__1783348823/td3_kl_klb5.cleanrl_model,/home/users/am1015/rl_runs_td3_walker_kl_20260703_td3_kl_softrobust_5seed_rerun/Walker2d-v4__td3_kl_klb5__2__1783348823/td3_kl_klb5.cleanrl_model.norm_stats.npz,1,1,0,0.0,0.0,0.0,0.4,1.0,1.0,,1.0,-1,,-1,,1.0,,1.0,1.0,299.986666503115,91.32789091877106,299.55688303959744,304.55213830271134,110.97173762536494,481.7241344437531,
1783524339,eval__Walker2d-v4__td3__klb5__action_replace_0p4__seed3__pid3046521,td3,Walker2d-v4,3,20,1,klb5,action_replace_0p4,/home/users/am1015/rl_runs_td3_walker_kl_20260703_td3_kl_softrobust_5seed_rerun/Walker2d-v4__td3_kl_klb5__3__1783348876/td3_kl_klb5.cleanrl_model,/home/users/am1015/rl_runs_td3_walker_kl_20260703_td3_kl_softrobust_5seed_rerun/Walker2d-v4__td3_kl_klb5__3__1783348876/td3_kl_klb5.cleanrl_model.norm_stats.npz,1,1,0,0.0,0.0,0.0,0.4,1.0,1.0,,1.0,-1,,-1,,1.0,,1.0,1.0,254.6172372292022,255.35701036777627,176.0864940164032,183.0897738664124,10.008784202134471,977.7472466139996,
1783524343,eval__Walker2d-v4__td3__klb5__action_replace_0p4__seed4__pid3046555,td3,Walker2d-v4,4,20,1,klb5,action_replace_0p4,/home/users/am1015/rl_runs_td3_walker_kl_20260703_td3_kl_softrobust_5seed_rerun/Walker2d-v4__td3_kl_klb5__4__1783349566/td3_kl_klb5.cleanrl_model,/home/users/am1015/rl_runs_td3_walker_kl_20260703_td3_kl_softrobust_5seed_rerun/Walker2d-v4__td3_kl_klb5__4__1783349566/td3_kl_klb5.cleanrl_model.norm_stats.npz,1,1,0,0.0,0.0,0.0,0.4,1.0,1.0,,1.0,-1,,-1,,1.0,,1.0,1.0,355.68017193980376,115.64092209982444,347.331042366072,354.37646358307063,64.99378989072224,565.8572812573823,
1783524347,eval__Walker2d-v4__td3__klb5__action_replace_0p4__seed5__pid3046589,td3,Walker2d-v4,5,20,1,klb5,action_replace_0p4,/home/users/am1015/rl_runs_td3_walker_kl_20260703_td3_kl_softrobust_5seed_rerun/Walker2d-v4__td3_kl_klb5__5__1783354458/td3_kl_klb5.cleanrl_model,/home/users/am1015/rl_runs_td3_walker_kl_20260703_td3_kl_softrobust_5seed_rerun/Walker2d-v4__td3_kl_klb5__5__1783354458/td3_kl_klb5.cleanrl_model.norm_stats.npz,1,1,0,0.0,0.0,0.0,0.4,1.0,1.0,,1.0,-1,,-1,,1.0,,1.0,1.0,314.15403676702124,70.84906536372664,331.3743653445723,328.93435941725943,162.6904282959025,420.5828699812479,
1783524350,eval__Walker2d-v4__td3__klb5__action_replace_0p45__seed1__pid3046649,td3,Walker2d-v4,1,20,1,klb5,action_replace_0p45,/home/users/am1015/rl_runs_td3_walker_kl_20260703_td3_kl_softrobust_5seed_rerun/Walker2d-v4__td3_kl_klb5__1__1783325185/td3_kl_klb5.cleanrl_model,/home/users/am1015/rl_runs_td3_walker_kl_20260703_td3_kl_softrobust_5seed_rerun/Walker2d-v4__td3_kl_klb5__1__1783325185/td3_kl_klb5.cleanrl_model.norm_stats.npz,1,1,0,0.0,0.0,0.0,0.45,1.0,1.0,,1.0,-1,,-1,,1.0,,1.0,1.0,-1.4796832637570454,27.87371533566269,-9.641135782433205,-8.44850059152198,-28.845351747808717,100.85188672561128,
1783524355,eval__Walker2d-v4__td3__klb5__action_replace_0p45__seed2__pid3046682,td3,Walker2d-v4,2,20,1,klb5,action_replace_0p45,/home/users/am1015/rl_runs_td3_walker_kl_20260703_td3_kl_softrobust_5seed_rerun/Walker2d-v4__td3_kl_klb5__2__1783348823/td3_kl_klb5.cleanrl_model,/home/users/am1015/rl_runs_td3_walker_kl_20260703_td3_kl_softrobust_5seed_rerun/Walker2d-v4__td3_kl_klb5__2__1783348823/td3_kl_klb5.cleanrl_model.norm_stats.npz,1,1,0,0.0,0.0,0.0,0.45,1.0,1.0,,1.0,-1,,-1,,1.0,,1.0,1.0,265.9274270818306,142.38110997130354,283.9714508247506,278.7033984469992,19.485186260974057,495.65977623330576,
1783524359,eval__Walker2d-v4__td3__klb5__action_replace_0p45__seed3__pid3046717,td3,Walker2d-v4,3,20,1,klb5,action_replace_0p45,/home/users/am1015/rl_runs_td3_walker_kl_20260703_td3_kl_softrobust_5seed_rerun/Walker2d-v4__td3_kl_klb5__3__1783348876/td3_kl_klb5.cleanrl_model,/home/users/am1015/rl_runs_td3_walker_kl_20260703_td3_kl_softrobust_5seed_rerun/Walker2d-v4__td3_kl_klb5__3__1783348876/td3_kl_klb5.cleanrl_model.norm_stats.npz,1,1,0,0.0,0.0,0.0,0.45,1.0,1.0,,1.0,-1,,-1,,1.0,,1.0,1.0,243.09125667419167,152.22934432790478,205.5281494739521,224.22080560116277,10.743036962352802,596.0976246892957,
1783524364,eval__Walker2d-v4__td3__klb5__action_replace_0p45__seed4__pid3046779,td3,Walker2d-v4,4,20,1,klb5,action_replace_0p45,/home/users/am1015/rl_runs_td3_walker_kl_20260703_td3_kl_softrobust_5seed_rerun/Walker2d-v4__td3_kl_klb5__4__1783349566/td3_kl_klb5.cleanrl_model,/home/users/am1015/rl_runs_td3_walker_kl_20260703_td3_kl_softrobust_5seed_rerun/Walker2d-v4__td3_kl_klb5__4__1783349566/td3_kl_klb5.cleanrl_model.norm_stats.npz,1,1,0,0.0,0.0,0.0,0.45,1.0,1.0,,1.0,-1,,-1,,1.0,,1.0,1.0,261.6791544684905,141.90706013624813,271.15462810765644,266.38496458644806,17.929188518468585,581.728530548466,
1783524368,eval__Walker2d-v4__td3__klb5__action_replace_0p45__seed5__pid3046811,td3,Walker2d-v4,5,20,1,klb5,action_replace_0p45,/home/users/am1015/rl_runs_td3_walker_kl_20260703_td3_kl_softrobust_5seed_rerun/Walker2d-v4__td3_kl_klb5__5__1783354458/td3_kl_klb5.cleanrl_model,/home/users/am1015/rl_runs_td3_walker_kl_20260703_td3_kl_softrobust_5seed_rerun/Walker2d-v4__td3_kl_klb5__5__1783354458/td3_kl_klb5.cleanrl_model.norm_stats.npz,1,1,0,0.0,0.0,0.0,0.45,1.0,1.0,,1.0,-1,,-1,,1.0,,1.0,1.0,283.80087778362065,95.34972890904466,273.2267045277914,276.3472574536652,127.0947867394353,552.4701114207509,
1783524371,eval__Walker2d-v4__td3__klb5__action_replace_0p5__seed1__pid3046843,td3,Walker2d-v4,1,20,1,klb5,action_replace_0p5,/home/users/am1015/rl_runs_td3_walker_kl_20260703_td3_kl_softrobust_5seed_rerun/Walker2d-v4__td3_kl_klb5__1__1783325185/td3_kl_klb5.cleanrl_model,/home/users/am1015/rl_runs_td3_walker_kl_20260703_td3_kl_softrobust_5seed_rerun/Walker2d-v4__td3_kl_klb5__1__1783325185/td3_kl_klb5.cleanrl_model.norm_stats.npz,1,1,0,0.0,0.0,0.0,0.5,1.0,1.0,,1.0,-1,,-1,,1.0,,1.0,1.0,13.706472070657853,46.80637808729784,-4.922629153080518,-1.2177703188586784,-30.731095563435748,150.773476069719,
1783524375,eval__Walker2d-v4__td3__klb5__action_replace_0p5__seed2__pid3046875,td3,Walker2d-v4,2,20,1,klb5,action_replace_0p5,/home/users/am1015/rl_runs_td3_walker_kl_20260703_td3_kl_softrobust_5seed_rerun/Walker2d-v4__td3_kl_klb5__2__1783348823/td3_kl_klb5.cleanrl_model,/home/users/am1015/rl_runs_td3_walker_kl_20260703_td3_kl_softrobust_5seed_rerun/Walker2d-v4__td3_kl_klb5__2__1783348823/td3_kl_klb5.cleanrl_model.norm_stats.npz,1,1,0,0.0,0.0,0.0,0.5,1.0,1.0,,1.0,-1,,-1,,1.0,,1.0,1.0,210.153777413534,126.39151822750638,248.4873370887978,223.6191671701,8.883781744809358,429.74647630366434,
1783524379,eval__Walker2d-v4__td3__klb5__action_replace_0p5__seed3__pid3046937,td3,Walker2d-v4,3,20,1,klb5,action_replace_0p5,/home/users/am1015/rl_runs_td3_walker_kl_20260703_td3_kl_softrobust_5seed_rerun/Walker2d-v4__td3_kl_klb5__3__1783348876/td3_kl_klb5.cleanrl_model,/home/users/am1015/rl_runs_td3_walker_kl_20260703_td3_kl_softrobust_5seed_rerun/Walker2d-v4__td3_kl_klb5__3__1783348876/td3_kl_klb5.cleanrl_model.norm_stats.npz,1,1,0,0.0,0.0,0.0,0.5,1.0,1.0,,1.0,-1,,-1,,1.0,,1.0,1.0,164.2769337724192,171.3936966731745,111.24093717005034,117.61416203256996,3.801440629039184,568.7833943696688,
1783524383,eval__Walker2d-v4__td3__klb5__action_replace_0p5__seed4__pid3046969,td3,Walker2d-v4,4,20,1,klb5,action_replace_0p5,/home/users/am1015/rl_runs_td3_walker_kl_20260703_td3_kl_softrobust_5seed_rerun/Walker2d-v4__td3_kl_klb5__4__1783349566/td3_kl_klb5.cleanrl_model,/home/users/am1015/rl_runs_td3_walker_kl_20260703_td3_kl_softrobust_5seed_rerun/Walker2d-v4__td3_kl_klb5__4__1783349566/td3_kl_klb5.cleanrl_model.norm_stats.npz,1,1,0,0.0,0.0,0.0,0.5,1.0,1.0,,1.0,-1,,-1,,1.0,,1.0,1.0,212.87730784148488,106.10735117220663,249.12907025277892,231.1949406370858,22.051443955860403,377.1715633823107,
1783524387,eval__Walker2d-v4__td3__klb5__action_replace_0p5__seed5__pid3047001,td3,Walker2d-v4,5,20,1,klb5,action_replace_0p5,/home/users/am1015/rl_runs_td3_walker_kl_20260703_td3_kl_softrobust_5seed_rerun/Walker2d-v4__td3_kl_klb5__5__1783354458/td3_kl_klb5.cleanrl_model,/home/users/am1015/rl_runs_td3_walker_kl_20260703_td3_kl_softrobust_5seed_rerun/Walker2d-v4__td3_kl_klb5__5__1783354458/td3_kl_klb5.cleanrl_model.norm_stats.npz,1,1,0,0.0,0.0,0.0,0.5,1.0,1.0,,1.0,-1,,-1,,1.0,,1.0,1.0,237.93886900817225,102.96576517154884,254.5138716069145,252.97251914021376,19.470649908574337,390.3306289145161,
1783524392,eval__Walker2d-v4__td3__klb10__action_replace_0__seed1__pid3047033,td3,Walker2d-v4,1,20,0,klb10,action_replace_0,/home/users/am1015/rl_runs_td3_walker_kl_20260703_td3_kl_softrobust_5seed_rerun/Walker2d-v4__td3_kl_klb10__1__1783355718/td3_kl_klb10.cleanrl_model,/home/users/am1015/rl_runs_td3_walker_kl_20260703_td3_kl_softrobust_5seed_rerun/Walker2d-v4__td3_kl_klb10__1__1783355718/td3_kl_klb10.cleanrl_model.norm_stats.npz,1,1,0,0.0,0.0,0.0,0.0,1.0,1.0,,1.0,-1,,-1,,1.0,,1.0,1.0,581.5543053535447,37.50565455802657,559.5654640252465,567.6958275720597,548.4052407301479,644.1130671279926,
1783524396,eval__Walker2d-v4__td3__klb10__action_replace_0__seed2__pid3047095,td3,Walker2d-v4,2,20,0,klb10,action_replace_0,/home/users/am1015/rl_runs_td3_walker_kl_20260703_td3_kl_softrobust_5seed_rerun/Walker2d-v4__td3_kl_klb10__2__1783356169/td3_kl_klb10.cleanrl_model,/home/users/am1015/rl_runs_td3_walker_kl_20260703_td3_kl_softrobust_5seed_rerun/Walker2d-v4__td3_kl_klb10__2__1783356169/td3_kl_klb10.cleanrl_model.norm_stats.npz,1,1,0,0.0,0.0,0.0,0.0,1.0,1.0,,1.0,-1,,-1,,1.0,,1.0,1.0,575.889812745708,44.97494949790895,585.5361466427969,582.1899255241171,480.14183353684166,655.2513515282634,
1783524404,eval__Walker2d-v4__td3__klb10__action_replace_0__seed3__pid3047128,td3,Walker2d-v4,3,20,0,klb10,action_replace_0,/home/users/am1015/rl_runs_td3_walker_kl_20260703_td3_kl_softrobust_5seed_rerun/Walker2d-v4__td3_kl_klb10__3__1783356319/td3_kl_klb10.cleanrl_model,/home/users/am1015/rl_runs_td3_walker_kl_20260703_td3_kl_softrobust_5seed_rerun/Walker2d-v4__td3_kl_klb10__3__1783356319/td3_kl_klb10.cleanrl_model.norm_stats.npz,1,1,0,0.0,0.0,0.0,0.0,1.0,1.0,,1.0,-1,,-1,,1.0,,1.0,1.0,486.8029774612688,366.714175438985,436.8502315594944,474.17828044189065,11.567986106379411,944.580945063424,
1783524408,eval__Walker2d-v4__td3__klb10__action_replace_0__seed4__pid3047183,td3,Walker2d-v4,4,20,0,klb10,action_replace_0,/home/users/am1015/rl_runs_td3_walker_kl_20260703_td3_kl_softrobust_5seed_rerun/Walker2d-v4__td3_kl_klb10__4__1783360280/td3_kl_klb10.cleanrl_model,/home/users/am1015/rl_runs_td3_walker_kl_20260703_td3_kl_softrobust_5seed_rerun/Walker2d-v4__td3_kl_klb10__4__1783360280/td3_kl_klb10.cleanrl_model.norm_stats.npz,1,1,0,0.0,0.0,0.0,0.0,1.0,1.0,,1.0,-1,,-1,,1.0,,1.0,1.0,385.93991808261023,46.05065454387872,400.8906872825957,391.8474322701151,307.6535558030113,452.8116008313575,
1783524413,eval__Walker2d-v4__td3__klb10__action_replace_0__seed5__pid3047223,td3,Walker2d-v4,5,20,0,klb10,action_replace_0,/home/users/am1015/rl_runs_td3_walker_kl_20260703_td3_kl_softrobust_5seed_rerun/Walker2d-v4__td3_kl_klb10__5__1783378555/td3_kl_klb10.cleanrl_model,/home/users/am1015/rl_runs_td3_walker_kl_20260703_td3_kl_softrobust_5seed_rerun/Walker2d-v4__td3_kl_klb10__5__1783378555/td3_kl_klb10.cleanrl_model.norm_stats.npz,1,1,0,0.0,0.0,0.0,0.0,1.0,1.0,,1.0,-1,,-1,,1.0,,1.0,1.0,403.2166742680624,242.346516242175,315.6769479997532,322.8306776899372,207.4423410578985,1060.1775853088302,
1783524417,eval__Walker2d-v4__td3__klb10__action_replace_0p05__seed1__pid3047257,td3,Walker2d-v4,1,20,1,klb10,action_replace_0p05,/home/users/am1015/rl_runs_td3_walker_kl_20260703_td3_kl_softrobust_5seed_rerun/Walker2d-v4__td3_kl_klb10__1__1783355718/td3_kl_klb10.cleanrl_model,/home/users/am1015/rl_runs_td3_walker_kl_20260703_td3_kl_softrobust_5seed_rerun/Walker2d-v4__td3_kl_klb10__1__1783355718/td3_kl_klb10.cleanrl_model.norm_stats.npz,1,1,0,0.0,0.0,0.0,0.05,1.0,1.0,,1.0,-1,,-1,,1.0,,1.0,1.0,607.5570207861856,63.11861431362513,631.5284725866256,620.4942419937058,491.5510620528499,681.658512766422,
1783524422,eval__Walker2d-v4__td3__klb10__action_replace_0p05__seed2__pid3047289,td3,Walker2d-v4,2,20,1,klb10,action_replace_0p05,/home/users/am1015/rl_runs_td3_walker_kl_20260703_td3_kl_softrobust_5seed_rerun/Walker2d-v4__td3_kl_klb10__2__1783356169/td3_kl_klb10.cleanrl_model,/home/users/am1015/rl_runs_td3_walker_kl_20260703_td3_kl_softrobust_5seed_rerun/Walker2d-v4__td3_kl_klb10__2__1783356169/td3_kl_klb10.cleanrl_model.norm_stats.npz,1,1,0,0.0,0.0,0.0,0.05,1.0,1.0,,1.0,-1,,-1,,1.0,,1.0,1.0,542.2170651459317,102.51290371969228,510.4451015954081,517.2363199199779,363.09309720467854,857.6229080200337,
1783524428,eval__Walker2d-v4__td3__klb10__action_replace_0p05__seed3__pid3047351,td3,Walker2d-v4,3,20,1,klb10,action_replace_0p05,/home/users/am1015/rl_runs_td3_walker_kl_20260703_td3_kl_softrobust_5seed_rerun/Walker2d-v4__td3_kl_klb10__3__1783356319/td3_kl_klb10.cleanrl_model,/home/users/am1015/rl_runs_td3_walker_kl_20260703_td3_kl_softrobust_5seed_rerun/Walker2d-v4__td3_kl_klb10__3__1783356319/td3_kl_klb10.cleanrl_model.norm_stats.npz,1,1,0,0.0,0.0,0.0,0.05,1.0,1.0,,1.0,-1,,-1,,1.0,,1.0,1.0,316.68125135840444,222.78230182237044,293.8881419876126,307.8861097149944,-15.631290746912445,871.4217809840455,
1783524432,eval__Walker2d-v4__td3__klb10__action_replace_0p05__seed4__pid3047383,td3,Walker2d-v4,4,20,1,klb10,action_replace_0p05,/home/users/am1015/rl_runs_td3_walker_kl_20260703_td3_kl_softrobust_5seed_rerun/Walker2d-v4__td3_kl_klb10__4__1783360280/td3_kl_klb10.cleanrl_model,/home/users/am1015/rl_runs_td3_walker_kl_20260703_td3_kl_softrobust_5seed_rerun/Walker2d-v4__td3_kl_klb10__4__1783360280/td3_kl_klb10.cleanrl_model.norm_stats.npz,1,1,0,0.0,0.0,0.0,0.05,1.0,1.0,,1.0,-1,,-1,,1.0,,1.0,1.0,422.44946770898594,196.5447566915585,409.4064826030005,408.99365036838986,105.3846268753324,1100.6862612464404,
1783524437,eval__Walker2d-v4__td3__klb10__action_replace_0p05__seed5__pid3047416,td3,Walker2d-v4,5,20,1,klb10,action_replace_0p05,/home/users/am1015/rl_runs_td3_walker_kl_20260703_td3_kl_softrobust_5seed_rerun/Walker2d-v4__td3_kl_klb10__5__1783378555/td3_kl_klb10.cleanrl_model,/home/users/am1015/rl_runs_td3_walker_kl_20260703_td3_kl_softrobust_5seed_rerun/Walker2d-v4__td3_kl_klb10__5__1783378555/td3_kl_klb10.cleanrl_model.norm_stats.npz,1,1,0,0.0,0.0,0.0,0.05,1.0,1.0,,1.0,-1,,-1,,1.0,,1.0,1.0,424.2573000718003,178.09446947534707,390.97622796094765,394.538520461767,171.27610516974093,1015.3178755778396,
1783524442,eval__Walker2d-v4__td3__klb10__action_replace_0p1__seed1__pid3047478,td3,Walker2d-v4,1,20,1,klb10,action_replace_0p1,/home/users/am1015/rl_runs_td3_walker_kl_20260703_td3_kl_softrobust_5seed_rerun/Walker2d-v4__td3_kl_klb10__1__1783355718/td3_kl_klb10.cleanrl_model,/home/users/am1015/rl_runs_td3_walker_kl_20260703_td3_kl_softrobust_5seed_rerun/Walker2d-v4__td3_kl_klb10__1__1783355718/td3_kl_klb10.cleanrl_model.norm_stats.npz,1,1,0,0.0,0.0,0.0,0.1,1.0,1.0,,1.0,-1,,-1,,1.0,,1.0,1.0,596.5575177402222,126.17108062615628,585.0886587985699,588.6894470655428,408.42006401104766,966.0915175148504,
1783524447,eval__Walker2d-v4__td3__klb10__action_replace_0p1__seed2__pid3047510,td3,Walker2d-v4,2,20,1,klb10,action_replace_0p1,/home/users/am1015/rl_runs_td3_walker_kl_20260703_td3_kl_softrobust_5seed_rerun/Walker2d-v4__td3_kl_klb10__2__1783356169/td3_kl_klb10.cleanrl_model,/home/users/am1015/rl_runs_td3_walker_kl_20260703_td3_kl_softrobust_5seed_rerun/Walker2d-v4__td3_kl_klb10__2__1783356169/td3_kl_klb10.cleanrl_model.norm_stats.npz,1,1,0,0.0,0.0,0.0,0.1,1.0,1.0,,1.0,-1,,-1,,1.0,,1.0,1.0,479.7696792779845,114.52443372800448,473.6749415597643,464.52494389506353,319.2093818177915,734.9242073190869,
1783524451,eval__Walker2d-v4__td3__klb10__action_replace_0p1__seed3__pid3047542,td3,Walker2d-v4,3,20,1,klb10,action_replace_0p1,/home/users/am1015/rl_runs_td3_walker_kl_20260703_td3_kl_softrobust_5seed_rerun/Walker2d-v4__td3_kl_klb10__3__1783356319/td3_kl_klb10.cleanrl_model,/home/users/am1015/rl_runs_td3_walker_kl_20260703_td3_kl_softrobust_5seed_rerun/Walker2d-v4__td3_kl_klb10__3__1783356319/td3_kl_klb10.cleanrl_model.norm_stats.npz,1,1,0,0.0,0.0,0.0,0.1,1.0,1.0,,1.0,-1,,-1,,1.0,,1.0,1.0,136.3370864638915,123.67359645824992,117.87190754732347,122.58142790263636,-4.126024639745969,366.3586394479276,
1783524456,eval__Walker2d-v4__td3__klb10__action_replace_0p1__seed4__pid3047604,td3,Walker2d-v4,4,20,1,klb10,action_replace_0p1,/home/users/am1015/rl_runs_td3_walker_kl_20260703_td3_kl_softrobust_5seed_rerun/Walker2d-v4__td3_kl_klb10__4__1783360280/td3_kl_klb10.cleanrl_model,/home/users/am1015/rl_runs_td3_walker_kl_20260703_td3_kl_softrobust_5seed_rerun/Walker2d-v4__td3_kl_klb10__4__1783360280/td3_kl_klb10.cleanrl_model.norm_stats.npz,1,1,0,0.0,0.0,0.0,0.1,1.0,1.0,,1.0,-1,,-1,,1.0,,1.0,1.0,379.1598921272077,137.072287120056,390.1618927914268,388.8556812803535,29.02190728844608,637.4835000984899,
1783524460,eval__Walker2d-v4__td3__klb10__action_replace_0p1__seed5__pid3047637,td3,Walker2d-v4,5,20,1,klb10,action_replace_0p1,/home/users/am1015/rl_runs_td3_walker_kl_20260703_td3_kl_softrobust_5seed_rerun/Walker2d-v4__td3_kl_klb10__5__1783378555/td3_kl_klb10.cleanrl_model,/home/users/am1015/rl_runs_td3_walker_kl_20260703_td3_kl_softrobust_5seed_rerun/Walker2d-v4__td3_kl_klb10__5__1783378555/td3_kl_klb10.cleanrl_model.norm_stats.npz,1,1,0,0.0,0.0,0.0,0.1,1.0,1.0,,1.0,-1,,-1,,1.0,,1.0,1.0,373.4116695706954,89.87647162655024,381.9347295972623,379.2876141271355,199.904688884019,552.6939368081904,
1783524465,eval__Walker2d-v4__td3__klb10__action_replace_0p15__seed1__pid3047691,td3,Walker2d-v4,1,20,1,klb10,action_replace_0p15,/home/users/am1015/rl_runs_td3_walker_kl_20260703_td3_kl_softrobust_5seed_rerun/Walker2d-v4__td3_kl_klb10__1__1783355718/td3_kl_klb10.cleanrl_model,/home/users/am1015/rl_runs_td3_walker_kl_20260703_td3_kl_softrobust_5seed_rerun/Walker2d-v4__td3_kl_klb10__1__1783355718/td3_kl_klb10.cleanrl_model.norm_stats.npz,1,1,0,0.0,0.0,0.0,0.15,1.0,1.0,,1.0,-1,,-1,,1.0,,1.0,1.0,522.3132581136335,106.17636467158646,511.8763717580242,513.248266725926,287.7388939397114,792.517051663198,
1783524470,eval__Walker2d-v4__td3__klb10__action_replace_0p15__seed2__pid3047753,td3,Walker2d-v4,2,20,1,klb10,action_replace_0p15,/home/users/am1015/rl_runs_td3_walker_kl_20260703_td3_kl_softrobust_5seed_rerun/Walker2d-v4__td3_kl_klb10__2__1783356169/td3_kl_klb10.cleanrl_model,/home/users/am1015/rl_runs_td3_walker_kl_20260703_td3_kl_softrobust_5seed_rerun/Walker2d-v4__td3_kl_klb10__2__1783356169/td3_kl_klb10.cleanrl_model.norm_stats.npz,1,1,0,0.0,0.0,0.0,0.15,1.0,1.0,,1.0,-1,,-1,,1.0,,1.0,1.0,493.84891145545146,204.61049238085607,477.020766955497,497.04465024209713,80.49510730917761,862.9676085642752,
1783524474,eval__Walker2d-v4__td3__klb10__action_replace_0p15__seed3__pid3047789,td3,Walker2d-v4,3,20,1,klb10,action_replace_0p15,/home/users/am1015/rl_runs_td3_walker_kl_20260703_td3_kl_softrobust_5seed_rerun/Walker2d-v4__td3_kl_klb10__3__1783356319/td3_kl_klb10.cleanrl_model,/home/users/am1015/rl_runs_td3_walker_kl_20260703_td3_kl_softrobust_5seed_rerun/Walker2d-v4__td3_kl_klb10__3__1783356319/td3_kl_klb10.cleanrl_model.norm_stats.npz,1,1,0,0.0,0.0,0.0,0.15,1.0,1.0,,1.0,-1,,-1,,1.0,,1.0,1.0,142.27698877654475,150.09305752008453,94.48197110744589,114.91383696083176,-35.563890294900546,499.4955159619533,
1783524479,eval__Walker2d-v4__td3__klb10__action_replace_0p15__seed4__pid3047822,td3,Walker2d-v4,4,20,1,klb10,action_replace_0p15,/home/users/am1015/rl_runs_td3_walker_kl_20260703_td3_kl_softrobust_5seed_rerun/Walker2d-v4__td3_kl_klb10__4__1783360280/td3_kl_klb10.cleanrl_model,/home/users/am1015/rl_runs_td3_walker_kl_20260703_td3_kl_softrobust_5seed_rerun/Walker2d-v4__td3_kl_klb10__4__1783360280/td3_kl_klb10.cleanrl_model.norm_stats.npz,1,1,0,0.0,0.0,0.0,0.15,1.0,1.0,,1.0,-1,,-1,,1.0,,1.0,1.0,335.84451556288343,142.67297614576387,378.1787488553126,376.6587030996049,49.19705826838222,510.96991186245566,
1783524483,eval__Walker2d-v4__td3__klb10__action_replace_0p15__seed5__pid3047871,td3,Walker2d-v4,5,20,1,klb10,action_replace_0p15,/home/users/am1015/rl_runs_td3_walker_kl_20260703_td3_kl_softrobust_5seed_rerun/Walker2d-v4__td3_kl_klb10__5__1783378555/td3_kl_klb10.cleanrl_model,/home/users/am1015/rl_runs_td3_walker_kl_20260703_td3_kl_softrobust_5seed_rerun/Walker2d-v4__td3_kl_klb10__5__1783378555/td3_kl_klb10.cleanrl_model.norm_stats.npz,1,1,0,0.0,0.0,0.0,0.15,1.0,1.0,,1.0,-1,,-1,,1.0,,1.0,1.0,388.39987117113367,133.68059054057343,380.7921324818407,373.7053292149316,218.5560559399801,749.959863992495,
1783524488,eval__Walker2d-v4__td3__klb10__action_replace_0p2__seed1__pid3047916,td3,Walker2d-v4,1,20,1,klb10,action_replace_0p2,/home/users/am1015/rl_runs_td3_walker_kl_20260703_td3_kl_softrobust_5seed_rerun/Walker2d-v4__td3_kl_klb10__1__1783355718/td3_kl_klb10.cleanrl_model,/home/users/am1015/rl_runs_td3_walker_kl_20260703_td3_kl_softrobust_5seed_rerun/Walker2d-v4__td3_kl_klb10__1__1783355718/td3_kl_klb10.cleanrl_model.norm_stats.npz,1,1,0,0.0,0.0,0.0,0.2,1.0,1.0,,1.0,-1,,-1,,1.0,,1.0,1.0,528.060646392402,81.55429260340235,541.3437908939406,539.2776364161898,345.9670188661688,693.8385828448187,
1783524492,eval__Walker2d-v4__td3__klb10__action_replace_0p2__seed2__pid3047951,td3,Walker2d-v4,2,20,1,klb10,action_replace_0p2,/home/users/am1015/rl_runs_td3_walker_kl_20260703_td3_kl_softrobust_5seed_rerun/Walker2d-v4__td3_kl_klb10__2__1783356169/td3_kl_klb10.cleanrl_model,/home/users/am1015/rl_runs_td3_walker_kl_20260703_td3_kl_softrobust_5seed_rerun/Walker2d-v4__td3_kl_klb10__2__1783356169/td3_kl_klb10.cleanrl_model.norm_stats.npz,1,1,0,0.0,0.0,0.0,0.2,1.0,1.0,,1.0,-1,,-1,,1.0,,1.0,1.0,491.5753972212489,200.52396833457692,473.2784537850334,488.849482955315,52.74741135227676,768.8997253536311,
1783524496,eval__Walker2d-v4__td3__klb10__action_replace_0p2__seed3__pid3047983,td3,Walker2d-v4,3,20,1,klb10,action_replace_0p2,/home/users/am1015/rl_runs_td3_walker_kl_20260703_td3_kl_softrobust_5seed_rerun/Walker2d-v4__td3_kl_klb10__3__1783356319/td3_kl_klb10.cleanrl_model,/home/users/am1015/rl_runs_td3_walker_kl_20260703_td3_kl_softrobust_5seed_rerun/Walker2d-v4__td3_kl_klb10__3__1783356319/td3_kl_klb10.cleanrl_model.norm_stats.npz,1,1,0,0.0,0.0,0.0,0.2,1.0,1.0,,1.0,-1,,-1,,1.0,,1.0,1.0,69.60083241446655,96.23980375626626,19.85954718411004,45.87983888098877,-33.57203390046381,290.6175496955294,
1783524500,eval__Walker2d-v4__td3__klb10__action_replace_0p2__seed4__pid3048045,td3,Walker2d-v4,4,20,1,klb10,action_replace_0p2,/home/users/am1015/rl_runs_td3_walker_kl_20260703_td3_kl_softrobust_5seed_rerun/Walker2d-v4__td3_kl_klb10__4__1783360280/td3_kl_klb10.cleanrl_model,/home/users/am1015/rl_runs_td3_walker_kl_20260703_td3_kl_softrobust_5seed_rerun/Walker2d-v4__td3_kl_klb10__4__1783360280/td3_kl_klb10.cleanrl_model.norm_stats.npz,1,1,0,0.0,0.0,0.0,0.2,1.0,1.0,,1.0,-1,,-1,,1.0,,1.0,1.0,388.8383135892489,152.2175335173676,386.0566719226763,391.0244895242357,54.51965563169114,649.7518235929801,
1783524505,eval__Walker2d-v4__td3__klb10__action_replace_0p2__seed5__pid3048078,td3,Walker2d-v4,5,20,1,klb10,action_replace_0p2,/home/users/am1015/rl_runs_td3_walker_kl_20260703_td3_kl_softrobust_5seed_rerun/Walker2d-v4__td3_kl_klb10__5__1783378555/td3_kl_klb10.cleanrl_model,/home/users/am1015/rl_runs_td3_walker_kl_20260703_td3_kl_softrobust_5seed_rerun/Walker2d-v4__td3_kl_klb10__5__1783378555/td3_kl_klb10.cleanrl_model.norm_stats.npz,1,1,0,0.0,0.0,0.0,0.2,1.0,1.0,,1.0,-1,,-1,,1.0,,1.0,1.0,437.9398706503528,148.53755805320958,430.91777267420855,422.4805468933399,224.9505022025205,799.8014892437337,
1783524510,eval__Walker2d-v4__td3__klb10__action_replace_0p25__seed1__pid3048110,td3,Walker2d-v4,1,20,1,klb10,action_replace_0p25,/home/users/am1015/rl_runs_td3_walker_kl_20260703_td3_kl_softrobust_5seed_rerun/Walker2d-v4__td3_kl_klb10__1__1783355718/td3_kl_klb10.cleanrl_model,/home/users/am1015/rl_runs_td3_walker_kl_20260703_td3_kl_softrobust_5seed_rerun/Walker2d-v4__td3_kl_klb10__1__1783355718/td3_kl_klb10.cleanrl_model.norm_stats.npz,1,1,0,0.0,0.0,0.0,0.25,1.0,1.0,,1.0,-1,,-1,,1.0,,1.0,1.0,426.3022439505985,175.26375695784645,467.1416715731976,460.4495216345714,43.58307722630278,668.0840411110828,
1783524514,eval__Walker2d-v4__td3__klb10__action_replace_0p25__seed2__pid3048172,td3,Walker2d-v4,2,20,1,klb10,action_replace_0p25,/home/users/am1015/rl_runs_td3_walker_kl_20260703_td3_kl_softrobust_5seed_rerun/Walker2d-v4__td3_kl_klb10__2__1783356169/td3_kl_klb10.cleanrl_model,/home/users/am1015/rl_runs_td3_walker_kl_20260703_td3_kl_softrobust_5seed_rerun/Walker2d-v4__td3_kl_klb10__2__1783356169/td3_kl_klb10.cleanrl_model.norm_stats.npz,1,1,0,0.0,0.0,0.0,0.25,1.0,1.0,,1.0,-1,,-1,,1.0,,1.0,1.0,476.2397777733355,215.1037773040629,537.8461256479354,517.1781313639075,72.22005248649889,818.7539895318457,
1783524519,eval__Walker2d-v4__td3__klb10__action_replace_0p25__seed3__pid3048204,td3,Walker2d-v4,3,20,1,klb10,action_replace_0p25,/home/users/am1015/rl_runs_td3_walker_kl_20260703_td3_kl_softrobust_5seed_rerun/Walker2d-v4__td3_kl_klb10__3__1783356319/td3_kl_klb10.cleanrl_model,/home/users/am1015/rl_runs_td3_walker_kl_20260703_td3_kl_softrobust_5seed_rerun/Walker2d-v4__td3_kl_klb10__3__1783356319/td3_kl_klb10.cleanrl_model.norm_stats.npz,1,1,0,0.0,0.0,0.0,0.25,1.0,1.0,,1.0,-1,,-1,,1.0,,1.0,1.0,88.19966749143664,100.484864807695,61.95114765404859,72.21629143246102,-19.2521239194665,256.04451004759375,
1783524523,eval__Walker2d-v4__td3__klb10__action_replace_0p25__seed4__pid3048237,td3,Walker2d-v4,4,20,1,klb10,action_replace_0p25,/home/users/am1015/rl_runs_td3_walker_kl_20260703_td3_kl_softrobust_5seed_rerun/Walker2d-v4__td3_kl_klb10__4__1783360280/td3_kl_klb10.cleanrl_model,/home/users/am1015/rl_runs_td3_walker_kl_20260703_td3_kl_softrobust_5seed_rerun/Walker2d-v4__td3_kl_klb10__4__1783360280/td3_kl_klb10.cleanrl_model.norm_stats.npz,1,1,0,0.0,0.0,0.0,0.25,1.0,1.0,,1.0,-1,,-1,,1.0,,1.0,1.0,325.70014669903304,133.5918783212946,359.60797486307337,347.8365817713701,10.79128051027189,541.587984589877,
1783524527,eval__Walker2d-v4__td3__klb10__action_replace_0p25__seed5__pid3048269,td3,Walker2d-v4,5,20,1,klb10,action_replace_0p25,/home/users/am1015/rl_runs_td3_walker_kl_20260703_td3_kl_softrobust_5seed_rerun/Walker2d-v4__td3_kl_klb10__5__1783378555/td3_kl_klb10.cleanrl_model,/home/users/am1015/rl_runs_td3_walker_kl_20260703_td3_kl_softrobust_5seed_rerun/Walker2d-v4__td3_kl_klb10__5__1783378555/td3_kl_klb10.cleanrl_model.norm_stats.npz,1,1,0,0.0,0.0,0.0,0.25,1.0,1.0,,1.0,-1,,-1,,1.0,,1.0,1.0,417.1548354519582,100.65380853690549,390.2140281971456,404.4528645565441,249.37737064815727,602.945468735455,
1783524532,eval__Walker2d-v4__td3__klb10__action_replace_0p3__seed1__pid3048331,td3,Walker2d-v4,1,20,1,klb10,action_replace_0p3,/home/users/am1015/rl_runs_td3_walker_kl_20260703_td3_kl_softrobust_5seed_rerun/Walker2d-v4__td3_kl_klb10__1__1783355718/td3_kl_klb10.cleanrl_model,/home/users/am1015/rl_runs_td3_walker_kl_20260703_td3_kl_softrobust_5seed_rerun/Walker2d-v4__td3_kl_klb10__1__1783355718/td3_kl_klb10.cleanrl_model.norm_stats.npz,1,1,0,0.0,0.0,0.0,0.3,1.0,1.0,,1.0,-1,,-1,,1.0,,1.0,1.0,432.6511158221645,98.14176193981268,434.4335320962375,436.5355127772093,168.04487443499653,596.4678086649957,
1783524536,eval__Walker2d-v4__td3__klb10__action_replace_0p3__seed2__pid3048363,td3,Walker2d-v4,2,20,1,klb10,action_replace_0p3,/home/users/am1015/rl_runs_td3_walker_kl_20260703_td3_kl_softrobust_5seed_rerun/Walker2d-v4__td3_kl_klb10__2__1783356169/td3_kl_klb10.cleanrl_model,/home/users/am1015/rl_runs_td3_walker_kl_20260703_td3_kl_softrobust_5seed_rerun/Walker2d-v4__td3_kl_klb10__2__1783356169/td3_kl_klb10.cleanrl_model.norm_stats.npz,1,1,0,0.0,0.0,0.0,0.3,1.0,1.0,,1.0,-1,,-1,,1.0,,1.0,1.0,454.9574835164907,171.8758751452837,480.6413453599055,486.4262935822919,75.93624984001178,753.6862767265533,
1783524539,eval__Walker2d-v4__td3__klb10__action_replace_0p3__seed3__pid3048395,td3,Walker2d-v4,3,20,1,klb10,action_replace_0p3,/home/users/am1015/rl_runs_td3_walker_kl_20260703_td3_kl_softrobust_5seed_rerun/Walker2d-v4__td3_kl_klb10__3__1783356319/td3_kl_klb10.cleanrl_model,/home/users/am1015/rl_runs_td3_walker_kl_20260703_td3_kl_softrobust_5seed_rerun/Walker2d-v4__td3_kl_klb10__3__1783356319/td3_kl_klb10.cleanrl_model.norm_stats.npz,1,1,0,0.0,0.0,0.0,0.3,1.0,1.0,,1.0,-1,,-1,,1.0,,1.0,1.0,30.214366750823608,65.23810371759144,5.156481593984358,7.163724016870328,-37.90048744675039,223.0076148504564,
1783524543,eval__Walker2d-v4__td3__klb10__action_replace_0p3__seed4__pid3048457,td3,Walker2d-v4,4,20,1,klb10,action_replace_0p3,/home/users/am1015/rl_runs_td3_walker_kl_20260703_td3_kl_softrobust_5seed_rerun/Walker2d-v4__td3_kl_klb10__4__1783360280/td3_kl_klb10.cleanrl_model,/home/users/am1015/rl_runs_td3_walker_kl_20260703_td3_kl_softrobust_5seed_rerun/Walker2d-v4__td3_kl_klb10__4__1783360280/td3_kl_klb10.cleanrl_model.norm_stats.npz,1,1,0,0.0,0.0,0.0,0.3,1.0,1.0,,1.0,-1,,-1,,1.0,,1.0,1.0,293.8670590025926,146.06817405248648,338.5930655339663,323.1223378553796,18.761139971908797,524.6138541645985,
1783524548,eval__Walker2d-v4__td3__klb10__action_replace_0p3__seed5__pid3048489,td3,Walker2d-v4,5,20,1,klb10,action_replace_0p3,/home/users/am1015/rl_runs_td3_walker_kl_20260703_td3_kl_softrobust_5seed_rerun/Walker2d-v4__td3_kl_klb10__5__1783378555/td3_kl_klb10.cleanrl_model,/home/users/am1015/rl_runs_td3_walker_kl_20260703_td3_kl_softrobust_5seed_rerun/Walker2d-v4__td3_kl_klb10__5__1783378555/td3_kl_klb10.cleanrl_model.norm_stats.npz,1,1,0,0.0,0.0,0.0,0.3,1.0,1.0,,1.0,-1,,-1,,1.0,,1.0,1.0,367.6727685071452,131.3730967771582,368.0774860990911,364.9440577064659,165.34570145308794,627.4592950308646,
1783524552,eval__Walker2d-v4__td3__klb10__action_replace_0p35__seed1__pid3048522,td3,Walker2d-v4,1,20,1,klb10,action_replace_0p35,/home/users/am1015/rl_runs_td3_walker_kl_20260703_td3_kl_softrobust_5seed_rerun/Walker2d-v4__td3_kl_klb10__1__1783355718/td3_kl_klb10.cleanrl_model,/home/users/am1015/rl_runs_td3_walker_kl_20260703_td3_kl_softrobust_5seed_rerun/Walker2d-v4__td3_kl_klb10__1__1783355718/td3_kl_klb10.cleanrl_model.norm_stats.npz,1,1,0,0.0,0.0,0.0,0.35,1.0,1.0,,1.0,-1,,-1,,1.0,,1.0,1.0,346.01431214043885,162.39068682077567,409.67674858998816,393.9250568919056,15.696384744550004,562.3237294698636,
1783524556,eval__Walker2d-v4__td3__klb10__action_replace_0p35__seed2__pid3048554,td3,Walker2d-v4,2,20,1,klb10,action_replace_0p35,/home/users/am1015/rl_runs_td3_walker_kl_20260703_td3_kl_softrobust_5seed_rerun/Walker2d-v4__td3_kl_klb10__2__1783356169/td3_kl_klb10.cleanrl_model,/home/users/am1015/rl_runs_td3_walker_kl_20260703_td3_kl_softrobust_5seed_rerun/Walker2d-v4__td3_kl_klb10__2__1783356169/td3_kl_klb10.cleanrl_model.norm_stats.npz,1,1,0,0.0,0.0,0.0,0.35,1.0,1.0,,1.0,-1,,-1,,1.0,,1.0,1.0,415.4991733838495,165.64736723913623,411.641044990498,432.4589517655865,26.67322965185896,666.1711509525505,
1783524560,eval__Walker2d-v4__td3__klb10__action_replace_0p35__seed3__pid3048616,td3,Walker2d-v4,3,20,1,klb10,action_replace_0p35,/home/users/am1015/rl_runs_td3_walker_kl_20260703_td3_kl_softrobust_5seed_rerun/Walker2d-v4__td3_kl_klb10__3__1783356319/td3_kl_klb10.cleanrl_model,/home/users/am1015/rl_runs_td3_walker_kl_20260703_td3_kl_softrobust_5seed_rerun/Walker2d-v4__td3_kl_klb10__3__1783356319/td3_kl_klb10.cleanrl_model.norm_stats.npz,1,1,0,0.0,0.0,0.0,0.35,1.0,1.0,,1.0,-1,,-1,,1.0,,1.0,1.0,54.550079350923866,83.8648517301833,13.344068035454905,36.23648447392725,-39.45137338831786,213.0356558016602,
1783524565,eval__Walker2d-v4__td3__klb10__action_replace_0p35__seed4__pid3048649,td3,Walker2d-v4,4,20,1,klb10,action_replace_0p35,/home/users/am1015/rl_runs_td3_walker_kl_20260703_td3_kl_softrobust_5seed_rerun/Walker2d-v4__td3_kl_klb10__4__1783360280/td3_kl_klb10.cleanrl_model,/home/users/am1015/rl_runs_td3_walker_kl_20260703_td3_kl_softrobust_5seed_rerun/Walker2d-v4__td3_kl_klb10__4__1783360280/td3_kl_klb10.cleanrl_model.norm_stats.npz,1,1,0,0.0,0.0,0.0,0.35,1.0,1.0,,1.0,-1,,-1,,1.0,,1.0,1.0,231.60384274554943,145.77832756783698,287.097488223572,247.79758605991495,15.522401478505918,448.9379696612032,
1783524569,eval__Walker2d-v4__td3__klb10__action_replace_0p35__seed5__pid3048682,td3,Walker2d-v4,5,20,1,klb10,action_replace_0p35,/home/users/am1015/rl_runs_td3_walker_kl_20260703_td3_kl_softrobust_5seed_rerun/Walker2d-v4__td3_kl_klb10__5__1783378555/td3_kl_klb10.cleanrl_model,/home/users/am1015/rl_runs_td3_walker_kl_20260703_td3_kl_softrobust_5seed_rerun/Walker2d-v4__td3_kl_klb10__5__1783378555/td3_kl_klb10.cleanrl_model.norm_stats.npz,1,1,0,0.0,0.0,0.0,0.35,1.0,1.0,,1.0,-1,,-1,,1.0,,1.0,1.0,340.31100596025385,131.07107631695993,371.3710348193467,349.19940362983914,80.58043878334755,538.3715193830556,
1783524573,eval__Walker2d-v4__td3__klb10__action_replace_0p4__seed1__pid3048744,td3,Walker2d-v4,1,20,1,klb10,action_replace_0p4,/home/users/am1015/rl_runs_td3_walker_kl_20260703_td3_kl_softrobust_5seed_rerun/Walker2d-v4__td3_kl_klb10__1__1783355718/td3_kl_klb10.cleanrl_model,/home/users/am1015/rl_runs_td3_walker_kl_20260703_td3_kl_softrobust_5seed_rerun/Walker2d-v4__td3_kl_klb10__1__1783355718/td3_kl_klb10.cleanrl_model.norm_stats.npz,1,1,0,0.0,0.0,0.0,0.4,1.0,1.0,,1.0,-1,,-1,,1.0,,1.0,1.0,304.1463340782233,162.26687893506207,373.4831716777411,342.11826568038214,25.05136522214183,497.4727558492558,
1783524577,eval__Walker2d-v4__td3__klb10__action_replace_0p4__seed2__pid3048776,td3,Walker2d-v4,2,20,1,klb10,action_replace_0p4,/home/users/am1015/rl_runs_td3_walker_kl_20260703_td3_kl_softrobust_5seed_rerun/Walker2d-v4__td3_kl_klb10__2__1783356169/td3_kl_klb10.cleanrl_model,/home/users/am1015/rl_runs_td3_walker_kl_20260703_td3_kl_softrobust_5seed_rerun/Walker2d-v4__td3_kl_klb10__2__1783356169/td3_kl_klb10.cleanrl_model.norm_stats.npz,1,1,0,0.0,0.0,0.0,0.4,1.0,1.0,,1.0,-1,,-1,,1.0,,1.0,1.0,349.17954952633977,150.48459890420523,363.7630551530676,373.1433492030079,64.86199809603276,652.9165900136431,
1783524581,eval__Walker2d-v4__td3__klb10__action_replace_0p4__seed3__pid3048808,td3,Walker2d-v4,3,20,1,klb10,action_replace_0p4,/home/users/am1015/rl_runs_td3_walker_kl_20260703_td3_kl_softrobust_5seed_rerun/Walker2d-v4__td3_kl_klb10__3__1783356319/td3_kl_klb10.cleanrl_model,/home/users/am1015/rl_runs_td3_walker_kl_20260703_td3_kl_softrobust_5seed_rerun/Walker2d-v4__td3_kl_klb10__3__1783356319/td3_kl_klb10.cleanrl_model.norm_stats.npz,1,1,0,0.0,0.0,0.0,0.4,1.0,1.0,,1.0,-1,,-1,,1.0,,1.0,1.0,1.5156748213893585,24.38997451955608,-2.926515049013461,-0.8691084124784844,-46.18743143088165,74.53903451296215,
1783524585,eval__Walker2d-v4__td3__klb10__action_replace_0p4__seed4__pid3048841,td3,Walker2d-v4,4,20,1,klb10,action_replace_0p4,/home/users/am1015/rl_runs_td3_walker_kl_20260703_td3_kl_softrobust_5seed_rerun/Walker2d-v4__td3_kl_klb10__4__1783360280/td3_kl_klb10.cleanrl_model,/home/users/am1015/rl_runs_td3_walker_kl_20260703_td3_kl_softrobust_5seed_rerun/Walker2d-v4__td3_kl_klb10__4__1783360280/td3_kl_klb10.cleanrl_model.norm_stats.npz,1,1,0,0.0,0.0,0.0,0.4,1.0,1.0,,1.0,-1,,-1,,1.0,,1.0,1.0,282.6534283580469,116.53852191016286,308.4421781623266,291.8269311577293,71.0792114983324,495.37606315400245,
1783524589,eval__Walker2d-v4__td3__klb10__action_replace_0p4__seed5__pid3048904,td3,Walker2d-v4,5,20,1,klb10,action_replace_0p4,/home/users/am1015/rl_runs_td3_walker_kl_20260703_td3_kl_softrobust_5seed_rerun/Walker2d-v4__td3_kl_klb10__5__1783378555/td3_kl_klb10.cleanrl_model,/home/users/am1015/rl_runs_td3_walker_kl_20260703_td3_kl_softrobust_5seed_rerun/Walker2d-v4__td3_kl_klb10__5__1783378555/td3_kl_klb10.cleanrl_model.norm_stats.npz,1,1,0,0.0,0.0,0.0,0.4,1.0,1.0,,1.0,-1,,-1,,1.0,,1.0,1.0,384.59047421255553,100.43733429349672,376.21072053367874,388.396393502442,161.7629328721298,579.9073372525028,
1783524593,eval__Walker2d-v4__td3__klb10__action_replace_0p45__seed1__pid3048936,td3,Walker2d-v4,1,20,1,klb10,action_replace_0p45,/home/users/am1015/rl_runs_td3_walker_kl_20260703_td3_kl_softrobust_5seed_rerun/Walker2d-v4__td3_kl_klb10__1__1783355718/td3_kl_klb10.cleanrl_model,/home/users/am1015/rl_runs_td3_walker_kl_20260703_td3_kl_softrobust_5seed_rerun/Walker2d-v4__td3_kl_klb10__1__1783355718/td3_kl_klb10.cleanrl_model.norm_stats.npz,1,1,0,0.0,0.0,0.0,0.45,1.0,1.0,,1.0,-1,,-1,,1.0,,1.0,1.0,356.3715529060652,123.05796675278616,371.5952060671163,362.96865599070605,5.724752414163566,544.0035211624943,
1783524597,eval__Walker2d-v4__td3__klb10__action_replace_0p45__seed2__pid3048968,td3,Walker2d-v4,2,20,1,klb10,action_replace_0p45,/home/users/am1015/rl_runs_td3_walker_kl_20260703_td3_kl_softrobust_5seed_rerun/Walker2d-v4__td3_kl_klb10__2__1783356169/td3_kl_klb10.cleanrl_model,/home/users/am1015/rl_runs_td3_walker_kl_20260703_td3_kl_softrobust_5seed_rerun/Walker2d-v4__td3_kl_klb10__2__1783356169/td3_kl_klb10.cleanrl_model.norm_stats.npz,1,1,0,0.0,0.0,0.0,0.45,1.0,1.0,,1.0,-1,,-1,,1.0,,1.0,1.0,375.2084714776424,67.58154688666089,371.1924089813612,378.43244370075615,213.11191162461296,502.3108492565268,
1783524601,eval__Walker2d-v4__td3__klb10__action_replace_0p45__seed3__pid3049000,td3,Walker2d-v4,3,20,1,klb10,action_replace_0p45,/home/users/am1015/rl_runs_td3_walker_kl_20260703_td3_kl_softrobust_5seed_rerun/Walker2d-v4__td3_kl_klb10__3__1783356319/td3_kl_klb10.cleanrl_model,/home/users/am1015/rl_runs_td3_walker_kl_20260703_td3_kl_softrobust_5seed_rerun/Walker2d-v4__td3_kl_klb10__3__1783356319/td3_kl_klb10.cleanrl_model.norm_stats.npz,1,1,0,0.0,0.0,0.0,0.45,1.0,1.0,,1.0,-1,,-1,,1.0,,1.0,1.0,19.26841083708756,63.82364620109082,-4.142176152344289,-3.6410047068744817,-42.4863467824355,190.5070060821152,
1783524605,eval__Walker2d-v4__td3__klb10__action_replace_0p45__seed4__pid3049062,td3,Walker2d-v4,4,20,1,klb10,action_replace_0p45,/home/users/am1015/rl_runs_td3_walker_kl_20260703_td3_kl_softrobust_5seed_rerun/Walker2d-v4__td3_kl_klb10__4__1783360280/td3_kl_klb10.cleanrl_model,/home/users/am1015/rl_runs_td3_walker_kl_20260703_td3_kl_softrobust_5seed_rerun/Walker2d-v4__td3_kl_klb10__4__1783360280/td3_kl_klb10.cleanrl_model.norm_stats.npz,1,1,0,0.0,0.0,0.0,0.45,1.0,1.0,,1.0,-1,,-1,,1.0,,1.0,1.0,305.384736718503,125.73934869596702,323.0986951321456,326.3268876399164,79.36732101479372,520.9536860473773,
1783524610,eval__Walker2d-v4__td3__klb10__action_replace_0p45__seed5__pid3049096,td3,Walker2d-v4,5,20,1,klb10,action_replace_0p45,/home/users/am1015/rl_runs_td3_walker_kl_20260703_td3_kl_softrobust_5seed_rerun/Walker2d-v4__td3_kl_klb10__5__1783378555/td3_kl_klb10.cleanrl_model,/home/users/am1015/rl_runs_td3_walker_kl_20260703_td3_kl_softrobust_5seed_rerun/Walker2d-v4__td3_kl_klb10__5__1783378555/td3_kl_klb10.cleanrl_model.norm_stats.npz,1,1,0,0.0,0.0,0.0,0.45,1.0,1.0,,1.0,-1,,-1,,1.0,,1.0,1.0,407.5339903634061,234.3223509741283,376.193793326972,372.2841119982638,67.84416552365332,1196.635331540036,
1783524614,eval__Walker2d-v4__td3__klb10__action_replace_0p5__seed1__pid3049128,td3,Walker2d-v4,1,20,1,klb10,action_replace_0p5,/home/users/am1015/rl_runs_td3_walker_kl_20260703_td3_kl_softrobust_5seed_rerun/Walker2d-v4__td3_kl_klb10__1__1783355718/td3_kl_klb10.cleanrl_model,/home/users/am1015/rl_runs_td3_walker_kl_20260703_td3_kl_softrobust_5seed_rerun/Walker2d-v4__td3_kl_klb10__1__1783355718/td3_kl_klb10.cleanrl_model.norm_stats.npz,1,1,0,0.0,0.0,0.0,0.5,1.0,1.0,,1.0,-1,,-1,,1.0,,1.0,1.0,226.6716211676715,162.27820602683678,290.1213807950448,242.26109446399067,6.713148460105069,479.2631334623102,
1783524618,eval__Walker2d-v4__td3__klb10__action_replace_0p5__seed2__pid3049188,td3,Walker2d-v4,2,20,1,klb10,action_replace_0p5,/home/users/am1015/rl_runs_td3_walker_kl_20260703_td3_kl_softrobust_5seed_rerun/Walker2d-v4__td3_kl_klb10__2__1783356169/td3_kl_klb10.cleanrl_model,/home/users/am1015/rl_runs_td3_walker_kl_20260703_td3_kl_softrobust_5seed_rerun/Walker2d-v4__td3_kl_klb10__2__1783356169/td3_kl_klb10.cleanrl_model.norm_stats.npz,1,1,0,0.0,0.0,0.0,0.5,1.0,1.0,,1.0,-1,,-1,,1.0,,1.0,1.0,291.0242157201655,171.54275070121878,344.06420380873305,329.38716896671133,9.740526761010404,593.7246292520354,
1783524621,eval__Walker2d-v4__td3__klb10__action_replace_0p5__seed3__pid3049223,td3,Walker2d-v4,3,20,1,klb10,action_replace_0p5,/home/users/am1015/rl_runs_td3_walker_kl_20260703_td3_kl_softrobust_5seed_rerun/Walker2d-v4__td3_kl_klb10__3__1783356319/td3_kl_klb10.cleanrl_model,/home/users/am1015/rl_runs_td3_walker_kl_20260703_td3_kl_softrobust_5seed_rerun/Walker2d-v4__td3_kl_klb10__3__1783356319/td3_kl_klb10.cleanrl_model.norm_stats.npz,1,1,0,0.0,0.0,0.0,0.5,1.0,1.0,,1.0,-1,,-1,,1.0,,1.0,1.0,7.858754094860328,37.12405834295054,-3.4168879542917194,-2.9256469005353565,-31.03073834437006,110.98407991305592,
1783524625,eval__Walker2d-v4__td3__klb10__action_replace_0p5__seed4__pid3049256,td3,Walker2d-v4,4,20,1,klb10,action_replace_0p5,/home/users/am1015/rl_runs_td3_walker_kl_20260703_td3_kl_softrobust_5seed_rerun/Walker2d-v4__td3_kl_klb10__4__1783360280/td3_kl_klb10.cleanrl_model,/home/users/am1015/rl_runs_td3_walker_kl_20260703_td3_kl_softrobust_5seed_rerun/Walker2d-v4__td3_kl_klb10__4__1783360280/td3_kl_klb10.cleanrl_model.norm_stats.npz,1,1,0,0.0,0.0,0.0,0.5,1.0,1.0,,1.0,-1,,-1,,1.0,,1.0,1.0,273.6975944237071,158.78118664105764,287.78146958841273,271.8532673357452,22.001840304801156,560.8508862686235,
1783524630,eval__Walker2d-v4__td3__klb10__action_replace_0p5__seed5__pid3049289,td3,Walker2d-v4,5,20,1,klb10,action_replace_0p5,/home/users/am1015/rl_runs_td3_walker_kl_20260703_td3_kl_softrobust_5seed_rerun/Walker2d-v4__td3_kl_klb10__5__1783378555/td3_kl_klb10.cleanrl_model,/home/users/am1015/rl_runs_td3_walker_kl_20260703_td3_kl_softrobust_5seed_rerun/Walker2d-v4__td3_kl_klb10__5__1783378555/td3_kl_klb10.cleanrl_model.norm_stats.npz,1,1,0,0.0,0.0,0.0,0.5,1.0,1.0,,1.0,-1,,-1,,1.0,,1.0,1.0,340.7083609050222,133.64190290107086,314.4502422809431,315.78270487195203,161.1360204904937,682.9553653425855,
1783524194,eval__Walker2d-v4__td3__klb20__action_replace_0__seed1__pid3617480,td3,Walker2d-v4,1,20,0,klb20,action_replace_0,/home/users/am1015/rl_runs_td3_walker_kl_20260703_td3_kl_softrobust_5seed_rerun/Walker2d-v4__td3_kl_klb20__1__1783379155/td3_kl_klb20.cleanrl_model,/home/users/am1015/rl_runs_td3_walker_kl_20260703_td3_kl_softrobust_5seed_rerun/Walker2d-v4__td3_kl_klb20__1__1783379155/td3_kl_klb20.cleanrl_model.norm_stats.npz,1,1,0,0.0,0.0,0.0,0.0,1.0,1.0,,1.0,-1,,-1,,1.0,,1.0,1.0,766.4106995879865,13.219836205678376,760.0570579664134,763.0483617301909,749.3170673554662,790.852661173158,
1783524200,eval__Walker2d-v4__td3__klb20__action_replace_0__seed2__pid3617545,td3,Walker2d-v4,2,20,0,klb20,action_replace_0,/home/users/am1015/rl_runs_td3_walker_kl_20260703_td3_kl_softrobust_5seed_rerun/Walker2d-v4__td3_kl_klb20__2__1783383624/td3_kl_klb20.cleanrl_model,/home/users/am1015/rl_runs_td3_walker_kl_20260703_td3_kl_softrobust_5seed_rerun/Walker2d-v4__td3_kl_klb20__2__1783383624/td3_kl_klb20.cleanrl_model.norm_stats.npz,1,1,0,0.0,0.0,0.0,0.0,1.0,1.0,,1.0,-1,,-1,,1.0,,1.0,1.0,921.6035057743486,129.8581131028379,918.2225709562392,909.49461459273,730.822935604496,1174.5953088662,
1783524206,eval__Walker2d-v4__td3__klb20__action_replace_0__seed3__pid3617615,td3,Walker2d-v4,3,20,0,klb20,action_replace_0,/home/users/am1015/rl_runs_td3_walker_kl_20260703_td3_kl_softrobust_5seed_rerun/Walker2d-v4__td3_kl_klb20__3__1783384046/td3_kl_klb20.cleanrl_model,/home/users/am1015/rl_runs_td3_walker_kl_20260703_td3_kl_softrobust_5seed_rerun/Walker2d-v4__td3_kl_klb20__3__1783384046/td3_kl_klb20.cleanrl_model.norm_stats.npz,1,1,0,0.0,0.0,0.0,0.0,1.0,1.0,,1.0,-1,,-1,,1.0,,1.0,1.0,199.85661320099976,154.08856767359384,153.19014276919984,154.8192299625347,93.81167548721211,743.1962145966578,
1783524212,eval__Walker2d-v4__td3__klb20__action_replace_0__seed4__pid3617680,td3,Walker2d-v4,4,20,0,klb20,action_replace_0,/home/users/am1015/rl_runs_td3_walker_kl_20260703_td3_kl_softrobust_5seed_rerun/Walker2d-v4__td3_kl_klb20__4__1783388843/td3_kl_klb20.cleanrl_model,/home/users/am1015/rl_runs_td3_walker_kl_20260703_td3_kl_softrobust_5seed_rerun/Walker2d-v4__td3_kl_klb20__4__1783388843/td3_kl_klb20.cleanrl_model.norm_stats.npz,1,1,0,0.0,0.0,0.0,0.0,1.0,1.0,,1.0,-1,,-1,,1.0,,1.0,1.0,515.3758025823945,93.9844784056658,506.27804528234736,510.2332446196049,311.37078358194304,698.3298546523837,
1783524220,eval__Walker2d-v4__td3__klb20__action_replace_0__seed5__pid3617745,td3,Walker2d-v4,5,20,0,klb20,action_replace_0,/home/users/am1015/rl_runs_td3_walker_kl_20260703_td3_kl_softrobust_5seed_rerun/Walker2d-v4__td3_kl_klb20__5__1783389178/td3_kl_klb20.cleanrl_model,/home/users/am1015/rl_runs_td3_walker_kl_20260703_td3_kl_softrobust_5seed_rerun/Walker2d-v4__td3_kl_klb20__5__1783389178/td3_kl_klb20.cleanrl_model.norm_stats.npz,1,1,0,0.0,0.0,0.0,0.0,1.0,1.0,,1.0,-1,,-1,,1.0,,1.0,1.0,891.184387985174,279.2373515656305,821.218675289429,806.6492264916753,628.2532508273227,1811.635432797836,
1783524227,eval__Walker2d-v4__td3__klb20__action_replace_0p05__seed1__pid3617815,td3,Walker2d-v4,1,20,1,klb20,action_replace_0p05,/home/users/am1015/rl_runs_td3_walker_kl_20260703_td3_kl_softrobust_5seed_rerun/Walker2d-v4__td3_kl_klb20__1__1783379155/td3_kl_klb20.cleanrl_model,/home/users/am1015/rl_runs_td3_walker_kl_20260703_td3_kl_softrobust_5seed_rerun/Walker2d-v4__td3_kl_klb20__1__1783379155/td3_kl_klb20.cleanrl_model.norm_stats.npz,1,1,0,0.0,0.0,0.0,0.05,1.0,1.0,,1.0,-1,,-1,,1.0,,1.0,1.0,773.9904529075327,66.50708534252027,767.910892336313,771.9695143433097,640.3443735466448,908.5088183971194,
1783524234,eval__Walker2d-v4__td3__klb20__action_replace_0p05__seed2__pid3617880,td3,Walker2d-v4,2,20,1,klb20,action_replace_0p05,/home/users/am1015/rl_runs_td3_walker_kl_20260703_td3_kl_softrobust_5seed_rerun/Walker2d-v4__td3_kl_klb20__2__1783383624/td3_kl_klb20.cleanrl_model,/home/users/am1015/rl_runs_td3_walker_kl_20260703_td3_kl_softrobust_5seed_rerun/Walker2d-v4__td3_kl_klb20__2__1783383624/td3_kl_klb20.cleanrl_model.norm_stats.npz,1,1,0,0.0,0.0,0.0,0.05,1.0,1.0,,1.0,-1,,-1,,1.0,,1.0,1.0,827.7890091268176,317.30882853361004,785.9209575169948,786.377267315308,474.3373784369362,1924.3540183484567,
1783524242,eval__Walker2d-v4__td3__klb20__action_replace_0p05__seed3__pid3617949,td3,Walker2d-v4,3,20,1,klb20,action_replace_0p05,/home/users/am1015/rl_runs_td3_walker_kl_20260703_td3_kl_softrobust_5seed_rerun/Walker2d-v4__td3_kl_klb20__3__1783384046/td3_kl_klb20.cleanrl_model,/home/users/am1015/rl_runs_td3_walker_kl_20260703_td3_kl_softrobust_5seed_rerun/Walker2d-v4__td3_kl_klb20__3__1783384046/td3_kl_klb20.cleanrl_model.norm_stats.npz,1,1,0,0.0,0.0,0.0,0.05,1.0,1.0,,1.0,-1,,-1,,1.0,,1.0,1.0,444.64072908606767,334.5540717815888,452.66353785516606,381.87488116888966,82.42047135685613,1083.1772395971186,
1783524247,eval__Walker2d-v4__td3__klb20__action_replace_0p05__seed4__pid3618041,td3,Walker2d-v4,4,20,1,klb20,action_replace_0p05,/home/users/am1015/rl_runs_td3_walker_kl_20260703_td3_kl_softrobust_5seed_rerun/Walker2d-v4__td3_kl_klb20__4__1783388843/td3_kl_klb20.cleanrl_model,/home/users/am1015/rl_runs_td3_walker_kl_20260703_td3_kl_softrobust_5seed_rerun/Walker2d-v4__td3_kl_klb20__4__1783388843/td3_kl_klb20.cleanrl_model.norm_stats.npz,1,1,0,0.0,0.0,0.0,0.05,1.0,1.0,,1.0,-1,,-1,,1.0,,1.0,1.0,508.64531260367073,97.0807562696882,499.14326134479927,500.78837905154194,338.2758615051597,709.2033347695018,
1783524256,eval__Walker2d-v4__td3__klb20__action_replace_0p05__seed5__pid3618085,td3,Walker2d-v4,5,20,1,klb20,action_replace_0p05,/home/users/am1015/rl_runs_td3_walker_kl_20260703_td3_kl_softrobust_5seed_rerun/Walker2d-v4__td3_kl_klb20__5__1783389178/td3_kl_klb20.cleanrl_model,/home/users/am1015/rl_runs_td3_walker_kl_20260703_td3_kl_softrobust_5seed_rerun/Walker2d-v4__td3_kl_klb20__5__1783389178/td3_kl_klb20.cleanrl_model.norm_stats.npz,1,1,0,0.0,0.0,0.0,0.05,1.0,1.0,,1.0,-1,,-1,,1.0,,1.0,1.0,922.2302193086174,399.3401364412546,796.5973275371584,829.7994398958903,492.6401861656841,1925.0251765619807,
1783524262,eval__Walker2d-v4__td3__klb20__action_replace_0p1__seed1__pid3618175,td3,Walker2d-v4,1,20,1,klb20,action_replace_0p1,/home/users/am1015/rl_runs_td3_walker_kl_20260703_td3_kl_softrobust_5seed_rerun/Walker2d-v4__td3_kl_klb20__1__1783379155/td3_kl_klb20.cleanrl_model,/home/users/am1015/rl_runs_td3_walker_kl_20260703_td3_kl_softrobust_5seed_rerun/Walker2d-v4__td3_kl_klb20__1__1783379155/td3_kl_klb20.cleanrl_model.norm_stats.npz,1,1,0,0.0,0.0,0.0,0.1,1.0,1.0,,1.0,-1,,-1,,1.0,,1.0,1.0,709.716214100483,201.18974737372335,754.6608195117648,752.8204691102692,95.89608790318984,1018.0993743487512,
1783524269,eval__Walker2d-v4__td3__klb20__action_replace_0p1__seed2__pid3618243,td3,Walker2d-v4,2,20,1,klb20,action_replace_0p1,/home/users/am1015/rl_runs_td3_walker_kl_20260703_td3_kl_softrobust_5seed_rerun/Walker2d-v4__td3_kl_klb20__2__1783383624/td3_kl_klb20.cleanrl_model,/home/users/am1015/rl_runs_td3_walker_kl_20260703_td3_kl_softrobust_5seed_rerun/Walker2d-v4__td3_kl_klb20__2__1783383624/td3_kl_klb20.cleanrl_model.norm_stats.npz,1,1,0,0.0,0.0,0.0,0.1,1.0,1.0,,1.0,-1,,-1,,1.0,,1.0,1.0,751.6554899588033,282.0726010711779,689.4722525576699,733.7362459827807,5.328947388419717,1310.7811120334077,
1783524279,eval__Walker2d-v4__td3__klb20__action_replace_0p1__seed3__pid3618316,td3,Walker2d-v4,3,20,1,klb20,action_replace_0p1,/home/users/am1015/rl_runs_td3_walker_kl_20260703_td3_kl_softrobust_5seed_rerun/Walker2d-v4__td3_kl_klb20__3__1783384046/td3_kl_klb20.cleanrl_model,/home/users/am1015/rl_runs_td3_walker_kl_20260703_td3_kl_softrobust_5seed_rerun/Walker2d-v4__td3_kl_klb20__3__1783384046/td3_kl_klb20.cleanrl_model.norm_stats.npz,1,1,0,0.0,0.0,0.0,0.1,1.0,1.0,,1.0,-1,,-1,,1.0,,1.0,1.0,563.9908145098402,422.3445136461291,494.1023353726039,553.0290426365606,20.61892249635924,1136.008837444406,
1783524284,eval__Walker2d-v4__td3__klb20__action_replace_0p1__seed4__pid3618385,td3,Walker2d-v4,4,20,1,klb20,action_replace_0p1,/home/users/am1015/rl_runs_td3_walker_kl_20260703_td3_kl_softrobust_5seed_rerun/Walker2d-v4__td3_kl_klb20__4__1783388843/td3_kl_klb20.cleanrl_model,/home/users/am1015/rl_runs_td3_walker_kl_20260703_td3_kl_softrobust_5seed_rerun/Walker2d-v4__td3_kl_klb20__4__1783388843/td3_kl_klb20.cleanrl_model.norm_stats.npz,1,1,0,0.0,0.0,0.0,0.1,1.0,1.0,,1.0,-1,,-1,,1.0,,1.0,1.0,471.7633681285426,96.04978237603544,461.7087379731148,471.1820399047738,327.47062857821584,713.1308545486385,
1783524292,eval__Walker2d-v4__td3__klb20__action_replace_0p1__seed5__pid3618451,td3,Walker2d-v4,5,20,1,klb20,action_replace_0p1,/home/users/am1015/rl_runs_td3_walker_kl_20260703_td3_kl_softrobust_5seed_rerun/Walker2d-v4__td3_kl_klb20__5__1783389178/td3_kl_klb20.cleanrl_model,/home/users/am1015/rl_runs_td3_walker_kl_20260703_td3_kl_softrobust_5seed_rerun/Walker2d-v4__td3_kl_klb20__5__1783389178/td3_kl_klb20.cleanrl_model.norm_stats.npz,1,1,0,0.0,0.0,0.0,0.1,1.0,1.0,,1.0,-1,,-1,,1.0,,1.0,1.0,646.376174731367,180.1530472528833,625.1253439924321,617.6134379121656,420.9639313686425,1030.1465322215215,
1783524299,eval__Walker2d-v4__td3__klb20__action_replace_0p15__seed1__pid3618545,td3,Walker2d-v4,1,20,1,klb20,action_replace_0p15,/home/users/am1015/rl_runs_td3_walker_kl_20260703_td3_kl_softrobust_5seed_rerun/Walker2d-v4__td3_kl_klb20__1__1783379155/td3_kl_klb20.cleanrl_model,/home/users/am1015/rl_runs_td3_walker_kl_20260703_td3_kl_softrobust_5seed_rerun/Walker2d-v4__td3_kl_klb20__1__1783379155/td3_kl_klb20.cleanrl_model.norm_stats.npz,1,1,0,0.0,0.0,0.0,0.15,1.0,1.0,,1.0,-1,,-1,,1.0,,1.0,1.0,675.9250072300083,211.3469551749893,706.835833736486,702.59321512954,93.23298895545813,1070.192540445774,
1783524306,eval__Walker2d-v4__td3__klb20__action_replace_0p15__seed2__pid3618621,td3,Walker2d-v4,2,20,1,klb20,action_replace_0p15,/home/users/am1015/rl_runs_td3_walker_kl_20260703_td3_kl_softrobust_5seed_rerun/Walker2d-v4__td3_kl_klb20__2__1783383624/td3_kl_klb20.cleanrl_model,/home/users/am1015/rl_runs_td3_walker_kl_20260703_td3_kl_softrobust_5seed_rerun/Walker2d-v4__td3_kl_klb20__2__1783383624/td3_kl_klb20.cleanrl_model.norm_stats.npz,1,1,0,0.0,0.0,0.0,0.15,1.0,1.0,,1.0,-1,,-1,,1.0,,1.0,1.0,745.7617972434188,230.1806670212312,678.7582078237566,696.2100167139553,333.15666763468056,1232.280763270362,
1783524316,eval__Walker2d-v4__td3__klb20__action_replace_0p15__seed3__pid3618692,td3,Walker2d-v4,3,20,1,klb20,action_replace_0p15,/home/users/am1015/rl_runs_td3_walker_kl_20260703_td3_kl_softrobust_5seed_rerun/Walker2d-v4__td3_kl_klb20__3__1783384046/td3_kl_klb20.cleanrl_model,/home/users/am1015/rl_runs_td3_walker_kl_20260703_td3_kl_softrobust_5seed_rerun/Walker2d-v4__td3_kl_klb20__3__1783384046/td3_kl_klb20.cleanrl_model.norm_stats.npz,1,1,0,0.0,0.0,0.0,0.15,1.0,1.0,,1.0,-1,,-1,,1.0,,1.0,1.0,665.0858000236509,423.29905602856667,660.8192425490075,717.4558998408736,70.45501655544547,1159.3417509187277,
1783524322,eval__Walker2d-v4__td3__klb20__action_replace_0p15__seed4__pid3618793,td3,Walker2d-v4,4,20,1,klb20,action_replace_0p15,/home/users/am1015/rl_runs_td3_walker_kl_20260703_td3_kl_softrobust_5seed_rerun/Walker2d-v4__td3_kl_klb20__4__1783388843/td3_kl_klb20.cleanrl_model,/home/users/am1015/rl_runs_td3_walker_kl_20260703_td3_kl_softrobust_5seed_rerun/Walker2d-v4__td3_kl_klb20__4__1783388843/td3_kl_klb20.cleanrl_model.norm_stats.npz,1,1,0,0.0,0.0,0.0,0.15,1.0,1.0,,1.0,-1,,-1,,1.0,,1.0,1.0,437.76957405679184,102.03630919400732,409.0305572481079,413.9035739612172,310.4844993969343,653.8021328558235,
1783524329,eval__Walker2d-v4__td3__klb20__action_replace_0p15__seed5__pid3618860,td3,Walker2d-v4,5,20,1,klb20,action_replace_0p15,/home/users/am1015/rl_runs_td3_walker_kl_20260703_td3_kl_softrobust_5seed_rerun/Walker2d-v4__td3_kl_klb20__5__1783389178/td3_kl_klb20.cleanrl_model,/home/users/am1015/rl_runs_td3_walker_kl_20260703_td3_kl_softrobust_5seed_rerun/Walker2d-v4__td3_kl_klb20__5__1783389178/td3_kl_klb20.cleanrl_model.norm_stats.npz,1,1,0,0.0,0.0,0.0,0.15,1.0,1.0,,1.0,-1,,-1,,1.0,,1.0,1.0,601.7466550159784,231.72571509740783,579.1064833736252,561.9901439980624,144.63769345512392,1170.3301004912898,
1783524336,eval__Walker2d-v4__td3__klb20__action_replace_0p2__seed1__pid3618926,td3,Walker2d-v4,1,20,1,klb20,action_replace_0p2,/home/users/am1015/rl_runs_td3_walker_kl_20260703_td3_kl_softrobust_5seed_rerun/Walker2d-v4__td3_kl_klb20__1__1783379155/td3_kl_klb20.cleanrl_model,/home/users/am1015/rl_runs_td3_walker_kl_20260703_td3_kl_softrobust_5seed_rerun/Walker2d-v4__td3_kl_klb20__1__1783379155/td3_kl_klb20.cleanrl_model.norm_stats.npz,1,1,0,0.0,0.0,0.0,0.2,1.0,1.0,,1.0,-1,,-1,,1.0,,1.0,1.0,617.0165203463381,163.19131254168974,628.6239845433449,619.8336981163701,303.4473251659835,903.80365379496,
1783524343,eval__Walker2d-v4__td3__klb20__action_replace_0p2__seed2__pid3618998,td3,Walker2d-v4,2,20,1,klb20,action_replace_0p2,/home/users/am1015/rl_runs_td3_walker_kl_20260703_td3_kl_softrobust_5seed_rerun/Walker2d-v4__td3_kl_klb20__2__1783383624/td3_kl_klb20.cleanrl_model,/home/users/am1015/rl_runs_td3_walker_kl_20260703_td3_kl_softrobust_5seed_rerun/Walker2d-v4__td3_kl_klb20__2__1783383624/td3_kl_klb20.cleanrl_model.norm_stats.npz,1,1,0,0.0,0.0,0.0,0.2,1.0,1.0,,1.0,-1,,-1,,1.0,,1.0,1.0,682.0446775048548,191.24205157444015,592.2237315583609,628.9385983913223,370.9300863953147,1092.1723189423735,
1783524351,eval__Walker2d-v4__td3__klb20__action_replace_0p2__seed3__pid3619086,td3,Walker2d-v4,3,20,1,klb20,action_replace_0p2,/home/users/am1015/rl_runs_td3_walker_kl_20260703_td3_kl_softrobust_5seed_rerun/Walker2d-v4__td3_kl_klb20__3__1783384046/td3_kl_klb20.cleanrl_model,/home/users/am1015/rl_runs_td3_walker_kl_20260703_td3_kl_softrobust_5seed_rerun/Walker2d-v4__td3_kl_klb20__3__1783384046/td3_kl_klb20.cleanrl_model.norm_stats.npz,1,1,0,0.0,0.0,0.0,0.2,1.0,1.0,,1.0,-1,,-1,,1.0,,1.0,1.0,562.4343266969878,395.0267608435825,424.8919970884474,515.7010155390802,56.06492333058723,1126.4407694164986,
1783524357,eval__Walker2d-v4__td3__klb20__action_replace_0p2__seed4__pid3619163,td3,Walker2d-v4,4,20,1,klb20,action_replace_0p2,/home/users/am1015/rl_runs_td3_walker_kl_20260703_td3_kl_softrobust_5seed_rerun/Walker2d-v4__td3_kl_klb20__4__1783388843/td3_kl_klb20.cleanrl_model,/home/users/am1015/rl_runs_td3_walker_kl_20260703_td3_kl_softrobust_5seed_rerun/Walker2d-v4__td3_kl_klb20__4__1783388843/td3_kl_klb20.cleanrl_model.norm_stats.npz,1,1,0,0.0,0.0,0.0,0.2,1.0,1.0,,1.0,-1,,-1,,1.0,,1.0,1.0,439.2384448453339,74.81126571937244,452.1546219873918,435.98332945242873,328.23660557284114,565.828231147364,
1783524364,eval__Walker2d-v4__td3__klb20__action_replace_0p2__seed5__pid3619230,td3,Walker2d-v4,5,20,1,klb20,action_replace_0p2,/home/users/am1015/rl_runs_td3_walker_kl_20260703_td3_kl_softrobust_5seed_rerun/Walker2d-v4__td3_kl_klb20__5__1783389178/td3_kl_klb20.cleanrl_model,/home/users/am1015/rl_runs_td3_walker_kl_20260703_td3_kl_softrobust_5seed_rerun/Walker2d-v4__td3_kl_klb20__5__1783389178/td3_kl_klb20.cleanrl_model.norm_stats.npz,1,1,0,0.0,0.0,0.0,0.2,1.0,1.0,,1.0,-1,,-1,,1.0,,1.0,1.0,514.9769275687083,128.2366548931185,476.2656119857716,489.0981664831701,362.6197871330111,773.616997053369,
1783524370,eval__Walker2d-v4__td3__klb20__action_replace_0p25__seed1__pid3619295,td3,Walker2d-v4,1,20,1,klb20,action_replace_0p25,/home/users/am1015/rl_runs_td3_walker_kl_20260703_td3_kl_softrobust_5seed_rerun/Walker2d-v4__td3_kl_klb20__1__1783379155/td3_kl_klb20.cleanrl_model,/home/users/am1015/rl_runs_td3_walker_kl_20260703_td3_kl_softrobust_5seed_rerun/Walker2d-v4__td3_kl_klb20__1__1783379155/td3_kl_klb20.cleanrl_model.norm_stats.npz,1,1,0,0.0,0.0,0.0,0.25,1.0,1.0,,1.0,-1,,-1,,1.0,,1.0,1.0,500.75879180153,238.0384987353456,462.0543798583555,480.2811260246799,111.35010807517024,932.1760596635136,
1783524377,eval__Walker2d-v4__td3__klb20__action_replace_0p25__seed2__pid3619365,td3,Walker2d-v4,2,20,1,klb20,action_replace_0p25,/home/users/am1015/rl_runs_td3_walker_kl_20260703_td3_kl_softrobust_5seed_rerun/Walker2d-v4__td3_kl_klb20__2__1783383624/td3_kl_klb20.cleanrl_model,/home/users/am1015/rl_runs_td3_walker_kl_20260703_td3_kl_softrobust_5seed_rerun/Walker2d-v4__td3_kl_klb20__2__1783383624/td3_kl_klb20.cleanrl_model.norm_stats.npz,1,1,0,0.0,0.0,0.0,0.25,1.0,1.0,,1.0,-1,,-1,,1.0,,1.0,1.0,588.1707882609433,265.0876382444642,586.4720210838811,585.5806882450413,12.12598194683552,1293.6218043113884,
1783524388,eval__Walker2d-v4__td3__klb20__action_replace_0p25__seed3__pid3619431,td3,Walker2d-v4,3,20,1,klb20,action_replace_0p25,/home/users/am1015/rl_runs_td3_walker_kl_20260703_td3_kl_softrobust_5seed_rerun/Walker2d-v4__td3_kl_klb20__3__1783384046/td3_kl_klb20.cleanrl_model,/home/users/am1015/rl_runs_td3_walker_kl_20260703_td3_kl_softrobust_5seed_rerun/Walker2d-v4__td3_kl_klb20__3__1783384046/td3_kl_klb20.cleanrl_model.norm_stats.npz,1,1,0,0.0,0.0,0.0,0.25,1.0,1.0,,1.0,-1,,-1,,1.0,,1.0,1.0,715.1856521207977,393.34791162353474,851.3916464664353,748.873178934746,75.05266043809107,1158.8901689507177,
1783524393,eval__Walker2d-v4__td3__klb20__action_replace_0p25__seed4__pid3619534,td3,Walker2d-v4,4,20,1,klb20,action_replace_0p25,/home/users/am1015/rl_runs_td3_walker_kl_20260703_td3_kl_softrobust_5seed_rerun/Walker2d-v4__td3_kl_klb20__4__1783388843/td3_kl_klb20.cleanrl_model,/home/users/am1015/rl_runs_td3_walker_kl_20260703_td3_kl_softrobust_5seed_rerun/Walker2d-v4__td3_kl_klb20__4__1783388843/td3_kl_klb20.cleanrl_model.norm_stats.npz,1,1,0,0.0,0.0,0.0,0.25,1.0,1.0,,1.0,-1,,-1,,1.0,,1.0,1.0,417.8661243797748,78.74484849768493,428.56224007909583,418.2567841241356,283.0359872990057,545.3285669387944,
1783524400,eval__Walker2d-v4__td3__klb20__action_replace_0p25__seed5__pid3619616,td3,Walker2d-v4,5,20,1,klb20,action_replace_0p25,/home/users/am1015/rl_runs_td3_walker_kl_20260703_td3_kl_softrobust_5seed_rerun/Walker2d-v4__td3_kl_klb20__5__1783389178/td3_kl_klb20.cleanrl_model,/home/users/am1015/rl_runs_td3_walker_kl_20260703_td3_kl_softrobust_5seed_rerun/Walker2d-v4__td3_kl_klb20__5__1783389178/td3_kl_klb20.cleanrl_model.norm_stats.npz,1,1,0,0.0,0.0,0.0,0.25,1.0,1.0,,1.0,-1,,-1,,1.0,,1.0,1.0,485.37498244952457,131.8152104709165,465.9814866441822,465.9465014300405,276.4007950429715,865.1110101342689,
1783524406,eval__Walker2d-v4__td3__klb20__action_replace_0p3__seed1__pid3619692,td3,Walker2d-v4,1,20,1,klb20,action_replace_0p3,/home/users/am1015/rl_runs_td3_walker_kl_20260703_td3_kl_softrobust_5seed_rerun/Walker2d-v4__td3_kl_klb20__1__1783379155/td3_kl_klb20.cleanrl_model,/home/users/am1015/rl_runs_td3_walker_kl_20260703_td3_kl_softrobust_5seed_rerun/Walker2d-v4__td3_kl_klb20__1__1783379155/td3_kl_klb20.cleanrl_model.norm_stats.npz,1,1,0,0.0,0.0,0.0,0.3,1.0,1.0,,1.0,-1,,-1,,1.0,,1.0,1.0,437.6660479051727,242.231090254899,427.1176184480568,444.9278277047754,57.12805415959048,831.5550089577606,
1783524412,eval__Walker2d-v4__td3__klb20__action_replace_0p3__seed2__pid3619757,td3,Walker2d-v4,2,20,1,klb20,action_replace_0p3,/home/users/am1015/rl_runs_td3_walker_kl_20260703_td3_kl_softrobust_5seed_rerun/Walker2d-v4__td3_kl_klb20__2__1783383624/td3_kl_klb20.cleanrl_model,/home/users/am1015/rl_runs_td3_walker_kl_20260703_td3_kl_softrobust_5seed_rerun/Walker2d-v4__td3_kl_klb20__2__1783383624/td3_kl_klb20.cleanrl_model.norm_stats.npz,1,1,0,0.0,0.0,0.0,0.3,1.0,1.0,,1.0,-1,,-1,,1.0,,1.0,1.0,458.2904624373374,244.9990748970537,506.57141367749614,462.98699401160457,28.315671193800966,1096.226872475523,
1783524422,eval__Walker2d-v4__td3__klb20__action_replace_0p3__seed3__pid3619802,td3,Walker2d-v4,3,20,1,klb20,action_replace_0p3,/home/users/am1015/rl_runs_td3_walker_kl_20260703_td3_kl_softrobust_5seed_rerun/Walker2d-v4__td3_kl_klb20__3__1783384046/td3_kl_klb20.cleanrl_model,/home/users/am1015/rl_runs_td3_walker_kl_20260703_td3_kl_softrobust_5seed_rerun/Walker2d-v4__td3_kl_klb20__3__1783384046/td3_kl_klb20.cleanrl_model.norm_stats.npz,1,1,0,0.0,0.0,0.0,0.3,1.0,1.0,,1.0,-1,,-1,,1.0,,1.0,1.0,724.8161252358133,332.535835107893,798.717062801787,728.1449749345508,281.7579853218319,1172.1977848295094,
1783524428,eval__Walker2d-v4__td3__klb20__action_replace_0p3__seed4__pid3619924,td3,Walker2d-v4,4,20,1,klb20,action_replace_0p3,/home/users/am1015/rl_runs_td3_walker_kl_20260703_td3_kl_softrobust_5seed_rerun/Walker2d-v4__td3_kl_klb20__4__1783388843/td3_kl_klb20.cleanrl_model,/home/users/am1015/rl_runs_td3_walker_kl_20260703_td3_kl_softrobust_5seed_rerun/Walker2d-v4__td3_kl_klb20__4__1783388843/td3_kl_klb20.cleanrl_model.norm_stats.npz,1,1,0,0.0,0.0,0.0,0.3,1.0,1.0,,1.0,-1,,-1,,1.0,,1.0,1.0,356.9002085682132,137.33270204666553,334.62225840275096,332.893888065497,71.37259586256653,683.2965537733985,
1783524434,eval__Walker2d-v4__td3__klb20__action_replace_0p3__seed5__pid3619992,td3,Walker2d-v4,5,20,1,klb20,action_replace_0p3,/home/users/am1015/rl_runs_td3_walker_kl_20260703_td3_kl_softrobust_5seed_rerun/Walker2d-v4__td3_kl_klb20__5__1783389178/td3_kl_klb20.cleanrl_model,/home/users/am1015/rl_runs_td3_walker_kl_20260703_td3_kl_softrobust_5seed_rerun/Walker2d-v4__td3_kl_klb20__5__1783389178/td3_kl_klb20.cleanrl_model.norm_stats.npz,1,1,0,0.0,0.0,0.0,0.3,1.0,1.0,,1.0,-1,,-1,,1.0,,1.0,1.0,445.4092652302804,71.80103454375683,423.29996693520735,432.2040942052053,325.334247329548,575.3619391823016,
1783524439,eval__Walker2d-v4__td3__klb20__action_replace_0p35__seed1__pid3620056,td3,Walker2d-v4,1,20,1,klb20,action_replace_0p35,/home/users/am1015/rl_runs_td3_walker_kl_20260703_td3_kl_softrobust_5seed_rerun/Walker2d-v4__td3_kl_klb20__1__1783379155/td3_kl_klb20.cleanrl_model,/home/users/am1015/rl_runs_td3_walker_kl_20260703_td3_kl_softrobust_5seed_rerun/Walker2d-v4__td3_kl_klb20__1__1783379155/td3_kl_klb20.cleanrl_model.norm_stats.npz,1,1,0,0.0,0.0,0.0,0.35,1.0,1.0,,1.0,-1,,-1,,1.0,,1.0,1.0,339.417057297332,165.2443430750083,360.99236172081226,354.1617962919992,52.14268411878575,609.2618605217582,
1783524446,eval__Walker2d-v4__td3__klb20__action_replace_0p35__seed2__pid3620118,td3,Walker2d-v4,2,20,1,klb20,action_replace_0p35,/home/users/am1015/rl_runs_td3_walker_kl_20260703_td3_kl_softrobust_5seed_rerun/Walker2d-v4__td3_kl_klb20__2__1783383624/td3_kl_klb20.cleanrl_model,/home/users/am1015/rl_runs_td3_walker_kl_20260703_td3_kl_softrobust_5seed_rerun/Walker2d-v4__td3_kl_klb20__2__1783383624/td3_kl_klb20.cleanrl_model.norm_stats.npz,1,1,0,0.0,0.0,0.0,0.35,1.0,1.0,,1.0,-1,,-1,,1.0,,1.0,1.0,520.6423627917895,134.7882347497433,530.1341095894019,536.6666430666899,58.27201008126159,703.2574587053016,
1783524453,eval__Walker2d-v4__td3__klb20__action_replace_0p35__seed3__pid3620192,td3,Walker2d-v4,3,20,1,klb20,action_replace_0p35,/home/users/am1015/rl_runs_td3_walker_kl_20260703_td3_kl_softrobust_5seed_rerun/Walker2d-v4__td3_kl_klb20__3__1783384046/td3_kl_klb20.cleanrl_model,/home/users/am1015/rl_runs_td3_walker_kl_20260703_td3_kl_softrobust_5seed_rerun/Walker2d-v4__td3_kl_klb20__3__1783384046/td3_kl_klb20.cleanrl_model.norm_stats.npz,1,1,0,0.0,0.0,0.0,0.35,1.0,1.0,,1.0,-1,,-1,,1.0,,1.0,1.0,469.5914681308333,256.97265871841205,441.2743794923455,447.59462757272087,78.69823392347959,984.8683394532566,
1783524459,eval__Walker2d-v4__td3__klb20__action_replace_0p35__seed4__pid3620267,td3,Walker2d-v4,4,20,1,klb20,action_replace_0p35,/home/users/am1015/rl_runs_td3_walker_kl_20260703_td3_kl_softrobust_5seed_rerun/Walker2d-v4__td3_kl_klb20__4__1783388843/td3_kl_klb20.cleanrl_model,/home/users/am1015/rl_runs_td3_walker_kl_20260703_td3_kl_softrobust_5seed_rerun/Walker2d-v4__td3_kl_klb20__4__1783388843/td3_kl_klb20.cleanrl_model.norm_stats.npz,1,1,0,0.0,0.0,0.0,0.35,1.0,1.0,,1.0,-1,,-1,,1.0,,1.0,1.0,378.0685902583713,67.07069757309496,354.68983236511826,364.755078641425,298.2405989880721,528.9826490179199,
1783524465,eval__Walker2d-v4__td3__klb20__action_replace_0p35__seed5__pid3620327,td3,Walker2d-v4,5,20,1,klb20,action_replace_0p35,/home/users/am1015/rl_runs_td3_walker_kl_20260703_td3_kl_softrobust_5seed_rerun/Walker2d-v4__td3_kl_klb20__5__1783389178/td3_kl_klb20.cleanrl_model,/home/users/am1015/rl_runs_td3_walker_kl_20260703_td3_kl_softrobust_5seed_rerun/Walker2d-v4__td3_kl_klb20__5__1783389178/td3_kl_klb20.cleanrl_model.norm_stats.npz,1,1,0,0.0,0.0,0.0,0.35,1.0,1.0,,1.0,-1,,-1,,1.0,,1.0,1.0,380.3980817654642,118.17187790905837,380.2281796781543,376.5739302701421,93.23212210474308,665.7142694363778,
1783524471,eval__Walker2d-v4__td3__klb20__action_replace_0p4__seed1__pid3620372,td3,Walker2d-v4,1,20,1,klb20,action_replace_0p4,/home/users/am1015/rl_runs_td3_walker_kl_20260703_td3_kl_softrobust_5seed_rerun/Walker2d-v4__td3_kl_klb20__1__1783379155/td3_kl_klb20.cleanrl_model,/home/users/am1015/rl_runs_td3_walker_kl_20260703_td3_kl_softrobust_5seed_rerun/Walker2d-v4__td3_kl_klb20__1__1783379155/td3_kl_klb20.cleanrl_model.norm_stats.npz,1,1,0,0.0,0.0,0.0,0.4,1.0,1.0,,1.0,-1,,-1,,1.0,,1.0,1.0,352.0396994393883,153.38456151144788,383.409580019493,369.76535850354674,65.29603603121602,598.3292746081019,
1783524477,eval__Walker2d-v4__td3__klb20__action_replace_0p4__seed2__pid3620408,td3,Walker2d-v4,2,20,1,klb20,action_replace_0p4,/home/users/am1015/rl_runs_td3_walker_kl_20260703_td3_kl_softrobust_5seed_rerun/Walker2d-v4__td3_kl_klb20__2__1783383624/td3_kl_klb20.cleanrl_model,/home/users/am1015/rl_runs_td3_walker_kl_20260703_td3_kl_softrobust_5seed_rerun/Walker2d-v4__td3_kl_klb20__2__1783383624/td3_kl_klb20.cleanrl_model.norm_stats.npz,1,1,0,0.0,0.0,0.0,0.4,1.0,1.0,,1.0,-1,,-1,,1.0,,1.0,1.0,393.3040405792839,159.5425292163481,377.9233073554293,396.9669651536891,52.85998094673866,702.5185226492599,
1783524482,eval__Walker2d-v4__td3__klb20__action_replace_0p4__seed3__pid3620474,td3,Walker2d-v4,3,20,1,klb20,action_replace_0p4,/home/users/am1015/rl_runs_td3_walker_kl_20260703_td3_kl_softrobust_5seed_rerun/Walker2d-v4__td3_kl_klb20__3__1783384046/td3_kl_klb20.cleanrl_model,/home/users/am1015/rl_runs_td3_walker_kl_20260703_td3_kl_softrobust_5seed_rerun/Walker2d-v4__td3_kl_klb20__3__1783384046/td3_kl_klb20.cleanrl_model.norm_stats.npz,1,1,0,0.0,0.0,0.0,0.4,1.0,1.0,,1.0,-1,,-1,,1.0,,1.0,1.0,274.68323812432607,180.72491271628195,272.9619222936906,268.9791056004891,23.96515936825868,704.7062631358216,
1783524488,eval__Walker2d-v4__td3__klb20__action_replace_0p4__seed4__pid3620507,td3,Walker2d-v4,4,20,1,klb20,action_replace_0p4,/home/users/am1015/rl_runs_td3_walker_kl_20260703_td3_kl_softrobust_5seed_rerun/Walker2d-v4__td3_kl_klb20__4__1783388843/td3_kl_klb20.cleanrl_model,/home/users/am1015/rl_runs_td3_walker_kl_20260703_td3_kl_softrobust_5seed_rerun/Walker2d-v4__td3_kl_klb20__4__1783388843/td3_kl_klb20.cleanrl_model.norm_stats.npz,1,1,0,0.0,0.0,0.0,0.4,1.0,1.0,,1.0,-1,,-1,,1.0,,1.0,1.0,349.9664048406002,69.66205205946727,351.6974605863471,343.4484987964336,247.45798388703707,536.9228208675262,
1783524494,eval__Walker2d-v4__td3__klb20__action_replace_0p4__seed5__pid3620566,td3,Walker2d-v4,5,20,1,klb20,action_replace_0p4,/home/users/am1015/rl_runs_td3_walker_kl_20260703_td3_kl_softrobust_5seed_rerun/Walker2d-v4__td3_kl_klb20__5__1783389178/td3_kl_klb20.cleanrl_model,/home/users/am1015/rl_runs_td3_walker_kl_20260703_td3_kl_softrobust_5seed_rerun/Walker2d-v4__td3_kl_klb20__5__1783389178/td3_kl_klb20.cleanrl_model.norm_stats.npz,1,1,0,0.0,0.0,0.0,0.4,1.0,1.0,,1.0,-1,,-1,,1.0,,1.0,1.0,406.5776511380816,128.77026784718987,397.1430186320888,397.2247069373649,79.41985412326372,746.484934389799,
1783524500,eval__Walker2d-v4__td3__klb20__action_replace_0p45__seed1__pid3620608,td3,Walker2d-v4,1,20,1,klb20,action_replace_0p45,/home/users/am1015/rl_runs_td3_walker_kl_20260703_td3_kl_softrobust_5seed_rerun/Walker2d-v4__td3_kl_klb20__1__1783379155/td3_kl_klb20.cleanrl_model,/home/users/am1015/rl_runs_td3_walker_kl_20260703_td3_kl_softrobust_5seed_rerun/Walker2d-v4__td3_kl_klb20__1__1783379155/td3_kl_klb20.cleanrl_model.norm_stats.npz,1,1,0,0.0,0.0,0.0,0.45,1.0,1.0,,1.0,-1,,-1,,1.0,,1.0,1.0,327.6774851970197,173.85223882844582,336.86031619245966,319.28652023440816,21.820310290787926,778.6760731809153,
1783524505,eval__Walker2d-v4__td3__klb20__action_replace_0p45__seed2__pid3620672,td3,Walker2d-v4,2,20,1,klb20,action_replace_0p45,/home/users/am1015/rl_runs_td3_walker_kl_20260703_td3_kl_softrobust_5seed_rerun/Walker2d-v4__td3_kl_klb20__2__1783383624/td3_kl_klb20.cleanrl_model,/home/users/am1015/rl_runs_td3_walker_kl_20260703_td3_kl_softrobust_5seed_rerun/Walker2d-v4__td3_kl_klb20__2__1783383624/td3_kl_klb20.cleanrl_model.norm_stats.npz,1,1,0,0.0,0.0,0.0,0.45,1.0,1.0,,1.0,-1,,-1,,1.0,,1.0,1.0,348.3231734002608,254.01144488800108,413.5219842384108,366.4808773279427,-6.661162265256451,927.9928944852336,
1783524513,eval__Walker2d-v4__td3__klb20__action_replace_0p45__seed3__pid3620739,td3,Walker2d-v4,3,20,1,klb20,action_replace_0p45,/home/users/am1015/rl_runs_td3_walker_kl_20260703_td3_kl_softrobust_5seed_rerun/Walker2d-v4__td3_kl_klb20__3__1783384046/td3_kl_klb20.cleanrl_model,/home/users/am1015/rl_runs_td3_walker_kl_20260703_td3_kl_softrobust_5seed_rerun/Walker2d-v4__td3_kl_klb20__3__1783384046/td3_kl_klb20.cleanrl_model.norm_stats.npz,1,1,0,0.0,0.0,0.0,0.45,1.0,1.0,,1.0,-1,,-1,,1.0,,1.0,1.0,379.6070362602881,232.15779965894563,316.16992787230816,343.82635321423203,46.78597242146661,945.9445821005548,
1783524518,eval__Walker2d-v4__td3__klb20__action_replace_0p45__seed4__pid3620804,td3,Walker2d-v4,4,20,1,klb20,action_replace_0p45,/home/users/am1015/rl_runs_td3_walker_kl_20260703_td3_kl_softrobust_5seed_rerun/Walker2d-v4__td3_kl_klb20__4__1783388843/td3_kl_klb20.cleanrl_model,/home/users/am1015/rl_runs_td3_walker_kl_20260703_td3_kl_softrobust_5seed_rerun/Walker2d-v4__td3_kl_klb20__4__1783388843/td3_kl_klb20.cleanrl_model.norm_stats.npz,1,1,0,0.0,0.0,0.0,0.45,1.0,1.0,,1.0,-1,,-1,,1.0,,1.0,1.0,302.2406954899893,71.28887309038466,309.9723134032897,310.59336591786104,60.763600516903146,410.3371632648779,
1783524524,eval__Walker2d-v4__td3__klb20__action_replace_0p45__seed5__pid3620843,td3,Walker2d-v4,5,20,1,klb20,action_replace_0p45,/home/users/am1015/rl_runs_td3_walker_kl_20260703_td3_kl_softrobust_5seed_rerun/Walker2d-v4__td3_kl_klb20__5__1783389178/td3_kl_klb20.cleanrl_model,/home/users/am1015/rl_runs_td3_walker_kl_20260703_td3_kl_softrobust_5seed_rerun/Walker2d-v4__td3_kl_klb20__5__1783389178/td3_kl_klb20.cleanrl_model.norm_stats.npz,1,1,0,0.0,0.0,0.0,0.45,1.0,1.0,,1.0,-1,,-1,,1.0,,1.0,1.0,380.0580316151814,108.87920190273265,388.1753339065384,387.4140110961908,160.25704095734994,576.9695993055128,
1783524530,eval__Walker2d-v4__td3__klb20__action_replace_0p5__seed1__pid3620908,td3,Walker2d-v4,1,20,1,klb20,action_replace_0p5,/home/users/am1015/rl_runs_td3_walker_kl_20260703_td3_kl_softrobust_5seed_rerun/Walker2d-v4__td3_kl_klb20__1__1783379155/td3_kl_klb20.cleanrl_model,/home/users/am1015/rl_runs_td3_walker_kl_20260703_td3_kl_softrobust_5seed_rerun/Walker2d-v4__td3_kl_klb20__1__1783379155/td3_kl_klb20.cleanrl_model.norm_stats.npz,1,1,0,0.0,0.0,0.0,0.5,1.0,1.0,,1.0,-1,,-1,,1.0,,1.0,1.0,242.86771208550985,162.12620141625385,252.79301002488668,227.59148963311844,10.339269161062742,534.1657211316868,
1783524535,eval__Walker2d-v4__td3__klb20__action_replace_0p5__seed2__pid3620941,td3,Walker2d-v4,2,20,1,klb20,action_replace_0p5,/home/users/am1015/rl_runs_td3_walker_kl_20260703_td3_kl_softrobust_5seed_rerun/Walker2d-v4__td3_kl_klb20__2__1783383624/td3_kl_klb20.cleanrl_model,/home/users/am1015/rl_runs_td3_walker_kl_20260703_td3_kl_softrobust_5seed_rerun/Walker2d-v4__td3_kl_klb20__2__1783383624/td3_kl_klb20.cleanrl_model.norm_stats.npz,1,1,0,0.0,0.0,0.0,0.5,1.0,1.0,,1.0,-1,,-1,,1.0,,1.0,1.0,303.0282175344722,161.87815390214706,352.69335275623234,337.60073000205773,-5.207098338330493,548.0489951052665,
1783524541,eval__Walker2d-v4__td3__klb20__action_replace_0p5__seed3__pid3621009,td3,Walker2d-v4,3,20,1,klb20,action_replace_0p5,/home/users/am1015/rl_runs_td3_walker_kl_20260703_td3_kl_softrobust_5seed_rerun/Walker2d-v4__td3_kl_klb20__3__1783384046/td3_kl_klb20.cleanrl_model,/home/users/am1015/rl_runs_td3_walker_kl_20260703_td3_kl_softrobust_5seed_rerun/Walker2d-v4__td3_kl_klb20__3__1783384046/td3_kl_klb20.cleanrl_model.norm_stats.npz,1,1,0,0.0,0.0,0.0,0.5,1.0,1.0,,1.0,-1,,-1,,1.0,,1.0,1.0,227.9746981526826,211.89716995798867,174.08562760487862,189.11610433047204,27.593031107037028,857.9446727970419,
1783524547,eval__Walker2d-v4__td3__klb20__action_replace_0p5__seed4__pid3621075,td3,Walker2d-v4,4,20,1,klb20,action_replace_0p5,/home/users/am1015/rl_runs_td3_walker_kl_20260703_td3_kl_softrobust_5seed_rerun/Walker2d-v4__td3_kl_klb20__4__1783388843/td3_kl_klb20.cleanrl_model,/home/users/am1015/rl_runs_td3_walker_kl_20260703_td3_kl_softrobust_5seed_rerun/Walker2d-v4__td3_kl_klb20__4__1783388843/td3_kl_klb20.cleanrl_model.norm_stats.npz,1,1,0,0.0,0.0,0.0,0.5,1.0,1.0,,1.0,-1,,-1,,1.0,,1.0,1.0,303.88092588084334,143.11050840929116,304.757260201134,297.00630245678377,78.69870131258098,731.2991402304076,
1783524552,eval__Walker2d-v4__td3__klb20__action_replace_0p5__seed5__pid3621142,td3,Walker2d-v4,5,20,1,klb20,action_replace_0p5,/home/users/am1015/rl_runs_td3_walker_kl_20260703_td3_kl_softrobust_5seed_rerun/Walker2d-v4__td3_kl_klb20__5__1783389178/td3_kl_klb20.cleanrl_model,/home/users/am1015/rl_runs_td3_walker_kl_20260703_td3_kl_softrobust_5seed_rerun/Walker2d-v4__td3_kl_klb20__5__1783389178/td3_kl_klb20.cleanrl_model.norm_stats.npz,1,1,0,0.0,0.0,0.0,0.5,1.0,1.0,,1.0,-1,,-1,,1.0,,1.0,1.0,364.3424340359616,111.56539440263616,382.6242810041876,380.3989846504362,50.38214967097654,593.005899470562,
1783524562,eval__Walker2d-v4__td3__klb50__action_replace_0__seed1__pid3621208,td3,Walker2d-v4,1,20,0,klb50,action_replace_0,/home/users/am1015/rl_runs_td3_walker_kl_20260703_td3_kl_softrobust_5seed_rerun/Walker2d-v4__td3_kl_klb50__1__1783389478/td3_kl_klb50.cleanrl_model,/home/users/am1015/rl_runs_td3_walker_kl_20260703_td3_kl_softrobust_5seed_rerun/Walker2d-v4__td3_kl_klb50__1__1783389478/td3_kl_klb50.cleanrl_model.norm_stats.npz,1,1,0,0.0,0.0,0.0,0.0,1.0,1.0,,1.0,-1,,-1,,1.0,,1.0,1.0,850.2149142149917,400.2296237760014,624.5480839390482,741.6918148351346,396.1201905355634,1722.598669806319,
1783524567,eval__Walker2d-v4__td3__klb50__action_replace_0__seed2__pid3621276,td3,Walker2d-v4,2,20,0,klb50,action_replace_0,/home/users/am1015/rl_runs_td3_walker_kl_20260703_td3_kl_softrobust_5seed_rerun/Walker2d-v4__td3_kl_klb50__2__1783389899/td3_kl_klb50.cleanrl_model,/home/users/am1015/rl_runs_td3_walker_kl_20260703_td3_kl_softrobust_5seed_rerun/Walker2d-v4__td3_kl_klb50__2__1783389899/td3_kl_klb50.cleanrl_model.norm_stats.npz,1,1,0,0.0,0.0,0.0,0.0,1.0,1.0,,1.0,-1,,-1,,1.0,,1.0,1.0,441.773715323314,45.581770796377576,439.6130932158101,437.46692123964505,376.84556067047663,522.4473655975327,
1783524573,eval__Walker2d-v4__td3__klb50__action_replace_0__seed3__pid3621332,td3,Walker2d-v4,3,20,0,klb50,action_replace_0,/home/users/am1015/rl_runs_td3_walker_kl_20260703_td3_kl_softrobust_5seed_rerun/Walker2d-v4__td3_kl_klb50__3__1783428985/td3_kl_klb50.cleanrl_model,/home/users/am1015/rl_runs_td3_walker_kl_20260703_td3_kl_softrobust_5seed_rerun/Walker2d-v4__td3_kl_klb50__3__1783428985/td3_kl_klb50.cleanrl_model.norm_stats.npz,1,1,0,0.0,0.0,0.0,0.0,1.0,1.0,,1.0,-1,,-1,,1.0,,1.0,1.0,555.3905290066443,53.05608673511007,553.7718315258423,550.8188259869688,462.08038167323065,693.1462496551071,
1783524579,eval__Walker2d-v4__td3__klb50__action_replace_0__seed4__pid3621375,td3,Walker2d-v4,4,20,0,klb50,action_replace_0,/home/users/am1015/rl_runs_td3_walker_kl_20260703_td3_kl_softrobust_5seed_rerun/Walker2d-v4__td3_kl_klb50__4__1783429583/td3_kl_klb50.cleanrl_model,/home/users/am1015/rl_runs_td3_walker_kl_20260703_td3_kl_softrobust_5seed_rerun/Walker2d-v4__td3_kl_klb50__4__1783429583/td3_kl_klb50.cleanrl_model.norm_stats.npz,1,1,0,0.0,0.0,0.0,0.0,1.0,1.0,,1.0,-1,,-1,,1.0,,1.0,1.0,602.3958527378052,25.944910291777276,599.5338804718492,601.1658289771789,550.8812379169289,645.9797626058412,
1783524585,eval__Walker2d-v4__td3__klb50__action_replace_0__seed5__pid3621465,td3,Walker2d-v4,5,20,0,klb50,action_replace_0,/home/users/am1015/rl_runs_td3_walker_kl_20260703_td3_kl_softrobust_5seed_rerun/Walker2d-v4__td3_kl_klb50__5__1783434023/td3_kl_klb50.cleanrl_model,/home/users/am1015/rl_runs_td3_walker_kl_20260703_td3_kl_softrobust_5seed_rerun/Walker2d-v4__td3_kl_klb50__5__1783434023/td3_kl_klb50.cleanrl_model.norm_stats.npz,1,1,0,0.0,0.0,0.0,0.0,1.0,1.0,,1.0,-1,,-1,,1.0,,1.0,1.0,521.1983959852689,37.18939435726482,530.6511184076676,525.1303940755016,458.41336634034633,584.9558635585271,
1783524595,eval__Walker2d-v4__td3__klb50__action_replace_0p05__seed1__pid3621529,td3,Walker2d-v4,1,20,1,klb50,action_replace_0p05,/home/users/am1015/rl_runs_td3_walker_kl_20260703_td3_kl_softrobust_5seed_rerun/Walker2d-v4__td3_kl_klb50__1__1783389478/td3_kl_klb50.cleanrl_model,/home/users/am1015/rl_runs_td3_walker_kl_20260703_td3_kl_softrobust_5seed_rerun/Walker2d-v4__td3_kl_klb50__1__1783389478/td3_kl_klb50.cleanrl_model.norm_stats.npz,1,1,0,0.0,0.0,0.0,0.05,1.0,1.0,,1.0,-1,,-1,,1.0,,1.0,1.0,899.5806626894067,398.89373177889934,812.2621622814224,857.2941959060897,117.78982954466552,1640.706035899471,
1783524600,eval__Walker2d-v4__td3__klb50__action_replace_0p05__seed2__pid3621608,td3,Walker2d-v4,2,20,1,klb50,action_replace_0p05,/home/users/am1015/rl_runs_td3_walker_kl_20260703_td3_kl_softrobust_5seed_rerun/Walker2d-v4__td3_kl_klb50__2__1783389899/td3_kl_klb50.cleanrl_model,/home/users/am1015/rl_runs_td3_walker_kl_20260703_td3_kl_softrobust_5seed_rerun/Walker2d-v4__td3_kl_klb50__2__1783389899/td3_kl_klb50.cleanrl_model.norm_stats.npz,1,1,0,0.0,0.0,0.0,0.05,1.0,1.0,,1.0,-1,,-1,,1.0,,1.0,1.0,402.02472135315554,51.37866776888754,411.77023481357577,404.9677477555851,313.0829097451373,483.5830630739189,
1783524606,eval__Walker2d-v4__td3__klb50__action_replace_0p05__seed3__pid3621665,td3,Walker2d-v4,3,20,1,klb50,action_replace_0p05,/home/users/am1015/rl_runs_td3_walker_kl_20260703_td3_kl_softrobust_5seed_rerun/Walker2d-v4__td3_kl_klb50__3__1783428985/td3_kl_klb50.cleanrl_model,/home/users/am1015/rl_runs_td3_walker_kl_20260703_td3_kl_softrobust_5seed_rerun/Walker2d-v4__td3_kl_klb50__3__1783428985/td3_kl_klb50.cleanrl_model.norm_stats.npz,1,1,0,0.0,0.0,0.0,0.05,1.0,1.0,,1.0,-1,,-1,,1.0,,1.0,1.0,478.1046977905927,77.77300182202941,483.0461806329747,475.4256320073914,355.6111203918568,613.1075883676822,
1783524612,eval__Walker2d-v4__td3__klb50__action_replace_0p05__seed4__pid3621712,td3,Walker2d-v4,4,20,1,klb50,action_replace_0p05,/home/users/am1015/rl_runs_td3_walker_kl_20260703_td3_kl_softrobust_5seed_rerun/Walker2d-v4__td3_kl_klb50__4__1783429583/td3_kl_klb50.cleanrl_model,/home/users/am1015/rl_runs_td3_walker_kl_20260703_td3_kl_softrobust_5seed_rerun/Walker2d-v4__td3_kl_klb50__4__1783429583/td3_kl_klb50.cleanrl_model.norm_stats.npz,1,1,0,0.0,0.0,0.0,0.05,1.0,1.0,,1.0,-1,,-1,,1.0,,1.0,1.0,508.3390535103384,76.1601705465185,514.0797863852665,509.7360122870424,380.7928388181306,684.4329746414006,
1783524618,eval__Walker2d-v4__td3__klb50__action_replace_0p05__seed5__pid3621800,td3,Walker2d-v4,5,20,1,klb50,action_replace_0p05,/home/users/am1015/rl_runs_td3_walker_kl_20260703_td3_kl_softrobust_5seed_rerun/Walker2d-v4__td3_kl_klb50__5__1783434023/td3_kl_klb50.cleanrl_model,/home/users/am1015/rl_runs_td3_walker_kl_20260703_td3_kl_softrobust_5seed_rerun/Walker2d-v4__td3_kl_klb50__5__1783434023/td3_kl_klb50.cleanrl_model.norm_stats.npz,1,1,0,0.0,0.0,0.0,0.05,1.0,1.0,,1.0,-1,,-1,,1.0,,1.0,1.0,504.2175094939168,57.56654527171828,508.5332993538004,511.3096728162337,354.2013610841214,604.7901285584693,
1783524626,eval__Walker2d-v4__td3__klb50__action_replace_0p1__seed1__pid3621865,td3,Walker2d-v4,1,20,1,klb50,action_replace_0p1,/home/users/am1015/rl_runs_td3_walker_kl_20260703_td3_kl_softrobust_5seed_rerun/Walker2d-v4__td3_kl_klb50__1__1783389478/td3_kl_klb50.cleanrl_model,/home/users/am1015/rl_runs_td3_walker_kl_20260703_td3_kl_softrobust_5seed_rerun/Walker2d-v4__td3_kl_klb50__1__1783389478/td3_kl_klb50.cleanrl_model.norm_stats.npz,1,1,0,0.0,0.0,0.0,0.1,1.0,1.0,,1.0,-1,,-1,,1.0,,1.0,1.0,755.6253854050258,414.005634974238,568.2294090325221,622.0298889616615,264.1040481457593,1650.4863944469366,
1783524631,eval__Walker2d-v4__td3__klb50__action_replace_0p1__seed2__pid3621942,td3,Walker2d-v4,2,20,1,klb50,action_replace_0p1,/home/users/am1015/rl_runs_td3_walker_kl_20260703_td3_kl_softrobust_5seed_rerun/Walker2d-v4__td3_kl_klb50__2__1783389899/td3_kl_klb50.cleanrl_model,/home/users/am1015/rl_runs_td3_walker_kl_20260703_td3_kl_softrobust_5seed_rerun/Walker2d-v4__td3_kl_klb50__2__1783389899/td3_kl_klb50.cleanrl_model.norm_stats.npz,1,1,0,0.0,0.0,0.0,0.1,1.0,1.0,,1.0,-1,,-1,,1.0,,1.0,1.0,403.3679783688283,55.81689351005616,405.8082647579666,403.7595788505781,267.2029366301795,520.9903977297078,
1783524637,eval__Walker2d-v4__td3__klb50__action_replace_0p1__seed3__pid3622005,td3,Walker2d-v4,3,20,1,klb50,action_replace_0p1,/home/users/am1015/rl_runs_td3_walker_kl_20260703_td3_kl_softrobust_5seed_rerun/Walker2d-v4__td3_kl_klb50__3__1783428985/td3_kl_klb50.cleanrl_model,/home/users/am1015/rl_runs_td3_walker_kl_20260703_td3_kl_softrobust_5seed_rerun/Walker2d-v4__td3_kl_klb50__3__1783428985/td3_kl_klb50.cleanrl_model.norm_stats.npz,1,1,0,0.0,0.0,0.0,0.1,1.0,1.0,,1.0,-1,,-1,,1.0,,1.0,1.0,469.3835830993088,78.41583659739109,460.7349981753421,461.2417191499185,364.8157941734841,630.5399222489167,
1783524643,eval__Walker2d-v4__td3__klb50__action_replace_0p1__seed4__pid3622064,td3,Walker2d-v4,4,20,1,klb50,action_replace_0p1,/home/users/am1015/rl_runs_td3_walker_kl_20260703_td3_kl_softrobust_5seed_rerun/Walker2d-v4__td3_kl_klb50__4__1783429583/td3_kl_klb50.cleanrl_model,/home/users/am1015/rl_runs_td3_walker_kl_20260703_td3_kl_softrobust_5seed_rerun/Walker2d-v4__td3_kl_klb50__4__1783429583/td3_kl_klb50.cleanrl_model.norm_stats.npz,1,1,0,0.0,0.0,0.0,0.1,1.0,1.0,,1.0,-1,,-1,,1.0,,1.0,1.0,506.8253163289918,71.82231055256958,507.62399239306507,501.2408722170221,396.4708450996164,658.3577091487529,
1783524649,eval__Walker2d-v4__td3__klb50__action_replace_0p1__seed5__pid3622137,td3,Walker2d-v4,5,20,1,klb50,action_replace_0p1,/home/users/am1015/rl_runs_td3_walker_kl_20260703_td3_kl_softrobust_5seed_rerun/Walker2d-v4__td3_kl_klb50__5__1783434023/td3_kl_klb50.cleanrl_model,/home/users/am1015/rl_runs_td3_walker_kl_20260703_td3_kl_softrobust_5seed_rerun/Walker2d-v4__td3_kl_klb50__5__1783434023/td3_kl_klb50.cleanrl_model.norm_stats.npz,1,1,0,0.0,0.0,0.0,0.1,1.0,1.0,,1.0,-1,,-1,,1.0,,1.0,1.0,484.7455932996584,56.16454531287268,498.157438460199,494.7547945317088,349.4564704172081,569.023075076063,
1783524657,eval__Walker2d-v4__td3__klb50__action_replace_0p15__seed1__pid3622200,td3,Walker2d-v4,1,20,1,klb50,action_replace_0p15,/home/users/am1015/rl_runs_td3_walker_kl_20260703_td3_kl_softrobust_5seed_rerun/Walker2d-v4__td3_kl_klb50__1__1783389478/td3_kl_klb50.cleanrl_model,/home/users/am1015/rl_runs_td3_walker_kl_20260703_td3_kl_softrobust_5seed_rerun/Walker2d-v4__td3_kl_klb50__1__1783389478/td3_kl_klb50.cleanrl_model.norm_stats.npz,1,1,0,0.0,0.0,0.0,0.15,1.0,1.0,,1.0,-1,,-1,,1.0,,1.0,1.0,679.7418104264738,253.86032001529696,592.0755775707826,604.9388942896024,407.52411436159497,1302.8112749233858,
1783524662,eval__Walker2d-v4__td3__klb50__action_replace_0p15__seed2__pid3622291,td3,Walker2d-v4,2,20,1,klb50,action_replace_0p15,/home/users/am1015/rl_runs_td3_walker_kl_20260703_td3_kl_softrobust_5seed_rerun/Walker2d-v4__td3_kl_klb50__2__1783389899/td3_kl_klb50.cleanrl_model,/home/users/am1015/rl_runs_td3_walker_kl_20260703_td3_kl_softrobust_5seed_rerun/Walker2d-v4__td3_kl_klb50__2__1783389899/td3_kl_klb50.cleanrl_model.norm_stats.npz,1,1,0,0.0,0.0,0.0,0.15,1.0,1.0,,1.0,-1,,-1,,1.0,,1.0,1.0,399.2490954531263,54.900371136056,410.1008731804824,404.978324238693,305.9149318402221,486.5313800165756,
1783524667,eval__Walker2d-v4__td3__klb50__action_replace_0p15__seed3__pid3622346,td3,Walker2d-v4,3,20,1,klb50,action_replace_0p15,/home/users/am1015/rl_runs_td3_walker_kl_20260703_td3_kl_softrobust_5seed_rerun/Walker2d-v4__td3_kl_klb50__3__1783428985/td3_kl_klb50.cleanrl_model,/home/users/am1015/rl_runs_td3_walker_kl_20260703_td3_kl_softrobust_5seed_rerun/Walker2d-v4__td3_kl_klb50__3__1783428985/td3_kl_klb50.cleanrl_model.norm_stats.npz,1,1,0,0.0,0.0,0.0,0.15,1.0,1.0,,1.0,-1,,-1,,1.0,,1.0,1.0,407.2807447274251,119.85036412188938,426.15770143488055,418.7490365935579,31.335054994940176,599.7278801034992,
1783524673,eval__Walker2d-v4__td3__klb50__action_replace_0p15__seed4__pid3622385,td3,Walker2d-v4,4,20,1,klb50,action_replace_0p15,/home/users/am1015/rl_runs_td3_walker_kl_20260703_td3_kl_softrobust_5seed_rerun/Walker2d-v4__td3_kl_klb50__4__1783429583/td3_kl_klb50.cleanrl_model,/home/users/am1015/rl_runs_td3_walker_kl_20260703_td3_kl_softrobust_5seed_rerun/Walker2d-v4__td3_kl_klb50__4__1783429583/td3_kl_klb50.cleanrl_model.norm_stats.npz,1,1,0,0.0,0.0,0.0,0.15,1.0,1.0,,1.0,-1,,-1,,1.0,,1.0,1.0,462.6619040636321,80.83832981837543,452.9315765109957,468.270351633292,328.2558812286954,591.5548180335051,
1783524679,eval__Walker2d-v4__td3__klb50__action_replace_0p15__seed5__pid3622419,td3,Walker2d-v4,5,20,1,klb50,action_replace_0p15,/home/users/am1015/rl_runs_td3_walker_kl_20260703_td3_kl_softrobust_5seed_rerun/Walker2d-v4__td3_kl_klb50__5__1783434023/td3_kl_klb50.cleanrl_model,/home/users/am1015/rl_runs_td3_walker_kl_20260703_td3_kl_softrobust_5seed_rerun/Walker2d-v4__td3_kl_klb50__5__1783434023/td3_kl_klb50.cleanrl_model.norm_stats.npz,1,1,0,0.0,0.0,0.0,0.15,1.0,1.0,,1.0,-1,,-1,,1.0,,1.0,1.0,441.49763268238166,57.368356116910746,435.2682986853997,432.74717799493465,353.56593528490697,567.5655100224677,
1783524686,eval__Walker2d-v4__td3__klb50__action_replace_0p2__seed1__pid3622453,td3,Walker2d-v4,1,20,1,klb50,action_replace_0p2,/home/users/am1015/rl_runs_td3_walker_kl_20260703_td3_kl_softrobust_5seed_rerun/Walker2d-v4__td3_kl_klb50__1__1783389478/td3_kl_klb50.cleanrl_model,/home/users/am1015/rl_runs_td3_walker_kl_20260703_td3_kl_softrobust_5seed_rerun/Walker2d-v4__td3_kl_klb50__1__1783389478/td3_kl_klb50.cleanrl_model.norm_stats.npz,1,1,0,0.0,0.0,0.0,0.2,1.0,1.0,,1.0,-1,,-1,,1.0,,1.0,1.0,541.3067541474136,125.97456295019688,540.6376913265192,538.5086280224752,347.23330831589755,733.9945006227142,
1783524691,eval__Walker2d-v4__td3__klb50__action_replace_0p2__seed2__pid3622491,td3,Walker2d-v4,2,20,1,klb50,action_replace_0p2,/home/users/am1015/rl_runs_td3_walker_kl_20260703_td3_kl_softrobust_5seed_rerun/Walker2d-v4__td3_kl_klb50__2__1783389899/td3_kl_klb50.cleanrl_model,/home/users/am1015/rl_runs_td3_walker_kl_20260703_td3_kl_softrobust_5seed_rerun/Walker2d-v4__td3_kl_klb50__2__1783389899/td3_kl_klb50.cleanrl_model.norm_stats.npz,1,1,0,0.0,0.0,0.0,0.2,1.0,1.0,,1.0,-1,,-1,,1.0,,1.0,1.0,387.09842544997457,50.10119685675141,393.6577511319159,388.46190672473824,292.21347664484074,486.64617338290896,
1783524696,eval__Walker2d-v4__td3__klb50__action_replace_0p2__seed3__pid3622525,td3,Walker2d-v4,3,20,1,klb50,action_replace_0p2,/home/users/am1015/rl_runs_td3_walker_kl_20260703_td3_kl_softrobust_5seed_rerun/Walker2d-v4__td3_kl_klb50__3__1783428985/td3_kl_klb50.cleanrl_model,/home/users/am1015/rl_runs_td3_walker_kl_20260703_td3_kl_softrobust_5seed_rerun/Walker2d-v4__td3_kl_klb50__3__1783428985/td3_kl_klb50.cleanrl_model.norm_stats.npz,1,1,0,0.0,0.0,0.0,0.2,1.0,1.0,,1.0,-1,,-1,,1.0,,1.0,1.0,396.01832409319394,57.51906881773458,397.5678378302288,398.90203806284416,286.25117875204404,475.6823996863868,
1783524702,eval__Walker2d-v4__td3__klb50__action_replace_0p2__seed4__pid3622564,td3,Walker2d-v4,4,20,1,klb50,action_replace_0p2,/home/users/am1015/rl_runs_td3_walker_kl_20260703_td3_kl_softrobust_5seed_rerun/Walker2d-v4__td3_kl_klb50__4__1783429583/td3_kl_klb50.cleanrl_model,/home/users/am1015/rl_runs_td3_walker_kl_20260703_td3_kl_softrobust_5seed_rerun/Walker2d-v4__td3_kl_klb50__4__1783429583/td3_kl_klb50.cleanrl_model.norm_stats.npz,1,1,0,0.0,0.0,0.0,0.2,1.0,1.0,,1.0,-1,,-1,,1.0,,1.0,1.0,452.7830097971356,107.216816996545,460.15886688415503,459.88779650554415,125.94627793145396,642.2680811160631,
1783524708,eval__Walker2d-v4__td3__klb50__action_replace_0p2__seed5__pid3622599,td3,Walker2d-v4,5,20,1,klb50,action_replace_0p2,/home/users/am1015/rl_runs_td3_walker_kl_20260703_td3_kl_softrobust_5seed_rerun/Walker2d-v4__td3_kl_klb50__5__1783434023/td3_kl_klb50.cleanrl_model,/home/users/am1015/rl_runs_td3_walker_kl_20260703_td3_kl_softrobust_5seed_rerun/Walker2d-v4__td3_kl_klb50__5__1783434023/td3_kl_klb50.cleanrl_model.norm_stats.npz,1,1,0,0.0,0.0,0.0,0.2,1.0,1.0,,1.0,-1,,-1,,1.0,,1.0,1.0,411.9650630214102,66.66242274259268,429.5480500307233,421.0272412736789,291.56214974262144,494.3154232441301,
1783524714,eval__Walker2d-v4__td3__klb50__action_replace_0p25__seed1__pid3622632,td3,Walker2d-v4,1,20,1,klb50,action_replace_0p25,/home/users/am1015/rl_runs_td3_walker_kl_20260703_td3_kl_softrobust_5seed_rerun/Walker2d-v4__td3_kl_klb50__1__1783389478/td3_kl_klb50.cleanrl_model,/home/users/am1015/rl_runs_td3_walker_kl_20260703_td3_kl_softrobust_5seed_rerun/Walker2d-v4__td3_kl_klb50__1__1783389478/td3_kl_klb50.cleanrl_model.norm_stats.npz,1,1,0,0.0,0.0,0.0,0.25,1.0,1.0,,1.0,-1,,-1,,1.0,,1.0,1.0,490.3005332497162,134.40457893989662,468.8865121697825,468.5390009686017,293.56872221974766,837.1524804798522,
1783524719,eval__Walker2d-v4__td3__klb50__action_replace_0p25__seed2__pid3622668,td3,Walker2d-v4,2,20,1,klb50,action_replace_0p25,/home/users/am1015/rl_runs_td3_walker_kl_20260703_td3_kl_softrobust_5seed_rerun/Walker2d-v4__td3_kl_klb50__2__1783389899/td3_kl_klb50.cleanrl_model,/home/users/am1015/rl_runs_td3_walker_kl_20260703_td3_kl_softrobust_5seed_rerun/Walker2d-v4__td3_kl_klb50__2__1783389899/td3_kl_klb50.cleanrl_model.norm_stats.npz,1,1,0,0.0,0.0,0.0,0.25,1.0,1.0,,1.0,-1,,-1,,1.0,,1.0,1.0,394.9544143765092,63.71167015757111,410.56585015349856,396.28287833808463,288.9667207657329,493.4121185039266,
1783524725,eval__Walker2d-v4__td3__klb50__action_replace_0p25__seed3__pid3622701,td3,Walker2d-v4,3,20,1,klb50,action_replace_0p25,/home/users/am1015/rl_runs_td3_walker_kl_20260703_td3_kl_softrobust_5seed_rerun/Walker2d-v4__td3_kl_klb50__3__1783428985/td3_kl_klb50.cleanrl_model,/home/users/am1015/rl_runs_td3_walker_kl_20260703_td3_kl_softrobust_5seed_rerun/Walker2d-v4__td3_kl_klb50__3__1783428985/td3_kl_klb50.cleanrl_model.norm_stats.npz,1,1,0,0.0,0.0,0.0,0.25,1.0,1.0,,1.0,-1,,-1,,1.0,,1.0,1.0,372.9640023105536,97.34339842030256,345.8735837421318,352.8620814550854,259.5184110115795,694.6976018610937,
1783524730,eval__Walker2d-v4__td3__klb50__action_replace_0p25__seed4__pid3622735,td3,Walker2d-v4,4,20,1,klb50,action_replace_0p25,/home/users/am1015/rl_runs_td3_walker_kl_20260703_td3_kl_softrobust_5seed_rerun/Walker2d-v4__td3_kl_klb50__4__1783429583/td3_kl_klb50.cleanrl_model,/home/users/am1015/rl_runs_td3_walker_kl_20260703_td3_kl_softrobust_5seed_rerun/Walker2d-v4__td3_kl_klb50__4__1783429583/td3_kl_klb50.cleanrl_model.norm_stats.npz,1,1,0,0.0,0.0,0.0,0.25,1.0,1.0,,1.0,-1,,-1,,1.0,,1.0,1.0,402.52088410355657,93.3578023408288,415.6414159210669,411.3666171804021,58.82644687274834,516.1808154761424,
1783524736,eval__Walker2d-v4__td3__klb50__action_replace_0p25__seed5__pid3622771,td3,Walker2d-v4,5,20,1,klb50,action_replace_0p25,/home/users/am1015/rl_runs_td3_walker_kl_20260703_td3_kl_softrobust_5seed_rerun/Walker2d-v4__td3_kl_klb50__5__1783434023/td3_kl_klb50.cleanrl_model,/home/users/am1015/rl_runs_td3_walker_kl_20260703_td3_kl_softrobust_5seed_rerun/Walker2d-v4__td3_kl_klb50__5__1783434023/td3_kl_klb50.cleanrl_model.norm_stats.npz,1,1,0,0.0,0.0,0.0,0.25,1.0,1.0,,1.0,-1,,-1,,1.0,,1.0,1.0,349.6500227414102,93.63420816902912,340.17489729113373,340.8979529591444,116.1486750842792,533.4499119089356,
1783524742,eval__Walker2d-v4__td3__klb50__action_replace_0p3__seed1__pid3622804,td3,Walker2d-v4,1,20,1,klb50,action_replace_0p3,/home/users/am1015/rl_runs_td3_walker_kl_20260703_td3_kl_softrobust_5seed_rerun/Walker2d-v4__td3_kl_klb50__1__1783389478/td3_kl_klb50.cleanrl_model,/home/users/am1015/rl_runs_td3_walker_kl_20260703_td3_kl_softrobust_5seed_rerun/Walker2d-v4__td3_kl_klb50__1__1783389478/td3_kl_klb50.cleanrl_model.norm_stats.npz,1,1,0,0.0,0.0,0.0,0.3,1.0,1.0,,1.0,-1,,-1,,1.0,,1.0,1.0,446.8290099782829,134.84401594450577,421.7289529941761,442.9735517702418,97.9245358123666,752.656120416692,
1783524747,eval__Walker2d-v4__td3__klb50__action_replace_0p3__seed2__pid3622842,td3,Walker2d-v4,2,20,1,klb50,action_replace_0p3,/home/users/am1015/rl_runs_td3_walker_kl_20260703_td3_kl_softrobust_5seed_rerun/Walker2d-v4__td3_kl_klb50__2__1783389899/td3_kl_klb50.cleanrl_model,/home/users/am1015/rl_runs_td3_walker_kl_20260703_td3_kl_softrobust_5seed_rerun/Walker2d-v4__td3_kl_klb50__2__1783389899/td3_kl_klb50.cleanrl_model.norm_stats.npz,1,1,0,0.0,0.0,0.0,0.3,1.0,1.0,,1.0,-1,,-1,,1.0,,1.0,1.0,365.9273436580768,72.12283611737325,377.4980462855488,379.6609409611606,100.18974048881006,430.63314009458674,
1783524752,eval__Walker2d-v4__td3__klb50__action_replace_0p3__seed3__pid3622875,td3,Walker2d-v4,3,20,1,klb50,action_replace_0p3,/home/users/am1015/rl_runs_td3_walker_kl_20260703_td3_kl_softrobust_5seed_rerun/Walker2d-v4__td3_kl_klb50__3__1783428985/td3_kl_klb50.cleanrl_model,/home/users/am1015/rl_runs_td3_walker_kl_20260703_td3_kl_softrobust_5seed_rerun/Walker2d-v4__td3_kl_klb50__3__1783428985/td3_kl_klb50.cleanrl_model.norm_stats.npz,1,1,0,0.0,0.0,0.0,0.3,1.0,1.0,,1.0,-1,,-1,,1.0,,1.0,1.0,346.5247665409334,89.22747276170526,341.84956918949644,342.5856255473223,75.03444033481483,509.6220023160804,
1783524758,eval__Walker2d-v4__td3__klb50__action_replace_0p3__seed4__pid3622909,td3,Walker2d-v4,4,20,1,klb50,action_replace_0p3,/home/users/am1015/rl_runs_td3_walker_kl_20260703_td3_kl_softrobust_5seed_rerun/Walker2d-v4__td3_kl_klb50__4__1783429583/td3_kl_klb50.cleanrl_model,/home/users/am1015/rl_runs_td3_walker_kl_20260703_td3_kl_softrobust_5seed_rerun/Walker2d-v4__td3_kl_klb50__4__1783429583/td3_kl_klb50.cleanrl_model.norm_stats.npz,1,1,0,0.0,0.0,0.0,0.3,1.0,1.0,,1.0,-1,,-1,,1.0,,1.0,1.0,429.9667245069184,123.18417666695672,416.6509911716672,415.8997793427008,112.8339146936622,693.2231096034654,
1783524763,eval__Walker2d-v4__td3__klb50__action_replace_0p3__seed5__pid3622946,td3,Walker2d-v4,5,20,1,klb50,action_replace_0p3,/home/users/am1015/rl_runs_td3_walker_kl_20260703_td3_kl_softrobust_5seed_rerun/Walker2d-v4__td3_kl_klb50__5__1783434023/td3_kl_klb50.cleanrl_model,/home/users/am1015/rl_runs_td3_walker_kl_20260703_td3_kl_softrobust_5seed_rerun/Walker2d-v4__td3_kl_klb50__5__1783434023/td3_kl_klb50.cleanrl_model.norm_stats.npz,1,1,0,0.0,0.0,0.0,0.3,1.0,1.0,,1.0,-1,,-1,,1.0,,1.0,1.0,351.08396293428973,65.18705064714726,353.6317012109489,354.0167773439292,214.65575863065533,468.5873141411867,
1783524769,eval__Walker2d-v4__td3__klb50__action_replace_0p35__seed1__pid3622983,td3,Walker2d-v4,1,20,1,klb50,action_replace_0p35,/home/users/am1015/rl_runs_td3_walker_kl_20260703_td3_kl_softrobust_5seed_rerun/Walker2d-v4__td3_kl_klb50__1__1783389478/td3_kl_klb50.cleanrl_model,/home/users/am1015/rl_runs_td3_walker_kl_20260703_td3_kl_softrobust_5seed_rerun/Walker2d-v4__td3_kl_klb50__1__1783389478/td3_kl_klb50.cleanrl_model.norm_stats.npz,1,1,0,0.0,0.0,0.0,0.35,1.0,1.0,,1.0,-1,,-1,,1.0,,1.0,1.0,419.6793789762506,83.01822439081228,379.7448904548136,402.8043601888472,324.2468936598876,614.9235368239916,
1783524775,eval__Walker2d-v4__td3__klb50__action_replace_0p35__seed2__pid3623015,td3,Walker2d-v4,2,20,1,klb50,action_replace_0p35,/home/users/am1015/rl_runs_td3_walker_kl_20260703_td3_kl_softrobust_5seed_rerun/Walker2d-v4__td3_kl_klb50__2__1783389899/td3_kl_klb50.cleanrl_model,/home/users/am1015/rl_runs_td3_walker_kl_20260703_td3_kl_softrobust_5seed_rerun/Walker2d-v4__td3_kl_klb50__2__1783389899/td3_kl_klb50.cleanrl_model.norm_stats.npz,1,1,0,0.0,0.0,0.0,0.35,1.0,1.0,,1.0,-1,,-1,,1.0,,1.0,1.0,391.16153005299896,60.58693153316148,393.2289575500085,391.81926140695424,282.0468490270639,512.478829792383,
1783524780,eval__Walker2d-v4__td3__klb50__action_replace_0p35__seed3__pid3623051,td3,Walker2d-v4,3,20,1,klb50,action_replace_0p35,/home/users/am1015/rl_runs_td3_walker_kl_20260703_td3_kl_softrobust_5seed_rerun/Walker2d-v4__td3_kl_klb50__3__1783428985/td3_kl_klb50.cleanrl_model,/home/users/am1015/rl_runs_td3_walker_kl_20260703_td3_kl_softrobust_5seed_rerun/Walker2d-v4__td3_kl_klb50__3__1783428985/td3_kl_klb50.cleanrl_model.norm_stats.npz,1,1,0,0.0,0.0,0.0,0.35,1.0,1.0,,1.0,-1,,-1,,1.0,,1.0,1.0,315.3030906816408,98.48254449602848,350.91787675633145,335.1672161490395,84.61968018849338,468.233298104125,
1783524786,eval__Walker2d-v4__td3__klb50__action_replace_0p35__seed4__pid3623084,td3,Walker2d-v4,4,20,1,klb50,action_replace_0p35,/home/users/am1015/rl_runs_td3_walker_kl_20260703_td3_kl_softrobust_5seed_rerun/Walker2d-v4__td3_kl_klb50__4__1783429583/td3_kl_klb50.cleanrl_model,/home/users/am1015/rl_runs_td3_walker_kl_20260703_td3_kl_softrobust_5seed_rerun/Walker2d-v4__td3_kl_klb50__4__1783429583/td3_kl_klb50.cleanrl_model.norm_stats.npz,1,1,0,0.0,0.0,0.0,0.35,1.0,1.0,,1.0,-1,,-1,,1.0,,1.0,1.0,391.3854837438348,70.19465392849263,391.1259741796591,386.0328899067951,269.3352016918472,572.6729813698133,
1783524791,eval__Walker2d-v4__td3__klb50__action_replace_0p35__seed5__pid3623119,td3,Walker2d-v4,5,20,1,klb50,action_replace_0p35,/home/users/am1015/rl_runs_td3_walker_kl_20260703_td3_kl_softrobust_5seed_rerun/Walker2d-v4__td3_kl_klb50__5__1783434023/td3_kl_klb50.cleanrl_model,/home/users/am1015/rl_runs_td3_walker_kl_20260703_td3_kl_softrobust_5seed_rerun/Walker2d-v4__td3_kl_klb50__5__1783434023/td3_kl_klb50.cleanrl_model.norm_stats.npz,1,1,0,0.0,0.0,0.0,0.35,1.0,1.0,,1.0,-1,,-1,,1.0,,1.0,1.0,303.891955792556,87.91005600896902,296.1998955540066,306.68920106798623,125.04237591483864,455.2414614031142,
1783524797,eval__Walker2d-v4__td3__klb50__action_replace_0p4__seed1__pid3623152,td3,Walker2d-v4,1,20,1,klb50,action_replace_0p4,/home/users/am1015/rl_runs_td3_walker_kl_20260703_td3_kl_softrobust_5seed_rerun/Walker2d-v4__td3_kl_klb50__1__1783389478/td3_kl_klb50.cleanrl_model,/home/users/am1015/rl_runs_td3_walker_kl_20260703_td3_kl_softrobust_5seed_rerun/Walker2d-v4__td3_kl_klb50__1__1783389478/td3_kl_klb50.cleanrl_model.norm_stats.npz,1,1,0,0.0,0.0,0.0,0.4,1.0,1.0,,1.0,-1,,-1,,1.0,,1.0,1.0,361.66282919628645,110.37096625394196,367.6787717706936,367.3692337999298,73.96989924310326,546.7008321880722,
1783524802,eval__Walker2d-v4__td3__klb50__action_replace_0p4__seed2__pid3623185,td3,Walker2d-v4,2,20,1,klb50,action_replace_0p4,/home/users/am1015/rl_runs_td3_walker_kl_20260703_td3_kl_softrobust_5seed_rerun/Walker2d-v4__td3_kl_klb50__2__1783389899/td3_kl_klb50.cleanrl_model,/home/users/am1015/rl_runs_td3_walker_kl_20260703_td3_kl_softrobust_5seed_rerun/Walker2d-v4__td3_kl_klb50__2__1783389899/td3_kl_klb50.cleanrl_model.norm_stats.npz,1,1,0,0.0,0.0,0.0,0.4,1.0,1.0,,1.0,-1,,-1,,1.0,,1.0,1.0,343.1884979672791,89.98310102719103,351.6581232554074,349.3745485732301,87.14677202849455,492.11337358827257,
1783524807,eval__Walker2d-v4__td3__klb50__action_replace_0p4__seed3__pid3623221,td3,Walker2d-v4,3,20,1,klb50,action_replace_0p4,/home/users/am1015/rl_runs_td3_walker_kl_20260703_td3_kl_softrobust_5seed_rerun/Walker2d-v4__td3_kl_klb50__3__1783428985/td3_kl_klb50.cleanrl_model,/home/users/am1015/rl_runs_td3_walker_kl_20260703_td3_kl_softrobust_5seed_rerun/Walker2d-v4__td3_kl_klb50__3__1783428985/td3_kl_klb50.cleanrl_model.norm_stats.npz,1,1,0,0.0,0.0,0.0,0.4,1.0,1.0,,1.0,-1,,-1,,1.0,,1.0,1.0,324.6883007758394,107.43783767709822,334.7924441982598,328.8481281175644,59.89686567573257,535.0541806942821,
1783524813,eval__Walker2d-v4__td3__klb50__action_replace_0p4__seed4__pid3623255,td3,Walker2d-v4,4,20,1,klb50,action_replace_0p4,/home/users/am1015/rl_runs_td3_walker_kl_20260703_td3_kl_softrobust_5seed_rerun/Walker2d-v4__td3_kl_klb50__4__1783429583/td3_kl_klb50.cleanrl_model,/home/users/am1015/rl_runs_td3_walker_kl_20260703_td3_kl_softrobust_5seed_rerun/Walker2d-v4__td3_kl_klb50__4__1783429583/td3_kl_klb50.cleanrl_model.norm_stats.npz,1,1,0,0.0,0.0,0.0,0.4,1.0,1.0,,1.0,-1,,-1,,1.0,,1.0,1.0,364.83027687218566,104.95063590252732,380.6605007399807,372.1039126471939,74.99393954082873,584.6143649260579,
1783524818,eval__Walker2d-v4__td3__klb50__action_replace_0p4__seed5__pid3623288,td3,Walker2d-v4,5,20,1,klb50,action_replace_0p4,/home/users/am1015/rl_runs_td3_walker_kl_20260703_td3_kl_softrobust_5seed_rerun/Walker2d-v4__td3_kl_klb50__5__1783434023/td3_kl_klb50.cleanrl_model,/home/users/am1015/rl_runs_td3_walker_kl_20260703_td3_kl_softrobust_5seed_rerun/Walker2d-v4__td3_kl_klb50__5__1783434023/td3_kl_klb50.cleanrl_model.norm_stats.npz,1,1,0,0.0,0.0,0.0,0.4,1.0,1.0,,1.0,-1,,-1,,1.0,,1.0,1.0,290.20099794221915,68.0950665468843,285.63706808654143,289.5391386834838,118.47852511813517,395.375415091591,
1783524222,eval__Walker2d-v4__td3__klb50__action_replace_0p45__seed1__pid1624717,td3,Walker2d-v4,1,20,1,klb50,action_replace_0p45,/home/users/am1015/rl_runs_td3_walker_kl_20260703_td3_kl_softrobust_5seed_rerun/Walker2d-v4__td3_kl_klb50__1__1783389478/td3_kl_klb50.cleanrl_model,/home/users/am1015/rl_runs_td3_walker_kl_20260703_td3_kl_softrobust_5seed_rerun/Walker2d-v4__td3_kl_klb50__1__1783389478/td3_kl_klb50.cleanrl_model.norm_stats.npz,1,1,0,0.0,0.0,0.0,0.45,1.0,1.0,,1.0,-1,,-1,,1.0,,1.0,1.0,298.0106185803462,117.16349184196422,310.8834136931314,308.4759179344824,48.32924868929658,580.1237906221763,
1783524228,eval__Walker2d-v4__td3__klb50__action_replace_0p45__seed2__pid1624806,td3,Walker2d-v4,2,20,1,klb50,action_replace_0p45,/home/users/am1015/rl_runs_td3_walker_kl_20260703_td3_kl_softrobust_5seed_rerun/Walker2d-v4__td3_kl_klb50__2__1783389899/td3_kl_klb50.cleanrl_model,/home/users/am1015/rl_runs_td3_walker_kl_20260703_td3_kl_softrobust_5seed_rerun/Walker2d-v4__td3_kl_klb50__2__1783389899/td3_kl_klb50.cleanrl_model.norm_stats.npz,1,1,0,0.0,0.0,0.0,0.45,1.0,1.0,,1.0,-1,,-1,,1.0,,1.0,1.0,352.6630141461583,140.25848047044502,378.90111179139103,373.9798366788867,50.41046411672128,574.6812366599372,
1783524233,eval__Walker2d-v4__td3__klb50__action_replace_0p45__seed3__pid1624888,td3,Walker2d-v4,3,20,1,klb50,action_replace_0p45,/home/users/am1015/rl_runs_td3_walker_kl_20260703_td3_kl_softrobust_5seed_rerun/Walker2d-v4__td3_kl_klb50__3__1783428985/td3_kl_klb50.cleanrl_model,/home/users/am1015/rl_runs_td3_walker_kl_20260703_td3_kl_softrobust_5seed_rerun/Walker2d-v4__td3_kl_klb50__3__1783428985/td3_kl_klb50.cleanrl_model.norm_stats.npz,1,1,0,0.0,0.0,0.0,0.45,1.0,1.0,,1.0,-1,,-1,,1.0,,1.0,1.0,278.6973804633152,129.78314374111474,298.9462464822327,292.7033894684008,8.715689717834708,509.8092052965037,
1783524239,eval__Walker2d-v4__td3__klb50__action_replace_0p45__seed4__pid1625020,td3,Walker2d-v4,4,20,1,klb50,action_replace_0p45,/home/users/am1015/rl_runs_td3_walker_kl_20260703_td3_kl_softrobust_5seed_rerun/Walker2d-v4__td3_kl_klb50__4__1783429583/td3_kl_klb50.cleanrl_model,/home/users/am1015/rl_runs_td3_walker_kl_20260703_td3_kl_softrobust_5seed_rerun/Walker2d-v4__td3_kl_klb50__4__1783429583/td3_kl_klb50.cleanrl_model.norm_stats.npz,1,1,0,0.0,0.0,0.0,0.45,1.0,1.0,,1.0,-1,,-1,,1.0,,1.0,1.0,368.0703507825081,124.48461569537557,359.2469927952716,375.158367235152,70.91908851654523,566.0551411192728,
1783524244,eval__Walker2d-v4__td3__klb50__action_replace_0p45__seed5__pid1625077,td3,Walker2d-v4,5,20,1,klb50,action_replace_0p45,/home/users/am1015/rl_runs_td3_walker_kl_20260703_td3_kl_softrobust_5seed_rerun/Walker2d-v4__td3_kl_klb50__5__1783434023/td3_kl_klb50.cleanrl_model,/home/users/am1015/rl_runs_td3_walker_kl_20260703_td3_kl_softrobust_5seed_rerun/Walker2d-v4__td3_kl_klb50__5__1783434023/td3_kl_klb50.cleanrl_model.norm_stats.npz,1,1,0,0.0,0.0,0.0,0.45,1.0,1.0,,1.0,-1,,-1,,1.0,,1.0,1.0,294.7076926702535,93.96375603166496,316.22129216824027,310.60033634801647,60.641807414173314,442.7187056593607,
1783524250,eval__Walker2d-v4__td3__klb50__action_replace_0p5__seed1__pid1625144,td3,Walker2d-v4,1,20,1,klb50,action_replace_0p5,/home/users/am1015/rl_runs_td3_walker_kl_20260703_td3_kl_softrobust_5seed_rerun/Walker2d-v4__td3_kl_klb50__1__1783389478/td3_kl_klb50.cleanrl_model,/home/users/am1015/rl_runs_td3_walker_kl_20260703_td3_kl_softrobust_5seed_rerun/Walker2d-v4__td3_kl_klb50__1__1783389478/td3_kl_klb50.cleanrl_model.norm_stats.npz,1,1,0,0.0,0.0,0.0,0.5,1.0,1.0,,1.0,-1,,-1,,1.0,,1.0,1.0,260.7099720481874,135.54530460235654,278.5273251348808,271.7825356162716,50.22263245219706,511.4616660943396,
1783524255,eval__Walker2d-v4__td3__klb50__action_replace_0p5__seed2__pid1625237,td3,Walker2d-v4,2,20,1,klb50,action_replace_0p5,/home/users/am1015/rl_runs_td3_walker_kl_20260703_td3_kl_softrobust_5seed_rerun/Walker2d-v4__td3_kl_klb50__2__1783389899/td3_kl_klb50.cleanrl_model,/home/users/am1015/rl_runs_td3_walker_kl_20260703_td3_kl_softrobust_5seed_rerun/Walker2d-v4__td3_kl_klb50__2__1783389899/td3_kl_klb50.cleanrl_model.norm_stats.npz,1,1,0,0.0,0.0,0.0,0.5,1.0,1.0,,1.0,-1,,-1,,1.0,,1.0,1.0,296.2955952448507,112.0723457061452,297.9378029453608,310.55812028762176,37.463077225459216,483.0354973190563,
1783524260,eval__Walker2d-v4__td3__klb50__action_replace_0p5__seed3__pid1625343,td3,Walker2d-v4,3,20,1,klb50,action_replace_0p5,/home/users/am1015/rl_runs_td3_walker_kl_20260703_td3_kl_softrobust_5seed_rerun/Walker2d-v4__td3_kl_klb50__3__1783428985/td3_kl_klb50.cleanrl_model,/home/users/am1015/rl_runs_td3_walker_kl_20260703_td3_kl_softrobust_5seed_rerun/Walker2d-v4__td3_kl_klb50__3__1783428985/td3_kl_klb50.cleanrl_model.norm_stats.npz,1,1,0,0.0,0.0,0.0,0.5,1.0,1.0,,1.0,-1,,-1,,1.0,,1.0,1.0,270.1697515485932,116.0332493775046,304.43780090193843,300.06673174588485,23.808745527867725,402.607676780463,
1783524266,eval__Walker2d-v4__td3__klb50__action_replace_0p5__seed4__pid1625433,td3,Walker2d-v4,4,20,1,klb50,action_replace_0p5,/home/users/am1015/rl_runs_td3_walker_kl_20260703_td3_kl_softrobust_5seed_rerun/Walker2d-v4__td3_kl_klb50__4__1783429583/td3_kl_klb50.cleanrl_model,/home/users/am1015/rl_runs_td3_walker_kl_20260703_td3_kl_softrobust_5seed_rerun/Walker2d-v4__td3_kl_klb50__4__1783429583/td3_kl_klb50.cleanrl_model.norm_stats.npz,1,1,0,0.0,0.0,0.0,0.5,1.0,1.0,,1.0,-1,,-1,,1.0,,1.0,1.0,269.7387474504279,125.89640204740952,312.66476841486224,308.16617123563054,30.08178248015209,439.9587812433638,
1783524271,eval__Walker2d-v4__td3__klb50__action_replace_0p5__seed5__pid1625514,td3,Walker2d-v4,5,20,1,klb50,action_replace_0p5,/home/users/am1015/rl_runs_td3_walker_kl_20260703_td3_kl_softrobust_5seed_rerun/Walker2d-v4__td3_kl_klb50__5__1783434023/td3_kl_klb50.cleanrl_model,/home/users/am1015/rl_runs_td3_walker_kl_20260703_td3_kl_softrobust_5seed_rerun/Walker2d-v4__td3_kl_klb50__5__1783434023/td3_kl_klb50.cleanrl_model.norm_stats.npz,1,1,0,0.0,0.0,0.0,0.5,1.0,1.0,,1.0,-1,,-1,,1.0,,1.0,1.0,248.1307014470704,118.17166114959744,291.9095563734902,277.0842628766438,38.10444466237272,418.4408679652555,
1783524276,eval__Walker2d-v4__td3__klb100__action_replace_0__seed1__pid1625619,td3,Walker2d-v4,1,20,0,klb100,action_replace_0,/home/users/am1015/rl_runs_td3_walker_kl_20260703_td3_kl_softrobust_5seed_rerun/Walker2d-v4__td3_kl_klb100__1__1783434489/td3_kl_klb100.cleanrl_model,/home/users/am1015/rl_runs_td3_walker_kl_20260703_td3_kl_softrobust_5seed_rerun/Walker2d-v4__td3_kl_klb100__1__1783434489/td3_kl_klb100.cleanrl_model.norm_stats.npz,1,1,0,0.0,0.0,0.0,0.0,1.0,1.0,,1.0,-1,,-1,,1.0,,1.0,1.0,430.4395625059827,6.1194500401566,428.7464336327876,429.2902669862045,422.3221431161396,444.9843434906236,
1783524282,eval__Walker2d-v4__td3__klb100__action_replace_0__seed2__pid1625698,td3,Walker2d-v4,2,20,0,klb100,action_replace_0,/home/users/am1015/rl_runs_td3_walker_kl_20260703_td3_kl_softrobust_5seed_rerun/Walker2d-v4__td3_kl_klb100__2__1783439243/td3_kl_klb100.cleanrl_model,/home/users/am1015/rl_runs_td3_walker_kl_20260703_td3_kl_softrobust_5seed_rerun/Walker2d-v4__td3_kl_klb100__2__1783439243/td3_kl_klb100.cleanrl_model.norm_stats.npz,1,1,0,0.0,0.0,0.0,0.0,1.0,1.0,,1.0,-1,,-1,,1.0,,1.0,1.0,510.6129750183762,27.213017290253276,515.1391920641961,512.5817024175875,469.6795375913268,552.7301743841319,
1783524288,eval__Walker2d-v4__td3__klb100__action_replace_0__seed3__pid1625768,td3,Walker2d-v4,3,20,0,klb100,action_replace_0,/home/users/am1015/rl_runs_td3_walker_kl_20260703_td3_kl_softrobust_5seed_rerun/Walker2d-v4__td3_kl_klb100__3__1783439603/td3_kl_klb100.cleanrl_model,/home/users/am1015/rl_runs_td3_walker_kl_20260703_td3_kl_softrobust_5seed_rerun/Walker2d-v4__td3_kl_klb100__3__1783439603/td3_kl_klb100.cleanrl_model.norm_stats.npz,1,1,0,0.0,0.0,0.0,0.0,1.0,1.0,,1.0,-1,,-1,,1.0,,1.0,1.0,750.309031415446,113.52009821262652,733.9768427581773,721.168607101433,606.7726790483755,1000.1925868247868,
1783524295,eval__Walker2d-v4__td3__klb100__action_replace_0__seed4__pid1625890,td3,Walker2d-v4,4,20,0,klb100,action_replace_0,/home/users/am1015/rl_runs_td3_walker_kl_20260703_td3_kl_softrobust_5seed_rerun/Walker2d-v4__td3_kl_klb100__4__1783439905/td3_kl_klb100.cleanrl_model,/home/users/am1015/rl_runs_td3_walker_kl_20260703_td3_kl_softrobust_5seed_rerun/Walker2d-v4__td3_kl_klb100__4__1783439905/td3_kl_klb100.cleanrl_model.norm_stats.npz,1,1,0,0.0,0.0,0.0,0.0,1.0,1.0,,1.0,-1,,-1,,1.0,,1.0,1.0,594.893484034519,44.97461439460406,587.8638449915659,591.892505087448,528.783406323181,701.9773409589376,
1783524300,eval__Walker2d-v4__td3__klb100__action_replace_0__seed5__pid1626001,td3,Walker2d-v4,5,20,0,klb100,action_replace_0,/home/users/am1015/rl_runs_td3_walker_kl_20260703_td3_kl_softrobust_5seed_rerun/Walker2d-v4__td3_kl_klb100__5__1783440323/td3_kl_klb100.cleanrl_model,/home/users/am1015/rl_runs_td3_walker_kl_20260703_td3_kl_softrobust_5seed_rerun/Walker2d-v4__td3_kl_klb100__5__1783440323/td3_kl_klb100.cleanrl_model.norm_stats.npz,1,1,0,0.0,0.0,0.0,0.0,1.0,1.0,,1.0,-1,,-1,,1.0,,1.0,1.0,695.6542239810532,190.61978217348016,681.3254913586813,679.061204403255,451.2704119107853,1024.3883432285495,
1783524306,eval__Walker2d-v4__td3__klb100__action_replace_0p05__seed1__pid1626074,td3,Walker2d-v4,1,20,1,klb100,action_replace_0p05,/home/users/am1015/rl_runs_td3_walker_kl_20260703_td3_kl_softrobust_5seed_rerun/Walker2d-v4__td3_kl_klb100__1__1783434489/td3_kl_klb100.cleanrl_model,/home/users/am1015/rl_runs_td3_walker_kl_20260703_td3_kl_softrobust_5seed_rerun/Walker2d-v4__td3_kl_klb100__1__1783434489/td3_kl_klb100.cleanrl_model.norm_stats.npz,1,1,0,0.0,0.0,0.0,0.05,1.0,1.0,,1.0,-1,,-1,,1.0,,1.0,1.0,418.6004174686794,36.94831386086662,428.1915653459007,426.0076816214948,335.92296455129656,469.2109561221511,
1783524312,eval__Walker2d-v4__td3__klb100__action_replace_0p05__seed2__pid1626179,td3,Walker2d-v4,2,20,1,klb100,action_replace_0p05,/home/users/am1015/rl_runs_td3_walker_kl_20260703_td3_kl_softrobust_5seed_rerun/Walker2d-v4__td3_kl_klb100__2__1783439243/td3_kl_klb100.cleanrl_model,/home/users/am1015/rl_runs_td3_walker_kl_20260703_td3_kl_softrobust_5seed_rerun/Walker2d-v4__td3_kl_klb100__2__1783439243/td3_kl_klb100.cleanrl_model.norm_stats.npz,1,1,0,0.0,0.0,0.0,0.05,1.0,1.0,,1.0,-1,,-1,,1.0,,1.0,1.0,521.8999060537947,51.782123003005886,512.5136155249853,516.3248628628695,430.3507047497565,689.4121764831566,
1783524318,eval__Walker2d-v4__td3__klb100__action_replace_0p05__seed3__pid1626298,td3,Walker2d-v4,3,20,1,klb100,action_replace_0p05,/home/users/am1015/rl_runs_td3_walker_kl_20260703_td3_kl_softrobust_5seed_rerun/Walker2d-v4__td3_kl_klb100__3__1783439603/td3_kl_klb100.cleanrl_model,/home/users/am1015/rl_runs_td3_walker_kl_20260703_td3_kl_softrobust_5seed_rerun/Walker2d-v4__td3_kl_klb100__3__1783439603/td3_kl_klb100.cleanrl_model.norm_stats.npz,1,1,0,0.0,0.0,0.0,0.05,1.0,1.0,,1.0,-1,,-1,,1.0,,1.0,1.0,725.4921584184269,145.01557871452644,726.3534438691192,723.0315264391295,457.52794375717866,962.8883553219556,
1783524325,eval__Walker2d-v4__td3__klb100__action_replace_0p05__seed4__pid1626401,td3,Walker2d-v4,4,20,1,klb100,action_replace_0p05,/home/users/am1015/rl_runs_td3_walker_kl_20260703_td3_kl_softrobust_5seed_rerun/Walker2d-v4__td3_kl_klb100__4__1783439905/td3_kl_klb100.cleanrl_model,/home/users/am1015/rl_runs_td3_walker_kl_20260703_td3_kl_softrobust_5seed_rerun/Walker2d-v4__td3_kl_klb100__4__1783439905/td3_kl_klb100.cleanrl_model.norm_stats.npz,1,1,0,0.0,0.0,0.0,0.05,1.0,1.0,,1.0,-1,,-1,,1.0,,1.0,1.0,622.1560925224321,82.80096267865704,593.6728867312895,609.8379031827669,508.06419968295177,766.927499593711,
1783524330,eval__Walker2d-v4__td3__klb100__action_replace_0p05__seed5__pid1626506,td3,Walker2d-v4,5,20,1,klb100,action_replace_0p05,/home/users/am1015/rl_runs_td3_walker_kl_20260703_td3_kl_softrobust_5seed_rerun/Walker2d-v4__td3_kl_klb100__5__1783440323/td3_kl_klb100.cleanrl_model,/home/users/am1015/rl_runs_td3_walker_kl_20260703_td3_kl_softrobust_5seed_rerun/Walker2d-v4__td3_kl_klb100__5__1783440323/td3_kl_klb100.cleanrl_model.norm_stats.npz,1,1,0,0.0,0.0,0.0,0.05,1.0,1.0,,1.0,-1,,-1,,1.0,,1.0,1.0,486.6178414637604,165.14880350297034,472.44472310268486,482.6071433514488,128.15912380966196,737.959033317517,
1783524335,eval__Walker2d-v4__td3__klb100__action_replace_0p1__seed1__pid1626610,td3,Walker2d-v4,1,20,1,klb100,action_replace_0p1,/home/users/am1015/rl_runs_td3_walker_kl_20260703_td3_kl_softrobust_5seed_rerun/Walker2d-v4__td3_kl_klb100__1__1783434489/td3_kl_klb100.cleanrl_model,/home/users/am1015/rl_runs_td3_walker_kl_20260703_td3_kl_softrobust_5seed_rerun/Walker2d-v4__td3_kl_klb100__1__1783434489/td3_kl_klb100.cleanrl_model.norm_stats.npz,1,1,0,0.0,0.0,0.0,0.1,1.0,1.0,,1.0,-1,,-1,,1.0,,1.0,1.0,399.9220749984453,41.162518610327375,403.21040923674593,400.2572229893976,326.1242054799357,482.2808523017078,
1783524341,eval__Walker2d-v4__td3__klb100__action_replace_0p1__seed2__pid1626680,td3,Walker2d-v4,2,20,1,klb100,action_replace_0p1,/home/users/am1015/rl_runs_td3_walker_kl_20260703_td3_kl_softrobust_5seed_rerun/Walker2d-v4__td3_kl_klb100__2__1783439243/td3_kl_klb100.cleanrl_model,/home/users/am1015/rl_runs_td3_walker_kl_20260703_td3_kl_softrobust_5seed_rerun/Walker2d-v4__td3_kl_klb100__2__1783439243/td3_kl_klb100.cleanrl_model.norm_stats.npz,1,1,0,0.0,0.0,0.0,0.1,1.0,1.0,,1.0,-1,,-1,,1.0,,1.0,1.0,455.7701766890679,77.25646571100442,453.1501707047587,461.150028990232,257.372520882072,618.4529096738016,
1783524347,eval__Walker2d-v4__td3__klb100__action_replace_0p1__seed3__pid1626795,td3,Walker2d-v4,3,20,1,klb100,action_replace_0p1,/home/users/am1015/rl_runs_td3_walker_kl_20260703_td3_kl_softrobust_5seed_rerun/Walker2d-v4__td3_kl_klb100__3__1783439603/td3_kl_klb100.cleanrl_model,/home/users/am1015/rl_runs_td3_walker_kl_20260703_td3_kl_softrobust_5seed_rerun/Walker2d-v4__td3_kl_klb100__3__1783439603/td3_kl_klb100.cleanrl_model.norm_stats.npz,1,1,0,0.0,0.0,0.0,0.1,1.0,1.0,,1.0,-1,,-1,,1.0,,1.0,1.0,675.7660318925754,177.6766088945561,683.744580429503,695.3837376738154,334.4591429629763,1023.4190447823246,
1783524354,eval__Walker2d-v4__td3__klb100__action_replace_0p1__seed4__pid1626899,td3,Walker2d-v4,4,20,1,klb100,action_replace_0p1,/home/users/am1015/rl_runs_td3_walker_kl_20260703_td3_kl_softrobust_5seed_rerun/Walker2d-v4__td3_kl_klb100__4__1783439905/td3_kl_klb100.cleanrl_model,/home/users/am1015/rl_runs_td3_walker_kl_20260703_td3_kl_softrobust_5seed_rerun/Walker2d-v4__td3_kl_klb100__4__1783439905/td3_kl_klb100.cleanrl_model.norm_stats.npz,1,1,0,0.0,0.0,0.0,0.1,1.0,1.0,,1.0,-1,,-1,,1.0,,1.0,1.0,613.5359196239332,97.83098228951827,580.6256286803127,601.3308904738192,454.4396728046631,814.2433374945695,
1783524359,eval__Walker2d-v4__td3__klb100__action_replace_0p1__seed5__pid1627030,td3,Walker2d-v4,5,20,1,klb100,action_replace_0p1,/home/users/am1015/rl_runs_td3_walker_kl_20260703_td3_kl_softrobust_5seed_rerun/Walker2d-v4__td3_kl_klb100__5__1783440323/td3_kl_klb100.cleanrl_model,/home/users/am1015/rl_runs_td3_walker_kl_20260703_td3_kl_softrobust_5seed_rerun/Walker2d-v4__td3_kl_klb100__5__1783440323/td3_kl_klb100.cleanrl_model.norm_stats.npz,1,1,0,0.0,0.0,0.0,0.1,1.0,1.0,,1.0,-1,,-1,,1.0,,1.0,1.0,489.96950546394936,185.0916614451836,496.8439798271789,480.2349002760179,139.63738813163718,899.7026959671799,
1783524365,eval__Walker2d-v4__td3__klb100__action_replace_0p15__seed1__pid1627098,td3,Walker2d-v4,1,20,1,klb100,action_replace_0p15,/home/users/am1015/rl_runs_td3_walker_kl_20260703_td3_kl_softrobust_5seed_rerun/Walker2d-v4__td3_kl_klb100__1__1783434489/td3_kl_klb100.cleanrl_model,/home/users/am1015/rl_runs_td3_walker_kl_20260703_td3_kl_softrobust_5seed_rerun/Walker2d-v4__td3_kl_klb100__1__1783434489/td3_kl_klb100.cleanrl_model.norm_stats.npz,1,1,0,0.0,0.0,0.0,0.15,1.0,1.0,,1.0,-1,,-1,,1.0,,1.0,1.0,416.4101154988878,53.88203388280112,421.55402983797376,421.1632779790252,314.7638678734404,534.6835450069061,
1783524370,eval__Walker2d-v4__td3__klb100__action_replace_0p15__seed2__pid1627189,td3,Walker2d-v4,2,20,1,klb100,action_replace_0p15,/home/users/am1015/rl_runs_td3_walker_kl_20260703_td3_kl_softrobust_5seed_rerun/Walker2d-v4__td3_kl_klb100__2__1783439243/td3_kl_klb100.cleanrl_model,/home/users/am1015/rl_runs_td3_walker_kl_20260703_td3_kl_softrobust_5seed_rerun/Walker2d-v4__td3_kl_klb100__2__1783439243/td3_kl_klb100.cleanrl_model.norm_stats.npz,1,1,0,0.0,0.0,0.0,0.15,1.0,1.0,,1.0,-1,,-1,,1.0,,1.0,1.0,404.55255157093256,103.27813686831168,414.4867176554469,419.8010683824076,116.89151573077162,529.1483125494188,
1783524376,eval__Walker2d-v4__td3__klb100__action_replace_0p15__seed3__pid1627225,td3,Walker2d-v4,3,20,1,klb100,action_replace_0p15,/home/users/am1015/rl_runs_td3_walker_kl_20260703_td3_kl_softrobust_5seed_rerun/Walker2d-v4__td3_kl_klb100__3__1783439603/td3_kl_klb100.cleanrl_model,/home/users/am1015/rl_runs_td3_walker_kl_20260703_td3_kl_softrobust_5seed_rerun/Walker2d-v4__td3_kl_klb100__3__1783439603/td3_kl_klb100.cleanrl_model.norm_stats.npz,1,1,0,0.0,0.0,0.0,0.15,1.0,1.0,,1.0,-1,,-1,,1.0,,1.0,1.0,635.0342285550087,115.60894669702942,649.0945955595951,641.4051876610885,427.7288841032136,828.2390487517923,
1783524382,eval__Walker2d-v4__td3__klb100__action_replace_0p15__seed4__pid1627256,td3,Walker2d-v4,4,20,1,klb100,action_replace_0p15,/home/users/am1015/rl_runs_td3_walker_kl_20260703_td3_kl_softrobust_5seed_rerun/Walker2d-v4__td3_kl_klb100__4__1783439905/td3_kl_klb100.cleanrl_model,/home/users/am1015/rl_runs_td3_walker_kl_20260703_td3_kl_softrobust_5seed_rerun/Walker2d-v4__td3_kl_klb100__4__1783439905/td3_kl_klb100.cleanrl_model.norm_stats.npz,1,1,0,0.0,0.0,0.0,0.15,1.0,1.0,,1.0,-1,,-1,,1.0,,1.0,1.0,589.8823015336926,139.3566350628458,542.6700716642636,550.083163885972,438.9246364009918,1044.7900616677464,
1783524387,eval__Walker2d-v4__td3__klb100__action_replace_0p15__seed5__pid1627292,td3,Walker2d-v4,5,20,1,klb100,action_replace_0p15,/home/users/am1015/rl_runs_td3_walker_kl_20260703_td3_kl_softrobust_5seed_rerun/Walker2d-v4__td3_kl_klb100__5__1783440323/td3_kl_klb100.cleanrl_model,/home/users/am1015/rl_runs_td3_walker_kl_20260703_td3_kl_softrobust_5seed_rerun/Walker2d-v4__td3_kl_klb100__5__1783440323/td3_kl_klb100.cleanrl_model.norm_stats.npz,1,1,0,0.0,0.0,0.0,0.15,1.0,1.0,,1.0,-1,,-1,,1.0,,1.0,1.0,408.8764839886775,203.16276520770205,368.2251823636067,381.0201701786268,135.6790821751374,799.4926768373886,
1783524392,eval__Walker2d-v4__td3__klb100__action_replace_0p2__seed1__pid1627323,td3,Walker2d-v4,1,20,1,klb100,action_replace_0p2,/home/users/am1015/rl_runs_td3_walker_kl_20260703_td3_kl_softrobust_5seed_rerun/Walker2d-v4__td3_kl_klb100__1__1783434489/td3_kl_klb100.cleanrl_model,/home/users/am1015/rl_runs_td3_walker_kl_20260703_td3_kl_softrobust_5seed_rerun/Walker2d-v4__td3_kl_klb100__1__1783434489/td3_kl_klb100.cleanrl_model.norm_stats.npz,1,1,0,0.0,0.0,0.0,0.2,1.0,1.0,,1.0,-1,,-1,,1.0,,1.0,1.0,391.1412174636805,42.59531890154755,386.4781675274605,390.1983757160741,326.22426989962986,478.8004426921084,
1783524397,eval__Walker2d-v4__td3__klb100__action_replace_0p2__seed2__pid1627355,td3,Walker2d-v4,2,20,1,klb100,action_replace_0p2,/home/users/am1015/rl_runs_td3_walker_kl_20260703_td3_kl_softrobust_5seed_rerun/Walker2d-v4__td3_kl_klb100__2__1783439243/td3_kl_klb100.cleanrl_model,/home/users/am1015/rl_runs_td3_walker_kl_20260703_td3_kl_softrobust_5seed_rerun/Walker2d-v4__td3_kl_klb100__2__1783439243/td3_kl_klb100.cleanrl_model.norm_stats.npz,1,1,0,0.0,0.0,0.0,0.2,1.0,1.0,,1.0,-1,,-1,,1.0,,1.0,1.0,368.6479235901019,103.05319600790784,359.871157462362,361.42928049435625,114.59661480600997,618.990136408276,
1783524403,eval__Walker2d-v4__td3__klb100__action_replace_0p2__seed3__pid1627388,td3,Walker2d-v4,3,20,1,klb100,action_replace_0p2,/home/users/am1015/rl_runs_td3_walker_kl_20260703_td3_kl_softrobust_5seed_rerun/Walker2d-v4__td3_kl_klb100__3__1783439603/td3_kl_klb100.cleanrl_model,/home/users/am1015/rl_runs_td3_walker_kl_20260703_td3_kl_softrobust_5seed_rerun/Walker2d-v4__td3_kl_klb100__3__1783439603/td3_kl_klb100.cleanrl_model.norm_stats.npz,1,1,0,0.0,0.0,0.0,0.2,1.0,1.0,,1.0,-1,,-1,,1.0,,1.0,1.0,564.9377709519479,152.75830570784134,525.4143295646925,528.6431141881117,398.790141487608,956.223243815812,
1783524409,eval__Walker2d-v4__td3__klb100__action_replace_0p2__seed4__pid1627421,td3,Walker2d-v4,4,20,1,klb100,action_replace_0p2,/home/users/am1015/rl_runs_td3_walker_kl_20260703_td3_kl_softrobust_5seed_rerun/Walker2d-v4__td3_kl_klb100__4__1783439905/td3_kl_klb100.cleanrl_model,/home/users/am1015/rl_runs_td3_walker_kl_20260703_td3_kl_softrobust_5seed_rerun/Walker2d-v4__td3_kl_klb100__4__1783439905/td3_kl_klb100.cleanrl_model.norm_stats.npz,1,1,0,0.0,0.0,0.0,0.2,1.0,1.0,,1.0,-1,,-1,,1.0,,1.0,1.0,508.8301061206906,137.11989473013958,533.8979503134632,542.958775540504,84.49930289787703,640.7413630181481,
1783524414,eval__Walker2d-v4__td3__klb100__action_replace_0p2__seed5__pid1627452,td3,Walker2d-v4,5,20,1,klb100,action_replace_0p2,/home/users/am1015/rl_runs_td3_walker_kl_20260703_td3_kl_softrobust_5seed_rerun/Walker2d-v4__td3_kl_klb100__5__1783440323/td3_kl_klb100.cleanrl_model,/home/users/am1015/rl_runs_td3_walker_kl_20260703_td3_kl_softrobust_5seed_rerun/Walker2d-v4__td3_kl_klb100__5__1783440323/td3_kl_klb100.cleanrl_model.norm_stats.npz,1,1,0,0.0,0.0,0.0,0.2,1.0,1.0,,1.0,-1,,-1,,1.0,,1.0,1.0,361.7459305215799,181.3943840712921,355.22721976028583,349.64196149140685,125.80651698977418,729.1739987059865,
1783524419,eval__Walker2d-v4__td3__klb100__action_replace_0p25__seed1__pid1627485,td3,Walker2d-v4,1,20,1,klb100,action_replace_0p25,/home/users/am1015/rl_runs_td3_walker_kl_20260703_td3_kl_softrobust_5seed_rerun/Walker2d-v4__td3_kl_klb100__1__1783434489/td3_kl_klb100.cleanrl_model,/home/users/am1015/rl_runs_td3_walker_kl_20260703_td3_kl_softrobust_5seed_rerun/Walker2d-v4__td3_kl_klb100__1__1783434489/td3_kl_klb100.cleanrl_model.norm_stats.npz,1,1,0,0.0,0.0,0.0,0.25,1.0,1.0,,1.0,-1,,-1,,1.0,,1.0,1.0,391.7348279453757,53.923544058364456,389.7111563231823,389.2650561942421,289.67857113392853,510.801452541178,
1783524424,eval__Walker2d-v4__td3__klb100__action_replace_0p25__seed2__pid1627517,td3,Walker2d-v4,2,20,1,klb100,action_replace_0p25,/home/users/am1015/rl_runs_td3_walker_kl_20260703_td3_kl_softrobust_5seed_rerun/Walker2d-v4__td3_kl_klb100__2__1783439243/td3_kl_klb100.cleanrl_model,/home/users/am1015/rl_runs_td3_walker_kl_20260703_td3_kl_softrobust_5seed_rerun/Walker2d-v4__td3_kl_klb100__2__1783439243/td3_kl_klb100.cleanrl_model.norm_stats.npz,1,1,0,0.0,0.0,0.0,0.25,1.0,1.0,,1.0,-1,,-1,,1.0,,1.0,1.0,409.7102375387611,66.1722624933863,411.0430044429534,412.6751380010065,249.89099417581428,520.6665237083001,
1783524431,eval__Walker2d-v4__td3__klb100__action_replace_0p25__seed3__pid1627550,td3,Walker2d-v4,3,20,1,klb100,action_replace_0p25,/home/users/am1015/rl_runs_td3_walker_kl_20260703_td3_kl_softrobust_5seed_rerun/Walker2d-v4__td3_kl_klb100__3__1783439603/td3_kl_klb100.cleanrl_model,/home/users/am1015/rl_runs_td3_walker_kl_20260703_td3_kl_softrobust_5seed_rerun/Walker2d-v4__td3_kl_klb100__3__1783439603/td3_kl_klb100.cleanrl_model.norm_stats.npz,1,1,0,0.0,0.0,0.0,0.25,1.0,1.0,,1.0,-1,,-1,,1.0,,1.0,1.0,527.1559883276886,171.56403507189765,505.5504929376084,516.8096389915266,248.29390507463663,974.8812878101752,
1783524437,eval__Walker2d-v4__td3__klb100__action_replace_0p25__seed4__pid1627584,td3,Walker2d-v4,4,20,1,klb100,action_replace_0p25,/home/users/am1015/rl_runs_td3_walker_kl_20260703_td3_kl_softrobust_5seed_rerun/Walker2d-v4__td3_kl_klb100__4__1783439905/td3_kl_klb100.cleanrl_model,/home/users/am1015/rl_runs_td3_walker_kl_20260703_td3_kl_softrobust_5seed_rerun/Walker2d-v4__td3_kl_klb100__4__1783439905/td3_kl_klb100.cleanrl_model.norm_stats.npz,1,1,0,0.0,0.0,0.0,0.25,1.0,1.0,,1.0,-1,,-1,,1.0,,1.0,1.0,549.1056081206026,106.01167836937974,547.4923508580869,550.8107945120771,330.7567934570962,769.190738600315,
1783524442,eval__Walker2d-v4__td3__klb100__action_replace_0p25__seed5__pid1627616,td3,Walker2d-v4,5,20,1,klb100,action_replace_0p25,/home/users/am1015/rl_runs_td3_walker_kl_20260703_td3_kl_softrobust_5seed_rerun/Walker2d-v4__td3_kl_klb100__5__1783440323/td3_kl_klb100.cleanrl_model,/home/users/am1015/rl_runs_td3_walker_kl_20260703_td3_kl_softrobust_5seed_rerun/Walker2d-v4__td3_kl_klb100__5__1783440323/td3_kl_klb100.cleanrl_model.norm_stats.npz,1,1,0,0.0,0.0,0.0,0.25,1.0,1.0,,1.0,-1,,-1,,1.0,,1.0,1.0,388.839648551092,188.362560027682,401.2594406118888,398.7620900396753,1.8346762836348711,781.6322188191604,
1783524447,eval__Walker2d-v4__td3__klb100__action_replace_0p3__seed1__pid1627649,td3,Walker2d-v4,1,20,1,klb100,action_replace_0p3,/home/users/am1015/rl_runs_td3_walker_kl_20260703_td3_kl_softrobust_5seed_rerun/Walker2d-v4__td3_kl_klb100__1__1783434489/td3_kl_klb100.cleanrl_model,/home/users/am1015/rl_runs_td3_walker_kl_20260703_td3_kl_softrobust_5seed_rerun/Walker2d-v4__td3_kl_klb100__1__1783434489/td3_kl_klb100.cleanrl_model.norm_stats.npz,1,1,0,0.0,0.0,0.0,0.3,1.0,1.0,,1.0,-1,,-1,,1.0,,1.0,1.0,390.6205830965472,53.46273737100107,390.4176774937628,392.57853931983743,286.67877554962723,478.9485762550679,
1783524452,eval__Walker2d-v4__td3__klb100__action_replace_0p3__seed2__pid1627681,td3,Walker2d-v4,2,20,1,klb100,action_replace_0p3,/home/users/am1015/rl_runs_td3_walker_kl_20260703_td3_kl_softrobust_5seed_rerun/Walker2d-v4__td3_kl_klb100__2__1783439243/td3_kl_klb100.cleanrl_model,/home/users/am1015/rl_runs_td3_walker_kl_20260703_td3_kl_softrobust_5seed_rerun/Walker2d-v4__td3_kl_klb100__2__1783439243/td3_kl_klb100.cleanrl_model.norm_stats.npz,1,1,0,0.0,0.0,0.0,0.3,1.0,1.0,,1.0,-1,,-1,,1.0,,1.0,1.0,366.3628429155722,75.865035788616,357.4042574648903,364.0035884783409,254.4989611167237,482.6307508306956,
1783524459,eval__Walker2d-v4__td3__klb100__action_replace_0p3__seed3__pid1627713,td3,Walker2d-v4,3,20,1,klb100,action_replace_0p3,/home/users/am1015/rl_runs_td3_walker_kl_20260703_td3_kl_softrobust_5seed_rerun/Walker2d-v4__td3_kl_klb100__3__1783439603/td3_kl_klb100.cleanrl_model,/home/users/am1015/rl_runs_td3_walker_kl_20260703_td3_kl_softrobust_5seed_rerun/Walker2d-v4__td3_kl_klb100__3__1783439603/td3_kl_klb100.cleanrl_model.norm_stats.npz,1,1,0,0.0,0.0,0.0,0.3,1.0,1.0,,1.0,-1,,-1,,1.0,,1.0,1.0,543.6669042370661,160.59881121777232,536.2055355272649,520.7478732585879,328.2148109030986,1063.485606560928,
1783524464,eval__Walker2d-v4__td3__klb100__action_replace_0p3__seed4__pid1627748,td3,Walker2d-v4,4,20,1,klb100,action_replace_0p3,/home/users/am1015/rl_runs_td3_walker_kl_20260703_td3_kl_softrobust_5seed_rerun/Walker2d-v4__td3_kl_klb100__4__1783439905/td3_kl_klb100.cleanrl_model,/home/users/am1015/rl_runs_td3_walker_kl_20260703_td3_kl_softrobust_5seed_rerun/Walker2d-v4__td3_kl_klb100__4__1783439905/td3_kl_klb100.cleanrl_model.norm_stats.npz,1,1,0,0.0,0.0,0.0,0.3,1.0,1.0,,1.0,-1,,-1,,1.0,,1.0,1.0,482.1420867409221,58.09393709960582,471.7632930110566,478.01480933326,335.431485368169,581.4475691362933,
1783524469,eval__Walker2d-v4__td3__klb100__action_replace_0p3__seed5__pid1627780,td3,Walker2d-v4,5,20,1,klb100,action_replace_0p3,/home/users/am1015/rl_runs_td3_walker_kl_20260703_td3_kl_softrobust_5seed_rerun/Walker2d-v4__td3_kl_klb100__5__1783440323/td3_kl_klb100.cleanrl_model,/home/users/am1015/rl_runs_td3_walker_kl_20260703_td3_kl_softrobust_5seed_rerun/Walker2d-v4__td3_kl_klb100__5__1783440323/td3_kl_klb100.cleanrl_model.norm_stats.npz,1,1,0,0.0,0.0,0.0,0.3,1.0,1.0,,1.0,-1,,-1,,1.0,,1.0,1.0,341.9856113163063,115.14904262985752,347.62845278118243,336.38694397167666,134.8351136133742,599.8399281482324,
1783524475,eval__Walker2d-v4__td3__klb100__action_replace_0p35__seed1__pid1627812,td3,Walker2d-v4,1,20,1,klb100,action_replace_0p35,/home/users/am1015/rl_runs_td3_walker_kl_20260703_td3_kl_softrobust_5seed_rerun/Walker2d-v4__td3_kl_klb100__1__1783434489/td3_kl_klb100.cleanrl_model,/home/users/am1015/rl_runs_td3_walker_kl_20260703_td3_kl_softrobust_5seed_rerun/Walker2d-v4__td3_kl_klb100__1__1783434489/td3_kl_klb100.cleanrl_model.norm_stats.npz,1,1,0,0.0,0.0,0.0,0.35,1.0,1.0,,1.0,-1,,-1,,1.0,,1.0,1.0,371.8112022009296,66.55752899107694,372.95613353397096,375.4978154718471,215.09122521084396,472.066774322819,
1783524480,eval__Walker2d-v4__td3__klb100__action_replace_0p35__seed2__pid1627845,td3,Walker2d-v4,2,20,1,klb100,action_replace_0p35,/home/users/am1015/rl_runs_td3_walker_kl_20260703_td3_kl_softrobust_5seed_rerun/Walker2d-v4__td3_kl_klb100__2__1783439243/td3_kl_klb100.cleanrl_model,/home/users/am1015/rl_runs_td3_walker_kl_20260703_td3_kl_softrobust_5seed_rerun/Walker2d-v4__td3_kl_klb100__2__1783439243/td3_kl_klb100.cleanrl_model.norm_stats.npz,1,1,0,0.0,0.0,0.0,0.35,1.0,1.0,,1.0,-1,,-1,,1.0,,1.0,1.0,375.6226355952686,85.18739622918882,357.098431244636,365.1221180969501,254.21627251789755,570.3290832484921,
1783524486,eval__Walker2d-v4__td3__klb100__action_replace_0p35__seed3__pid1627877,td3,Walker2d-v4,3,20,1,klb100,action_replace_0p35,/home/users/am1015/rl_runs_td3_walker_kl_20260703_td3_kl_softrobust_5seed_rerun/Walker2d-v4__td3_kl_klb100__3__1783439603/td3_kl_klb100.cleanrl_model,/home/users/am1015/rl_runs_td3_walker_kl_20260703_td3_kl_softrobust_5seed_rerun/Walker2d-v4__td3_kl_klb100__3__1783439603/td3_kl_klb100.cleanrl_model.norm_stats.npz,1,1,0,0.0,0.0,0.0,0.35,1.0,1.0,,1.0,-1,,-1,,1.0,,1.0,1.0,430.21256418163,204.4785978909551,438.9412606438521,434.6104327516841,16.88955171748778,930.087499977911,
1783524491,eval__Walker2d-v4__td3__klb100__action_replace_0p35__seed4__pid1627911,td3,Walker2d-v4,4,20,1,klb100,action_replace_0p35,/home/users/am1015/rl_runs_td3_walker_kl_20260703_td3_kl_softrobust_5seed_rerun/Walker2d-v4__td3_kl_klb100__4__1783439905/td3_kl_klb100.cleanrl_model,/home/users/am1015/rl_runs_td3_walker_kl_20260703_td3_kl_softrobust_5seed_rerun/Walker2d-v4__td3_kl_klb100__4__1783439905/td3_kl_klb100.cleanrl_model.norm_stats.npz,1,1,0,0.0,0.0,0.0,0.35,1.0,1.0,,1.0,-1,,-1,,1.0,,1.0,1.0,416.785396611284,89.54052307738134,413.6979986846914,416.2928244607482,259.1236211736333,573.1552652979856,
1783524496,eval__Walker2d-v4__td3__klb100__action_replace_0p35__seed5__pid1627944,td3,Walker2d-v4,5,20,1,klb100,action_replace_0p35,/home/users/am1015/rl_runs_td3_walker_kl_20260703_td3_kl_softrobust_5seed_rerun/Walker2d-v4__td3_kl_klb100__5__1783440323/td3_kl_klb100.cleanrl_model,/home/users/am1015/rl_runs_td3_walker_kl_20260703_td3_kl_softrobust_5seed_rerun/Walker2d-v4__td3_kl_klb100__5__1783440323/td3_kl_klb100.cleanrl_model.norm_stats.npz,1,1,0,0.0,0.0,0.0,0.35,1.0,1.0,,1.0,-1,,-1,,1.0,,1.0,1.0,320.40900856427186,181.0933435162408,278.3092030744557,294.75548643720066,1.2076845967762404,712.4129076824499,
1783524501,eval__Walker2d-v4__td3__klb100__action_replace_0p4__seed1__pid1627976,td3,Walker2d-v4,1,20,1,klb100,action_replace_0p4,/home/users/am1015/rl_runs_td3_walker_kl_20260703_td3_kl_softrobust_5seed_rerun/Walker2d-v4__td3_kl_klb100__1__1783434489/td3_kl_klb100.cleanrl_model,/home/users/am1015/rl_runs_td3_walker_kl_20260703_td3_kl_softrobust_5seed_rerun/Walker2d-v4__td3_kl_klb100__1__1783434489/td3_kl_klb100.cleanrl_model.norm_stats.npz,1,1,0,0.0,0.0,0.0,0.4,1.0,1.0,,1.0,-1,,-1,,1.0,,1.0,1.0,337.5966059728445,106.46844695149332,349.4389964580324,340.3926618218067,108.2061501670222,558.682632407707,
1783524507,eval__Walker2d-v4__td3__klb100__action_replace_0p4__seed2__pid1628008,td3,Walker2d-v4,2,20,1,klb100,action_replace_0p4,/home/users/am1015/rl_runs_td3_walker_kl_20260703_td3_kl_softrobust_5seed_rerun/Walker2d-v4__td3_kl_klb100__2__1783439243/td3_kl_klb100.cleanrl_model,/home/users/am1015/rl_runs_td3_walker_kl_20260703_td3_kl_softrobust_5seed_rerun/Walker2d-v4__td3_kl_klb100__2__1783439243/td3_kl_klb100.cleanrl_model.norm_stats.npz,1,1,0,0.0,0.0,0.0,0.4,1.0,1.0,,1.0,-1,,-1,,1.0,,1.0,1.0,294.5323789939222,111.82194611781745,294.9944502193711,300.1562296001381,70.7596644885534,491.10168690647686,
1783524512,eval__Walker2d-v4__td3__klb100__action_replace_0p4__seed3__pid1628042,td3,Walker2d-v4,3,20,1,klb100,action_replace_0p4,/home/users/am1015/rl_runs_td3_walker_kl_20260703_td3_kl_softrobust_5seed_rerun/Walker2d-v4__td3_kl_klb100__3__1783439603/td3_kl_klb100.cleanrl_model,/home/users/am1015/rl_runs_td3_walker_kl_20260703_td3_kl_softrobust_5seed_rerun/Walker2d-v4__td3_kl_klb100__3__1783439603/td3_kl_klb100.cleanrl_model.norm_stats.npz,1,1,0,0.0,0.0,0.0,0.4,1.0,1.0,,1.0,-1,,-1,,1.0,,1.0,1.0,308.36756577438774,152.52770521320906,331.87834328184977,311.09807569601514,33.0995854885158,679.1062687107586,
1783524517,eval__Walker2d-v4__td3__klb100__action_replace_0p4__seed4__pid1628074,td3,Walker2d-v4,4,20,1,klb100,action_replace_0p4,/home/users/am1015/rl_runs_td3_walker_kl_20260703_td3_kl_softrobust_5seed_rerun/Walker2d-v4__td3_kl_klb100__4__1783439905/td3_kl_klb100.cleanrl_model,/home/users/am1015/rl_runs_td3_walker_kl_20260703_td3_kl_softrobust_5seed_rerun/Walker2d-v4__td3_kl_klb100__4__1783439905/td3_kl_klb100.cleanrl_model.norm_stats.npz,1,1,0,0.0,0.0,0.0,0.4,1.0,1.0,,1.0,-1,,-1,,1.0,,1.0,1.0,391.1067849145565,149.39339222744232,388.311124428758,400.61052319000913,65.34845281781912,641.9454515013078,
1783524522,eval__Walker2d-v4__td3__klb100__action_replace_0p4__seed5__pid1628108,td3,Walker2d-v4,5,20,1,klb100,action_replace_0p4,/home/users/am1015/rl_runs_td3_walker_kl_20260703_td3_kl_softrobust_5seed_rerun/Walker2d-v4__td3_kl_klb100__5__1783440323/td3_kl_klb100.cleanrl_model,/home/users/am1015/rl_runs_td3_walker_kl_20260703_td3_kl_softrobust_5seed_rerun/Walker2d-v4__td3_kl_klb100__5__1783440323/td3_kl_klb100.cleanrl_model.norm_stats.npz,1,1,0,0.0,0.0,0.0,0.4,1.0,1.0,,1.0,-1,,-1,,1.0,,1.0,1.0,285.59133786848594,126.93466521101884,313.8147104392154,288.68279368341643,10.7867556326039,532.6839393879662,
1783524527,eval__Walker2d-v4__td3__klb100__action_replace_0p45__seed1__pid1628139,td3,Walker2d-v4,1,20,1,klb100,action_replace_0p45,/home/users/am1015/rl_runs_td3_walker_kl_20260703_td3_kl_softrobust_5seed_rerun/Walker2d-v4__td3_kl_klb100__1__1783434489/td3_kl_klb100.cleanrl_model,/home/users/am1015/rl_runs_td3_walker_kl_20260703_td3_kl_softrobust_5seed_rerun/Walker2d-v4__td3_kl_klb100__1__1783434489/td3_kl_klb100.cleanrl_model.norm_stats.npz,1,1,0,0.0,0.0,0.0,0.45,1.0,1.0,,1.0,-1,,-1,,1.0,,1.0,1.0,296.1402684420429,96.39480153461216,291.3331110302475,284.97132297541174,63.14258988748922,452.8348473032718,
1783524532,eval__Walker2d-v4__td3__klb100__action_replace_0p45__seed2__pid1628171,td3,Walker2d-v4,2,20,1,klb100,action_replace_0p45,/home/users/am1015/rl_runs_td3_walker_kl_20260703_td3_kl_softrobust_5seed_rerun/Walker2d-v4__td3_kl_klb100__2__1783439243/td3_kl_klb100.cleanrl_model,/home/users/am1015/rl_runs_td3_walker_kl_20260703_td3_kl_softrobust_5seed_rerun/Walker2d-v4__td3_kl_klb100__2__1783439243/td3_kl_klb100.cleanrl_model.norm_stats.npz,1,1,0,0.0,0.0,0.0,0.45,1.0,1.0,,1.0,-1,,-1,,1.0,,1.0,1.0,297.31198529483555,97.32161843066189,313.2012203568735,313.8579887453066,23.666185166769942,462.13832612553625,
1783524537,eval__Walker2d-v4__td3__klb100__action_replace_0p45__seed3__pid1628206,td3,Walker2d-v4,3,20,1,klb100,action_replace_0p45,/home/users/am1015/rl_runs_td3_walker_kl_20260703_td3_kl_softrobust_5seed_rerun/Walker2d-v4__td3_kl_klb100__3__1783439603/td3_kl_klb100.cleanrl_model,/home/users/am1015/rl_runs_td3_walker_kl_20260703_td3_kl_softrobust_5seed_rerun/Walker2d-v4__td3_kl_klb100__3__1783439603/td3_kl_klb100.cleanrl_model.norm_stats.npz,1,1,0,0.0,0.0,0.0,0.45,1.0,1.0,,1.0,-1,,-1,,1.0,,1.0,1.0,293.1198096967765,96.5812920554169,298.6875451307864,294.6325361511184,150.484813880142,467.30015202200656,
1783524542,eval__Walker2d-v4__td3__klb100__action_replace_0p45__seed4__pid1628238,td3,Walker2d-v4,4,20,1,klb100,action_replace_0p45,/home/users/am1015/rl_runs_td3_walker_kl_20260703_td3_kl_softrobust_5seed_rerun/Walker2d-v4__td3_kl_klb100__4__1783439905/td3_kl_klb100.cleanrl_model,/home/users/am1015/rl_runs_td3_walker_kl_20260703_td3_kl_softrobust_5seed_rerun/Walker2d-v4__td3_kl_klb100__4__1783439905/td3_kl_klb100.cleanrl_model.norm_stats.npz,1,1,0,0.0,0.0,0.0,0.45,1.0,1.0,,1.0,-1,,-1,,1.0,,1.0,1.0,320.76536748049,114.88742191658709,360.9387620134781,349.51365999579184,106.53747479201486,529.3031208232276,
1783524548,eval__Walker2d-v4__td3__klb100__action_replace_0p45__seed5__pid1628271,td3,Walker2d-v4,5,20,1,klb100,action_replace_0p45,/home/users/am1015/rl_runs_td3_walker_kl_20260703_td3_kl_softrobust_5seed_rerun/Walker2d-v4__td3_kl_klb100__5__1783440323/td3_kl_klb100.cleanrl_model,/home/users/am1015/rl_runs_td3_walker_kl_20260703_td3_kl_softrobust_5seed_rerun/Walker2d-v4__td3_kl_klb100__5__1783440323/td3_kl_klb100.cleanrl_model.norm_stats.npz,1,1,0,0.0,0.0,0.0,0.45,1.0,1.0,,1.0,-1,,-1,,1.0,,1.0,1.0,338.13650995004747,162.5264666185616,357.6213897697662,356.3839784832564,-0.4208362082262242,560.1520005600681,
1783524553,eval__Walker2d-v4__td3__klb100__action_replace_0p5__seed1__pid1628304,td3,Walker2d-v4,1,20,1,klb100,action_replace_0p5,/home/users/am1015/rl_runs_td3_walker_kl_20260703_td3_kl_softrobust_5seed_rerun/Walker2d-v4__td3_kl_klb100__1__1783434489/td3_kl_klb100.cleanrl_model,/home/users/am1015/rl_runs_td3_walker_kl_20260703_td3_kl_softrobust_5seed_rerun/Walker2d-v4__td3_kl_klb100__1__1783434489/td3_kl_klb100.cleanrl_model.norm_stats.npz,1,1,0,0.0,0.0,0.0,0.5,1.0,1.0,,1.0,-1,,-1,,1.0,,1.0,1.0,326.58856155348525,114.7415953157734,320.9141281915547,319.5870291362132,81.49829469742158,624.3647693862262,
1783524558,eval__Walker2d-v4__td3__klb100__action_replace_0p5__seed2__pid1628336,td3,Walker2d-v4,2,20,1,klb100,action_replace_0p5,/home/users/am1015/rl_runs_td3_walker_kl_20260703_td3_kl_softrobust_5seed_rerun/Walker2d-v4__td3_kl_klb100__2__1783439243/td3_kl_klb100.cleanrl_model,/home/users/am1015/rl_runs_td3_walker_kl_20260703_td3_kl_softrobust_5seed_rerun/Walker2d-v4__td3_kl_klb100__2__1783439243/td3_kl_klb100.cleanrl_model.norm_stats.npz,1,1,0,0.0,0.0,0.0,0.5,1.0,1.0,,1.0,-1,,-1,,1.0,,1.0,1.0,262.07484490197464,130.68671759883807,293.4846056755557,273.9412572052872,8.58889462492319,475.7646950479768,
1783524564,eval__Walker2d-v4__td3__klb100__action_replace_0p5__seed3__pid1628367,td3,Walker2d-v4,3,20,1,klb100,action_replace_0p5,/home/users/am1015/rl_runs_td3_walker_kl_20260703_td3_kl_softrobust_5seed_rerun/Walker2d-v4__td3_kl_klb100__3__1783439603/td3_kl_klb100.cleanrl_model,/home/users/am1015/rl_runs_td3_walker_kl_20260703_td3_kl_softrobust_5seed_rerun/Walker2d-v4__td3_kl_klb100__3__1783439603/td3_kl_klb100.cleanrl_model.norm_stats.npz,1,1,0,0.0,0.0,0.0,0.5,1.0,1.0,,1.0,-1,,-1,,1.0,,1.0,1.0,260.7734013107804,126.10557661843173,227.41302080715053,252.21819031162357,33.60683492943214,474.44353047782784,
1783524569,eval__Walker2d-v4__td3__klb100__action_replace_0p5__seed4__pid1628402,td3,Walker2d-v4,4,20,1,klb100,action_replace_0p5,/home/users/am1015/rl_runs_td3_walker_kl_20260703_td3_kl_softrobust_5seed_rerun/Walker2d-v4__td3_kl_klb100__4__1783439905/td3_kl_klb100.cleanrl_model,/home/users/am1015/rl_runs_td3_walker_kl_20260703_td3_kl_softrobust_5seed_rerun/Walker2d-v4__td3_kl_klb100__4__1783439905/td3_kl_klb100.cleanrl_model.norm_stats.npz,1,1,0,0.0,0.0,0.0,0.5,1.0,1.0,,1.0,-1,,-1,,1.0,,1.0,1.0,340.5825801572076,142.6361313680476,360.03199772109133,351.28748143408995,67.03514636597434,615.563930593076,
1783524574,eval__Walker2d-v4__td3__klb100__action_replace_0p5__seed5__pid1628433,td3,Walker2d-v4,5,20,1,klb100,action_replace_0p5,/home/users/am1015/rl_runs_td3_walker_kl_20260703_td3_kl_softrobust_5seed_rerun/Walker2d-v4__td3_kl_klb100__5__1783440323/td3_kl_klb100.cleanrl_model,/home/users/am1015/rl_runs_td3_walker_kl_20260703_td3_kl_softrobust_5seed_rerun/Walker2d-v4__td3_kl_klb100__5__1783440323/td3_kl_klb100.cleanrl_model.norm_stats.npz,1,1,0,0.0,0.0,0.0,0.5,1.0,1.0,,1.0,-1,,-1,,1.0,,1.0,1.0,300.7000978557426,129.5909182527447,318.28439085856417,324.822471840481,1.7481442097390958,477.1135843199758,
