env_id,axis,stress_factor,model_label,threshold_fraction_of_vanilla_nominal_median,threshold_return,reliability
Walker2d-v5,foot_left_damping,0.5,vanilla,0.0,0.0,1.0
Walker2d-v5,foot_left_damping,0.5,vanilla,0.008333333333333333,33.78915794116291,1.0
Walker2d-v5,foot_left_damping,0.5,vanilla,0.016666666666666666,67.57831588232582,1.0
Walker2d-v5,foot_left_damping,0.5,vanilla,0.025,101.36747382348875,1.0
Walker2d-v5,foot_left_damping,0.5,vanilla,0.03333333333333333,135.15663176465165,1.0
Walker2d-v5,foot_left_damping,0.5,vanilla,0.041666666666666664,168.94578970581455,1.0
Walker2d-v5,foot_left_damping,0.5,vanilla,0.05,202.7349476469775,1.0
Walker2d-v5,foot_left_damping,0.5,vanilla,0.058333333333333334,236.5241055881404,1.0
Walker2d-v5,foot_left_damping,0.5,vanilla,0.06666666666666667,270.3132635293033,1.0
Walker2d-v5,foot_left_damping,0.5,vanilla,0.075,304.1024214704662,1.0
Walker2d-v5,foot_left_damping,0.5,vanilla,0.08333333333333333,337.8915794116291,1.0
Walker2d-v5,foot_left_damping,0.5,vanilla,0.09166666666666666,371.680737352792,1.0
Walker2d-v5,foot_left_damping,0.5,vanilla,0.1,405.469895293955,1.0
Walker2d-v5,foot_left_damping,0.5,vanilla,0.10833333333333334,439.2590532351179,1.0
Walker2d-v5,foot_left_damping,0.5,vanilla,0.11666666666666667,473.0482111762808,1.0
Walker2d-v5,foot_left_damping,0.5,vanilla,0.125,506.8373691174437,1.0
Walker2d-v5,foot_left_damping,0.5,vanilla,0.13333333333333333,540.6265270586066,1.0
Walker2d-v5,foot_left_damping,0.5,vanilla,0.14166666666666666,574.4156849997695,1.0
Walker2d-v5,foot_left_damping,0.5,vanilla,0.15,608.2048429409324,1.0
Walker2d-v5,foot_left_damping,0.5,vanilla,0.15833333333333333,641.9940008820953,1.0
Walker2d-v5,foot_left_damping,0.5,vanilla,0.16666666666666666,675.7831588232582,1.0
Walker2d-v5,foot_left_damping,0.5,vanilla,0.175,709.5723167644211,1.0
Walker2d-v5,foot_left_damping,0.5,vanilla,0.18333333333333332,743.361474705584,1.0
Walker2d-v5,foot_left_damping,0.5,vanilla,0.19166666666666665,777.150632646747,1.0
Walker2d-v5,foot_left_damping,0.5,vanilla,0.2,810.93979058791,1.0
Walker2d-v5,foot_left_damping,0.5,vanilla,0.20833333333333334,844.7289485290729,1.0
Walker2d-v5,foot_left_damping,0.5,vanilla,0.21666666666666667,878.5181064702358,0.9666666666666667
Walker2d-v5,foot_left_damping,0.5,vanilla,0.225,912.3072644113987,0.9666666666666667
Walker2d-v5,foot_left_damping,0.5,vanilla,0.23333333333333334,946.0964223525616,0.9666666666666667
Walker2d-v5,foot_left_damping,0.5,vanilla,0.24166666666666667,979.8855802937245,0.9666666666666667
Walker2d-v5,foot_left_damping,0.5,vanilla,0.25,1013.6747382348874,0.9666666666666667
Walker2d-v5,foot_left_damping,0.5,vanilla,0.2583333333333333,1047.4638961760502,0.9666666666666667
Walker2d-v5,foot_left_damping,0.5,vanilla,0.26666666666666666,1081.2530541172132,0.9666666666666667
Walker2d-v5,foot_left_damping,0.5,vanilla,0.275,1115.0422120583762,0.9666666666666667
Walker2d-v5,foot_left_damping,0.5,vanilla,0.2833333333333333,1148.831369999539,0.9666666666666667
Walker2d-v5,foot_left_damping,0.5,vanilla,0.2916666666666667,1182.620527940702,0.9666666666666667
Walker2d-v5,foot_left_damping,0.5,vanilla,0.3,1216.4096858818648,0.9666666666666667
Walker2d-v5,foot_left_damping,0.5,vanilla,0.30833333333333335,1250.1988438230278,0.9666666666666667
Walker2d-v5,foot_left_damping,0.5,vanilla,0.31666666666666665,1283.9880017641906,0.9666666666666667
Walker2d-v5,foot_left_damping,0.5,vanilla,0.325,1317.7771597053536,0.9666666666666667
Walker2d-v5,foot_left_damping,0.5,vanilla,0.3333333333333333,1351.5663176465164,0.9666666666666667
Walker2d-v5,foot_left_damping,0.5,vanilla,0.3416666666666667,1385.3554755876794,0.9666666666666667
Walker2d-v5,foot_left_damping,0.5,vanilla,0.35,1419.1446335288422,0.9666666666666667
Walker2d-v5,foot_left_damping,0.5,vanilla,0.35833333333333334,1452.9337914700052,0.9666666666666667
Walker2d-v5,foot_left_damping,0.5,vanilla,0.36666666666666664,1486.722949411168,0.9666666666666667
Walker2d-v5,foot_left_damping,0.5,vanilla,0.375,1520.512107352331,0.9666666666666667
Walker2d-v5,foot_left_damping,0.5,vanilla,0.3833333333333333,1554.301265293494,0.9666666666666667
Walker2d-v5,foot_left_damping,0.5,vanilla,0.39166666666666666,1588.090423234657,0.9666666666666667
Walker2d-v5,foot_left_damping,0.5,vanilla,0.4,1621.87958117582,0.9666666666666667
Walker2d-v5,foot_left_damping,0.5,vanilla,0.4083333333333333,1655.6687391169828,0.9666666666666667
Walker2d-v5,foot_left_damping,0.5,vanilla,0.4166666666666667,1689.4578970581458,0.9666666666666667
Walker2d-v5,foot_left_damping,0.5,vanilla,0.425,1723.2470549993086,0.9666666666666667
Walker2d-v5,foot_left_damping,0.5,vanilla,0.43333333333333335,1757.0362129404716,0.9666666666666667
Walker2d-v5,foot_left_damping,0.5,vanilla,0.44166666666666665,1790.8253708816344,0.9666666666666667
Walker2d-v5,foot_left_damping,0.5,vanilla,0.45,1824.6145288227974,0.9666666666666667
Walker2d-v5,foot_left_damping,0.5,vanilla,0.4583333333333333,1858.4036867639602,0.9666666666666667
Walker2d-v5,foot_left_damping,0.5,vanilla,0.4666666666666667,1892.1928447051232,0.9666666666666667
Walker2d-v5,foot_left_damping,0.5,vanilla,0.475,1925.982002646286,0.9666666666666667
Walker2d-v5,foot_left_damping,0.5,vanilla,0.48333333333333334,1959.771160587449,0.9666666666666667
Walker2d-v5,foot_left_damping,0.5,vanilla,0.49166666666666664,1993.5603185286118,0.9666666666666667
Walker2d-v5,foot_left_damping,0.5,vanilla,0.5,2027.3494764697748,0.9666666666666667
Walker2d-v5,foot_left_damping,0.5,vanilla,0.5083333333333333,2061.138634410938,0.9666666666666667
Walker2d-v5,foot_left_damping,0.5,vanilla,0.5166666666666666,2094.9277923521004,0.9666666666666667
Walker2d-v5,foot_left_damping,0.5,vanilla,0.525,2128.716950293264,0.9666666666666667
Walker2d-v5,foot_left_damping,0.5,vanilla,0.5333333333333333,2162.5061082344264,0.9666666666666667
Walker2d-v5,foot_left_damping,0.5,vanilla,0.5416666666666666,2196.2952661755894,0.9666666666666667
Walker2d-v5,foot_left_damping,0.5,vanilla,0.55,2230.0844241167524,0.9666666666666667
Walker2d-v5,foot_left_damping,0.5,vanilla,0.5583333333333333,2263.8735820579154,0.9666666666666667
Walker2d-v5,foot_left_damping,0.5,vanilla,0.5666666666666667,2297.662739999078,0.9666666666666667
Walker2d-v5,foot_left_damping,0.5,vanilla,0.575,2331.451897940241,0.9666666666666667
Walker2d-v5,foot_left_damping,0.5,vanilla,0.5833333333333334,2365.241055881404,0.9666666666666667
Walker2d-v5,foot_left_damping,0.5,vanilla,0.5916666666666667,2399.030213822567,0.9666666666666667
Walker2d-v5,foot_left_damping,0.5,vanilla,0.6,2432.8193717637296,0.9666666666666667
Walker2d-v5,foot_left_damping,0.5,vanilla,0.6083333333333333,2466.6085297048926,0.9666666666666667
Walker2d-v5,foot_left_damping,0.5,vanilla,0.6166666666666667,2500.3976876460556,0.9666666666666667
Walker2d-v5,foot_left_damping,0.5,vanilla,0.625,2534.1868455872186,0.9666666666666667
Walker2d-v5,foot_left_damping,0.5,vanilla,0.6333333333333333,2567.976003528381,0.9666666666666667
Walker2d-v5,foot_left_damping,0.5,vanilla,0.6416666666666666,2601.765161469544,0.9666666666666667
Walker2d-v5,foot_left_damping,0.5,vanilla,0.65,2635.554319410707,0.9666666666666667
Walker2d-v5,foot_left_damping,0.5,vanilla,0.6583333333333333,2669.34347735187,0.9666666666666667
Walker2d-v5,foot_left_damping,0.5,vanilla,0.6666666666666666,2703.1326352930328,0.9666666666666667
Walker2d-v5,foot_left_damping,0.5,vanilla,0.675,2736.9217932341962,0.9666666666666667
Walker2d-v5,foot_left_damping,0.5,vanilla,0.6833333333333333,2770.710951175359,0.9666666666666667
Walker2d-v5,foot_left_damping,0.5,vanilla,0.6916666666666667,2804.500109116522,0.9666666666666667
Walker2d-v5,foot_left_damping,0.5,vanilla,0.7,2838.2892670576844,0.9666666666666667
Walker2d-v5,foot_left_damping,0.5,vanilla,0.7083333333333334,2872.078424998848,0.9666666666666667
Walker2d-v5,foot_left_damping,0.5,vanilla,0.7166666666666667,2905.8675829400104,0.9666666666666667
Walker2d-v5,foot_left_damping,0.5,vanilla,0.725,2939.6567408811734,0.9666666666666667
Walker2d-v5,foot_left_damping,0.5,vanilla,0.7333333333333333,2973.445898822336,0.9666666666666667
Walker2d-v5,foot_left_damping,0.5,vanilla,0.7416666666666667,3007.2350567634994,0.9666666666666667
Walker2d-v5,foot_left_damping,0.5,vanilla,0.75,3041.024214704662,0.9666666666666667
Walker2d-v5,foot_left_damping,0.5,vanilla,0.7583333333333333,3074.813372645825,0.9666666666666667
Walker2d-v5,foot_left_damping,0.5,vanilla,0.7666666666666666,3108.602530586988,0.9666666666666667
Walker2d-v5,foot_left_damping,0.5,vanilla,0.775,3142.391688528151,0.9666666666666667
Walker2d-v5,foot_left_damping,0.5,vanilla,0.7833333333333333,3176.180846469314,0.9666666666666667
Walker2d-v5,foot_left_damping,0.5,vanilla,0.7916666666666666,3209.9700044104766,0.9666666666666667
Walker2d-v5,foot_left_damping,0.5,vanilla,0.8,3243.75916235164,0.9666666666666667
Walker2d-v5,foot_left_damping,0.5,vanilla,0.8083333333333333,3277.5483202928026,0.9333333333333333
Walker2d-v5,foot_left_damping,0.5,vanilla,0.8166666666666667,3311.3374782339656,0.9333333333333333
Walker2d-v5,foot_left_damping,0.5,vanilla,0.825,3345.126636175128,0.9
Walker2d-v5,foot_left_damping,0.5,vanilla,0.8333333333333334,3378.9157941162916,0.9
Walker2d-v5,foot_left_damping,0.5,vanilla,0.8416666666666667,3412.704952057454,0.9
Walker2d-v5,foot_left_damping,0.5,vanilla,0.85,3446.494109998617,0.9
Walker2d-v5,foot_left_damping,0.5,vanilla,0.8583333333333333,3480.2832679397798,0.9
Walker2d-v5,foot_left_damping,0.5,vanilla,0.8666666666666667,3514.0724258809432,0.9
Walker2d-v5,foot_left_damping,0.5,vanilla,0.875,3547.861583822106,0.9
Walker2d-v5,foot_left_damping,0.5,vanilla,0.8833333333333333,3581.650741763269,0.9
Walker2d-v5,foot_left_damping,0.5,vanilla,0.8916666666666666,3615.4398997044314,0.9
Walker2d-v5,foot_left_damping,0.5,vanilla,0.9,3649.229057645595,0.9
Walker2d-v5,foot_left_damping,0.5,vanilla,0.9083333333333333,3683.0182155867574,0.8333333333333334
Walker2d-v5,foot_left_damping,0.5,vanilla,0.9166666666666666,3716.8073735279204,0.8333333333333334
Walker2d-v5,foot_left_damping,0.5,vanilla,0.9249999999999999,3750.596531469083,0.8333333333333334
Walker2d-v5,foot_left_damping,0.5,vanilla,0.9333333333333333,3784.3856894102464,0.8
Walker2d-v5,foot_left_damping,0.5,vanilla,0.9416666666666667,3818.174847351409,0.7666666666666667
Walker2d-v5,foot_left_damping,0.5,vanilla,0.95,3851.964005292572,0.7
Walker2d-v5,foot_left_damping,0.5,vanilla,0.9583333333333334,3885.753163233735,0.6333333333333333
Walker2d-v5,foot_left_damping,0.5,vanilla,0.9666666666666667,3919.542321174898,0.6333333333333333
Walker2d-v5,foot_left_damping,0.5,vanilla,0.975,3953.3314791160606,0.6333333333333333
Walker2d-v5,foot_left_damping,0.5,vanilla,0.9833333333333333,3987.1206370572236,0.6
Walker2d-v5,foot_left_damping,0.5,vanilla,0.9916666666666667,4020.9097949983866,0.5666666666666667
Walker2d-v5,foot_left_damping,0.5,vanilla,1.0,4054.6989529395496,0.5
Walker2d-v5,foot_left_damping,0.5,vanilla,1.0083333333333333,4088.4881108807126,0.43333333333333335
Walker2d-v5,foot_left_damping,0.5,vanilla,1.0166666666666666,4122.277268821876,0.4
Walker2d-v5,foot_left_damping,0.5,vanilla,1.025,4156.066426763038,0.36666666666666664
Walker2d-v5,foot_left_damping,0.5,vanilla,1.0333333333333332,4189.855584704201,0.3333333333333333
Walker2d-v5,foot_left_damping,0.5,vanilla,1.0416666666666667,4223.644742645364,0.3
Walker2d-v5,foot_left_damping,0.5,vanilla,1.05,4257.433900586528,0.3
Walker2d-v5,foot_left_damping,0.5,vanilla,1.0583333333333333,4291.22305852769,0.23333333333333334
Walker2d-v5,foot_left_damping,0.5,vanilla,1.0666666666666667,4325.012216468853,0.23333333333333334
Walker2d-v5,foot_left_damping,0.5,vanilla,1.075,4358.801374410015,0.23333333333333334
Walker2d-v5,foot_left_damping,0.5,vanilla,1.0833333333333333,4392.590532351179,0.23333333333333334
Walker2d-v5,foot_left_damping,0.5,vanilla,1.0916666666666666,4426.379690292341,0.13333333333333333
Walker2d-v5,foot_left_damping,0.5,vanilla,1.1,4460.168848233505,0.1
Walker2d-v5,foot_left_damping,0.5,vanilla,1.1083333333333334,4493.958006174667,0.06666666666666667
Walker2d-v5,foot_left_damping,0.5,vanilla,1.1166666666666667,4527.747164115831,0.06666666666666667
Walker2d-v5,foot_left_damping,0.5,vanilla,1.125,4561.536322056993,0.06666666666666667
Walker2d-v5,foot_left_damping,0.5,vanilla,1.1333333333333333,4595.325479998156,0.06666666666666667
Walker2d-v5,foot_left_damping,0.5,vanilla,1.1416666666666666,4629.1146379393185,0.03333333333333333
Walker2d-v5,foot_left_damping,0.5,vanilla,1.15,4662.903795880482,0.03333333333333333
Walker2d-v5,foot_left_damping,0.5,vanilla,1.1583333333333332,4696.692953821645,0.03333333333333333
Walker2d-v5,foot_left_damping,0.5,vanilla,1.1666666666666667,4730.482111762808,0.03333333333333333
Walker2d-v5,foot_left_damping,0.5,vanilla,1.175,4764.271269703971,0.03333333333333333
Walker2d-v5,foot_left_damping,0.5,vanilla,1.1833333333333333,4798.060427645134,0.03333333333333333
Walker2d-v5,foot_left_damping,0.5,vanilla,1.1916666666666667,4831.849585586297,0.03333333333333333
Walker2d-v5,foot_left_damping,0.5,vanilla,1.2,4865.638743527459,0.03333333333333333
Walker2d-v5,foot_left_damping,0.5,vanilla,1.2083333333333333,4899.427901468622,0.0
Walker2d-v5,foot_left_damping,0.5,vanilla,1.2166666666666666,4933.217059409785,0.0
Walker2d-v5,foot_left_damping,0.5,vanilla,1.225,4967.006217350949,0.0
Walker2d-v5,foot_left_damping,0.5,vanilla,1.2333333333333334,5000.795375292111,0.0
Walker2d-v5,foot_left_damping,0.5,vanilla,1.2416666666666667,5034.584533233274,0.0
Walker2d-v5,foot_left_damping,0.5,vanilla,1.25,5068.373691174437,0.0
Walker2d-v5,foot_left_damping,0.5,tvc100,0.0,0.0,1.0
Walker2d-v5,foot_left_damping,0.5,tvc100,0.008333333333333333,33.78915794116291,1.0
Walker2d-v5,foot_left_damping,0.5,tvc100,0.016666666666666666,67.57831588232582,1.0
Walker2d-v5,foot_left_damping,0.5,tvc100,0.025,101.36747382348875,1.0
Walker2d-v5,foot_left_damping,0.5,tvc100,0.03333333333333333,135.15663176465165,1.0
Walker2d-v5,foot_left_damping,0.5,tvc100,0.041666666666666664,168.94578970581455,1.0
Walker2d-v5,foot_left_damping,0.5,tvc100,0.05,202.7349476469775,1.0
Walker2d-v5,foot_left_damping,0.5,tvc100,0.058333333333333334,236.5241055881404,1.0
Walker2d-v5,foot_left_damping,0.5,tvc100,0.06666666666666667,270.3132635293033,1.0
Walker2d-v5,foot_left_damping,0.5,tvc100,0.075,304.1024214704662,1.0
Walker2d-v5,foot_left_damping,0.5,tvc100,0.08333333333333333,337.8915794116291,1.0
Walker2d-v5,foot_left_damping,0.5,tvc100,0.09166666666666666,371.680737352792,1.0
Walker2d-v5,foot_left_damping,0.5,tvc100,0.1,405.469895293955,0.9666666666666667
Walker2d-v5,foot_left_damping,0.5,tvc100,0.10833333333333334,439.2590532351179,0.9333333333333333
Walker2d-v5,foot_left_damping,0.5,tvc100,0.11666666666666667,473.0482111762808,0.8666666666666667
Walker2d-v5,foot_left_damping,0.5,tvc100,0.125,506.8373691174437,0.6
Walker2d-v5,foot_left_damping,0.5,tvc100,0.13333333333333333,540.6265270586066,0.4666666666666667
Walker2d-v5,foot_left_damping,0.5,tvc100,0.14166666666666666,574.4156849997695,0.36666666666666664
Walker2d-v5,foot_left_damping,0.5,tvc100,0.15,608.2048429409324,0.23333333333333334
Walker2d-v5,foot_left_damping,0.5,tvc100,0.15833333333333333,641.9940008820953,0.2
Walker2d-v5,foot_left_damping,0.5,tvc100,0.16666666666666666,675.7831588232582,0.13333333333333333
Walker2d-v5,foot_left_damping,0.5,tvc100,0.175,709.5723167644211,0.13333333333333333
Walker2d-v5,foot_left_damping,0.5,tvc100,0.18333333333333332,743.361474705584,0.1
Walker2d-v5,foot_left_damping,0.5,tvc100,0.19166666666666665,777.150632646747,0.06666666666666667
Walker2d-v5,foot_left_damping,0.5,tvc100,0.2,810.93979058791,0.03333333333333333
Walker2d-v5,foot_left_damping,0.5,tvc100,0.20833333333333334,844.7289485290729,0.03333333333333333
Walker2d-v5,foot_left_damping,0.5,tvc100,0.21666666666666667,878.5181064702358,0.0
Walker2d-v5,foot_left_damping,0.5,tvc100,0.225,912.3072644113987,0.0
Walker2d-v5,foot_left_damping,0.5,tvc100,0.23333333333333334,946.0964223525616,0.0
Walker2d-v5,foot_left_damping,0.5,tvc100,0.24166666666666667,979.8855802937245,0.0
Walker2d-v5,foot_left_damping,0.5,tvc100,0.25,1013.6747382348874,0.0
Walker2d-v5,foot_left_damping,0.5,tvc100,0.2583333333333333,1047.4638961760502,0.0
Walker2d-v5,foot_left_damping,0.5,tvc100,0.26666666666666666,1081.2530541172132,0.0
Walker2d-v5,foot_left_damping,0.5,tvc100,0.275,1115.0422120583762,0.0
Walker2d-v5,foot_left_damping,0.5,tvc100,0.2833333333333333,1148.831369999539,0.0
Walker2d-v5,foot_left_damping,0.5,tvc100,0.2916666666666667,1182.620527940702,0.0
Walker2d-v5,foot_left_damping,0.5,tvc100,0.3,1216.4096858818648,0.0
Walker2d-v5,foot_left_damping,0.5,tvc100,0.30833333333333335,1250.1988438230278,0.0
Walker2d-v5,foot_left_damping,0.5,tvc100,0.31666666666666665,1283.9880017641906,0.0
Walker2d-v5,foot_left_damping,0.5,tvc100,0.325,1317.7771597053536,0.0
Walker2d-v5,foot_left_damping,0.5,tvc100,0.3333333333333333,1351.5663176465164,0.0
Walker2d-v5,foot_left_damping,0.5,tvc100,0.3416666666666667,1385.3554755876794,0.0
Walker2d-v5,foot_left_damping,0.5,tvc100,0.35,1419.1446335288422,0.0
Walker2d-v5,foot_left_damping,0.5,tvc100,0.35833333333333334,1452.9337914700052,0.0
Walker2d-v5,foot_left_damping,0.5,tvc100,0.36666666666666664,1486.722949411168,0.0
Walker2d-v5,foot_left_damping,0.5,tvc100,0.375,1520.512107352331,0.0
Walker2d-v5,foot_left_damping,0.5,tvc100,0.3833333333333333,1554.301265293494,0.0
Walker2d-v5,foot_left_damping,0.5,tvc100,0.39166666666666666,1588.090423234657,0.0
Walker2d-v5,foot_left_damping,0.5,tvc100,0.4,1621.87958117582,0.0
Walker2d-v5,foot_left_damping,0.5,tvc100,0.4083333333333333,1655.6687391169828,0.0
Walker2d-v5,foot_left_damping,0.5,tvc100,0.4166666666666667,1689.4578970581458,0.0
Walker2d-v5,foot_left_damping,0.5,tvc100,0.425,1723.2470549993086,0.0
Walker2d-v5,foot_left_damping,0.5,tvc100,0.43333333333333335,1757.0362129404716,0.0
Walker2d-v5,foot_left_damping,0.5,tvc100,0.44166666666666665,1790.8253708816344,0.0
Walker2d-v5,foot_left_damping,0.5,tvc100,0.45,1824.6145288227974,0.0
Walker2d-v5,foot_left_damping,0.5,tvc100,0.4583333333333333,1858.4036867639602,0.0
Walker2d-v5,foot_left_damping,0.5,tvc100,0.4666666666666667,1892.1928447051232,0.0
Walker2d-v5,foot_left_damping,0.5,tvc100,0.475,1925.982002646286,0.0
Walker2d-v5,foot_left_damping,0.5,tvc100,0.48333333333333334,1959.771160587449,0.0
Walker2d-v5,foot_left_damping,0.5,tvc100,0.49166666666666664,1993.5603185286118,0.0
Walker2d-v5,foot_left_damping,0.5,tvc100,0.5,2027.3494764697748,0.0
Walker2d-v5,foot_left_damping,0.5,tvc100,0.5083333333333333,2061.138634410938,0.0
Walker2d-v5,foot_left_damping,0.5,tvc100,0.5166666666666666,2094.9277923521004,0.0
Walker2d-v5,foot_left_damping,0.5,tvc100,0.525,2128.716950293264,0.0
Walker2d-v5,foot_left_damping,0.5,tvc100,0.5333333333333333,2162.5061082344264,0.0
Walker2d-v5,foot_left_damping,0.5,tvc100,0.5416666666666666,2196.2952661755894,0.0
Walker2d-v5,foot_left_damping,0.5,tvc100,0.55,2230.0844241167524,0.0
Walker2d-v5,foot_left_damping,0.5,tvc100,0.5583333333333333,2263.8735820579154,0.0
Walker2d-v5,foot_left_damping,0.5,tvc100,0.5666666666666667,2297.662739999078,0.0
Walker2d-v5,foot_left_damping,0.5,tvc100,0.575,2331.451897940241,0.0
Walker2d-v5,foot_left_damping,0.5,tvc100,0.5833333333333334,2365.241055881404,0.0
Walker2d-v5,foot_left_damping,0.5,tvc100,0.5916666666666667,2399.030213822567,0.0
Walker2d-v5,foot_left_damping,0.5,tvc100,0.6,2432.8193717637296,0.0
Walker2d-v5,foot_left_damping,0.5,tvc100,0.6083333333333333,2466.6085297048926,0.0
Walker2d-v5,foot_left_damping,0.5,tvc100,0.6166666666666667,2500.3976876460556,0.0
Walker2d-v5,foot_left_damping,0.5,tvc100,0.625,2534.1868455872186,0.0
Walker2d-v5,foot_left_damping,0.5,tvc100,0.6333333333333333,2567.976003528381,0.0
Walker2d-v5,foot_left_damping,0.5,tvc100,0.6416666666666666,2601.765161469544,0.0
Walker2d-v5,foot_left_damping,0.5,tvc100,0.65,2635.554319410707,0.0
Walker2d-v5,foot_left_damping,0.5,tvc100,0.6583333333333333,2669.34347735187,0.0
Walker2d-v5,foot_left_damping,0.5,tvc100,0.6666666666666666,2703.1326352930328,0.0
Walker2d-v5,foot_left_damping,0.5,tvc100,0.675,2736.9217932341962,0.0
Walker2d-v5,foot_left_damping,0.5,tvc100,0.6833333333333333,2770.710951175359,0.0
Walker2d-v5,foot_left_damping,0.5,tvc100,0.6916666666666667,2804.500109116522,0.0
Walker2d-v5,foot_left_damping,0.5,tvc100,0.7,2838.2892670576844,0.0
Walker2d-v5,foot_left_damping,0.5,tvc100,0.7083333333333334,2872.078424998848,0.0
Walker2d-v5,foot_left_damping,0.5,tvc100,0.7166666666666667,2905.8675829400104,0.0
Walker2d-v5,foot_left_damping,0.5,tvc100,0.725,2939.6567408811734,0.0
Walker2d-v5,foot_left_damping,0.5,tvc100,0.7333333333333333,2973.445898822336,0.0
Walker2d-v5,foot_left_damping,0.5,tvc100,0.7416666666666667,3007.2350567634994,0.0
Walker2d-v5,foot_left_damping,0.5,tvc100,0.75,3041.024214704662,0.0
Walker2d-v5,foot_left_damping,0.5,tvc100,0.7583333333333333,3074.813372645825,0.0
Walker2d-v5,foot_left_damping,0.5,tvc100,0.7666666666666666,3108.602530586988,0.0
Walker2d-v5,foot_left_damping,0.5,tvc100,0.775,3142.391688528151,0.0
Walker2d-v5,foot_left_damping,0.5,tvc100,0.7833333333333333,3176.180846469314,0.0
Walker2d-v5,foot_left_damping,0.5,tvc100,0.7916666666666666,3209.9700044104766,0.0
Walker2d-v5,foot_left_damping,0.5,tvc100,0.8,3243.75916235164,0.0
Walker2d-v5,foot_left_damping,0.5,tvc100,0.8083333333333333,3277.5483202928026,0.0
Walker2d-v5,foot_left_damping,0.5,tvc100,0.8166666666666667,3311.3374782339656,0.0
Walker2d-v5,foot_left_damping,0.5,tvc100,0.825,3345.126636175128,0.0
Walker2d-v5,foot_left_damping,0.5,tvc100,0.8333333333333334,3378.9157941162916,0.0
Walker2d-v5,foot_left_damping,0.5,tvc100,0.8416666666666667,3412.704952057454,0.0
Walker2d-v5,foot_left_damping,0.5,tvc100,0.85,3446.494109998617,0.0
Walker2d-v5,foot_left_damping,0.5,tvc100,0.8583333333333333,3480.2832679397798,0.0
Walker2d-v5,foot_left_damping,0.5,tvc100,0.8666666666666667,3514.0724258809432,0.0
Walker2d-v5,foot_left_damping,0.5,tvc100,0.875,3547.861583822106,0.0
Walker2d-v5,foot_left_damping,0.5,tvc100,0.8833333333333333,3581.650741763269,0.0
Walker2d-v5,foot_left_damping,0.5,tvc100,0.8916666666666666,3615.4398997044314,0.0
Walker2d-v5,foot_left_damping,0.5,tvc100,0.9,3649.229057645595,0.0
Walker2d-v5,foot_left_damping,0.5,tvc100,0.9083333333333333,3683.0182155867574,0.0
Walker2d-v5,foot_left_damping,0.5,tvc100,0.9166666666666666,3716.8073735279204,0.0
Walker2d-v5,foot_left_damping,0.5,tvc100,0.9249999999999999,3750.596531469083,0.0
Walker2d-v5,foot_left_damping,0.5,tvc100,0.9333333333333333,3784.3856894102464,0.0
Walker2d-v5,foot_left_damping,0.5,tvc100,0.9416666666666667,3818.174847351409,0.0
Walker2d-v5,foot_left_damping,0.5,tvc100,0.95,3851.964005292572,0.0
Walker2d-v5,foot_left_damping,0.5,tvc100,0.9583333333333334,3885.753163233735,0.0
Walker2d-v5,foot_left_damping,0.5,tvc100,0.9666666666666667,3919.542321174898,0.0
Walker2d-v5,foot_left_damping,0.5,tvc100,0.975,3953.3314791160606,0.0
Walker2d-v5,foot_left_damping,0.5,tvc100,0.9833333333333333,3987.1206370572236,0.0
Walker2d-v5,foot_left_damping,0.5,tvc100,0.9916666666666667,4020.9097949983866,0.0
Walker2d-v5,foot_left_damping,0.5,tvc100,1.0,4054.6989529395496,0.0
Walker2d-v5,foot_left_damping,0.5,tvc100,1.0083333333333333,4088.4881108807126,0.0
Walker2d-v5,foot_left_damping,0.5,tvc100,1.0166666666666666,4122.277268821876,0.0
Walker2d-v5,foot_left_damping,0.5,tvc100,1.025,4156.066426763038,0.0
Walker2d-v5,foot_left_damping,0.5,tvc100,1.0333333333333332,4189.855584704201,0.0
Walker2d-v5,foot_left_damping,0.5,tvc100,1.0416666666666667,4223.644742645364,0.0
Walker2d-v5,foot_left_damping,0.5,tvc100,1.05,4257.433900586528,0.0
Walker2d-v5,foot_left_damping,0.5,tvc100,1.0583333333333333,4291.22305852769,0.0
Walker2d-v5,foot_left_damping,0.5,tvc100,1.0666666666666667,4325.012216468853,0.0
Walker2d-v5,foot_left_damping,0.5,tvc100,1.075,4358.801374410015,0.0
Walker2d-v5,foot_left_damping,0.5,tvc100,1.0833333333333333,4392.590532351179,0.0
Walker2d-v5,foot_left_damping,0.5,tvc100,1.0916666666666666,4426.379690292341,0.0
Walker2d-v5,foot_left_damping,0.5,tvc100,1.1,4460.168848233505,0.0
Walker2d-v5,foot_left_damping,0.5,tvc100,1.1083333333333334,4493.958006174667,0.0
Walker2d-v5,foot_left_damping,0.5,tvc100,1.1166666666666667,4527.747164115831,0.0
Walker2d-v5,foot_left_damping,0.5,tvc100,1.125,4561.536322056993,0.0
Walker2d-v5,foot_left_damping,0.5,tvc100,1.1333333333333333,4595.325479998156,0.0
Walker2d-v5,foot_left_damping,0.5,tvc100,1.1416666666666666,4629.1146379393185,0.0
Walker2d-v5,foot_left_damping,0.5,tvc100,1.15,4662.903795880482,0.0
Walker2d-v5,foot_left_damping,0.5,tvc100,1.1583333333333332,4696.692953821645,0.0
Walker2d-v5,foot_left_damping,0.5,tvc100,1.1666666666666667,4730.482111762808,0.0
Walker2d-v5,foot_left_damping,0.5,tvc100,1.175,4764.271269703971,0.0
Walker2d-v5,foot_left_damping,0.5,tvc100,1.1833333333333333,4798.060427645134,0.0
Walker2d-v5,foot_left_damping,0.5,tvc100,1.1916666666666667,4831.849585586297,0.0
Walker2d-v5,foot_left_damping,0.5,tvc100,1.2,4865.638743527459,0.0
Walker2d-v5,foot_left_damping,0.5,tvc100,1.2083333333333333,4899.427901468622,0.0
Walker2d-v5,foot_left_damping,0.5,tvc100,1.2166666666666666,4933.217059409785,0.0
Walker2d-v5,foot_left_damping,0.5,tvc100,1.225,4967.006217350949,0.0
Walker2d-v5,foot_left_damping,0.5,tvc100,1.2333333333333334,5000.795375292111,0.0
Walker2d-v5,foot_left_damping,0.5,tvc100,1.2416666666666667,5034.584533233274,0.0
Walker2d-v5,foot_left_damping,0.5,tvc100,1.25,5068.373691174437,0.0
Walker2d-v5,foot_left_damping,0.5,tvc150,0.0,0.0,1.0
Walker2d-v5,foot_left_damping,0.5,tvc150,0.008333333333333333,33.78915794116291,1.0
Walker2d-v5,foot_left_damping,0.5,tvc150,0.016666666666666666,67.57831588232582,1.0
Walker2d-v5,foot_left_damping,0.5,tvc150,0.025,101.36747382348875,1.0
Walker2d-v5,foot_left_damping,0.5,tvc150,0.03333333333333333,135.15663176465165,1.0
Walker2d-v5,foot_left_damping,0.5,tvc150,0.041666666666666664,168.94578970581455,1.0
Walker2d-v5,foot_left_damping,0.5,tvc150,0.05,202.7349476469775,1.0
Walker2d-v5,foot_left_damping,0.5,tvc150,0.058333333333333334,236.5241055881404,1.0
Walker2d-v5,foot_left_damping,0.5,tvc150,0.06666666666666667,270.3132635293033,1.0
Walker2d-v5,foot_left_damping,0.5,tvc150,0.075,304.1024214704662,1.0
Walker2d-v5,foot_left_damping,0.5,tvc150,0.08333333333333333,337.8915794116291,1.0
Walker2d-v5,foot_left_damping,0.5,tvc150,0.09166666666666666,371.680737352792,1.0
Walker2d-v5,foot_left_damping,0.5,tvc150,0.1,405.469895293955,1.0
Walker2d-v5,foot_left_damping,0.5,tvc150,0.10833333333333334,439.2590532351179,1.0
Walker2d-v5,foot_left_damping,0.5,tvc150,0.11666666666666667,473.0482111762808,0.9666666666666667
Walker2d-v5,foot_left_damping,0.5,tvc150,0.125,506.8373691174437,0.9333333333333333
Walker2d-v5,foot_left_damping,0.5,tvc150,0.13333333333333333,540.6265270586066,0.8333333333333334
Walker2d-v5,foot_left_damping,0.5,tvc150,0.14166666666666666,574.4156849997695,0.8
Walker2d-v5,foot_left_damping,0.5,tvc150,0.15,608.2048429409324,0.7
Walker2d-v5,foot_left_damping,0.5,tvc150,0.15833333333333333,641.9940008820953,0.6666666666666666
Walker2d-v5,foot_left_damping,0.5,tvc150,0.16666666666666666,675.7831588232582,0.5666666666666667
Walker2d-v5,foot_left_damping,0.5,tvc150,0.175,709.5723167644211,0.5333333333333333
Walker2d-v5,foot_left_damping,0.5,tvc150,0.18333333333333332,743.361474705584,0.5
Walker2d-v5,foot_left_damping,0.5,tvc150,0.19166666666666665,777.150632646747,0.4666666666666667
Walker2d-v5,foot_left_damping,0.5,tvc150,0.2,810.93979058791,0.43333333333333335
Walker2d-v5,foot_left_damping,0.5,tvc150,0.20833333333333334,844.7289485290729,0.4
Walker2d-v5,foot_left_damping,0.5,tvc150,0.21666666666666667,878.5181064702358,0.3333333333333333
Walker2d-v5,foot_left_damping,0.5,tvc150,0.225,912.3072644113987,0.3333333333333333
Walker2d-v5,foot_left_damping,0.5,tvc150,0.23333333333333334,946.0964223525616,0.23333333333333334
Walker2d-v5,foot_left_damping,0.5,tvc150,0.24166666666666667,979.8855802937245,0.23333333333333334
Walker2d-v5,foot_left_damping,0.5,tvc150,0.25,1013.6747382348874,0.2
Walker2d-v5,foot_left_damping,0.5,tvc150,0.2583333333333333,1047.4638961760502,0.2
Walker2d-v5,foot_left_damping,0.5,tvc150,0.26666666666666666,1081.2530541172132,0.13333333333333333
Walker2d-v5,foot_left_damping,0.5,tvc150,0.275,1115.0422120583762,0.1
Walker2d-v5,foot_left_damping,0.5,tvc150,0.2833333333333333,1148.831369999539,0.06666666666666667
Walker2d-v5,foot_left_damping,0.5,tvc150,0.2916666666666667,1182.620527940702,0.06666666666666667
Walker2d-v5,foot_left_damping,0.5,tvc150,0.3,1216.4096858818648,0.06666666666666667
Walker2d-v5,foot_left_damping,0.5,tvc150,0.30833333333333335,1250.1988438230278,0.03333333333333333
Walker2d-v5,foot_left_damping,0.5,tvc150,0.31666666666666665,1283.9880017641906,0.03333333333333333
Walker2d-v5,foot_left_damping,0.5,tvc150,0.325,1317.7771597053536,0.03333333333333333
Walker2d-v5,foot_left_damping,0.5,tvc150,0.3333333333333333,1351.5663176465164,0.03333333333333333
Walker2d-v5,foot_left_damping,0.5,tvc150,0.3416666666666667,1385.3554755876794,0.03333333333333333
Walker2d-v5,foot_left_damping,0.5,tvc150,0.35,1419.1446335288422,0.03333333333333333
Walker2d-v5,foot_left_damping,0.5,tvc150,0.35833333333333334,1452.9337914700052,0.03333333333333333
Walker2d-v5,foot_left_damping,0.5,tvc150,0.36666666666666664,1486.722949411168,0.03333333333333333
Walker2d-v5,foot_left_damping,0.5,tvc150,0.375,1520.512107352331,0.03333333333333333
Walker2d-v5,foot_left_damping,0.5,tvc150,0.3833333333333333,1554.301265293494,0.03333333333333333
Walker2d-v5,foot_left_damping,0.5,tvc150,0.39166666666666666,1588.090423234657,0.03333333333333333
Walker2d-v5,foot_left_damping,0.5,tvc150,0.4,1621.87958117582,0.03333333333333333
Walker2d-v5,foot_left_damping,0.5,tvc150,0.4083333333333333,1655.6687391169828,0.03333333333333333
Walker2d-v5,foot_left_damping,0.5,tvc150,0.4166666666666667,1689.4578970581458,0.03333333333333333
Walker2d-v5,foot_left_damping,0.5,tvc150,0.425,1723.2470549993086,0.03333333333333333
Walker2d-v5,foot_left_damping,0.5,tvc150,0.43333333333333335,1757.0362129404716,0.0
Walker2d-v5,foot_left_damping,0.5,tvc150,0.44166666666666665,1790.8253708816344,0.0
Walker2d-v5,foot_left_damping,0.5,tvc150,0.45,1824.6145288227974,0.0
Walker2d-v5,foot_left_damping,0.5,tvc150,0.4583333333333333,1858.4036867639602,0.0
Walker2d-v5,foot_left_damping,0.5,tvc150,0.4666666666666667,1892.1928447051232,0.0
Walker2d-v5,foot_left_damping,0.5,tvc150,0.475,1925.982002646286,0.0
Walker2d-v5,foot_left_damping,0.5,tvc150,0.48333333333333334,1959.771160587449,0.0
Walker2d-v5,foot_left_damping,0.5,tvc150,0.49166666666666664,1993.5603185286118,0.0
Walker2d-v5,foot_left_damping,0.5,tvc150,0.5,2027.3494764697748,0.0
Walker2d-v5,foot_left_damping,0.5,tvc150,0.5083333333333333,2061.138634410938,0.0
Walker2d-v5,foot_left_damping,0.5,tvc150,0.5166666666666666,2094.9277923521004,0.0
Walker2d-v5,foot_left_damping,0.5,tvc150,0.525,2128.716950293264,0.0
Walker2d-v5,foot_left_damping,0.5,tvc150,0.5333333333333333,2162.5061082344264,0.0
Walker2d-v5,foot_left_damping,0.5,tvc150,0.5416666666666666,2196.2952661755894,0.0
Walker2d-v5,foot_left_damping,0.5,tvc150,0.55,2230.0844241167524,0.0
Walker2d-v5,foot_left_damping,0.5,tvc150,0.5583333333333333,2263.8735820579154,0.0
Walker2d-v5,foot_left_damping,0.5,tvc150,0.5666666666666667,2297.662739999078,0.0
Walker2d-v5,foot_left_damping,0.5,tvc150,0.575,2331.451897940241,0.0
Walker2d-v5,foot_left_damping,0.5,tvc150,0.5833333333333334,2365.241055881404,0.0
Walker2d-v5,foot_left_damping,0.5,tvc150,0.5916666666666667,2399.030213822567,0.0
Walker2d-v5,foot_left_damping,0.5,tvc150,0.6,2432.8193717637296,0.0
Walker2d-v5,foot_left_damping,0.5,tvc150,0.6083333333333333,2466.6085297048926,0.0
Walker2d-v5,foot_left_damping,0.5,tvc150,0.6166666666666667,2500.3976876460556,0.0
Walker2d-v5,foot_left_damping,0.5,tvc150,0.625,2534.1868455872186,0.0
Walker2d-v5,foot_left_damping,0.5,tvc150,0.6333333333333333,2567.976003528381,0.0
Walker2d-v5,foot_left_damping,0.5,tvc150,0.6416666666666666,2601.765161469544,0.0
Walker2d-v5,foot_left_damping,0.5,tvc150,0.65,2635.554319410707,0.0
Walker2d-v5,foot_left_damping,0.5,tvc150,0.6583333333333333,2669.34347735187,0.0
Walker2d-v5,foot_left_damping,0.5,tvc150,0.6666666666666666,2703.1326352930328,0.0
Walker2d-v5,foot_left_damping,0.5,tvc150,0.675,2736.9217932341962,0.0
Walker2d-v5,foot_left_damping,0.5,tvc150,0.6833333333333333,2770.710951175359,0.0
Walker2d-v5,foot_left_damping,0.5,tvc150,0.6916666666666667,2804.500109116522,0.0
Walker2d-v5,foot_left_damping,0.5,tvc150,0.7,2838.2892670576844,0.0
Walker2d-v5,foot_left_damping,0.5,tvc150,0.7083333333333334,2872.078424998848,0.0
Walker2d-v5,foot_left_damping,0.5,tvc150,0.7166666666666667,2905.8675829400104,0.0
Walker2d-v5,foot_left_damping,0.5,tvc150,0.725,2939.6567408811734,0.0
Walker2d-v5,foot_left_damping,0.5,tvc150,0.7333333333333333,2973.445898822336,0.0
Walker2d-v5,foot_left_damping,0.5,tvc150,0.7416666666666667,3007.2350567634994,0.0
Walker2d-v5,foot_left_damping,0.5,tvc150,0.75,3041.024214704662,0.0
Walker2d-v5,foot_left_damping,0.5,tvc150,0.7583333333333333,3074.813372645825,0.0
Walker2d-v5,foot_left_damping,0.5,tvc150,0.7666666666666666,3108.602530586988,0.0
Walker2d-v5,foot_left_damping,0.5,tvc150,0.775,3142.391688528151,0.0
Walker2d-v5,foot_left_damping,0.5,tvc150,0.7833333333333333,3176.180846469314,0.0
Walker2d-v5,foot_left_damping,0.5,tvc150,0.7916666666666666,3209.9700044104766,0.0
Walker2d-v5,foot_left_damping,0.5,tvc150,0.8,3243.75916235164,0.0
Walker2d-v5,foot_left_damping,0.5,tvc150,0.8083333333333333,3277.5483202928026,0.0
Walker2d-v5,foot_left_damping,0.5,tvc150,0.8166666666666667,3311.3374782339656,0.0
Walker2d-v5,foot_left_damping,0.5,tvc150,0.825,3345.126636175128,0.0
Walker2d-v5,foot_left_damping,0.5,tvc150,0.8333333333333334,3378.9157941162916,0.0
Walker2d-v5,foot_left_damping,0.5,tvc150,0.8416666666666667,3412.704952057454,0.0
Walker2d-v5,foot_left_damping,0.5,tvc150,0.85,3446.494109998617,0.0
Walker2d-v5,foot_left_damping,0.5,tvc150,0.8583333333333333,3480.2832679397798,0.0
Walker2d-v5,foot_left_damping,0.5,tvc150,0.8666666666666667,3514.0724258809432,0.0
Walker2d-v5,foot_left_damping,0.5,tvc150,0.875,3547.861583822106,0.0
Walker2d-v5,foot_left_damping,0.5,tvc150,0.8833333333333333,3581.650741763269,0.0
Walker2d-v5,foot_left_damping,0.5,tvc150,0.8916666666666666,3615.4398997044314,0.0
Walker2d-v5,foot_left_damping,0.5,tvc150,0.9,3649.229057645595,0.0
Walker2d-v5,foot_left_damping,0.5,tvc150,0.9083333333333333,3683.0182155867574,0.0
Walker2d-v5,foot_left_damping,0.5,tvc150,0.9166666666666666,3716.8073735279204,0.0
Walker2d-v5,foot_left_damping,0.5,tvc150,0.9249999999999999,3750.596531469083,0.0
Walker2d-v5,foot_left_damping,0.5,tvc150,0.9333333333333333,3784.3856894102464,0.0
Walker2d-v5,foot_left_damping,0.5,tvc150,0.9416666666666667,3818.174847351409,0.0
Walker2d-v5,foot_left_damping,0.5,tvc150,0.95,3851.964005292572,0.0
Walker2d-v5,foot_left_damping,0.5,tvc150,0.9583333333333334,3885.753163233735,0.0
Walker2d-v5,foot_left_damping,0.5,tvc150,0.9666666666666667,3919.542321174898,0.0
Walker2d-v5,foot_left_damping,0.5,tvc150,0.975,3953.3314791160606,0.0
Walker2d-v5,foot_left_damping,0.5,tvc150,0.9833333333333333,3987.1206370572236,0.0
Walker2d-v5,foot_left_damping,0.5,tvc150,0.9916666666666667,4020.9097949983866,0.0
Walker2d-v5,foot_left_damping,0.5,tvc150,1.0,4054.6989529395496,0.0
Walker2d-v5,foot_left_damping,0.5,tvc150,1.0083333333333333,4088.4881108807126,0.0
Walker2d-v5,foot_left_damping,0.5,tvc150,1.0166666666666666,4122.277268821876,0.0
Walker2d-v5,foot_left_damping,0.5,tvc150,1.025,4156.066426763038,0.0
Walker2d-v5,foot_left_damping,0.5,tvc150,1.0333333333333332,4189.855584704201,0.0
Walker2d-v5,foot_left_damping,0.5,tvc150,1.0416666666666667,4223.644742645364,0.0
Walker2d-v5,foot_left_damping,0.5,tvc150,1.05,4257.433900586528,0.0
Walker2d-v5,foot_left_damping,0.5,tvc150,1.0583333333333333,4291.22305852769,0.0
Walker2d-v5,foot_left_damping,0.5,tvc150,1.0666666666666667,4325.012216468853,0.0
Walker2d-v5,foot_left_damping,0.5,tvc150,1.075,4358.801374410015,0.0
Walker2d-v5,foot_left_damping,0.5,tvc150,1.0833333333333333,4392.590532351179,0.0
Walker2d-v5,foot_left_damping,0.5,tvc150,1.0916666666666666,4426.379690292341,0.0
Walker2d-v5,foot_left_damping,0.5,tvc150,1.1,4460.168848233505,0.0
Walker2d-v5,foot_left_damping,0.5,tvc150,1.1083333333333334,4493.958006174667,0.0
Walker2d-v5,foot_left_damping,0.5,tvc150,1.1166666666666667,4527.747164115831,0.0
Walker2d-v5,foot_left_damping,0.5,tvc150,1.125,4561.536322056993,0.0
Walker2d-v5,foot_left_damping,0.5,tvc150,1.1333333333333333,4595.325479998156,0.0
Walker2d-v5,foot_left_damping,0.5,tvc150,1.1416666666666666,4629.1146379393185,0.0
Walker2d-v5,foot_left_damping,0.5,tvc150,1.15,4662.903795880482,0.0
Walker2d-v5,foot_left_damping,0.5,tvc150,1.1583333333333332,4696.692953821645,0.0
Walker2d-v5,foot_left_damping,0.5,tvc150,1.1666666666666667,4730.482111762808,0.0
Walker2d-v5,foot_left_damping,0.5,tvc150,1.175,4764.271269703971,0.0
Walker2d-v5,foot_left_damping,0.5,tvc150,1.1833333333333333,4798.060427645134,0.0
Walker2d-v5,foot_left_damping,0.5,tvc150,1.1916666666666667,4831.849585586297,0.0
Walker2d-v5,foot_left_damping,0.5,tvc150,1.2,4865.638743527459,0.0
Walker2d-v5,foot_left_damping,0.5,tvc150,1.2083333333333333,4899.427901468622,0.0
Walker2d-v5,foot_left_damping,0.5,tvc150,1.2166666666666666,4933.217059409785,0.0
Walker2d-v5,foot_left_damping,0.5,tvc150,1.225,4967.006217350949,0.0
Walker2d-v5,foot_left_damping,0.5,tvc150,1.2333333333333334,5000.795375292111,0.0
Walker2d-v5,foot_left_damping,0.5,tvc150,1.2416666666666667,5034.584533233274,0.0
Walker2d-v5,foot_left_damping,0.5,tvc150,1.25,5068.373691174437,0.0
Walker2d-v5,foot_left_damping,0.5,tvc200,0.0,0.0,1.0
Walker2d-v5,foot_left_damping,0.5,tvc200,0.008333333333333333,33.78915794116291,1.0
Walker2d-v5,foot_left_damping,0.5,tvc200,0.016666666666666666,67.57831588232582,1.0
Walker2d-v5,foot_left_damping,0.5,tvc200,0.025,101.36747382348875,1.0
Walker2d-v5,foot_left_damping,0.5,tvc200,0.03333333333333333,135.15663176465165,1.0
Walker2d-v5,foot_left_damping,0.5,tvc200,0.041666666666666664,168.94578970581455,1.0
Walker2d-v5,foot_left_damping,0.5,tvc200,0.05,202.7349476469775,1.0
Walker2d-v5,foot_left_damping,0.5,tvc200,0.058333333333333334,236.5241055881404,1.0
Walker2d-v5,foot_left_damping,0.5,tvc200,0.06666666666666667,270.3132635293033,1.0
Walker2d-v5,foot_left_damping,0.5,tvc200,0.075,304.1024214704662,1.0
Walker2d-v5,foot_left_damping,0.5,tvc200,0.08333333333333333,337.8915794116291,1.0
Walker2d-v5,foot_left_damping,0.5,tvc200,0.09166666666666666,371.680737352792,1.0
Walker2d-v5,foot_left_damping,0.5,tvc200,0.1,405.469895293955,1.0
Walker2d-v5,foot_left_damping,0.5,tvc200,0.10833333333333334,439.2590532351179,1.0
Walker2d-v5,foot_left_damping,0.5,tvc200,0.11666666666666667,473.0482111762808,1.0
Walker2d-v5,foot_left_damping,0.5,tvc200,0.125,506.8373691174437,1.0
Walker2d-v5,foot_left_damping,0.5,tvc200,0.13333333333333333,540.6265270586066,1.0
Walker2d-v5,foot_left_damping,0.5,tvc200,0.14166666666666666,574.4156849997695,1.0
Walker2d-v5,foot_left_damping,0.5,tvc200,0.15,608.2048429409324,1.0
Walker2d-v5,foot_left_damping,0.5,tvc200,0.15833333333333333,641.9940008820953,1.0
Walker2d-v5,foot_left_damping,0.5,tvc200,0.16666666666666666,675.7831588232582,1.0
Walker2d-v5,foot_left_damping,0.5,tvc200,0.175,709.5723167644211,0.9333333333333333
Walker2d-v5,foot_left_damping,0.5,tvc200,0.18333333333333332,743.361474705584,0.9
Walker2d-v5,foot_left_damping,0.5,tvc200,0.19166666666666665,777.150632646747,0.9
Walker2d-v5,foot_left_damping,0.5,tvc200,0.2,810.93979058791,0.8666666666666667
Walker2d-v5,foot_left_damping,0.5,tvc200,0.20833333333333334,844.7289485290729,0.8333333333333334
Walker2d-v5,foot_left_damping,0.5,tvc200,0.21666666666666667,878.5181064702358,0.8333333333333334
Walker2d-v5,foot_left_damping,0.5,tvc200,0.225,912.3072644113987,0.8333333333333334
Walker2d-v5,foot_left_damping,0.5,tvc200,0.23333333333333334,946.0964223525616,0.8
Walker2d-v5,foot_left_damping,0.5,tvc200,0.24166666666666667,979.8855802937245,0.7333333333333333
Walker2d-v5,foot_left_damping,0.5,tvc200,0.25,1013.6747382348874,0.7333333333333333
Walker2d-v5,foot_left_damping,0.5,tvc200,0.2583333333333333,1047.4638961760502,0.7333333333333333
Walker2d-v5,foot_left_damping,0.5,tvc200,0.26666666666666666,1081.2530541172132,0.7
Walker2d-v5,foot_left_damping,0.5,tvc200,0.275,1115.0422120583762,0.6666666666666666
Walker2d-v5,foot_left_damping,0.5,tvc200,0.2833333333333333,1148.831369999539,0.6666666666666666
Walker2d-v5,foot_left_damping,0.5,tvc200,0.2916666666666667,1182.620527940702,0.6666666666666666
Walker2d-v5,foot_left_damping,0.5,tvc200,0.3,1216.4096858818648,0.6
Walker2d-v5,foot_left_damping,0.5,tvc200,0.30833333333333335,1250.1988438230278,0.5
Walker2d-v5,foot_left_damping,0.5,tvc200,0.31666666666666665,1283.9880017641906,0.5
Walker2d-v5,foot_left_damping,0.5,tvc200,0.325,1317.7771597053536,0.4666666666666667
Walker2d-v5,foot_left_damping,0.5,tvc200,0.3333333333333333,1351.5663176465164,0.4666666666666667
Walker2d-v5,foot_left_damping,0.5,tvc200,0.3416666666666667,1385.3554755876794,0.4666666666666667
Walker2d-v5,foot_left_damping,0.5,tvc200,0.35,1419.1446335288422,0.4666666666666667
Walker2d-v5,foot_left_damping,0.5,tvc200,0.35833333333333334,1452.9337914700052,0.43333333333333335
Walker2d-v5,foot_left_damping,0.5,tvc200,0.36666666666666664,1486.722949411168,0.4
Walker2d-v5,foot_left_damping,0.5,tvc200,0.375,1520.512107352331,0.36666666666666664
Walker2d-v5,foot_left_damping,0.5,tvc200,0.3833333333333333,1554.301265293494,0.36666666666666664
Walker2d-v5,foot_left_damping,0.5,tvc200,0.39166666666666666,1588.090423234657,0.3
Walker2d-v5,foot_left_damping,0.5,tvc200,0.4,1621.87958117582,0.3
Walker2d-v5,foot_left_damping,0.5,tvc200,0.4083333333333333,1655.6687391169828,0.3
Walker2d-v5,foot_left_damping,0.5,tvc200,0.4166666666666667,1689.4578970581458,0.26666666666666666
Walker2d-v5,foot_left_damping,0.5,tvc200,0.425,1723.2470549993086,0.23333333333333334
Walker2d-v5,foot_left_damping,0.5,tvc200,0.43333333333333335,1757.0362129404716,0.23333333333333334
Walker2d-v5,foot_left_damping,0.5,tvc200,0.44166666666666665,1790.8253708816344,0.23333333333333334
Walker2d-v5,foot_left_damping,0.5,tvc200,0.45,1824.6145288227974,0.23333333333333334
Walker2d-v5,foot_left_damping,0.5,tvc200,0.4583333333333333,1858.4036867639602,0.23333333333333334
Walker2d-v5,foot_left_damping,0.5,tvc200,0.4666666666666667,1892.1928447051232,0.2
Walker2d-v5,foot_left_damping,0.5,tvc200,0.475,1925.982002646286,0.16666666666666666
Walker2d-v5,foot_left_damping,0.5,tvc200,0.48333333333333334,1959.771160587449,0.16666666666666666
Walker2d-v5,foot_left_damping,0.5,tvc200,0.49166666666666664,1993.5603185286118,0.16666666666666666
Walker2d-v5,foot_left_damping,0.5,tvc200,0.5,2027.3494764697748,0.13333333333333333
Walker2d-v5,foot_left_damping,0.5,tvc200,0.5083333333333333,2061.138634410938,0.13333333333333333
Walker2d-v5,foot_left_damping,0.5,tvc200,0.5166666666666666,2094.9277923521004,0.13333333333333333
Walker2d-v5,foot_left_damping,0.5,tvc200,0.525,2128.716950293264,0.13333333333333333
Walker2d-v5,foot_left_damping,0.5,tvc200,0.5333333333333333,2162.5061082344264,0.13333333333333333
Walker2d-v5,foot_left_damping,0.5,tvc200,0.5416666666666666,2196.2952661755894,0.13333333333333333
Walker2d-v5,foot_left_damping,0.5,tvc200,0.55,2230.0844241167524,0.13333333333333333
Walker2d-v5,foot_left_damping,0.5,tvc200,0.5583333333333333,2263.8735820579154,0.13333333333333333
Walker2d-v5,foot_left_damping,0.5,tvc200,0.5666666666666667,2297.662739999078,0.13333333333333333
Walker2d-v5,foot_left_damping,0.5,tvc200,0.575,2331.451897940241,0.1
Walker2d-v5,foot_left_damping,0.5,tvc200,0.5833333333333334,2365.241055881404,0.1
Walker2d-v5,foot_left_damping,0.5,tvc200,0.5916666666666667,2399.030213822567,0.1
Walker2d-v5,foot_left_damping,0.5,tvc200,0.6,2432.8193717637296,0.1
Walker2d-v5,foot_left_damping,0.5,tvc200,0.6083333333333333,2466.6085297048926,0.06666666666666667
Walker2d-v5,foot_left_damping,0.5,tvc200,0.6166666666666667,2500.3976876460556,0.06666666666666667
Walker2d-v5,foot_left_damping,0.5,tvc200,0.625,2534.1868455872186,0.06666666666666667
Walker2d-v5,foot_left_damping,0.5,tvc200,0.6333333333333333,2567.976003528381,0.03333333333333333
Walker2d-v5,foot_left_damping,0.5,tvc200,0.6416666666666666,2601.765161469544,0.03333333333333333
Walker2d-v5,foot_left_damping,0.5,tvc200,0.65,2635.554319410707,0.03333333333333333
Walker2d-v5,foot_left_damping,0.5,tvc200,0.6583333333333333,2669.34347735187,0.0
Walker2d-v5,foot_left_damping,0.5,tvc200,0.6666666666666666,2703.1326352930328,0.0
Walker2d-v5,foot_left_damping,0.5,tvc200,0.675,2736.9217932341962,0.0
Walker2d-v5,foot_left_damping,0.5,tvc200,0.6833333333333333,2770.710951175359,0.0
Walker2d-v5,foot_left_damping,0.5,tvc200,0.6916666666666667,2804.500109116522,0.0
Walker2d-v5,foot_left_damping,0.5,tvc200,0.7,2838.2892670576844,0.0
Walker2d-v5,foot_left_damping,0.5,tvc200,0.7083333333333334,2872.078424998848,0.0
Walker2d-v5,foot_left_damping,0.5,tvc200,0.7166666666666667,2905.8675829400104,0.0
Walker2d-v5,foot_left_damping,0.5,tvc200,0.725,2939.6567408811734,0.0
Walker2d-v5,foot_left_damping,0.5,tvc200,0.7333333333333333,2973.445898822336,0.0
Walker2d-v5,foot_left_damping,0.5,tvc200,0.7416666666666667,3007.2350567634994,0.0
Walker2d-v5,foot_left_damping,0.5,tvc200,0.75,3041.024214704662,0.0
Walker2d-v5,foot_left_damping,0.5,tvc200,0.7583333333333333,3074.813372645825,0.0
Walker2d-v5,foot_left_damping,0.5,tvc200,0.7666666666666666,3108.602530586988,0.0
Walker2d-v5,foot_left_damping,0.5,tvc200,0.775,3142.391688528151,0.0
Walker2d-v5,foot_left_damping,0.5,tvc200,0.7833333333333333,3176.180846469314,0.0
Walker2d-v5,foot_left_damping,0.5,tvc200,0.7916666666666666,3209.9700044104766,0.0
Walker2d-v5,foot_left_damping,0.5,tvc200,0.8,3243.75916235164,0.0
Walker2d-v5,foot_left_damping,0.5,tvc200,0.8083333333333333,3277.5483202928026,0.0
Walker2d-v5,foot_left_damping,0.5,tvc200,0.8166666666666667,3311.3374782339656,0.0
Walker2d-v5,foot_left_damping,0.5,tvc200,0.825,3345.126636175128,0.0
Walker2d-v5,foot_left_damping,0.5,tvc200,0.8333333333333334,3378.9157941162916,0.0
Walker2d-v5,foot_left_damping,0.5,tvc200,0.8416666666666667,3412.704952057454,0.0
Walker2d-v5,foot_left_damping,0.5,tvc200,0.85,3446.494109998617,0.0
Walker2d-v5,foot_left_damping,0.5,tvc200,0.8583333333333333,3480.2832679397798,0.0
Walker2d-v5,foot_left_damping,0.5,tvc200,0.8666666666666667,3514.0724258809432,0.0
Walker2d-v5,foot_left_damping,0.5,tvc200,0.875,3547.861583822106,0.0
Walker2d-v5,foot_left_damping,0.5,tvc200,0.8833333333333333,3581.650741763269,0.0
Walker2d-v5,foot_left_damping,0.5,tvc200,0.8916666666666666,3615.4398997044314,0.0
Walker2d-v5,foot_left_damping,0.5,tvc200,0.9,3649.229057645595,0.0
Walker2d-v5,foot_left_damping,0.5,tvc200,0.9083333333333333,3683.0182155867574,0.0
Walker2d-v5,foot_left_damping,0.5,tvc200,0.9166666666666666,3716.8073735279204,0.0
Walker2d-v5,foot_left_damping,0.5,tvc200,0.9249999999999999,3750.596531469083,0.0
Walker2d-v5,foot_left_damping,0.5,tvc200,0.9333333333333333,3784.3856894102464,0.0
Walker2d-v5,foot_left_damping,0.5,tvc200,0.9416666666666667,3818.174847351409,0.0
Walker2d-v5,foot_left_damping,0.5,tvc200,0.95,3851.964005292572,0.0
Walker2d-v5,foot_left_damping,0.5,tvc200,0.9583333333333334,3885.753163233735,0.0
Walker2d-v5,foot_left_damping,0.5,tvc200,0.9666666666666667,3919.542321174898,0.0
Walker2d-v5,foot_left_damping,0.5,tvc200,0.975,3953.3314791160606,0.0
Walker2d-v5,foot_left_damping,0.5,tvc200,0.9833333333333333,3987.1206370572236,0.0
Walker2d-v5,foot_left_damping,0.5,tvc200,0.9916666666666667,4020.9097949983866,0.0
Walker2d-v5,foot_left_damping,0.5,tvc200,1.0,4054.6989529395496,0.0
Walker2d-v5,foot_left_damping,0.5,tvc200,1.0083333333333333,4088.4881108807126,0.0
Walker2d-v5,foot_left_damping,0.5,tvc200,1.0166666666666666,4122.277268821876,0.0
Walker2d-v5,foot_left_damping,0.5,tvc200,1.025,4156.066426763038,0.0
Walker2d-v5,foot_left_damping,0.5,tvc200,1.0333333333333332,4189.855584704201,0.0
Walker2d-v5,foot_left_damping,0.5,tvc200,1.0416666666666667,4223.644742645364,0.0
Walker2d-v5,foot_left_damping,0.5,tvc200,1.05,4257.433900586528,0.0
Walker2d-v5,foot_left_damping,0.5,tvc200,1.0583333333333333,4291.22305852769,0.0
Walker2d-v5,foot_left_damping,0.5,tvc200,1.0666666666666667,4325.012216468853,0.0
Walker2d-v5,foot_left_damping,0.5,tvc200,1.075,4358.801374410015,0.0
Walker2d-v5,foot_left_damping,0.5,tvc200,1.0833333333333333,4392.590532351179,0.0
Walker2d-v5,foot_left_damping,0.5,tvc200,1.0916666666666666,4426.379690292341,0.0
Walker2d-v5,foot_left_damping,0.5,tvc200,1.1,4460.168848233505,0.0
Walker2d-v5,foot_left_damping,0.5,tvc200,1.1083333333333334,4493.958006174667,0.0
Walker2d-v5,foot_left_damping,0.5,tvc200,1.1166666666666667,4527.747164115831,0.0
Walker2d-v5,foot_left_damping,0.5,tvc200,1.125,4561.536322056993,0.0
Walker2d-v5,foot_left_damping,0.5,tvc200,1.1333333333333333,4595.325479998156,0.0
Walker2d-v5,foot_left_damping,0.5,tvc200,1.1416666666666666,4629.1146379393185,0.0
Walker2d-v5,foot_left_damping,0.5,tvc200,1.15,4662.903795880482,0.0
Walker2d-v5,foot_left_damping,0.5,tvc200,1.1583333333333332,4696.692953821645,0.0
Walker2d-v5,foot_left_damping,0.5,tvc200,1.1666666666666667,4730.482111762808,0.0
Walker2d-v5,foot_left_damping,0.5,tvc200,1.175,4764.271269703971,0.0
Walker2d-v5,foot_left_damping,0.5,tvc200,1.1833333333333333,4798.060427645134,0.0
Walker2d-v5,foot_left_damping,0.5,tvc200,1.1916666666666667,4831.849585586297,0.0
Walker2d-v5,foot_left_damping,0.5,tvc200,1.2,4865.638743527459,0.0
Walker2d-v5,foot_left_damping,0.5,tvc200,1.2083333333333333,4899.427901468622,0.0
Walker2d-v5,foot_left_damping,0.5,tvc200,1.2166666666666666,4933.217059409785,0.0
Walker2d-v5,foot_left_damping,0.5,tvc200,1.225,4967.006217350949,0.0
Walker2d-v5,foot_left_damping,0.5,tvc200,1.2333333333333334,5000.795375292111,0.0
Walker2d-v5,foot_left_damping,0.5,tvc200,1.2416666666666667,5034.584533233274,0.0
Walker2d-v5,foot_left_damping,0.5,tvc200,1.25,5068.373691174437,0.0
Walker2d-v5,foot_left_damping,0.5,tvc225,0.0,0.0,1.0
Walker2d-v5,foot_left_damping,0.5,tvc225,0.008333333333333333,33.78915794116291,1.0
Walker2d-v5,foot_left_damping,0.5,tvc225,0.016666666666666666,67.57831588232582,1.0
Walker2d-v5,foot_left_damping,0.5,tvc225,0.025,101.36747382348875,1.0
Walker2d-v5,foot_left_damping,0.5,tvc225,0.03333333333333333,135.15663176465165,1.0
Walker2d-v5,foot_left_damping,0.5,tvc225,0.041666666666666664,168.94578970581455,1.0
Walker2d-v5,foot_left_damping,0.5,tvc225,0.05,202.7349476469775,1.0
Walker2d-v5,foot_left_damping,0.5,tvc225,0.058333333333333334,236.5241055881404,1.0
Walker2d-v5,foot_left_damping,0.5,tvc225,0.06666666666666667,270.3132635293033,1.0
Walker2d-v5,foot_left_damping,0.5,tvc225,0.075,304.1024214704662,1.0
Walker2d-v5,foot_left_damping,0.5,tvc225,0.08333333333333333,337.8915794116291,1.0
Walker2d-v5,foot_left_damping,0.5,tvc225,0.09166666666666666,371.680737352792,1.0
Walker2d-v5,foot_left_damping,0.5,tvc225,0.1,405.469895293955,1.0
Walker2d-v5,foot_left_damping,0.5,tvc225,0.10833333333333334,439.2590532351179,1.0
Walker2d-v5,foot_left_damping,0.5,tvc225,0.11666666666666667,473.0482111762808,1.0
Walker2d-v5,foot_left_damping,0.5,tvc225,0.125,506.8373691174437,1.0
Walker2d-v5,foot_left_damping,0.5,tvc225,0.13333333333333333,540.6265270586066,1.0
Walker2d-v5,foot_left_damping,0.5,tvc225,0.14166666666666666,574.4156849997695,1.0
Walker2d-v5,foot_left_damping,0.5,tvc225,0.15,608.2048429409324,1.0
Walker2d-v5,foot_left_damping,0.5,tvc225,0.15833333333333333,641.9940008820953,1.0
Walker2d-v5,foot_left_damping,0.5,tvc225,0.16666666666666666,675.7831588232582,1.0
Walker2d-v5,foot_left_damping,0.5,tvc225,0.175,709.5723167644211,1.0
Walker2d-v5,foot_left_damping,0.5,tvc225,0.18333333333333332,743.361474705584,1.0
Walker2d-v5,foot_left_damping,0.5,tvc225,0.19166666666666665,777.150632646747,1.0
Walker2d-v5,foot_left_damping,0.5,tvc225,0.2,810.93979058791,0.9666666666666667
Walker2d-v5,foot_left_damping,0.5,tvc225,0.20833333333333334,844.7289485290729,0.9666666666666667
Walker2d-v5,foot_left_damping,0.5,tvc225,0.21666666666666667,878.5181064702358,0.9333333333333333
Walker2d-v5,foot_left_damping,0.5,tvc225,0.225,912.3072644113987,0.8666666666666667
Walker2d-v5,foot_left_damping,0.5,tvc225,0.23333333333333334,946.0964223525616,0.8666666666666667
Walker2d-v5,foot_left_damping,0.5,tvc225,0.24166666666666667,979.8855802937245,0.8666666666666667
Walker2d-v5,foot_left_damping,0.5,tvc225,0.25,1013.6747382348874,0.8666666666666667
Walker2d-v5,foot_left_damping,0.5,tvc225,0.2583333333333333,1047.4638961760502,0.8666666666666667
Walker2d-v5,foot_left_damping,0.5,tvc225,0.26666666666666666,1081.2530541172132,0.8666666666666667
Walker2d-v5,foot_left_damping,0.5,tvc225,0.275,1115.0422120583762,0.8333333333333334
Walker2d-v5,foot_left_damping,0.5,tvc225,0.2833333333333333,1148.831369999539,0.8
Walker2d-v5,foot_left_damping,0.5,tvc225,0.2916666666666667,1182.620527940702,0.7666666666666667
Walker2d-v5,foot_left_damping,0.5,tvc225,0.3,1216.4096858818648,0.7666666666666667
Walker2d-v5,foot_left_damping,0.5,tvc225,0.30833333333333335,1250.1988438230278,0.7666666666666667
Walker2d-v5,foot_left_damping,0.5,tvc225,0.31666666666666665,1283.9880017641906,0.7333333333333333
Walker2d-v5,foot_left_damping,0.5,tvc225,0.325,1317.7771597053536,0.6666666666666666
Walker2d-v5,foot_left_damping,0.5,tvc225,0.3333333333333333,1351.5663176465164,0.6666666666666666
Walker2d-v5,foot_left_damping,0.5,tvc225,0.3416666666666667,1385.3554755876794,0.6333333333333333
Walker2d-v5,foot_left_damping,0.5,tvc225,0.35,1419.1446335288422,0.6
Walker2d-v5,foot_left_damping,0.5,tvc225,0.35833333333333334,1452.9337914700052,0.6
Walker2d-v5,foot_left_damping,0.5,tvc225,0.36666666666666664,1486.722949411168,0.6
Walker2d-v5,foot_left_damping,0.5,tvc225,0.375,1520.512107352331,0.5666666666666667
Walker2d-v5,foot_left_damping,0.5,tvc225,0.3833333333333333,1554.301265293494,0.5666666666666667
Walker2d-v5,foot_left_damping,0.5,tvc225,0.39166666666666666,1588.090423234657,0.5666666666666667
Walker2d-v5,foot_left_damping,0.5,tvc225,0.4,1621.87958117582,0.5666666666666667
Walker2d-v5,foot_left_damping,0.5,tvc225,0.4083333333333333,1655.6687391169828,0.5666666666666667
Walker2d-v5,foot_left_damping,0.5,tvc225,0.4166666666666667,1689.4578970581458,0.5666666666666667
Walker2d-v5,foot_left_damping,0.5,tvc225,0.425,1723.2470549993086,0.5666666666666667
Walker2d-v5,foot_left_damping,0.5,tvc225,0.43333333333333335,1757.0362129404716,0.5666666666666667
Walker2d-v5,foot_left_damping,0.5,tvc225,0.44166666666666665,1790.8253708816344,0.5666666666666667
Walker2d-v5,foot_left_damping,0.5,tvc225,0.45,1824.6145288227974,0.5666666666666667
Walker2d-v5,foot_left_damping,0.5,tvc225,0.4583333333333333,1858.4036867639602,0.5333333333333333
Walker2d-v5,foot_left_damping,0.5,tvc225,0.4666666666666667,1892.1928447051232,0.5333333333333333
Walker2d-v5,foot_left_damping,0.5,tvc225,0.475,1925.982002646286,0.5333333333333333
Walker2d-v5,foot_left_damping,0.5,tvc225,0.48333333333333334,1959.771160587449,0.5333333333333333
Walker2d-v5,foot_left_damping,0.5,tvc225,0.49166666666666664,1993.5603185286118,0.4666666666666667
Walker2d-v5,foot_left_damping,0.5,tvc225,0.5,2027.3494764697748,0.4666666666666667
Walker2d-v5,foot_left_damping,0.5,tvc225,0.5083333333333333,2061.138634410938,0.4666666666666667
Walker2d-v5,foot_left_damping,0.5,tvc225,0.5166666666666666,2094.9277923521004,0.4666666666666667
Walker2d-v5,foot_left_damping,0.5,tvc225,0.525,2128.716950293264,0.4666666666666667
Walker2d-v5,foot_left_damping,0.5,tvc225,0.5333333333333333,2162.5061082344264,0.43333333333333335
Walker2d-v5,foot_left_damping,0.5,tvc225,0.5416666666666666,2196.2952661755894,0.43333333333333335
Walker2d-v5,foot_left_damping,0.5,tvc225,0.55,2230.0844241167524,0.43333333333333335
Walker2d-v5,foot_left_damping,0.5,tvc225,0.5583333333333333,2263.8735820579154,0.4
Walker2d-v5,foot_left_damping,0.5,tvc225,0.5666666666666667,2297.662739999078,0.4
Walker2d-v5,foot_left_damping,0.5,tvc225,0.575,2331.451897940241,0.36666666666666664
Walker2d-v5,foot_left_damping,0.5,tvc225,0.5833333333333334,2365.241055881404,0.3333333333333333
Walker2d-v5,foot_left_damping,0.5,tvc225,0.5916666666666667,2399.030213822567,0.3
Walker2d-v5,foot_left_damping,0.5,tvc225,0.6,2432.8193717637296,0.26666666666666666
Walker2d-v5,foot_left_damping,0.5,tvc225,0.6083333333333333,2466.6085297048926,0.26666666666666666
Walker2d-v5,foot_left_damping,0.5,tvc225,0.6166666666666667,2500.3976876460556,0.26666666666666666
Walker2d-v5,foot_left_damping,0.5,tvc225,0.625,2534.1868455872186,0.26666666666666666
Walker2d-v5,foot_left_damping,0.5,tvc225,0.6333333333333333,2567.976003528381,0.23333333333333334
Walker2d-v5,foot_left_damping,0.5,tvc225,0.6416666666666666,2601.765161469544,0.2
Walker2d-v5,foot_left_damping,0.5,tvc225,0.65,2635.554319410707,0.2
Walker2d-v5,foot_left_damping,0.5,tvc225,0.6583333333333333,2669.34347735187,0.2
Walker2d-v5,foot_left_damping,0.5,tvc225,0.6666666666666666,2703.1326352930328,0.2
Walker2d-v5,foot_left_damping,0.5,tvc225,0.675,2736.9217932341962,0.2
Walker2d-v5,foot_left_damping,0.5,tvc225,0.6833333333333333,2770.710951175359,0.2
Walker2d-v5,foot_left_damping,0.5,tvc225,0.6916666666666667,2804.500109116522,0.2
Walker2d-v5,foot_left_damping,0.5,tvc225,0.7,2838.2892670576844,0.2
Walker2d-v5,foot_left_damping,0.5,tvc225,0.7083333333333334,2872.078424998848,0.13333333333333333
Walker2d-v5,foot_left_damping,0.5,tvc225,0.7166666666666667,2905.8675829400104,0.13333333333333333
Walker2d-v5,foot_left_damping,0.5,tvc225,0.725,2939.6567408811734,0.1
Walker2d-v5,foot_left_damping,0.5,tvc225,0.7333333333333333,2973.445898822336,0.1
Walker2d-v5,foot_left_damping,0.5,tvc225,0.7416666666666667,3007.2350567634994,0.1
Walker2d-v5,foot_left_damping,0.5,tvc225,0.75,3041.024214704662,0.1
Walker2d-v5,foot_left_damping,0.5,tvc225,0.7583333333333333,3074.813372645825,0.1
Walker2d-v5,foot_left_damping,0.5,tvc225,0.7666666666666666,3108.602530586988,0.1
Walker2d-v5,foot_left_damping,0.5,tvc225,0.775,3142.391688528151,0.1
Walker2d-v5,foot_left_damping,0.5,tvc225,0.7833333333333333,3176.180846469314,0.1
Walker2d-v5,foot_left_damping,0.5,tvc225,0.7916666666666666,3209.9700044104766,0.1
Walker2d-v5,foot_left_damping,0.5,tvc225,0.8,3243.75916235164,0.1
Walker2d-v5,foot_left_damping,0.5,tvc225,0.8083333333333333,3277.5483202928026,0.03333333333333333
Walker2d-v5,foot_left_damping,0.5,tvc225,0.8166666666666667,3311.3374782339656,0.03333333333333333
Walker2d-v5,foot_left_damping,0.5,tvc225,0.825,3345.126636175128,0.03333333333333333
Walker2d-v5,foot_left_damping,0.5,tvc225,0.8333333333333334,3378.9157941162916,0.03333333333333333
Walker2d-v5,foot_left_damping,0.5,tvc225,0.8416666666666667,3412.704952057454,0.0
Walker2d-v5,foot_left_damping,0.5,tvc225,0.85,3446.494109998617,0.0
Walker2d-v5,foot_left_damping,0.5,tvc225,0.8583333333333333,3480.2832679397798,0.0
Walker2d-v5,foot_left_damping,0.5,tvc225,0.8666666666666667,3514.0724258809432,0.0
Walker2d-v5,foot_left_damping,0.5,tvc225,0.875,3547.861583822106,0.0
Walker2d-v5,foot_left_damping,0.5,tvc225,0.8833333333333333,3581.650741763269,0.0
Walker2d-v5,foot_left_damping,0.5,tvc225,0.8916666666666666,3615.4398997044314,0.0
Walker2d-v5,foot_left_damping,0.5,tvc225,0.9,3649.229057645595,0.0
Walker2d-v5,foot_left_damping,0.5,tvc225,0.9083333333333333,3683.0182155867574,0.0
Walker2d-v5,foot_left_damping,0.5,tvc225,0.9166666666666666,3716.8073735279204,0.0
Walker2d-v5,foot_left_damping,0.5,tvc225,0.9249999999999999,3750.596531469083,0.0
Walker2d-v5,foot_left_damping,0.5,tvc225,0.9333333333333333,3784.3856894102464,0.0
Walker2d-v5,foot_left_damping,0.5,tvc225,0.9416666666666667,3818.174847351409,0.0
Walker2d-v5,foot_left_damping,0.5,tvc225,0.95,3851.964005292572,0.0
Walker2d-v5,foot_left_damping,0.5,tvc225,0.9583333333333334,3885.753163233735,0.0
Walker2d-v5,foot_left_damping,0.5,tvc225,0.9666666666666667,3919.542321174898,0.0
Walker2d-v5,foot_left_damping,0.5,tvc225,0.975,3953.3314791160606,0.0
Walker2d-v5,foot_left_damping,0.5,tvc225,0.9833333333333333,3987.1206370572236,0.0
Walker2d-v5,foot_left_damping,0.5,tvc225,0.9916666666666667,4020.9097949983866,0.0
Walker2d-v5,foot_left_damping,0.5,tvc225,1.0,4054.6989529395496,0.0
Walker2d-v5,foot_left_damping,0.5,tvc225,1.0083333333333333,4088.4881108807126,0.0
Walker2d-v5,foot_left_damping,0.5,tvc225,1.0166666666666666,4122.277268821876,0.0
Walker2d-v5,foot_left_damping,0.5,tvc225,1.025,4156.066426763038,0.0
Walker2d-v5,foot_left_damping,0.5,tvc225,1.0333333333333332,4189.855584704201,0.0
Walker2d-v5,foot_left_damping,0.5,tvc225,1.0416666666666667,4223.644742645364,0.0
Walker2d-v5,foot_left_damping,0.5,tvc225,1.05,4257.433900586528,0.0
Walker2d-v5,foot_left_damping,0.5,tvc225,1.0583333333333333,4291.22305852769,0.0
Walker2d-v5,foot_left_damping,0.5,tvc225,1.0666666666666667,4325.012216468853,0.0
Walker2d-v5,foot_left_damping,0.5,tvc225,1.075,4358.801374410015,0.0
Walker2d-v5,foot_left_damping,0.5,tvc225,1.0833333333333333,4392.590532351179,0.0
Walker2d-v5,foot_left_damping,0.5,tvc225,1.0916666666666666,4426.379690292341,0.0
Walker2d-v5,foot_left_damping,0.5,tvc225,1.1,4460.168848233505,0.0
Walker2d-v5,foot_left_damping,0.5,tvc225,1.1083333333333334,4493.958006174667,0.0
Walker2d-v5,foot_left_damping,0.5,tvc225,1.1166666666666667,4527.747164115831,0.0
Walker2d-v5,foot_left_damping,0.5,tvc225,1.125,4561.536322056993,0.0
Walker2d-v5,foot_left_damping,0.5,tvc225,1.1333333333333333,4595.325479998156,0.0
Walker2d-v5,foot_left_damping,0.5,tvc225,1.1416666666666666,4629.1146379393185,0.0
Walker2d-v5,foot_left_damping,0.5,tvc225,1.15,4662.903795880482,0.0
Walker2d-v5,foot_left_damping,0.5,tvc225,1.1583333333333332,4696.692953821645,0.0
Walker2d-v5,foot_left_damping,0.5,tvc225,1.1666666666666667,4730.482111762808,0.0
Walker2d-v5,foot_left_damping,0.5,tvc225,1.175,4764.271269703971,0.0
Walker2d-v5,foot_left_damping,0.5,tvc225,1.1833333333333333,4798.060427645134,0.0
Walker2d-v5,foot_left_damping,0.5,tvc225,1.1916666666666667,4831.849585586297,0.0
Walker2d-v5,foot_left_damping,0.5,tvc225,1.2,4865.638743527459,0.0
Walker2d-v5,foot_left_damping,0.5,tvc225,1.2083333333333333,4899.427901468622,0.0
Walker2d-v5,foot_left_damping,0.5,tvc225,1.2166666666666666,4933.217059409785,0.0
Walker2d-v5,foot_left_damping,0.5,tvc225,1.225,4967.006217350949,0.0
Walker2d-v5,foot_left_damping,0.5,tvc225,1.2333333333333334,5000.795375292111,0.0
Walker2d-v5,foot_left_damping,0.5,tvc225,1.2416666666666667,5034.584533233274,0.0
Walker2d-v5,foot_left_damping,0.5,tvc225,1.25,5068.373691174437,0.0
Walker2d-v5,foot_left_damping,0.5,tvc250,0.0,0.0,1.0
Walker2d-v5,foot_left_damping,0.5,tvc250,0.008333333333333333,33.78915794116291,1.0
Walker2d-v5,foot_left_damping,0.5,tvc250,0.016666666666666666,67.57831588232582,1.0
Walker2d-v5,foot_left_damping,0.5,tvc250,0.025,101.36747382348875,1.0
Walker2d-v5,foot_left_damping,0.5,tvc250,0.03333333333333333,135.15663176465165,1.0
Walker2d-v5,foot_left_damping,0.5,tvc250,0.041666666666666664,168.94578970581455,1.0
Walker2d-v5,foot_left_damping,0.5,tvc250,0.05,202.7349476469775,1.0
Walker2d-v5,foot_left_damping,0.5,tvc250,0.058333333333333334,236.5241055881404,1.0
Walker2d-v5,foot_left_damping,0.5,tvc250,0.06666666666666667,270.3132635293033,1.0
Walker2d-v5,foot_left_damping,0.5,tvc250,0.075,304.1024214704662,1.0
Walker2d-v5,foot_left_damping,0.5,tvc250,0.08333333333333333,337.8915794116291,1.0
Walker2d-v5,foot_left_damping,0.5,tvc250,0.09166666666666666,371.680737352792,1.0
Walker2d-v5,foot_left_damping,0.5,tvc250,0.1,405.469895293955,1.0
Walker2d-v5,foot_left_damping,0.5,tvc250,0.10833333333333334,439.2590532351179,1.0
Walker2d-v5,foot_left_damping,0.5,tvc250,0.11666666666666667,473.0482111762808,1.0
Walker2d-v5,foot_left_damping,0.5,tvc250,0.125,506.8373691174437,1.0
Walker2d-v5,foot_left_damping,0.5,tvc250,0.13333333333333333,540.6265270586066,1.0
Walker2d-v5,foot_left_damping,0.5,tvc250,0.14166666666666666,574.4156849997695,1.0
Walker2d-v5,foot_left_damping,0.5,tvc250,0.15,608.2048429409324,1.0
Walker2d-v5,foot_left_damping,0.5,tvc250,0.15833333333333333,641.9940008820953,1.0
Walker2d-v5,foot_left_damping,0.5,tvc250,0.16666666666666666,675.7831588232582,1.0
Walker2d-v5,foot_left_damping,0.5,tvc250,0.175,709.5723167644211,1.0
Walker2d-v5,foot_left_damping,0.5,tvc250,0.18333333333333332,743.361474705584,1.0
Walker2d-v5,foot_left_damping,0.5,tvc250,0.19166666666666665,777.150632646747,1.0
Walker2d-v5,foot_left_damping,0.5,tvc250,0.2,810.93979058791,1.0
Walker2d-v5,foot_left_damping,0.5,tvc250,0.20833333333333334,844.7289485290729,1.0
Walker2d-v5,foot_left_damping,0.5,tvc250,0.21666666666666667,878.5181064702358,1.0
Walker2d-v5,foot_left_damping,0.5,tvc250,0.225,912.3072644113987,1.0
Walker2d-v5,foot_left_damping,0.5,tvc250,0.23333333333333334,946.0964223525616,0.9666666666666667
Walker2d-v5,foot_left_damping,0.5,tvc250,0.24166666666666667,979.8855802937245,0.9666666666666667
Walker2d-v5,foot_left_damping,0.5,tvc250,0.25,1013.6747382348874,0.9666666666666667
Walker2d-v5,foot_left_damping,0.5,tvc250,0.2583333333333333,1047.4638961760502,0.9666666666666667
Walker2d-v5,foot_left_damping,0.5,tvc250,0.26666666666666666,1081.2530541172132,0.9666666666666667
Walker2d-v5,foot_left_damping,0.5,tvc250,0.275,1115.0422120583762,0.9666666666666667
Walker2d-v5,foot_left_damping,0.5,tvc250,0.2833333333333333,1148.831369999539,0.9666666666666667
Walker2d-v5,foot_left_damping,0.5,tvc250,0.2916666666666667,1182.620527940702,0.9666666666666667
Walker2d-v5,foot_left_damping,0.5,tvc250,0.3,1216.4096858818648,0.9666666666666667
Walker2d-v5,foot_left_damping,0.5,tvc250,0.30833333333333335,1250.1988438230278,0.9333333333333333
Walker2d-v5,foot_left_damping,0.5,tvc250,0.31666666666666665,1283.9880017641906,0.9333333333333333
Walker2d-v5,foot_left_damping,0.5,tvc250,0.325,1317.7771597053536,0.9333333333333333
Walker2d-v5,foot_left_damping,0.5,tvc250,0.3333333333333333,1351.5663176465164,0.9333333333333333
Walker2d-v5,foot_left_damping,0.5,tvc250,0.3416666666666667,1385.3554755876794,0.9333333333333333
Walker2d-v5,foot_left_damping,0.5,tvc250,0.35,1419.1446335288422,0.9
Walker2d-v5,foot_left_damping,0.5,tvc250,0.35833333333333334,1452.9337914700052,0.9
Walker2d-v5,foot_left_damping,0.5,tvc250,0.36666666666666664,1486.722949411168,0.9
Walker2d-v5,foot_left_damping,0.5,tvc250,0.375,1520.512107352331,0.9
Walker2d-v5,foot_left_damping,0.5,tvc250,0.3833333333333333,1554.301265293494,0.9
Walker2d-v5,foot_left_damping,0.5,tvc250,0.39166666666666666,1588.090423234657,0.9
Walker2d-v5,foot_left_damping,0.5,tvc250,0.4,1621.87958117582,0.9
Walker2d-v5,foot_left_damping,0.5,tvc250,0.4083333333333333,1655.6687391169828,0.8666666666666667
Walker2d-v5,foot_left_damping,0.5,tvc250,0.4166666666666667,1689.4578970581458,0.8666666666666667
Walker2d-v5,foot_left_damping,0.5,tvc250,0.425,1723.2470549993086,0.8666666666666667
Walker2d-v5,foot_left_damping,0.5,tvc250,0.43333333333333335,1757.0362129404716,0.8666666666666667
Walker2d-v5,foot_left_damping,0.5,tvc250,0.44166666666666665,1790.8253708816344,0.8
Walker2d-v5,foot_left_damping,0.5,tvc250,0.45,1824.6145288227974,0.8
Walker2d-v5,foot_left_damping,0.5,tvc250,0.4583333333333333,1858.4036867639602,0.8
Walker2d-v5,foot_left_damping,0.5,tvc250,0.4666666666666667,1892.1928447051232,0.8
Walker2d-v5,foot_left_damping,0.5,tvc250,0.475,1925.982002646286,0.8
Walker2d-v5,foot_left_damping,0.5,tvc250,0.48333333333333334,1959.771160587449,0.8
Walker2d-v5,foot_left_damping,0.5,tvc250,0.49166666666666664,1993.5603185286118,0.7666666666666667
Walker2d-v5,foot_left_damping,0.5,tvc250,0.5,2027.3494764697748,0.7666666666666667
Walker2d-v5,foot_left_damping,0.5,tvc250,0.5083333333333333,2061.138634410938,0.7666666666666667
Walker2d-v5,foot_left_damping,0.5,tvc250,0.5166666666666666,2094.9277923521004,0.7666666666666667
Walker2d-v5,foot_left_damping,0.5,tvc250,0.525,2128.716950293264,0.7666666666666667
Walker2d-v5,foot_left_damping,0.5,tvc250,0.5333333333333333,2162.5061082344264,0.7333333333333333
Walker2d-v5,foot_left_damping,0.5,tvc250,0.5416666666666666,2196.2952661755894,0.7333333333333333
Walker2d-v5,foot_left_damping,0.5,tvc250,0.55,2230.0844241167524,0.7333333333333333
Walker2d-v5,foot_left_damping,0.5,tvc250,0.5583333333333333,2263.8735820579154,0.7333333333333333
Walker2d-v5,foot_left_damping,0.5,tvc250,0.5666666666666667,2297.662739999078,0.7333333333333333
Walker2d-v5,foot_left_damping,0.5,tvc250,0.575,2331.451897940241,0.7333333333333333
Walker2d-v5,foot_left_damping,0.5,tvc250,0.5833333333333334,2365.241055881404,0.7
Walker2d-v5,foot_left_damping,0.5,tvc250,0.5916666666666667,2399.030213822567,0.7
Walker2d-v5,foot_left_damping,0.5,tvc250,0.6,2432.8193717637296,0.7
Walker2d-v5,foot_left_damping,0.5,tvc250,0.6083333333333333,2466.6085297048926,0.6666666666666666
Walker2d-v5,foot_left_damping,0.5,tvc250,0.6166666666666667,2500.3976876460556,0.6666666666666666
Walker2d-v5,foot_left_damping,0.5,tvc250,0.625,2534.1868455872186,0.6666666666666666
Walker2d-v5,foot_left_damping,0.5,tvc250,0.6333333333333333,2567.976003528381,0.6666666666666666
Walker2d-v5,foot_left_damping,0.5,tvc250,0.6416666666666666,2601.765161469544,0.6666666666666666
Walker2d-v5,foot_left_damping,0.5,tvc250,0.65,2635.554319410707,0.6666666666666666
Walker2d-v5,foot_left_damping,0.5,tvc250,0.6583333333333333,2669.34347735187,0.6666666666666666
Walker2d-v5,foot_left_damping,0.5,tvc250,0.6666666666666666,2703.1326352930328,0.6666666666666666
Walker2d-v5,foot_left_damping,0.5,tvc250,0.675,2736.9217932341962,0.6666666666666666
Walker2d-v5,foot_left_damping,0.5,tvc250,0.6833333333333333,2770.710951175359,0.6666666666666666
Walker2d-v5,foot_left_damping,0.5,tvc250,0.6916666666666667,2804.500109116522,0.6666666666666666
Walker2d-v5,foot_left_damping,0.5,tvc250,0.7,2838.2892670576844,0.6333333333333333
Walker2d-v5,foot_left_damping,0.5,tvc250,0.7083333333333334,2872.078424998848,0.6333333333333333
Walker2d-v5,foot_left_damping,0.5,tvc250,0.7166666666666667,2905.8675829400104,0.6
Walker2d-v5,foot_left_damping,0.5,tvc250,0.725,2939.6567408811734,0.5666666666666667
Walker2d-v5,foot_left_damping,0.5,tvc250,0.7333333333333333,2973.445898822336,0.5666666666666667
Walker2d-v5,foot_left_damping,0.5,tvc250,0.7416666666666667,3007.2350567634994,0.5333333333333333
Walker2d-v5,foot_left_damping,0.5,tvc250,0.75,3041.024214704662,0.5333333333333333
Walker2d-v5,foot_left_damping,0.5,tvc250,0.7583333333333333,3074.813372645825,0.5333333333333333
Walker2d-v5,foot_left_damping,0.5,tvc250,0.7666666666666666,3108.602530586988,0.5
Walker2d-v5,foot_left_damping,0.5,tvc250,0.775,3142.391688528151,0.4666666666666667
Walker2d-v5,foot_left_damping,0.5,tvc250,0.7833333333333333,3176.180846469314,0.4666666666666667
Walker2d-v5,foot_left_damping,0.5,tvc250,0.7916666666666666,3209.9700044104766,0.43333333333333335
Walker2d-v5,foot_left_damping,0.5,tvc250,0.8,3243.75916235164,0.43333333333333335
Walker2d-v5,foot_left_damping,0.5,tvc250,0.8083333333333333,3277.5483202928026,0.43333333333333335
Walker2d-v5,foot_left_damping,0.5,tvc250,0.8166666666666667,3311.3374782339656,0.4
Walker2d-v5,foot_left_damping,0.5,tvc250,0.825,3345.126636175128,0.4
Walker2d-v5,foot_left_damping,0.5,tvc250,0.8333333333333334,3378.9157941162916,0.3333333333333333
Walker2d-v5,foot_left_damping,0.5,tvc250,0.8416666666666667,3412.704952057454,0.3
Walker2d-v5,foot_left_damping,0.5,tvc250,0.85,3446.494109998617,0.26666666666666666
Walker2d-v5,foot_left_damping,0.5,tvc250,0.8583333333333333,3480.2832679397798,0.23333333333333334
Walker2d-v5,foot_left_damping,0.5,tvc250,0.8666666666666667,3514.0724258809432,0.16666666666666666
Walker2d-v5,foot_left_damping,0.5,tvc250,0.875,3547.861583822106,0.13333333333333333
Walker2d-v5,foot_left_damping,0.5,tvc250,0.8833333333333333,3581.650741763269,0.1
Walker2d-v5,foot_left_damping,0.5,tvc250,0.8916666666666666,3615.4398997044314,0.1
Walker2d-v5,foot_left_damping,0.5,tvc250,0.9,3649.229057645595,0.1
Walker2d-v5,foot_left_damping,0.5,tvc250,0.9083333333333333,3683.0182155867574,0.03333333333333333
Walker2d-v5,foot_left_damping,0.5,tvc250,0.9166666666666666,3716.8073735279204,0.03333333333333333
Walker2d-v5,foot_left_damping,0.5,tvc250,0.9249999999999999,3750.596531469083,0.03333333333333333
Walker2d-v5,foot_left_damping,0.5,tvc250,0.9333333333333333,3784.3856894102464,0.03333333333333333
Walker2d-v5,foot_left_damping,0.5,tvc250,0.9416666666666667,3818.174847351409,0.03333333333333333
Walker2d-v5,foot_left_damping,0.5,tvc250,0.95,3851.964005292572,0.03333333333333333
Walker2d-v5,foot_left_damping,0.5,tvc250,0.9583333333333334,3885.753163233735,0.03333333333333333
Walker2d-v5,foot_left_damping,0.5,tvc250,0.9666666666666667,3919.542321174898,0.03333333333333333
Walker2d-v5,foot_left_damping,0.5,tvc250,0.975,3953.3314791160606,0.03333333333333333
Walker2d-v5,foot_left_damping,0.5,tvc250,0.9833333333333333,3987.1206370572236,0.03333333333333333
Walker2d-v5,foot_left_damping,0.5,tvc250,0.9916666666666667,4020.9097949983866,0.03333333333333333
Walker2d-v5,foot_left_damping,0.5,tvc250,1.0,4054.6989529395496,0.03333333333333333
Walker2d-v5,foot_left_damping,0.5,tvc250,1.0083333333333333,4088.4881108807126,0.0
Walker2d-v5,foot_left_damping,0.5,tvc250,1.0166666666666666,4122.277268821876,0.0
Walker2d-v5,foot_left_damping,0.5,tvc250,1.025,4156.066426763038,0.0
Walker2d-v5,foot_left_damping,0.5,tvc250,1.0333333333333332,4189.855584704201,0.0
Walker2d-v5,foot_left_damping,0.5,tvc250,1.0416666666666667,4223.644742645364,0.0
Walker2d-v5,foot_left_damping,0.5,tvc250,1.05,4257.433900586528,0.0
Walker2d-v5,foot_left_damping,0.5,tvc250,1.0583333333333333,4291.22305852769,0.0
Walker2d-v5,foot_left_damping,0.5,tvc250,1.0666666666666667,4325.012216468853,0.0
Walker2d-v5,foot_left_damping,0.5,tvc250,1.075,4358.801374410015,0.0
Walker2d-v5,foot_left_damping,0.5,tvc250,1.0833333333333333,4392.590532351179,0.0
Walker2d-v5,foot_left_damping,0.5,tvc250,1.0916666666666666,4426.379690292341,0.0
Walker2d-v5,foot_left_damping,0.5,tvc250,1.1,4460.168848233505,0.0
Walker2d-v5,foot_left_damping,0.5,tvc250,1.1083333333333334,4493.958006174667,0.0
Walker2d-v5,foot_left_damping,0.5,tvc250,1.1166666666666667,4527.747164115831,0.0
Walker2d-v5,foot_left_damping,0.5,tvc250,1.125,4561.536322056993,0.0
Walker2d-v5,foot_left_damping,0.5,tvc250,1.1333333333333333,4595.325479998156,0.0
Walker2d-v5,foot_left_damping,0.5,tvc250,1.1416666666666666,4629.1146379393185,0.0
Walker2d-v5,foot_left_damping,0.5,tvc250,1.15,4662.903795880482,0.0
Walker2d-v5,foot_left_damping,0.5,tvc250,1.1583333333333332,4696.692953821645,0.0
Walker2d-v5,foot_left_damping,0.5,tvc250,1.1666666666666667,4730.482111762808,0.0
Walker2d-v5,foot_left_damping,0.5,tvc250,1.175,4764.271269703971,0.0
Walker2d-v5,foot_left_damping,0.5,tvc250,1.1833333333333333,4798.060427645134,0.0
Walker2d-v5,foot_left_damping,0.5,tvc250,1.1916666666666667,4831.849585586297,0.0
Walker2d-v5,foot_left_damping,0.5,tvc250,1.2,4865.638743527459,0.0
Walker2d-v5,foot_left_damping,0.5,tvc250,1.2083333333333333,4899.427901468622,0.0
Walker2d-v5,foot_left_damping,0.5,tvc250,1.2166666666666666,4933.217059409785,0.0
Walker2d-v5,foot_left_damping,0.5,tvc250,1.225,4967.006217350949,0.0
Walker2d-v5,foot_left_damping,0.5,tvc250,1.2333333333333334,5000.795375292111,0.0
Walker2d-v5,foot_left_damping,0.5,tvc250,1.2416666666666667,5034.584533233274,0.0
Walker2d-v5,foot_left_damping,0.5,tvc250,1.25,5068.373691174437,0.0
Walker2d-v5,foot_left_damping,0.5,tvc275,0.0,0.0,1.0
Walker2d-v5,foot_left_damping,0.5,tvc275,0.008333333333333333,33.78915794116291,1.0
Walker2d-v5,foot_left_damping,0.5,tvc275,0.016666666666666666,67.57831588232582,1.0
Walker2d-v5,foot_left_damping,0.5,tvc275,0.025,101.36747382348875,1.0
Walker2d-v5,foot_left_damping,0.5,tvc275,0.03333333333333333,135.15663176465165,1.0
Walker2d-v5,foot_left_damping,0.5,tvc275,0.041666666666666664,168.94578970581455,1.0
Walker2d-v5,foot_left_damping,0.5,tvc275,0.05,202.7349476469775,1.0
Walker2d-v5,foot_left_damping,0.5,tvc275,0.058333333333333334,236.5241055881404,1.0
Walker2d-v5,foot_left_damping,0.5,tvc275,0.06666666666666667,270.3132635293033,1.0
Walker2d-v5,foot_left_damping,0.5,tvc275,0.075,304.1024214704662,1.0
Walker2d-v5,foot_left_damping,0.5,tvc275,0.08333333333333333,337.8915794116291,1.0
Walker2d-v5,foot_left_damping,0.5,tvc275,0.09166666666666666,371.680737352792,1.0
Walker2d-v5,foot_left_damping,0.5,tvc275,0.1,405.469895293955,1.0
Walker2d-v5,foot_left_damping,0.5,tvc275,0.10833333333333334,439.2590532351179,1.0
Walker2d-v5,foot_left_damping,0.5,tvc275,0.11666666666666667,473.0482111762808,1.0
Walker2d-v5,foot_left_damping,0.5,tvc275,0.125,506.8373691174437,1.0
Walker2d-v5,foot_left_damping,0.5,tvc275,0.13333333333333333,540.6265270586066,1.0
Walker2d-v5,foot_left_damping,0.5,tvc275,0.14166666666666666,574.4156849997695,1.0
Walker2d-v5,foot_left_damping,0.5,tvc275,0.15,608.2048429409324,1.0
Walker2d-v5,foot_left_damping,0.5,tvc275,0.15833333333333333,641.9940008820953,1.0
Walker2d-v5,foot_left_damping,0.5,tvc275,0.16666666666666666,675.7831588232582,1.0
Walker2d-v5,foot_left_damping,0.5,tvc275,0.175,709.5723167644211,1.0
Walker2d-v5,foot_left_damping,0.5,tvc275,0.18333333333333332,743.361474705584,1.0
Walker2d-v5,foot_left_damping,0.5,tvc275,0.19166666666666665,777.150632646747,1.0
Walker2d-v5,foot_left_damping,0.5,tvc275,0.2,810.93979058791,1.0
Walker2d-v5,foot_left_damping,0.5,tvc275,0.20833333333333334,844.7289485290729,1.0
Walker2d-v5,foot_left_damping,0.5,tvc275,0.21666666666666667,878.5181064702358,1.0
Walker2d-v5,foot_left_damping,0.5,tvc275,0.225,912.3072644113987,1.0
Walker2d-v5,foot_left_damping,0.5,tvc275,0.23333333333333334,946.0964223525616,1.0
Walker2d-v5,foot_left_damping,0.5,tvc275,0.24166666666666667,979.8855802937245,0.9666666666666667
Walker2d-v5,foot_left_damping,0.5,tvc275,0.25,1013.6747382348874,0.9666666666666667
Walker2d-v5,foot_left_damping,0.5,tvc275,0.2583333333333333,1047.4638961760502,0.9666666666666667
Walker2d-v5,foot_left_damping,0.5,tvc275,0.26666666666666666,1081.2530541172132,0.9666666666666667
Walker2d-v5,foot_left_damping,0.5,tvc275,0.275,1115.0422120583762,0.9666666666666667
Walker2d-v5,foot_left_damping,0.5,tvc275,0.2833333333333333,1148.831369999539,0.9333333333333333
Walker2d-v5,foot_left_damping,0.5,tvc275,0.2916666666666667,1182.620527940702,0.9333333333333333
Walker2d-v5,foot_left_damping,0.5,tvc275,0.3,1216.4096858818648,0.9333333333333333
Walker2d-v5,foot_left_damping,0.5,tvc275,0.30833333333333335,1250.1988438230278,0.9333333333333333
Walker2d-v5,foot_left_damping,0.5,tvc275,0.31666666666666665,1283.9880017641906,0.9333333333333333
Walker2d-v5,foot_left_damping,0.5,tvc275,0.325,1317.7771597053536,0.9333333333333333
Walker2d-v5,foot_left_damping,0.5,tvc275,0.3333333333333333,1351.5663176465164,0.9333333333333333
Walker2d-v5,foot_left_damping,0.5,tvc275,0.3416666666666667,1385.3554755876794,0.9333333333333333
Walker2d-v5,foot_left_damping,0.5,tvc275,0.35,1419.1446335288422,0.9333333333333333
Walker2d-v5,foot_left_damping,0.5,tvc275,0.35833333333333334,1452.9337914700052,0.9333333333333333
Walker2d-v5,foot_left_damping,0.5,tvc275,0.36666666666666664,1486.722949411168,0.9333333333333333
Walker2d-v5,foot_left_damping,0.5,tvc275,0.375,1520.512107352331,0.9333333333333333
Walker2d-v5,foot_left_damping,0.5,tvc275,0.3833333333333333,1554.301265293494,0.9333333333333333
Walker2d-v5,foot_left_damping,0.5,tvc275,0.39166666666666666,1588.090423234657,0.9333333333333333
Walker2d-v5,foot_left_damping,0.5,tvc275,0.4,1621.87958117582,0.9333333333333333
Walker2d-v5,foot_left_damping,0.5,tvc275,0.4083333333333333,1655.6687391169828,0.9333333333333333
Walker2d-v5,foot_left_damping,0.5,tvc275,0.4166666666666667,1689.4578970581458,0.9333333333333333
Walker2d-v5,foot_left_damping,0.5,tvc275,0.425,1723.2470549993086,0.9
Walker2d-v5,foot_left_damping,0.5,tvc275,0.43333333333333335,1757.0362129404716,0.9
Walker2d-v5,foot_left_damping,0.5,tvc275,0.44166666666666665,1790.8253708816344,0.9
Walker2d-v5,foot_left_damping,0.5,tvc275,0.45,1824.6145288227974,0.9
Walker2d-v5,foot_left_damping,0.5,tvc275,0.4583333333333333,1858.4036867639602,0.9
Walker2d-v5,foot_left_damping,0.5,tvc275,0.4666666666666667,1892.1928447051232,0.9
Walker2d-v5,foot_left_damping,0.5,tvc275,0.475,1925.982002646286,0.9
Walker2d-v5,foot_left_damping,0.5,tvc275,0.48333333333333334,1959.771160587449,0.9
Walker2d-v5,foot_left_damping,0.5,tvc275,0.49166666666666664,1993.5603185286118,0.9
Walker2d-v5,foot_left_damping,0.5,tvc275,0.5,2027.3494764697748,0.9
Walker2d-v5,foot_left_damping,0.5,tvc275,0.5083333333333333,2061.138634410938,0.9
Walker2d-v5,foot_left_damping,0.5,tvc275,0.5166666666666666,2094.9277923521004,0.8666666666666667
Walker2d-v5,foot_left_damping,0.5,tvc275,0.525,2128.716950293264,0.8666666666666667
Walker2d-v5,foot_left_damping,0.5,tvc275,0.5333333333333333,2162.5061082344264,0.8666666666666667
Walker2d-v5,foot_left_damping,0.5,tvc275,0.5416666666666666,2196.2952661755894,0.8666666666666667
Walker2d-v5,foot_left_damping,0.5,tvc275,0.55,2230.0844241167524,0.8666666666666667
Walker2d-v5,foot_left_damping,0.5,tvc275,0.5583333333333333,2263.8735820579154,0.8666666666666667
Walker2d-v5,foot_left_damping,0.5,tvc275,0.5666666666666667,2297.662739999078,0.8666666666666667
Walker2d-v5,foot_left_damping,0.5,tvc275,0.575,2331.451897940241,0.8666666666666667
Walker2d-v5,foot_left_damping,0.5,tvc275,0.5833333333333334,2365.241055881404,0.8333333333333334
Walker2d-v5,foot_left_damping,0.5,tvc275,0.5916666666666667,2399.030213822567,0.8333333333333334
Walker2d-v5,foot_left_damping,0.5,tvc275,0.6,2432.8193717637296,0.8333333333333334
Walker2d-v5,foot_left_damping,0.5,tvc275,0.6083333333333333,2466.6085297048926,0.8333333333333334
Walker2d-v5,foot_left_damping,0.5,tvc275,0.6166666666666667,2500.3976876460556,0.8333333333333334
Walker2d-v5,foot_left_damping,0.5,tvc275,0.625,2534.1868455872186,0.8333333333333334
Walker2d-v5,foot_left_damping,0.5,tvc275,0.6333333333333333,2567.976003528381,0.8333333333333334
Walker2d-v5,foot_left_damping,0.5,tvc275,0.6416666666666666,2601.765161469544,0.8333333333333334
Walker2d-v5,foot_left_damping,0.5,tvc275,0.65,2635.554319410707,0.8333333333333334
Walker2d-v5,foot_left_damping,0.5,tvc275,0.6583333333333333,2669.34347735187,0.8333333333333334
Walker2d-v5,foot_left_damping,0.5,tvc275,0.6666666666666666,2703.1326352930328,0.8333333333333334
Walker2d-v5,foot_left_damping,0.5,tvc275,0.675,2736.9217932341962,0.8
Walker2d-v5,foot_left_damping,0.5,tvc275,0.6833333333333333,2770.710951175359,0.7666666666666667
Walker2d-v5,foot_left_damping,0.5,tvc275,0.6916666666666667,2804.500109116522,0.7666666666666667
Walker2d-v5,foot_left_damping,0.5,tvc275,0.7,2838.2892670576844,0.7666666666666667
Walker2d-v5,foot_left_damping,0.5,tvc275,0.7083333333333334,2872.078424998848,0.7666666666666667
Walker2d-v5,foot_left_damping,0.5,tvc275,0.7166666666666667,2905.8675829400104,0.7666666666666667
Walker2d-v5,foot_left_damping,0.5,tvc275,0.725,2939.6567408811734,0.7
Walker2d-v5,foot_left_damping,0.5,tvc275,0.7333333333333333,2973.445898822336,0.6666666666666666
Walker2d-v5,foot_left_damping,0.5,tvc275,0.7416666666666667,3007.2350567634994,0.6666666666666666
Walker2d-v5,foot_left_damping,0.5,tvc275,0.75,3041.024214704662,0.6666666666666666
Walker2d-v5,foot_left_damping,0.5,tvc275,0.7583333333333333,3074.813372645825,0.6666666666666666
Walker2d-v5,foot_left_damping,0.5,tvc275,0.7666666666666666,3108.602530586988,0.6666666666666666
Walker2d-v5,foot_left_damping,0.5,tvc275,0.775,3142.391688528151,0.6666666666666666
Walker2d-v5,foot_left_damping,0.5,tvc275,0.7833333333333333,3176.180846469314,0.6333333333333333
Walker2d-v5,foot_left_damping,0.5,tvc275,0.7916666666666666,3209.9700044104766,0.6
Walker2d-v5,foot_left_damping,0.5,tvc275,0.8,3243.75916235164,0.5666666666666667
Walker2d-v5,foot_left_damping,0.5,tvc275,0.8083333333333333,3277.5483202928026,0.5666666666666667
Walker2d-v5,foot_left_damping,0.5,tvc275,0.8166666666666667,3311.3374782339656,0.5333333333333333
Walker2d-v5,foot_left_damping,0.5,tvc275,0.825,3345.126636175128,0.5
Walker2d-v5,foot_left_damping,0.5,tvc275,0.8333333333333334,3378.9157941162916,0.4666666666666667
Walker2d-v5,foot_left_damping,0.5,tvc275,0.8416666666666667,3412.704952057454,0.4666666666666667
Walker2d-v5,foot_left_damping,0.5,tvc275,0.85,3446.494109998617,0.4666666666666667
Walker2d-v5,foot_left_damping,0.5,tvc275,0.8583333333333333,3480.2832679397798,0.43333333333333335
Walker2d-v5,foot_left_damping,0.5,tvc275,0.8666666666666667,3514.0724258809432,0.4
Walker2d-v5,foot_left_damping,0.5,tvc275,0.875,3547.861583822106,0.36666666666666664
Walker2d-v5,foot_left_damping,0.5,tvc275,0.8833333333333333,3581.650741763269,0.36666666666666664
Walker2d-v5,foot_left_damping,0.5,tvc275,0.8916666666666666,3615.4398997044314,0.3333333333333333
Walker2d-v5,foot_left_damping,0.5,tvc275,0.9,3649.229057645595,0.3333333333333333
Walker2d-v5,foot_left_damping,0.5,tvc275,0.9083333333333333,3683.0182155867574,0.3333333333333333
Walker2d-v5,foot_left_damping,0.5,tvc275,0.9166666666666666,3716.8073735279204,0.3333333333333333
Walker2d-v5,foot_left_damping,0.5,tvc275,0.9249999999999999,3750.596531469083,0.3
Walker2d-v5,foot_left_damping,0.5,tvc275,0.9333333333333333,3784.3856894102464,0.2
Walker2d-v5,foot_left_damping,0.5,tvc275,0.9416666666666667,3818.174847351409,0.2
Walker2d-v5,foot_left_damping,0.5,tvc275,0.95,3851.964005292572,0.1
Walker2d-v5,foot_left_damping,0.5,tvc275,0.9583333333333334,3885.753163233735,0.06666666666666667
Walker2d-v5,foot_left_damping,0.5,tvc275,0.9666666666666667,3919.542321174898,0.03333333333333333
Walker2d-v5,foot_left_damping,0.5,tvc275,0.975,3953.3314791160606,0.03333333333333333
Walker2d-v5,foot_left_damping,0.5,tvc275,0.9833333333333333,3987.1206370572236,0.03333333333333333
Walker2d-v5,foot_left_damping,0.5,tvc275,0.9916666666666667,4020.9097949983866,0.03333333333333333
Walker2d-v5,foot_left_damping,0.5,tvc275,1.0,4054.6989529395496,0.03333333333333333
Walker2d-v5,foot_left_damping,0.5,tvc275,1.0083333333333333,4088.4881108807126,0.03333333333333333
Walker2d-v5,foot_left_damping,0.5,tvc275,1.0166666666666666,4122.277268821876,0.03333333333333333
Walker2d-v5,foot_left_damping,0.5,tvc275,1.025,4156.066426763038,0.03333333333333333
Walker2d-v5,foot_left_damping,0.5,tvc275,1.0333333333333332,4189.855584704201,0.0
Walker2d-v5,foot_left_damping,0.5,tvc275,1.0416666666666667,4223.644742645364,0.0
Walker2d-v5,foot_left_damping,0.5,tvc275,1.05,4257.433900586528,0.0
Walker2d-v5,foot_left_damping,0.5,tvc275,1.0583333333333333,4291.22305852769,0.0
Walker2d-v5,foot_left_damping,0.5,tvc275,1.0666666666666667,4325.012216468853,0.0
Walker2d-v5,foot_left_damping,0.5,tvc275,1.075,4358.801374410015,0.0
Walker2d-v5,foot_left_damping,0.5,tvc275,1.0833333333333333,4392.590532351179,0.0
Walker2d-v5,foot_left_damping,0.5,tvc275,1.0916666666666666,4426.379690292341,0.0
Walker2d-v5,foot_left_damping,0.5,tvc275,1.1,4460.168848233505,0.0
Walker2d-v5,foot_left_damping,0.5,tvc275,1.1083333333333334,4493.958006174667,0.0
Walker2d-v5,foot_left_damping,0.5,tvc275,1.1166666666666667,4527.747164115831,0.0
Walker2d-v5,foot_left_damping,0.5,tvc275,1.125,4561.536322056993,0.0
Walker2d-v5,foot_left_damping,0.5,tvc275,1.1333333333333333,4595.325479998156,0.0
Walker2d-v5,foot_left_damping,0.5,tvc275,1.1416666666666666,4629.1146379393185,0.0
Walker2d-v5,foot_left_damping,0.5,tvc275,1.15,4662.903795880482,0.0
Walker2d-v5,foot_left_damping,0.5,tvc275,1.1583333333333332,4696.692953821645,0.0
Walker2d-v5,foot_left_damping,0.5,tvc275,1.1666666666666667,4730.482111762808,0.0
Walker2d-v5,foot_left_damping,0.5,tvc275,1.175,4764.271269703971,0.0
Walker2d-v5,foot_left_damping,0.5,tvc275,1.1833333333333333,4798.060427645134,0.0
Walker2d-v5,foot_left_damping,0.5,tvc275,1.1916666666666667,4831.849585586297,0.0
Walker2d-v5,foot_left_damping,0.5,tvc275,1.2,4865.638743527459,0.0
Walker2d-v5,foot_left_damping,0.5,tvc275,1.2083333333333333,4899.427901468622,0.0
Walker2d-v5,foot_left_damping,0.5,tvc275,1.2166666666666666,4933.217059409785,0.0
Walker2d-v5,foot_left_damping,0.5,tvc275,1.225,4967.006217350949,0.0
Walker2d-v5,foot_left_damping,0.5,tvc275,1.2333333333333334,5000.795375292111,0.0
Walker2d-v5,foot_left_damping,0.5,tvc275,1.2416666666666667,5034.584533233274,0.0
Walker2d-v5,foot_left_damping,0.5,tvc275,1.25,5068.373691174437,0.0
Walker2d-v5,foot_left_damping,0.5,tvc300,0.0,0.0,1.0
Walker2d-v5,foot_left_damping,0.5,tvc300,0.008333333333333333,33.78915794116291,1.0
Walker2d-v5,foot_left_damping,0.5,tvc300,0.016666666666666666,67.57831588232582,1.0
Walker2d-v5,foot_left_damping,0.5,tvc300,0.025,101.36747382348875,1.0
Walker2d-v5,foot_left_damping,0.5,tvc300,0.03333333333333333,135.15663176465165,1.0
Walker2d-v5,foot_left_damping,0.5,tvc300,0.041666666666666664,168.94578970581455,1.0
Walker2d-v5,foot_left_damping,0.5,tvc300,0.05,202.7349476469775,1.0
Walker2d-v5,foot_left_damping,0.5,tvc300,0.058333333333333334,236.5241055881404,1.0
Walker2d-v5,foot_left_damping,0.5,tvc300,0.06666666666666667,270.3132635293033,1.0
Walker2d-v5,foot_left_damping,0.5,tvc300,0.075,304.1024214704662,1.0
Walker2d-v5,foot_left_damping,0.5,tvc300,0.08333333333333333,337.8915794116291,1.0
Walker2d-v5,foot_left_damping,0.5,tvc300,0.09166666666666666,371.680737352792,1.0
Walker2d-v5,foot_left_damping,0.5,tvc300,0.1,405.469895293955,1.0
Walker2d-v5,foot_left_damping,0.5,tvc300,0.10833333333333334,439.2590532351179,1.0
Walker2d-v5,foot_left_damping,0.5,tvc300,0.11666666666666667,473.0482111762808,1.0
Walker2d-v5,foot_left_damping,0.5,tvc300,0.125,506.8373691174437,1.0
Walker2d-v5,foot_left_damping,0.5,tvc300,0.13333333333333333,540.6265270586066,1.0
Walker2d-v5,foot_left_damping,0.5,tvc300,0.14166666666666666,574.4156849997695,1.0
Walker2d-v5,foot_left_damping,0.5,tvc300,0.15,608.2048429409324,1.0
Walker2d-v5,foot_left_damping,0.5,tvc300,0.15833333333333333,641.9940008820953,1.0
Walker2d-v5,foot_left_damping,0.5,tvc300,0.16666666666666666,675.7831588232582,1.0
Walker2d-v5,foot_left_damping,0.5,tvc300,0.175,709.5723167644211,1.0
Walker2d-v5,foot_left_damping,0.5,tvc300,0.18333333333333332,743.361474705584,1.0
Walker2d-v5,foot_left_damping,0.5,tvc300,0.19166666666666665,777.150632646747,1.0
Walker2d-v5,foot_left_damping,0.5,tvc300,0.2,810.93979058791,1.0
Walker2d-v5,foot_left_damping,0.5,tvc300,0.20833333333333334,844.7289485290729,1.0
Walker2d-v5,foot_left_damping,0.5,tvc300,0.21666666666666667,878.5181064702358,1.0
Walker2d-v5,foot_left_damping,0.5,tvc300,0.225,912.3072644113987,1.0
Walker2d-v5,foot_left_damping,0.5,tvc300,0.23333333333333334,946.0964223525616,1.0
Walker2d-v5,foot_left_damping,0.5,tvc300,0.24166666666666667,979.8855802937245,1.0
Walker2d-v5,foot_left_damping,0.5,tvc300,0.25,1013.6747382348874,1.0
Walker2d-v5,foot_left_damping,0.5,tvc300,0.2583333333333333,1047.4638961760502,1.0
Walker2d-v5,foot_left_damping,0.5,tvc300,0.26666666666666666,1081.2530541172132,1.0
Walker2d-v5,foot_left_damping,0.5,tvc300,0.275,1115.0422120583762,1.0
Walker2d-v5,foot_left_damping,0.5,tvc300,0.2833333333333333,1148.831369999539,1.0
Walker2d-v5,foot_left_damping,0.5,tvc300,0.2916666666666667,1182.620527940702,1.0
Walker2d-v5,foot_left_damping,0.5,tvc300,0.3,1216.4096858818648,1.0
Walker2d-v5,foot_left_damping,0.5,tvc300,0.30833333333333335,1250.1988438230278,1.0
Walker2d-v5,foot_left_damping,0.5,tvc300,0.31666666666666665,1283.9880017641906,1.0
Walker2d-v5,foot_left_damping,0.5,tvc300,0.325,1317.7771597053536,1.0
Walker2d-v5,foot_left_damping,0.5,tvc300,0.3333333333333333,1351.5663176465164,1.0
Walker2d-v5,foot_left_damping,0.5,tvc300,0.3416666666666667,1385.3554755876794,1.0
Walker2d-v5,foot_left_damping,0.5,tvc300,0.35,1419.1446335288422,1.0
Walker2d-v5,foot_left_damping,0.5,tvc300,0.35833333333333334,1452.9337914700052,1.0
Walker2d-v5,foot_left_damping,0.5,tvc300,0.36666666666666664,1486.722949411168,1.0
Walker2d-v5,foot_left_damping,0.5,tvc300,0.375,1520.512107352331,1.0
Walker2d-v5,foot_left_damping,0.5,tvc300,0.3833333333333333,1554.301265293494,1.0
Walker2d-v5,foot_left_damping,0.5,tvc300,0.39166666666666666,1588.090423234657,1.0
Walker2d-v5,foot_left_damping,0.5,tvc300,0.4,1621.87958117582,1.0
Walker2d-v5,foot_left_damping,0.5,tvc300,0.4083333333333333,1655.6687391169828,1.0
Walker2d-v5,foot_left_damping,0.5,tvc300,0.4166666666666667,1689.4578970581458,1.0
Walker2d-v5,foot_left_damping,0.5,tvc300,0.425,1723.2470549993086,1.0
Walker2d-v5,foot_left_damping,0.5,tvc300,0.43333333333333335,1757.0362129404716,1.0
Walker2d-v5,foot_left_damping,0.5,tvc300,0.44166666666666665,1790.8253708816344,1.0
Walker2d-v5,foot_left_damping,0.5,tvc300,0.45,1824.6145288227974,1.0
Walker2d-v5,foot_left_damping,0.5,tvc300,0.4583333333333333,1858.4036867639602,1.0
Walker2d-v5,foot_left_damping,0.5,tvc300,0.4666666666666667,1892.1928447051232,1.0
Walker2d-v5,foot_left_damping,0.5,tvc300,0.475,1925.982002646286,1.0
Walker2d-v5,foot_left_damping,0.5,tvc300,0.48333333333333334,1959.771160587449,1.0
Walker2d-v5,foot_left_damping,0.5,tvc300,0.49166666666666664,1993.5603185286118,1.0
Walker2d-v5,foot_left_damping,0.5,tvc300,0.5,2027.3494764697748,1.0
Walker2d-v5,foot_left_damping,0.5,tvc300,0.5083333333333333,2061.138634410938,1.0
Walker2d-v5,foot_left_damping,0.5,tvc300,0.5166666666666666,2094.9277923521004,1.0
Walker2d-v5,foot_left_damping,0.5,tvc300,0.525,2128.716950293264,1.0
Walker2d-v5,foot_left_damping,0.5,tvc300,0.5333333333333333,2162.5061082344264,1.0
Walker2d-v5,foot_left_damping,0.5,tvc300,0.5416666666666666,2196.2952661755894,1.0
Walker2d-v5,foot_left_damping,0.5,tvc300,0.55,2230.0844241167524,1.0
Walker2d-v5,foot_left_damping,0.5,tvc300,0.5583333333333333,2263.8735820579154,1.0
Walker2d-v5,foot_left_damping,0.5,tvc300,0.5666666666666667,2297.662739999078,1.0
Walker2d-v5,foot_left_damping,0.5,tvc300,0.575,2331.451897940241,1.0
Walker2d-v5,foot_left_damping,0.5,tvc300,0.5833333333333334,2365.241055881404,1.0
Walker2d-v5,foot_left_damping,0.5,tvc300,0.5916666666666667,2399.030213822567,1.0
Walker2d-v5,foot_left_damping,0.5,tvc300,0.6,2432.8193717637296,1.0
Walker2d-v5,foot_left_damping,0.5,tvc300,0.6083333333333333,2466.6085297048926,1.0
Walker2d-v5,foot_left_damping,0.5,tvc300,0.6166666666666667,2500.3976876460556,1.0
Walker2d-v5,foot_left_damping,0.5,tvc300,0.625,2534.1868455872186,1.0
Walker2d-v5,foot_left_damping,0.5,tvc300,0.6333333333333333,2567.976003528381,1.0
Walker2d-v5,foot_left_damping,0.5,tvc300,0.6416666666666666,2601.765161469544,1.0
Walker2d-v5,foot_left_damping,0.5,tvc300,0.65,2635.554319410707,1.0
Walker2d-v5,foot_left_damping,0.5,tvc300,0.6583333333333333,2669.34347735187,1.0
Walker2d-v5,foot_left_damping,0.5,tvc300,0.6666666666666666,2703.1326352930328,1.0
Walker2d-v5,foot_left_damping,0.5,tvc300,0.675,2736.9217932341962,1.0
Walker2d-v5,foot_left_damping,0.5,tvc300,0.6833333333333333,2770.710951175359,1.0
Walker2d-v5,foot_left_damping,0.5,tvc300,0.6916666666666667,2804.500109116522,1.0
Walker2d-v5,foot_left_damping,0.5,tvc300,0.7,2838.2892670576844,1.0
Walker2d-v5,foot_left_damping,0.5,tvc300,0.7083333333333334,2872.078424998848,1.0
Walker2d-v5,foot_left_damping,0.5,tvc300,0.7166666666666667,2905.8675829400104,1.0
Walker2d-v5,foot_left_damping,0.5,tvc300,0.725,2939.6567408811734,1.0
Walker2d-v5,foot_left_damping,0.5,tvc300,0.7333333333333333,2973.445898822336,0.9666666666666667
Walker2d-v5,foot_left_damping,0.5,tvc300,0.7416666666666667,3007.2350567634994,0.9666666666666667
Walker2d-v5,foot_left_damping,0.5,tvc300,0.75,3041.024214704662,0.9666666666666667
Walker2d-v5,foot_left_damping,0.5,tvc300,0.7583333333333333,3074.813372645825,0.9666666666666667
Walker2d-v5,foot_left_damping,0.5,tvc300,0.7666666666666666,3108.602530586988,0.9666666666666667
Walker2d-v5,foot_left_damping,0.5,tvc300,0.775,3142.391688528151,0.9333333333333333
Walker2d-v5,foot_left_damping,0.5,tvc300,0.7833333333333333,3176.180846469314,0.9333333333333333
Walker2d-v5,foot_left_damping,0.5,tvc300,0.7916666666666666,3209.9700044104766,0.9
Walker2d-v5,foot_left_damping,0.5,tvc300,0.8,3243.75916235164,0.8333333333333334
Walker2d-v5,foot_left_damping,0.5,tvc300,0.8083333333333333,3277.5483202928026,0.7666666666666667
Walker2d-v5,foot_left_damping,0.5,tvc300,0.8166666666666667,3311.3374782339656,0.7666666666666667
Walker2d-v5,foot_left_damping,0.5,tvc300,0.825,3345.126636175128,0.7333333333333333
Walker2d-v5,foot_left_damping,0.5,tvc300,0.8333333333333334,3378.9157941162916,0.6333333333333333
Walker2d-v5,foot_left_damping,0.5,tvc300,0.8416666666666667,3412.704952057454,0.6333333333333333
Walker2d-v5,foot_left_damping,0.5,tvc300,0.85,3446.494109998617,0.6333333333333333
Walker2d-v5,foot_left_damping,0.5,tvc300,0.8583333333333333,3480.2832679397798,0.6333333333333333
Walker2d-v5,foot_left_damping,0.5,tvc300,0.8666666666666667,3514.0724258809432,0.6
Walker2d-v5,foot_left_damping,0.5,tvc300,0.875,3547.861583822106,0.5666666666666667
Walker2d-v5,foot_left_damping,0.5,tvc300,0.8833333333333333,3581.650741763269,0.5
Walker2d-v5,foot_left_damping,0.5,tvc300,0.8916666666666666,3615.4398997044314,0.4666666666666667
Walker2d-v5,foot_left_damping,0.5,tvc300,0.9,3649.229057645595,0.43333333333333335
Walker2d-v5,foot_left_damping,0.5,tvc300,0.9083333333333333,3683.0182155867574,0.36666666666666664
Walker2d-v5,foot_left_damping,0.5,tvc300,0.9166666666666666,3716.8073735279204,0.36666666666666664
Walker2d-v5,foot_left_damping,0.5,tvc300,0.9249999999999999,3750.596531469083,0.36666666666666664
Walker2d-v5,foot_left_damping,0.5,tvc300,0.9333333333333333,3784.3856894102464,0.36666666666666664
Walker2d-v5,foot_left_damping,0.5,tvc300,0.9416666666666667,3818.174847351409,0.3333333333333333
Walker2d-v5,foot_left_damping,0.5,tvc300,0.95,3851.964005292572,0.3
Walker2d-v5,foot_left_damping,0.5,tvc300,0.9583333333333334,3885.753163233735,0.26666666666666666
Walker2d-v5,foot_left_damping,0.5,tvc300,0.9666666666666667,3919.542321174898,0.16666666666666666
Walker2d-v5,foot_left_damping,0.5,tvc300,0.975,3953.3314791160606,0.13333333333333333
Walker2d-v5,foot_left_damping,0.5,tvc300,0.9833333333333333,3987.1206370572236,0.1
Walker2d-v5,foot_left_damping,0.5,tvc300,0.9916666666666667,4020.9097949983866,0.1
Walker2d-v5,foot_left_damping,0.5,tvc300,1.0,4054.6989529395496,0.06666666666666667
Walker2d-v5,foot_left_damping,0.5,tvc300,1.0083333333333333,4088.4881108807126,0.06666666666666667
Walker2d-v5,foot_left_damping,0.5,tvc300,1.0166666666666666,4122.277268821876,0.03333333333333333
Walker2d-v5,foot_left_damping,0.5,tvc300,1.025,4156.066426763038,0.03333333333333333
Walker2d-v5,foot_left_damping,0.5,tvc300,1.0333333333333332,4189.855584704201,0.03333333333333333
Walker2d-v5,foot_left_damping,0.5,tvc300,1.0416666666666667,4223.644742645364,0.03333333333333333
Walker2d-v5,foot_left_damping,0.5,tvc300,1.05,4257.433900586528,0.0
Walker2d-v5,foot_left_damping,0.5,tvc300,1.0583333333333333,4291.22305852769,0.0
Walker2d-v5,foot_left_damping,0.5,tvc300,1.0666666666666667,4325.012216468853,0.0
Walker2d-v5,foot_left_damping,0.5,tvc300,1.075,4358.801374410015,0.0
Walker2d-v5,foot_left_damping,0.5,tvc300,1.0833333333333333,4392.590532351179,0.0
Walker2d-v5,foot_left_damping,0.5,tvc300,1.0916666666666666,4426.379690292341,0.0
Walker2d-v5,foot_left_damping,0.5,tvc300,1.1,4460.168848233505,0.0
Walker2d-v5,foot_left_damping,0.5,tvc300,1.1083333333333334,4493.958006174667,0.0
Walker2d-v5,foot_left_damping,0.5,tvc300,1.1166666666666667,4527.747164115831,0.0
Walker2d-v5,foot_left_damping,0.5,tvc300,1.125,4561.536322056993,0.0
Walker2d-v5,foot_left_damping,0.5,tvc300,1.1333333333333333,4595.325479998156,0.0
Walker2d-v5,foot_left_damping,0.5,tvc300,1.1416666666666666,4629.1146379393185,0.0
Walker2d-v5,foot_left_damping,0.5,tvc300,1.15,4662.903795880482,0.0
Walker2d-v5,foot_left_damping,0.5,tvc300,1.1583333333333332,4696.692953821645,0.0
Walker2d-v5,foot_left_damping,0.5,tvc300,1.1666666666666667,4730.482111762808,0.0
Walker2d-v5,foot_left_damping,0.5,tvc300,1.175,4764.271269703971,0.0
Walker2d-v5,foot_left_damping,0.5,tvc300,1.1833333333333333,4798.060427645134,0.0
Walker2d-v5,foot_left_damping,0.5,tvc300,1.1916666666666667,4831.849585586297,0.0
Walker2d-v5,foot_left_damping,0.5,tvc300,1.2,4865.638743527459,0.0
Walker2d-v5,foot_left_damping,0.5,tvc300,1.2083333333333333,4899.427901468622,0.0
Walker2d-v5,foot_left_damping,0.5,tvc300,1.2166666666666666,4933.217059409785,0.0
Walker2d-v5,foot_left_damping,0.5,tvc300,1.225,4967.006217350949,0.0
Walker2d-v5,foot_left_damping,0.5,tvc300,1.2333333333333334,5000.795375292111,0.0
Walker2d-v5,foot_left_damping,0.5,tvc300,1.2416666666666667,5034.584533233274,0.0
Walker2d-v5,foot_left_damping,0.5,tvc300,1.25,5068.373691174437,0.0
Walker2d-v5,foot_left_damping,0.5,tvc400,0.0,0.0,1.0
Walker2d-v5,foot_left_damping,0.5,tvc400,0.008333333333333333,33.78915794116291,1.0
Walker2d-v5,foot_left_damping,0.5,tvc400,0.016666666666666666,67.57831588232582,1.0
Walker2d-v5,foot_left_damping,0.5,tvc400,0.025,101.36747382348875,1.0
Walker2d-v5,foot_left_damping,0.5,tvc400,0.03333333333333333,135.15663176465165,1.0
Walker2d-v5,foot_left_damping,0.5,tvc400,0.041666666666666664,168.94578970581455,1.0
Walker2d-v5,foot_left_damping,0.5,tvc400,0.05,202.7349476469775,1.0
Walker2d-v5,foot_left_damping,0.5,tvc400,0.058333333333333334,236.5241055881404,1.0
Walker2d-v5,foot_left_damping,0.5,tvc400,0.06666666666666667,270.3132635293033,1.0
Walker2d-v5,foot_left_damping,0.5,tvc400,0.075,304.1024214704662,1.0
Walker2d-v5,foot_left_damping,0.5,tvc400,0.08333333333333333,337.8915794116291,1.0
Walker2d-v5,foot_left_damping,0.5,tvc400,0.09166666666666666,371.680737352792,1.0
Walker2d-v5,foot_left_damping,0.5,tvc400,0.1,405.469895293955,1.0
Walker2d-v5,foot_left_damping,0.5,tvc400,0.10833333333333334,439.2590532351179,1.0
Walker2d-v5,foot_left_damping,0.5,tvc400,0.11666666666666667,473.0482111762808,1.0
Walker2d-v5,foot_left_damping,0.5,tvc400,0.125,506.8373691174437,1.0
Walker2d-v5,foot_left_damping,0.5,tvc400,0.13333333333333333,540.6265270586066,1.0
Walker2d-v5,foot_left_damping,0.5,tvc400,0.14166666666666666,574.4156849997695,1.0
Walker2d-v5,foot_left_damping,0.5,tvc400,0.15,608.2048429409324,1.0
Walker2d-v5,foot_left_damping,0.5,tvc400,0.15833333333333333,641.9940008820953,1.0
Walker2d-v5,foot_left_damping,0.5,tvc400,0.16666666666666666,675.7831588232582,1.0
Walker2d-v5,foot_left_damping,0.5,tvc400,0.175,709.5723167644211,1.0
Walker2d-v5,foot_left_damping,0.5,tvc400,0.18333333333333332,743.361474705584,1.0
Walker2d-v5,foot_left_damping,0.5,tvc400,0.19166666666666665,777.150632646747,1.0
Walker2d-v5,foot_left_damping,0.5,tvc400,0.2,810.93979058791,1.0
Walker2d-v5,foot_left_damping,0.5,tvc400,0.20833333333333334,844.7289485290729,1.0
Walker2d-v5,foot_left_damping,0.5,tvc400,0.21666666666666667,878.5181064702358,0.9666666666666667
Walker2d-v5,foot_left_damping,0.5,tvc400,0.225,912.3072644113987,0.9666666666666667
Walker2d-v5,foot_left_damping,0.5,tvc400,0.23333333333333334,946.0964223525616,0.9666666666666667
Walker2d-v5,foot_left_damping,0.5,tvc400,0.24166666666666667,979.8855802937245,0.9666666666666667
Walker2d-v5,foot_left_damping,0.5,tvc400,0.25,1013.6747382348874,0.9666666666666667
Walker2d-v5,foot_left_damping,0.5,tvc400,0.2583333333333333,1047.4638961760502,0.9666666666666667
Walker2d-v5,foot_left_damping,0.5,tvc400,0.26666666666666666,1081.2530541172132,0.9666666666666667
Walker2d-v5,foot_left_damping,0.5,tvc400,0.275,1115.0422120583762,0.9666666666666667
Walker2d-v5,foot_left_damping,0.5,tvc400,0.2833333333333333,1148.831369999539,0.9666666666666667
Walker2d-v5,foot_left_damping,0.5,tvc400,0.2916666666666667,1182.620527940702,0.9666666666666667
Walker2d-v5,foot_left_damping,0.5,tvc400,0.3,1216.4096858818648,0.9666666666666667
Walker2d-v5,foot_left_damping,0.5,tvc400,0.30833333333333335,1250.1988438230278,0.9666666666666667
Walker2d-v5,foot_left_damping,0.5,tvc400,0.31666666666666665,1283.9880017641906,0.9666666666666667
Walker2d-v5,foot_left_damping,0.5,tvc400,0.325,1317.7771597053536,0.9666666666666667
Walker2d-v5,foot_left_damping,0.5,tvc400,0.3333333333333333,1351.5663176465164,0.9666666666666667
Walker2d-v5,foot_left_damping,0.5,tvc400,0.3416666666666667,1385.3554755876794,0.9666666666666667
Walker2d-v5,foot_left_damping,0.5,tvc400,0.35,1419.1446335288422,0.9666666666666667
Walker2d-v5,foot_left_damping,0.5,tvc400,0.35833333333333334,1452.9337914700052,0.9666666666666667
Walker2d-v5,foot_left_damping,0.5,tvc400,0.36666666666666664,1486.722949411168,0.9666666666666667
Walker2d-v5,foot_left_damping,0.5,tvc400,0.375,1520.512107352331,0.9666666666666667
Walker2d-v5,foot_left_damping,0.5,tvc400,0.3833333333333333,1554.301265293494,0.9666666666666667
Walker2d-v5,foot_left_damping,0.5,tvc400,0.39166666666666666,1588.090423234657,0.9666666666666667
Walker2d-v5,foot_left_damping,0.5,tvc400,0.4,1621.87958117582,0.9666666666666667
Walker2d-v5,foot_left_damping,0.5,tvc400,0.4083333333333333,1655.6687391169828,0.9666666666666667
Walker2d-v5,foot_left_damping,0.5,tvc400,0.4166666666666667,1689.4578970581458,0.9666666666666667
Walker2d-v5,foot_left_damping,0.5,tvc400,0.425,1723.2470549993086,0.9666666666666667
Walker2d-v5,foot_left_damping,0.5,tvc400,0.43333333333333335,1757.0362129404716,0.9666666666666667
Walker2d-v5,foot_left_damping,0.5,tvc400,0.44166666666666665,1790.8253708816344,0.9666666666666667
Walker2d-v5,foot_left_damping,0.5,tvc400,0.45,1824.6145288227974,0.9666666666666667
Walker2d-v5,foot_left_damping,0.5,tvc400,0.4583333333333333,1858.4036867639602,0.9666666666666667
Walker2d-v5,foot_left_damping,0.5,tvc400,0.4666666666666667,1892.1928447051232,0.9666666666666667
Walker2d-v5,foot_left_damping,0.5,tvc400,0.475,1925.982002646286,0.9666666666666667
Walker2d-v5,foot_left_damping,0.5,tvc400,0.48333333333333334,1959.771160587449,0.9666666666666667
Walker2d-v5,foot_left_damping,0.5,tvc400,0.49166666666666664,1993.5603185286118,0.9666666666666667
Walker2d-v5,foot_left_damping,0.5,tvc400,0.5,2027.3494764697748,0.9666666666666667
Walker2d-v5,foot_left_damping,0.5,tvc400,0.5083333333333333,2061.138634410938,0.9666666666666667
Walker2d-v5,foot_left_damping,0.5,tvc400,0.5166666666666666,2094.9277923521004,0.9666666666666667
Walker2d-v5,foot_left_damping,0.5,tvc400,0.525,2128.716950293264,0.9666666666666667
Walker2d-v5,foot_left_damping,0.5,tvc400,0.5333333333333333,2162.5061082344264,0.9666666666666667
Walker2d-v5,foot_left_damping,0.5,tvc400,0.5416666666666666,2196.2952661755894,0.9666666666666667
Walker2d-v5,foot_left_damping,0.5,tvc400,0.55,2230.0844241167524,0.9666666666666667
Walker2d-v5,foot_left_damping,0.5,tvc400,0.5583333333333333,2263.8735820579154,0.9666666666666667
Walker2d-v5,foot_left_damping,0.5,tvc400,0.5666666666666667,2297.662739999078,0.9666666666666667
Walker2d-v5,foot_left_damping,0.5,tvc400,0.575,2331.451897940241,0.9666666666666667
Walker2d-v5,foot_left_damping,0.5,tvc400,0.5833333333333334,2365.241055881404,0.9666666666666667
Walker2d-v5,foot_left_damping,0.5,tvc400,0.5916666666666667,2399.030213822567,0.9666666666666667
Walker2d-v5,foot_left_damping,0.5,tvc400,0.6,2432.8193717637296,0.9666666666666667
Walker2d-v5,foot_left_damping,0.5,tvc400,0.6083333333333333,2466.6085297048926,0.9666666666666667
Walker2d-v5,foot_left_damping,0.5,tvc400,0.6166666666666667,2500.3976876460556,0.9666666666666667
Walker2d-v5,foot_left_damping,0.5,tvc400,0.625,2534.1868455872186,0.9666666666666667
Walker2d-v5,foot_left_damping,0.5,tvc400,0.6333333333333333,2567.976003528381,0.9666666666666667
Walker2d-v5,foot_left_damping,0.5,tvc400,0.6416666666666666,2601.765161469544,0.9666666666666667
Walker2d-v5,foot_left_damping,0.5,tvc400,0.65,2635.554319410707,0.9666666666666667
Walker2d-v5,foot_left_damping,0.5,tvc400,0.6583333333333333,2669.34347735187,0.9666666666666667
Walker2d-v5,foot_left_damping,0.5,tvc400,0.6666666666666666,2703.1326352930328,0.9666666666666667
Walker2d-v5,foot_left_damping,0.5,tvc400,0.675,2736.9217932341962,0.9666666666666667
Walker2d-v5,foot_left_damping,0.5,tvc400,0.6833333333333333,2770.710951175359,0.9666666666666667
Walker2d-v5,foot_left_damping,0.5,tvc400,0.6916666666666667,2804.500109116522,0.9666666666666667
Walker2d-v5,foot_left_damping,0.5,tvc400,0.7,2838.2892670576844,0.9666666666666667
Walker2d-v5,foot_left_damping,0.5,tvc400,0.7083333333333334,2872.078424998848,0.9666666666666667
Walker2d-v5,foot_left_damping,0.5,tvc400,0.7166666666666667,2905.8675829400104,0.9666666666666667
Walker2d-v5,foot_left_damping,0.5,tvc400,0.725,2939.6567408811734,0.9666666666666667
Walker2d-v5,foot_left_damping,0.5,tvc400,0.7333333333333333,2973.445898822336,0.9666666666666667
Walker2d-v5,foot_left_damping,0.5,tvc400,0.7416666666666667,3007.2350567634994,0.9666666666666667
Walker2d-v5,foot_left_damping,0.5,tvc400,0.75,3041.024214704662,0.9666666666666667
Walker2d-v5,foot_left_damping,0.5,tvc400,0.7583333333333333,3074.813372645825,0.9666666666666667
Walker2d-v5,foot_left_damping,0.5,tvc400,0.7666666666666666,3108.602530586988,0.9666666666666667
Walker2d-v5,foot_left_damping,0.5,tvc400,0.775,3142.391688528151,0.9666666666666667
Walker2d-v5,foot_left_damping,0.5,tvc400,0.7833333333333333,3176.180846469314,0.9666666666666667
Walker2d-v5,foot_left_damping,0.5,tvc400,0.7916666666666666,3209.9700044104766,0.9666666666666667
Walker2d-v5,foot_left_damping,0.5,tvc400,0.8,3243.75916235164,0.9666666666666667
Walker2d-v5,foot_left_damping,0.5,tvc400,0.8083333333333333,3277.5483202928026,0.9333333333333333
Walker2d-v5,foot_left_damping,0.5,tvc400,0.8166666666666667,3311.3374782339656,0.9333333333333333
Walker2d-v5,foot_left_damping,0.5,tvc400,0.825,3345.126636175128,0.9333333333333333
Walker2d-v5,foot_left_damping,0.5,tvc400,0.8333333333333334,3378.9157941162916,0.9333333333333333
Walker2d-v5,foot_left_damping,0.5,tvc400,0.8416666666666667,3412.704952057454,0.9333333333333333
Walker2d-v5,foot_left_damping,0.5,tvc400,0.85,3446.494109998617,0.9
Walker2d-v5,foot_left_damping,0.5,tvc400,0.8583333333333333,3480.2832679397798,0.9
Walker2d-v5,foot_left_damping,0.5,tvc400,0.8666666666666667,3514.0724258809432,0.9
Walker2d-v5,foot_left_damping,0.5,tvc400,0.875,3547.861583822106,0.8666666666666667
Walker2d-v5,foot_left_damping,0.5,tvc400,0.8833333333333333,3581.650741763269,0.8666666666666667
Walker2d-v5,foot_left_damping,0.5,tvc400,0.8916666666666666,3615.4398997044314,0.8666666666666667
Walker2d-v5,foot_left_damping,0.5,tvc400,0.9,3649.229057645595,0.8666666666666667
Walker2d-v5,foot_left_damping,0.5,tvc400,0.9083333333333333,3683.0182155867574,0.8
Walker2d-v5,foot_left_damping,0.5,tvc400,0.9166666666666666,3716.8073735279204,0.8
Walker2d-v5,foot_left_damping,0.5,tvc400,0.9249999999999999,3750.596531469083,0.8
Walker2d-v5,foot_left_damping,0.5,tvc400,0.9333333333333333,3784.3856894102464,0.7666666666666667
Walker2d-v5,foot_left_damping,0.5,tvc400,0.9416666666666667,3818.174847351409,0.7333333333333333
Walker2d-v5,foot_left_damping,0.5,tvc400,0.95,3851.964005292572,0.7333333333333333
Walker2d-v5,foot_left_damping,0.5,tvc400,0.9583333333333334,3885.753163233735,0.7
Walker2d-v5,foot_left_damping,0.5,tvc400,0.9666666666666667,3919.542321174898,0.7
Walker2d-v5,foot_left_damping,0.5,tvc400,0.975,3953.3314791160606,0.7
Walker2d-v5,foot_left_damping,0.5,tvc400,0.9833333333333333,3987.1206370572236,0.7
Walker2d-v5,foot_left_damping,0.5,tvc400,0.9916666666666667,4020.9097949983866,0.6333333333333333
Walker2d-v5,foot_left_damping,0.5,tvc400,1.0,4054.6989529395496,0.6333333333333333
Walker2d-v5,foot_left_damping,0.5,tvc400,1.0083333333333333,4088.4881108807126,0.6
Walker2d-v5,foot_left_damping,0.5,tvc400,1.0166666666666666,4122.277268821876,0.5333333333333333
Walker2d-v5,foot_left_damping,0.5,tvc400,1.025,4156.066426763038,0.4666666666666667
Walker2d-v5,foot_left_damping,0.5,tvc400,1.0333333333333332,4189.855584704201,0.4
Walker2d-v5,foot_left_damping,0.5,tvc400,1.0416666666666667,4223.644742645364,0.36666666666666664
Walker2d-v5,foot_left_damping,0.5,tvc400,1.05,4257.433900586528,0.36666666666666664
Walker2d-v5,foot_left_damping,0.5,tvc400,1.0583333333333333,4291.22305852769,0.3333333333333333
Walker2d-v5,foot_left_damping,0.5,tvc400,1.0666666666666667,4325.012216468853,0.3
Walker2d-v5,foot_left_damping,0.5,tvc400,1.075,4358.801374410015,0.3
Walker2d-v5,foot_left_damping,0.5,tvc400,1.0833333333333333,4392.590532351179,0.26666666666666666
Walker2d-v5,foot_left_damping,0.5,tvc400,1.0916666666666666,4426.379690292341,0.2
Walker2d-v5,foot_left_damping,0.5,tvc400,1.1,4460.168848233505,0.2
Walker2d-v5,foot_left_damping,0.5,tvc400,1.1083333333333334,4493.958006174667,0.13333333333333333
Walker2d-v5,foot_left_damping,0.5,tvc400,1.1166666666666667,4527.747164115831,0.1
Walker2d-v5,foot_left_damping,0.5,tvc400,1.125,4561.536322056993,0.06666666666666667
Walker2d-v5,foot_left_damping,0.5,tvc400,1.1333333333333333,4595.325479998156,0.06666666666666667
Walker2d-v5,foot_left_damping,0.5,tvc400,1.1416666666666666,4629.1146379393185,0.06666666666666667
Walker2d-v5,foot_left_damping,0.5,tvc400,1.15,4662.903795880482,0.03333333333333333
Walker2d-v5,foot_left_damping,0.5,tvc400,1.1583333333333332,4696.692953821645,0.03333333333333333
Walker2d-v5,foot_left_damping,0.5,tvc400,1.1666666666666667,4730.482111762808,0.03333333333333333
Walker2d-v5,foot_left_damping,0.5,tvc400,1.175,4764.271269703971,0.03333333333333333
Walker2d-v5,foot_left_damping,0.5,tvc400,1.1833333333333333,4798.060427645134,0.03333333333333333
Walker2d-v5,foot_left_damping,0.5,tvc400,1.1916666666666667,4831.849585586297,0.03333333333333333
Walker2d-v5,foot_left_damping,0.5,tvc400,1.2,4865.638743527459,0.0
Walker2d-v5,foot_left_damping,0.5,tvc400,1.2083333333333333,4899.427901468622,0.0
Walker2d-v5,foot_left_damping,0.5,tvc400,1.2166666666666666,4933.217059409785,0.0
Walker2d-v5,foot_left_damping,0.5,tvc400,1.225,4967.006217350949,0.0
Walker2d-v5,foot_left_damping,0.5,tvc400,1.2333333333333334,5000.795375292111,0.0
Walker2d-v5,foot_left_damping,0.5,tvc400,1.2416666666666667,5034.584533233274,0.0
Walker2d-v5,foot_left_damping,0.5,tvc400,1.25,5068.373691174437,0.0
Walker2d-v5,foot_left_damping,0.5,tvc500,0.0,0.0,1.0
Walker2d-v5,foot_left_damping,0.5,tvc500,0.008333333333333333,33.78915794116291,1.0
Walker2d-v5,foot_left_damping,0.5,tvc500,0.016666666666666666,67.57831588232582,1.0
Walker2d-v5,foot_left_damping,0.5,tvc500,0.025,101.36747382348875,1.0
Walker2d-v5,foot_left_damping,0.5,tvc500,0.03333333333333333,135.15663176465165,1.0
Walker2d-v5,foot_left_damping,0.5,tvc500,0.041666666666666664,168.94578970581455,1.0
Walker2d-v5,foot_left_damping,0.5,tvc500,0.05,202.7349476469775,1.0
Walker2d-v5,foot_left_damping,0.5,tvc500,0.058333333333333334,236.5241055881404,1.0
Walker2d-v5,foot_left_damping,0.5,tvc500,0.06666666666666667,270.3132635293033,1.0
Walker2d-v5,foot_left_damping,0.5,tvc500,0.075,304.1024214704662,1.0
Walker2d-v5,foot_left_damping,0.5,tvc500,0.08333333333333333,337.8915794116291,1.0
Walker2d-v5,foot_left_damping,0.5,tvc500,0.09166666666666666,371.680737352792,1.0
Walker2d-v5,foot_left_damping,0.5,tvc500,0.1,405.469895293955,1.0
Walker2d-v5,foot_left_damping,0.5,tvc500,0.10833333333333334,439.2590532351179,1.0
Walker2d-v5,foot_left_damping,0.5,tvc500,0.11666666666666667,473.0482111762808,1.0
Walker2d-v5,foot_left_damping,0.5,tvc500,0.125,506.8373691174437,1.0
Walker2d-v5,foot_left_damping,0.5,tvc500,0.13333333333333333,540.6265270586066,1.0
Walker2d-v5,foot_left_damping,0.5,tvc500,0.14166666666666666,574.4156849997695,1.0
Walker2d-v5,foot_left_damping,0.5,tvc500,0.15,608.2048429409324,1.0
Walker2d-v5,foot_left_damping,0.5,tvc500,0.15833333333333333,641.9940008820953,1.0
Walker2d-v5,foot_left_damping,0.5,tvc500,0.16666666666666666,675.7831588232582,1.0
Walker2d-v5,foot_left_damping,0.5,tvc500,0.175,709.5723167644211,1.0
Walker2d-v5,foot_left_damping,0.5,tvc500,0.18333333333333332,743.361474705584,1.0
Walker2d-v5,foot_left_damping,0.5,tvc500,0.19166666666666665,777.150632646747,1.0
Walker2d-v5,foot_left_damping,0.5,tvc500,0.2,810.93979058791,1.0
Walker2d-v5,foot_left_damping,0.5,tvc500,0.20833333333333334,844.7289485290729,1.0
Walker2d-v5,foot_left_damping,0.5,tvc500,0.21666666666666667,878.5181064702358,0.9666666666666667
Walker2d-v5,foot_left_damping,0.5,tvc500,0.225,912.3072644113987,0.9666666666666667
Walker2d-v5,foot_left_damping,0.5,tvc500,0.23333333333333334,946.0964223525616,0.9666666666666667
Walker2d-v5,foot_left_damping,0.5,tvc500,0.24166666666666667,979.8855802937245,0.9666666666666667
Walker2d-v5,foot_left_damping,0.5,tvc500,0.25,1013.6747382348874,0.9333333333333333
Walker2d-v5,foot_left_damping,0.5,tvc500,0.2583333333333333,1047.4638961760502,0.9333333333333333
Walker2d-v5,foot_left_damping,0.5,tvc500,0.26666666666666666,1081.2530541172132,0.9333333333333333
Walker2d-v5,foot_left_damping,0.5,tvc500,0.275,1115.0422120583762,0.9333333333333333
Walker2d-v5,foot_left_damping,0.5,tvc500,0.2833333333333333,1148.831369999539,0.9333333333333333
Walker2d-v5,foot_left_damping,0.5,tvc500,0.2916666666666667,1182.620527940702,0.9333333333333333
Walker2d-v5,foot_left_damping,0.5,tvc500,0.3,1216.4096858818648,0.9333333333333333
Walker2d-v5,foot_left_damping,0.5,tvc500,0.30833333333333335,1250.1988438230278,0.9333333333333333
Walker2d-v5,foot_left_damping,0.5,tvc500,0.31666666666666665,1283.9880017641906,0.9333333333333333
Walker2d-v5,foot_left_damping,0.5,tvc500,0.325,1317.7771597053536,0.9333333333333333
Walker2d-v5,foot_left_damping,0.5,tvc500,0.3333333333333333,1351.5663176465164,0.9333333333333333
Walker2d-v5,foot_left_damping,0.5,tvc500,0.3416666666666667,1385.3554755876794,0.9333333333333333
Walker2d-v5,foot_left_damping,0.5,tvc500,0.35,1419.1446335288422,0.9333333333333333
Walker2d-v5,foot_left_damping,0.5,tvc500,0.35833333333333334,1452.9337914700052,0.9333333333333333
Walker2d-v5,foot_left_damping,0.5,tvc500,0.36666666666666664,1486.722949411168,0.9333333333333333
Walker2d-v5,foot_left_damping,0.5,tvc500,0.375,1520.512107352331,0.9333333333333333
Walker2d-v5,foot_left_damping,0.5,tvc500,0.3833333333333333,1554.301265293494,0.9333333333333333
Walker2d-v5,foot_left_damping,0.5,tvc500,0.39166666666666666,1588.090423234657,0.9333333333333333
Walker2d-v5,foot_left_damping,0.5,tvc500,0.4,1621.87958117582,0.9333333333333333
Walker2d-v5,foot_left_damping,0.5,tvc500,0.4083333333333333,1655.6687391169828,0.9333333333333333
Walker2d-v5,foot_left_damping,0.5,tvc500,0.4166666666666667,1689.4578970581458,0.9333333333333333
Walker2d-v5,foot_left_damping,0.5,tvc500,0.425,1723.2470549993086,0.9333333333333333
Walker2d-v5,foot_left_damping,0.5,tvc500,0.43333333333333335,1757.0362129404716,0.9333333333333333
Walker2d-v5,foot_left_damping,0.5,tvc500,0.44166666666666665,1790.8253708816344,0.9333333333333333
Walker2d-v5,foot_left_damping,0.5,tvc500,0.45,1824.6145288227974,0.9333333333333333
Walker2d-v5,foot_left_damping,0.5,tvc500,0.4583333333333333,1858.4036867639602,0.9333333333333333
Walker2d-v5,foot_left_damping,0.5,tvc500,0.4666666666666667,1892.1928447051232,0.9333333333333333
Walker2d-v5,foot_left_damping,0.5,tvc500,0.475,1925.982002646286,0.9333333333333333
Walker2d-v5,foot_left_damping,0.5,tvc500,0.48333333333333334,1959.771160587449,0.9333333333333333
Walker2d-v5,foot_left_damping,0.5,tvc500,0.49166666666666664,1993.5603185286118,0.9333333333333333
Walker2d-v5,foot_left_damping,0.5,tvc500,0.5,2027.3494764697748,0.9333333333333333
Walker2d-v5,foot_left_damping,0.5,tvc500,0.5083333333333333,2061.138634410938,0.9333333333333333
Walker2d-v5,foot_left_damping,0.5,tvc500,0.5166666666666666,2094.9277923521004,0.9333333333333333
Walker2d-v5,foot_left_damping,0.5,tvc500,0.525,2128.716950293264,0.9333333333333333
Walker2d-v5,foot_left_damping,0.5,tvc500,0.5333333333333333,2162.5061082344264,0.9333333333333333
Walker2d-v5,foot_left_damping,0.5,tvc500,0.5416666666666666,2196.2952661755894,0.9333333333333333
Walker2d-v5,foot_left_damping,0.5,tvc500,0.55,2230.0844241167524,0.9333333333333333
Walker2d-v5,foot_left_damping,0.5,tvc500,0.5583333333333333,2263.8735820579154,0.9333333333333333
Walker2d-v5,foot_left_damping,0.5,tvc500,0.5666666666666667,2297.662739999078,0.9333333333333333
Walker2d-v5,foot_left_damping,0.5,tvc500,0.575,2331.451897940241,0.9333333333333333
Walker2d-v5,foot_left_damping,0.5,tvc500,0.5833333333333334,2365.241055881404,0.9333333333333333
Walker2d-v5,foot_left_damping,0.5,tvc500,0.5916666666666667,2399.030213822567,0.9333333333333333
Walker2d-v5,foot_left_damping,0.5,tvc500,0.6,2432.8193717637296,0.9333333333333333
Walker2d-v5,foot_left_damping,0.5,tvc500,0.6083333333333333,2466.6085297048926,0.9333333333333333
Walker2d-v5,foot_left_damping,0.5,tvc500,0.6166666666666667,2500.3976876460556,0.9333333333333333
Walker2d-v5,foot_left_damping,0.5,tvc500,0.625,2534.1868455872186,0.9333333333333333
Walker2d-v5,foot_left_damping,0.5,tvc500,0.6333333333333333,2567.976003528381,0.9333333333333333
Walker2d-v5,foot_left_damping,0.5,tvc500,0.6416666666666666,2601.765161469544,0.9333333333333333
Walker2d-v5,foot_left_damping,0.5,tvc500,0.65,2635.554319410707,0.9333333333333333
Walker2d-v5,foot_left_damping,0.5,tvc500,0.6583333333333333,2669.34347735187,0.9333333333333333
Walker2d-v5,foot_left_damping,0.5,tvc500,0.6666666666666666,2703.1326352930328,0.9333333333333333
Walker2d-v5,foot_left_damping,0.5,tvc500,0.675,2736.9217932341962,0.9333333333333333
Walker2d-v5,foot_left_damping,0.5,tvc500,0.6833333333333333,2770.710951175359,0.9333333333333333
Walker2d-v5,foot_left_damping,0.5,tvc500,0.6916666666666667,2804.500109116522,0.9333333333333333
Walker2d-v5,foot_left_damping,0.5,tvc500,0.7,2838.2892670576844,0.9333333333333333
Walker2d-v5,foot_left_damping,0.5,tvc500,0.7083333333333334,2872.078424998848,0.9333333333333333
Walker2d-v5,foot_left_damping,0.5,tvc500,0.7166666666666667,2905.8675829400104,0.9
Walker2d-v5,foot_left_damping,0.5,tvc500,0.725,2939.6567408811734,0.9
Walker2d-v5,foot_left_damping,0.5,tvc500,0.7333333333333333,2973.445898822336,0.9
Walker2d-v5,foot_left_damping,0.5,tvc500,0.7416666666666667,3007.2350567634994,0.8666666666666667
Walker2d-v5,foot_left_damping,0.5,tvc500,0.75,3041.024214704662,0.8666666666666667
Walker2d-v5,foot_left_damping,0.5,tvc500,0.7583333333333333,3074.813372645825,0.8666666666666667
Walker2d-v5,foot_left_damping,0.5,tvc500,0.7666666666666666,3108.602530586988,0.8666666666666667
Walker2d-v5,foot_left_damping,0.5,tvc500,0.775,3142.391688528151,0.8666666666666667
Walker2d-v5,foot_left_damping,0.5,tvc500,0.7833333333333333,3176.180846469314,0.8666666666666667
Walker2d-v5,foot_left_damping,0.5,tvc500,0.7916666666666666,3209.9700044104766,0.8666666666666667
Walker2d-v5,foot_left_damping,0.5,tvc500,0.8,3243.75916235164,0.8666666666666667
Walker2d-v5,foot_left_damping,0.5,tvc500,0.8083333333333333,3277.5483202928026,0.8333333333333334
Walker2d-v5,foot_left_damping,0.5,tvc500,0.8166666666666667,3311.3374782339656,0.8333333333333334
Walker2d-v5,foot_left_damping,0.5,tvc500,0.825,3345.126636175128,0.8333333333333334
Walker2d-v5,foot_left_damping,0.5,tvc500,0.8333333333333334,3378.9157941162916,0.8333333333333334
Walker2d-v5,foot_left_damping,0.5,tvc500,0.8416666666666667,3412.704952057454,0.8333333333333334
Walker2d-v5,foot_left_damping,0.5,tvc500,0.85,3446.494109998617,0.8333333333333334
Walker2d-v5,foot_left_damping,0.5,tvc500,0.8583333333333333,3480.2832679397798,0.8
Walker2d-v5,foot_left_damping,0.5,tvc500,0.8666666666666667,3514.0724258809432,0.8
Walker2d-v5,foot_left_damping,0.5,tvc500,0.875,3547.861583822106,0.7333333333333333
Walker2d-v5,foot_left_damping,0.5,tvc500,0.8833333333333333,3581.650741763269,0.7333333333333333
Walker2d-v5,foot_left_damping,0.5,tvc500,0.8916666666666666,3615.4398997044314,0.7333333333333333
Walker2d-v5,foot_left_damping,0.5,tvc500,0.9,3649.229057645595,0.7333333333333333
Walker2d-v5,foot_left_damping,0.5,tvc500,0.9083333333333333,3683.0182155867574,0.6666666666666666
Walker2d-v5,foot_left_damping,0.5,tvc500,0.9166666666666666,3716.8073735279204,0.6666666666666666
Walker2d-v5,foot_left_damping,0.5,tvc500,0.9249999999999999,3750.596531469083,0.6
Walker2d-v5,foot_left_damping,0.5,tvc500,0.9333333333333333,3784.3856894102464,0.5666666666666667
Walker2d-v5,foot_left_damping,0.5,tvc500,0.9416666666666667,3818.174847351409,0.5666666666666667
Walker2d-v5,foot_left_damping,0.5,tvc500,0.95,3851.964005292572,0.5666666666666667
Walker2d-v5,foot_left_damping,0.5,tvc500,0.9583333333333334,3885.753163233735,0.5
Walker2d-v5,foot_left_damping,0.5,tvc500,0.9666666666666667,3919.542321174898,0.5
Walker2d-v5,foot_left_damping,0.5,tvc500,0.975,3953.3314791160606,0.4666666666666667
Walker2d-v5,foot_left_damping,0.5,tvc500,0.9833333333333333,3987.1206370572236,0.4
Walker2d-v5,foot_left_damping,0.5,tvc500,0.9916666666666667,4020.9097949983866,0.36666666666666664
Walker2d-v5,foot_left_damping,0.5,tvc500,1.0,4054.6989529395496,0.3333333333333333
Walker2d-v5,foot_left_damping,0.5,tvc500,1.0083333333333333,4088.4881108807126,0.3
Walker2d-v5,foot_left_damping,0.5,tvc500,1.0166666666666666,4122.277268821876,0.26666666666666666
Walker2d-v5,foot_left_damping,0.5,tvc500,1.025,4156.066426763038,0.26666666666666666
Walker2d-v5,foot_left_damping,0.5,tvc500,1.0333333333333332,4189.855584704201,0.16666666666666666
Walker2d-v5,foot_left_damping,0.5,tvc500,1.0416666666666667,4223.644742645364,0.16666666666666666
Walker2d-v5,foot_left_damping,0.5,tvc500,1.05,4257.433900586528,0.16666666666666666
Walker2d-v5,foot_left_damping,0.5,tvc500,1.0583333333333333,4291.22305852769,0.13333333333333333
Walker2d-v5,foot_left_damping,0.5,tvc500,1.0666666666666667,4325.012216468853,0.1
Walker2d-v5,foot_left_damping,0.5,tvc500,1.075,4358.801374410015,0.1
Walker2d-v5,foot_left_damping,0.5,tvc500,1.0833333333333333,4392.590532351179,0.1
Walker2d-v5,foot_left_damping,0.5,tvc500,1.0916666666666666,4426.379690292341,0.1
Walker2d-v5,foot_left_damping,0.5,tvc500,1.1,4460.168848233505,0.1
Walker2d-v5,foot_left_damping,0.5,tvc500,1.1083333333333334,4493.958006174667,0.1
Walker2d-v5,foot_left_damping,0.5,tvc500,1.1166666666666667,4527.747164115831,0.1
Walker2d-v5,foot_left_damping,0.5,tvc500,1.125,4561.536322056993,0.1
Walker2d-v5,foot_left_damping,0.5,tvc500,1.1333333333333333,4595.325479998156,0.1
Walker2d-v5,foot_left_damping,0.5,tvc500,1.1416666666666666,4629.1146379393185,0.06666666666666667
Walker2d-v5,foot_left_damping,0.5,tvc500,1.15,4662.903795880482,0.06666666666666667
Walker2d-v5,foot_left_damping,0.5,tvc500,1.1583333333333332,4696.692953821645,0.06666666666666667
Walker2d-v5,foot_left_damping,0.5,tvc500,1.1666666666666667,4730.482111762808,0.06666666666666667
Walker2d-v5,foot_left_damping,0.5,tvc500,1.175,4764.271269703971,0.03333333333333333
Walker2d-v5,foot_left_damping,0.5,tvc500,1.1833333333333333,4798.060427645134,0.0
Walker2d-v5,foot_left_damping,0.5,tvc500,1.1916666666666667,4831.849585586297,0.0
Walker2d-v5,foot_left_damping,0.5,tvc500,1.2,4865.638743527459,0.0
Walker2d-v5,foot_left_damping,0.5,tvc500,1.2083333333333333,4899.427901468622,0.0
Walker2d-v5,foot_left_damping,0.5,tvc500,1.2166666666666666,4933.217059409785,0.0
Walker2d-v5,foot_left_damping,0.5,tvc500,1.225,4967.006217350949,0.0
Walker2d-v5,foot_left_damping,0.5,tvc500,1.2333333333333334,5000.795375292111,0.0
Walker2d-v5,foot_left_damping,0.5,tvc500,1.2416666666666667,5034.584533233274,0.0
Walker2d-v5,foot_left_damping,0.5,tvc500,1.25,5068.373691174437,0.0
