env_id,model_label,seed,axis,support_class,reliability_auc,catastrophe_prob_t0p5,cvar20
Walker2d-v5,vanilla,6,friction,out_of_support,0.5981081543554472,0.4,0.05049921446188128
Walker2d-v5,vanilla,7,friction,out_of_support,0.6105642207753975,0.4,0.05683574497006313
Walker2d-v5,vanilla,8,friction,out_of_support,0.5583159449234375,0.3333333333333333,0.05807313637622008
Walker2d-v5,vanilla,9,friction,out_of_support,0.6871794387210106,0.26666666666666666,0.07447258776662029
Walker2d-v5,vanilla,10,friction,out_of_support,0.7138078603573449,0.3333333333333333,0.060886601151969276
Walker2d-v5,vanilla,11,friction,out_of_support,0.6453245030851079,0.4,0.06927425425076382
Walker2d-v5,vanilla,12,friction,out_of_support,0.671228683534579,0.3333333333333333,0.06851048490469792
Walker2d-v5,vanilla,13,friction,out_of_support,0.7667158885587851,0.26666666666666666,0.13254340458656283
Walker2d-v5,vanilla,14,friction,out_of_support,0.6714512863863825,0.3333333333333333,0.05576512335361228
Walker2d-v5,vanilla,15,friction,out_of_support,0.64001943222107,0.3333333333333333,0.050114519409994264
Walker2d-v5,vanilla,16,friction,out_of_support,0.6143153718225793,0.4,0.052842218826544975
Walker2d-v5,vanilla,17,friction,out_of_support,0.7383591414113693,0.2,0.09399241517604401
Walker2d-v5,vanilla,18,friction,out_of_support,0.7073468227226003,0.26666666666666666,0.060985344495705286
Walker2d-v5,vanilla,19,friction,out_of_support,0.5851816884361646,0.4,0.05225890765621499
Walker2d-v5,vanilla,20,friction,out_of_support,0.7001877027472048,0.26666666666666666,0.052179811851144564
Walker2d-v5,vanilla,21,friction,out_of_support,0.7602679240342155,0.2,0.08965607849240538
Walker2d-v5,vanilla,22,friction,out_of_support,0.6495939639897041,0.26666666666666666,0.06560615822303095
Walker2d-v5,vanilla,23,friction,out_of_support,0.7716055838145944,0.13333333333333333,0.2183317899291922
Walker2d-v5,vanilla,24,friction,out_of_support,0.6291286468990892,0.2,0.05515389856842621
Walker2d-v5,vanilla,25,friction,out_of_support,0.7613611789067851,0.2,0.09062396528615778
Walker2d-v5,vanilla,26,friction,out_of_support,0.6139521088282807,0.4,0.05368162520664055
Walker2d-v5,vanilla,27,friction,out_of_support,0.6015971860916409,0.4,0.07013028254273503
Walker2d-v5,vanilla,28,friction,out_of_support,0.7558770737784094,0.26666666666666666,0.07124452200917453
Walker2d-v5,vanilla,29,friction,out_of_support,0.783132478150513,0.2,0.07069039929965171
Walker2d-v5,vanilla,30,friction,out_of_support,0.5677208866586255,0.4666666666666667,0.053832162029658376
Walker2d-v5,vanilla,31,friction,out_of_support,0.595204041567303,0.4,0.06715946644191095
Walker2d-v5,vanilla,32,friction,out_of_support,0.6820946440429682,0.3333333333333333,0.05297187403364303
Walker2d-v5,vanilla,33,friction,out_of_support,0.6910053962300434,0.26666666666666666,0.05367335610302095
Walker2d-v5,vanilla,34,friction,out_of_support,0.7813053620474385,0.2,0.08976359582458086
Walker2d-v5,vanilla,35,friction,out_of_support,0.7507506829918881,0.26666666666666666,0.0933380443439842
Walker2d-v5,vanilla,16,actuator_gain,direct_support,0.4527744562183209,0.5333333333333333,0.009560887498164146
Walker2d-v5,vanilla,17,actuator_gain,direct_support,0.44314977487905544,0.5333333333333333,0.009541220495765055
Walker2d-v5,vanilla,18,actuator_gain,direct_support,0.4770524526809769,0.5333333333333333,0.010361457505667073
Walker2d-v5,vanilla,19,actuator_gain,direct_support,0.37344731335403397,0.6,0.0019595396284139803
Walker2d-v5,vanilla,20,actuator_gain,direct_support,0.39518606078902085,0.6,0.0013594841216019102
Walker2d-v5,vanilla,21,actuator_gain,direct_support,0.4997842945832612,0.5333333333333333,0.030577136801063314
Walker2d-v5,vanilla,22,actuator_gain,direct_support,0.46976837853519443,0.5333333333333333,0.02534281412230842
Walker2d-v5,vanilla,23,actuator_gain,direct_support,0.46670055763246693,0.5333333333333333,0.015386476877947012
Walker2d-v5,vanilla,24,actuator_gain,direct_support,0.31700604772224883,0.7333333333333333,0.0015478275023980126
Walker2d-v5,vanilla,25,actuator_gain,direct_support,0.43448374818567687,0.5333333333333333,0.0005701436196514781
Walker2d-v5,vanilla,26,actuator_gain,direct_support,0.4442309482343719,0.5333333333333333,0.000814231896405181
Walker2d-v5,vanilla,27,actuator_gain,direct_support,0.36044189811676897,0.6666666666666666,0.010822236581006598
Walker2d-v5,vanilla,28,actuator_gain,direct_support,0.5340792912683937,0.4666666666666667,0.031002375426756056
Walker2d-v5,vanilla,29,actuator_gain,direct_support,0.4212818172709092,0.6,0.0016143917020463132
Walker2d-v5,vanilla,30,actuator_gain,direct_support,0.32206362365915403,0.7333333333333333,0.03018558460155388
Walker2d-v5,vanilla,31,actuator_gain,direct_support,0.36158604432380853,0.6,0.0013132950695020126
Walker2d-v5,vanilla,32,actuator_gain,direct_support,0.46356518240827194,0.5333333333333333,0.0003372931886173549
Walker2d-v5,vanilla,33,actuator_gain,direct_support,0.3987651987744744,0.5333333333333333,0.008252856720355915
Walker2d-v5,vanilla,34,actuator_gain,direct_support,0.44755709669493376,0.5333333333333333,0.008558421546457994
Walker2d-v5,vanilla,35,actuator_gain,direct_support,0.4452545402924865,0.5333333333333333,0.009605123931568765
Walker2d-v5,vanilla,6,actuator_gain,direct_support,0.3554552022897376,0.6666666666666666,0.0012020815208513642
Walker2d-v5,vanilla,7,actuator_gain,direct_support,0.3544724314380458,0.6666666666666666,0.05428845634696982
Walker2d-v5,vanilla,8,actuator_gain,direct_support,0.304947546654574,0.6666666666666666,0.001285351325305888
Walker2d-v5,vanilla,9,actuator_gain,direct_support,0.3892392618578974,0.6,0.020833010699074273
Walker2d-v5,vanilla,10,actuator_gain,direct_support,0.4581858349478166,0.5333333333333333,0.0013749043153320304
Walker2d-v5,vanilla,11,actuator_gain,direct_support,0.450185734303889,0.6,0.00899074880509054
Walker2d-v5,vanilla,12,actuator_gain,direct_support,0.41028228665077926,0.6,0.05449302940229411
Walker2d-v5,vanilla,13,actuator_gain,direct_support,0.4978172620688348,0.5333333333333333,0.009785827575325833
Walker2d-v5,vanilla,14,actuator_gain,direct_support,0.1900158154802367,0.8666666666666667,0.0098413820162128
Walker2d-v5,vanilla,15,actuator_gain,direct_support,0.44016957255276423,0.6,0.030609042330601858
Walker2d-v5,klprho0,16,foot_left_friction,out_of_support,1.0,0.0,1.1378069519686471
Walker2d-v5,klprho0,17,foot_left_friction,out_of_support,0.982545046656757,0.0,0.9127252332837852
Walker2d-v5,klprho0,18,foot_left_friction,out_of_support,0.9813465544539093,0.0,0.9164049069438037
Walker2d-v5,klprho0,19,foot_left_friction,out_of_support,0.7921331091265,0.2,0.22980736736561672
Walker2d-v5,klprho0,20,foot_left_friction,out_of_support,0.9405821114124794,0.06666666666666667,0.7029105570623962
Walker2d-v5,klprho0,21,foot_left_friction,out_of_support,1.0,0.0,1.2440412188646677
Walker2d-v5,klprho0,22,foot_left_friction,out_of_support,1.0,0.0,1.1836226085791801
Walker2d-v5,klprho0,23,foot_left_friction,out_of_support,0.8312435717742653,0.2,0.23485840562050475
Walker2d-v5,klprho0,24,foot_left_friction,out_of_support,0.8178132730132358,0.06666666666666667,0.5529207234294986
Walker2d-v5,klprho0,25,foot_left_friction,out_of_support,0.802618479684872,0.06666666666666667,0.6270305458654147
Walker2d-v5,klprho0,26,foot_left_friction,out_of_support,0.9513599492610022,0.0,0.79733072782555
Walker2d-v5,klprho0,27,foot_left_friction,out_of_support,0.8157723557867383,0.13333333333333333,0.30227844229937273
Walker2d-v5,klprho0,28,foot_left_friction,out_of_support,0.9550544808383389,0.0,0.8023197925924791
Walker2d-v5,klprho0,29,foot_left_friction,out_of_support,1.0,0.0,1.0379121012103372
Walker2d-v5,klprho0,30,foot_left_friction,out_of_support,0.9754138468376864,0.0,0.8790770397970241
Walker2d-v5,klprho0,31,foot_left_friction,out_of_support,0.9610628568449896,0.0,0.9562945141343646
Walker2d-v5,klprho0,32,foot_left_friction,out_of_support,0.9681671323974608,0.0,0.8408356619873031
Walker2d-v5,klprho0,33,foot_left_friction,out_of_support,0.8331755728722103,0.06666666666666667,0.5381873658761358
Walker2d-v5,klprho0,34,foot_left_friction,out_of_support,0.7540096650896054,0.2,0.14384889224862715
Walker2d-v5,klprho0,35,foot_left_friction,out_of_support,1.0,0.0,1.061045659450382
Walker2d-v5,klprho0,6,foot_left_friction,out_of_support,0.9486853645117989,0.06666666666666667,0.7697682747986502
Walker2d-v5,klprho0,7,foot_left_friction,out_of_support,0.9268522651687195,0.06666666666666667,0.6406600099180263
Walker2d-v5,klprho0,8,foot_left_friction,out_of_support,0.999374545424575,0.0,1.067881722100612
Walker2d-v5,klprho0,9,foot_left_friction,out_of_support,0.9040046602606683,0.06666666666666667,0.670647962920026
Walker2d-v5,klprho0,10,foot_left_friction,out_of_support,0.688281333220111,0.26666666666666666,0.2366398993611878
Walker2d-v5,klprho0,11,foot_left_friction,out_of_support,0.913949942224246,0.06666666666666667,0.6485105790669224
Walker2d-v5,klprho0,12,foot_left_friction,out_of_support,1.0,0.0,1.2174350372543763
Walker2d-v5,klprho0,13,foot_left_friction,out_of_support,0.9660210795900295,0.0,0.8383710727189501
Walker2d-v5,klprho0,14,foot_left_friction,out_of_support,1.0,0.0,1.1511748665133235
Walker2d-v5,klprho0,15,foot_left_friction,out_of_support,0.9810049955411,0.0,0.9882944030332638
Walker2d-v5,klprho0,6,leg_left_actuator_gain,related_physics,0.88824530937278,0.06666666666666667,0.5238721746501916
Walker2d-v5,klprho0,7,leg_left_actuator_gain,related_physics,0.875837956295462,0.13333333333333333,0.38397271095004487
Walker2d-v5,klprho0,8,leg_left_actuator_gain,related_physics,0.9445145847649321,0.06666666666666667,0.7225729238246611
Walker2d-v5,klprho0,9,leg_left_actuator_gain,related_physics,0.8898934751345257,0.06666666666666667,0.5612882392354872
Walker2d-v5,klprho0,10,leg_left_actuator_gain,related_physics,0.5161059968249923,0.3333333333333333,0.27990662980519404
Walker2d-v5,klprho0,11,leg_left_actuator_gain,related_physics,0.7788634499685269,0.2,0.05002365524003149
Walker2d-v5,klprho0,12,leg_left_actuator_gain,related_physics,0.9142164586500733,0.06666666666666667,0.5991455523896696
Walker2d-v5,klprho0,13,leg_left_actuator_gain,related_physics,0.8107719998823671,0.2,0.3538029926391791
Walker2d-v5,klprho0,14,leg_left_actuator_gain,related_physics,0.9780160851859923,0.0,0.9005930856781023
Walker2d-v5,klprho0,15,leg_left_actuator_gain,related_physics,0.8553321231917441,0.13333333333333333,0.30741897311145705
Walker2d-v5,klprho0,16,leg_left_actuator_gain,related_physics,0.9529651623749404,0.0,0.7648258118747023
Walker2d-v5,klprho0,17,leg_left_actuator_gain,related_physics,0.8753844670954944,0.06666666666666667,0.5605142789247205
Walker2d-v5,klprho0,18,leg_left_actuator_gain,related_physics,0.9835021812815273,0.0,0.9249090437607349
Walker2d-v5,klprho0,19,leg_left_actuator_gain,related_physics,0.852224956529651,0.13333333333333333,0.4369198646487679
Walker2d-v5,klprho0,20,leg_left_actuator_gain,related_physics,0.7588201303731333,0.3333333333333333,0.2815757716027764
Walker2d-v5,klprho0,21,leg_left_actuator_gain,related_physics,0.8523415025078606,0.2,0.26869647638027316
Walker2d-v5,klprho0,22,leg_left_actuator_gain,related_physics,0.8658736537501891,0.13333333333333333,0.3929949424712138
Walker2d-v5,klprho0,23,leg_left_actuator_gain,related_physics,0.8440872434480209,0.13333333333333333,0.3931602490816859
Walker2d-v5,klprho0,24,leg_left_actuator_gain,related_physics,0.7718064368849863,0.13333333333333333,0.3799717677433958
Walker2d-v5,klprho0,25,leg_left_actuator_gain,related_physics,0.8176105839683478,0.13333333333333333,0.46800305742862475
Walker2d-v5,klprho0,26,leg_left_actuator_gain,related_physics,0.8734654657601232,0.06666666666666667,0.6187762959349262
Walker2d-v5,klprho0,27,leg_left_actuator_gain,related_physics,0.8497067299696373,0.13333333333333333,0.3745298423962071
Walker2d-v5,klprho0,28,leg_left_actuator_gain,related_physics,0.8902790951177455,0.06666666666666667,0.5392639849542645
Walker2d-v5,klprho0,29,leg_left_actuator_gain,related_physics,0.9223507781198605,0.06666666666666667,0.6123653941394999
Walker2d-v5,klprho0,30,leg_left_actuator_gain,related_physics,0.8988571693487601,0.0,0.621095254981872
Walker2d-v5,klprho0,31,leg_left_actuator_gain,related_physics,0.8257533298118709,0.13333333333333333,0.3589598175699904
Walker2d-v5,klprho0,32,leg_left_actuator_gain,related_physics,0.7866033793917708,0.26666666666666666,0.17258715100695157
Walker2d-v5,klprho0,33,leg_left_actuator_gain,related_physics,0.8470487732131633,0.2,0.29845904149150904
Walker2d-v5,klprho0,34,leg_left_actuator_gain,related_physics,0.6601032971559946,0.26666666666666666,0.1335879842932685
Walker2d-v5,klprho0,35,leg_left_actuator_gain,related_physics,0.7066570362975831,0.3333333333333333,0.06644373048885459
Walker2d-v5,klprho0,6,leg_left_damping,out_of_support,1.0,0.0,1.0835987792822506
Walker2d-v5,klprho0,7,leg_left_damping,out_of_support,1.0,0.0,1.0940692446443112
Walker2d-v5,klprho0,8,leg_left_damping,out_of_support,1.0,0.0,1.139384664879251
Walker2d-v5,klprho0,9,leg_left_damping,out_of_support,0.9777949391183179,0.0,0.9771686325370665
Walker2d-v5,klprho0,10,leg_left_damping,out_of_support,0.5718860429163606,0.06666666666666667,0.5064673387099948
Walker2d-v5,klprho0,11,leg_left_damping,out_of_support,0.9994833315942634,0.0,0.9979673719770566
Walker2d-v5,klprho0,12,leg_left_damping,out_of_support,1.0,0.0,1.37094312322283
Walker2d-v5,klprho0,13,leg_left_damping,out_of_support,0.9884862404312987,0.0,0.9512092718204053
Walker2d-v5,klprho0,14,leg_left_damping,out_of_support,1.0,0.0,1.1411267099909521
Walker2d-v5,klprho0,15,leg_left_damping,out_of_support,1.0,0.0,1.2057586933674036
Walker2d-v5,klprho0,16,leg_left_damping,out_of_support,1.0,0.0,1.1414334458284905
Walker2d-v5,klprho0,17,leg_left_damping,out_of_support,0.9928673587462638,0.0,0.9643367937313188
Walker2d-v5,klprho0,18,leg_left_damping,out_of_support,1.0,0.0,1.0378235010332209
Walker2d-v5,klprho0,19,leg_left_damping,out_of_support,0.9594176579733366,0.0,0.9547843560825865
Walker2d-v5,klprho0,20,leg_left_damping,out_of_support,0.9958951054116129,0.0,0.9827283001441708
Walker2d-v5,klprho0,21,leg_left_damping,out_of_support,1.0,0.0,1.368916854900964
Walker2d-v5,klprho0,22,leg_left_damping,out_of_support,1.0,0.0,1.2588610160981324
Walker2d-v5,klprho0,23,leg_left_damping,out_of_support,1.0,0.0,1.0060625985730607
Walker2d-v5,klprho0,24,leg_left_damping,out_of_support,0.8787478338574974,0.0,0.8773466638723287
Walker2d-v5,klprho0,25,leg_left_damping,out_of_support,0.8969909436105404,0.0,0.8541558372175563
Walker2d-v5,klprho0,26,leg_left_damping,out_of_support,0.9910174927966309,0.0,0.9661847124455291
Walker2d-v5,klprho0,27,leg_left_damping,out_of_support,0.970499758881441,0.0,0.9692292217746786
Walker2d-v5,klprho0,28,leg_left_damping,out_of_support,0.9933494635998577,0.0,0.9667473179992884
Walker2d-v5,klprho0,29,leg_left_damping,out_of_support,1.0,0.0,1.0629344364940245
Walker2d-v5,klprho0,30,leg_left_damping,out_of_support,1.0,0.0,1.0139050839881305
Walker2d-v5,klprho0,31,leg_left_damping,out_of_support,0.9501859767627777,0.0,0.9366413127542508
Walker2d-v5,klprho0,32,leg_left_damping,out_of_support,1.0,0.0,1.0660887679384596
Walker2d-v5,klprho0,33,leg_left_damping,out_of_support,0.9861099728056266,0.0,0.9466979117561681
Walker2d-v5,klprho0,34,leg_left_damping,out_of_support,0.928861148064984,0.0,0.9277511791586196
Walker2d-v5,klprho0,35,leg_left_damping,out_of_support,1.0,0.0,1.2577904918992113
Walker2d-v5,klprho0,6,thigh_left_actuator_gain,related_physics,0.8266408514201714,0.2,0.22025267242008414
Walker2d-v5,klprho0,7,thigh_left_actuator_gain,related_physics,0.7120516396118597,0.2,0.23278841157824504
Walker2d-v5,klprho0,8,thigh_left_actuator_gain,related_physics,0.900491208154893,0.13333333333333333,0.5064636080568717
Walker2d-v5,klprho0,9,thigh_left_actuator_gain,related_physics,0.8634404453476103,0.06666666666666667,0.4997624918247315
Walker2d-v5,klprho0,10,thigh_left_actuator_gain,related_physics,0.4371902956881219,0.6666666666666666,0.31112276587476245
Walker2d-v5,klprho0,11,thigh_left_actuator_gain,related_physics,0.6698426098331699,0.4,0.08505201610482933
Walker2d-v5,klprho0,12,thigh_left_actuator_gain,related_physics,0.7359919931161704,0.3333333333333333,0.1638997259175384
Walker2d-v5,klprho0,13,thigh_left_actuator_gain,related_physics,0.6647722396360775,0.3333333333333333,0.14598575209470263
Walker2d-v5,klprho0,14,thigh_left_actuator_gain,related_physics,0.9205919220912211,0.0,0.651201339685962
Walker2d-v5,klprho0,15,thigh_left_actuator_gain,related_physics,0.687433224945435,0.3333333333333333,0.12941941897113904
Walker2d-v5,klprho0,16,thigh_left_actuator_gain,related_physics,0.705232994419796,0.3333333333333333,0.09048446751242306
Walker2d-v5,klprho0,17,thigh_left_actuator_gain,related_physics,0.8080863518887559,0.2,0.2478955993642615
Walker2d-v5,klprho0,18,thigh_left_actuator_gain,related_physics,0.7228207875385396,0.3333333333333333,0.1290313156033128
Walker2d-v5,klprho0,19,thigh_left_actuator_gain,related_physics,0.7328762458764522,0.26666666666666666,0.16507345189108966
Walker2d-v5,klprho0,20,thigh_left_actuator_gain,related_physics,0.8004472945830071,0.13333333333333333,0.32552347524123576
Walker2d-v5,klprho0,21,thigh_left_actuator_gain,related_physics,0.7112966653220512,0.3333333333333333,0.08826408034788351
Walker2d-v5,klprho0,22,thigh_left_actuator_gain,related_physics,0.7914278211022352,0.2,0.16418455942097876
Walker2d-v5,klprho0,23,thigh_left_actuator_gain,related_physics,0.711039814264965,0.3333333333333333,0.13780663058027906
Walker2d-v5,klprho0,24,thigh_left_actuator_gain,related_physics,0.6740613427752636,0.26666666666666666,0.06750957978233162
Walker2d-v5,klprho0,25,thigh_left_actuator_gain,related_physics,0.7245200845287569,0.13333333333333333,0.23562252177847212
Walker2d-v5,klprho0,26,thigh_left_actuator_gain,related_physics,0.6774220966646867,0.26666666666666666,0.10886634146005325
Walker2d-v5,klprho0,27,thigh_left_actuator_gain,related_physics,0.7808240829085338,0.2,0.20126931821603788
Walker2d-v5,klprho0,28,thigh_left_actuator_gain,related_physics,0.7002937242069532,0.26666666666666666,0.038495827454109004
Walker2d-v5,klprho0,29,thigh_left_actuator_gain,related_physics,0.976480477517966,0.0,0.901891013783325
Walker2d-v5,klprho0,30,thigh_left_actuator_gain,related_physics,0.7982570999050783,0.2,0.23001540070124746
Walker2d-v5,klprho0,31,thigh_left_actuator_gain,related_physics,0.7590617760636501,0.26666666666666666,0.32617144799432546
Walker2d-v5,klprho0,32,thigh_left_actuator_gain,related_physics,0.6969442670087184,0.3333333333333333,0.1119526575108253
Walker2d-v5,klprho0,33,thigh_left_actuator_gain,related_physics,0.7006995594314748,0.3333333333333333,0.1763908127328145
Walker2d-v5,klprho0,34,thigh_left_actuator_gain,related_physics,0.5573118783584836,0.4,0.1118578433948743
Walker2d-v5,klprho0,35,thigh_left_actuator_gain,related_physics,0.7596443707642255,0.26666666666666666,0.025511854160703566
Walker2d-v5,klprho0,6,thigh_left_damping,out_of_support,1.0,0.0,1.0685698004535291
Walker2d-v5,klprho0,7,thigh_left_damping,out_of_support,1.0,0.0,1.0976305631391925
Walker2d-v5,klprho0,8,thigh_left_damping,out_of_support,1.0,0.0,1.1392080258785955
Walker2d-v5,klprho0,9,thigh_left_damping,out_of_support,0.978573144059845,0.0,0.9769064927800711
Walker2d-v5,klprho0,10,thigh_left_damping,out_of_support,0.572278245934402,0.06666666666666667,0.5072761183373174
Walker2d-v5,klprho0,11,thigh_left_damping,out_of_support,0.9874018055373326,0.0,0.9522264713463272
Walker2d-v5,klprho0,12,thigh_left_damping,out_of_support,1.0,0.0,1.3685648685735927
Walker2d-v5,klprho0,13,thigh_left_damping,out_of_support,0.9922580436668323,0.0,0.9720925778552912
Walker2d-v5,klprho0,14,thigh_left_damping,out_of_support,1.0,0.0,1.1406415088510593
Walker2d-v5,klprho0,15,thigh_left_damping,out_of_support,1.0,0.0,1.2059441358477783
Walker2d-v5,klprho0,16,thigh_left_damping,out_of_support,1.0,0.0,1.1450205123051858
Walker2d-v5,klprho0,17,thigh_left_damping,out_of_support,0.9967940304051573,0.0,0.9839701520257867
Walker2d-v5,klprho0,18,thigh_left_damping,out_of_support,1.0,0.0,1.039302335971246
Walker2d-v5,klprho0,19,thigh_left_damping,out_of_support,0.9564059048243347,0.0,0.9531336383170782
Walker2d-v5,klprho0,20,thigh_left_damping,out_of_support,0.9996488282766732,0.0,1.0086356134365768
Walker2d-v5,klprho0,21,thigh_left_damping,out_of_support,1.0,0.0,1.3637125535309167
Walker2d-v5,klprho0,22,thigh_left_damping,out_of_support,1.0,0.0,1.2565476319962545
Walker2d-v5,klprho0,23,thigh_left_damping,out_of_support,1.0,0.0,1.0075101711179748
Walker2d-v5,klprho0,24,thigh_left_damping,out_of_support,0.8783023179591908,0.0,0.8764672215944566
Walker2d-v5,klprho0,25,thigh_left_damping,out_of_support,0.9193593285578289,0.0,0.8880471510006593
Walker2d-v5,klprho0,26,thigh_left_damping,out_of_support,0.9958698549426668,0.0,0.9793492747133338
Walker2d-v5,klprho0,27,thigh_left_damping,out_of_support,0.9709338583489713,0.0,0.9700202516220027
Walker2d-v5,klprho0,28,thigh_left_damping,out_of_support,0.997329220140793,0.0,0.9888717384062281
Walker2d-v5,klprho0,29,thigh_left_damping,out_of_support,1.0,0.0,1.0624063730823285
Walker2d-v5,klprho0,30,thigh_left_damping,out_of_support,1.0,0.0,1.0139178690397912
Walker2d-v5,klprho0,31,thigh_left_damping,out_of_support,0.9522656959297929,0.0,0.9492910304562209
Walker2d-v5,klprho0,32,thigh_left_damping,out_of_support,1.0,0.0,1.0517609128197114
Walker2d-v5,klprho0,33,thigh_left_damping,out_of_support,0.9956988464626579,0.0,0.9798132166357134
Walker2d-v5,klprho0,34,thigh_left_damping,out_of_support,0.9287655431160909,0.0,0.9276631061592213
Walker2d-v5,klprho0,35,thigh_left_damping,out_of_support,1.0,0.0,1.2872759693951599
Walker2d-v5,klprho0p05,6,foot_left_actuator_gain,related_physics,0.5208550103476414,0.4,0.06788386822435345
Walker2d-v5,klprho0p05,7,foot_left_actuator_gain,related_physics,0.035316844356669076,1.0,0.00741589740491708
Walker2d-v5,klprho0p05,8,foot_left_actuator_gain,related_physics,0.7783029957920452,0.2,0.13983277366448846
Walker2d-v5,klprho0p05,9,foot_left_actuator_gain,related_physics,0.4416772633684542,0.5333333333333333,0.09534694368604883
Walker2d-v5,klprho0p05,10,foot_left_actuator_gain,related_physics,0.5749705620095207,0.4666666666666667,0.08158531302049879
Walker2d-v5,klprho0p05,11,foot_left_actuator_gain,related_physics,0.47568723455131895,0.4666666666666667,0.056619608698138625
Walker2d-v5,klprho0p05,12,foot_left_actuator_gain,related_physics,0.8340361276146224,0.2,0.17018063807311212
Walker2d-v5,klprho0p05,13,foot_left_actuator_gain,related_physics,0.68494362630782,0.06666666666666667,0.4345631488864021
Walker2d-v5,klprho0p05,14,foot_left_actuator_gain,related_physics,0.4331430116033857,0.5333333333333333,0.05313185232907275
Walker2d-v5,klprho0p05,15,foot_left_actuator_gain,related_physics,0.5505227461077136,0.4666666666666667,0.10842113084375837
Walker2d-v5,klprho0p05,16,foot_left_actuator_gain,related_physics,0.7505663828112413,0.2,0.2685461504268729
Walker2d-v5,klprho0p05,17,foot_left_actuator_gain,related_physics,0.6511562647800065,0.4,0.07903550031012324
Walker2d-v5,klprho0p05,18,foot_left_actuator_gain,related_physics,0.9137523474159713,0.06666666666666667,0.6974455477765705
Walker2d-v5,klprho0p05,19,foot_left_actuator_gain,related_physics,0.2140019535139715,1.0,0.1237380825918214
Walker2d-v5,klprho0p05,20,foot_left_actuator_gain,related_physics,0.3252629095407825,1.0,0.16314587540462092
Walker2d-v5,klprho0p05,21,foot_left_actuator_gain,related_physics,0.43226921079138486,0.4666666666666667,0.12835713419564856
Walker2d-v5,klprho0p05,22,foot_left_actuator_gain,related_physics,0.5685338946811427,0.4666666666666667,0.055772601218005785
Walker2d-v5,klprho0p05,23,foot_left_actuator_gain,related_physics,0.6263424420430608,0.4,0.055696075917005095
Walker2d-v5,klprho0p05,24,foot_left_actuator_gain,related_physics,0.7740590499747958,0.13333333333333333,0.3089196652028302
Walker2d-v5,klprho0p05,25,foot_left_actuator_gain,related_physics,0.8590484888910114,0.13333333333333333,0.2952424444550568
Walker2d-v5,klprho0p05,26,foot_left_actuator_gain,related_physics,0.7396833681913445,0.3333333333333333,0.3132548417156793
Walker2d-v5,klprho0p05,27,foot_left_actuator_gain,related_physics,0.7084830144830805,0.26666666666666666,0.22084781245883864
Walker2d-v5,klprho0p05,28,foot_left_actuator_gain,related_physics,0.48366259855474775,0.5333333333333333,0.11683817214292846
Walker2d-v5,klprho0p05,29,foot_left_actuator_gain,related_physics,0.7142446466351744,0.13333333333333333,0.38253128723808055
Walker2d-v5,klprho0p05,30,foot_left_actuator_gain,related_physics,0.570657141403385,0.4666666666666667,0.11718581230130881
Walker2d-v5,klprho0p05,31,foot_left_actuator_gain,related_physics,0.5825478683389841,0.4666666666666667,0.06398446182034723
Walker2d-v5,klprho0p05,32,foot_left_actuator_gain,related_physics,0.9300026595850877,0.06666666666666667,0.7053356062618453
Walker2d-v5,klprho0p05,33,foot_left_actuator_gain,related_physics,0.9316728033975525,0.06666666666666667,0.6591868515518351
Walker2d-v5,klprho0p05,34,foot_left_actuator_gain,related_physics,0.46784010325057773,0.6,0.05707545412373258
Walker2d-v5,klprho0p05,35,foot_left_actuator_gain,related_physics,0.9401351181374304,0.06666666666666667,0.7468072994906586
Walker2d-v5,klprho0p05,6,foot_left_damping,out_of_support,1.0,0.0,1.0240041505094994
Walker2d-v5,klprho0p05,7,foot_left_damping,out_of_support,0.03965310713676793,1.0,0.01806662704080821
Walker2d-v5,klprho0p05,8,foot_left_damping,out_of_support,0.9572952237170101,0.0,0.9524671433682491
Walker2d-v5,klprho0p05,9,foot_left_damping,out_of_support,0.8152005302109054,0.0,0.8140594986231574
Walker2d-v5,klprho0p05,10,foot_left_damping,out_of_support,1.0,0.0,1.0333784268866086
Walker2d-v5,klprho0p05,11,foot_left_damping,out_of_support,0.9724962205966868,0.0,0.9620912165281502
Walker2d-v5,klprho0p05,12,foot_left_damping,out_of_support,1.0,0.0,1.0691020783894143
Walker2d-v5,klprho0p05,13,foot_left_damping,out_of_support,0.7591832005415832,0.0,0.713951536320318
Walker2d-v5,klprho0p05,14,foot_left_damping,out_of_support,0.8343904799131315,0.0,0.8306121231176707
Walker2d-v5,klprho0p05,15,foot_left_damping,out_of_support,1.0,0.0,1.0032743289134942
Walker2d-v5,klprho0p05,16,foot_left_damping,out_of_support,1.0,0.0,1.0448319194404145
Walker2d-v5,klprho0p05,17,foot_left_damping,out_of_support,1.0,0.0,1.1289567826043836
Walker2d-v5,klprho0p05,18,foot_left_damping,out_of_support,0.9762423564647783,0.0,0.9753817084478141
Walker2d-v5,klprho0p05,19,foot_left_damping,out_of_support,0.26295549412444397,1.0,0.2592879049032975
Walker2d-v5,klprho0p05,20,foot_left_damping,out_of_support,0.3924486258607966,1.0,0.3243494846066108
Walker2d-v5,klprho0p05,21,foot_left_damping,out_of_support,0.7022795751446106,0.0,0.6269641934386697
Walker2d-v5,klprho0p05,22,foot_left_damping,out_of_support,1.0,0.0,1.161301863751344
Walker2d-v5,klprho0p05,23,foot_left_damping,out_of_support,1.0,0.0,1.1285239305689805
Walker2d-v5,klprho0p05,24,foot_left_damping,out_of_support,0.8251194755521223,0.0,0.7452848180288626
Walker2d-v5,klprho0p05,25,foot_left_damping,out_of_support,1.0,0.0,1.362017703664688
Walker2d-v5,klprho0p05,26,foot_left_damping,out_of_support,1.0,0.0,1.0724878820244996
Walker2d-v5,klprho0p05,27,foot_left_damping,out_of_support,0.9938558914282373,0.0,0.9759620654681994
Walker2d-v5,klprho0p05,28,foot_left_damping,out_of_support,0.8684955570725478,0.0,0.8440376563796598
Walker2d-v5,klprho0p05,29,foot_left_damping,out_of_support,0.799315273206318,0.0,0.7792728470927347
Walker2d-v5,klprho0p05,30,foot_left_damping,out_of_support,0.9588266972112361,0.0,0.951747620986347
Walker2d-v5,klprho0p05,31,foot_left_damping,out_of_support,1.0,0.0,1.0867151757321338
Walker2d-v5,klprho0p05,32,foot_left_damping,out_of_support,1.0,0.0,1.2233580799839308
Walker2d-v5,klprho0p05,33,foot_left_damping,out_of_support,1.0,0.0,1.0434623881690837
Walker2d-v5,klprho0p05,34,foot_left_damping,out_of_support,0.9419195747904243,0.0,0.926184394628185
Walker2d-v5,klprho0p05,35,foot_left_damping,out_of_support,1.0,0.0,1.0899480344889112
Walker2d-v5,klprho0p05,6,foot_left_friction,out_of_support,0.8533579348403928,0.13333333333333333,0.3480267552172139
Walker2d-v5,klprho0p05,7,foot_left_friction,out_of_support,0.05439466681271079,1.0,0.015515113702279133
Walker2d-v5,klprho0p05,8,foot_left_friction,out_of_support,0.814007951850823,0.13333333333333333,0.2575574491095928
Walker2d-v5,klprho0p05,9,foot_left_friction,out_of_support,0.7168211903334527,0.13333333333333333,0.33193767028965643
Walker2d-v5,klprho0p05,10,foot_left_friction,out_of_support,0.8433258626822321,0.2,0.25689355978156025
Walker2d-v5,klprho0p05,11,foot_left_friction,out_of_support,0.8093359561291985,0.13333333333333333,0.3680266608525313
Walker2d-v5,klprho0p05,12,foot_left_friction,out_of_support,0.997128112778908,0.0,1.0251961223091197
Walker2d-v5,klprho0p05,13,foot_left_friction,out_of_support,0.7557740868359002,0.0,0.703125428677923
Walker2d-v5,klprho0p05,14,foot_left_friction,out_of_support,0.6949891871327118,0.2,0.2718086814275556
Walker2d-v5,klprho0p05,15,foot_left_friction,out_of_support,0.8628490125707843,0.13333333333333333,0.3885495530187553
Walker2d-v5,klprho0p05,16,foot_left_friction,out_of_support,0.8312567219488919,0.06666666666666667,0.5915939521015153
Walker2d-v5,klprho0p05,17,foot_left_friction,out_of_support,0.9364680441760213,0.06666666666666667,0.6840017634600256
Walker2d-v5,klprho0p05,18,foot_left_friction,out_of_support,0.9473426734976258,0.0,0.8826151083677094
Walker2d-v5,klprho0p05,19,foot_left_friction,out_of_support,0.2671250139281387,1.0,0.11752439246822527
Walker2d-v5,klprho0p05,20,foot_left_friction,out_of_support,0.3616731742671672,1.0,0.2879682152103085
Walker2d-v5,klprho0p05,21,foot_left_friction,out_of_support,0.48223266211455335,0.4666666666666667,0.2310530815273931
Walker2d-v5,klprho0p05,22,foot_left_friction,out_of_support,0.9526864836472166,0.06666666666666667,0.8042379338914739
Walker2d-v5,klprho0p05,23,foot_left_friction,out_of_support,0.9385859133663313,0.0,0.7043097631714675
Walker2d-v5,klprho0p05,24,foot_left_friction,out_of_support,0.8493101020493307,0.0,0.6849373764099486
Walker2d-v5,klprho0p05,25,foot_left_friction,out_of_support,1.0,0.0,1.2219517309739065
Walker2d-v5,klprho0p05,26,foot_left_friction,out_of_support,0.9641767590743338,0.0,0.8490270759988489
Walker2d-v5,klprho0p05,27,foot_left_friction,out_of_support,0.6639513173917617,0.4,0.31245344302198846
Walker2d-v5,klprho0p05,28,foot_left_friction,out_of_support,0.7825243357118588,0.13333333333333333,0.4663580784114167
Walker2d-v5,klprho0p05,29,foot_left_friction,out_of_support,0.7993783006158772,0.0,0.7807431197473859
Walker2d-v5,klprho0p05,30,foot_left_friction,out_of_support,0.9633069652285555,0.0,0.9184880920545679
Walker2d-v5,klprho0p05,31,foot_left_friction,out_of_support,0.9433393462007766,0.06666666666666667,0.7277181997209539
Walker2d-v5,klprho0p05,32,foot_left_friction,out_of_support,0.9892458431447094,0.0,1.0786650641773239
Walker2d-v5,klprho0p05,33,foot_left_friction,out_of_support,1.0,0.0,1.0341652580595253
Walker2d-v5,klprho0p05,34,foot_left_friction,out_of_support,0.769189206093115,0.2,0.1749386323310542
Walker2d-v5,klprho0p05,35,foot_left_friction,out_of_support,1.0,0.0,1.0895242389743764
Walker2d-v5,klprho0p05,6,leg_left_actuator_gain,related_physics,0.8130974529040447,0.2,0.23990016180902538
Walker2d-v5,klprho0p05,7,leg_left_actuator_gain,related_physics,0.03428342661971716,1.0,0.0007043338214080498
Walker2d-v5,klprho0p05,8,leg_left_actuator_gain,related_physics,0.8109141113668195,0.2,0.2550309055508538
Walker2d-v5,klprho0p05,9,leg_left_actuator_gain,related_physics,0.6000824518289061,0.3333333333333333,0.11974830474509983
Walker2d-v5,klprho0p05,10,leg_left_actuator_gain,related_physics,0.8653223152520619,0.13333333333333333,0.3698562564081406
Walker2d-v5,klprho0p05,11,leg_left_actuator_gain,related_physics,0.7630387563601853,0.2,0.22816070005402303
Walker2d-v5,klprho0p05,12,leg_left_actuator_gain,related_physics,0.8920288276423818,0.13333333333333333,0.4601441382119094
Walker2d-v5,klprho0p05,13,leg_left_actuator_gain,related_physics,0.6704964055122926,0.2,0.4511527724642943
Walker2d-v5,klprho0p05,14,leg_left_actuator_gain,related_physics,0.7318405470815516,0.13333333333333333,0.35807754432970934
Walker2d-v5,klprho0p05,15,leg_left_actuator_gain,related_physics,0.8343307091388553,0.2,0.299676371859209
Walker2d-v5,klprho0p05,16,leg_left_actuator_gain,related_physics,0.9157279237481212,0.0,0.7040415374604763
Walker2d-v5,klprho0p05,17,leg_left_actuator_gain,related_physics,0.8051265351063976,0.2,0.17588360583776205
Walker2d-v5,klprho0p05,18,leg_left_actuator_gain,related_physics,0.9117071987768333,0.0,0.7340546643157885
Walker2d-v5,klprho0p05,19,leg_left_actuator_gain,related_physics,0.2573242841009077,1.0,0.24037549297480132
Walker2d-v5,klprho0p05,20,leg_left_actuator_gain,related_physics,0.32510159615293205,0.9333333333333333,0.1399404498801958
Walker2d-v5,klprho0p05,21,leg_left_actuator_gain,related_physics,0.48787366063456267,0.4666666666666667,0.24076952729842624
Walker2d-v5,klprho0p05,22,leg_left_actuator_gain,related_physics,0.8621199326891993,0.13333333333333333,0.3105996634459965
Walker2d-v5,klprho0p05,23,leg_left_actuator_gain,related_physics,0.8101400726717368,0.2,0.21919620978956966
Walker2d-v5,klprho0p05,24,leg_left_actuator_gain,related_physics,0.7027108824329675,0.2,0.40438908487887604
Walker2d-v5,klprho0p05,25,leg_left_actuator_gain,related_physics,0.8698541280832673,0.13333333333333333,0.34927064041633654
Walker2d-v5,klprho0p05,26,leg_left_actuator_gain,related_physics,0.8877668234974447,0.13333333333333333,0.48432089363040554
Walker2d-v5,klprho0p05,27,leg_left_actuator_gain,related_physics,0.7981081869789246,0.2,0.15071513366234787
Walker2d-v5,klprho0p05,28,leg_left_actuator_gain,related_physics,0.6645185867584663,0.26666666666666666,0.12482259510147116
Walker2d-v5,klprho0p05,29,leg_left_actuator_gain,related_physics,0.7176450645139829,0.13333333333333333,0.4090104426383608
Walker2d-v5,klprho0p05,30,leg_left_actuator_gain,related_physics,0.708348223648352,0.26666666666666666,0.1388091994926722
Walker2d-v5,klprho0p05,31,leg_left_actuator_gain,related_physics,0.953842020253532,0.0,0.7725003090597099
Walker2d-v5,klprho0p05,32,leg_left_actuator_gain,related_physics,0.809846020995561,0.2,0.3148995459063821
Walker2d-v5,klprho0p05,33,leg_left_actuator_gain,related_physics,0.9980031990840609,0.0,0.9944054244533073
Walker2d-v5,klprho0p05,34,leg_left_actuator_gain,related_physics,0.7261725651402089,0.26666666666666666,0.1723208491603734
Walker2d-v5,klprho0p05,35,leg_left_actuator_gain,related_physics,0.9932572038817467,0.0,0.9847035886159029
Walker2d-v5,klprho0,6,friction,out_of_support,0.731625177220833,0.26666666666666666,0.11776873854429692
Walker2d-v5,klprho0,7,friction,out_of_support,0.6904446289994246,0.3333333333333333,0.0631613132062789
Walker2d-v5,klprho0,8,friction,out_of_support,0.7753474667831651,0.2,0.09130014164440681
Walker2d-v5,klprho0,9,friction,out_of_support,0.6467660454131028,0.26666666666666666,0.057706592925037714
Walker2d-v5,klprho0,10,friction,out_of_support,0.3503785630503957,0.7333333333333333,0.05572845915491958
Walker2d-v5,klprho0,11,friction,out_of_support,0.6389115939776868,0.3333333333333333,0.05389113434025671
Walker2d-v5,klprho0,12,friction,out_of_support,0.8438251187434399,0.13333333333333333,0.21912559371719945
Walker2d-v5,klprho0,13,friction,out_of_support,0.5390540217651255,0.4666666666666667,0.05992106234023296
Walker2d-v5,klprho0,14,friction,out_of_support,0.743867819272176,0.26666666666666666,0.06839952209098299
Walker2d-v5,klprho0,15,friction,out_of_support,0.7862660739210073,0.2,0.07443402585738426
Walker2d-v5,klprho0,16,friction,out_of_support,0.7182124543864666,0.26666666666666666,0.04839654900007307
Walker2d-v5,klprho0,17,friction,out_of_support,0.6359838869097465,0.4,0.06070661490235283
Walker2d-v5,klprho0,18,friction,out_of_support,0.6488765188211996,0.4,0.055463923641889436
Walker2d-v5,klprho0,19,friction,out_of_support,0.6245510887242846,0.3333333333333333,0.07215111119885176
Walker2d-v5,klprho0,20,friction,out_of_support,0.6450913180869192,0.4,0.056133597483910114
Walker2d-v5,klprho0,21,friction,out_of_support,0.7367359622914658,0.26666666666666666,0.049219695428835974
Walker2d-v5,klprho0,22,friction,out_of_support,0.8365364714142641,0.2,0.1826823570713205
Walker2d-v5,klprho0,23,friction,out_of_support,0.6188521774090561,0.4666666666666667,0.07393442419622541
Walker2d-v5,klprho0,24,friction,out_of_support,0.6001360852239149,0.3333333333333333,0.07420656629995886
Walker2d-v5,klprho0,25,friction,out_of_support,0.5495508673774901,0.4,0.06820517732087392
Walker2d-v5,klprho0,26,friction,out_of_support,0.5264906717398088,0.6,0.04858378047069315
Walker2d-v5,klprho0,27,friction,out_of_support,0.49444375434449117,0.6,0.05977645404197984
Walker2d-v5,klprho0,28,friction,out_of_support,0.6456191270239948,0.3333333333333333,0.07212913744302966
Walker2d-v5,klprho0,29,friction,out_of_support,0.6288352860445365,0.4,0.07168942253735432
Walker2d-v5,klprho0,30,friction,out_of_support,0.7105339748106386,0.26666666666666666,0.04881447680592362
Walker2d-v5,klprho0,31,friction,out_of_support,0.7341270249855015,0.26666666666666666,0.0588341097073992
Walker2d-v5,klprho0,32,friction,out_of_support,0.7821753570869536,0.2,0.06080017605541721
Walker2d-v5,klprho0,33,friction,out_of_support,0.656082155950266,0.3333333333333333,0.05393424759784685
Walker2d-v5,klprho0,34,friction,out_of_support,0.4208356203821514,0.6,0.051269472414846605
Walker2d-v5,klprho0,35,friction,out_of_support,0.5827987329621461,0.4666666666666667,0.03775061860705902
Walker2d-v5,klprho0p05,6,leg_left_damping,out_of_support,1.0,0.0,1.0132387674148335
Walker2d-v5,klprho0p05,7,leg_left_damping,out_of_support,0.03095967505605552,1.0,0.005994550086027902
Walker2d-v5,klprho0p05,8,leg_left_damping,out_of_support,0.949881948674491,0.0,0.949325269255285
Walker2d-v5,klprho0p05,9,leg_left_damping,out_of_support,0.8084211114332793,0.0,0.8077238115883069
Walker2d-v5,klprho0p05,10,leg_left_damping,out_of_support,1.0,0.0,1.024032216530016
Walker2d-v5,klprho0p05,11,leg_left_damping,out_of_support,0.9664126732024,0.0,0.9610855507000484
Walker2d-v5,klprho0p05,12,leg_left_damping,out_of_support,1.0,0.0,1.0600552789685709
Walker2d-v5,klprho0p05,13,leg_left_damping,out_of_support,0.7506781807544279,0.0,0.6941164698087176
Walker2d-v5,klprho0p05,14,leg_left_damping,out_of_support,0.8253869527897947,0.0,0.822342714708458
Walker2d-v5,klprho0p05,15,leg_left_damping,out_of_support,0.9988709167936918,0.0,0.9960121947445537
Walker2d-v5,klprho0p05,16,leg_left_damping,out_of_support,1.0,0.0,1.014060378282889
Walker2d-v5,klprho0p05,17,leg_left_damping,out_of_support,1.0,0.0,1.1186785577370035
Walker2d-v5,klprho0p05,18,leg_left_damping,out_of_support,0.9665955576531441,0.0,0.9653469468897145
Walker2d-v5,klprho0p05,19,leg_left_damping,out_of_support,0.25944494906408555,1.0,0.25472711569752904
Walker2d-v5,klprho0p05,20,leg_left_damping,out_of_support,0.38601574708544945,1.0,0.33121372271952126
Walker2d-v5,klprho0p05,21,leg_left_damping,out_of_support,0.723666294260291,0.0,0.6446083833767028
Walker2d-v5,klprho0p05,22,leg_left_damping,out_of_support,1.0,0.0,1.1539573250088757
Walker2d-v5,klprho0p05,23,leg_left_damping,out_of_support,1.0,0.0,1.1195127227011883
Walker2d-v5,klprho0p05,24,leg_left_damping,out_of_support,0.8076773131003327,0.0,0.7317794489828184
Walker2d-v5,klprho0p05,25,leg_left_damping,out_of_support,1.0,0.0,1.339224205980203
Walker2d-v5,klprho0p05,26,leg_left_damping,out_of_support,1.0,0.0,1.0692361177981498
Walker2d-v5,klprho0p05,27,leg_left_damping,out_of_support,0.9962601247842702,0.0,0.9813006239213508
Walker2d-v5,klprho0p05,28,leg_left_damping,out_of_support,0.8631137731612369,0.0,0.8349599357783756
Walker2d-v5,klprho0p05,29,leg_left_damping,out_of_support,0.7948690006524332,0.0,0.7849658293519252
Walker2d-v5,klprho0p05,30,leg_left_damping,out_of_support,0.9501075168841931,0.0,0.9463102060748363
Walker2d-v5,klprho0p05,31,leg_left_damping,out_of_support,1.0,0.0,1.0794509052906942
Walker2d-v5,klprho0p05,32,leg_left_damping,out_of_support,1.0,0.0,1.2193700489776493
Walker2d-v5,klprho0p05,33,leg_left_damping,out_of_support,1.0,0.0,1.0279109766490737
Walker2d-v5,klprho0p05,34,leg_left_damping,out_of_support,0.9324003281628982,0.0,0.9163131078012009
Walker2d-v5,klprho0p05,35,leg_left_damping,out_of_support,1.0,0.0,1.080477649468687
Walker2d-v5,klprho0p05,6,thigh_left_actuator_gain,related_physics,0.8101044908322479,0.2,0.34840589557635676
Walker2d-v5,klprho0p05,7,thigh_left_actuator_gain,related_physics,0.060279081256182074,1.0,0.014769198734171032
Walker2d-v5,klprho0p05,8,thigh_left_actuator_gain,related_physics,0.8941489710075571,0.0,0.7296025764386133
Walker2d-v5,klprho0p05,9,thigh_left_actuator_gain,related_physics,0.45083629311332246,0.5333333333333333,0.1267563055332181
Walker2d-v5,klprho0p05,10,thigh_left_actuator_gain,related_physics,0.6251945770990174,0.5333333333333333,0.1975646021650118
Walker2d-v5,klprho0p05,11,thigh_left_actuator_gain,related_physics,0.7100409070303949,0.3333333333333333,0.1775079483209475
Walker2d-v5,klprho0p05,12,thigh_left_actuator_gain,related_physics,0.8763177912686565,0.13333333333333333,0.38158895634328277
Walker2d-v5,klprho0p05,13,thigh_left_actuator_gain,related_physics,0.5513925999036491,0.4666666666666667,0.316461438411091
Walker2d-v5,klprho0p05,14,thigh_left_actuator_gain,related_physics,0.6488992643060556,0.3333333333333333,0.1930996611446201
Walker2d-v5,klprho0p05,15,thigh_left_actuator_gain,related_physics,0.7865127272309425,0.2,0.15010874627935852
Walker2d-v5,klprho0p05,16,thigh_left_actuator_gain,related_physics,0.9044957509187322,0.06666666666666667,0.5923836201777973
Walker2d-v5,klprho0p05,17,thigh_left_actuator_gain,related_physics,0.7873050340022141,0.26666666666666666,0.22617946032954897
Walker2d-v5,klprho0p05,18,thigh_left_actuator_gain,related_physics,0.7070085176921462,0.3333333333333333,0.19849733619816687
Walker2d-v5,klprho0p05,19,thigh_left_actuator_gain,related_physics,0.19103701872316883,1.0,0.06932849457033267
Walker2d-v5,klprho0p05,20,thigh_left_actuator_gain,related_physics,0.38044519535045873,0.7333333333333333,0.18564807531867764
Walker2d-v5,klprho0p05,21,thigh_left_actuator_gain,related_physics,0.5018601291935321,0.3333333333333333,0.18618457795938084
Walker2d-v5,klprho0p05,22,thigh_left_actuator_gain,related_physics,0.885040740350033,0.13333333333333333,0.4796612215227607
Walker2d-v5,klprho0p05,23,thigh_left_actuator_gain,related_physics,0.7181291891284995,0.3333333333333333,0.24631643369966172
Walker2d-v5,klprho0p05,24,thigh_left_actuator_gain,related_physics,0.8365444691709903,0.06666666666666667,0.589150468177953
Walker2d-v5,klprho0p05,25,thigh_left_actuator_gain,related_physics,0.862884719279394,0.13333333333333333,0.36222102702333764
Walker2d-v5,klprho0p05,26,thigh_left_actuator_gain,related_physics,0.7502687497954661,0.26666666666666666,0.0001352308026950017
Walker2d-v5,klprho0p05,27,thigh_left_actuator_gain,related_physics,0.7471249690516083,0.26666666666666666,0.0898320398502362
Walker2d-v5,klprho0p05,28,thigh_left_actuator_gain,related_physics,0.5180643394431443,0.4666666666666667,0.050860371854858144
Walker2d-v5,klprho0p05,29,thigh_left_actuator_gain,related_physics,0.731323131192764,0.06666666666666667,0.472014858745021
Walker2d-v5,klprho0p05,30,thigh_left_actuator_gain,related_physics,0.6840970978068764,0.3333333333333333,0.1606945934676307
Walker2d-v5,klprho0p05,31,thigh_left_actuator_gain,related_physics,0.8592612484392437,0.13333333333333333,0.42700252913579373
Walker2d-v5,klprho0p05,32,thigh_left_actuator_gain,related_physics,0.856840663371021,0.13333333333333333,0.357443441754802
Walker2d-v5,klprho0p05,33,thigh_left_actuator_gain,related_physics,0.9799716220435102,0.0,0.9252841538620918
Walker2d-v5,klprho0p05,34,thigh_left_actuator_gain,related_physics,0.6784021364200794,0.26666666666666666,0.11051556796953911
Walker2d-v5,klprho0p05,35,thigh_left_actuator_gain,related_physics,0.9754764551155858,0.0,0.8791387745278872
Walker2d-v5,klprho0p05,6,thigh_left_damping,out_of_support,1.0,0.0,1.0119719109764185
Walker2d-v5,klprho0p05,7,thigh_left_damping,out_of_support,0.044722262678838144,1.0,0.02741574472560814
Walker2d-v5,klprho0p05,8,thigh_left_damping,out_of_support,0.9500843944159965,0.0,0.9468242545781572
Walker2d-v5,klprho0p05,9,thigh_left_damping,out_of_support,0.8089365821729597,0.0,0.8081542175923427
Walker2d-v5,klprho0p05,10,thigh_left_damping,out_of_support,1.0,0.0,1.0248181950446098
Walker2d-v5,klprho0p05,11,thigh_left_damping,out_of_support,0.9629418558725786,0.0,0.9566020283627359
Walker2d-v5,klprho0p05,12,thigh_left_damping,out_of_support,1.0,0.0,1.0599248759639917
Walker2d-v5,klprho0p05,13,thigh_left_damping,out_of_support,0.746769878838475,0.0,0.6988977051243741
Walker2d-v5,klprho0p05,14,thigh_left_damping,out_of_support,0.8280793074764475,0.0,0.8255204797576555
Walker2d-v5,klprho0p05,15,thigh_left_damping,out_of_support,0.9999688863299757,0.0,0.9999375224312481
Walker2d-v5,klprho0p05,16,thigh_left_damping,out_of_support,1.0,0.0,1.0105246617460997
Walker2d-v5,klprho0p05,17,thigh_left_damping,out_of_support,1.0,0.0,1.1187634016916117
Walker2d-v5,klprho0p05,18,thigh_left_damping,out_of_support,0.9670711046072213,0.0,0.9657269036945548
Walker2d-v5,klprho0p05,19,thigh_left_damping,out_of_support,0.2607808290856825,1.0,0.2569409792966108
Walker2d-v5,klprho0p05,20,thigh_left_damping,out_of_support,0.3918203710143205,1.0,0.2899135864318674
Walker2d-v5,klprho0p05,21,thigh_left_damping,out_of_support,0.6864928226611497,0.0,0.6144348852324053
Walker2d-v5,klprho0p05,22,thigh_left_damping,out_of_support,1.0,0.0,1.1533794304696274
Walker2d-v5,klprho0p05,23,thigh_left_damping,out_of_support,1.0,0.0,1.1195671764753135
Walker2d-v5,klprho0p05,24,thigh_left_damping,out_of_support,0.8285645534927174,0.0,0.7561621817733458
Walker2d-v5,klprho0p05,25,thigh_left_damping,out_of_support,1.0,0.0,1.350770457494816
Walker2d-v5,klprho0p05,26,thigh_left_damping,out_of_support,1.0,0.0,1.057136958319522
Walker2d-v5,klprho0p05,27,thigh_left_damping,out_of_support,0.9906752542146198,0.0,0.9533762710730991
Walker2d-v5,klprho0p05,28,thigh_left_damping,out_of_support,0.8587935263965732,0.0,0.8342706384054243
Walker2d-v5,klprho0p05,29,thigh_left_damping,out_of_support,0.7921009015853527,0.0,0.7731133611495826
Walker2d-v5,klprho0p05,30,thigh_left_damping,out_of_support,0.9527017756097718,0.0,0.947765958585023
Walker2d-v5,klprho0p05,31,thigh_left_damping,out_of_support,1.0,0.0,1.079535642420904
Walker2d-v5,klprho0p05,32,thigh_left_damping,out_of_support,1.0,0.0,1.2154850902902756
Walker2d-v5,klprho0p05,33,thigh_left_damping,out_of_support,1.0,0.0,1.032715801657486
Walker2d-v5,klprho0p05,34,thigh_left_damping,out_of_support,0.9289873333150876,0.0,0.9018859936383472
Walker2d-v5,klprho0p05,35,thigh_left_damping,out_of_support,1.0,0.0,1.0804002855213108
Walker2d-v5,vanilla,6,foot_left_mass,related_physics,0.8231135710651584,0.0,0.6021920079396097
Walker2d-v5,vanilla,7,foot_left_mass,related_physics,0.9014497951577809,0.0,0.7722117412180904
Walker2d-v5,vanilla,8,foot_left_mass,related_physics,0.7364873984296244,0.0,0.6420507980688531
Walker2d-v5,vanilla,9,foot_left_mass,related_physics,0.8698341001134812,0.07142857142857142,0.579965067577197
Walker2d-v5,vanilla,10,foot_left_mass,related_physics,0.7530349416938037,0.35714285714285715,0.2679642811980722
Walker2d-v5,vanilla,11,foot_left_mass,related_physics,0.9337452869461605,0.0,0.7041063648161415
Walker2d-v5,vanilla,12,foot_left_mass,related_physics,0.9217260254515072,0.0,0.8034468819385806
Walker2d-v5,vanilla,13,foot_left_mass,related_physics,0.9704427059815547,0.0,0.8620659612472551
Walker2d-v5,vanilla,14,foot_left_mass,related_physics,0.9063570086329908,0.0,0.6808246224271833
Walker2d-v5,vanilla,15,foot_left_mass,related_physics,0.8461021116823285,0.0,0.7125429537991
Walker2d-v5,vanilla,16,foot_left_mass,related_physics,0.9380448753201716,0.0,0.8968849040688921
Walker2d-v5,vanilla,17,foot_left_mass,related_physics,0.9160769931525587,0.0,0.7969496878143424
Walker2d-v5,vanilla,18,foot_left_mass,related_physics,0.8135316006522597,0.14285714285714285,0.38738256181667746
Walker2d-v5,vanilla,19,foot_left_mass,related_physics,0.8646717129617384,0.0,0.827316308134399
Walker2d-v5,vanilla,20,foot_left_mass,related_physics,0.9937133772396207,0.0,0.97066242711823
Walker2d-v5,vanilla,21,foot_left_mass,related_physics,0.9628844360887221,0.0,0.8652128836893782
Walker2d-v5,vanilla,22,foot_left_mass,related_physics,0.844682983536825,0.0,0.6031360024860657
Walker2d-v5,vanilla,23,foot_left_mass,related_physics,0.9751628768619078,0.0,0.9225254285909777
Walker2d-v5,vanilla,24,foot_left_mass,related_physics,0.7946088126146457,0.21428571428571427,0.4185807329730203
Walker2d-v5,vanilla,25,foot_left_mass,related_physics,0.9256282951889628,0.07142857142857142,0.6672054084066404
Walker2d-v5,vanilla,26,foot_left_mass,related_physics,1.0,0.0,1.0416778439376164
Walker2d-v5,vanilla,27,foot_left_mass,related_physics,0.8692215136977595,0.0,0.7926390617441577
Walker2d-v5,vanilla,28,foot_left_mass,related_physics,0.9120915099980131,0.14285714285714285,0.5947893220339081
Walker2d-v5,vanilla,29,foot_left_mass,related_physics,0.9074220416732653,0.07142857142857142,0.69911075458003
Walker2d-v5,vanilla,30,foot_left_mass,related_physics,0.9339392640777574,0.0,0.729143235953885
Walker2d-v5,vanilla,31,foot_left_mass,related_physics,0.845280114441983,0.0,0.6622695460257308
Walker2d-v5,vanilla,32,foot_left_mass,related_physics,0.9844014854452112,0.0,0.9273601271664429
Walker2d-v5,vanilla,33,foot_left_mass,related_physics,0.9060439014836453,0.0,0.7691877948235039
Walker2d-v5,vanilla,34,foot_left_mass,related_physics,0.9684888310385716,0.0,0.8529478781800007
Walker2d-v5,vanilla,35,foot_left_mass,related_physics,0.8959718049118944,0.07142857142857142,0.646902594237321
Walker2d-v5,vanilla,6,leg_left_mass,related_physics,0.9951356258568664,0.0,0.9817022482101535
Walker2d-v5,vanilla,7,leg_left_mass,related_physics,0.9576449097445704,0.0,0.9487673714030557
Walker2d-v5,vanilla,8,leg_left_mass,related_physics,0.7710404072521887,0.0,0.7545536275236859
Walker2d-v5,vanilla,9,leg_left_mass,related_physics,0.9491804116013706,0.0,0.9297616457017949
Walker2d-v5,vanilla,10,leg_left_mass,related_physics,1.0,0.0,1.1296650245811233
Walker2d-v5,vanilla,11,leg_left_mass,related_physics,0.9993979098790057,0.0,1.015254302084526
Walker2d-v5,vanilla,12,leg_left_mass,related_physics,0.9634962120828784,0.0,0.8662468588655289
Walker2d-v5,vanilla,13,leg_left_mass,related_physics,1.0,0.0,1.0379126277829858
Walker2d-v5,vanilla,14,leg_left_mass,related_physics,0.944865164675355,0.0,0.7472879891756916
Walker2d-v5,vanilla,15,leg_left_mass,related_physics,0.9244233825982374,0.0,0.9011737598535147
Walker2d-v5,vanilla,16,leg_left_mass,related_physics,0.9663898031016837,0.0,0.9507735808648689
Walker2d-v5,vanilla,17,leg_left_mass,related_physics,0.9548881133946656,0.0,0.9116746404061352
Walker2d-v5,vanilla,18,leg_left_mass,related_physics,1.0,0.0,1.1737094057575812
Walker2d-v5,vanilla,19,leg_left_mass,related_physics,0.8955052816663235,0.0,0.8695521333059478
Walker2d-v5,vanilla,20,leg_left_mass,related_physics,1.0,0.0,1.052061642575678
Walker2d-v5,vanilla,21,leg_left_mass,related_physics,0.9997705772319581,0.0,1.000451652753501
Walker2d-v5,vanilla,22,leg_left_mass,related_physics,0.8960269760677546,0.0,0.7422753471056853
Walker2d-v5,vanilla,23,leg_left_mass,related_physics,0.9944505544789807,0.0,0.9814505748204474
Walker2d-v5,vanilla,24,leg_left_mass,related_physics,0.9207420827040872,0.0,0.808166447844885
Walker2d-v5,vanilla,25,leg_left_mass,related_physics,0.9959556531854158,0.0,1.0318152720949154
Walker2d-v5,vanilla,26,leg_left_mass,related_physics,1.0,0.0,1.120114898364376
Walker2d-v5,vanilla,27,leg_left_mass,related_physics,0.9181978910550266,0.0,0.8802919843763787
Walker2d-v5,vanilla,28,leg_left_mass,related_physics,1.0,0.0,1.2193245198457248
Walker2d-v5,vanilla,29,leg_left_mass,related_physics,0.9971389604198567,0.0,0.9906661511010771
Walker2d-v5,vanilla,30,leg_left_mass,related_physics,0.9893951795082049,0.0,0.9505108377049559
Walker2d-v5,vanilla,31,leg_left_mass,related_physics,0.9589290805383891,0.0,0.9151955397742819
Walker2d-v5,vanilla,32,leg_left_mass,related_physics,1.0,0.0,1.0938640278477396
Walker2d-v5,vanilla,33,leg_left_mass,related_physics,0.9466443985379783,0.0,0.8791521352747639
Walker2d-v5,vanilla,34,leg_left_mass,related_physics,1.0,0.0,1.050902511125907
Walker2d-v5,vanilla,35,leg_left_mass,related_physics,0.9907633801142476,0.0,0.9727630639487744
Walker2d-v5,vanilla,6,thigh_left_mass,related_physics,0.9481925779062497,0.0,0.8339999878609264
Walker2d-v5,vanilla,7,thigh_left_mass,related_physics,0.9377413231439864,0.0,0.9124694375744705
Walker2d-v5,vanilla,8,thigh_left_mass,related_physics,0.7539076274185845,0.0,0.712633313828592
Walker2d-v5,vanilla,9,thigh_left_mass,related_physics,0.9107094881243049,0.0,0.842402703959405
Walker2d-v5,vanilla,10,thigh_left_mass,related_physics,1.0,0.0,1.120348305576397
Walker2d-v5,vanilla,11,thigh_left_mass,related_physics,0.9744245786059944,0.0,0.8989814350900388
Walker2d-v5,vanilla,12,thigh_left_mass,related_physics,0.8354862663033292,0.14285714285714285,0.44324183186871235
Walker2d-v5,vanilla,13,thigh_left_mass,related_physics,0.9974428693343976,0.0,0.9921009771659094
Walker2d-v5,vanilla,14,thigh_left_mass,related_physics,0.8500879600486749,0.14285714285714285,0.4695245888334069
Walker2d-v5,vanilla,15,thigh_left_mass,related_physics,0.8834058927127959,0.0,0.8511784967554393
Walker2d-v5,vanilla,16,thigh_left_mass,related_physics,0.9395334186303338,0.0,0.8856418926159129
Walker2d-v5,vanilla,17,thigh_left_mass,related_physics,0.9380316217237201,0.0,0.925771905443857
Walker2d-v5,vanilla,18,thigh_left_mass,related_physics,1.0,0.0,1.0964412586882941
Walker2d-v5,vanilla,19,thigh_left_mass,related_physics,0.8631729896583726,0.0,0.8082731819704483
Walker2d-v5,vanilla,20,thigh_left_mass,related_physics,0.9271808996147077,0.07142857142857142,0.6792791285889833
Walker2d-v5,vanilla,21,thigh_left_mass,related_physics,0.9796216099266833,0.0,0.9524859705354944
Walker2d-v5,vanilla,22,thigh_left_mass,related_physics,0.9896508752956347,0.0,0.951704084712962
Walker2d-v5,vanilla,23,thigh_left_mass,related_physics,0.9789132417520826,0.0,0.9531924462922677
Walker2d-v5,vanilla,24,thigh_left_mass,related_physics,0.8246642128870525,0.14285714285714285,0.41974661937156554
Walker2d-v5,vanilla,25,thigh_left_mass,related_physics,0.9905868636130719,0.0,0.9710727188207402
Walker2d-v5,vanilla,26,thigh_left_mass,related_physics,1.0,0.0,1.0636728251465397
Walker2d-v5,vanilla,27,thigh_left_mass,related_physics,0.8432441228815322,0.07142857142857142,0.6393548323922907
Walker2d-v5,vanilla,28,thigh_left_mass,related_physics,1.0,0.0,1.063526755963216
Walker2d-v5,vanilla,29,thigh_left_mass,related_physics,0.9882686283751922,0.0,0.9666370037029307
Walker2d-v5,vanilla,30,thigh_left_mass,related_physics,0.9553080847930077,0.0,0.826922167370087
Walker2d-v5,vanilla,31,thigh_left_mass,related_physics,0.911908331009888,0.0,0.78703832479644
Walker2d-v5,vanilla,32,thigh_left_mass,related_physics,1.0,0.0,1.0677269481265232
Walker2d-v5,vanilla,33,thigh_left_mass,related_physics,0.9027886111664839,0.0,0.8589606283312464
Walker2d-v5,vanilla,34,thigh_left_mass,related_physics,0.9714993983889667,0.0,0.8817806046453412
Walker2d-v5,vanilla,35,thigh_left_mass,related_physics,0.9802576103925277,0.0,0.9700074934804892
Walker2d-v5,klprho0,6,foot_left_mass,related_physics,0.9548426424642997,0.07142857142857142,0.7932720446507107
Walker2d-v5,klprho0,7,foot_left_mass,related_physics,0.8630645936267258,0.07142857142857142,0.5455524418746814
Walker2d-v5,klprho0,8,foot_left_mass,related_physics,1.0,0.0,1.0898430789323348
Walker2d-v5,klprho0,9,foot_left_mass,related_physics,0.9094633323474853,0.0,0.7319119874034213
Walker2d-v5,klprho0,10,foot_left_mass,related_physics,0.5347190724630531,0.35714285714285715,0.4413474481632112
Walker2d-v5,klprho0,11,foot_left_mass,related_physics,0.98252276753451,0.0,0.9260958845476887
Walker2d-v5,klprho0,12,foot_left_mass,related_physics,0.9507613329139811,0.07142857142857142,0.8040678678537604
Walker2d-v5,klprho0,13,foot_left_mass,related_physics,0.7340709549288454,0.21428571428571427,0.34480603605134713
Walker2d-v5,klprho0,14,foot_left_mass,related_physics,0.9897912130871998,0.0,0.9703008660612787
Walker2d-v5,klprho0,15,foot_left_mass,related_physics,1.0,0.0,1.1013579546710712
Walker2d-v5,klprho0,16,foot_left_mass,related_physics,0.9708723793423657,0.0,0.864071103597707
Walker2d-v5,klprho0,17,foot_left_mass,related_physics,0.8872633915698539,0.14285714285714285,0.5225985655064608
Walker2d-v5,klprho0,18,foot_left_mass,related_physics,0.8027306678217967,0.21428571428571427,0.2742481529682879
Walker2d-v5,klprho0,19,foot_left_mass,related_physics,0.8844774479400354,0.0,0.7596759420540602
Walker2d-v5,klprho0,20,foot_left_mass,related_physics,0.8725591360991921,0.07142857142857142,0.4762869788102535
Walker2d-v5,klprho0,21,foot_left_mass,related_physics,1.0,0.0,1.1764145669519088
Walker2d-v5,klprho0,22,foot_left_mass,related_physics,0.9173348382004266,0.0,0.6455337249100797
Walker2d-v5,klprho0,23,foot_left_mass,related_physics,0.9847820488921293,0.0,0.9489733868259519
Walker2d-v5,klprho0,24,foot_left_mass,related_physics,0.8720169908475973,0.0,0.8585237183646798
Walker2d-v5,klprho0,25,foot_left_mass,related_physics,0.7445373152185624,0.21428571428571427,0.32308142028005166
Walker2d-v5,klprho0,26,foot_left_mass,related_physics,0.8964857977321168,0.07142857142857142,0.6333948716594056
Walker2d-v5,klprho0,27,foot_left_mass,related_physics,0.9346300540770949,0.07142857142857142,0.7829452631981888
Walker2d-v5,klprho0,28,foot_left_mass,related_physics,0.833254790321905,0.14285714285714285,0.4229605168251745
Walker2d-v5,klprho0,29,foot_left_mass,related_physics,0.8289539959455808,0.21428571428571427,0.3696447105468095
Walker2d-v5,klprho0,30,foot_left_mass,related_physics,0.8938389303135796,0.07142857142857142,0.5771531700481455
Walker2d-v5,klprho0,31,foot_left_mass,related_physics,0.8833171747494247,0.0,0.6963225670026318
Walker2d-v5,klprho0,32,foot_left_mass,related_physics,0.9727559032870856,0.0,0.8870491170560056
Walker2d-v5,klprho0,33,foot_left_mass,related_physics,0.9251833267451687,0.0,0.7261090225869878
Walker2d-v5,klprho0,34,foot_left_mass,related_physics,0.8197928484251612,0.0,0.6030690748193029
Walker2d-v5,klprho0,35,foot_left_mass,related_physics,1.0,0.0,1.2560570353507734
Walker2d-v5,klprho0,6,leg_left_mass,related_physics,1.0,0.0,1.0746522741199067
Walker2d-v5,klprho0,7,leg_left_mass,related_physics,1.0,0.0,1.0349503566903457
Walker2d-v5,klprho0,8,leg_left_mass,related_physics,1.0,0.0,1.1488327614781935
Walker2d-v5,klprho0,9,leg_left_mass,related_physics,0.9868714924208268,0.0,0.9660229461460869
Walker2d-v5,klprho0,10,leg_left_mass,related_physics,0.5911223486317886,0.21428571428571427,0.4773947591421263
Walker2d-v5,klprho0,11,leg_left_mass,related_physics,0.9892790519835443,0.0,0.9499689092565397
Walker2d-v5,klprho0,12,leg_left_mass,related_physics,1.0,0.0,1.3236906718462207
Walker2d-v5,klprho0,13,leg_left_mass,related_physics,0.8236655162598139,0.0,0.5698999525440643
Walker2d-v5,klprho0,14,leg_left_mass,related_physics,1.0,0.0,1.1383820662718263
Walker2d-v5,klprho0,15,leg_left_mass,related_physics,1.0,0.0,1.186776471975083
Walker2d-v5,klprho0,16,leg_left_mass,related_physics,1.0,0.0,1.1386002947553686
Walker2d-v5,klprho0,17,leg_left_mass,related_physics,0.9930884257894753,0.0,0.9851391385583538
Walker2d-v5,klprho0,18,leg_left_mass,related_physics,0.9754897387972371,0.0,0.8856187810537732
Walker2d-v5,klprho0,19,leg_left_mass,related_physics,0.9510569052294212,0.0,0.9228938397149872
Walker2d-v5,klprho0,20,leg_left_mass,related_physics,0.9910038216150124,0.0,0.9613626425668969
Walker2d-v5,klprho0,21,leg_left_mass,related_physics,1.0,0.0,1.1562316978813307
Walker2d-v5,klprho0,22,leg_left_mass,related_physics,1.0,0.0,1.1557568489128596
Walker2d-v5,klprho0,23,leg_left_mass,related_physics,1.0,0.0,1.010254169519899
Walker2d-v5,klprho0,24,leg_left_mass,related_physics,0.890327722941495,0.0,0.8806866165173322
Walker2d-v5,klprho0,25,leg_left_mass,related_physics,0.8761623867695582,0.0,0.76129012028664
Walker2d-v5,klprho0,26,leg_left_mass,related_physics,0.9278451841372746,0.0,0.7726587627854166
Walker2d-v5,klprho0,27,leg_left_mass,related_physics,0.9862887228183593,0.0,0.9771024424932387
Walker2d-v5,klprho0,28,leg_left_mass,related_physics,0.9830294138752901,0.0,0.9381857008272024
Walker2d-v5,klprho0,29,leg_left_mass,related_physics,1.0,0.0,1.0395873419099628
Walker2d-v5,klprho0,30,leg_left_mass,related_physics,0.9897200162574131,0.0,0.9534519378546854
Walker2d-v5,klprho0,31,leg_left_mass,related_physics,0.9540869735721583,0.0,0.9207285730436411
Walker2d-v5,klprho0,32,leg_left_mass,related_physics,0.9927686322674736,0.0,1.0080934885544925
Walker2d-v5,klprho0,33,leg_left_mass,related_physics,0.964468188174946,0.0,0.870305232703907
Walker2d-v5,klprho0,34,leg_left_mass,related_physics,0.9235919999883376,0.0,0.899766692353276
Walker2d-v5,klprho0,35,leg_left_mass,related_physics,1.0,0.0,1.2861865777243888
Walker2d-v5,klprho0,6,thigh_left_mass,related_physics,0.9994011863828318,0.0,1.005614182443536
Walker2d-v5,klprho0,7,thigh_left_mass,related_physics,0.9680187133935495,0.0,0.8592880964823136
Walker2d-v5,klprho0,8,thigh_left_mass,related_physics,1.0,0.0,1.0842239754228915
Walker2d-v5,klprho0,9,thigh_left_mass,related_physics,0.9666296987464931,0.0,0.9269627910234567
Walker2d-v5,klprho0,10,thigh_left_mass,related_physics,0.6245952613755807,0.42857142857142855,0.34996157446552506
Walker2d-v5,klprho0,11,thigh_left_mass,related_physics,0.9706102765027743,0.0,0.9101914460030428
Walker2d-v5,klprho0,12,thigh_left_mass,related_physics,1.0,0.0,1.3285261416363412
Walker2d-v5,klprho0,13,thigh_left_mass,related_physics,0.9634559567410889,0.0,0.8360073061540619
Walker2d-v5,klprho0,14,thigh_left_mass,related_physics,0.979182126889491,0.0,0.9148023264094327
Walker2d-v5,klprho0,15,thigh_left_mass,related_physics,1.0,0.0,1.1366818891957198
Walker2d-v5,klprho0,16,thigh_left_mass,related_physics,0.991018848011714,0.0,0.984806417884818
Walker2d-v5,klprho0,17,thigh_left_mass,related_physics,0.9883451185937597,0.0,0.9456105534375457
Walker2d-v5,klprho0,18,thigh_left_mass,related_physics,0.8702424875788418,0.07142857142857142,0.6226596672865362
Walker2d-v5,klprho0,19,thigh_left_mass,related_physics,0.9428587532974859,0.0,0.9170789114710579
Walker2d-v5,klprho0,20,thigh_left_mass,related_physics,0.9939975986619836,0.0,0.9780682143010836
Walker2d-v5,klprho0,21,thigh_left_mass,related_physics,0.9050754369479949,0.0,0.6316523454481366
Walker2d-v5,klprho0,22,thigh_left_mass,related_physics,0.9792505971166899,0.0,0.9342479489444822
Walker2d-v5,klprho0,23,thigh_left_mass,related_physics,0.9906868248232172,0.0,0.9770505237566592
Walker2d-v5,klprho0,24,thigh_left_mass,related_physics,0.855783918954673,0.0,0.7658542252837958
Walker2d-v5,klprho0,25,thigh_left_mass,related_physics,0.855688836023953,0.07142857142857142,0.5799766923425757
Walker2d-v5,klprho0,26,thigh_left_mass,related_physics,0.8829999363596714,0.0,0.5664876638978379
Walker2d-v5,klprho0,27,thigh_left_mass,related_physics,0.8976714798568155,0.07142857142857142,0.692751853635432
Walker2d-v5,klprho0,28,thigh_left_mass,related_physics,0.9758397637859988,0.0,0.8916160400970009
Walker2d-v5,klprho0,29,thigh_left_mass,related_physics,0.8906832679883164,0.07142857142857142,0.5579608734087852
Walker2d-v5,klprho0,30,thigh_left_mass,related_physics,0.9932541902464928,0.0,0.971816920719944
Walker2d-v5,klprho0,31,thigh_left_mass,related_physics,0.8511199710712931,0.0,0.7472003701453058
Walker2d-v5,klprho0,32,thigh_left_mass,related_physics,0.9988358078192962,0.0,1.0067175588301256
Walker2d-v5,klprho0,33,thigh_left_mass,related_physics,0.9609039908612507,0.0,0.8892825177803152
Walker2d-v5,klprho0,34,thigh_left_mass,related_physics,0.8116828526241988,0.07142857142857142,0.5408741933887412
Walker2d-v5,klprho0,35,thigh_left_mass,related_physics,0.9944112342718372,0.0,1.0089348708039232
Walker2d-v5,klprho0p05,6,foot_left_mass,related_physics,0.9598196567416919,0.0,0.8515135445573675
Walker2d-v5,klprho0p05,7,foot_left_mass,related_physics,0.034266636835977714,1.0,0.0030169199812916238
Walker2d-v5,klprho0p05,8,foot_left_mass,related_physics,0.6851564598682162,0.35714285714285715,0.19090935217751673
Walker2d-v5,klprho0p05,9,foot_left_mass,related_physics,0.7899645424487732,0.0,0.7187614579848622
Walker2d-v5,klprho0p05,10,foot_left_mass,related_physics,0.911656829159715,0.14285714285714285,0.6004289667901785
Walker2d-v5,klprho0p05,11,foot_left_mass,related_physics,0.9441047254134343,0.0,0.871780729310312
Walker2d-v5,klprho0p05,12,foot_left_mass,related_physics,0.8824234440687365,0.14285714285714285,0.475711531240446
Walker2d-v5,klprho0p05,13,foot_left_mass,related_physics,0.5953639412024126,0.2857142857142857,0.3739615426305509
Walker2d-v5,klprho0p05,14,foot_left_mass,related_physics,0.8300715799130097,0.0,0.8136355986118713
Walker2d-v5,klprho0p05,15,foot_left_mass,related_physics,0.943918089602363,0.07142857142857142,0.7600227771078331
Walker2d-v5,klprho0p05,16,foot_left_mass,related_physics,0.8204402243715946,0.07142857142857142,0.5492889280274915
Walker2d-v5,klprho0p05,17,foot_left_mass,related_physics,0.9987795286989058,0.0,1.0309985485204418
Walker2d-v5,klprho0p05,18,foot_left_mass,related_physics,0.8245586675063391,0.14285714285714285,0.4534334955451646
Walker2d-v5,klprho0p05,19,foot_left_mass,related_physics,0.259111438793335,1.0,0.22033905808144957
Walker2d-v5,klprho0p05,20,foot_left_mass,related_physics,0.3583857189317828,0.7142857142857143,0.18294680202827585
Walker2d-v5,klprho0p05,21,foot_left_mass,related_physics,0.6178242336378625,0.14285714285714285,0.3992477326935859
Walker2d-v5,klprho0p05,22,foot_left_mass,related_physics,1.0,0.0,1.1080922888919245
Walker2d-v5,klprho0p05,23,foot_left_mass,related_physics,0.9044092403238987,0.0,0.6880638842476711
Walker2d-v5,klprho0p05,24,foot_left_mass,related_physics,0.5980447449417552,0.42857142857142855,0.22714092278803252
Walker2d-v5,klprho0p05,25,foot_left_mass,related_physics,0.9597154262319069,0.0,0.8314276428187767
Walker2d-v5,klprho0p05,26,foot_left_mass,related_physics,0.9357136329088311,0.0,0.7470112928055516
Walker2d-v5,klprho0p05,27,foot_left_mass,related_physics,0.9658995229009049,0.0,0.846139607285254
Walker2d-v5,klprho0p05,28,foot_left_mass,related_physics,0.7274802663354837,0.14285714285714285,0.40648090074265
Walker2d-v5,klprho0p05,29,foot_left_mass,related_physics,0.7322799035442653,0.14285714285714285,0.42239468397843677
Walker2d-v5,klprho0p05,30,foot_left_mass,related_physics,0.8976928405696744,0.0,0.7328500038462845
Walker2d-v5,klprho0p05,31,foot_left_mass,related_physics,0.9748889292474213,0.0,0.8898106053114372
Walker2d-v5,klprho0p05,32,foot_left_mass,related_physics,0.9382042910994637,0.0,0.7116200251308303
Walker2d-v5,klprho0p05,33,foot_left_mass,related_physics,0.868265753318736,0.0,0.6141825468592662
Walker2d-v5,klprho0p05,34,foot_left_mass,related_physics,0.8247713277322657,0.0,0.5747650402618691
Walker2d-v5,klprho0p05,35,foot_left_mass,related_physics,0.937994189306779,0.0,0.7180757789240925
Walker2d-v5,klprho0p05,6,leg_left_mass,related_physics,0.9909900780168776,0.0,0.9632188163013305
Walker2d-v5,klprho0p05,7,leg_left_mass,related_physics,0.0416256267167595,1.0,0.003819212279147243
Walker2d-v5,klprho0p05,8,leg_left_mass,related_physics,0.9639131135301848,0.0,0.9544747486764781
Walker2d-v5,klprho0p05,9,leg_left_mass,related_physics,0.8228065741156404,0.0,0.8029080997569099
Walker2d-v5,klprho0p05,10,leg_left_mass,related_physics,0.99898160237342,0.0,1.0100502256422286
Walker2d-v5,klprho0p05,11,leg_left_mass,related_physics,0.9669598526222878,0.0,0.9508531906343566
Walker2d-v5,klprho0p05,12,leg_left_mass,related_physics,1.0,0.0,1.0489419314724469
Walker2d-v5,klprho0p05,13,leg_left_mass,related_physics,0.7113830217555159,0.14285714285714285,0.5076427126237825
Walker2d-v5,klprho0p05,14,leg_left_mass,related_physics,0.8420075588519865,0.0,0.824319155330037
Walker2d-v5,klprho0p05,15,leg_left_mass,related_physics,0.9961604394123565,0.0,0.9827816332836378
Walker2d-v5,klprho0p05,16,leg_left_mass,related_physics,0.9529542471610307,0.0,0.8003411739247702
Walker2d-v5,klprho0p05,17,leg_left_mass,related_physics,1.0,0.0,1.1166169862741293
Walker2d-v5,klprho0p05,18,leg_left_mass,related_physics,0.9670314565158964,0.0,0.8943130118579924
Walker2d-v5,klprho0p05,19,leg_left_mass,related_physics,0.27228416343444395,1.0,0.25299447429902716
Walker2d-v5,klprho0p05,20,leg_left_mass,related_physics,0.4009348784150729,0.8571428571428571,0.2971090103787543
Walker2d-v5,klprho0p05,21,leg_left_mass,related_physics,0.6608116855666862,0.0,0.5886972337312945
Walker2d-v5,klprho0p05,22,leg_left_mass,related_physics,1.0,0.0,1.16028426439196
Walker2d-v5,klprho0p05,23,leg_left_mass,related_physics,1.0,0.0,1.083278793303438
Walker2d-v5,klprho0p05,24,leg_left_mass,related_physics,0.5896385901282609,0.42857142857142855,0.2617885858214244
Walker2d-v5,klprho0p05,25,leg_left_mass,related_physics,1.0,0.0,1.289134532979508
Walker2d-v5,klprho0p05,26,leg_left_mass,related_physics,0.9880625528540844,0.0,0.9467900552968569
Walker2d-v5,klprho0p05,27,leg_left_mass,related_physics,0.995923322052449,0.0,1.007288242137215
Walker2d-v5,klprho0p05,28,leg_left_mass,related_physics,0.8619693292184578,0.0,0.8299762377637004
Walker2d-v5,klprho0p05,29,leg_left_mass,related_physics,0.8167371919688764,0.0,0.7966892010138737
Walker2d-v5,klprho0p05,30,leg_left_mass,related_physics,0.9562382176651376,0.0,0.9269760939627224
Walker2d-v5,klprho0p05,31,leg_left_mass,related_physics,1.0,0.0,1.077937939305163
Walker2d-v5,klprho0p05,32,leg_left_mass,related_physics,1.0,0.0,1.1731720198268183
Walker2d-v5,klprho0p05,33,leg_left_mass,related_physics,0.9983815078395385,0.0,1.0114210277543727
Walker2d-v5,klprho0p05,34,leg_left_mass,related_physics,0.918570164076302,0.0,0.8766650422700849
Walker2d-v5,klprho0p05,35,leg_left_mass,related_physics,1.0,0.0,1.0805640741239464
Walker2d-v5,klprho0,6,damping,out_of_support,1.0,0.0,1.0656381346011568
Walker2d-v5,klprho0,7,damping,out_of_support,1.0,0.0,1.087622624545211
Walker2d-v5,klprho0,8,damping,out_of_support,1.0,0.0,1.137992086407208
Walker2d-v5,klprho0,9,damping,out_of_support,0.9787213311689325,0.0,0.9774668033105712
Walker2d-v5,klprho0,10,damping,out_of_support,0.6201331966630529,0.0,0.5557502559710535
Walker2d-v5,klprho0,11,damping,out_of_support,0.9898938027069605,0.0,0.9534175325053295
Walker2d-v5,klprho0,12,damping,out_of_support,1.0,0.0,1.3646401382105768
Walker2d-v5,klprho0,13,damping,out_of_support,0.9964115389296847,0.0,0.9820576946484237
Walker2d-v5,klprho0,14,damping,out_of_support,1.0,0.0,1.138635489851487
Walker2d-v5,klprho0,15,damping,out_of_support,1.0,0.0,1.2035482314415553
Walker2d-v5,klprho0,16,damping,out_of_support,1.0,0.0,1.146246286107625
Walker2d-v5,klprho0,17,damping,out_of_support,1.0,0.0,1.0161874860171658
Walker2d-v5,klprho0,18,damping,out_of_support,0.9998849080512547,0.0,1.022513935479162
Walker2d-v5,klprho0,19,damping,out_of_support,0.9586083253355432,0.0,0.9549284261421448
Walker2d-v5,klprho0,20,damping,out_of_support,1.0,0.0,1.0185511287730917
Walker2d-v5,klprho0,21,damping,out_of_support,1.0,0.0,1.3600534559429347
Walker2d-v5,klprho0,22,damping,out_of_support,1.0,0.0,1.2561858190766246
Walker2d-v5,klprho0,23,damping,out_of_support,1.0,0.0,1.00534373560988
Walker2d-v5,klprho0,24,damping,out_of_support,0.8775243255355265,0.0,0.8756741572911025
Walker2d-v5,klprho0,25,damping,out_of_support,0.899804352798053,0.0,0.8366081097562837
Walker2d-v5,klprho0,26,damping,out_of_support,0.984795534292457,0.0,0.9239776714622847
Walker2d-v5,klprho0,27,damping,out_of_support,0.9695645233857265,0.0,0.9657606604469057
Walker2d-v5,klprho0,28,damping,out_of_support,0.998656320753129,0.0,0.9942835537032376
Walker2d-v5,klprho0,29,damping,out_of_support,1.0,0.0,1.0599623186876899
Walker2d-v5,klprho0,30,damping,out_of_support,1.0,0.0,1.0133738670070915
Walker2d-v5,klprho0,31,damping,out_of_support,0.9504058789358731,0.0,0.9452823742269749
Walker2d-v5,klprho0,32,damping,out_of_support,1.0,0.0,1.0616810348068078
Walker2d-v5,klprho0,33,damping,out_of_support,0.9867840063207841,0.0,0.9446136101826723
Walker2d-v5,klprho0,34,damping,out_of_support,0.9282416789796403,0.0,0.9266428445613376
Walker2d-v5,klprho0,35,damping,out_of_support,1.0,0.0,1.3152424766521857
Walker2d-v5,klprho0p05,6,thigh_left_mass,related_physics,0.9881311791693982,0.0,0.946876900890015
Walker2d-v5,klprho0p05,7,thigh_left_mass,related_physics,0.051921858251239295,1.0,0.004206395342304009
Walker2d-v5,klprho0p05,8,thigh_left_mass,related_physics,0.930701188488797,0.0,0.8720704270386284
Walker2d-v5,klprho0p05,9,thigh_left_mass,related_physics,0.7524804452960577,0.07142857142857142,0.5873554122966521
Walker2d-v5,klprho0p05,10,thigh_left_mass,related_physics,0.9998021324830075,0.0,1.0052282239158836
Walker2d-v5,klprho0p05,11,thigh_left_mass,related_physics,0.9077369541370958,0.0,0.8015142359244788
Walker2d-v5,klprho0p05,12,thigh_left_mass,related_physics,1.0,0.0,1.0114557890851217
Walker2d-v5,klprho0p05,13,thigh_left_mass,related_physics,0.7226379556571957,0.2857142857142857,0.2622109008422964
Walker2d-v5,klprho0p05,14,thigh_left_mass,related_physics,0.8301601926534713,0.0,0.8037566250357461
Walker2d-v5,klprho0p05,15,thigh_left_mass,related_physics,0.9767307010600359,0.0,0.941119595770449
Walker2d-v5,klprho0p05,16,thigh_left_mass,related_physics,0.9671362273026044,0.0,0.8650771201815393
Walker2d-v5,klprho0p05,17,thigh_left_mass,related_physics,1.0,0.0,1.0987628722218188
Walker2d-v5,klprho0p05,18,thigh_left_mass,related_physics,0.9305604748949435,0.0,0.866032005863695
Walker2d-v5,klprho0p05,19,thigh_left_mass,related_physics,0.26729338325926155,1.0,0.2532858093011141
Walker2d-v5,klprho0p05,20,thigh_left_mass,related_physics,0.4004726396322337,1.0,0.33121188419259523
Walker2d-v5,klprho0p05,21,thigh_left_mass,related_physics,0.6546772376512295,0.14285714285714285,0.46970359433966785
Walker2d-v5,klprho0p05,22,thigh_left_mass,related_physics,1.0,0.0,1.1046823403150121
Walker2d-v5,klprho0p05,23,thigh_left_mass,related_physics,1.0,0.0,1.1026394673367168
Walker2d-v5,klprho0p05,24,thigh_left_mass,related_physics,0.868744011545161,0.07142857142857142,0.6585842838542221
Walker2d-v5,klprho0p05,25,thigh_left_mass,related_physics,1.0,0.0,1.2815755858499174
Walker2d-v5,klprho0p05,26,thigh_left_mass,related_physics,0.9976091791194549,0.0,0.9944549129207254
Walker2d-v5,klprho0p05,27,thigh_left_mass,related_physics,0.9998700268112323,0.0,1.0106588750635976
Walker2d-v5,klprho0p05,28,thigh_left_mass,related_physics,0.8417799101687723,0.0,0.7866382104569803
Walker2d-v5,klprho0p05,29,thigh_left_mass,related_physics,0.7838670643304904,0.0,0.6821383983749708
Walker2d-v5,klprho0p05,30,thigh_left_mass,related_physics,0.9177120275569246,0.0,0.838501150444727
Walker2d-v5,klprho0p05,31,thigh_left_mass,related_physics,1.0,0.0,1.070314890695898
Walker2d-v5,klprho0p05,32,thigh_left_mass,related_physics,0.9985862625491946,0.0,1.0678726032618877
Walker2d-v5,klprho0p05,33,thigh_left_mass,related_physics,0.9129404744560039,0.0,0.6464218160092422
Walker2d-v5,klprho0p05,34,thigh_left_mass,related_physics,0.8351316764761121,0.0,0.690157781446902
Walker2d-v5,klprho0p05,35,thigh_left_mass,related_physics,0.9928279443828101,0.0,0.9712710758574389
Walker2d-v5,vanilla,6,friction_damping,out_of_support,0.5993160195505746,0.4,0.048093119272443446
Walker2d-v5,vanilla,7,friction_damping,out_of_support,0.6170018656090773,0.3333333333333333,0.05899658791449306
Walker2d-v5,vanilla,8,friction_damping,out_of_support,0.561420964106041,0.26666666666666666,0.05526866267336095
Walker2d-v5,vanilla,9,friction_damping,out_of_support,0.6784123105612019,0.26666666666666666,0.07703435437842143
Walker2d-v5,vanilla,10,friction_damping,out_of_support,0.7273798442347814,0.26666666666666666,0.056641334393540965
Walker2d-v5,vanilla,11,friction_damping,out_of_support,0.6597033876905865,0.4,0.07373247337250144
Walker2d-v5,vanilla,12,friction_damping,out_of_support,0.6722807806461807,0.3333333333333333,0.06628265654491507
Walker2d-v5,vanilla,13,friction_damping,out_of_support,0.7622135708006457,0.26666666666666666,0.1611886830724639
Walker2d-v5,vanilla,14,friction_damping,out_of_support,0.6819548831330668,0.3333333333333333,0.05591866771621786
Walker2d-v5,vanilla,15,friction_damping,out_of_support,0.6283971030201259,0.3333333333333333,0.048946558490642784
Walker2d-v5,vanilla,16,friction_damping,out_of_support,0.6131306168309936,0.4,0.05063691818295516
Walker2d-v5,vanilla,17,friction_damping,out_of_support,0.7251755441758084,0.2,0.09593680509445003
Walker2d-v5,vanilla,18,friction_damping,out_of_support,0.7072755953791553,0.26666666666666666,0.06219969984797654
Walker2d-v5,vanilla,19,friction_damping,out_of_support,0.5839894612566826,0.4,0.05197439361426096
Walker2d-v5,vanilla,20,friction_damping,out_of_support,0.7070709356531016,0.26666666666666666,0.053351355941406886
Walker2d-v5,vanilla,21,friction_damping,out_of_support,0.7308890911734782,0.26666666666666666,0.05240372678125272
Walker2d-v5,vanilla,22,friction_damping,out_of_support,0.647547655890134,0.3333333333333333,0.06434836837336456
Walker2d-v5,vanilla,23,friction_damping,out_of_support,0.7728308613172408,0.13333333333333333,0.22790572521105243
Walker2d-v5,vanilla,24,friction_damping,out_of_support,0.6454525254895783,0.2,0.05319338930690881
Walker2d-v5,vanilla,25,friction_damping,out_of_support,0.7803067660947686,0.2,0.08880090405551959
Walker2d-v5,vanilla,26,friction_damping,out_of_support,0.6263065746176405,0.4,0.05148207108240447
Walker2d-v5,vanilla,27,friction_damping,out_of_support,0.6026516035763634,0.3333333333333333,0.06848692289350654
Walker2d-v5,vanilla,28,friction_damping,out_of_support,0.753597080406561,0.26666666666666666,0.06721165786857543
Walker2d-v5,vanilla,29,friction_damping,out_of_support,0.7898643780488138,0.2,0.07064233318985684
Walker2d-v5,vanilla,30,friction_damping,out_of_support,0.5882460160988158,0.4666666666666667,0.05483815992925762
Walker2d-v5,vanilla,31,friction_damping,out_of_support,0.5952629809917951,0.4,0.06392063859695953
Walker2d-v5,vanilla,32,friction_damping,out_of_support,0.661177749665751,0.3333333333333333,0.046040443683098474
Walker2d-v5,vanilla,33,friction_damping,out_of_support,0.6893031581990743,0.26666666666666666,0.052002760319988926
Walker2d-v5,vanilla,34,friction_damping,out_of_support,0.7851959812480321,0.2,0.07801468960773718
Walker2d-v5,vanilla,35,friction_damping,out_of_support,0.7444258726019946,0.26666666666666666,0.0830883223596681
Walker2d-v5,klprho0,6,friction_damping,out_of_support,0.728867146278596,0.26666666666666666,0.08370553044147672
Walker2d-v5,klprho0,7,friction_damping,out_of_support,0.694569384113836,0.3333333333333333,0.06386932966289224
Walker2d-v5,klprho0,8,friction_damping,out_of_support,0.7849840288727739,0.2,0.09322433867695758
Walker2d-v5,klprho0,9,friction_damping,out_of_support,0.6429730980240833,0.4,0.056578625034502394
Walker2d-v5,klprho0,10,friction_damping,out_of_support,0.3737012650859976,0.7333333333333333,0.0566097513209465
Walker2d-v5,klprho0,11,friction_damping,out_of_support,0.6203715753911478,0.4,0.06202985675976954
Walker2d-v5,klprho0,12,friction_damping,out_of_support,0.8531183452744099,0.13333333333333333,0.26559172637204925
Walker2d-v5,klprho0,13,friction_damping,out_of_support,0.5482357541611481,0.4,0.059934850780776074
Walker2d-v5,klprho0,14,friction_damping,out_of_support,0.7517869437987386,0.26666666666666666,0.06289239971286556
Walker2d-v5,klprho0,15,friction_damping,out_of_support,0.7810509898904251,0.2,0.07269012620797008
Walker2d-v5,klprho0,16,friction_damping,out_of_support,0.7164168228066735,0.26666666666666666,0.0482178578983628
Walker2d-v5,klprho0,17,friction_damping,out_of_support,0.6477287225350882,0.3333333333333333,0.057775112074524626
Walker2d-v5,klprho0,18,friction_damping,out_of_support,0.6521395692987783,0.4,0.05614756459297451
Walker2d-v5,klprho0,19,friction_damping,out_of_support,0.6165264672207093,0.3333333333333333,0.07031578852619554
Walker2d-v5,klprho0,20,friction_damping,out_of_support,0.6716505888372737,0.3333333333333333,0.05712817351366245
Walker2d-v5,klprho0,21,friction_damping,out_of_support,0.750847197217734,0.26666666666666666,0.041139407054996885
Walker2d-v5,klprho0,22,friction_damping,out_of_support,0.834464682737519,0.2,0.17232341368759496
Walker2d-v5,klprho0,23,friction_damping,out_of_support,0.6189113427947529,0.4666666666666667,0.07265384380578421
Walker2d-v5,klprho0,24,friction_damping,out_of_support,0.5987574389721395,0.4,0.07193839767020165
Walker2d-v5,klprho0,25,friction_damping,out_of_support,0.5536718197729947,0.4,0.06599435285199617
Walker2d-v5,klprho0,26,friction_damping,out_of_support,0.5207525690160475,0.6,0.04979192120302226
Walker2d-v5,klprho0,27,friction_damping,out_of_support,0.4947998767396476,0.6,0.05924968485275962
Walker2d-v5,klprho0,28,friction_damping,out_of_support,0.6512466150861725,0.3333333333333333,0.06559555524405584
Walker2d-v5,klprho0,29,friction_damping,out_of_support,0.6386344937062457,0.4,0.07115338320385743
Walker2d-v5,klprho0,30,friction_damping,out_of_support,0.6993985640863339,0.26666666666666666,0.049894804888357285
Walker2d-v5,klprho0,31,friction_damping,out_of_support,0.7425249894986702,0.26666666666666666,0.05083575488274217
Walker2d-v5,klprho0,32,friction_damping,out_of_support,0.7531617995195922,0.2,0.05775173661753364
Walker2d-v5,klprho0,33,friction_damping,out_of_support,0.6813420838411643,0.3333333333333333,0.09448209837880894
Walker2d-v5,klprho0,34,friction_damping,out_of_support,0.428468334156788,0.6,0.05145029592132944
Walker2d-v5,klprho0,35,friction_damping,out_of_support,0.5812806314925969,0.4666666666666667,0.03751510348599379
Walker2d-v5,klprho0p05,6,friction_damping,out_of_support,0.5922951416840448,0.4,0.08723968349723708
Walker2d-v5,klprho0p05,7,friction_damping,out_of_support,0.02544281308961377,1.0,0.013673183116761264
Walker2d-v5,klprho0p05,8,friction_damping,out_of_support,0.526338639333771,0.4666666666666667,0.0750674673835241
Walker2d-v5,klprho0p05,9,friction_damping,out_of_support,0.5357558698307856,0.4,0.0771165074794022
Walker2d-v5,klprho0p05,10,friction_damping,out_of_support,0.5142942349334374,0.5333333333333333,0.06843679590599355
Walker2d-v5,klprho0p05,11,friction_damping,out_of_support,0.5798870678322897,0.4,0.07287276756946537
Walker2d-v5,klprho0p05,12,friction_damping,out_of_support,0.7490563982344727,0.26666666666666666,0.04473736282069974
Walker2d-v5,klprho0p05,13,friction_damping,out_of_support,0.47150345654054093,0.4666666666666667,0.0599429747117609
Walker2d-v5,klprho0p05,14,friction_damping,out_of_support,0.5658157936336005,0.3333333333333333,0.07480915418922902
Walker2d-v5,klprho0p05,15,friction_damping,out_of_support,0.6156831997454836,0.4,0.046712728656855405
Walker2d-v5,klprho0p05,16,friction_damping,out_of_support,0.6032401792169322,0.4,0.06909478240704976
Walker2d-v5,klprho0p05,17,friction_damping,out_of_support,0.7002098591325755,0.26666666666666666,0.06446113017409266
Walker2d-v5,klprho0p05,18,friction_damping,out_of_support,0.5279170734062822,0.4666666666666667,0.04246767029690488
Walker2d-v5,klprho0p05,19,friction_damping,out_of_support,0.16724170636365557,1.0,0.06685889736635764
Walker2d-v5,klprho0p05,20,friction_damping,out_of_support,0.2370864784039746,1.0,0.043987502635672436
Walker2d-v5,klprho0p05,21,friction_damping,out_of_support,0.36765771295513244,0.6666666666666666,0.053060256301491034
Walker2d-v5,klprho0p05,22,friction_damping,out_of_support,0.7064617893481931,0.3333333333333333,0.04895746675215113
Walker2d-v5,klprho0p05,23,friction_damping,out_of_support,0.7559603203835705,0.2,0.08629048877079148
Walker2d-v5,klprho0p05,24,friction_damping,out_of_support,0.6068092756258266,0.4,0.06860939620421476
Walker2d-v5,klprho0p05,25,friction_damping,out_of_support,0.8224860115920551,0.2,0.19237011236742077
Walker2d-v5,klprho0p05,26,friction_damping,out_of_support,0.6738654678645374,0.3333333333333333,0.04480984881537183
Walker2d-v5,klprho0p05,27,friction_damping,out_of_support,0.6137325699114398,0.4,0.020379114003798098
Walker2d-v5,klprho0p05,28,friction_damping,out_of_support,0.6179928412293308,0.3333333333333333,0.11772527571928341
Walker2d-v5,klprho0p05,29,friction_damping,out_of_support,0.49832900011056996,0.4666666666666667,0.0479557903861752
Walker2d-v5,klprho0p05,30,friction_damping,out_of_support,0.7408790837924,0.2,0.09046177655272143
Walker2d-v5,klprho0p05,31,friction_damping,out_of_support,0.7668899462335991,0.2,0.06434726607333026
Walker2d-v5,klprho0p05,32,friction_damping,out_of_support,0.7368147295170734,0.26666666666666666,0.0667887700634342
Walker2d-v5,klprho0p05,33,friction_damping,out_of_support,0.6627539495706493,0.4,0.06025814716003217
Walker2d-v5,klprho0p05,34,friction_damping,out_of_support,0.5850996047974383,0.4,0.0592914784133299
Walker2d-v5,klprho0p05,35,friction_damping,out_of_support,0.5928160220093838,0.4,0.04495088026287241
Walker2d-v5,vanilla,6,friction_mass,related_physics,0.4400657634990566,0.5714285714285714,0.031636076373058555
Walker2d-v5,vanilla,7,friction_mass,related_physics,0.37449876774923957,0.6428571428571429,0.01327988801334311
Walker2d-v5,vanilla,8,friction_mass,related_physics,0.4203580253947896,0.5,0.05376163743802686
Walker2d-v5,vanilla,9,friction_mass,related_physics,0.4569826658140851,0.5714285714285714,0.05019023995768234
Walker2d-v5,vanilla,10,friction_mass,related_physics,0.5364267580429681,0.5,0.04062258703358828
Walker2d-v5,vanilla,11,friction_mass,related_physics,0.504927795390511,0.5,0.03250506307154997
Walker2d-v5,vanilla,12,friction_mass,related_physics,0.46620347215910657,0.5,0.04129350427520644
Walker2d-v5,vanilla,13,friction_mass,related_physics,0.5924090675877803,0.42857142857142855,0.06878123571419148
Walker2d-v5,vanilla,14,friction_mass,related_physics,0.2806001779937445,0.7857142857142857,0.03930880679590284
Walker2d-v5,vanilla,15,friction_mass,related_physics,0.46384934401735584,0.5,0.044464104539722576
Walker2d-v5,vanilla,16,friction_mass,related_physics,0.4756048745873311,0.5,0.03388726704650743
Walker2d-v5,vanilla,17,friction_mass,related_physics,0.5924351799784857,0.35714285714285715,0.050827869417440864
Walker2d-v5,vanilla,18,friction_mass,related_physics,0.5565027657033429,0.5,0.04785435444278818
Walker2d-v5,vanilla,19,friction_mass,related_physics,0.4178679650586278,0.5714285714285714,0.031436839792580475
Walker2d-v5,vanilla,20,friction_mass,related_physics,0.4404847461839867,0.5714285714285714,0.0406831436850221
Walker2d-v5,vanilla,21,friction_mass,related_physics,0.5525290360524047,0.42857142857142855,0.04660947871502646
Walker2d-v5,vanilla,22,friction_mass,related_physics,0.5297516540336721,0.42857142857142855,0.014749232877435937
Walker2d-v5,vanilla,23,friction_mass,related_physics,0.5241231510181837,0.42857142857142855,0.04546053645614101
Walker2d-v5,vanilla,24,friction_mass,related_physics,0.42976552329289575,0.5714285714285714,0.03246213087413325
Walker2d-v5,vanilla,25,friction_mass,related_physics,0.42282580016365184,0.5714285714285714,0.036695531415009405
Walker2d-v5,vanilla,26,friction_mass,related_physics,0.5517028625400958,0.42857142857142855,0.043679478768207776
Walker2d-v5,vanilla,27,friction_mass,related_physics,0.38325053398499825,0.6428571428571429,0.04367422192280398
Walker2d-v5,vanilla,28,friction_mass,related_physics,0.6242963258082315,0.42857142857142855,0.060330476079807065
Walker2d-v5,vanilla,29,friction_mass,related_physics,0.506622094615847,0.5,0.040924647156411746
Walker2d-v5,vanilla,30,friction_mass,related_physics,0.3964493386847172,0.7142857142857143,0.04283625825348761
Walker2d-v5,vanilla,31,friction_mass,related_physics,0.41959968542967147,0.6428571428571429,0.03702434702106042
Walker2d-v5,vanilla,32,friction_mass,related_physics,0.48919958215527054,0.5714285714285714,0.01136121475101388
Walker2d-v5,vanilla,33,friction_mass,related_physics,0.4672487585601471,0.5,0.04907725002322925
Walker2d-v5,vanilla,34,friction_mass,related_physics,0.5385835278206131,0.42857142857142855,0.03777225524792915
Walker2d-v5,vanilla,35,friction_mass,related_physics,0.503330560433372,0.5,0.031028411868429296
Walker2d-v5,vanilla,6,friction_mass_damping,related_physics,0.4220133872926601,0.5714285714285714,0.03417165895158331
Walker2d-v5,vanilla,7,friction_mass_damping,related_physics,0.3836484046236545,0.6428571428571429,0.014807195796867184
Walker2d-v5,vanilla,8,friction_mass_damping,related_physics,0.41943273160539496,0.5,0.05080023683414634
Walker2d-v5,vanilla,9,friction_mass_damping,related_physics,0.4519663606182945,0.5714285714285714,0.04919925772166083
Walker2d-v5,vanilla,10,friction_mass_damping,related_physics,0.5327947725876195,0.5,0.04006255652313723
Walker2d-v5,vanilla,11,friction_mass_damping,related_physics,0.5049487662989632,0.5714285714285714,0.041291294739520694
Walker2d-v5,vanilla,12,friction_mass_damping,related_physics,0.44647234104788625,0.5714285714285714,0.05483719248541961
Walker2d-v5,vanilla,13,friction_mass_damping,related_physics,0.5935974871697229,0.42857142857142855,0.06953309928217612
Walker2d-v5,vanilla,14,friction_mass_damping,related_physics,0.2777814528722103,0.7857142857142857,0.037301161492241545
Walker2d-v5,vanilla,15,friction_mass_damping,related_physics,0.46657595693790094,0.5714285714285714,0.03704600377216121
Walker2d-v5,vanilla,16,friction_mass_damping,related_physics,0.47772810768523416,0.5,0.04121592794514569
Walker2d-v5,vanilla,17,friction_mass_damping,related_physics,0.5911186226793738,0.35714285714285715,0.051399113718152346
Walker2d-v5,vanilla,18,friction_mass_damping,related_physics,0.555074112913104,0.5,0.044928615857446785
Walker2d-v5,vanilla,19,friction_mass_damping,related_physics,0.4040524408900095,0.5714285714285714,0.02956917516550876
Walker2d-v5,vanilla,20,friction_mass_damping,related_physics,0.43821647733664637,0.6428571428571429,0.03872563948444723
Walker2d-v5,vanilla,21,friction_mass_damping,related_physics,0.5296011415289316,0.42857142857142855,0.034387970544479084
Walker2d-v5,vanilla,22,friction_mass_damping,related_physics,0.5043123803651188,0.42857142857142855,0.002910065407934726
Walker2d-v5,vanilla,23,friction_mass_damping,related_physics,0.5085914911086594,0.42857142857142855,0.03830438747546774
Walker2d-v5,vanilla,24,friction_mass_damping,related_physics,0.4186283186005448,0.5714285714285714,0.02553185434018357
Walker2d-v5,vanilla,25,friction_mass_damping,related_physics,0.43812460399572284,0.5714285714285714,0.03414446717628283
Walker2d-v5,vanilla,26,friction_mass_damping,related_physics,0.5199855653544634,0.5,0.042216537831812485
Walker2d-v5,vanilla,27,friction_mass_damping,related_physics,0.3666668671995851,0.6428571428571429,0.042243266484325116
Walker2d-v5,vanilla,28,friction_mass_damping,related_physics,0.6263094221347326,0.42857142857142855,0.04677104031313698
Walker2d-v5,vanilla,29,friction_mass_damping,related_physics,0.4897131627997419,0.5714285714285714,0.03180227020461852
Walker2d-v5,vanilla,30,friction_mass_damping,related_physics,0.38513916946553095,0.7142857142857143,0.03951886186958237
Walker2d-v5,vanilla,31,friction_mass_damping,related_physics,0.40050418692689266,0.6428571428571429,0.027721309841960255
Walker2d-v5,vanilla,32,friction_mass_damping,related_physics,0.4747973728958427,0.5714285714285714,0.011341346835276662
Walker2d-v5,vanilla,33,friction_mass_damping,related_physics,0.4646115223664212,0.5,0.04540992080913812
Walker2d-v5,vanilla,34,friction_mass_damping,related_physics,0.5212084804980903,0.5,0.0342473191158732
Walker2d-v5,vanilla,35,friction_mass_damping,related_physics,0.5034898330263079,0.5,0.027339219274576176
Walker2d-v5,vanilla,6,mass_damping,related_physics,0.44084782844663545,0.5714285714285714,0.03327284068558176
Walker2d-v5,vanilla,7,mass_damping,related_physics,0.3374867750328749,0.7142857142857143,0.012885200071801842
Walker2d-v5,vanilla,8,mass_damping,related_physics,0.3399190144332929,0.6428571428571429,0.04420348586217188
Walker2d-v5,vanilla,9,mass_damping,related_physics,0.4092500742357809,0.6428571428571429,0.050311817657552604
Walker2d-v5,vanilla,10,mass_damping,related_physics,0.5384926340041946,0.42857142857142855,0.042364366677448285
Walker2d-v5,vanilla,11,mass_damping,related_physics,0.5369977763042444,0.5714285714285714,0.04495785896938012
Walker2d-v5,vanilla,12,mass_damping,related_physics,0.4596499399573158,0.5714285714285714,0.03311870854636692
Walker2d-v5,vanilla,13,mass_damping,related_physics,0.6062070440814186,0.35714285714285715,0.07635637299220793
Walker2d-v5,vanilla,14,mass_damping,related_physics,0.24250986575609554,0.8571428571428571,0.047827749114208895
Walker2d-v5,vanilla,15,mass_damping,related_physics,0.4970172010050275,0.5,0.04866292486885466
Walker2d-v5,vanilla,16,mass_damping,related_physics,0.49137167621167765,0.5,0.05470918331970198
Walker2d-v5,vanilla,17,mass_damping,related_physics,0.5323790101414551,0.42857142857142855,0.06426667478948735
Walker2d-v5,vanilla,18,mass_damping,related_physics,0.5413954362717308,0.5,0.05418545334853336
Walker2d-v5,vanilla,19,mass_damping,related_physics,0.44640654466964896,0.5,0.012640505498321153
Walker2d-v5,vanilla,20,mass_damping,related_physics,0.4825757747965803,0.5,0.05764372149813474
Walker2d-v5,vanilla,21,mass_damping,related_physics,0.5601948664240121,0.42857142857142855,0.03481859534119109
Walker2d-v5,vanilla,22,mass_damping,related_physics,0.5496337910595542,0.5,0.017878848993377962
Walker2d-v5,vanilla,23,mass_damping,related_physics,0.509868138588392,0.5,0.04654837161127445
Walker2d-v5,vanilla,24,mass_damping,related_physics,0.42715832116167307,0.5714285714285714,0.022193815356405716
Walker2d-v5,vanilla,25,mass_damping,related_physics,0.5098276611376412,0.5,0.046648785698542417
Walker2d-v5,vanilla,26,mass_damping,related_physics,0.559382009130014,0.42857142857142855,0.048715993993859986
Walker2d-v5,vanilla,27,mass_damping,related_physics,0.4192128073964052,0.5714285714285714,0.03797456162909673
Walker2d-v5,vanilla,28,mass_damping,related_physics,0.6561773074911124,0.35714285714285715,0.04736648673345122
Walker2d-v5,vanilla,29,mass_damping,related_physics,0.5031223709894003,0.5,0.028980483042435567
Walker2d-v5,vanilla,30,mass_damping,related_physics,0.35996443414081086,0.7142857142857143,0.037430769664967486
Walker2d-v5,vanilla,31,mass_damping,related_physics,0.44510173898132116,0.6428571428571429,0.04280965019521168
Walker2d-v5,vanilla,32,mass_damping,related_physics,0.5562386671565157,0.42857142857142855,0.018665821826535953
Walker2d-v5,vanilla,33,mass_damping,related_physics,0.4511755717530401,0.5714285714285714,0.05247084473883342
Walker2d-v5,vanilla,34,mass_damping,related_physics,0.5264514062740336,0.5,0.05618716445463371
Walker2d-v5,vanilla,35,mass_damping,related_physics,0.49606055566272605,0.5714285714285714,0.042504240939445236
Walker2d-v5,klprho0,6,friction_mass,related_physics,0.502678617123091,0.5,0.0534897516288119
Walker2d-v5,klprho0,7,friction_mass,related_physics,0.5258893305799309,0.5,0.03720791200405755
Walker2d-v5,klprho0,8,friction_mass,related_physics,0.6125140174324971,0.42857142857142855,0.05729111047742578
Walker2d-v5,klprho0,9,friction_mass,related_physics,0.4818613258877939,0.5,0.034328604221703495
Walker2d-v5,klprho0,10,friction_mass,related_physics,0.36328184876084785,0.7142857142857143,0.04248349834035917
Walker2d-v5,klprho0,11,friction_mass,related_physics,0.48260618775196973,0.5714285714285714,0.025203108008083425
Walker2d-v5,klprho0,12,friction_mass,related_physics,0.7724628319233392,0.2857142857142857,0.1136409689157899
Walker2d-v5,klprho0,13,friction_mass,related_physics,0.4928192877556534,0.5714285714285714,0.04237792321418904
Walker2d-v5,klprho0,14,friction_mass,related_physics,0.467068336530204,0.6428571428571429,0.03192005072471329
Walker2d-v5,klprho0,15,friction_mass,related_physics,0.5500183163260085,0.5,0.05068983656321321
Walker2d-v5,klprho0,16,friction_mass,related_physics,0.5273283393208487,0.5,0.047663105653644865
Walker2d-v5,klprho0,17,friction_mass,related_physics,0.5206223763120205,0.5,0.03596677897760448
Walker2d-v5,klprho0,18,friction_mass,related_physics,0.4991886470700897,0.5714285714285714,0.048141835862101336
Walker2d-v5,klprho0,19,friction_mass,related_physics,0.4360966687458892,0.6428571428571429,0.04853084188125806
Walker2d-v5,klprho0,20,friction_mass,related_physics,0.42732266696727195,0.5714285714285714,0.03331067903373298
Walker2d-v5,klprho0,21,friction_mass,related_physics,0.5382245615145088,0.5,0.03915752773770643
Walker2d-v5,klprho0,22,friction_mass,related_physics,0.5613559629253425,0.5,0.01828168234605542
Walker2d-v5,klprho0,23,friction_mass,related_physics,0.5247121404029395,0.5,0.0356213488643178
Walker2d-v5,klprho0,24,friction_mass,related_physics,0.4576654200334411,0.5714285714285714,0.045835244197916875
Walker2d-v5,klprho0,25,friction_mass,related_physics,0.4038862921328639,0.6428571428571429,0.0387856800682142
Walker2d-v5,klprho0,26,friction_mass,related_physics,0.46830900471612663,0.5,0.020682530420484343
Walker2d-v5,klprho0,27,friction_mass,related_physics,0.3607747501670966,0.7142857142857143,0.04217593845882039
Walker2d-v5,klprho0,28,friction_mass,related_physics,0.49023516322749494,0.5714285714285714,0.047578330908494094
Walker2d-v5,klprho0,29,friction_mass,related_physics,0.3815771207577773,0.6428571428571429,0.045435906812742205
Walker2d-v5,klprho0,30,friction_mass,related_physics,0.508160280041831,0.5,0.01974136978189618
Walker2d-v5,klprho0,31,friction_mass,related_physics,0.4642471175138261,0.5,0.03439908332411406
Walker2d-v5,klprho0,32,friction_mass,related_physics,0.5159563733362923,0.5,0.040164034879663815
Walker2d-v5,klprho0,33,friction_mass,related_physics,0.4940541390541581,0.5,0.026735834641242868
Walker2d-v5,klprho0,34,friction_mass,related_physics,0.32864954929754,0.6428571428571429,0.03298211085666159
Walker2d-v5,klprho0,35,friction_mass,related_physics,0.5928286214652251,0.42857142857142855,0.04716754511407215
Walker2d-v5,klprho0,6,friction_mass_damping,related_physics,0.4974373946491061,0.5,0.04992156167137107
Walker2d-v5,klprho0,7,friction_mass_damping,related_physics,0.5392871590022924,0.42857142857142855,0.044334028714244585
Walker2d-v5,klprho0,8,friction_mass_damping,related_physics,0.6180133355558844,0.42857142857142855,0.05324803612283868
Walker2d-v5,klprho0,9,friction_mass_damping,related_physics,0.5036181279376655,0.5714285714285714,0.03218706140622311
Walker2d-v5,klprho0,10,friction_mass_damping,related_physics,0.33484287836486926,0.7142857142857143,0.04031028373416339
Walker2d-v5,klprho0,11,friction_mass_damping,related_physics,0.46066711105510816,0.5714285714285714,0.024941391199910817
Walker2d-v5,klprho0,12,friction_mass_damping,related_physics,0.7403046244746546,0.2857142857142857,0.08123240213972027
Walker2d-v5,klprho0,13,friction_mass_damping,related_physics,0.49962920939778144,0.5,0.042494592138609254
Walker2d-v5,klprho0,14,friction_mass_damping,related_physics,0.46674008858038485,0.5714285714285714,0.019468012770502387
Walker2d-v5,klprho0,15,friction_mass_damping,related_physics,0.5359767830824399,0.5,0.0457049622180451
Walker2d-v5,klprho0,16,friction_mass_damping,related_physics,0.5424135964289539,0.42857142857142855,0.046972755586144055
Walker2d-v5,klprho0,17,friction_mass_damping,related_physics,0.5091924120753022,0.5,0.03778087022291365
Walker2d-v5,klprho0,18,friction_mass_damping,related_physics,0.4893200070694315,0.5714285714285714,0.04195334179555732
Walker2d-v5,klprho0,19,friction_mass_damping,related_physics,0.42433690703870663,0.6428571428571429,0.04021045208110898
Walker2d-v5,klprho0,20,friction_mass_damping,related_physics,0.4030806845456906,0.6428571428571429,0.03662705583224556
Walker2d-v5,klprho0,21,friction_mass_damping,related_physics,0.4813287210055336,0.5,0.03372013452862221
Walker2d-v5,klprho0,22,friction_mass_damping,related_physics,0.5340425751223813,0.42857142857142855,0.015785997368293832
Walker2d-v5,klprho0,23,friction_mass_damping,related_physics,0.5095765481574444,0.5,0.039457696522892834
Walker2d-v5,klprho0,24,friction_mass_damping,related_physics,0.4592622610452155,0.5714285714285714,0.04010695703392169
Walker2d-v5,klprho0,25,friction_mass_damping,related_physics,0.38919029094446195,0.6428571428571429,0.03161976505238946
Walker2d-v5,klprho0,26,friction_mass_damping,related_physics,0.45467009302857236,0.5714285714285714,0.023093173377837273
Walker2d-v5,klprho0,27,friction_mass_damping,related_physics,0.3361187607324303,0.7142857142857143,0.0322711533047436
Walker2d-v5,klprho0,28,friction_mass_damping,related_physics,0.4694035134790456,0.5714285714285714,0.043808249768664355
Walker2d-v5,klprho0,29,friction_mass_damping,related_physics,0.37816289559171673,0.5714285714285714,0.037058669056320485
Walker2d-v5,klprho0,30,friction_mass_damping,related_physics,0.48015388344281446,0.5,0.017802527881879665
Walker2d-v5,klprho0,31,friction_mass_damping,related_physics,0.45478019225640515,0.42857142857142855,0.03162189886603523
Walker2d-v5,klprho0,32,friction_mass_damping,related_physics,0.48923791727816784,0.5,0.03307439907218929
Walker2d-v5,klprho0,33,friction_mass_damping,related_physics,0.4403386982187701,0.5714285714285714,0.03974887248977633
Walker2d-v5,klprho0,34,friction_mass_damping,related_physics,0.30138096642757556,0.7857142857142857,0.029267705056157653
Walker2d-v5,klprho0,35,friction_mass_damping,related_physics,0.5990241500762007,0.42857142857142855,0.040295667696445055
Walker2d-v5,klprho0,6,mass_damping,related_physics,0.5477035611339437,0.5,0.0654289661835419
Walker2d-v5,klprho0,7,mass_damping,related_physics,0.5585063303786575,0.42857142857142855,0.048204061807242654
Walker2d-v5,klprho0,8,mass_damping,related_physics,0.6612475285046809,0.35714285714285715,0.075207558197499
Walker2d-v5,klprho0,9,mass_damping,related_physics,0.5019645251250651,0.42857142857142855,0.027942039053098108
Walker2d-v5,klprho0,10,mass_damping,related_physics,0.3234991506120245,0.6428571428571429,0.04927481498626061
Walker2d-v5,klprho0,11,mass_damping,related_physics,0.5843074142463361,0.42857142857142855,0.04414044912112137
Walker2d-v5,klprho0,12,mass_damping,related_physics,0.7419519979244014,0.2857142857142857,0.08479385455591366
Walker2d-v5,klprho0,13,mass_damping,related_physics,0.5308623113857722,0.5,0.06336830095313509
Walker2d-v5,klprho0,14,mass_damping,related_physics,0.4499105545969218,0.6428571428571429,0.05580463001458846
Walker2d-v5,klprho0,15,mass_damping,related_physics,0.5899305668741742,0.35714285714285715,0.05113739171498061
Walker2d-v5,klprho0,16,mass_damping,related_physics,0.5467493176342634,0.42857142857142855,0.060946221193705186
Walker2d-v5,klprho0,17,mass_damping,related_physics,0.5529466227026617,0.42857142857142855,0.04835178399889368
Walker2d-v5,klprho0,18,mass_damping,related_physics,0.4194371711832581,0.5714285714285714,0.05192929164232161
Walker2d-v5,klprho0,19,mass_damping,related_physics,0.4667610789470332,0.5714285714285714,0.058954286971708465
Walker2d-v5,klprho0,20,mass_damping,related_physics,0.5770522295433961,0.42857142857142855,0.05642125710387826
Walker2d-v5,klprho0,21,mass_damping,related_physics,0.4952528052255092,0.5714285714285714,0.03017349989566023
Walker2d-v5,klprho0,22,mass_damping,related_physics,0.6021026339386204,0.42857142857142855,0.022923224552213673
Walker2d-v5,klprho0,23,mass_damping,related_physics,0.48823429066538127,0.5,0.028449804180073698
Walker2d-v5,klprho0,24,mass_damping,related_physics,0.4960245050142296,0.5,0.06699478794740306
Walker2d-v5,klprho0,25,mass_damping,related_physics,0.40849801265640534,0.6428571428571429,0.053251857181311556
Walker2d-v5,klprho0,26,mass_damping,related_physics,0.5607731201295698,0.42857142857142855,0.06209527756965975
Walker2d-v5,klprho0,27,mass_damping,related_physics,0.3989895235004209,0.6428571428571429,0.055018611877037826
Walker2d-v5,klprho0,28,mass_damping,related_physics,0.4421498445545226,0.6428571428571429,0.04590156982650855
Walker2d-v5,klprho0,29,mass_damping,related_physics,0.3544022685574393,0.7142857142857143,0.04104484616906771
Walker2d-v5,klprho0,30,mass_damping,related_physics,0.541150291208826,0.42857142857142855,0.04592050615139648
Walker2d-v5,klprho0,31,mass_damping,related_physics,0.4249621378656893,0.5714285714285714,0.0369790065961747
Walker2d-v5,klprho0,32,mass_damping,related_physics,0.5300560635934174,0.42857142857142855,0.03761260148010542
Walker2d-v5,klprho0,33,mass_damping,related_physics,0.4795585602541263,0.5,0.048355464732771074
Walker2d-v5,klprho0,34,mass_damping,related_physics,0.3254023626245713,0.6428571428571429,0.03520282319555865
Walker2d-v5,klprho0,35,mass_damping,related_physics,0.738516969759749,0.2857142857142857,0.08697637195337583
Walker2d-v5,klprho0p05,6,friction_mass,related_physics,0.42551592307204517,0.6428571428571429,0.06549885167220663
Walker2d-v5,klprho0p05,7,friction_mass,related_physics,0.021157020314982625,1.0,-0.0019391983376270813
Walker2d-v5,klprho0p05,8,friction_mass,related_physics,0.4468504879938485,0.5714285714285714,0.05265926384453259
Walker2d-v5,klprho0p05,9,friction_mass,related_physics,0.42925551169362874,0.5,0.05058962782802167
Walker2d-v5,klprho0p05,10,friction_mass,related_physics,0.455391483842373,0.6428571428571429,0.04622757737241954
Walker2d-v5,klprho0p05,11,friction_mass,related_physics,0.3901369728568741,0.6428571428571429,0.049067667460484944
Walker2d-v5,klprho0p05,12,friction_mass,related_physics,0.5561674489222161,0.42857142857142855,0.02928439361744571
Walker2d-v5,klprho0p05,13,friction_mass,related_physics,0.26786733049477146,0.8571428571428571,0.04763444520873991
Walker2d-v5,klprho0p05,14,friction_mass,related_physics,0.4693579157440025,0.42857142857142855,0.06088670112988584
Walker2d-v5,klprho0p05,15,friction_mass,related_physics,0.441778487182316,0.5714285714285714,0.04617439382031291
Walker2d-v5,klprho0p05,16,friction_mass,related_physics,0.46248401496455566,0.5714285714285714,0.053711450258584655
Walker2d-v5,klprho0p05,17,friction_mass,related_physics,0.5145248485450626,0.5714285714285714,0.03704902518325361
Walker2d-v5,klprho0p05,18,friction_mass,related_physics,0.5423786848652539,0.42857142857142855,0.056489279290408444
Walker2d-v5,klprho0p05,19,friction_mass,related_physics,0.1461358354636572,1.0,0.015904524979560672
Walker2d-v5,klprho0p05,20,friction_mass,related_physics,0.21178488769975193,1.0,0.020808554871553916
Walker2d-v5,klprho0p05,21,friction_mass,related_physics,0.32949091791255913,0.6428571428571429,0.04261893010559825
Walker2d-v5,klprho0p05,22,friction_mass,related_physics,0.5968011113645544,0.42857142857142855,0.04365820220804104
Walker2d-v5,klprho0p05,23,friction_mass,related_physics,0.6062699996523342,0.35714285714285715,0.0507853432331327
Walker2d-v5,klprho0p05,24,friction_mass,related_physics,0.38856161505849596,0.6428571428571429,0.02389937645726724
Walker2d-v5,klprho0p05,25,friction_mass,related_physics,0.6906853339575136,0.2857142857142857,0.050455015045740015
Walker2d-v5,klprho0p05,26,friction_mass,related_physics,0.4778562778109499,0.5714285714285714,0.029163667174058248
Walker2d-v5,klprho0p05,27,friction_mass,related_physics,0.6080139998523496,0.35714285714285715,0.09288881666263564
Walker2d-v5,klprho0p05,28,friction_mass,related_physics,0.4045935210181902,0.6428571428571429,0.035397488310439255
Walker2d-v5,klprho0p05,29,friction_mass,related_physics,0.3330487465991331,0.6428571428571429,0.029981884335774922
Walker2d-v5,klprho0p05,30,friction_mass,related_physics,0.4652663224727268,0.5714285714285714,0.039731405844605855
Walker2d-v5,klprho0p05,31,friction_mass,related_physics,0.6288181640159564,0.42857142857142855,0.05556633751437389
Walker2d-v5,klprho0p05,32,friction_mass,related_physics,0.5793042676469434,0.42857142857142855,0.04802413902276335
Walker2d-v5,klprho0p05,33,friction_mass,related_physics,0.4447197986928267,0.5714285714285714,0.045021917382608634
Walker2d-v5,klprho0p05,34,friction_mass,related_physics,0.46498169490250624,0.5,0.041092343588300655
Walker2d-v5,klprho0p05,35,friction_mass,related_physics,0.446012027106069,0.5714285714285714,0.0304593613850289
Walker2d-v5,klprho0,6,actuator_gain,direct_support,0.460572898704773,0.5333333333333333,0.034134687227345
Walker2d-v5,klprho0,7,actuator_gain,direct_support,0.4918608958903602,0.5333333333333333,0.03307049261550472
Walker2d-v5,klprho0,8,actuator_gain,direct_support,0.5077995772788093,0.5333333333333333,0.0014005038293348094
Walker2d-v5,klprho0,9,actuator_gain,direct_support,0.42596495747454166,0.5333333333333333,0.031646123093086696
Walker2d-v5,klprho0,10,actuator_gain,direct_support,0.26625882240423554,0.7333333333333333,0.029728734792136422
Walker2d-v5,klprho0,11,actuator_gain,direct_support,0.4972653763056604,0.5333333333333333,0.011366797084048716
Walker2d-v5,klprho0,12,actuator_gain,direct_support,0.6073519796577441,0.4,0.0018009573196055553
Walker2d-v5,klprho0,13,actuator_gain,direct_support,0.45068987178180714,0.5333333333333333,0.009644200395645381
Walker2d-v5,klprho0,14,actuator_gain,direct_support,0.3880684485145302,0.6666666666666666,0.00901115770404708
Walker2d-v5,klprho0,15,actuator_gain,direct_support,0.5145960016024981,0.4666666666666667,0.012931323608996409
Walker2d-v5,klprho0,16,actuator_gain,direct_support,0.45680047867683243,0.5333333333333333,0.001993826215569624
Walker2d-v5,klprho0,17,actuator_gain,direct_support,0.4419074300897306,0.5333333333333333,0.007100556712973602
Walker2d-v5,klprho0,18,actuator_gain,direct_support,0.35995308720705826,0.6666666666666666,0.009139244674868935
Walker2d-v5,klprho0,19,actuator_gain,direct_support,0.4422333382524275,0.6,0.03005702466493299
Walker2d-v5,klprho0,20,actuator_gain,direct_support,0.486815443880565,0.5333333333333333,0.009624560658579159
Walker2d-v5,klprho0,21,actuator_gain,direct_support,0.4612492469444991,0.5333333333333333,0.009539445042004288
Walker2d-v5,klprho0,22,actuator_gain,direct_support,0.5040780734295734,0.5333333333333333,0.02922193073959944
Walker2d-v5,klprho0,23,actuator_gain,direct_support,0.43662849212991456,0.6,0.05554330261656551
Walker2d-v5,klprho0,24,actuator_gain,direct_support,0.41882981857224266,0.5333333333333333,0.0029574962021509214
Walker2d-v5,klprho0,25,actuator_gain,direct_support,0.3966445927247707,0.6666666666666666,0.0388950551623025
Walker2d-v5,klprho0,26,actuator_gain,direct_support,0.4085935160895899,0.6666666666666666,0.0003718139948109825
Walker2d-v5,klprho0,27,actuator_gain,direct_support,0.3544914339736574,0.7333333333333333,0.012957742841011165
Walker2d-v5,klprho0,28,actuator_gain,direct_support,0.3928747540416244,0.6,0.052327764000102084
Walker2d-v5,klprho0,29,actuator_gain,direct_support,0.29574999974825644,0.8,0.031274580480764265
Walker2d-v5,klprho0,30,actuator_gain,direct_support,0.47537610160067695,0.4666666666666667,0.02879054807398949
Walker2d-v5,klprho0,31,actuator_gain,direct_support,0.38567722963606255,0.6,0.029228976601012962
Walker2d-v5,klprho0,32,actuator_gain,direct_support,0.4367737528956714,0.5333333333333333,0.009612141723286649
Walker2d-v5,klprho0,33,actuator_gain,direct_support,0.38615411068507893,0.6,0.001777877045935415
Walker2d-v5,klprho0,34,actuator_gain,direct_support,0.2889619652697123,0.7333333333333333,0.03172859357446393
Walker2d-v5,klprho0,35,actuator_gain,direct_support,0.589499303700337,0.4,0.0038630672259414895
Walker2d-v5,klprho0p05,6,friction_mass_damping,related_physics,0.42195122598406964,0.6428571428571429,0.060004900953527486
Walker2d-v5,klprho0p05,7,friction_mass_damping,related_physics,0.016548138770718996,1.0,-0.0012568521107960034
Walker2d-v5,klprho0p05,8,friction_mass_damping,related_physics,0.45336040019825363,0.5714285714285714,0.05135206401834991
Walker2d-v5,klprho0p05,9,friction_mass_damping,related_physics,0.4324017671791576,0.5,0.05467449359388731
Walker2d-v5,klprho0p05,10,friction_mass_damping,related_physics,0.44919154050719434,0.6428571428571429,0.04700872803487324
Walker2d-v5,klprho0p05,11,friction_mass_damping,related_physics,0.37807804393667466,0.6428571428571429,0.04518800182373117
Walker2d-v5,klprho0p05,12,friction_mass_damping,related_physics,0.5523916322483695,0.5,0.04000733679286481
Walker2d-v5,klprho0p05,13,friction_mass_damping,related_physics,0.27041806474088265,0.8571428571428571,0.04065932120322074
Walker2d-v5,klprho0p05,14,friction_mass_damping,related_physics,0.4371009427640406,0.5,0.055459711310087985
Walker2d-v5,klprho0p05,15,friction_mass_damping,related_physics,0.4425500001426326,0.5714285714285714,0.050250837931291724
Walker2d-v5,klprho0p05,16,friction_mass_damping,related_physics,0.42898092882857436,0.5714285714285714,0.04465181622266414
Walker2d-v5,klprho0p05,17,friction_mass_damping,related_physics,0.5201537137722133,0.42857142857142855,0.04065576293452058
Walker2d-v5,klprho0p05,18,friction_mass_damping,related_physics,0.5255599531086743,0.42857142857142855,0.04760385597901603
Walker2d-v5,klprho0p05,19,friction_mass_damping,related_physics,0.14126113862260964,1.0,0.013799477604178163
Walker2d-v5,klprho0p05,20,friction_mass_damping,related_physics,0.20733350589552774,1.0,0.020592667870573598
Walker2d-v5,klprho0p05,21,friction_mass_damping,related_physics,0.3176493853103309,0.7142857142857143,0.04098817570410615
Walker2d-v5,klprho0p05,22,friction_mass_damping,related_physics,0.6025221789141536,0.42857142857142855,0.040748686981169714
Walker2d-v5,klprho0p05,23,friction_mass_damping,related_physics,0.5929020094958359,0.42857142857142855,0.039510967171282226
Walker2d-v5,klprho0p05,24,friction_mass_damping,related_physics,0.3704810594885477,0.6428571428571429,0.029047270418054594
Walker2d-v5,klprho0p05,25,friction_mass_damping,related_physics,0.6675223448468495,0.2857142857142857,0.041398445392129335
Walker2d-v5,klprho0p05,26,friction_mass_damping,related_physics,0.46370305465264355,0.5714285714285714,0.03725692815402348
Walker2d-v5,klprho0p05,27,friction_mass_damping,related_physics,0.608220023374202,0.42857142857142855,0.0689072672742359
Walker2d-v5,klprho0p05,28,friction_mass_damping,related_physics,0.39134908412253067,0.6428571428571429,0.02239409342498881
Walker2d-v5,klprho0p05,29,friction_mass_damping,related_physics,0.321150303024807,0.6428571428571429,0.02823818850745284
Walker2d-v5,klprho0p05,30,friction_mass_damping,related_physics,0.4596110843953048,0.5714285714285714,0.03416487561895139
Walker2d-v5,klprho0p05,31,friction_mass_damping,related_physics,0.6238045404302687,0.35714285714285715,0.05076121817442545
Walker2d-v5,klprho0p05,32,friction_mass_damping,related_physics,0.5532742989867839,0.42857142857142855,0.049918636259501714
Walker2d-v5,klprho0p05,33,friction_mass_damping,related_physics,0.45352269978363474,0.5714285714285714,0.037219466564232855
Walker2d-v5,klprho0p05,34,friction_mass_damping,related_physics,0.46114719994023223,0.5,0.05300048510496136
Walker2d-v5,klprho0p05,35,friction_mass_damping,related_physics,0.44148449208932883,0.5714285714285714,0.0390401010828684
Walker2d-v5,klprho0p05,6,mass_damping,related_physics,0.39869893783340066,0.6428571428571429,0.05153677598353306
Walker2d-v5,klprho0p05,7,mass_damping,related_physics,0.02062875263991484,1.0,-0.001039816865441249
Walker2d-v5,klprho0p05,8,mass_damping,related_physics,0.4121279411800595,0.5714285714285714,0.0646679859257579
Walker2d-v5,klprho0p05,9,mass_damping,related_physics,0.4065559922447281,0.5714285714285714,0.048088031806602344
Walker2d-v5,klprho0p05,10,mass_damping,related_physics,0.42898059002095623,0.6428571428571429,0.03696166230806345
Walker2d-v5,klprho0p05,11,mass_damping,related_physics,0.4495423184954513,0.5714285714285714,0.05837788203692899
Walker2d-v5,klprho0p05,12,mass_damping,related_physics,0.5426539425966341,0.5,0.05423473402092028
Walker2d-v5,klprho0p05,13,mass_damping,related_physics,0.2200177899595707,0.8571428571428571,0.02872412429984859
Walker2d-v5,klprho0p05,14,mass_damping,related_physics,0.5249865116875272,0.42857142857142855,0.07493507325042206
Walker2d-v5,klprho0p05,15,mass_damping,related_physics,0.5047243483614626,0.5714285714285714,0.08040417937206
Walker2d-v5,klprho0p05,16,mass_damping,related_physics,0.4465233369911032,0.6428571428571429,0.03316387500397223
Walker2d-v5,klprho0p05,17,mass_damping,related_physics,0.5013566145988273,0.5,0.030714973020225928
Walker2d-v5,klprho0p05,18,mass_damping,related_physics,0.49996862292826877,0.42857142857142855,0.06278768753057759
Walker2d-v5,klprho0p05,19,mass_damping,related_physics,0.1507562476123785,1.0,0.011994032247604472
Walker2d-v5,klprho0p05,20,mass_damping,related_physics,0.20267287506575252,0.9285714285714286,0.024642220398346015
Walker2d-v5,klprho0p05,21,mass_damping,related_physics,0.3730455500608415,0.6428571428571429,0.04375086390383143
Walker2d-v5,klprho0p05,22,mass_damping,related_physics,0.5936959692566336,0.42857142857142855,0.036067245567391604
Walker2d-v5,klprho0p05,23,mass_damping,related_physics,0.5753022228887972,0.42857142857142855,0.04806500354857008
Walker2d-v5,klprho0p05,24,mass_damping,related_physics,0.3748005010224274,0.6428571428571429,0.04100185570838735
Walker2d-v5,klprho0p05,25,mass_damping,related_physics,0.8304066561360584,0.14285714285714285,0.21482276958548052
Walker2d-v5,klprho0p05,26,mass_damping,related_physics,0.42971850589805266,0.6428571428571429,0.03707727690483826
Walker2d-v5,klprho0p05,27,mass_damping,related_physics,0.566527405521997,0.5,0.09244791415330833
Walker2d-v5,klprho0p05,28,mass_damping,related_physics,0.4036478822598441,0.6428571428571429,0.038118219247646586
Walker2d-v5,klprho0p05,29,mass_damping,related_physics,0.3573465690694547,0.6428571428571429,0.03056920113280669
Walker2d-v5,klprho0p05,30,mass_damping,related_physics,0.4676616526088954,0.5714285714285714,0.0470711627305862
Walker2d-v5,klprho0p05,31,mass_damping,related_physics,0.6510960311592714,0.42857142857142855,0.07285412063951485
Walker2d-v5,klprho0p05,32,mass_damping,related_physics,0.5423983942977469,0.5,0.08252392099939078
Walker2d-v5,klprho0p05,33,mass_damping,related_physics,0.46672157898748573,0.5714285714285714,0.07424246716205041
Walker2d-v5,klprho0p05,34,mass_damping,related_physics,0.4224254469961289,0.5714285714285714,0.03984888094219877
Walker2d-v5,klprho0p05,35,mass_damping,related_physics,0.532196042598433,0.42857142857142855,0.047664236819486096
Walker2d-v5,vanilla,6,action_noise,out_of_support,0.8135603598829576,0.2,0.17302147195501835
Walker2d-v5,vanilla,7,action_noise,out_of_support,0.9264857826224,0.0,0.794782769674717
Walker2d-v5,vanilla,8,action_noise,out_of_support,0.7404091861570535,0.2,0.4834073788280804
Walker2d-v5,vanilla,9,action_noise,out_of_support,0.8191766491592718,0.2,0.2622046947650302
Walker2d-v5,vanilla,10,action_noise,out_of_support,0.9265427149579424,0.0,0.6327135747897114
Walker2d-v5,vanilla,11,action_noise,out_of_support,0.9493189309627601,0.0,0.7488128269965187
Walker2d-v5,vanilla,12,action_noise,out_of_support,0.7553473658034017,0.2,0.19026384865934776
Walker2d-v5,vanilla,13,action_noise,out_of_support,0.9423456939980573,0.0,0.7117284699902865
Walker2d-v5,vanilla,14,action_noise,out_of_support,0.7506283789138439,0.2,0.18028269390821747
Walker2d-v5,vanilla,15,action_noise,out_of_support,0.8735061286697412,0.0,0.7161592276459406
Walker2d-v5,vanilla,16,action_noise,out_of_support,0.8443253371922814,0.2,0.35797136115646055
Walker2d-v5,vanilla,17,action_noise,out_of_support,0.917623271717862,0.0,0.7809409198464982
Walker2d-v5,vanilla,18,action_noise,out_of_support,0.9438398005206841,0.0,0.7191990026034204
Walker2d-v5,vanilla,19,action_noise,out_of_support,0.7808187241285683,0.2,0.37905077781553564
Walker2d-v5,vanilla,20,action_noise,out_of_support,0.8234109212247821,0.2,0.24384149220916962
Walker2d-v5,vanilla,21,action_noise,out_of_support,0.9589792981730467,0.0,0.8941015432091509
Walker2d-v5,vanilla,22,action_noise,out_of_support,0.9294792129825462,0.0,0.7055235707548614
Walker2d-v5,vanilla,23,action_noise,out_of_support,0.9494431081670978,0.0,0.7512017885583234
Walker2d-v5,vanilla,24,action_noise,out_of_support,0.749124501679783,0.2,0.47272525657406705
Walker2d-v5,vanilla,25,action_noise,out_of_support,0.6633137626279694,0.4,0.4777871808929703
Walker2d-v5,vanilla,26,action_noise,out_of_support,0.896155750658885,0.2,0.49666244259623415
Walker2d-v5,vanilla,27,action_noise,out_of_support,0.7371408823289205,0.2,0.1719319998711488
Walker2d-v5,vanilla,28,action_noise,out_of_support,1.0,0.0,1.1583360323563234
Walker2d-v5,vanilla,29,action_noise,out_of_support,0.8892202551881445,0.2,0.4461012759407225
Walker2d-v5,vanilla,30,action_noise,out_of_support,0.8869018776415938,0.2,0.45418620741664023
Walker2d-v5,vanilla,31,action_noise,out_of_support,0.807316049674952,0.2,0.22184322373278595
Walker2d-v5,vanilla,32,action_noise,out_of_support,0.8530039578215369,0.2,0.3021141499340465
Walker2d-v5,vanilla,33,action_noise,out_of_support,0.859602580542895,0.2,0.4234289844272045
Walker2d-v5,vanilla,34,action_noise,out_of_support,0.8887896134544503,0.2,0.4439480672722514
Walker2d-v5,vanilla,35,action_noise,out_of_support,0.9090465954024985,0.0,0.6377018156479528
Walker2d-v5,klprho0,6,action_noise,out_of_support,0.9192992214828222,0.0,0.5964961074141106
Walker2d-v5,klprho0,7,action_noise,out_of_support,0.8985141943543079,0.2,0.4925709717715395
Walker2d-v5,klprho0,8,action_noise,out_of_support,0.9621506460646865,0.0,0.8107532303234324
Walker2d-v5,klprho0,9,action_noise,out_of_support,0.817781528760203,0.2,0.4291423791325988
Walker2d-v5,klprho0,10,action_noise,out_of_support,0.5323395581685684,0.4,0.26428740027432
Walker2d-v5,klprho0,11,action_noise,out_of_support,0.9676841293200932,0.0,0.8384206466004656
Walker2d-v5,klprho0,12,action_noise,out_of_support,1.0,0.0,1.0477786806578637
Walker2d-v5,klprho0,13,action_noise,out_of_support,0.8667396630217834,0.2,0.4295274865141049
Walker2d-v5,klprho0,14,action_noise,out_of_support,0.9246890461857351,0.0,0.6234452309286757
Walker2d-v5,klprho0,15,action_noise,out_of_support,1.0,0.0,1.1730787303180708
Walker2d-v5,klprho0,16,action_noise,out_of_support,0.9227325381666283,0.0,0.6136626908331411
Walker2d-v5,klprho0,17,action_noise,out_of_support,0.8276432282092936,0.2,0.22529571371781854
Walker2d-v5,klprho0,18,action_noise,out_of_support,0.8181320125689892,0.2,0.19075157598173398
Walker2d-v5,klprho0,19,action_noise,out_of_support,0.9395656606994139,0.0,0.8336157531772853
Walker2d-v5,klprho0,20,action_noise,out_of_support,0.9023709963921938,0.0,0.5438302024112629
Walker2d-v5,klprho0,21,action_noise,out_of_support,0.958315233420891,0.0,0.7915761671044547
Walker2d-v5,klprho0,22,action_noise,out_of_support,0.9724162485744066,0.0,0.8620812428720328
Walker2d-v5,klprho0,23,action_noise,out_of_support,0.805122993808016,0.2,0.3086831805919668
Walker2d-v5,klprho0,24,action_noise,out_of_support,0.7487536959662028,0.2,0.34816255735566287
Walker2d-v5,klprho0,25,action_noise,out_of_support,0.8098297117721778,0.2,0.3411823923058197
Walker2d-v5,klprho0,26,action_noise,out_of_support,0.7825394616855486,0.2,0.21208499932972827
Walker2d-v5,klprho0,27,action_noise,out_of_support,0.7907941358322274,0.2,0.22318615106993417
Walker2d-v5,klprho0,28,action_noise,out_of_support,0.9043899373971257,0.0,0.6015368758032107
Walker2d-v5,klprho0,29,action_noise,out_of_support,0.7501637040656928,0.2,0.20712801511694665
Walker2d-v5,klprho0,30,action_noise,out_of_support,0.9487650624305152,0.0,0.7438253121525762
Walker2d-v5,klprho0,31,action_noise,out_of_support,0.8045658612491859,0.2,0.47353800353656045
Walker2d-v5,klprho0,32,action_noise,out_of_support,0.9452002651143798,0.0,0.7260013255718994
Walker2d-v5,klprho0,33,action_noise,out_of_support,0.966191500930248,0.0,0.8309575046512395
Walker2d-v5,klprho0,34,action_noise,out_of_support,0.7574838029402173,0.2,0.21536749212825543
Walker2d-v5,klprho0,35,action_noise,out_of_support,1.0,0.0,1.2412360498958495
Walker2d-v5,klprho0p05,6,action_noise,out_of_support,0.9151597830225715,0.0,0.6175571267997735
Walker2d-v5,klprho0p05,7,action_noise,out_of_support,0.03775328093952747,1.0,0.0009731043399435676
Walker2d-v5,klprho0p05,8,action_noise,out_of_support,0.9039411138556543,0.0,0.5197055692782719
Walker2d-v5,klprho0p05,9,action_noise,out_of_support,0.6563153662437534,0.2,0.2313900259575535
Walker2d-v5,klprho0p05,10,action_noise,out_of_support,0.9023181437189967,0.0,0.5115907185949837
Walker2d-v5,klprho0p05,11,action_noise,out_of_support,0.8364321213322597,0.2,0.4264626604674689
Walker2d-v5,klprho0p05,12,action_noise,out_of_support,0.9106430522032459,0.0,0.5532152610162294
Walker2d-v5,klprho0p05,13,action_noise,out_of_support,0.48993778612710653,0.4,0.2021435191286769
Walker2d-v5,klprho0p05,14,action_noise,out_of_support,0.7958742736954021,0.0,0.5171963305052781
Walker2d-v5,klprho0p05,15,action_noise,out_of_support,0.953789437709149,0.0,0.842076779251342
Walker2d-v5,klprho0p05,16,action_noise,out_of_support,0.8954603215871118,0.2,0.4773016079355586
Walker2d-v5,klprho0p05,17,action_noise,out_of_support,0.9453777183352493,0.0,0.7268885916762463
Walker2d-v5,klprho0p05,18,action_noise,out_of_support,0.7433042471478599,0.2,0.17362695233537628
Walker2d-v5,klprho0p05,19,action_noise,out_of_support,0.3392973840779197,1.0,0.2348557314407931
Walker2d-v5,klprho0p05,20,action_noise,out_of_support,0.33950660639432073,1.0,0.21557572154177235
Walker2d-v5,klprho0p05,21,action_noise,out_of_support,0.6893890405927505,0.2,0.3284601324216633
Walker2d-v5,klprho0p05,22,action_noise,out_of_support,0.9446983585362825,0.0,0.723491792681412
Walker2d-v5,klprho0p05,23,action_noise,out_of_support,0.9786390556764886,0.0,0.8931952783824432
Walker2d-v5,klprho0p05,24,action_noise,out_of_support,0.7427997756179493,0.2,0.3117155726189126
Walker2d-v5,klprho0p05,25,action_noise,out_of_support,1.0,0.0,1.285201704064403
Walker2d-v5,klprho0p05,26,action_noise,out_of_support,0.9507537747935997,0.0,0.7621367546761622
Walker2d-v5,klprho0p05,27,action_noise,out_of_support,0.9592405549027344,0.0,0.7962027745136717
Walker2d-v5,klprho0p05,28,action_noise,out_of_support,0.7779854043570757,0.2,0.42427116995414194
Walker2d-v5,klprho0p05,29,action_noise,out_of_support,0.7434274826378086,0.2,0.16489462173842695
Walker2d-v5,klprho0p05,30,action_noise,out_of_support,0.8828558390122201,0.0,0.542622333938179
Walker2d-v5,klprho0p05,31,action_noise,out_of_support,0.9870309530441486,0.0,0.9351547652207427
Walker2d-v5,klprho0p05,32,action_noise,out_of_support,0.9618996433194482,0.0,0.8094982165972411
Walker2d-v5,klprho0p05,33,action_noise,out_of_support,0.8454149657897538,0.2,0.2986566056128205
Walker2d-v5,klprho0p05,34,action_noise,out_of_support,0.938796084532229,0.0,0.7002468573225937
Walker2d-v5,klprho0p05,35,action_noise,out_of_support,0.8154717958671138,0.2,0.24033607552198125
Walker2d-v5,vanilla,6,action_replace,out_of_support,0.20488509765406754,0.9,0.028099430667727687
Walker2d-v5,vanilla,7,action_replace,out_of_support,0.35007344005956337,0.7,0.07791472398925114
Walker2d-v5,vanilla,8,action_replace,out_of_support,0.2231441291503602,0.8,0.0414536798645536
Walker2d-v5,vanilla,9,action_replace,out_of_support,0.24258458629979313,0.8,0.060361132254116434
Walker2d-v5,vanilla,10,action_replace,out_of_support,0.3264089128591572,0.7,0.04376600730784536
Walker2d-v5,vanilla,11,action_replace,out_of_support,0.37349416017582027,0.7,0.05900961132870463
Walker2d-v5,vanilla,12,action_replace,out_of_support,0.2681259953239067,0.8,0.07295442163880897
Walker2d-v5,vanilla,13,action_replace,out_of_support,0.36702135214909215,0.7,0.061671807303751644
Walker2d-v5,vanilla,14,action_replace,out_of_support,0.19592465801161546,0.9,0.049188280972248796
Walker2d-v5,vanilla,15,action_replace,out_of_support,0.3624858665691567,0.7,0.05027614157706847
Walker2d-v5,vanilla,16,action_replace,out_of_support,0.22913733099376365,0.9,0.057470634627289144
Walker2d-v5,vanilla,17,action_replace,out_of_support,0.35375947527160273,0.7,0.0372970514723761
Walker2d-v5,vanilla,18,action_replace,out_of_support,0.39372814904767534,0.6,0.06552896783460663
Walker2d-v5,vanilla,19,action_replace,out_of_support,0.2226667069298575,0.8,0.046711070544284757
Walker2d-v5,vanilla,20,action_replace,out_of_support,0.24036424548911145,0.8,0.03742035314327866
Walker2d-v5,vanilla,21,action_replace,out_of_support,0.4210430316156475,0.6,0.06055139023861064
Walker2d-v5,vanilla,22,action_replace,out_of_support,0.3440123070675529,0.7,0.048412907574801864
Walker2d-v5,vanilla,23,action_replace,out_of_support,0.3747995095832312,0.6,0.06939785260304544
Walker2d-v5,vanilla,24,action_replace,out_of_support,0.2700392961835484,0.8,0.01910606022764997
Walker2d-v5,vanilla,25,action_replace,out_of_support,0.2951531745515158,0.8,0.05012345502944672
Walker2d-v5,vanilla,26,action_replace,out_of_support,0.30895895519144373,0.8,0.02638231152031457
Walker2d-v5,vanilla,27,action_replace,out_of_support,0.21817464237639345,0.8,0.036821216146457225
Walker2d-v5,vanilla,28,action_replace,out_of_support,0.5170689862806662,0.5,0.04508155306371884
Walker2d-v5,vanilla,29,action_replace,out_of_support,0.3076796854448006,0.7,0.04128195439035671
Walker2d-v5,vanilla,30,action_replace,out_of_support,0.33666236255207493,0.7,0.08102788161668413
Walker2d-v5,vanilla,31,action_replace,out_of_support,0.22687857533453276,0.8,0.04321102256705313
Walker2d-v5,vanilla,32,action_replace,out_of_support,0.2774613327137187,0.7,0.041807970689458435
Walker2d-v5,vanilla,33,action_replace,out_of_support,0.24008475395417914,0.8,0.050081675763694475
Walker2d-v5,vanilla,34,action_replace,out_of_support,0.3482685211966848,0.7,0.030683404682507655
Walker2d-v5,vanilla,35,action_replace,out_of_support,0.3548541003851921,0.7,0.056031633331704425
Walker2d-v5,klprho0,6,action_replace,out_of_support,0.3472150401591282,0.7,0.06214006895708163
Walker2d-v5,klprho0,7,action_replace,out_of_support,0.3253504919534997,0.7,0.06284117624763932
Walker2d-v5,klprho0,8,action_replace,out_of_support,0.434486506020895,0.6,0.04438134315871006
Walker2d-v5,klprho0,9,action_replace,out_of_support,0.2631513038248444,0.8,0.06339215885538119
Walker2d-v5,klprho0,10,action_replace,out_of_support,0.2102310688618087,0.9,0.058011116755531424
Walker2d-v5,klprho0,11,action_replace,out_of_support,0.36924369958386,0.7,0.051174002782606365
Walker2d-v5,klprho0,12,action_replace,out_of_support,0.4641925826892127,0.6,0.06827821828935184
Walker2d-v5,klprho0,13,action_replace,out_of_support,0.26338742514142555,0.8,0.041615601945148725
Walker2d-v5,klprho0,14,action_replace,out_of_support,0.3610573318583099,0.7,0.05597042239661871
Walker2d-v5,klprho0,15,action_replace,out_of_support,0.5054338820580039,0.5,0.051355831735112004
Walker2d-v5,klprho0,16,action_replace,out_of_support,0.38947173828617754,0.6,0.04949327286066046
Walker2d-v5,klprho0,17,action_replace,out_of_support,0.2529478159835975,0.8,0.04263840430385908
Walker2d-v5,klprho0,18,action_replace,out_of_support,0.22885380948891815,0.8,0.049551835231670435
Walker2d-v5,klprho0,19,action_replace,out_of_support,0.3922637264445135,0.6,0.06512493529959684
Walker2d-v5,klprho0,20,action_replace,out_of_support,0.33769836129269126,0.7,0.034910964825327975
Walker2d-v5,klprho0,21,action_replace,out_of_support,0.3893312677232678,0.7,0.05076818086934476
Walker2d-v5,klprho0,22,action_replace,out_of_support,0.41789733174014776,0.6,0.08777293404804498
Walker2d-v5,klprho0,23,action_replace,out_of_support,0.2491612478765694,0.9,0.08345187827508534
Walker2d-v5,klprho0,24,action_replace,out_of_support,0.24209868070977833,0.8,0.06090096134241993
Walker2d-v5,klprho0,25,action_replace,out_of_support,0.2902482899226398,0.8,0.06337871749392829
Walker2d-v5,klprho0,26,action_replace,out_of_support,0.24366593334979686,0.8,0.03443811790745966
Walker2d-v5,klprho0,27,action_replace,out_of_support,0.23323699683360705,0.8,0.046523220977070984
Walker2d-v5,klprho0,28,action_replace,out_of_support,0.42065287917159006,0.6,0.04684412259262578
Walker2d-v5,klprho0,29,action_replace,out_of_support,0.18548717714602825,0.9,0.05147215187949539
Walker2d-v5,klprho0,30,action_replace,out_of_support,0.36731458404645295,0.7,0.048614041300813614
Walker2d-v5,klprho0,31,action_replace,out_of_support,0.318588095832269,0.7,0.058833671239314086
Walker2d-v5,klprho0,32,action_replace,out_of_support,0.39155748419847203,0.7,0.04560350703197609
Walker2d-v5,klprho0,33,action_replace,out_of_support,0.3422294841926249,0.7,0.052230157120821186
Walker2d-v5,klprho0,34,action_replace,out_of_support,0.19487290238021832,0.9,0.0497058411720578
Walker2d-v5,klprho0,35,action_replace,out_of_support,0.5165987939895114,0.5,0.02872980106017191
Walker2d-v5,klprho0p05,6,action_replace,out_of_support,0.3666770257355236,0.7,0.06436664900810125
Walker2d-v5,klprho0p05,7,action_replace,out_of_support,0.010450160229333587,1.0,-0.00032824555088468743
Walker2d-v5,klprho0p05,8,action_replace,out_of_support,0.29259153286973394,0.8,0.0736211269900505
Walker2d-v5,klprho0p05,9,action_replace,out_of_support,0.21728399288810038,0.9,0.0646704056857648
Walker2d-v5,klprho0p05,10,action_replace,out_of_support,0.3323411115027069,0.7,0.09075433579218196
Walker2d-v5,klprho0p05,11,action_replace,out_of_support,0.28987014252411825,0.8,0.0608737722793532
Walker2d-v5,klprho0p05,12,action_replace,out_of_support,0.25461819979828837,0.8,0.04309997557547717
Walker2d-v5,klprho0p05,13,action_replace,out_of_support,0.17930447120460236,1.0,0.0669869096615788
Walker2d-v5,klprho0p05,14,action_replace,out_of_support,0.2924595836078149,0.8,0.06764883795312358
Walker2d-v5,klprho0p05,15,action_replace,out_of_support,0.42435379305465365,0.6,0.09483806741238518
Walker2d-v5,klprho0p05,16,action_replace,out_of_support,0.3480064202889087,0.8,0.08005218606893319
Walker2d-v5,klprho0p05,17,action_replace,out_of_support,0.387288154967055,0.7,0.057129217581494
Walker2d-v5,klprho0p05,18,action_replace,out_of_support,0.1925419389312287,0.9,0.054279455601519325
Walker2d-v5,klprho0p05,19,action_replace,out_of_support,0.14271628512257695,1.0,0.0589551581731078
Walker2d-v5,klprho0p05,20,action_replace,out_of_support,0.19909612331565102,1.0,0.07021144531725756
Walker2d-v5,klprho0p05,21,action_replace,out_of_support,0.22362525980001902,0.8,0.043585531757793936
Walker2d-v5,klprho0p05,22,action_replace,out_of_support,0.3705428845138119,0.7,0.06463969267317221
Walker2d-v5,klprho0p05,23,action_replace,out_of_support,0.45880033990927627,0.6,0.05405656389548073
Walker2d-v5,klprho0p05,24,action_replace,out_of_support,0.2518039472466144,0.9,0.06336783237130635
Walker2d-v5,klprho0p05,25,action_replace,out_of_support,0.6503347315125019,0.4,0.08274512384325099
Walker2d-v5,klprho0p05,26,action_replace,out_of_support,0.35947093637584093,0.7,0.04284096976989123
Walker2d-v5,klprho0p05,27,action_replace,out_of_support,0.5094068779304893,0.5,0.09461266846917792
Walker2d-v5,klprho0p05,28,action_replace,out_of_support,0.28053019419290665,0.8,0.036325537241928635
Walker2d-v5,klprho0p05,29,action_replace,out_of_support,0.1895354565665281,0.8,0.038892630030647996
Walker2d-v5,klprho0p05,30,action_replace,out_of_support,0.3442738420969538,0.7,0.04665006818635571
Walker2d-v5,klprho0p05,31,action_replace,out_of_support,0.4292878717594822,0.6,0.05471647034414352
Walker2d-v5,klprho0p05,32,action_replace,out_of_support,0.49696544697015915,0.5,0.06836682353074736
Walker2d-v5,klprho0p05,33,action_replace,out_of_support,0.19888496616188975,0.9,0.07356795836256666
Walker2d-v5,klprho0p05,34,action_replace,out_of_support,0.41274150407937665,0.6,0.07069021731719989
Walker2d-v5,klprho0p05,35,action_replace,out_of_support,0.2518898578791541,0.8,0.04953583492925695
Walker2d-v5,klprho0p05,6,friction,out_of_support,0.6000983564230118,0.4666666666666667,0.084205119903211
Walker2d-v5,klprho0p05,7,friction,out_of_support,0.038195924506727624,1.0,0.019824422812847704
Walker2d-v5,klprho0p05,8,friction,out_of_support,0.5307026256119179,0.4666666666666667,0.07707376566393141
Walker2d-v5,klprho0p05,9,friction,out_of_support,0.5422065433778404,0.3333333333333333,0.07991989137944583
Walker2d-v5,klprho0p05,10,friction,out_of_support,0.4921747008952225,0.6,0.06736677792340884
Walker2d-v5,klprho0p05,11,friction,out_of_support,0.5868712243474263,0.4,0.07162592787705079
Walker2d-v5,klprho0p05,12,friction,out_of_support,0.746133711150031,0.26666666666666666,0.044388120649071515
Walker2d-v5,klprho0p05,13,friction,out_of_support,0.48161314419556,0.4,0.05927283285762006
Walker2d-v5,klprho0p05,14,friction,out_of_support,0.5708489825779531,0.3333333333333333,0.08081139906021993
Walker2d-v5,klprho0p05,15,friction,out_of_support,0.6162913522715753,0.4,0.04731515753534519
Walker2d-v5,klprho0p05,16,friction,out_of_support,0.592978492903138,0.4,0.07199010764365826
Walker2d-v5,klprho0p05,17,friction,out_of_support,0.6934020912392573,0.3333333333333333,0.06397084126926268
Walker2d-v5,klprho0p05,18,friction,out_of_support,0.5324042373952983,0.4666666666666667,0.04182356374523256
Walker2d-v5,klprho0p05,19,friction,out_of_support,0.16653439596815467,1.0,0.06577183602465007
Walker2d-v5,klprho0p05,20,friction,out_of_support,0.25702441726236747,1.0,0.039494112594551455
Walker2d-v5,klprho0p05,21,friction,out_of_support,0.35330985223296,0.6666666666666666,0.05353240083583007
Walker2d-v5,klprho0p05,22,friction,out_of_support,0.7122126771385658,0.26666666666666666,0.05047785885825699
Walker2d-v5,klprho0p05,23,friction,out_of_support,0.7285126065851407,0.26666666666666666,0.06252579576803435
Walker2d-v5,klprho0p05,24,friction,out_of_support,0.5860080911675457,0.4,0.06491205168785472
Walker2d-v5,klprho0p05,25,friction,out_of_support,0.8359413183811445,0.2,0.20149670515005094
Walker2d-v5,klprho0p05,26,friction,out_of_support,0.6809127116199281,0.3333333333333333,0.04293135665484301
Walker2d-v5,klprho0p05,27,friction,out_of_support,0.6300786935344448,0.4,0.03302067974190881
Walker2d-v5,klprho0p05,28,friction,out_of_support,0.6331455124742205,0.3333333333333333,0.12343850773673391
Walker2d-v5,klprho0p05,29,friction,out_of_support,0.5132897980640535,0.4,0.04862783211803557
Walker2d-v5,klprho0p05,30,friction,out_of_support,0.7466920602611239,0.2,0.07758491426798979
Walker2d-v5,klprho0p05,31,friction,out_of_support,0.784912768073577,0.2,0.0628004227918426
Walker2d-v5,klprho0p05,32,friction,out_of_support,0.7340219601730922,0.26666666666666666,0.06722021732223973
Walker2d-v5,klprho0p05,33,friction,out_of_support,0.6653408672680385,0.3333333333333333,0.0639609951613381
Walker2d-v5,klprho0p05,34,friction,out_of_support,0.5778777864377093,0.3333333333333333,0.05785749944462784
Walker2d-v5,klprho0p05,35,friction,out_of_support,0.6050189580697952,0.4,0.04572091407099091
Walker2d-v5,klprho0p05,6,damping,out_of_support,1.0,0.0,1.0177795475220448
Walker2d-v5,klprho0p05,7,damping,out_of_support,0.028901898451565225,1.0,0.004492072625054641
Walker2d-v5,klprho0p05,8,damping,out_of_support,0.9469484151065054,0.0,0.9334626568173828
Walker2d-v5,klprho0p05,9,damping,out_of_support,0.8082427435025527,0.0,0.8070317610515433
Walker2d-v5,klprho0p05,10,damping,out_of_support,1.0,0.0,1.0243953970597752
Walker2d-v5,klprho0p05,11,damping,out_of_support,0.9624246211575522,0.0,0.9426035588333886
Walker2d-v5,klprho0p05,12,damping,out_of_support,1.0,0.0,1.0600024141857387
Walker2d-v5,klprho0p05,13,damping,out_of_support,0.767172276118541,0.0,0.6205545248210389
Walker2d-v5,klprho0p05,14,damping,out_of_support,0.828882764196993,0.0,0.8262465411545827
Walker2d-v5,klprho0p05,15,damping,out_of_support,0.9985049443559559,0.0,0.9950579632264883
Walker2d-v5,klprho0p05,16,damping,out_of_support,1.0,0.0,1.0217935831166682
Walker2d-v5,klprho0p05,17,damping,out_of_support,1.0,0.0,1.1189761813755792
Walker2d-v5,klprho0p05,18,damping,out_of_support,0.9671941174525017,0.0,0.9655752006517616
Walker2d-v5,klprho0p05,19,damping,out_of_support,0.2614035967261854,1.0,0.2553159855647638
Walker2d-v5,klprho0p05,20,damping,out_of_support,0.37781054377232487,1.0,0.3377586191867939
Walker2d-v5,klprho0p05,21,damping,out_of_support,0.6961935699091728,0.0,0.6309146327723394
Walker2d-v5,klprho0p05,22,damping,out_of_support,1.0,0.0,1.1494014208754757
Walker2d-v5,klprho0p05,23,damping,out_of_support,1.0,0.0,1.1206152619005516
Walker2d-v5,klprho0p05,24,damping,out_of_support,0.8291650417529355,0.0,0.7191158030439797
Walker2d-v5,klprho0p05,25,damping,out_of_support,1.0,0.0,1.3612139608233882
Walker2d-v5,klprho0p05,26,damping,out_of_support,1.0,0.0,1.060405985637523
Walker2d-v5,klprho0p05,27,damping,out_of_support,0.9997947451942539,0.0,1.0187014673877852
Walker2d-v5,klprho0p05,28,damping,out_of_support,0.8616157972856071,0.0,0.8409267228480509
Walker2d-v5,klprho0p05,29,damping,out_of_support,0.7942619981765024,0.0,0.7840069024169106
Walker2d-v5,klprho0p05,30,damping,out_of_support,0.9533488594356084,0.0,0.9464824164702831
Walker2d-v5,klprho0p05,31,damping,out_of_support,1.0,0.0,1.0763725270977185
Walker2d-v5,klprho0p05,32,damping,out_of_support,1.0,0.0,1.2221199089521406
Walker2d-v5,klprho0p05,33,damping,out_of_support,1.0,0.0,1.0361835604130007
Walker2d-v5,klprho0p05,34,damping,out_of_support,0.9379253273684558,0.0,0.921829699825269
Walker2d-v5,klprho0p05,35,damping,out_of_support,1.0,0.0,1.0766309428400982
Walker2d-v5,klprho0p05,6,actuator_gain,direct_support,0.3651998734029832,0.6,0.038781538744237086
Walker2d-v5,klprho0p05,7,actuator_gain,direct_support,0.014498732850126865,1.0,-0.00045216035368215285
Walker2d-v5,klprho0p05,8,actuator_gain,direct_support,0.41072192004138397,0.5333333333333333,0.030036032852645972
Walker2d-v5,klprho0p05,9,actuator_gain,direct_support,0.345399195532665,0.6666666666666666,0.040466251028662324
Walker2d-v5,klprho0p05,10,actuator_gain,direct_support,0.4095188330407243,0.6,0.036570858150878696
Walker2d-v5,klprho0p05,11,actuator_gain,direct_support,0.38194745653769185,0.6666666666666666,0.009899457297825218
Walker2d-v5,klprho0p05,12,actuator_gain,direct_support,0.45227562362671464,0.6,0.000883223478389569
Walker2d-v5,klprho0p05,13,actuator_gain,direct_support,0.19041846133826798,0.8666666666666667,0.035284945632172375
Walker2d-v5,klprho0p05,14,actuator_gain,direct_support,0.43187436562620984,0.5333333333333333,0.05673353669340301
Walker2d-v5,klprho0p05,15,actuator_gain,direct_support,0.45152766662121285,0.6,0.011411237694209127
Walker2d-v5,klprho0p05,16,actuator_gain,direct_support,0.39294558148000974,0.6,0.05558010662265528
Walker2d-v5,klprho0p05,17,actuator_gain,direct_support,0.4374371698004444,0.6,0.03253796901114961
Walker2d-v5,klprho0p05,18,actuator_gain,direct_support,0.3860422582825781,0.6,0.0015272879291041194
Walker2d-v5,klprho0p05,19,actuator_gain,direct_support,0.14778673034806572,1.0,0.009550317905954299
Walker2d-v5,klprho0p05,20,actuator_gain,direct_support,0.18592494886233932,1.0,0.038101242518905926
Walker2d-v5,klprho0p05,21,actuator_gain,direct_support,0.28917201967827616,0.7333333333333333,0.0010505527004422413
Walker2d-v5,klprho0p05,22,actuator_gain,direct_support,0.5032522717641806,0.5333333333333333,0.03158316839746598
Walker2d-v5,klprho0p05,23,actuator_gain,direct_support,0.5037558442977652,0.5333333333333333,0.009457649453190274
Walker2d-v5,klprho0p05,24,actuator_gain,direct_support,0.35710344358974677,0.6666666666666666,0.009774362618466545
Walker2d-v5,klprho0p05,25,actuator_gain,direct_support,0.6788065852529871,0.3333333333333333,0.04270694902398345
Walker2d-v5,klprho0p05,26,actuator_gain,direct_support,0.373428817063157,0.6,0.0014290207357269275
Walker2d-v5,klprho0p05,27,actuator_gain,direct_support,0.49914763966640013,0.5333333333333333,0.011059487808866305
Walker2d-v5,klprho0p05,28,actuator_gain,direct_support,0.36917687824098716,0.6,0.013202260919771322
Walker2d-v5,klprho0p05,29,actuator_gain,direct_support,0.31391862300810286,0.6666666666666666,0.0014463411805937232
Walker2d-v5,klprho0p05,30,actuator_gain,direct_support,0.4173090322932886,0.5333333333333333,0.001959610004865142
Walker2d-v5,klprho0p05,31,actuator_gain,direct_support,0.5361754645118665,0.4666666666666667,0.03249776331072085
Walker2d-v5,klprho0p05,32,actuator_gain,direct_support,0.47783617212862567,0.5333333333333333,0.00493162270105046
Walker2d-v5,klprho0p05,33,actuator_gain,direct_support,0.40610612755233444,0.6666666666666666,0.031896531347720254
Walker2d-v5,klprho0p05,34,actuator_gain,direct_support,0.368049888167607,0.7333333333333333,0.030309758379861163
Walker2d-v5,klprho0p05,35,actuator_gain,direct_support,0.43173906944334994,0.6,0.004521508428496197
Walker2d-v5,vanilla,6,damping,out_of_support,0.9999225100115606,0.0,0.9996408999334284
Walker2d-v5,vanilla,7,damping,out_of_support,0.949811211410667,0.0,0.9423196555061127
Walker2d-v5,vanilla,8,damping,out_of_support,0.7631901316102129,0.0,0.7584403854099238
Walker2d-v5,vanilla,9,damping,out_of_support,0.9294625395178631,0.0,0.9253997883654876
Walker2d-v5,vanilla,10,damping,out_of_support,1.0,0.0,1.127557044264754
Walker2d-v5,vanilla,11,damping,out_of_support,0.9969629103074025,0.0,1.0005871150923433
Walker2d-v5,vanilla,12,damping,out_of_support,0.9764224027628376,0.0,0.9742655268337587
Walker2d-v5,vanilla,13,damping,out_of_support,1.0,0.0,1.0368644212360463
Walker2d-v5,vanilla,14,damping,out_of_support,1.0,0.0,1.0042064530332495
Walker2d-v5,vanilla,15,damping,out_of_support,0.9169687451896427,0.0,0.9109322050786862
Walker2d-v5,vanilla,16,damping,out_of_support,0.9532057814456627,0.0,0.9525820307939088
Walker2d-v5,vanilla,17,damping,out_of_support,0.9355076991588699,0.0,0.9332459846669942
Walker2d-v5,vanilla,18,damping,out_of_support,1.0,0.0,1.2143583896987469
Walker2d-v5,vanilla,19,damping,out_of_support,0.8838384105091994,0.0,0.882813115913981
Walker2d-v5,vanilla,20,damping,out_of_support,1.0,0.0,1.0359711132195333
Walker2d-v5,vanilla,21,damping,out_of_support,0.9895116571247276,0.0,0.9630903305162608
Walker2d-v5,vanilla,22,damping,out_of_support,0.9701654523506885,0.0,0.8829192030329369
Walker2d-v5,vanilla,23,damping,out_of_support,0.9863242928835698,0.0,0.9845775677384546
Walker2d-v5,vanilla,24,damping,out_of_support,0.8873435768135821,0.0,0.8183602703684455
Walker2d-v5,vanilla,25,damping,out_of_support,1.0,0.0,1.1237426237832615
Walker2d-v5,vanilla,6,mass,direct_support,0.44600174105879764,0.5714285714285714,0.03820783153016973
Walker2d-v5,vanilla,7,mass,direct_support,0.34912472619947704,0.7142857142857143,0.015708110181291868
Walker2d-v5,vanilla,8,mass,direct_support,0.3511938879674022,0.6428571428571429,0.06031700708313557
Walker2d-v5,vanilla,9,mass,direct_support,0.4212309086683029,0.6428571428571429,0.05380375339643742
Walker2d-v5,vanilla,10,mass,direct_support,0.5664188472151391,0.42857142857142855,0.054099515899898955
Walker2d-v5,vanilla,11,mass,direct_support,0.5277718080729282,0.5714285714285714,0.038005022679165036
Walker2d-v5,vanilla,12,mass,direct_support,0.47181610357987375,0.5,0.04944611702911872
Walker2d-v5,vanilla,13,mass,direct_support,0.6137911062169025,0.35714285714285715,0.07539748919292237
Walker2d-v5,vanilla,14,mass,direct_support,0.23691978414826775,0.8571428571428571,0.036965763040669265
Walker2d-v5,vanilla,15,mass,direct_support,0.5126945021856623,0.5,0.04720736581303312
Walker2d-v5,vanilla,16,mass,direct_support,0.5060096916789789,0.5,0.05062498490871129
Walker2d-v5,vanilla,17,mass,direct_support,0.5678997533183369,0.42857142857142855,0.06576218623300951
Walker2d-v5,vanilla,18,mass,direct_support,0.5727673825335519,0.42857142857142855,0.05794083735467611
Walker2d-v5,vanilla,19,mass,direct_support,0.45097245339913145,0.5,0.016739794123764303
Walker2d-v5,vanilla,20,mass,direct_support,0.48494039807420225,0.5,0.060470608574703634
Walker2d-v5,vanilla,21,mass,direct_support,0.5883987024552921,0.35714285714285715,0.04465523544740871
Walker2d-v5,vanilla,22,mass,direct_support,0.5653750313935453,0.42857142857142855,0.0306117337057793
Walker2d-v5,vanilla,23,mass,direct_support,0.5311211820560515,0.42857142857142855,0.05876586430509249
Walker2d-v5,vanilla,24,mass,direct_support,0.43315468649304895,0.5714285714285714,0.03355507612341324
Walker2d-v5,vanilla,25,mass,direct_support,0.5194976033112452,0.5,0.05010686287061242
Walker2d-v5,vanilla,26,mass,direct_support,0.5773760841374787,0.42857142857142855,0.04958989997458644
Walker2d-v5,vanilla,27,mass,direct_support,0.4150813074548109,0.5714285714285714,0.029887860749477062
Walker2d-v5,vanilla,28,mass,direct_support,0.6462216849118205,0.42857142857142855,0.08254248134471547
Walker2d-v5,vanilla,29,mass,direct_support,0.511876163019904,0.5,0.05025651298277622
Walker2d-v5,vanilla,30,mass,direct_support,0.37068159934294626,0.7142857142857143,0.04021263780916838
Walker2d-v5,vanilla,31,mass,direct_support,0.4501038201370712,0.6428571428571429,0.04238477112532004
Walker2d-v5,vanilla,32,mass,direct_support,0.5540175318057715,0.42857142857142855,0.016861218943034398
Walker2d-v5,vanilla,33,mass,direct_support,0.45236387284571766,0.5714285714285714,0.06309607246673432
Walker2d-v5,vanilla,34,mass,direct_support,0.5270055435031056,0.42857142857142855,0.041209721417877376
Walker2d-v5,vanilla,35,mass,direct_support,0.5008479642249168,0.5714285714285714,0.04706234990714536
Walker2d-v5,klprho0,6,mass,direct_support,0.5649748791864595,0.5,0.06780022014793832
Walker2d-v5,klprho0,7,mass,direct_support,0.5722497604553108,0.42857142857142855,0.0544929402351129
Walker2d-v5,klprho0,8,mass,direct_support,0.6839220057380331,0.35714285714285715,0.0761626170038573
Walker2d-v5,klprho0,9,mass,direct_support,0.5255109276529683,0.42857142857142855,0.03197339893884873
Walker2d-v5,klprho0,10,mass,direct_support,0.34713182660202857,0.6428571428571429,0.0660802498331179
Walker2d-v5,klprho0,11,mass,direct_support,0.5918639833969014,0.42857142857142855,0.06213355051809873
Walker2d-v5,klprho0,12,mass,direct_support,0.7784546826374005,0.2857142857142857,0.17947520376717171
Walker2d-v5,klprho0,13,mass,direct_support,0.5199144062698423,0.5714285714285714,0.08386843735948966
Walker2d-v5,klprho0,14,mass,direct_support,0.4391411956943562,0.6428571428571429,0.049586059401154854
Walker2d-v5,klprho0,15,mass,direct_support,0.6189977954506064,0.35714285714285715,0.05334805516367763
Walker2d-v5,klprho0,16,mass,direct_support,0.5791558286619113,0.42857142857142855,0.0705510045129192
Walker2d-v5,klprho0,17,mass,direct_support,0.5518740254843597,0.42857142857142855,0.05377506868358559
Walker2d-v5,klprho0,18,mass,direct_support,0.43913745451326747,0.6428571428571429,0.04696421294551306
Walker2d-v5,klprho0,19,mass,direct_support,0.48010146241129753,0.5,0.06437978938143216
Walker2d-v5,klprho0,20,mass,direct_support,0.5825463400227304,0.42857142857142855,0.039845424890836194
Walker2d-v5,klprho0,21,mass,direct_support,0.5609029933454458,0.5,0.041456095779967755
Walker2d-v5,klprho0,22,mass,direct_support,0.6203295771613878,0.35714285714285715,0.02018214731077117
Walker2d-v5,klprho0,23,mass,direct_support,0.5059311282711728,0.5714285714285714,0.034265692081723455
Walker2d-v5,klprho0,24,mass,direct_support,0.5134243040732598,0.5,0.07543691297706817
Walker2d-v5,klprho0,25,mass,direct_support,0.4136291870113964,0.7142857142857143,0.03247457605734471
Walker2d-v5,klprho0,26,mass,direct_support,0.5674634245835376,0.42857142857142855,0.04569218659626586
Walker2d-v5,klprho0,27,mass,direct_support,0.42661624437197887,0.5714285714285714,0.054659283771690444
Walker2d-v5,klprho0,28,mass,direct_support,0.4575307468212679,0.5714285714285714,0.05240139675503677
Walker2d-v5,klprho0,29,mass,direct_support,0.35644626916963745,0.7142857142857143,0.050947883933579435
Walker2d-v5,klprho0,30,mass,direct_support,0.5595919665975042,0.35714285714285715,0.04486219266472783
Walker2d-v5,klprho0,31,mass,direct_support,0.42079527085248297,0.5714285714285714,0.033212825437245914
Walker2d-v5,klprho0,32,mass,direct_support,0.5140474327108627,0.42857142857142855,0.03162535951478905
Walker2d-v5,klprho0,33,mass,direct_support,0.5049464370971442,0.5,0.062418861581139407
Walker2d-v5,klprho0,34,mass,direct_support,0.3185171189193737,0.7142857142857143,0.03946320022242871
Walker2d-v5,klprho0,35,mass,direct_support,0.7299776651158669,0.2857142857142857,0.13201336676743358
Walker2d-v5,vanilla,26,damping,out_of_support,1.0,0.0,1.1140250156646543
Walker2d-v5,vanilla,27,damping,out_of_support,0.9153387994944153,0.0,0.9025877829891159
Walker2d-v5,vanilla,28,damping,out_of_support,1.0,0.0,1.2183174218309694
Walker2d-v5,vanilla,29,damping,out_of_support,1.0,0.0,1.0409203160719611
Walker2d-v5,vanilla,30,damping,out_of_support,1.0,0.0,1.0265367237268685
Walker2d-v5,vanilla,31,damping,out_of_support,0.9722797183337009,0.0,0.9697666591596826
Walker2d-v5,vanilla,32,damping,out_of_support,1.0,0.0,1.1105760237801343
Walker2d-v5,vanilla,33,damping,out_of_support,0.934384352727126,0.0,0.9153128914329319
Walker2d-v5,vanilla,34,damping,out_of_support,1.0,0.0,1.0560643038339703
Walker2d-v5,vanilla,35,damping,out_of_support,0.9785571894180554,0.0,0.9766071059223506
Walker2d-v5,klprho0p05,6,mass,direct_support,0.4136346034278398,0.6428571428571429,0.04923986010877555
Walker2d-v5,klprho0p05,7,mass,direct_support,0.019381692820749637,1.0,-0.0018719653136366548
Walker2d-v5,klprho0p05,8,mass,direct_support,0.40725354544755205,0.5714285714285714,0.05793657640149943
Walker2d-v5,klprho0p05,9,mass,direct_support,0.4226356270636985,0.5714285714285714,0.048761675023348335
Walker2d-v5,klprho0p05,10,mass,direct_support,0.4554470087696018,0.6428571428571429,0.051482005746790384
Walker2d-v5,klprho0p05,11,mass,direct_support,0.44425500003864116,0.5714285714285714,0.058984641647480095
Walker2d-v5,klprho0p05,12,mass,direct_support,0.5597460199922852,0.42857142857142855,0.051603370196246307
Walker2d-v5,klprho0p05,13,mass,direct_support,0.22046942602065706,0.8571428571428571,0.033014393807800274
Walker2d-v5,klprho0p05,14,mass,direct_support,0.5349479369481778,0.35714285714285715,0.06842650366377749
Walker2d-v5,klprho0p05,15,mass,direct_support,0.5071053840143721,0.5714285714285714,0.07452362692679351
Walker2d-v5,klprho0p05,16,mass,direct_support,0.4213818057193413,0.6428571428571429,0.054677167393101744
Walker2d-v5,klprho0p05,17,mass,direct_support,0.5064781435267163,0.5,0.03139442194659943
Walker2d-v5,klprho0p05,18,mass,direct_support,0.5158949189229312,0.42857142857142855,0.06577951901619151
Walker2d-v5,klprho0p05,19,mass,direct_support,0.15703039113311296,1.0,0.01757644507360566
Walker2d-v5,klprho0p05,20,mass,direct_support,0.1945672012105649,1.0,0.019333314385117702
Walker2d-v5,klprho0p05,21,mass,direct_support,0.40155187537719245,0.5714285714285714,0.05516329680007844
Walker2d-v5,klprho0p05,22,mass,direct_support,0.5974208969622591,0.42857142857142855,0.04798467359564943
Walker2d-v5,klprho0p05,23,mass,direct_support,0.5797963723695123,0.42857142857142855,0.048774668656809315
Walker2d-v5,klprho0p05,24,mass,direct_support,0.37952721690024865,0.6428571428571429,0.049109519008445936
Walker2d-v5,klprho0p05,25,mass,direct_support,0.8210121216498523,0.14285714285714285,0.2433356411756981
Walker2d-v5,klprho0p05,26,mass,direct_support,0.4573289118893769,0.5,0.041594563611116235
Walker2d-v5,klprho0p05,27,mass,direct_support,0.5945399083095956,0.5,0.09991074600479573
Walker2d-v5,klprho0p05,28,mass,direct_support,0.418688041235058,0.5714285714285714,0.027993138850545274
Walker2d-v5,klprho0p05,29,mass,direct_support,0.3662940074397935,0.6428571428571429,0.03487131125095249
Walker2d-v5,klprho0p05,30,mass,direct_support,0.4870688769179197,0.5714285714285714,0.05470946004455859
Walker2d-v5,klprho0p05,31,mass,direct_support,0.6606403921970772,0.35714285714285715,0.05529233038652256
Walker2d-v5,klprho0p05,32,mass,direct_support,0.518989713714944,0.5,0.07543235474282285
Walker2d-v5,klprho0p05,33,mass,direct_support,0.49052790502239557,0.5714285714285714,0.0787103718351108
Walker2d-v5,klprho0p05,34,mass,direct_support,0.4270072353755043,0.5714285714285714,0.04428993558296892
Walker2d-v5,klprho0p05,35,mass,direct_support,0.5344257615429663,0.5,0.05076991239249177
Walker2d-v5,vanilla,6,foot_left_actuator_gain,related_physics,0.43717683061065826,0.5333333333333333,0.04507872406130018
Walker2d-v5,vanilla,7,foot_left_actuator_gain,related_physics,0.5482603563543011,0.4,0.11221019222115232
Walker2d-v5,vanilla,8,foot_left_actuator_gain,related_physics,0.6849501499109352,0.13333333333333333,0.3690006233722705
Walker2d-v5,vanilla,9,foot_left_actuator_gain,related_physics,0.874802971762113,0.06666666666666667,0.6532944273891562
Walker2d-v5,vanilla,10,foot_left_actuator_gain,related_physics,0.6395854313407805,0.4,0.06862405733733104
Walker2d-v5,vanilla,11,foot_left_actuator_gain,related_physics,0.5764504061779671,0.4666666666666667,0.06627864485780498
Walker2d-v5,vanilla,12,foot_left_actuator_gain,related_physics,0.44502311008437617,0.5333333333333333,0.05024970971592723
Walker2d-v5,vanilla,13,foot_left_actuator_gain,related_physics,0.5687785577098636,0.5333333333333333,0.09099603411745438
Walker2d-v5,vanilla,14,foot_left_actuator_gain,related_physics,0.22275403360232734,0.8666666666666667,0.07371710641230587
Walker2d-v5,vanilla,15,foot_left_actuator_gain,related_physics,0.7250111038880217,0.26666666666666666,0.2512968284870198
Walker2d-v5,vanilla,16,foot_left_actuator_gain,related_physics,0.4755042416741738,0.5333333333333333,0.04979153131779864
Walker2d-v5,vanilla,17,foot_left_actuator_gain,related_physics,0.6306980263777029,0.3333333333333333,0.0771235995747881
Walker2d-v5,vanilla,18,foot_left_actuator_gain,related_physics,0.8365162666511983,0.2,0.22761857627772955
Walker2d-v5,vanilla,19,foot_left_actuator_gain,related_physics,0.46307709096570093,0.4666666666666667,0.04580937945461627
Walker2d-v5,vanilla,20,foot_left_actuator_gain,related_physics,0.5394426588022762,0.4666666666666667,0.07012270541568288
Walker2d-v5,vanilla,21,foot_left_actuator_gain,related_physics,0.565097270923505,0.4666666666666667,0.0683508144420701
Walker2d-v5,vanilla,22,foot_left_actuator_gain,related_physics,0.7283485793343734,0.26666666666666666,0.12829344161995052
Walker2d-v5,vanilla,23,foot_left_actuator_gain,related_physics,0.4793884815706218,0.5333333333333333,0.046693275657300644
Walker2d-v5,vanilla,24,foot_left_actuator_gain,related_physics,0.4050249435456961,0.5333333333333333,0.049250131006563745
Walker2d-v5,vanilla,25,foot_left_actuator_gain,related_physics,0.7370106813475519,0.26666666666666666,0.21607881332855464
Walker2d-v5,vanilla,26,foot_left_actuator_gain,related_physics,0.5775276111375346,0.4666666666666667,0.06201378335578569
Walker2d-v5,vanilla,27,foot_left_actuator_gain,related_physics,0.4584469650505768,0.5333333333333333,0.08162175929810792
Walker2d-v5,vanilla,28,foot_left_actuator_gain,related_physics,0.86542122899761,0.06666666666666667,0.4217608625302589
Walker2d-v5,vanilla,29,foot_left_actuator_gain,related_physics,0.8463635800026665,0.2,0.2548937332865918
Walker2d-v5,vanilla,30,foot_left_actuator_gain,related_physics,0.489508139803789,0.5333333333333333,0.0946767802545289
Walker2d-v5,vanilla,31,foot_left_actuator_gain,related_physics,0.46974892306712934,0.5333333333333333,0.05956003764259724
Walker2d-v5,vanilla,32,foot_left_actuator_gain,related_physics,0.5808283670391853,0.4666666666666667,0.085995624008062
Walker2d-v5,vanilla,33,foot_left_actuator_gain,related_physics,0.8650977200382197,0.06666666666666667,0.5806293138757493
Walker2d-v5,vanilla,34,foot_left_actuator_gain,related_physics,0.937230074027507,0.06666666666666667,0.6969767485011215
Walker2d-v5,vanilla,35,foot_left_actuator_gain,related_physics,0.6505684154441844,0.3333333333333333,0.12705185970968577
Walker2d-v5,vanilla,6,foot_left_damping,out_of_support,1.0,0.0,1.0078249251069842
Walker2d-v5,vanilla,7,foot_left_damping,out_of_support,0.9601284233191091,0.0,0.9563047069331034
Walker2d-v5,vanilla,8,foot_left_damping,out_of_support,0.7708589264723261,0.0,0.7698707817071342
Walker2d-v5,vanilla,9,foot_left_damping,out_of_support,0.9375730599104412,0.0,0.9365580054468027
Walker2d-v5,vanilla,10,foot_left_damping,out_of_support,1.0,0.0,1.1382839063039738
Walker2d-v5,vanilla,11,foot_left_damping,out_of_support,1.0,0.0,1.0254235228803543
Walker2d-v5,vanilla,12,foot_left_damping,out_of_support,0.9852772357255354,0.0,0.9836676318372519
Walker2d-v5,vanilla,13,foot_left_damping,out_of_support,1.0,0.0,1.0664143809844526
Walker2d-v5,vanilla,14,foot_left_damping,out_of_support,1.0,0.0,1.0143075655684959
Walker2d-v5,vanilla,15,foot_left_damping,out_of_support,0.9233610539960112,0.0,0.9113204410923735
Walker2d-v5,vanilla,16,foot_left_damping,out_of_support,0.9612704370345454,0.0,0.9609062639409655
Walker2d-v5,vanilla,17,foot_left_damping,out_of_support,0.9434472687437397,0.0,0.9413257861397141
Walker2d-v5,vanilla,18,foot_left_damping,out_of_support,1.0,0.0,1.225911187205439
Walker2d-v5,vanilla,19,foot_left_damping,out_of_support,0.891070324898293,0.0,0.889880509159772
Walker2d-v5,vanilla,20,foot_left_damping,out_of_support,1.0,0.0,1.0591130427521815
Walker2d-v5,vanilla,21,foot_left_damping,out_of_support,1.0,0.0,1.001558790034042
Walker2d-v5,vanilla,22,foot_left_damping,out_of_support,0.9734958523543799,0.0,0.920891209682848
Walker2d-v5,vanilla,23,foot_left_damping,out_of_support,0.9943732914637908,0.0,0.9930009317270695
Walker2d-v5,vanilla,24,foot_left_damping,out_of_support,0.9155719306822289,0.0,0.8591889420178295
Walker2d-v5,vanilla,25,foot_left_damping,out_of_support,1.0,0.0,1.1551583883901249
Walker2d-v5,vanilla,26,foot_left_damping,out_of_support,1.0,0.0,1.1257022549579734
Walker2d-v5,vanilla,27,foot_left_damping,out_of_support,0.9197536534693543,0.0,0.8977259791396502
Walker2d-v5,vanilla,28,foot_left_damping,out_of_support,1.0,0.0,1.2259405838862119
Walker2d-v5,vanilla,29,foot_left_damping,out_of_support,1.0,0.0,1.0555108696255013
Walker2d-v5,vanilla,30,foot_left_damping,out_of_support,1.0,0.0,1.031366927973163
Walker2d-v5,vanilla,31,foot_left_damping,out_of_support,0.9798993576923744,0.0,0.9769612398849024
Walker2d-v5,vanilla,32,foot_left_damping,out_of_support,1.0,0.0,1.1225559654070536
Walker2d-v5,vanilla,33,foot_left_damping,out_of_support,0.9424076937698588,0.0,0.9248761551523992
Walker2d-v5,vanilla,34,foot_left_damping,out_of_support,1.0,0.0,1.0660427806503456
Walker2d-v5,vanilla,35,foot_left_damping,out_of_support,0.9872429018409878,0.0,0.9848068043260071
Walker2d-v5,vanilla,6,foot_left_friction,out_of_support,0.8116965822542563,0.2,0.17450741333100805
Walker2d-v5,vanilla,7,foot_left_friction,out_of_support,0.8277876255040593,0.13333333333333333,0.36628496847678643
Walker2d-v5,vanilla,8,foot_left_friction,out_of_support,0.7712264825758268,0.0,0.7702543491422603
Walker2d-v5,vanilla,9,foot_left_friction,out_of_support,0.9375564897517226,0.0,0.9311072882419081
Walker2d-v5,vanilla,10,foot_left_friction,out_of_support,0.9455295619568421,0.06666666666666667,0.7732445786276362
Walker2d-v5,vanilla,11,foot_left_friction,out_of_support,1.0,0.0,1.0413958622851835
Walker2d-v5,vanilla,12,foot_left_friction,out_of_support,0.824697336925457,0.2,0.22750293458329576
Walker2d-v5,vanilla,13,foot_left_friction,out_of_support,0.9430671680700341,0.06666666666666667,0.7341871403791561
Walker2d-v5,vanilla,14,foot_left_friction,out_of_support,0.8776619432916758,0.13333333333333333,0.39018380150178383
Walker2d-v5,vanilla,15,foot_left_friction,out_of_support,0.9092851553680085,0.0,0.8479224235102301
Walker2d-v5,vanilla,16,foot_left_friction,out_of_support,0.7986713182943989,0.2,0.20562595637373834
Walker2d-v5,vanilla,17,foot_left_friction,out_of_support,0.8882769808495197,0.06666666666666667,0.6839020753033278
Walker2d-v5,vanilla,18,foot_left_friction,out_of_support,0.9605046768328641,0.06666666666666667,0.8985658582612759
Walker2d-v5,vanilla,19,foot_left_friction,out_of_support,0.7343071831842687,0.2,0.1984810443997013
Walker2d-v5,vanilla,20,foot_left_friction,out_of_support,0.9162706012948142,0.06666666666666667,0.6920038591544357
Walker2d-v5,vanilla,21,foot_left_friction,out_of_support,0.9684343255913301,0.0,0.9024155836261558
Walker2d-v5,vanilla,22,foot_left_friction,out_of_support,0.9761117326100693,0.0,0.8941294222197537
Walker2d-v5,vanilla,23,foot_left_friction,out_of_support,0.9173411229525053,0.0,0.7028489390900093
Walker2d-v5,vanilla,24,foot_left_friction,out_of_support,0.8416523136359009,0.0,0.7456614697117684
Walker2d-v5,vanilla,25,foot_left_friction,out_of_support,0.9737092932281268,0.0,0.8772202743971932
Walker2d-v5,vanilla,26,foot_left_friction,out_of_support,0.9918906835459171,0.0,1.0165543462402387
Walker2d-v5,vanilla,27,foot_left_friction,out_of_support,0.7374378075855051,0.2,0.21807511403796861
Walker2d-v5,vanilla,28,foot_left_friction,out_of_support,0.9999610086429708,0.0,1.1165364299746197
Walker2d-v5,vanilla,29,foot_left_friction,out_of_support,0.9939117699474308,0.0,0.981386112240668
Walker2d-v5,vanilla,30,foot_left_friction,out_of_support,0.7904187656798395,0.13333333333333333,0.3762812885060987
Walker2d-v5,vanilla,31,foot_left_friction,out_of_support,0.8388480657168574,0.13333333333333333,0.30122411022100243
Walker2d-v5,vanilla,32,foot_left_friction,out_of_support,0.9616999684007088,0.06666666666666667,0.8480029499974924
Walker2d-v5,vanilla,33,foot_left_friction,out_of_support,0.9412246976500604,0.0,0.9253335180003336
Walker2d-v5,vanilla,34,foot_left_friction,out_of_support,1.0,0.0,1.0663567035558088
Walker2d-v5,vanilla,35,foot_left_friction,out_of_support,0.9357655956041724,0.06666666666666667,0.7236341024244718
Walker2d-v5,vanilla,6,leg_left_actuator_gain,related_physics,0.8227286474587507,0.2,0.1825359521563601
Walker2d-v5,vanilla,7,leg_left_actuator_gain,related_physics,0.836599738902787,0.13333333333333333,0.4235959849748317
Walker2d-v5,vanilla,8,leg_left_actuator_gain,related_physics,0.7015036821229591,0.13333333333333333,0.454138080021353
Walker2d-v5,vanilla,9,leg_left_actuator_gain,related_physics,0.8114985055899838,0.13333333333333333,0.3318547979070586
Walker2d-v5,vanilla,10,leg_left_actuator_gain,related_physics,0.7603314986217194,0.26666666666666666,0.24487345652158551
Walker2d-v5,vanilla,11,leg_left_actuator_gain,related_physics,0.8518643405310773,0.13333333333333333,0.38671977929613094
Walker2d-v5,vanilla,12,leg_left_actuator_gain,related_physics,0.8283379028756522,0.2,0.21405221253897033
Walker2d-v5,vanilla,13,leg_left_actuator_gain,related_physics,0.9081956501047046,0.06666666666666667,0.6077656480377867
Walker2d-v5,vanilla,14,leg_left_actuator_gain,related_physics,0.7569970269071006,0.26666666666666666,0.12098787896794871
Walker2d-v5,vanilla,15,leg_left_actuator_gain,related_physics,0.762334265078356,0.26666666666666666,0.31427163109561845
Walker2d-v5,vanilla,16,leg_left_actuator_gain,related_physics,0.7927360368672384,0.2,0.17245748112452855
Walker2d-v5,vanilla,17,leg_left_actuator_gain,related_physics,0.8396397210763434,0.13333333333333333,0.4599012167684882
Walker2d-v5,vanilla,18,leg_left_actuator_gain,related_physics,0.8940047036268872,0.13333333333333333,0.5158757795114064
Walker2d-v5,vanilla,19,leg_left_actuator_gain,related_physics,0.7408161034296452,0.2,0.21495383445106028
Walker2d-v5,vanilla,20,leg_left_actuator_gain,related_physics,0.8768777553740091,0.13333333333333333,0.388436062701798
Walker2d-v5,vanilla,21,leg_left_actuator_gain,related_physics,0.9029171707716453,0.06666666666666667,0.5573866223937921
Walker2d-v5,vanilla,22,leg_left_actuator_gain,related_physics,0.6945732196136051,0.3333333333333333,0.16634826977874798
Walker2d-v5,vanilla,23,leg_left_actuator_gain,related_physics,0.8925655329026455,0.06666666666666667,0.53853368115764
Walker2d-v5,vanilla,24,leg_left_actuator_gain,related_physics,0.5048953533848938,0.4666666666666667,0.014029521688858274
Walker2d-v5,vanilla,25,leg_left_actuator_gain,related_physics,0.7327517176464658,0.3333333333333333,0.11924317599479789
Walker2d-v5,vanilla,26,leg_left_actuator_gain,related_physics,0.9231640239514183,0.06666666666666667,0.6160818955085692
Walker2d-v5,vanilla,27,leg_left_actuator_gain,related_physics,0.744596531475869,0.2,0.1950692069887133
Walker2d-v5,vanilla,28,leg_left_actuator_gain,related_physics,0.7684686863766222,0.26666666666666666,0.10963901485659676
Walker2d-v5,vanilla,29,leg_left_actuator_gain,related_physics,0.8478791565352878,0.13333333333333333,0.40331824496082436
Walker2d-v5,vanilla,30,leg_left_actuator_gain,related_physics,0.8792520162132871,0.13333333333333333,0.43230033624779046
Walker2d-v5,vanilla,31,leg_left_actuator_gain,related_physics,0.6829738031191186,0.3333333333333333,0.12865526834838986
Walker2d-v5,vanilla,32,leg_left_actuator_gain,related_physics,0.8815625972220683,0.13333333333333333,0.42441914823101956
Walker2d-v5,vanilla,33,leg_left_actuator_gain,related_physics,0.8755635805511266,0.06666666666666667,0.6597570667941096
Walker2d-v5,vanilla,34,leg_left_actuator_gain,related_physics,0.9162188653428475,0.06666666666666667,0.5810943267142376
Walker2d-v5,vanilla,35,leg_left_actuator_gain,related_physics,0.8806756333399106,0.06666666666666667,0.5255099252208395
Walker2d-v5,vanilla,6,leg_left_damping,out_of_support,1.0,0.0,1.0005880485126932
Walker2d-v5,vanilla,7,leg_left_damping,out_of_support,0.9527720476096041,0.0,0.9497242433510835
Walker2d-v5,vanilla,8,leg_left_damping,out_of_support,0.7645261471950533,0.0,0.7633582559427127
Walker2d-v5,vanilla,9,leg_left_damping,out_of_support,0.9302464531305785,0.0,0.9297176586869648
Walker2d-v5,vanilla,10,leg_left_damping,out_of_support,1.0,0.0,1.1277418510197135
Walker2d-v5,vanilla,11,leg_left_damping,out_of_support,1.0,0.0,1.0242144820782813
Walker2d-v5,vanilla,12,leg_left_damping,out_of_support,0.9778883367072712,0.0,0.9768513326155513
Walker2d-v5,vanilla,13,leg_left_damping,out_of_support,1.0,0.0,1.0573951078577335
Walker2d-v5,vanilla,14,leg_left_damping,out_of_support,1.0,0.0,1.0046730660314551
Walker2d-v5,vanilla,15,leg_left_damping,out_of_support,0.9120395004031583,0.0,0.8966746658106389
Walker2d-v5,vanilla,16,leg_left_damping,out_of_support,0.9528510514342654,0.0,0.9525434120624916
Walker2d-v5,vanilla,17,leg_left_damping,out_of_support,0.9340786719827324,0.0,0.9333037117113777
Walker2d-v5,vanilla,18,leg_left_damping,out_of_support,1.0,0.0,1.2164242454488383
Walker2d-v5,vanilla,19,leg_left_damping,out_of_support,0.8839618123796031,0.0,0.8834422678466357
Walker2d-v5,vanilla,20,leg_left_damping,out_of_support,1.0,0.0,1.0514286379303608
Walker2d-v5,vanilla,21,leg_left_damping,out_of_support,0.9971577090036923,0.0,0.9954405469661046
Walker2d-v5,vanilla,22,leg_left_damping,out_of_support,0.9621815056597754,0.0,0.8955760390545974
Walker2d-v5,vanilla,23,leg_left_damping,out_of_support,0.9856855698753705,0.0,0.9848523727497686
Walker2d-v5,vanilla,24,leg_left_damping,out_of_support,0.8705598784181713,0.0,0.8672015722683915
Walker2d-v5,vanilla,25,leg_left_damping,out_of_support,1.0,0.0,1.1333979463044885
Walker2d-v5,vanilla,26,leg_left_damping,out_of_support,1.0,0.0,1.1147074409804743
Walker2d-v5,vanilla,27,leg_left_damping,out_of_support,0.9015860532832043,0.0,0.8626841178602348
Walker2d-v5,vanilla,28,leg_left_damping,out_of_support,1.0,0.0,1.2172049068511959
Walker2d-v5,vanilla,29,leg_left_damping,out_of_support,1.0,0.0,1.0445144427957513
Walker2d-v5,vanilla,30,leg_left_damping,out_of_support,0.9986693462575951,0.0,1.01199274179844
Walker2d-v5,vanilla,31,leg_left_damping,out_of_support,0.9730985597465129,0.0,0.9701671344131513
Walker2d-v5,vanilla,32,leg_left_damping,out_of_support,1.0,0.0,1.1135414492110136
Walker2d-v5,vanilla,33,leg_left_damping,out_of_support,0.9348851238068024,0.0,0.9196530217259141
Walker2d-v5,vanilla,34,leg_left_damping,out_of_support,1.0,0.0,1.0563333415676475
Walker2d-v5,vanilla,35,leg_left_damping,out_of_support,0.9784899645452944,0.0,0.9750938583730239
Walker2d-v5,vanilla,6,thigh_left_actuator_gain,related_physics,0.7257694975753715,0.26666666666666666,0.11863811410678131
Walker2d-v5,vanilla,7,thigh_left_actuator_gain,related_physics,0.7184654927071027,0.26666666666666666,0.3544891298644977
Walker2d-v5,vanilla,8,thigh_left_actuator_gain,related_physics,0.7310864125232109,0.0,0.640860407153747
Walker2d-v5,vanilla,9,thigh_left_actuator_gain,related_physics,0.8661795328904855,0.06666666666666667,0.641936379603233
Walker2d-v5,vanilla,10,thigh_left_actuator_gain,related_physics,0.7627590605353999,0.2,0.13310137134591238
Walker2d-v5,vanilla,11,thigh_left_actuator_gain,related_physics,0.7824430738274117,0.2,0.15324656512148185
Walker2d-v5,vanilla,12,thigh_left_actuator_gain,related_physics,0.7409309206485806,0.3333333333333333,0.21790543436216556
Walker2d-v5,vanilla,13,thigh_left_actuator_gain,related_physics,0.8465533960761827,0.13333333333333333,0.37642889269772645
Walker2d-v5,vanilla,14,thigh_left_actuator_gain,related_physics,0.7200319926426769,0.3333333333333333,0.13039311399254558
Walker2d-v5,vanilla,15,thigh_left_actuator_gain,related_physics,0.6536580211552916,0.26666666666666666,0.21800985439463516
Walker2d-v5,vanilla,16,thigh_left_actuator_gain,related_physics,0.7256754855426413,0.26666666666666666,0.11976843878803774
Walker2d-v5,vanilla,17,thigh_left_actuator_gain,related_physics,0.7178388393700968,0.26666666666666666,0.1882167558200388
Walker2d-v5,vanilla,18,thigh_left_actuator_gain,related_physics,0.8398644278668278,0.2,0.23738343261546047
Walker2d-v5,vanilla,19,thigh_left_actuator_gain,related_physics,0.6795359740063289,0.26666666666666666,0.23178841497560385
Walker2d-v5,vanilla,20,thigh_left_actuator_gain,related_physics,0.859583014080658,0.13333333333333333,0.31779041567031996
Walker2d-v5,vanilla,21,thigh_left_actuator_gain,related_physics,0.8735418424846538,0.06666666666666667,0.493838561079544
Walker2d-v5,vanilla,22,thigh_left_actuator_gain,related_physics,0.7312599502579206,0.2,0.2275723497603145
Walker2d-v5,vanilla,23,thigh_left_actuator_gain,related_physics,0.7547542207787288,0.26666666666666666,0.1877813425351098
Walker2d-v5,vanilla,24,thigh_left_actuator_gain,related_physics,0.4953220462770315,0.5333333333333333,0.03076690166082163
Walker2d-v5,vanilla,25,thigh_left_actuator_gain,related_physics,0.6211153903253478,0.4,0.11384225814302673
Walker2d-v5,vanilla,26,thigh_left_actuator_gain,related_physics,0.7480417711266033,0.26666666666666666,2.1003744245642262e-05
Walker2d-v5,vanilla,27,thigh_left_actuator_gain,related_physics,0.6349144242882006,0.3333333333333333,0.09680895734378614
Walker2d-v5,vanilla,28,thigh_left_actuator_gain,related_physics,0.8276200296941265,0.2,0.22321372973030676
Walker2d-v5,vanilla,29,thigh_left_actuator_gain,related_physics,0.8410874899910027,0.2,0.20986724457149056
Walker2d-v5,vanilla,30,thigh_left_actuator_gain,related_physics,0.7262866202393513,0.3333333333333333,0.20577895192621565
Walker2d-v5,vanilla,31,thigh_left_actuator_gain,related_physics,0.5936608638330598,0.4,0.053309885541240144
Walker2d-v5,vanilla,32,thigh_left_actuator_gain,related_physics,0.8197071983575294,0.2,0.2229540046273061
Walker2d-v5,vanilla,33,thigh_left_actuator_gain,related_physics,0.6253745559586186,0.3333333333333333,-0.0001228011967003847
Walker2d-v5,vanilla,34,thigh_left_actuator_gain,related_physics,0.8975959693424128,0.06666666666666667,0.5139075794824196
Walker2d-v5,vanilla,35,thigh_left_actuator_gain,related_physics,0.8269923338498443,0.13333333333333333,0.4635015203705736
Walker2d-v5,vanilla,6,thigh_left_damping,out_of_support,0.9997099985532099,0.0,0.9985499927660495
Walker2d-v5,vanilla,7,thigh_left_damping,out_of_support,0.9521478063942672,0.0,0.9491522654815626
Walker2d-v5,vanilla,8,thigh_left_damping,out_of_support,0.7648298644882867,0.0,0.7634401035065405
Walker2d-v5,vanilla,9,thigh_left_damping,out_of_support,0.9302811915608838,0.0,0.929431210185832
Walker2d-v5,vanilla,10,thigh_left_damping,out_of_support,1.0,0.0,1.129808773287537
Walker2d-v5,vanilla,11,thigh_left_damping,out_of_support,1.0,0.0,1.0139192189976616
Walker2d-v5,vanilla,12,thigh_left_damping,out_of_support,0.9779025196470865,0.0,0.976295227590876
Walker2d-v5,vanilla,13,thigh_left_damping,out_of_support,1.0,0.0,1.0531329453815406
Walker2d-v5,vanilla,14,thigh_left_damping,out_of_support,1.0,0.0,1.004967100355721
Walker2d-v5,vanilla,15,thigh_left_damping,out_of_support,0.9152986346858116,0.0,0.9046638581912229
Walker2d-v5,vanilla,16,thigh_left_damping,out_of_support,0.9529409283532841,0.0,0.9522897700992313
Walker2d-v5,vanilla,17,thigh_left_damping,out_of_support,0.9353222672143352,0.0,0.9337904303090486
Walker2d-v5,vanilla,18,thigh_left_damping,out_of_support,1.0,0.0,1.2165671250120766
Walker2d-v5,vanilla,19,thigh_left_damping,out_of_support,0.8841803994006746,0.0,0.8837458848867836
Walker2d-v5,vanilla,20,thigh_left_damping,out_of_support,1.0,0.0,1.0508548150397337
Walker2d-v5,vanilla,21,thigh_left_damping,out_of_support,0.9971370067020311,0.0,0.9951857989438099
Walker2d-v5,vanilla,22,thigh_left_damping,out_of_support,0.9567297238360398,0.0,0.8523691393709081
Walker2d-v5,vanilla,23,thigh_left_damping,out_of_support,0.9863363319109493,0.0,0.9848157552919893
Walker2d-v5,vanilla,24,thigh_left_damping,out_of_support,0.9011194220073111,0.0,0.8713043755833779
Walker2d-v5,vanilla,25,thigh_left_damping,out_of_support,1.0,0.0,1.1435816626612991
Walker2d-v5,vanilla,26,thigh_left_damping,out_of_support,1.0,0.0,1.1156407398089947
Walker2d-v5,vanilla,27,thigh_left_damping,out_of_support,0.9033844075134397,0.0,0.8523674292370981
Walker2d-v5,vanilla,28,thigh_left_damping,out_of_support,1.0,0.0,1.2190613157987078
Walker2d-v5,vanilla,29,thigh_left_damping,out_of_support,1.0,0.0,1.0479984708838095
Walker2d-v5,vanilla,30,thigh_left_damping,out_of_support,0.9973594506228366,0.0,0.9956847784853841
Walker2d-v5,vanilla,31,thigh_left_damping,out_of_support,0.9723271189681747,0.0,0.9696908246474756
Walker2d-v5,vanilla,32,thigh_left_damping,out_of_support,1.0,0.0,1.113991131022659
Walker2d-v5,vanilla,33,thigh_left_damping,out_of_support,0.9342433577016453,0.0,0.9142541901030575
Walker2d-v5,vanilla,34,thigh_left_damping,out_of_support,1.0,0.0,1.057192157344623
Walker2d-v5,vanilla,35,thigh_left_damping,out_of_support,0.9790550572541236,0.0,0.9771448674850888
Walker2d-v5,klprho0,6,foot_left_actuator_gain,related_physics,0.5860335962346849,0.4666666666666667,0.11536936006067673
Walker2d-v5,klprho0,7,foot_left_actuator_gain,related_physics,0.5262281867335951,0.4666666666666667,0.06796461057256666
Walker2d-v5,klprho0,8,foot_left_actuator_gain,related_physics,0.7008437430592139,0.3333333333333333,0.13157668567627448
Walker2d-v5,klprho0,9,foot_left_actuator_gain,related_physics,0.5370235130139972,0.4666666666666667,0.06958546634551514
Walker2d-v5,klprho0,10,foot_left_actuator_gain,related_physics,0.34896975779890316,0.6,0.08754395056351988
Walker2d-v5,klprho0,11,foot_left_actuator_gain,related_physics,0.5837448047895423,0.4666666666666667,0.0757423576101302
Walker2d-v5,klprho0,12,foot_left_actuator_gain,related_physics,0.6900799803106139,0.3333333333333333,0.042292692302548285
Walker2d-v5,klprho0,13,foot_left_actuator_gain,related_physics,0.7808181538247805,0.13333333333333333,0.27384419120798326
Walker2d-v5,klprho0,14,foot_left_actuator_gain,related_physics,0.8644787635490652,0.13333333333333333,0.32239381774532533
Walker2d-v5,klprho0,15,foot_left_actuator_gain,related_physics,0.800511935647877,0.2,0.21264071120612135
Walker2d-v5,klprho0,16,foot_left_actuator_gain,related_physics,0.9590375049642379,0.06666666666666667,0.8460188032116571
Walker2d-v5,klprho0,17,foot_left_actuator_gain,related_physics,0.6330083491456192,0.4,0.08349954052399193
Walker2d-v5,klprho0,18,foot_left_actuator_gain,related_physics,0.6745339986430708,0.3333333333333333,0.11270112868510496
Walker2d-v5,klprho0,19,foot_left_actuator_gain,related_physics,0.5265024963989469,0.4666666666666667,0.08337542670721693
Walker2d-v5,klprho0,20,foot_left_actuator_gain,related_physics,0.5365590920797139,0.4666666666666667,0.08184048477908808
Walker2d-v5,klprho0,21,foot_left_actuator_gain,related_physics,0.7296884046459311,0.3333333333333333,0.14299200355296166
Walker2d-v5,klprho0,22,foot_left_actuator_gain,related_physics,0.8536539553997994,0.13333333333333333,0.3796209430252186
Walker2d-v5,klprho0,23,foot_left_actuator_gain,related_physics,0.5139436921629758,0.5333333333333333,0.055101027781837696
Walker2d-v5,klprho0,24,foot_left_actuator_gain,related_physics,0.4154543535625803,0.6,0.05502060806193702
Walker2d-v5,klprho0,25,foot_left_actuator_gain,related_physics,0.5547903016195405,0.4666666666666667,0.07468210419322412
Walker2d-v5,klprho0,26,foot_left_actuator_gain,related_physics,0.7793069325874942,0.26666666666666666,0.19433600398597328
Walker2d-v5,klprho0,27,foot_left_actuator_gain,related_physics,0.4175353473812791,0.6,0.07546954430366903
Walker2d-v5,klprho0,28,foot_left_actuator_gain,related_physics,0.7361413829699244,0.26666666666666666,0.23267040376061288
Walker2d-v5,klprho0,29,foot_left_actuator_gain,related_physics,0.9312497593048813,0.06666666666666667,0.6727541211430732
Walker2d-v5,klprho0,30,foot_left_actuator_gain,related_physics,0.876518627718839,0.13333333333333333,0.40977313443933766
Walker2d-v5,klprho0,31,foot_left_actuator_gain,related_physics,0.8989623462299412,0.06666666666666667,0.6758100203177345
Walker2d-v5,klprho0,32,foot_left_actuator_gain,related_physics,0.6623173408386317,0.3333333333333333,0.04976751087191181
Walker2d-v5,klprho0,33,foot_left_actuator_gain,related_physics,0.5513964318992876,0.4666666666666667,0.06026722646244079
Walker2d-v5,klprho0,34,foot_left_actuator_gain,related_physics,0.39249947936515944,0.5333333333333333,0.07996187874501298
Walker2d-v5,klprho0,35,foot_left_actuator_gain,related_physics,0.8762724679909379,0.13333333333333333,0.41247416272830145
Walker2d-v5,klprho0,6,foot_left_damping,out_of_support,1.0,0.0,1.0775137938276445
Walker2d-v5,klprho0,7,foot_left_damping,out_of_support,1.0,0.0,1.1094433433515842
Walker2d-v5,klprho0,8,foot_left_damping,out_of_support,1.0,0.0,1.1493520159432247
Walker2d-v5,klprho0,9,foot_left_damping,out_of_support,0.9860679126574574,0.0,0.9849992773763211
Walker2d-v5,klprho0,10,foot_left_damping,out_of_support,0.5884817469585343,0.06666666666666667,0.5114010535731338
Walker2d-v5,klprho0,11,foot_left_damping,out_of_support,0.9850585876350837,0.0,0.9598390891846181
Walker2d-v5,klprho0,12,foot_left_damping,out_of_support,1.0,0.0,1.3827948617636825
Walker2d-v5,klprho0,13,foot_left_damping,out_of_support,0.9944321605712297,0.0,0.9748532941277829
Walker2d-v5,klprho0,14,foot_left_damping,out_of_support,1.0,0.0,1.1511933535473735
Walker2d-v5,klprho0,15,foot_left_damping,out_of_support,1.0,0.0,1.216694615455315
Walker2d-v5,klprho0,16,foot_left_damping,out_of_support,1.0,0.0,1.1438554261210054
Walker2d-v5,klprho0,17,foot_left_damping,out_of_support,0.9908227275413369,0.0,0.9618190098105845
Walker2d-v5,klprho0,18,foot_left_damping,out_of_support,1.0,0.0,1.0472809089380897
Walker2d-v5,klprho0,19,foot_left_damping,out_of_support,0.9641998518640142,0.0,0.9618072032960784
Walker2d-v5,klprho0,20,foot_left_damping,out_of_support,0.9986702085096488,0.0,0.9993265116618882
Walker2d-v5,klprho0,21,foot_left_damping,out_of_support,1.0,0.0,1.3858155042642315
Walker2d-v5,klprho0,22,foot_left_damping,out_of_support,1.0,0.0,1.2652639874518006
Walker2d-v5,klprho0,23,foot_left_damping,out_of_support,1.0,0.0,1.015199513744362
Walker2d-v5,klprho0,24,foot_left_damping,out_of_support,0.8854840726496512,0.0,0.8835709979388296
Walker2d-v5,klprho0,25,foot_left_damping,out_of_support,0.912602546156995,0.0,0.8524478924739016
Walker2d-v5,klprho0,26,foot_left_damping,out_of_support,0.9859786096424457,0.0,0.9370063842150564
Walker2d-v5,klprho0,27,foot_left_damping,out_of_support,0.9781960747398705,0.0,0.9749605188189944
Walker2d-v5,klprho0,28,foot_left_damping,out_of_support,0.9914062260561877,0.0,0.9649277194990282
Walker2d-v5,klprho0,29,foot_left_damping,out_of_support,1.0,0.0,1.0630918264648626
Walker2d-v5,klprho0,30,foot_left_damping,out_of_support,1.0,0.0,1.02143691764287
Walker2d-v5,klprho0,31,foot_left_damping,out_of_support,0.958471016491044,0.0,0.9511553171558415
Walker2d-v5,klprho0,32,foot_left_damping,out_of_support,1.0,0.0,1.0751836531554135
Walker2d-v5,klprho0,33,foot_left_damping,out_of_support,0.9917093161543401,0.0,0.9600458976801866
Walker2d-v5,klprho0,34,foot_left_damping,out_of_support,0.9361692467069995,0.0,0.9342303702668803
Walker2d-v5,klprho0,35,foot_left_damping,out_of_support,1.0,0.0,1.2745102131346764
